time,uav2_fused_error,uav3_fused_error,uav4_fused_error,uav5_fused_error,uav6_fused_error
0.0,0.007013203226596688,0.005322064779852823,0.00045627556415051517,0.0028015465698710365,0.004588528893782799
0.05,0.013992717738443194,0.004539776549969138,0.0015757408420351959,0.010884246498649415,0.008738829234908315
0.1,0.02118630816474695,0.007621925492483203,0.013555917205243151,0.01576903785635244,0.008224889330523491
0.15000000000000002,0.028444996863927357,0.011625480335486413,0.02351294680161495,0.02525445361042059,0.009622413471595979
0.2,0.030961265298980568,0.016597610871052312,0.028502119971133402,0.02611267593187875,0.014550080229405878
0.25,0.02833913233843274,0.024498285321572704,0.034451665060584356,0.03182824276045449,0.012708638390270886
0.30000000000000004,0.03123630991929654,0.023297840441382712,0.03943499205856336,0.030884467608494223,0.019066285567223437
0.35000000000000003,0.03432658337219088,0.025272535687995003,0.04591671892688802,0.03575325561894668,0.013283974016213682
0.4,0.03757323913136386,0.025898502991273574,0.04924653585293,0.033539457545831895,0.019246465216883734
0.45,0.04340696306006657,0.02925946226551473,0.04850464282514633,0.028694055065039803,0.02194465466419048
0.5,0.047479190852300845,0.03587540779324894,0.05777504570537565,0.035555475329032846,0.02412141472959461
0.55,0.05175326223211733,0.038164483327946815,0.06076882360496776,0.04027220989703722,0.025205456282278733
0.6000000000000001,0.05890947216168337,0.030549694326511504,0.06219949024838263,0.03353969000720194,0.029071239889635787
0.65,0.06123810592954431,0.03292746222079687,0.06863692436280512,0.03988492625729453,0.03311095849497471
0.7000000000000001,0.062351535904077396,0.040871352829433785,0.07379074604921136,0.03861291494134302,0.031280735535836046
0.75,0.06610466503446585,0.03968564711025472,0.08158058323830068,0.037509234056902194,0.032138956615891015
0.8,0.06562263491485203,0.0369316330179727,0.09812510896707553,0.04790172733545599,0.0397111232470852
0.8500000000000001,0.06886522646525972,0.03543351740461982,0.10060668756281521,0.05848932013463514,0.045789918414215175
0.9,0.06790561844109126,0.03730339473931116,0.10036986308980708,0.05280104399802914,0.04929427917594936
0.9500000000000001,0.06500883484574725,0.0418851089358175,0.10207183380802472,0.06341815692221102,0.05071114515574857
1.0,0.07608595101041342,0.046449153619446217,0.1126361112944418,0.06694360730597763,0.04571499957503678
1.05,0.08395101435270065,0.049446723792595994,0.11879735443602216,0.06642467801788543,0.04029098933064862
1.1,0.0898824975721437,0.04164719258199721,0.12047740108359092,0.06764099102532906,0.04559356482358363
1.1500000000000001,0.09444363350263466,0.04438176612335515,0.11973124210195721,0.06891541577461384,0.04785464359378302
1.2000000000000002,0.09419111603516148,0.030529020453236383,0.11615771354373264,0.06612779139454499,0.03964196512787099
1.25,0.09811238574321554,0.029704799171926807,0.12296584846216335,0.0672793054960239,0.04274373079863595
1.3,0.1009599864071849,0.03717777607840029,0.1314511041922837,0.07483502767197968,0.04199846339554764
1.35,0.10446599715336614,0.029711177929571817,0.13331594779704128,0.08525871170938829,0.0390096361698894
1.4000000000000001,0.10597059415671312,0.03313832188514701,0.13583487369785058,0.08571292731656241,0.04720607231617447
1.4500000000000002,0.11296652278631207,0.029218282055809112,0.1366278222640523,0.09216264052831312,0.048496321937900586
1.5,0.12209586804789177,0.02466038614373743,0.14101181070874244,0.08788296545880571,0.05388539994355399
1.55,0.12713165706148596,0.02913859213201522,0.1448793175920187,0.09458624187660189,0.06073800809661458
1.6,0.13522568255721412,0.03353160006402028,0.13710716889549807,0.09429745819890518,0.058177247197948874
1.6500000000000001,0.13678169274711738,0.03918109582461027,0.13667346656015397,0.09779031046979068,0.0496992785458885
1.7000000000000002,0.1349206445129171,0.035796857873029976,0.1328588452793231,0.1004676306835164,0.060499424999055085
1.75,0.12918806577748906,0.043617939524360064,0.14343304770040238,0.10228847404125446,0.06625520516188227
1.8,0.12964779426378342,0.03979720080848223,0.14505872294082328,0.10863416441745594,0.06248720073467846
1.85,0.13403235197452665,0.04530157811652299,0.15368964197885132,0.10921422860927926,0.05829956351845225
1.9000000000000001,0.13049584589996666,0.04331599984922137,0.1516213884241369,0.1015748026066754,0.05916242018945188
1.9500000000000002,0.1330899976803465,0.04557995620889689,0.1588011709074634,0.10296121789035673,0.06602041379644323
2.0,0.128796162877603,0.03964017778744434,0.16442912132859167,0.10281050674935624,0.06619012566974089
2.0500000000000003,0.12401558563713,0.046398929014687444,0.1729479235335513,0.10660992880828005,0.07157961120586794
2.1,0.11938775222345599,0.040221277253995685,0.17402977293130126,0.10328052824427324,0.06097205697103208
2.15,0.11942003897433506,0.03884450989640769,0.17357912574697817,0.09706850119399055,0.055041995310071
2.2,0.11454746310033062,0.03564999835618942,0.18185192282278495,0.09618232615126124,0.039142073865645485
2.25,0.11657570317846476,0.04014080962268721,0.18537380627994765,0.09994251298571082,0.03690261725571959
2.3000000000000003,0.1159430671165208,0.04682351775707094,0.18555140913489437,0.10310594805899259,0.04271820546735407
2.35,0.12229265825708904,0.05161048025984266,0.1864156400910807,0.09125972924022972,0.041622397788575086
2.4000000000000004,0.12257196592384224,0.04599289577761725,0.19372298893282844,0.09640260686519182,0.03909264635537362
2.45,0.12732637673145675,0.04382169049306493,0.19139765460699024,0.0946141965799757,0.028764448590063846
2.5,0.12760409590086666,0.05040672232046558,0.18939775252682176,0.09393270256652513,0.021110017694121765
2.5500000000000003,0.12334650326692588,0.04953439554385129,0.19617224763468388,0.09939638752013653,0.026562287479948432
2.6,0.11434549796690024,0.046669802921309046,0.19931943779988423,0.09931581544686273,0.025240403547874633
2.6500000000000004,0.11143463286270941,0.044234365550561656,0.20157336586409094,0.10821095450661258,0.02963285239689807
2.7,0.10846872474933525,0.04373882092961201,0.20463536210910047,0.10835062609221002,0.0288867867450751
2.75,0.10072572033830245,0.04034458192687736,0.20955037335968152,0.10369095432300707,0.03961827055486436
2.8000000000000003,0.09783909561575001,0.05107024224832854,0.21464360200866744,0.1051523696199337,0.039680334426051275
2.85,0.09589287893428555,0.05046180891612393,0.21371814215137613,0.1106993852220769,0.038082576910296005
2.9000000000000004,0.08766847597009135,0.05685440099238113,0.21806954549734103,0.11073561124427679,0.038980410726952935
2.95,0.08542418730230274,0.04718618817736628,0.21592295001203557,0.10727129024001635,0.03800494960084211
3.0,0.07572289731430674,0.05250033931042313,0.22123026992722913,0.11424962129853643,0.03873608395263279
3.0500000000000003,0.0760205110790586,0.04685678863337351,0.22225191635854177,0.10809935943545074,0.039111550392292825
3.1,0.07054704328470526,0.05130806860777418,0.23035527862672692,0.1034277253780706,0.04682881233217916
3.1500000000000004,0.07343982692145647,0.046868707850046286,0.22644576878726286,0.10866957192155725,0.04078920476921988
3.2,0.07154214548067599,0.044894979990315456,0.22707207904739052,0.10803560772332528,0.048725723764341845
3.25,0.05678305931204359,0.051476611955195435,0.2228997233912333,0.11002768171179424,0.04394094166057863
3.3000000000000003,0.057151676673023816,0.05274302103690714,0.21966459733814045,0.10922322342495448,0.05473868189564926
3.35,0.05775169444292436,0.05258923671387292,0.2289930282818517,0.10311310968528736,0.05425610895853242
3.4000000000000004,0.04986212087505519,0.0411820846113984,0.22187854778668212,0.10459830671310948,0.051987563755870506
3.45,0.04521840227689169,0.043246493746241614,0.22534748789493106,0.10261229121609149,0.05422068917213219
3.5,0.04277067326759713,0.04564759649043684,0.22224030355307506,0.10071978514405319,0.0550395679834893
3.5500000000000003,0.04357451113324769,0.04714978741119004,0.22740698430984002,0.10691139702834081,0.05187953111722177
3.6,0.03697522051209615,0.04865669490913064,0.2269581369209364,0.10682445300780957,0.056371303691016006
3.6500000000000004,0.03763332145640542,0.04560080676400614,0.22411074502067344,0.10357348595746435,0.05422179383308223
3.7,0.03344222015936439,0.054567618224507675,0.2244210235312947,0.10303798802228215,0.05777374812448744
3.75,0.03410767437258527,0.05645283688518179,0.2206232519269432,0.10567194153162328,0.049032480549811505
3.8000000000000003,0.040461832449928126,0.05352572482400458,0.215982881010464,0.09797301018622663,0.05396183056873282
3.85,0.040230558080529735,0.049517567960309816,0.21373863384086955,0.10130000334584288,0.05923953233115103
3.9000000000000004,0.03750679018769123,0.046497588858858546,0.21727076481296653,0.10175408630470713,0.055317912663609484
3.95,0.038723515852425366,0.051950070621027064,0.21556765436309108,0.10220557326863466,0.05093446518209241
4.0,0.045790699398833595,0.05326620545606206,0.21486436024245253,0.10858997740635364,0.04383028835401533
4.05,0.04764076769059194,0.05602536349224873,0.22020055202599773,0.11412218374832266,0.04138234628413673
4.1000000000000005,0.04954760476293235,0.054979966581701956,0.22813454457723,0.11343565094490103,0.03790214790092354
4.15,0.05300571944156778,0.05817744046530982,0.23628269652545814,0.10389607144012351,0.033363963723392606
4.2,0.05580780484520578,0.06397116461981721,0.23173764107071276,0.10416138377942477,0.02708827132712522
4.25,0.06498545265330748,0.05842497352199173,0.23237887008648223,0.09918951668010373,0.030792087069815854
4.3,0.062453170301353965,0.056102640407590124,0.22984240507122286,0.0854101972324642,0.03216448878690649
4.3500000000000005,0.07579597649655526,0.05876710987053464,0.23046451249818448,0.08713414808417376,0.03944748587934083
4.4,0.08696711168867025,0.05629461721195993,0.22964131532337584,0.09081333350795275,0.030341120711340104
4.45,0.09266982820283683,0.05106087056172773,0.22756998769725184,0.0827152159384539,0.029694668502025057
4.5,0.10969600423287743,0.05490970575475206,0.22171637899689225,0.08080424135692636,0.029933973576885722
4.55,0.11658062340438016,0.0520727309108338,0.22562250473269524,0.08576650203443188,0.024056575908825505
4.6000000000000005,0.11758079147971673,0.06191909349626032,0.22479103006092593,0.07689051982048548,0.03315830935635923
4.65,0.12304901102793074,0.05179825694804351,0.22280911347176388,0.08188097031333352,0.03475091778418791
4.7,0.12901923815315747,0.05607159136536295,0.21988819634610193,0.0826632570059538,0.03549619289036075
4.75,0.13232342400660146,0.06002466081692805,0.2226205351234268,0.08567398059889074,0.03911079755910549
4.800000000000001,0.13608861801916852,0.061857847545562505,0.22758175704529734,0.0720994039296516,0.04741188536651266
4.8500000000000005,0.1366905262908167,0.057445425764311935,0.22415810116383958,0.07576690655001864,0.06237595349251783
4.9,0.13489943508816463,0.053753782407689014,0.21818528809517268,0.07405093837652908,0.052916310399448864
4.95,0.1314691390591172,0.04649567898338575,0.2115402066282634,0.06725469770948929,0.05401941279788388
5.0,0.13550230162518215,0.050485907782670036,0.2050132645858056,0.06361271566061986,0.051503514147509415
5.050000000000001,0.1413113155130538,0.044558508039540264,0.1973747668162715,0.06304667276195648,0.05375048377010823
5.1000000000000005,0.1417781464466787,0.04715848649608525,0.19157908582132438,0.06693663795157188,0.058448082411365114
5.15,0.13910287587207906,0.05788518418642352,0.1849240800958807,0.0596664950464806,0.06742760677198083
5.2,0.1423899916824652,0.056143617842704135,0.18302545241867813,0.05696522982498333,0.06950711707437024
5.25,0.14808624472813794,0.05530504694388344,0.1797084480752892,0.06200014155237658,0.07253422976573885
5.300000000000001,0.1592714330101599,0.05377227344343679,0.18200726245869808,0.05617785550756498,0.08038490509684906
5.3500000000000005,0.16701090371407137,0.05683902244873833,0.17243901545113183,0.0556943904663296,0.07911142681705126
5.4,0.16770461138057308,0.061390408698774074,0.1677164740602437,0.05833237424061878,0.06490388785386503
5.45,0.17189009894290624,0.06467347642884956,0.16069492660258708,0.05609713916579045,0.0733126967347036
5.5,0.1724574333219962,0.0648914379660998,0.15537325403095265,0.058832391550402714,0.08077775832677853
5.550000000000001,0.1747195407348687,0.06659995795492592,0.15244895794806748,0.05779244044546042,0.08232235619534037
5.6000000000000005,0.1775120815454302,0.06904604936480799,0.15509473073250285,0.06062198694868213,0.08114672697194625
5.65,0.1707833259180923,0.06682004457199914,0.15931836785604941,0.04654269309219581,0.08438428263617904
5.7,0.17118184177227666,0.06341287157774718,0.15713786627092025,0.0493010826762948,0.08710952737426658
5.75,0.17069817839987203,0.06814143695748535,0.15795460878442175,0.04733754409414145,0.09537113372134644
5.800000000000001,0.1685297191998359,0.06447173615392972,0.15191783732693356,0.045722877093630994,0.10083922659566094
5.8500000000000005,0.1684288177191757,0.0600638758105103,0.15460738912115027,0.04327335223790401,0.09678866065931403
5.9,0.17077553921295197,0.06475972227228209,0.14895790266508396,0.05456617142800283,0.09892032868373755
5.95,0.17177529879093972,0.07046283793696656,0.13728383344269196,0.06381682056601115,0.11486930313769915
6.0,0.17461015974505645,0.06643765996427282,0.12948821309563385,0.05307286540447626,0.11922960942393165
6.050000000000001,0.1710120487066772,0.07041771545011657,0.1276858168553848,0.04591351521501312,0.1124689596716941
6.1000000000000005,0.16921094582118382,0.07565993621744255,0.12199342694904973,0.0449627583711856,0.11780006074050331
6.15,0.1673337502459536,0.06397092955850772,0.11221245267654521,0.05048837886394135,0.11884573323471095
6.2,0.16533986097441014,0.06215606575643936,0.1041286793657017,0.04488055120367751,0.12857732802040892
6.25,0.16208925005875477,0.06147828647196006,0.09936288777542115,0.03950063384321098,0.1293026666294578
6.300000000000001,0.16104114544934303,0.05691181732286812,0.09399669021081243,0.030173390594207213,0.13025621884077795
6.3500000000000005,0.15945906504936036,0.062195378184740316,0.08647125180590906,0.03140022506942003,0.139786253539011
6.4,0.1556024214794879,0.06223608924940775,0.08116841092562235,0.025823896182302106,0.14371426807190354
6.45,0.15305002737712595,0.05717783455956495,0.06718558993097118,0.026584473025969984,0.14278389211732206
6.5,0.14871174032200737,0.055817884534204075,0.04971904888635031,0.03384176062218924,0.13766043989339175
6.550000000000001,0.1447328609745846,0.056586290089192214,0.04279966585700291,0.034274857231184175,0.14397159497710582
6.6000000000000005,0.1484578202857272,0.05795864971667967,0.04223823587568155,0.02857904602979925,0.1506248822518775
6.65,0.1476028887742407,0.05675604903645274,0.035027500919693234,0.03827512523649545,0.15178174998847477
6.7,0.14525094878449135,0.06293616286664416,0.027060101772980905,0.023445719008309062,0.15512782156858312
6.75,0.14392321539539535,0.061602851946577435,0.029567557536261824,0.022847277744908183,0.1691393003205888
6.800000000000001,0.1417315398185614,0.06228006082961797,0.0332446128992509,0.02822818541291654,0.17486126830975685
6.8500000000000005,0.13855539309778298,0.05391823323593778,0.04404752928247536,0.023358223161514716,0.17996340618720716
6.9,0.13020486602620976,0.04799994861146346,0.04433691357985782,0.02345169800049917,0.17240227961688923
6.95,0.12813755132233742,0.0519923857078077,0.043920718286978876,0.03177853137669245,0.16623980485380324
7.0,0.1149848545555294,0.05044803905073425,0.05197526279998772,0.03161840940247612,0.173967959843901
7.050000000000001,0.11204410094749717,0.04581415014857243,0.05479878857789746,0.036278376621604026,0.17057494470272325
7.1000000000000005,0.1105255369818152,0.043779492855674576,0.05248967430859679,0.03095511919556529,0.1697314282550559
7.15,0.09824486686384673,0.04858691351358923,0.05994909736235062,0.024743560097811843,0.17329956107821123
7.2,0.09134325048780209,0.041163770957091735,0.07300165721115057,0.023243663190048915,0.19433117666061428
7.25,0.08187538565241533,0.04196113569571006,0.08771547696896449,0.03248618651852858,0.19037803671792633
7.300000000000001,0.07035035181662125,0.043127786791273576,0.08859025029344156,0.02858202927527552,0.19272485619305968
7.3500000000000005,0.06779222211748288,0.03648726441185095,0.09098398438689054,0.02879577292544065,0.20322533044765945
7.4,0.07081125488489072,0.03795685006733951,0.09128919474661418,0.03091048790821232,0.1991199948543215
7.45,0.06959255510187581,0.034239461412343644,0.09707155224152973,0.027129664537555685,0.20582686472665201
7.5,0.0679795535662764,0.03423460964733509,0.10108625893533783,0.02428339873635539,0.19633317471498005
7.550000000000001,0.06379599769113815,0.03160325403736617,0.10971033066770122,0.018271749822227634,0.201118957448549
7.6000000000000005,0.06874838017571265,0.03279097355289916,0.12072029659696089,0.021570401401111387,0.20278907103031074
7.65,0.06700666832268613,0.026950912451865754,0.12603364016616908,0.03069940378916793,0.21190737426833212
7.7,0.06843649027344618,0.03268497572447861,0.14319485533066414,0.02192757903314119,0.21821393654409604
7.75,0.067847632750411,0.029011502683590203,0.14912797452493776,0.01900477325885957,0.2204620343275683
7.800000000000001,0.06974016865601271,0.020218894484880772,0.16127324493805353,0.015310635724769523,0.22106558310939636
7.8500000000000005,0.065411303967881,0.01605319603983134,0.16533884940073929,0.019786336099541803,0.223490819274042
7.9,0.07451354184662116,0.010795223786470723,0.17265915991140304,0.014855218715483128,0.23247721571862714
7.95,0.07879589720530611,0.019126880905504563,0.17440979181846006,0.000982003279226926,0.2379656351830844
8.0,0.08074042763276251,0.022299592834523405,0.17879764872011703,0.00219196181781573,0.23913709904185132
8.05,0.08480963270121243,0.018139462148335773,0.18300991835454797,0.009913271137112156,0.24905373078452428
8.1,0.08324747739839532,0.01837445003166911,0.19522976357669375,0.017600810255457615,0.24759981722842664
8.15,0.08943451629646224,0.017565128044586813,0.19676460877168025,0.014843817310612753,0.25718762876222095
8.200000000000001,0.09275899813461648,0.016750599411512815,0.20449399518808356,0.02016000223569054,0.25982407085101844
8.25,0.09826410700386294,0.02408482376062954,0.21023621736977036,0.021391236927483567,0.26316630152572656
8.3,0.099621351299473,0.026517074241339256,0.2178913578692882,0.02972640088388637,0.26252346907445373
8.35,0.1098280008434253,0.024505347348413854,0.22613712860250731,0.023137116416440905,0.27517800844500606
8.4,0.11325574575082226,0.03552901880657465,0.23672574919329753,0.02773562588823939,0.27277733960897155
8.450000000000001,0.11863862038739327,0.03027043049040926,0.2446285108636243,0.033428447198477554,0.28243514672778613
8.5,0.1307260793969132,0.03222009892869716,0.257085446152517,0.031985161897683696,0.2925607638389079
8.55,0.13048322132517373,0.03468892118587006,0.2648791128399052,0.02619703825462024,0.2983762243812337
8.6,0.13807612040038075,0.036136374204352936,0.2616946472895767,0.034367669190702096,0.29627327845220475
8.65,0.13999537581427693,0.04361160984785867,0.27126252811662666,0.03637842130354789,0.2961577104940231
8.700000000000001,0.14121691476168358,0.04386082082480567,0.2765677765293627,0.037563288520812615,0.29683210876423405
8.75,0.14981366474546418,0.042192952200759415,0.2752073186713373,0.034631848517150315,0.3000329143425381
8.8,0.1493706111938873,0.043904914086049136,0.28329227919663547,0.033696808470787584,0.3108036160415843
8.85,0.1584715730143043,0.03353197495934605,0.29679658367431333,0.03963343678919178,0.3163623869093617
8.9,0.1684251391484513,0.045036055861481586,0.30403450909754587,0.034740309739299334,0.32102222072059855
8.950000000000001,0.16722816670542756,0.05423826464657124,0.3039772592979802,0.037492278552884374,0.31830600138231846
9.0,0.1737714056434945,0.05510550286957997,0.3102066220154655,0.04072771082978138,0.31222360095909857
9.05,0.18126242524608377,0.0491906558850978,0.3070325438611885,0.04229852567038285,0.31326441493091306
9.1,0.17982375413385812,0.049786744501640015,0.30756157786273364,0.04745117636897546,0.30828599500229414
9.15,0.18279179933521977,0.04973387952530884,0.3097476628377022,0.03847216505691596,0.30709568744462473
9.200000000000001,0.18796317051672912,0.04640979482028527,0.3087892014385308,0.049003124747893395,0.31161080461148777
9.25,0.18808845722101078,0.04685581455627101,0.3156579548306219,0.06214387054800593,0.3142892308126725
9.3,0.19574807085838256,0.05236472920654705,0.31401169792467537,0.06763910745777142,0.3237630932268798
9.35,0.1946330235350627,0.050361354303067235,0.309461000572517,0.06076699317238328,0.31171734820700825
9.4,0.1978924378928867,0.04731980960946311,0.3145821810618235,0.05529000211601552,0.3063983847691852
9.450000000000001,0.1939777137606416,0.05325220823931283,0.32269254423637483,0.05367987742377209,0.3107530719005517
9.5,0.20058849808685436,0.06084645279313504,0.3209942144014891,0.05243586549370844,0.3180340458339939
9.55,0.1986255471349257,0.05793806723097539,0.32264545144168694,0.058841723341937026,0.3186124251817503
9.600000000000001,0.1949292307664982,0.06336656260680497,0.31822918386606375,0.05459009872733875,0.32126766404614576
9.65,0.18944350903147159,0.05473566883265523,0.32326326529266847,0.056281035856164396,0.3319822831397082
9.700000000000001,0.19320088419095013,0.04232758337940185,0.33671669467639165,0.05680695217644138,0.3430038401332902
9.75,0.19984770156584808,0.043835983823976396,0.3408766485616976,0.049443625847167536,0.3516118597994273
9.8,0.1986429902226425,0.05001696017537141,0.3434655321731361,0.06513834858788177,0.36231085323223094
9.850000000000001,0.19840027699604446,0.05993329162921322,0.342358686667418,0.06889182801777644,0.37545626816252453
9.9,0.1901388562207093,0.07148472629958391,0.3418402759506716,0.07374989791800174,0.38400389122373874
9.950000000000001,0.19090438185099406,0.07648407604647471,0.33891189638247093,0.09061892165031973,0.3904160703945572
10.0,0.1886160022006837,0.07918283363812015,0.33452987810388013,0.09094789924498241,0.39116579142243546
10.05,0.1879997316861155,0.0780281140579931,0.33774038128206707,0.0918787683885893,0.3981554248088584
10.100000000000001,0.18771924767398987,0.08743939863314462,0.3302093763852495,0.09117179074215702,0.3977596044903216
10.15,0.1919340537335694,0.08428871244834708,0.32644178546046976,0.09193488669363949,0.39700694837145617
10.200000000000001,0.18940014924413212,0.08587644088728172,0.3234398342091912,0.09571885637862172,0.39501894358548806
10.25,0.1860728743568621,0.09754916636491999,0.32135944797506855,0.09200435354754817,0.3940968805865186
10.3,0.18197314458930594,0.10000005559970672,0.31849873351136715,0.09661820414164035,0.3921905351203392
10.350000000000001,0.18112947266378499,0.1023484961148236,0.3120345096618192,0.09824732863917982,0.3855830489973001
10.4,0.17556989625702565,0.1001129733153797,0.3078232680370197,0.09119710382062512,0.3848032365695816
10.450000000000001,0.1748401699074105,0.09956215647525396,0.303347704700887,0.09369697814021437,0.3833650781373583
10.5,0.1719682643086321,0.1088511739566974,0.3035180920933106,0.09555473880950059,0.3872597444480037
10.55,0.16826759732127247,0.109771749728423,0.2945956826599187,0.1030234380490378,0.38648252380815357
10.600000000000001,0.1692095586867113,0.11043499272368044,0.2886083655195642,0.09434419304748398,0.39383243889449343
10.65,0.1653597844285223,0.11237509551255358,0.2949373583016901,0.09911758624321758,0.3895852258408308
10.700000000000001,0.1648299384247874,0.12267119602051549,0.29462263073719064,0.10538472724635055,0.3918411735385383
10.75,0.16537373588810123,0.12181048035176696,0.2939681189525729,0.11241112722425249,0.4010616694512735
10.8,0.16342530675128414,0.12720509447560216,0.2870429716892076,0.1133631733165018,0.40187613675828343
10.850000000000001,0.1632301177771603,0.13660769241700588,0.28834892187431455,0.11957195958830921,0.4099350923375424
10.9,0.15885809479011795,0.1385746066224299,0.2857477597738176,0.1262180070518456,0.420480144055122
10.950000000000001,0.15368995859270346,0.14236446556745974,0.28574049118171846,0.12478468722517112,0.42071557401874293
11.0,0.14896407119819588,0.14012612330785967,0.2838472278476907,0.1265479736354676,0.4341389522127882
11.05,0.14491904457201693,0.15275334827444143,0.2746549464231589,0.12878489677620997,0.4394522656136527
11.100000000000001,0.13328195255527792,0.1528142413650922,0.2710526182850571,0.12601361839740383,0.436687681932437
11.15,0.12098102283215326,0.156212770621536,0.26253656193642655,0.13465169944311076,0.4444597150003834
11.200000000000001,0.10546775814553702,0.15012590394154907,0.25274946518541286,0.1328998516002248,0.44241680620882534
11.25,0.10426970286592041,0.15978070699781552,0.2395876054423755,0.12789724395619398,0.449510605753812
11.3,0.09816579772601501,0.17020954034545616,0.22563200259925678,0.12525081257834628,0.4532627653932805
11.350000000000001,0.09347055154902911,0.17843565905784325,0.21593250165856798,0.12177841423518743,0.446078732059195
11.4,0.0849821308156718,0.18120213777368296,0.20747629936192094,0.11887775335563046,0.4461161663348331
11.450000000000001,0.0790011654198359,0.18551961909343181,0.2021663377784732,0.1201567996807318,0.4424857803735035
11.5,0.0758557968432754,0.18424559686220968,0.1993988207241868,0.11986549814051511,0.4445856382979303
11.55,0.07456629657431821,0.19782888904809975,0.1954325335756855,0.136549485728602,0.44460210447690096
11.600000000000001,0.07193181952151552,0.20556059428123352,0.18734918889015262,0.13495130529659302,0.4552150296297111
11.65,0.0666281281757397,0.2085413912810113,0.1772366207397904,0.13018574380672948,0.4502867677928808
11.700000000000001,0.06461254115591174,0.206223428187421,0.16807288152558816,0.13675821464197474,0.4524382633173998
11.75,0.06197167622226523,0.20880947732065339,0.16066606986511364,0.1360546111935399,0.4541372673328588
11.8,0.04858497659056959,0.20781883023407854,0.15667684073230215,0.13869742168150093,0.45149639530077507
11.850000000000001,0.04500842031231563,0.20912316112184234,0.1466802311432493,0.12556467680980504,0.4536790218735802
11.9,0.046690044974412453,0.20880922125433643,0.1417165760932314,0.13286472141524683,0.452817688725967
11.950000000000001,0.03914291061504801,0.20921844347032378,0.1293966500820736,0.1327794692396098,0.4472153009950354
12.0,0.03423055164684199,0.21531629826363233,0.1346370226854214,0.1313730553194354,0.44736166829297574
12.05,0.028047489772632307,0.21718322228127382,0.13229899461248457,0.13452431525343891,0.44950399875928587
12.100000000000001,0.017444614755253596,0.2145316533813728,0.12806388380795355,0.14158092568535396,0.4526842303264601
12.15,0.016327448614134613,0.22236084284811017,0.12180294846136996,0.15294581468062723,0.45156239529114456
12.200000000000001,0.01573417525620889,0.23534620905712722,0.12128106913228903,0.1393413697185832,0.4630143355044135
12.25,0.00966258423333799,0.2360479587099234,0.11405755603004819,0.1531057773892233,0.4576861036107612
12.3,0.0020109465571560648,0.23507803021494575,0.11108957593064679,0.14702744717559005,0.46113302259923367
12.350000000000001,0.007259872314148117,0.23202852477203287,0.109194845972898,0.14173687683214867,0.4563194814394037
12.4,0.012704507677428836,0.2335319164073975,0.10438824066989821,0.15257088081934886,0.45674848857994055
12.450000000000001,0.013656153654215821,0.2387095591608261,0.10141389718250236,0.1482766875131957,0.45572774876762545
12.5,0.016211418613780098,0.23494903632225658,0.10414798480423379,0.14592520820440283,0.4511935638513696
12.55,0.02028630214331169,0.24152701149476352,0.11097162116445906,0.1510410655300338,0.4600501707234915
12.600000000000001,0.024486824450161447,0.2470078809678521,0.11266304499297797,0.15070733090659125,0.45446010798629205
12.65,0.033053094140593105,0.24432824535756661,0.10881078336300012,0.1539518909377142,0.4583400383079954
12.700000000000001,0.04116131294579589,0.2364423794148223,0.10440979122666778,0.156402129120255,0.45147999396359123
12.75,0.04964757935827325,0.2396133966119478,0.11056427798579915,0.14884987640884498,0.4545765108507137
12.8,0.0506194823482134,0.2366362888947449,0.11402603692133433,0.14716626449426554,0.44826172010078263
12.850000000000001,0.05390731602290825,0.24141906243519642,0.11791619763298201,0.14991826272401573,0.4396466481024176
12.9,0.058005266322933305,0.24577120152033863,0.12580796119858356,0.14920554146467233,0.43617496241092873
12.950000000000001,0.06332456281104622,0.24271981765506198,0.12696375232949433,0.15339530696306689,0.4328404101439328
13.0,0.07220202043563574,0.23849456241135678,0.133453632593604,0.15287614445957326,0.43540045513789116
13.05,0.08046467073945367,0.2381121833683081,0.14024587558229076,0.14403452927285393,0.4390971418531612
13.100000000000001,0.09108996184715025,0.24234202469389632,0.14987540184586665,0.1382577295998869,0.43014423943198565
13.15,0.10589108003421867,0.2389297420301683,0.1596017598733195,0.1447987078238097,0.42742983121180467
13.200000000000001,0.11658015044699786,0.2432585165195339,0.16675757368080643,0.15076113918693068,0.4190231479761828
13.25,0.1254980111682863,0.24973677531242044,0.17640962461371024,0.14743869874050183,0.4099438999956274
13.3,0.12665891044832361,0.25912423119731826,0.18268340135821642,0.14537961938095312,0.40680194884467874
13.350000000000001,0.13785337229052871,0.2536193551403757,0.1941036412091154,0.1476217072949068,0.4031346080564131
13.4,0.14193603221675694,0.256856819101326,0.21451346743216462,0.1533624525266224,0.3957246532928628
13.450000000000001,0.14412915743375526,0.2592185152995382,0.22719283324329445,0.15944850387895945,0.39024002188265866
13.5,0.14778820341386115,0.26308398810713984,0.23925231766318483,0.15854101497568746,0.3910149120568862
13.55,0.15351255070566597,0.2650193527484574,0.242935708902113,0.16050546758605294,0.3915191641739029
13.600000000000001,0.16635990363074635,0.258464513846908,0.2521409032425117,0.15690683426372923,0.390126428939113
13.65,0.17034151924926738,0.25612543435406554,0.2595527310838842,0.15667908667300043,0.3790780295228294
13.700000000000001,0.18397747480145676,0.25394495905238973,0.2661806050422738,0.1570848233144289,0.3764244306408761
13.75,0.18939590853176913,0.2512242024999566,0.27227142416018846,0.1624343705655551,0.37318189095096455
13.8,0.1891013534269986,0.2465900411869454,0.27651439523093835,0.15701283709032315,0.36370680166777614
13.850000000000001,0.19653904511482564,0.23951102402938187,0.2809046991006674,0.15753764176472249,0.36153722144514333
13.9,0.2029888475717793,0.24244877482756014,0.2926970732355339,0.15445714497413798,0.3641011228934414
13.950000000000001,0.2118222472369715,0.2429817746109512,0.3035635765856036,0.15975553837870898,0.3616811221099403
14.0,0.2107663670288017,0.2401380806497704,0.31066616961232824,0.15561402074574826,0.3554672676231175
14.05,0.21235679977659253,0.23029450121527692,0.31827227148328724,0.15492981041359752,0.35101888077243204
14.100000000000001,0.2148683640140921,0.2356752995753037,0.32390535614396415,0.15111292787012126,0.33973564047655774
14.15,0.22266422980822229,0.22754607001595745,0.32890752263734835,0.15468921503999952,0.3363428359359206
14.200000000000001,0.22961532550116343,0.22534070180359564,0.3317535072506714,0.1612624946725694,0.33142192461828024
14.25,0.2362781108759216,0.21710249805057186,0.34083925622475103,0.1603154772924639,0.3296917090034564
14.3,0.23385188377669722,0.21035545008203868,0.3486690705616627,0.1591842188116611,0.3327257036845971
14.350000000000001,0.23565205586364407,0.21979123921943597,0.3559822470352952,0.1665194298764106,0.32826851007433416
14.4,0.22962123625230357,0.21616327328459498,0.36353690268334565,0.17140521312265508,0.33247812446910585
14.450000000000001,0.2345402229874585,0.21713691115406825,0.37342816835604165,0.1673411381475082,0.33273726747123555
14.5,0.23474312708116635,0.21358689891057384,0.3788559305431531,0.17457170805867211,0.32188695341824086
14.55,0.24053580524220683,0.22188323758392614,0.38205162087966976,0.169226480111756,0.32223113041901
14.600000000000001,0.2398287652139316,0.21552053019712028,0.38377991118172644,0.17803656182457311,0.3115436025260367
14.65,0.24089769602402342,0.20709704758290437,0.3814129729742393,0.16987618717008157,0.2998856164285578
14.700000000000001,0.24033519719179394,0.20293617176401538,0.3767250057992579,0.15411422413562395,0.30362710600179627
14.75,0.23817423833625068,0.1991141665877366,0.37748949762845646,0.15363138114837863,0.28964845429389
14.8,0.23758354732068998,0.19280104754896712,0.38433269693935046,0.1519957409273845,0.2893759993553428
14.850000000000001,0.236299775228415,0.19242112688099233,0.38551839620687883,0.1494202394138975,0.29414287833397756
14.9,0.2385202040090462,0.18862835925902863,0.3873023938396503,0.14410098607222563,0.29244217566410824
14.950000000000001,0.23556307739482768,0.18554240430092406,0.38785761373964095,0.14414917740971647,0.2841091728485781
15.0,0.24629949786735852,0.189857259692553,0.3906957244280724,0.14349981920801366,0.28215795924307185
15.05,0.24530883506653614,0.18699896496280288,0.39514387896095055,0.14174736464766952,0.2672474406830677
15.100000000000001,0.2457484012435867,0.18057972773903372,0.392853130631748,0.13819590310259,0.25895217700332357
15.15,0.24241156965322594,0.17755198550367196,0.3933973262811345,0.13903963115358134,0.26479361642592375
15.200000000000001,0.24273407077455655,0.18042765912833972,0.39341605846369154,0.13107588625599756,0.26472033686873553
15.25,0.2410064801247789,0.17924144701211292,0.3942612223723754,0.13294934805684663,0.25753229911703146
15.3,0.23486738331658583,0.17698582845241967,0.4019781537555808,0.13467066067338013,0.2710965636598083
15.350000000000001,0.23122572391284663,0.17916789461859106,0.40575181979362884,0.12790124910713435,0.284081587368627
15.4,0.22585195391681714,0.17742909231225956,0.41137946890565497,0.13478085824316335,0.28057396994848005
15.450000000000001,0.22659719875743634,0.17763256115989234,0.4100676686082822,0.13486211761105632,0.2866158839077483
15.5,0.2259684735547403,0.17856624180904881,0.41377131110119036,0.1320962267732776,0.28194197977913954
15.55,0.21211315339643327,0.1832767520235791,0.4126608941556712,0.12526529184941343,0.28795503290125746
15.600000000000001,0.21845782793601667,0.17873483007801672,0.41498346940151665,0.13326665065881085,0.28081905184422873
15.65,0.2153142559247151,0.18202271328094743,0.4088022771628772,0.13245849038775112,0.27520540072052985
15.700000000000001,0.21703110460468772,0.18746287687149576,0.4033667408232373,0.13506663953004333,0.2621087863598734
15.75,0.21613459250418363,0.19130314936046272,0.4019876322386444,0.1404177750518438,0.2573422924560128
15.8,0.2134126416286712,0.19199398439353307,0.39081163703652605,0.1379860365366864,0.2412149897001268
15.850000000000001,0.21160414119232204,0.18485346960142715,0.3924931148267243,0.130341553649971,0.2395371343951836
15.9,0.21405710455281804,0.18456566808602515,0.38733988389945184,0.14299346097448887,0.23942117454409897
15.950000000000001,0.2061766638535525,0.18166583289781782,0.3850295557544388,0.13460954195407726,0.23271431820412058
16.0,0.20257773989662414,0.18790230590518517,0.3795529053957939,0.12966607307852107,0.22345185295612274
16.05,0.19990197619913536,0.19292362234277272,0.3749415487380513,0.12136331375289976,0.22073990974966015
16.1,0.19692038443162352,0.1910149110457871,0.3646419291546281,0.12583301420420398,0.21699110652622805
16.150000000000002,0.19274275427267273,0.19251094740152438,0.3596427490238581,0.12728271124419777,0.20569907605205134
16.2,0.18750872092586818,0.19901590769655586,0.3517441234953103,0.1324328405259496,0.2065104613937978
16.25,0.18066294581254533,0.19776070075853952,0.34888842292527156,0.13358491339098288,0.19528370937324194
16.3,0.1754636747139314,0.20050247148549386,0.34954765678528227,0.13174382897380507,0.1932820791583279
16.35,0.16970450189234992,0.2036338419465318,0.3491274633325928,0.12287672771546328,0.19703203916578596
16.400000000000002,0.17169756725076848,0.20538184304807094,0.3454679517938082,0.12448396431136313,0.19928779152473095
16.45,0.1616798205753842,0.20170263972535005,0.3383130967442675,0.13207667260744282,0.19963590769925718
16.5,0.16457736356372024,0.19775543963666994,0.33157063109484297,0.12738636995430083,0.20010585137346765
16.55,0.1564147137736048,0.20284592620401354,0.3287007436220141,0.12035789869268308,0.20349382793256549
16.6,0.1499760050596581,0.19592316883529148,0.31959714893190283,0.12228597454425233,0.20207537254670907
16.650000000000002,0.14067764907607003,0.20264599193965646,0.312364721756957,0.1170421373328369,0.19670654014730582
16.7,0.1395478536779469,0.2167992073727516,0.3047715453388288,0.1201813195262452,0.18259918697720298
16.75,0.13607408007781038,0.2053065493147684,0.30283398323715044,0.11308094774595243,0.17146207739264382
16.8,0.12547803888116246,0.20705207487218416,0.2916931289367402,0.1039492067187429,0.16359921578692788
16.85,0.11571856274980903,0.20377474921825658,0.2931329598592284,0.1031765263738721,0.1579443847854313
16.900000000000002,0.10855353531050563,0.20501284147830226,0.28711574941488605,0.09530860828896023,0.15026590705606524
16.95,0.10112996044975546,0.2113784214644593,0.2778188046563026,0.09724435889037891,0.14856650244219197
17.0,0.0935936145767778,0.2210007430751909,0.2727770044119583,0.09147769802187729,0.14342195122195564
17.05,0.09466894891604115,0.21860084977183528,0.259475365330682,0.099757278194769,0.14376321791772725
17.1,0.09040558268580105,0.21922125098875658,0.24648617241488538,0.09810384906851284,0.13546771355887938
17.150000000000002,0.0759016591266868,0.22075842482404784,0.23850184844738198,0.09092291086446401,0.12928457039515828
17.2,0.06420772609797237,0.22866725013602612,0.2277350317038801,0.08944960736136609,0.12084803276245969
17.25,0.0630199767962756,0.23405734777477794,0.22375131588104336,0.08707500563039862,0.11596290395750808
17.3,0.057760399930922184,0.23819455537568893,0.21604003576118339,0.08735220010823581,0.11729875435333229
17.35,0.058535281897433046,0.23821152447979632,0.20823344691188284,0.09583589365618661,0.1184369743320566
17.400000000000002,0.05537780858395991,0.24023247882885992,0.19609636660610508,0.09666576195406516,0.11411433601154239
17.45,0.053769665076153494,0.23903903894106432,0.18218885604617321,0.11092250491478971,0.10200123644520549
17.5,0.0579382499652106,0.23987481829642326,0.17526183193489206,0.1091997267191582,0.10406784919110013
17.55,0.05844073359302045,0.24315388555357315,0.17015812629276603,0.09487686385819394,0.10790041864813242
17.6,0.05910808861110458,0.2432728798400341,0.1662242061174982,0.10551755391910572,0.1144615742695697
17.650000000000002,0.06743127098385279,0.25262695621855585,0.1587108957727642,0.10544991386420906,0.10787501464478562
17.7,0.07452088609849199,0.25184201030955294,0.15130928053696122,0.112704319115153,0.10694485147595588
17.75,0.07446481070268549,0.26128559849003363,0.14187668011397114,0.1174750181686527,0.10370864075385552
17.8,0.0795090932563621,0.2644484197003009,0.13354438180359895,0.1215078918710953,0.10470764575645643
17.85,0.0887931926705853,0.27020023541449134,0.13036824685020784,0.11915081403183345,0.09359235127118143
17.900000000000002,0.10029071380726125,0.26711825622668206,0.124119301250193,0.12267053494197556,0.09827155346470115
17.95,0.10197145693639997,0.259892749471527,0.10841135463660578,0.11517991988063349,0.09682828198030527
18.0,0.10364989121958558,0.26389034492785657,0.1061015670376589,0.10876707464569575,0.10130235211236208
18.05,0.10815672372922165,0.2659162501119508,0.09322549269131464,0.11281043501377855,0.11000351947178517
18.1,0.11833679531850003,0.270233696150847,0.08564373264445806,0.1206323233770498,0.10860998220496619
18.150000000000002,0.12661000148405727,0.26456669210062245,0.08003442478061908,0.11727931590968746,0.11028400576077306
18.2,0.1308142836595615,0.26473562397990774,0.06907894117420074,0.12253690577398973,0.11319407094686364
18.25,0.14098394161442918,0.2687526764494205,0.05902053513429688,0.1169661816402174,0.09828548160541392
18.3,0.15088483134684372,0.2619177817247713,0.054122515072335446,0.11634896408586404,0.09480014655446714
18.35,0.15530927575863776,0.26373032058316315,0.04783963410517881,0.1118035725707405,0.09389704633851385
18.400000000000002,0.15987485146102268,0.2701809751686027,0.04255547484658445,0.11274622871651187,0.09455270912671632
18.45,0.1643995248171913,0.25919725337219396,0.04033160216063786,0.10591055990702347,0.09219552875025262
18.5,0.1710353952333982,0.2614848368263503,0.0479330474774115,0.10016575179049572,0.09749114553569362
18.55,0.17378926883698412,0.2638372919350285,0.046839889642108966,0.10117326159661734,0.09920930822877477
18.6,0.18366280389747253,0.26276799005697343,0.04962619687600949,0.09525481967811499,0.10328963313424666
18.650000000000002,0.18725562205180196,0.25691852346801514,0.0574581898355592,0.09517158323527282,0.11090428846199092
18.7,0.18606394835812834,0.2607702113871887,0.06727627256619317,0.09698319397303504,0.11615669334630897
18.75,0.19053537946528948,0.2567588342865929,0.07616066449316829,0.09605175140536411,0.11611287204007836
18.8,0.19758830245850273,0.25756168057609397,0.08191740529207006,0.09368687760864501,0.12443933702661208
18.85,0.20053431465995014,0.2552728339306609,0.09057895944973403,0.09017420761253958,0.11850630343053598
18.900000000000002,0.20441059320013638,0.2525237801842614,0.09796336793689943,0.08367274828548575,0.12576169173216475
18.95,0.2051587145628468,0.2501849771147335,0.10695297407550372,0.08112688187967422,0.13404459601664143
19.0,0.21174950778496449,0.24580232704358304,0.11067051460824956,0.08243701487371884,0.13315904129023393
19.05,0.211797622506394,0.24379865732844677,0.11110845674217576,0.08421506825302795,0.12328312085543382
19.1,0.21415987491986435,0.24167810374190327,0.11828368259272071,0.0813235562024572,0.12504573111563247
19.150000000000002,0.22342767503805508,0.2352244499722541,0.12858991153006438,0.07851398304302733,0.12202023567525937
19.200000000000003,0.22017838477773952,0.2300914504838109,0.13627133103423386,0.07609331500668247,0.12605985271931833
19.25,0.2158396227003701,0.23211937713829503,0.14572861340288995,0.0733919586904654,0.12491520074613931
19.3,0.21279520175626035,0.22613324030143941,0.14557148454422503,0.08003286288503063,0.13509577247219798
19.35,0.21765484372149005,0.22317784504509927,0.1496646190746549,0.07090356249475308,0.13118842076350284
19.400000000000002,0.22651753368455949,0.22502123198566956,0.15753264302582523,0.08023212505865977,0.1316162060706643
19.450000000000003,0.2251207446739947,0.22891357846459812,0.17048278401125944,0.07171499519033013,0.13434602867976767
19.5,0.2228716720478686,0.22210030741711304,0.1763756267959776,0.07221367132953366,0.1381620920147779
19.55,0.22408854412423052,0.2253145345382423,0.18565479004380286,0.07359544851460509,0.139118227629788
19.6,0.21744655647939024,0.23424532306073126,0.18886377579187297,0.07684364422623181,0.14164035068133188
19.650000000000002,0.21704461599614627,0.23499688417457595,0.19473217361098744,0.07655560541502031,0.15561611849537976
19.700000000000003,0.21290614967511548,0.24456571818161693,0.19914995986787262,0.07591677107592402,0.15385602529951903
19.75,0.21203410217359628,0.23646041209283442,0.20087327783446104,0.07821723826737116,0.15653152534009412
19.8,0.22112002042237175,0.23924837868319157,0.21089778256742545,0.07940815439210691,0.15832387886040883
19.85,0.22792484869944615,0.24076496758041283,0.21260548342224223,0.07430855778126517,0.16387326478958258
19.900000000000002,0.2283908679243088,0.23475710382380946,0.22387362060046875,0.08194499003216847,0.16100156236812435
19.950000000000003,0.22895885991895426,0.23559377114412997,0.2287703493005833,0.0768744917299051,0.16059465512883192
20.0,0.23046280928018129,0.24311229684771477,0.23346701339082992,0.07609696061912144,0.16882045966119805
20.05,0.22517247009374614,0.24517661361969242,0.24145225964165315,0.08126824420429685,0.17804445187826065
20.1,0.22969625121529483,0.2436600509764141,0.237676350452858,0.08419534541200786,0.1849622692975919
20.150000000000002,0.22829236838657488,0.2463186868164256,0.2438524051783064,0.07361599186907965,0.1863466588335582
20.200000000000003,0.23349282900766083,0.23690997584633666,0.2518927513512528,0.06671701974178798,0.19368239670303125
20.25,0.2380063190589637,0.22964220957283998,0.254623039587792,0.06572795110752569,0.1966283090904283
20.3,0.23644946164466135,0.23658332739053556,0.2540811614661061,0.06502745319936162,0.20229546125398667
20.35,0.24214395760891266,0.23428714216126606,0.2603226184795847,0.06152327154309864,0.19927110308967705
20.400000000000002,0.23965937800770531,0.21876912643699128,0.255910175789006,0.06455360666334412,0.2012203548996569
20.450000000000003,0.24052054014420235,0.2197000727335902,0.25493059640224286,0.06059710065810376,0.20567704895646993
20.5,0.23378074719368025,0.2155993740399729,0.2606887584293647,0.05713108181644145,0.20178984062768587
20.55,0.2309889065811773,0.2256442876557345,0.263476414086923,0.047587498725438354,0.2063983003714076
20.6,0.22537965684129133,0.2276568265375837,0.26739086418216035,0.05958743637121813,0.20792753288957494
20.650000000000002,0.22029547070154473,0.21922585644303946,0.2725596772545052,0.0699821960298012,0.2161565383140958
20.700000000000003,0.22302944309091974,0.22395007019450502,0.2750227239715076,0.06080009932061632,0.22508788028260426
20.75,0.22431819495102281,0.2215655048180943,0.2775612706924464,0.060364474763111214,0.21490515122058323
20.8,0.2197239094085171,0.23034523433171927,0.28316863555380384,0.06627340820978465,0.2265791549382214
20.85,0.22140449269018922,0.22357527053513399,0.28348390708940163,0.06803886948531074,0.2181050520534175
20.900000000000002,0.21276355822746507,0.23212021900508975,0.2792047454085017,0.06130632404106479,0.2177379722103765
20.950000000000003,0.21086564125281695,0.22998237401324548,0.28046799523769683,0.062124248487305626,0.20949790660955434
21.0,0.21208153855585718,0.22182583657750712,0.27914165398837576,0.056395658199550995,0.19966927967449422
21.05,0.21083613254556804,0.22364912117483912,0.27424204226931786,0.05699506005409088,0.19744793966680654
21.1,0.20643652804602955,0.22711866667276656,0.27127352192450305,0.05778278317419392,0.19395189562032755
21.150000000000002,0.20056618575362867,0.22388304902205972,0.27350232171522515,0.05392215584432402,0.20281649195215548
21.200000000000003,0.1921920240631564,0.2178997251813264,0.271306120384085,0.04048547449124701,0.193829592920385
21.25,0.1770185181182809,0.21993670814661248,0.2712721748411687,0.029371727673646195,0.19023248401564608
21.3,0.1759896970054753,0.21078293037110557,0.27163038384309196,0.022728854529882863,0.18385994172718448
21.35,0.17389764391543147,0.21598692680249243,0.2805475068147011,0.017850710583641443,0.17958805113199822
21.400000000000002,0.17535078739227586,0.22072787874518734,0.28133858883737634,0.03453574484197759,0.1877264703982454
21.450000000000003,0.1721489491469177,0.21841948611311832,0.28187129553838186,0.03779822626933993,0.18284661940753788
21.5,0.17030270522164426,0.22573787179570182,0.28494517035104666,0.02771174305726485,0.19879977377808652
21.55,0.16112677202356143,0.2276480646450763,0.2925062579323219,0.03433584250643805,0.2005369026620349
21.6,0.15195833223347477,0.22282397484210964,0.2849669225651697,0.04488904960687164,0.21336164195214938
21.650000000000002,0.15221659133376853,0.22632904492903186,0.27665510750529726,0.04081847816445877,0.2180793233971923
21.700000000000003,0.13871450171692667,0.2306041490366891,0.2676297767575743,0.04135939407974558,0.20383069238069712
21.75,0.13292332598709838,0.2276711545370163,0.2701796565415416,0.03836042444874925,0.20073260551546263
21.8,0.12928337705151485,0.22281780873204646,0.27472279280169976,0.03736437096909418,0.2012502100888165
21.85,0.12043046166019668,0.22487079885435693,0.2688772984986295,0.040170470425993636,0.20248188507621703
21.900000000000002,0.11547343366332795,0.21429965314111127,0.26804252921625904,0.041573476222796855,0.20080819322783283
21.950000000000003,0.10489484229781527,0.21557033285410396,0.26926631028923725,0.043402117245998906,0.2140353693430616
22.0,0.1039600198094798,0.21508183183344684,0.26328966776896884,0.03320370454425694,0.20450998119802244
22.05,0.09165707602646195,0.21127644183136185,0.2634704776936868,0.036616041925702565,0.21686707061993163
22.1,0.08301354628772026,0.21022590730165736,0.2566218210825329,0.0443879161225115,0.20786021059151788
22.150000000000002,0.08025864850677913,0.21214012108813282,0.2483124992222821,0.04607603630279138,0.1981206860192911
22.200000000000003,0.07273456690712812,0.19846498893272507,0.25198937822524275,0.04556556795361938,0.19871099702254505
22.25,0.07179366602755174,0.20010719838603133,0.2490250937619219,0.040758877334193755,0.1964248462306407
22.3,0.06320698007122046,0.20001356463020883,0.2502884333221106,0.04265856445614149,0.19369331846622845
22.35,0.05611470706416693,0.2039481200741054,0.24538897625969516,0.03353803566011461,0.19799520440046017
22.400000000000002,0.05209313459253314,0.19953415390511542,0.2449888268056942,0.030774423438534686,0.19788993001600075
22.450000000000003,0.0432148185357958,0.1970045130310859,0.24026572056147147,0.02828524071777652,0.20370302562469636
22.5,0.041816487159624896,0.19613043018930196,0.2296616230009462,0.03293027015411556,0.20184168202673117
22.55,0.034897420222553016,0.1910038565439609,0.21857575639273447,0.038081193688713835,0.21149560220606642
22.6,0.03418534720672122,0.1878533542118846,0.2111991788898006,0.044070365759806024,0.20444593346307532
22.650000000000002,0.030872166436706622,0.186118927724445,0.21676618028216452,0.04951331760972602,0.1994343561738959
22.700000000000003,0.030067524819619898,0.1908227772063915,0.21262509582461864,0.04376973352095272,0.19518415914349183
22.75,0.026627229718909646,0.18569740958440328,0.21458017354471465,0.0378799742930143,0.2017178688854448
22.8,0.028508021022248555,0.17827169228298553,0.20855633794900086,0.0398356152825573,0.2022830485288177
22.85,0.03725718059895528,0.1774431319316232,0.2109934202706179,0.0368251835779429,0.19573834726083109
22.900000000000002,0.044794099227316427,0.17904831554397352,0.20471421085259497,0.033083098368726055,0.2004758416365728
22.950000000000003,0.04593886654650447,0.18265663227912426,0.20273124217008615,0.03722388699535337,0.19427773544005192
23.0,0.053349029251391296,0.18051890753563135,0.20077767429550739,0.02894680468210691,0.20891429281102664
23.05,0.05729393533953209,0.17708904154889116,0.2008487840286333,0.03647105833094184,0.21240004026370213
23.1,0.05739313036452324,0.17552828488187355,0.2046031982656034,0.0312193692230285,0.2071482307556351
23.150000000000002,0.06546057653127657,0.17651076442811114,0.19868707306942038,0.033528861659899795,0.20696537822780656
23.200000000000003,0.063550961422465,0.16854353531883243,0.19961014278982797,0.03525797922757551,0.19251470591324238
23.25,0.06619290628246481,0.16485402646002908,0.18956212697218033,0.03739896183538714,0.19103056052851294
23.3,0.06957896825884231,0.1617972639376662,0.18916046422305471,0.034273755562613334,0.1883363956440699
23.35,0.07197650723419213,0.16205676166317629,0.1852088272748311,0.03384441125585735,0.18935707078766176
23.400000000000002,0.08016738304616815,0.1526077434322564,0.18676914934026764,0.0512146317382753,0.19354399998815988
23.450000000000003,0.08435076962082937,0.16054544357801084,0.17969095240030966,0.03690230805115751,0.19444713928676222
23.5,0.08515950614740798,0.15083251933812195,0.17981974556168062,0.03529271054513654,0.19066605917092863
23.55,0.0964293729778505,0.14480774902299734,0.17536528632807213,0.04451000388421116,0.18754937332898194
23.6,0.10313524731143671,0.1470622391462407,0.17425091966112186,0.046966098911334166,0.1942929785488108
23.650000000000002,0.10891770109300264,0.14459539751588832,0.16669820256687076,0.04667675865817043,0.18980694660625638
23.700000000000003,0.1148923357883524,0.14219865172649865,0.15450604617123742,0.04648324867215239,0.1844211675324836
23.75,0.13148323533373954,0.13777638350928836,0.1527921823174637,0.0460249374121259,0.17652042903827941
23.8,0.13667136314261,0.13353458288422873,0.14978364170932973,0.048451945195321845,0.17529554732918742
23.85,0.14063046383875075,0.12650204981469607,0.1483878572677598,0.05734268337700761,0.17447294574297081
23.900000000000002,0.1397567998117404,0.1281366658445056,0.14234077049781188,0.0691025062194083,0.1831538110807315
23.950000000000003,0.14147055741176004,0.12465112842786549,0.13914200361977483,0.05982938201874999,0.18137627798844633
24.0,0.14107344059952664,0.11685985773998024,0.1308292355326574,0.06249901177574673,0.18021368816350047
24.05,0.1418627354341294,0.1179056185942538,0.1252827597310043,0.06952503075869715,0.18024315995883036
24.1,0.14259747411387697,0.1081432505942745,0.11599223548020311,0.06919681741475539,0.17550918623365588
24.150000000000002,0.14421261001080202,0.10500024490702974,0.11422104771713805,0.06653078019322181,0.1745572876565459
24.200000000000003,0.14999049552565563,0.10136885042589133,0.11179154690232998,0.0631791062820981,0.16965362289137656
24.25,0.15477258909830885,0.10851124184084308,0.10165527313123043,0.06805304552189687,0.17410249991026916
24.3,0.15872878871762086,0.10913644708670223,0.09809539800907685,0.07366532362644328,0.17538624204668798
24.35,0.16141292799032478,0.10939785121228804,0.09349222922165139,0.07018586310366587,0.17961984176853849
24.400000000000002,0.16299851701969498,0.11079223750076933,0.09182606126802277,0.07102677630211277,0.17939692940503943
24.450000000000003,0.15973911502700933,0.10445724850358858,0.08396908298612622,0.0804834485979604,0.16510076784573016
24.5,0.15990662310977805,0.10114952629249171,0.0850790327102509,0.07365688011949334,0.16912038951644365
24.55,0.16545424958253283,0.09962255821019193,0.08023065811760144,0.0852237321764708,0.16738263152303853
24.6,0.1648313350229503,0.09960595427000353,0.08082940927508712,0.08244105589505077,0.16217711187419828
24.650000000000002,0.1638729379741902,0.0961189944016446,0.07511711133112768,0.0777703973540538,0.16048957212396214
24.700000000000003,0.16313334524267176,0.09828074375286401,0.06687670293546426,0.08130806060556249,0.16868539203963512
24.75,0.16539708525565286,0.09684665314318325,0.06570648923193531,0.07921623394828643,0.1671388661221099
24.8,0.1641167316030022,0.09658713755830567,0.05851674332950628,0.09124286280765194,0.1674009056978888
24.85,0.1641528275189114,0.10006765445355507,0.05653943539595207,0.08494129828647334,0.17491156653342146
24.900000000000002,0.16349850161923665,0.09551875350043562,0.05767998706950826,0.07190739839521416,0.17577085179191698
24.950000000000003,0.17070612525377138,0.09841606580432459,0.056761103417473036,0.07623898186801202,0.18042919936009308
25.0,0.17017818505388643,0.10063479509866828,0.06437529348763896,0.07405259163134,0.1864197130677973
25.05,0.16975211436811563,0.10496696589841374,0.06323937006139468,0.07773040882633202,0.18046823527232586
25.1,0.17625122347584765,0.10729049689803995,0.07252428469454865,0.07581141921930719,0.17915423715945275
25.150000000000002,0.17540834656112217,0.10696268036997594,0.07059963398093606,0.07343572927751145,0.17095783631029757
25.200000000000003,0.1699287337642026,0.10338311904688986,0.06996453900401699,0.08127635083334749,0.16792387628871622
25.25,0.17416203547671258,0.11179621126583462,0.0717894524461616,0.07616391980204405,0.1703396231605555
25.3,0.1729947032546094,0.10398544057011357,0.06902310602453235,0.07680496412429547,0.16103974889467684
25.35,0.16597005468850384,0.10242446980155834,0.07324023611553131,0.07877217261987707,0.165457220030987
25.400000000000002,0.17783570122068554,0.09913366514831455,0.07144319443454267,0.07591541051332258,0.1586869778593005
25.450000000000003,0.17561768992036714,0.10153802910808368,0.07284745843093592,0.08610252238831234,0.15455713747549327
25.5,0.17688161760698337,0.10116763575840418,0.07429449414793791,0.08969403432549908,0.15241486852805522
25.55,0.1704911251851393,0.10639899926864597,0.07481452792394834,0.08399280166416669,0.1581491745641724
25.6,0.16910171333594035,0.09809613007792004,0.07786413265618129,0.08872041933128647,0.16154179805660115
25.650000000000002,0.17186688048067372,0.10197568640595639,0.0783933178905816,0.07911587501699194,0.16661751850157475
25.700000000000003,0.16482063620074988,0.10306296806048425,0.07200001206960542,0.07738046179132188,0.15990143495799589
25.75,0.16428634134094006,0.10338516275858395,0.06959057550114785,0.07896601889586097,0.15569469828038013
25.8,0.16339888818082718,0.10571481607723694,0.06772737401480292,0.084704036975446,0.16664373062376991
25.85,0.1633512499518996,0.10583401085629025,0.07267738789433618,0.06992852585477073,0.1700932732187838
25.900000000000002,0.1649559690171844,0.10820830138499862,0.08148179843067486,0.07587929759107716,0.16450004590892212
25.950000000000003,0.16454833289752357,0.1185619407303354,0.08974805459715948,0.07257896581954572,0.1618862401855331
26.0,0.16188109836428874,0.12380217135779924,0.0925518981749692,0.07455931028782044,0.17471875827752137
26.05,0.15891196847791011,0.12333299752420028,0.09044789690996909,0.07572111079149091,0.18070206720265872
26.1,0.1575271208177349,0.12531607769781392,0.09518861037949018,0.07144218134969485,0.18472623682140227
26.150000000000002,0.16256905509537076,0.1273790139842714,0.10427481317025843,0.06435391599397126,0.18985565581722919
26.200000000000003,0.16417678695745053,0.13043555046119748,0.10933809010532776,0.06731903192800355,0.18578136549621843
26.25,0.16631174993239542,0.12942274435634493,0.11889261153147367,0.06348115288363167,0.18603431362979003
26.3,0.16221248098941213,0.12653559793769475,0.13233785133797427,0.04725937644992431,0.18525194843381595
26.35,0.16262948728962406,0.12507309875173098,0.13607737038198836,0.052558669595607004,0.19263466861494738
26.400000000000002,0.15936243896127508,0.1343859116116829,0.13682945745559977,0.04999726225710009,0.20093878751258182
26.450000000000003,0.15615042143422908,0.13586742485878167,0.14064384636256927,0.05007850953321325,0.2013294840107709
26.5,0.1449310402778532,0.13059753384456768,0.14976862197665392,0.051718496361594285,0.19464058326016842
26.55,0.14415394515709007,0.12838777137778531,0.15562100040829724,0.05124093760195419,0.20529884576188195
26.6,0.13683120392474693,0.1296455246751529,0.16037039290390012,0.04344579657314168,0.20081045534808054
26.650000000000002,0.14200353800249568,0.1331795927601239,0.16559835398749165,0.046897549668524836,0.20427993425781088
26.700000000000003,0.14815844422853464,0.1421648209990722,0.1779692244181614,0.03932003276578341,0.22072455759421425
26.75,0.1499186434483514,0.14360805648912414,0.19093841556803617,0.042518346712697316,0.2351333169469968
26.8,0.14795116357170607,0.14602852741713848,0.19633845520186968,0.038542004729804125,0.23082956702510446
26.85,0.14415226392377492,0.14484992986502956,0.2014192513564485,0.03137829101685577,0.23029946968637036
26.900000000000002,0.1385814154520286,0.1493736272691235,0.19780783992202008,0.04731178673598724,0.21900670177443926
26.950000000000003,0.13669930109324763,0.15160342339858945,0.19798021279250155,0.04648827557691416,0.21998952064553276
27.0,0.13432056022048505,0.15488519255281386,0.20067166855032859,0.04307158138871518,0.2189068854173033
27.05,0.12951684875378316,0.15243387829071298,0.2101964145674557,0.04203761852124558,0.21796837055117294
27.1,0.1310608455494748,0.15394331809241485,0.22268845275282603,0.03780632265662821,0.2236456242912314
27.150000000000002,0.12642574361280726,0.17150901765196983,0.2287092550303331,0.03781740392591665,0.2196872352296515
27.200000000000003,0.131711188191545,0.16843180233677962,0.22911291406528977,0.044789326538482305,0.2292230281106137
27.25,0.13490860745218014,0.1730358665194652,0.23855674584074968,0.032949839143182114,0.23549457965432755
27.3,0.12678774815812485,0.17723473172395945,0.24377973630597785,0.032054850887174365,0.24125642133912883
27.35,0.12798853762911833,0.17517573003422754,0.25018014138106115,0.025255527460602747,0.2519977241090115
27.400000000000002,0.12688371711371238,0.1847090523394328,0.25636562855199974,0.03135533348470849,0.2559430658798588
27.450000000000003,0.12731013377030986,0.18436901489164154,0.26199607739077285,0.0335186444569847,0.25402258551030543
27.5,0.12517607836746078,0.18418228921652582,0.2612627032504383,0.0241013715106653,0.26197268146055525
27.55,0.12005159075841122,0.1915547474172173,0.2562722034919818,0.023953993975627832,0.25801788139342213
27.6,0.12097917794629783,0.19556275210097515,0.2650795032552695,0.03132867213863356,0.25884143434112583
27.650000000000002,0.12002616426254115,0.19620012401897563,0.2783178762119623,0.03583485669738711,0.26498403244588775
27.700000000000003,0.1181304299753133,0.19022922244603205,0.2734047685017613,0.03268380079816735,0.27825330790717256
27.75,0.11531569617552992,0.19921447586892524,0.2775714182036198,0.04329022941142043,0.28617679646481364
27.8,0.11701415986611878,0.20546501471044767,0.2899337584056334,0.03795636902216702,0.2878511005381501
27.85,0.12421065642104678,0.21291451211888085,0.30402487612536355,0.04245484069357266,0.29156166983100157
27.900000000000002,0.12294666625722545,0.21722932660969171,0.31323262684704206,0.04033713567531151,0.30958049043155494
27.950000000000003,0.12005339076964998,0.2073718140836135,0.31509600399321047,0.03529636323879789,0.3176585686171419
28.0,0.12367396312024143,0.2173140457125437,0.3171085568925814,0.034643604510168534,0.32753192078878224
28.05,0.12541419261201764,0.21690975789679776,0.324065500835837,0.03758643602774635,0.33449864674262736
28.1,0.12616514917104316,0.22407852557724808,0.3257645454573677,0.03475016815800954,0.34205436830998537
28.150000000000002,0.1319525282441902,0.2189206350027713,0.32628680622426437,0.032023111857260464,0.3412765002875512
28.200000000000003,0.1337821537871033,0.2233972522319476,0.32467236985846565,0.026003737210192956,0.3403957023574942
28.25,0.13076627118019193,0.2167324304090691,0.3274084700066207,0.024235491785988873,0.34495711487636854
28.3,0.12880411411327128,0.2177983374893102,0.3299332585179431,0.020764196038719242,0.3396266645565913
28.35,0.1265679554184302,0.2197068657800475,0.31757013113033106,0.02543905959359745,0.3431908873204426
28.400000000000002,0.12425465800643391,0.22179241582742112,0.3174536529676407,0.01799965660800253,0.3392332086188198
28.450000000000003,0.11972087432344312,0.20935714627208488,0.3147881363428841,0.015051004347032226,0.3268131317447672
28.5,0.12206384278198418,0.21111103213239035,0.31764674778349333,0.0182230057564912,0.323432502636221
28.55,0.11864668170145967,0.2098387647479549,0.30998682735308886,0.015610752758610184,0.32788201775967674
28.6,0.10950044413329632,0.2109316146910306,0.3166779182612614,0.008184928637049347,0.33297327572863644
28.650000000000002,0.11656696507558406,0.2097496100432947,0.32074461806056836,0.017031426101300925,0.32592714649648685
28.700000000000003,0.11485395427011723,0.2089031482436709,0.32357201231099875,0.020410754506948636,0.3299914625469078
28.75,0.11447025375718266,0.20237525177995472,0.32793560251822906,0.021205306204493565,0.33719811683899786
28.8,0.11552592052136267,0.2042086061373318,0.3346371470615523,0.0182238380929268,0.34045973850996053
28.85,0.1117870828323662,0.20466142552275196,0.3425085221541041,0.012806705547842532,0.3531581673379361
28.900000000000002,0.10943079658958933,0.20788932021164183,0.3395785372057744,0.012596274345537202,0.36317214716261487
28.950000000000003,0.10471387487815767,0.19990729558883388,0.3391422995134923,0.02707804983685745,0.36173932609666615
29.0,0.10274078660949801,0.20875841723369157,0.33889565342377465,0.02153891102050671,0.3556738351413426
29.05,0.10365205852444974,0.20867055455672154,0.336548469668168,0.029293718283825623,0.35536857951796114
29.1,0.10715773797137502,0.21085099931604329,0.33654965768494993,0.028084285298362117,0.3515875295581434
29.150000000000002,0.10542481804996831,0.20925461128189754,0.33469984376098966,0.03198839454750376,0.35488587891046075
29.200000000000003,0.10905826396693943,0.19976476085577616,0.33993882982163676,0.03711736245433447,0.3565884343058763
29.25,0.10348189788976675,0.20231443467007168,0.33244122625360506,0.038242106985628195,0.3726361433627562
29.3,0.10229831978048905,0.20020966634360593,0.3336583320125032,0.0303153555225976,0.36640725156579956
29.35,0.1025714436447603,0.19855910306274885,0.33433543487711165,0.03721914150407131,0.37023826605218796
29.400000000000002,0.09751537409540204,0.20147392647241352,0.3264488629363644,0.03609663218382206,0.37413389403106595
29.450000000000003,0.08513382074084284,0.18847063193041014,0.32064497942999215,0.04058750872215935,0.3721369095683815
29.5,0.08556544407519831,0.19009896724281183,0.316870227966875,0.03962829604798835,0.36640546491717696
29.55,0.0955975112985991,0.19042982273204678,0.30588024601276387,0.040841516505438415,0.3624715339078368
29.6,0.1007881937955024,0.18151532663402245,0.29616756226157337,0.03879468523288418,0.36357438617109356
29.650000000000002,0.09268443344762127,0.18116431628405363,0.29458104636794413,0.03383004597544961,0.3625973500750293
29.700000000000003,0.10126989362961204,0.18478547775510437,0.2877271185844677,0.028661312310690787,0.3605796853989188
29.75,0.09877109138476006,0.18038030975568806,0.2827460130429911,0.027263865267278475,0.353069226163014
29.8,0.09145058782974821,0.1808957627786086,0.2748490934726577,0.038885730018725334,0.34834406663960404
29.85,0.0919186085907793,0.18570343380939092,0.2677769698300536,0.03861809094956605,0.34996161940459575
29.900000000000002,0.08583203425345955,0.18542997287447557,0.25969613583356976,0.036479654258967306,0.3457362172526934
29.950000000000003,0.07964009565826866,0.18647159492597076,0.24944762312178104,0.03881945173552087,0.34297953411507554
30.0,0.07520504990059468,0.18118298743491384,0.24476886384671726,0.03653376207260803,0.3354234559034842
30.05,0.0770679071738411,0.16871220928843983,0.2406993000965143,0.04412282699740973,0.33275433395535836
30.1,0.06689422702195554,0.1661917850721299,0.22754145893841923,0.03779783014894283,0.3319623103271683
30.150000000000002,0.06776466452374169,0.1527658325237304,0.21525181253534892,0.04965799374649811,0.3312517219840071
30.200000000000003,0.06534211971795038,0.15233552209897422,0.20616034037039435,0.03337287633156579,0.318990985226202
30.25,0.06429296175869507,0.15056422801294297,0.19024867087213213,0.04045259272830198,0.3178183525278538
30.3,0.05404703637231154,0.13792495876993552,0.18960829963985112,0.05100651772566767,0.32253405159035436
30.35,0.0450179070028971,0.14048765928870222,0.1772944198688004,0.052244377358049474,0.32708095160683476
30.400000000000002,0.042300742181735906,0.13812679532525082,0.16456695735590185,0.06100184657116469,0.3208056146975547
30.450000000000003,0.03404591452378994,0.1336809139740153,0.15685884642293552,0.06125441227913559,0.32481360268828957
30.5,0.02725174957827301,0.13054107898838396,0.14634953006741525,0.05536134362579402,0.3211302281402108
30.55,0.023852302459584456,0.1261852095367104,0.1410747310541667,0.05812248121529197,0.32695658840605263
30.6,0.021768119993874666,0.11949036153606858,0.13757443270459305,0.06027073582443738,0.31765653263095694
30.650000000000002,0.016714713499091646,0.12677277241149673,0.12693930103905912,0.06521186067819339,0.3212537922810864
30.700000000000003,0.018093761097042832,0.1329349715169847,0.12246505056491869,0.06564915685306172,0.3170450232622237
30.75,0.012390488236861797,0.11841898450773937,0.1191976102993554,0.0738680042976832,0.31878649470420845
30.8,0.02459613375371893,0.12298866540812703,0.1065643967315089,0.0602005629968174,0.3158095284045213
30.85,0.03426731364891518,0.11817996083069719,0.08844447330590151,0.06208322639017928,0.3038298839329021
30.900000000000002,0.028058214499004596,0.1212048560788034,0.06910937833071656,0.06498477641237092,0.30253838989179055
30.950000000000003,0.029147226395206376,0.11047120628157092,0.05660576840070915,0.07275211416156908,0.2971403372775933
31.0,0.03275678773811525,0.11106835789190797,0.04999469962529953,0.07092568631674528,0.29271173640863196
31.05,0.03787943772082416,0.10632078839136248,0.046431715262597026,0.07904198654426314,0.29499192731098356
31.1,0.044877181359295325,0.11673431027354704,0.03834150013974422,0.07705009647951273,0.28675227440712076
31.150000000000002,0.04809901038583506,0.11467717966463763,0.030514843044968293,0.07481012835270748,0.28077976752213046
31.200000000000003,0.06024938725047397,0.11819685509494335,0.033755437875693114,0.0768619251332146,0.2748458228439631
31.25,0.06636909584395352,0.11553182190440289,0.028470720991676416,0.08385705966227798,0.28101575402300394
31.3,0.07360241067403608,0.11529533502427816,0.03098718957050401,0.08307424385421142,0.28040106423204625
31.35,0.06745856662405171,0.11367530865200362,0.02029290003530799,0.0802748622038541,0.2911094473013929
31.400000000000002,0.061764569703462044,0.1122677404550154,0.014623146467693233,0.07233803819061412,0.2882468897207815
31.450000000000003,0.06585996877779952,0.11056596024342079,0.016406868073584234,0.077499509972903,0.2844927201366649
31.5,0.07080728508270787,0.10834733838803783,0.02722493788780895,0.07863460044710736,0.27833835738638596
31.55,0.07125421269505508,0.10569243537837489,0.03743430515891415,0.08669748447731354,0.27930259332540774
31.6,0.07394905913920144,0.11176014899453326,0.05312821453658098,0.08301887621498623,0.2666868655673889
31.650000000000002,0.0803576311821729,0.11401488477916813,0.06317295665447151,0.08567734907586519,0.26386076912004364
31.700000000000003,0.08834812601357901,0.121737733027459,0.06976685270117276,0.09794616223491893,0.26536296474965465
31.75,0.0955331444522804,0.12233870332669797,0.0780998550122414,0.09546236487894168,0.25897553443367105
31.8,0.10576688278572025,0.12112574656652099,0.08331012539517989,0.10060024957766676,0.24981326527676653
31.85,0.11319713177936781,0.12460727758784189,0.0893331314124311,0.10676100196333091,0.23956568499527345
31.900000000000002,0.11425475273767689,0.12559596075791193,0.09913015676851392,0.10395235168377316,0.2414700293348932
31.950000000000003,0.12089028590902151,0.12554219421254695,0.10133577515574445,0.10091172505702259,0.23663246542407115
32.0,0.13332348819407358,0.12544421085336005,0.11736354635199736,0.11176812736508955,0.2417079254666809
32.050000000000004,0.14359148411110143,0.12701411200619073,0.13128780627287426,0.11416294177690282,0.24130577366524034
32.1,0.14917579029691855,0.13529228089512718,0.13392816262499443,0.12386789657258172,0.24102849460653186
32.15,0.1615571672542855,0.1413732083126014,0.13964198116050622,0.12875247980228915,0.23800560338684199
32.2,0.16745871048481706,0.14437608606281266,0.14941270035570317,0.13102676220767412,0.2392784039674307
32.25,0.1717213569632682,0.14809161605007204,0.167555200813798,0.12924885429913308,0.24847069028481564
32.300000000000004,0.17898400987623586,0.16247017123451127,0.17763951246501405,0.12573289697328846,0.2384596439092659
32.35,0.17879906484016087,0.16571143110049985,0.18205616048692208,0.14088519405918482,0.22536903165142186
32.4,0.18781456460931292,0.17030065409256043,0.195493543584132,0.13985962334767105,0.21883220911768375
32.45,0.18905805375350995,0.1663622057656696,0.20038599096942072,0.15091524026024875,0.21132980693309875
32.5,0.19802099876437484,0.17656222257835913,0.20510538615501228,0.15617632207017484,0.21536040328707895
32.550000000000004,0.20287621731443933,0.18020094796703476,0.20981333941247396,0.1446572617747784,0.20700905893088842
32.6,0.20587266545075725,0.18233889593871364,0.22006746310906639,0.14615395340011933,0.19817911357487664
32.65,0.21202502527105535,0.18591409507118603,0.22985907566022976,0.1448282060029565,0.20084297962199738
32.7,0.2140018988627792,0.1948284462095217,0.2446651566717264,0.1422694252813514,0.1936624266049452
32.75,0.21614039770532828,0.20152386541329598,0.2505314269315154,0.15556205910332846,0.1938221514634957
32.800000000000004,0.2182880086768352,0.19487886229116713,0.2497064517496299,0.14854105794819403,0.19977259616977994
32.85,0.22163106402862248,0.19777683466058713,0.2559294662001062,0.14524270545431062,0.20420340358545175
32.9,0.22151299874431174,0.19485507982952172,0.2609773683641047,0.1487130560792189,0.1901271691800868
32.95,0.2251130116221068,0.1966683242429445,0.2653682698006341,0.13866309467850754,0.18257041223120166
33.0,0.229117499095206,0.1938720967367831,0.28203813481821666,0.14239754662104864,0.17861142878670383
33.050000000000004,0.23210126629159142,0.20125610510654635,0.2855338233601838,0.13556575822124078,0.17520704953395574
33.1,0.23114932967041737,0.2077242993314647,0.2852819445759629,0.13602128300148197,0.1713653407676778
33.15,0.23401313144487723,0.20896347616815975,0.2933363838181526,0.14532536358637463,0.16244059781829331
33.2,0.23597762485629495,0.20832080094267102,0.28662318378965224,0.14819643804145655,0.15993745011523852
33.25,0.24267429195296308,0.2123367408639908,0.28744344717596676,0.1406299930563417,0.1628147085367119
33.300000000000004,0.24472536070149042,0.2012851759882564,0.29186253008792173,0.15062252250008473,0.15037594010816252
33.35,0.2362411377542671,0.2030661952371388,0.2935920844842939,0.1466389966574445,0.14446962908324285
33.4,0.24141174498682472,0.20910999523459056,0.2922042553595488,0.15171526698823187,0.1336148620035275
33.45,0.23984159212330103,0.2125380487320614,0.29155383715176714,0.1505623295041631,0.1251784614859615
33.5,0.23731997612313374,0.20577458811139254,0.28835940972680413,0.1482971624720893,0.11046142891488864
33.550000000000004,0.24983574634596126,0.20718035067387072,0.2884463878343165,0.13624383430358522,0.11262967299768008
33.6,0.24779718075491566,0.2018695582137589,0.28405922618787127,0.13608380909302886,0.1113311500124126
33.65,0.25308984885230906,0.1954130048733866,0.28072852864711867,0.13425040362738797,0.0992339961652027
33.7,0.25953266285724824,0.19250792248944307,0.2774271992863227,0.1365225216501977,0.1013309419526656
33.75,0.2531915084663118,0.1881290598329213,0.2831695981577772,0.1358627652899381,0.09614468777952709
33.800000000000004,0.25313474525169705,0.18645615858978085,0.2846012549151741,0.1312849542634303,0.08728551844891416
33.85,0.25255953652030544,0.18698655723685167,0.277667903087604,0.13153699065955782,0.07814261256790919
33.9,0.2525302675066843,0.18253375766865546,0.2755576278618251,0.13434970273653646,0.06899999031241956
33.95,0.25736095872615883,0.17856388725805364,0.27180938476036365,0.1368686051359135,0.05394794542748462
34.0,0.24930064252082085,0.17581691722840262,0.27242190910601494,0.13946688049257847,0.044430795475435186
34.050000000000004,0.2448455840126475,0.17439313482517452,0.26957039650779624,0.13606635846410114,0.04207776797947856
34.1,0.2427026027428651,0.17601305794095026,0.2681928601705259,0.14080507051653737,0.03998420960186045
34.15,0.23590185435532934,0.17871184763909467,0.2678662339405548,0.13736515079363176,0.0411829366593497
34.2,0.2378486964584916,0.1789054634244355,0.2656023270749348,0.14237371246928227,0.035297712886794536
34.25,0.23156678219176333,0.17228392013203278,0.26718286779705835,0.1424370888606122,0.035889820403792086
34.300000000000004,0.23536768747006848,0.17668757106211036,0.26480197263721533,0.1389618984847917,0.042753484372910475
34.35,0.23190892943323235,0.1714812223441216,0.2646569530277426,0.13172489964472697,0.045921263846595596
34.4,0.23750004874534783,0.175753067177889,0.2614410153688388,0.13700723452224103,0.03837399269566733
34.45,0.2359253731262759,0.17479480773936373,0.2580968370199244,0.13578230855877957,0.03657904311305621
34.5,0.23677048178383042,0.1763271780116945,0.24881218721889006,0.14606476864283466,0.02389948162885891
34.550000000000004,0.23334120518618476,0.16931836758878926,0.24341751977765153,0.1457522068503739,0.014408230183875092
34.6,0.2289404840436807,0.17223500671214376,0.23599736470239205,0.1362277323173653,0.015555466407676296
34.65,0.23524436015814604,0.160277552540562,0.23493161876604948,0.1382609854960681,0.015523922000541526
34.7,0.23287531154259106,0.15382262948091946,0.23386551806576683,0.13876111015264814,0.013398559190686492
34.75,0.22494717039696924,0.15979181914001683,0.23051733333229643,0.14290870378623746,0.015725962382249287
34.800000000000004,0.22039107405097533,0.15545832844656818,0.23063086791768703,0.14808371542932355,0.017497167580408205
34.85,0.21570942227874898,0.1566047975446687,0.22901420907334893,0.13831205967534294,0.019517287947160775
34.9,0.2091611687414679,0.1467461720281825,0.2220324349391172,0.13788656547290912,0.023000117071078307
34.95,0.19907113114723113,0.14583380969894644,0.21940109527915636,0.13590074536739793,0.031645698877646906
35.0,0.1926367001440208,0.15343375955325902,0.2101929750850819,0.13826753628877736,0.0365018157820854
35.050000000000004,0.18546626475967573,0.15005993447062813,0.2024774047253919,0.1450055493246071,0.04629159061662223
35.1,0.17625994489203028,0.15086312993841372,0.19654171374646642,0.13872456695558721,0.056280110843338185
35.15,0.1722145121750724,0.150292737472606,0.18778863198472726,0.14700295423215654,0.06285090315738956
35.2,0.1656690527587116,0.14773008587163053,0.17950499276541226,0.14545366869990742,0.06395258821877838
35.25,0.15922624156969784,0.13981736616462248,0.17269504988645842,0.14318884234407397,0.06966277333064985
35.300000000000004,0.15274790152181067,0.13593881135511904,0.16834766059196246,0.14722888243155613,0.07447783299430227
35.35,0.15229831700072427,0.13851153976775402,0.16297622024745034,0.14485433110504728,0.07749352102611419
35.4,0.13961266572349523,0.13317237919108382,0.15043747380873745,0.15326433258849473,0.07974820396089574
35.45,0.1308258121148799,0.1292646229136466,0.14537923331491132,0.1453305928462796,0.08281726427433492
35.5,0.11713615536868337,0.12774962077955918,0.1420676990845884,0.1492684503702605,0.08265497673457697
35.550000000000004,0.11230793556770928,0.13573496488855047,0.14138623644471346,0.15282617963006404,0.07773435201421683
35.6,0.1065714752774802,0.13576146038391557,0.1367528843984241,0.15207371997799823,0.07678023389054615
35.65,0.10535900846822231,0.127586727108391,0.13370984095868407,0.14663390694787612,0.08076258841322696
35.7,0.09639592965289134,0.1256350225660517,0.12065632685553462,0.1460127702614925,0.07533977450195319
35.75,0.0907562435947779,0.12615263587608588,0.11879237666220831,0.14923844267470238,0.07776101553041222
35.800000000000004,0.08151422504457785,0.12574910733584105,0.11297908281308795,0.1500277729692443,0.08129367394213202
35.85,0.0715251983254146,0.12888984296348743,0.10710986119439059,0.15064819912386312,0.08197973629539765
35.9,0.06761341255729611,0.12323596377538173,0.10395295225069649,0.1553351808127642,0.0795553028337734
35.95,0.06494641515994908,0.12263002821369913,0.10626843128468665,0.15035230659383086,0.06802923740831444
36.0,0.05963654349451248,0.12348738091165894,0.10598039184149259,0.151199059809192,0.06998785227431742
36.050000000000004,0.05026035692597275,0.1238667956208552,0.10032383109826268,0.14392484317953652,0.08084805388582972
36.1,0.04924622531288925,0.12697794471843937,0.0872176998123321,0.14596351533042318,0.09104611398033412
36.15,0.04954244737724464,0.13158732095827902,0.08445151525819607,0.15491440533518172,0.10247654017136093
36.2,0.046582325808919765,0.12996061200699055,0.08160120575158519,0.16916231461218514,0.1167213427426744
36.25,0.04231723174181877,0.12965797377805352,0.07909100268888425,0.1681629900867776,0.12637610735308605
36.300000000000004,0.037010335536594524,0.13606325522409443,0.0781408512838345,0.16839284905978702,0.13838794224318118
36.35,0.022458877349079455,0.1382744949865526,0.07132966772730047,0.1682256767492112,0.1340102142550559
36.4,0.019584799892703574,0.14085431441029764,0.07406742105447865,0.1749994410144952,0.13052247386856786
36.45,0.019377207399434025,0.14022849087210615,0.07936319491957355,0.16712732963890986,0.1256645783599351
36.5,0.015734012898255125,0.14365035928335487,0.07756517349713248,0.1602951628876608,0.12441729835451186
36.550000000000004,0.026841943301308954,0.14357032084835092,0.07718348363125382,0.16679650543290198,0.12607459928496667
36.6,0.03073145110497766,0.14977598315200988,0.07496871256153989,0.16522097207571274,0.13742271083776214
36.65,0.03761078659372176,0.15446944104410576,0.08266497865328212,0.16724682373548594,0.14111505921465659
36.7,0.04139834334413662,0.16889475183538255,0.08914073081335021,0.17214560738884824,0.13493909750928046
36.75,0.04478276452496399,0.16990135180193908,0.0952093028501389,0.1730384213807723,0.14101980769476755
36.800000000000004,0.0555024895525227,0.16574489421242525,0.1078241987094756,0.1769651642970178,0.1381503310494014
36.85,0.06120904979525302,0.16888903685985357,0.11285327815479494,0.16310866014612713,0.13733361392698476
36.9,0.07087239650797425,0.1672318421437081,0.10928668418859895,0.16647707657181876,0.13943691519786958
36.95,0.07791079372349588,0.16007906221090612,0.11240861477485437,0.16578769879666197,0.13699670061846186
37.0,0.08408143557341331,0.16027380108245642,0.11817791482075082,0.1730764235023317,0.14134511728560128
37.050000000000004,0.08608297558763157,0.16738280086759427,0.1280831357178622,0.1590679187305962,0.1372518144967413
37.1,0.09201468741354893,0.16317811061928533,0.13923457018505836,0.15594931070899667,0.14167080747669175
37.15,0.10102453337100524,0.16086990133345858,0.1411528256801247,0.16350324513202666,0.13758870111871582
37.2,0.10514559075872898,0.15829294762527704,0.14480524571783882,0.1639074938686946,0.1441601466598622
37.25,0.11580315387180203,0.1570790128131697,0.15089235309660254,0.16824910838592042,0.1450099227358146
37.300000000000004,0.11839199916775847,0.1624994631411274,0.15549423035684254,0.17135709333540433,0.14012995848385462
37.35,0.12681358256189404,0.16086612623824362,0.15361964968423886,0.18166097271630144,0.14673214449673652
37.4,0.13207791956398388,0.16456737915422612,0.16209091182077792,0.1735591445425606,0.14692752286957378
37.45,0.1350357421053451,0.16635158427421046,0.15980659240934722,0.1734648130503152,0.14905493643788315
37.5,0.14653968634453252,0.1678629055438006,0.16217998439850306,0.17637659290372634,0.14434731242268156
37.550000000000004,0.1495445126615075,0.17342832883448095,0.1647381125963097,0.1789399233825857,0.14775828634383947
37.6,0.15899895614406984,0.1783647907796574,0.15971060865246864,0.17140646490623415,0.14656843023862964
37.65,0.16073517327539838,0.18274414400963862,0.16251933582158087,0.18912065338264353,0.15012930968339472
37.7,0.16882993065129,0.18110559581743219,0.16625296277782634,0.1945050986844001,0.15303878477635527
37.75,0.1712750964036127,0.18663071506548848,0.16627837302530848,0.19322860924687735,0.15445511955298524
37.800000000000004,0.17225614710811696,0.18453382275442795,0.1699090539721836,0.19522301621375665,0.17099717736923345
37.85,0.1844526154908646,0.1841940801382542,0.17209076622588812,0.18323501210075113,0.1738822876071274
37.9,0.19635346520499178,0.1776151321237506,0.1796466509237311,0.19267831636994193,0.1742782152989932
37.95,0.2098619989577612,0.18109259787238513,0.1810291111896437,0.19547502968449731,0.18106260056181228
38.0,0.21962697897978947,0.18466185335184876,0.1865669400453886,0.19333421253951255,0.1839650961594758
38.050000000000004,0.22703904056102756,0.19006263841100626,0.18619954053046672,0.19645171156792865,0.19394363744984888
38.1,0.2340791836894843,0.18544517098170252,0.18929151290367455,0.20275515937177302,0.19627912059137861
38.15,0.23646385385925725,0.18776121422782413,0.18230793627623526,0.20308112309105952,0.20039255443296866
38.2,0.23444000200862053,0.1838799792152139,0.192970523162179,0.20193509008085347,0.19946209566676346
38.25,0.2437016288302944,0.18239881731953717,0.18983876221481286,0.20560773564750923,0.20757135087932274
38.300000000000004,0.24498585822430397,0.1849670545037497,0.19706103168058453,0.20504243339399536,0.20947291336925236
38.35,0.240247010907676,0.18061888720850047,0.19714611154020495,0.20809441038951537,0.21479259825196143
38.400000000000006,0.24194605759194965,0.17373140984107135,0.1970958362514736,0.21153986108988704,0.21420920960958328
38.45,0.2431572213032601,0.17217037389847165,0.19502278534639522,0.21606094515913574,0.21825086377226324
38.5,0.23890113175238822,0.17424291911638462,0.19466356914777425,0.21391913157882997,0.22707117654425477
38.550000000000004,0.23221805569910164,0.16425427808270884,0.196496757569975,0.21696995484408435,0.2206767325883559
38.6,0.2284651369323925,0.16112418102498177,0.2049736404696139,0.22421486902558263,0.22246035966173558
38.650000000000006,0.22953115893581097,0.16676370540972915,0.20409483476273385,0.22554625104444423,0.23869856996791292
38.7,0.2270583275102331,0.15873514177890707,0.1965093819523755,0.22664801371289348,0.2391164356901926
38.75,0.22930013787955122,0.1563107919731006,0.19153578482183511,0.23081944948774755,0.2309986793720626
38.800000000000004,0.22691155526868995,0.15428218216014541,0.19759091889326796,0.22722476352900753,0.2313357413300068
38.85,0.22857494659263305,0.15220060155202422,0.19278935482986256,0.2306355660977031,0.23391581000893313
38.900000000000006,0.22044443347456616,0.14576977479648265,0.1828228123832578,0.22487528618046743,0.22614553684810135
38.95,0.22194152355312144,0.14659588430032566,0.18274860537500637,0.2143296544236903,0.2317698751992424
39.0,0.21857810438312608,0.13929685394178834,0.18063419838754666,0.21994298619957905,0.22871807440569508
39.050000000000004,0.21847140193630293,0.13978855904526377,0.17453038464877652,0.22634988578021287,0.23506778703263734
39.1,0.22209330464046714,0.13800712116192762,0.18203283209199073,0.22491769545582546,0.23181052936307653
39.150000000000006,0.22818289392100108,0.12695558197642728,0.17833636108250317,0.22613949307898226,0.24019353290058765
39.2,0.23493330219408579,0.13321761523455486,0.17480648589579514,0.22936947414062075,0.2368899979622601
39.25,0.22977261424963458,0.12820151536765612,0.17595680694098248,0.22061648884942014,0.2425956351990758
39.300000000000004,0.2226715545658152,0.11875178870026452,0.17648412741010475,0.22324429959586853,0.24888289879832615
39.35,0.21872585317423257,0.12157589554420484,0.17441614655458007,0.22735031401090397,0.24874025419536433
39.400000000000006,0.20959175570009275,0.12052571661954242,0.1672879617159148,0.2273320827975807,0.24556214904373633
39.45,0.20174932104638685,0.1097751403982957,0.1647120991388933,0.23045613020404068,0.24796952949882356
39.5,0.19536974651529926,0.10842416580758897,0.15801138343670176,0.2331642960343305,0.25203529651543055
39.550000000000004,0.19760315035069786,0.1089837379337663,0.15236182906016407,0.22918674056737964,0.24888075279872435
39.6,0.1870702931756584,0.10280089952832717,0.14583349493387618,0.23897877520848163,0.24050187902596004
39.650000000000006,0.17842658499593414,0.10719565294646313,0.14397528590242265,0.23934938129341818,0.2404927697629201
39.7,0.17323171439633425,0.11061263297855536,0.14252660513647206,0.23492532741346542,0.23720347140132858
39.75,0.16957423014874434,0.12054360263015342,0.14006948772950753,0.24415909841475097,0.23429735927828793
39.800000000000004,0.168743904724365,0.11585098516905501,0.13371762866941875,0.25324279959799795,0.2349742939161922
39.85,0.16764023845441786,0.11692416288765628,0.12168952496156589,0.2519084494276151,0.24021898624090293
39.900000000000006,0.16619175794547703,0.12189443130577181,0.11860935884828722,0.2571942848572704,0.2388077311632057
39.95,0.16147784869834825,0.12482422008236459,0.10982947842191894,0.2600871670888792,0.2331475664683121
40.0,0.16189698640622133,0.12443395422569169,0.10236957572592703,0.2629686435801191,0.22527583083512645
40.050000000000004,0.15964430410949298,0.12784331834982077,0.10199549587639967,0.26743524774784766,0.22657100309385292
40.1,0.152091635398069,0.12343242972584144,0.09912682198403856,0.260956068252313,0.21513069276293204
40.150000000000006,0.15162062443043467,0.11644596959632882,0.09835675888001837,0.25568999603682613,0.2162864200492789
40.2,0.14668871038627582,0.11908304210398377,0.10060342807217418,0.24996366045449817,0.21688365450528793
40.25,0.14553679999162758,0.11652904323684433,0.09705100792143326,0.2479994423685441,0.21523034167788768
40.300000000000004,0.1348297622287511,0.11925297966965472,0.09799772934604987,0.24807066199795144,0.21662173905364793
40.35,0.1338084965578025,0.1118552792874948,0.09663174851664423,0.2543707049143941,0.20354554356446655
40.400000000000006,0.12940998365843293,0.10584745064830337,0.10136890976532766,0.2571760533402202,0.1949009067625712
40.45,0.11775749270479813,0.10770901785080192,0.10430606651067545,0.25714720520840695,0.19942423972708007
40.5,0.11299963936253585,0.11205460493544757,0.1056708766699769,0.24459963253513733,0.1936890274079915
40.550000000000004,0.10762322609793044,0.1065779116649598,0.10607170896000588,0.25485351029388564,0.1966180822529823
40.6,0.09897232525161322,0.1208474206040732,0.10458401215118986,0.2595803160329319,0.2001775902569326
40.650000000000006,0.09118474453408201,0.1244463880345864,0.10243659996408126,0.26103328607851284,0.20337579707451595
40.7,0.08418788872008248,0.13153120944493596,0.0999000078266678,0.2728867600167072,0.21302095045952088
40.75,0.06798380873447615,0.13339568038580285,0.10405594418577997,0.283432233054474,0.21361079321774593
40.800000000000004,0.059022016328911145,0.13807579552964525,0.09867027481561923,0.2748254191441058,0.20861779665284563
40.85,0.05562533381233777,0.13810253972258363,0.09928485375745409,0.27739031953728666,0.20704079287519492
40.900000000000006,0.05514504333510745,0.13924113393186274,0.10223841811472296,0.27691856432633727,0.2172753353379789
40.95,0.05621400488569681,0.13400165397703348,0.09942084245772034,0.2761728140348651,0.21678940672218697
41.0,0.04849891795526861,0.1403334312532358,0.10717210525548242,0.2803715612878228,0.21404959494202339
41.050000000000004,0.03802805211728022,0.14387378511748905,0.11037321504312206,0.2794830876109421,0.21543589913764385
41.1,0.03866287551582519,0.14024025986805502,0.10912750063021401,0.2819166928333132,0.207755125166629
41.150000000000006,0.03112309409249915,0.1396005776477089,0.10636085145964437,0.28364849510352674,0.2097218544338423
41.2,0.02275001396608406,0.14153073193312507,0.10939506188173925,0.28994582678667435,0.2066858534340268
41.25,0.016398888517261553,0.13896468328402375,0.11368597343772419,0.2916862937537928,0.2012355658006087
41.300000000000004,0.0028665077966436464,0.14128477808263093,0.11366242543658854,0.2792867177746492,0.1976079885631908
41.35,0.013429129315897249,0.14355145375217132,0.11867504359136333,0.27551645449086526,0.20379821349292024
41.400000000000006,0.009995465204036139,0.13034232437445578,0.11987545453390885,0.2751790235767831,0.2031054167126291
41.45,0.020154434584829073,0.12840833629826823,0.13105959069375048,0.2789944027799926,0.19884599294810615
41.5,0.02432121233581545,0.12877328488829182,0.1296246273543512,0.27993881866043624,0.19101752427764515
41.550000000000004,0.025134142104551484,0.13683618933303918,0.14012822268038072,0.275934249459228,0.1874918192393621
41.6,0.02829467886283712,0.1488784308165872,0.1473838532218897,0.28021642644556516,0.17218887597437676
41.650000000000006,0.03644678847792813,0.14021415491597047,0.15684857526936669,0.2922744272295088,0.16471621157262817
41.7,0.047799244738874765,0.14598245243704835,0.1680019454238428,0.2885234300056091,0.15643312112922658
41.75,0.050526200061888224,0.14493486464184288,0.1686666768764346,0.29132348200495495,0.15138618082061897
41.800000000000004,0.060526344264271496,0.14342848747513082,0.17622769001014427,0.28792992053626076,0.1432472226627435
41.85,0.06729366144192545,0.13878167808385153,0.18289782785517653,0.28799352755017327,0.1443433852468806
41.900000000000006,0.07720771551819651,0.13787757570646209,0.19284124313216922,0.28451078921398515,0.13307910246091484
41.95,0.0912901062958447,0.13445714891247826,0.19751194635241814,0.27391834715106,0.1197073638212958
42.0,0.0951606176432254,0.13549460510279474,0.20187343463559046,0.2671210532110264,0.10413052755139975
42.050000000000004,0.10282701913475391,0.12838061704816467,0.20700363033929686,0.26141816257845013,0.10401584013792356
42.1,0.10916342892507296,0.11881154912684273,0.21351289834365086,0.2639317336497036,0.09237238476082206
42.150000000000006,0.11397076189942618,0.11972745731650888,0.21697082090160882,0.25224790890762594,0.08875748205623757
42.2,0.10892127658947742,0.10610908361409348,0.222384733601599,0.2512379356798577,0.08201022774948666
42.25,0.11991550618648293,0.09979960400390174,0.2250636642838222,0.2556139994132639,0.08486169184363229
42.300000000000004,0.1304365672251964,0.099749910257946,0.2276998823712048,0.25591710787682304,0.08672805765850089
42.35,0.14517334937895968,0.10140654954495418,0.22863931000779197,0.26497685170189217,0.08283653187631966
42.400000000000006,0.15036293454841637,0.09818204395016505,0.23344745137488865,0.267933169187906,0.08402264603138417
42.45,0.15426587744470788,0.10382525338383844,0.23848374532523384,0.26324887129853713,0.08236993077256266
42.5,0.15983682506755817,0.10036968736083635,0.24906353089834846,0.26168571968841736,0.08459430113003387
42.550000000000004,0.16120314184327,0.09974182581115143,0.2592415676371099,0.26001209004912973,0.07961622919502022
42.6,0.1643436300965559,0.10091426167736542,0.26309665608197375,0.270648745304442,0.0747621511950025
42.650000000000006,0.16937601255861554,0.10770755178196224,0.25985486453540063,0.2656156844367594,0.06659428292400482
42.7,0.17431630864043138,0.10158721530924755,0.2678576692499046,0.26689752812810247,0.06691268478763265
42.75,0.1835197436026754,0.10383688321146341,0.27615392003670547,0.268190120458251,0.07098226706872021
42.800000000000004,0.18286914871634843,0.09292033708087917,0.2761654728792227,0.26631577217180386,0.06458421623537756
42.85,0.1805109530778058,0.09135357628152563,0.27574085257263803,0.26334195853014136,0.07159377709383488
42.900000000000006,0.17788189351197803,0.08998794046955494,0.272734075518784,0.26210453458678673,0.06518034958146637
42.95,0.1768513351813986,0.08805787562004759,0.28106465708014017,0.25129180541009116,0.061023104507956505
43.0,0.17431108410104781,0.09127757529776263,0.2875263816954402,0.24690227895371933,0.051836231893566766
43.050000000000004,0.17566712396623707,0.08964079599982969,0.2884445886339784,0.25088753909533745,0.038190578087338334
43.1,0.1728171799753211,0.08680510862021622,0.28641068075491577,0.2472089040878008,0.03908195034390216
43.150000000000006,0.17384627710136785,0.08777156849035295,0.2883081879592575,0.2519810981098502,0.03713188881378346
43.2,0.17073424035289683,0.08543768772936701,0.28826262493744914,0.2540573395254977,0.05030725956788706
43.25,0.16809060912610904,0.08763299744557063,0.2970676073272084,0.2531636996369861,0.047559914117069245
43.300000000000004,0.1685391548311325,0.08241744883779513,0.29587484394160796,0.2564147064895922,0.050355192876298235
43.35,0.17169310977671257,0.09059844411160678,0.2957313960765809,0.24865718639244538,0.051961134328205476
43.400000000000006,0.17361889332666236,0.08438558538826142,0.29407973320047387,0.2533997716344733,0.044713483469915036
43.45,0.17486190851788355,0.08664509213547651,0.2918083050657639,0.2535746514076659,0.0478229262938582
43.5,0.17238974688657638,0.08324172739778911,0.2863148289232223,0.2438935706319195,0.048310227659458346
43.550000000000004,0.15996588334482661,0.08172109354246028,0.27782256316725507,0.24447227439492486,0.044135287780988734
43.6,0.1525147023619118,0.07745865297838632,0.27709712233805184,0.24249693317849763,0.04793267328965194
43.650000000000006,0.14516147570050517,0.07260300395965871,0.2745606648917571,0.2469796995188735,0.04435311693565044
43.7,0.14803496928728008,0.07588365472796733,0.2672170351886403,0.24793927428147142,0.04689379008951129
43.75,0.1470475055998659,0.06535478503015396,0.2641360629626018,0.2410007407247904,0.04168930025588109
43.800000000000004,0.14177639753799018,0.0692548094051136,0.26481017782157373,0.24296084366318135,0.03872527978706071
43.85,0.13401375654880507,0.07492947406486056,0.26365471240662985,0.23460059131368566,0.03899345466901299
43.900000000000006,0.13028014208501065,0.07645148355521984,0.25820371733934694,0.2400738032205937,0.0327540628495595
43.95,0.12811947875604507,0.08104364256566489,0.2500409309434532,0.23502126256495504,0.03791357329951248
44.0,0.12250123022560819,0.0704271817207652,0.24388544110579735,0.236179620178834,0.034632275284368644
44.050000000000004,0.11811254645770644,0.06761547079578827,0.23957448365288495,0.2273070915032481,0.025884624036759746
44.1,0.12312742090754375,0.06385505614751158,0.23503536501386654,0.23054053916464604,0.02409489115691734
44.150000000000006,0.11899266667563745,0.054502689440785436,0.23246359406108597,0.22536307900586414,0.01520509501501523
44.2,0.11975364123540888,0.04823088916201598,0.22526358892642026,0.22427813914360392,0.01345095059410628
44.25,0.12164663070128376,0.0568829790523688,0.22382973212103358,0.21884759711349808,0.015600742602123317
44.300000000000004,0.12726502567638656,0.045628827101177986,0.2188511115693084,0.21505007555595884,0.01858296323166035
44.35,0.12057317373305441,0.038529403424241646,0.21761087260370388,0.21474438016599443,0.017845283014599984
44.400000000000006,0.11557296576563658,0.04008069689089355,0.21204745007580442,0.2128945715684856,0.015187756616931324
44.45,0.10998396144129642,0.04375445826405842,0.20945680907550446,0.2147071103686389,0.020549342896332354
44.5,0.1082794507370126,0.039353463257788796,0.20362072940451612,0.21135831157098497,0.02174263626217522
44.550000000000004,0.10442102912724394,0.04072460417378797,0.19499569081189297,0.206238321566311,0.02671868490791013
44.6,0.10054784047008793,0.040945169503305144,0.1847798112135118,0.20808200157331821,0.029325659884230446
44.650000000000006,0.09730769680721951,0.034755122501469386,0.17873027587084298,0.2026506803907936,0.029704425455797177
44.7,0.09512127830435169,0.036731114765529156,0.16946628507902667,0.1875722722835514,0.028204166429280565
44.75,0.09548843185355202,0.03229982987040587,0.16373009057287258,0.19217322323564298,0.03807505990833382
44.800000000000004,0.09515712020119405,0.03877267666813564,0.16042660433371717,0.18723299479155853,0.0313709858594097
44.85,0.09527228765130744,0.0333655869149927,0.15354732027938034,0.18244126813367856,0.02516528522221359
44.900000000000006,0.08347321139656379,0.034307477761890824,0.1494738483904131,0.19191789633432815,0.03181959713407767
44.95,0.0866704792936158,0.03854960699980249,0.14229534557755444,0.1861184078321258,0.04024109456784918
45.0,0.08837863340660208,0.04261690215762171,0.13918885957604094,0.178839570281595,0.04816679972587459
45.050000000000004,0.08451811439208277,0.03842665160369686,0.12862259699949855,0.18758139506293137,0.041010226782130635
45.1,0.08490658906697704,0.03487787355282224,0.12177813551795985,0.1952976204192422,0.061770105538221536
45.150000000000006,0.07950208416948137,0.03511305808611212,0.11578891810448531,0.1800539076840397,0.0660433379875641
45.2,0.07081829053476651,0.03608742564893133,0.1167986734388209,0.19138960983968156,0.06894050402560764
45.25,0.06523836284724682,0.0332976350324569,0.11198411140563948,0.19277517274816794,0.07789039272997483
45.300000000000004,0.06038730474966547,0.03635483682211376,0.11336768115875143,0.19204019667474068,0.07054933871511536
45.35,0.05061173588698123,0.036484734373144465,0.10041106175184857,0.190744958619846,0.06566737880446759
45.400000000000006,0.04825713887387246,0.04452316409628046,0.09727312170697874,0.1933622282452344,0.08258399918794006
45.45,0.0484841746723164,0.044337278625084395,0.0824851867418557,0.19473167540346245,0.08389378863282655
45.5,0.05283022440495508,0.04730781612258677,0.07730467014722764,0.19989359745158697,0.095812833658984
45.550000000000004,0.0533348267788888,0.03978384055495104,0.07051014648159853,0.20387601810891642,0.10498467072388491
45.6,0.05244204386718914,0.0388582357364425,0.06749888647126946,0.19558373760001008,0.10906362284431417
45.650000000000006,0.05491385788612242,0.03892745826616769,0.061763858254100384,0.19446178933281547,0.10383866373982008
45.7,0.05532704658141629,0.03943846159111429,0.05835301902467517,0.1884794613177019,0.09886326107598983
45.75,0.05758193028742383,0.04358043579354006,0.05616357858936296,0.1793474044225449,0.108080901387519
45.800000000000004,0.05958968468588409,0.04539285672025337,0.05287990078442513,0.18732152581027128,0.10670697531625034
45.85,0.06187537375105577,0.04184195145013652,0.05204367984380608,0.1844006801706681,0.09861388459047159
45.900000000000006,0.05952194427139039,0.040096652143754546,0.05090185485421601,0.18864866507806766,0.09914445573155918
45.95,0.06953838646823692,0.04686733385830383,0.04543238371649901,0.18415136408157806,0.10038102808791724
46.0,0.06922559483476537,0.04576896999240859,0.04198127807296176,0.17849344099729694,0.101255160717304
46.050000000000004,0.07854644702627678,0.0433223439650196,0.04299391731560258,0.17028619420289257,0.10731173419872851
46.1,0.07855201770016222,0.03849596625360028,0.038482585190091345,0.16587562562093258,0.11732832958179704
46.150000000000006,0.0789793441308806,0.0376971962668733,0.042646819034266675,0.159696474713411,0.12661195838622996
46.2,0.08597604638354994,0.039449963490641816,0.050183853348506856,0.16524453843054307,0.1367726052484928
46.25,0.08743982007804374,0.03789072262260644,0.05868977720534873,0.15881397333766215,0.1479595293602611
46.300000000000004,0.0910101332353326,0.03383032156408638,0.07136861502829951,0.15924266423067387,0.16623464835507806
46.35,0.08485719564591543,0.03069890061785316,0.08558767874449863,0.16000439528961566,0.1621537540384147
46.400000000000006,0.08813395052718213,0.03224937972364968,0.09358615780557468,0.1527509636143397,0.16325793692642554
46.45,0.0912488820758941,0.03492792313453936,0.1021492647780975,0.14514275232469603,0.15928982182993112
46.5,0.10113344236084586,0.026743772002944723,0.10721716160993675,0.13885990085828806,0.15546963037770825
46.550000000000004,0.10760964193835387,0.03383177817429762,0.11579954278316147,0.13219310884253768,0.16066872960429424
46.6,0.11226072973941309,0.03576498302484301,0.11661971466887948,0.13947963990283488,0.16976746791307487
46.650000000000006,0.11232143988231925,0.027296251321631576,0.12209095999819103,0.1363905421002144,0.17304036947606893
46.7,0.11162638967830116,0.030612690783708058,0.12722910249535146,0.13011281069906314,0.1844038545555654
46.75,0.11308606399826253,0.027808147688036054,0.12982876167145352,0.1351075906738009,0.1810193018081858
46.800000000000004,0.11482675249666113,0.03860311141497399,0.14568293874485688,0.14034140207575554,0.18557178864883644
46.85,0.11308805714395821,0.0304050989431173,0.144512241176373,0.12915716299778052,0.1922832808721067
46.900000000000006,0.11315108323337156,0.041870415068529156,0.14891600559638118,0.12407743454441271,0.20518694652213307
46.95,0.11707031381848185,0.03435247351350912,0.1552690911515666,0.13179537534361047,0.20560538728314762
47.0,0.11672745822906207,0.033516687470457426,0.16701352803420053,0.12154336181299523,0.19794550787524268
47.050000000000004,0.11636264643290331,0.03617480225161537,0.1762980670089959,0.12167618156877061,0.20629010443315127
47.1,0.1169519857314961,0.03161200023995627,0.18232585233925808,0.11072643910043445,0.21865478359216475
47.150000000000006,0.12080510337658339,0.027204988996560243,0.18985369768003982,0.11988097862029848,0.2328192921599091
47.2,0.12820625774037117,0.03003839445695838,0.19601157961709859,0.12111183382423896,0.2405073984743629
47.25,0.12713210192966584,0.033638021802940385,0.1999500472347476,0.11718316359730285,0.23139086100956724
47.300000000000004,0.1221497342309418,0.034379446585136045,0.21053776648762926,0.11265006754866695,0.23478260129577283
47.35,0.12620534697718963,0.043094883719705775,0.2180858492581102,0.10919180359444762,0.23937135398583512
47.400000000000006,0.12469911571754148,0.044940367958114846,0.2300262759212811,0.09632897398387753,0.2418600277068465
47.45,0.1293481534542445,0.04735871483992273,0.23877789473552669,0.09767398268801993,0.24779679836689542
47.5,0.1292087959145013,0.04994185868719667,0.24479956819378998,0.09215577700486013,0.24925069550711249
47.550000000000004,0.12875569152945573,0.05121979880195032,0.24968867132440287,0.0955232723737782,0.26055131843451185
47.6,0.13814651421309218,0.051812702855834544,0.2632712006414748,0.08745455200390113,0.2643781444297968
47.650000000000006,0.14224898145814704,0.05439411993042385,0.27267114548690397,0.10112310411498297,0.2747440650024342
47.7,0.14861955432650828,0.05904181752229478,0.2774212038050291,0.10897277138447008,0.2888839359267306
47.75,0.1496495199303506,0.05983637512165903,0.27600272923123587,0.10682579873731421,0.28614415203540705
47.800000000000004,0.14953243741765998,0.06452033842102683,0.2851880079452859,0.11241394548782224,0.27580226084357323
47.85,0.1506994643478254,0.06594112757102287,0.28815342144124306,0.11624789436642201,0.28979633755397055
47.900000000000006,0.15751432101650806,0.07444760586314782,0.29754083590808633,0.12183784190146361,0.2844041885494059
47.95,0.1609827243472461,0.07826279796246319,0.3076228081230417,0.11445932661222367,0.28764480705621637
48.0,0.1616739920659291,0.08304587305588941,0.31979957854001906,0.11049251824156674,0.30093396252895116
48.050000000000004,0.16313965427554628,0.08278799297206228,0.31973928191033285,0.1198585857857054,0.3162439929962685
48.1,0.16479122049402395,0.0885099064662148,0.31813537106459033,0.12353379016929658,0.32162894434595374
48.150000000000006,0.17151201120289733,0.09829932153355382,0.3154623681645059,0.11597068549059039,0.32156634537363077
48.2,0.16708400526241443,0.09718887037790658,0.319731144783774,0.11438621838877691,0.3280558488188229
48.25,0.1677716766863043,0.1064578755616265,0.3200009523213554,0.10514185695097482,0.3307362307872995
48.300000000000004,0.15929875142746336,0.11631644150192481,0.31871979951633184,0.10446768717676085,0.330100317512366
48.35,0.16328146787319253,0.12541549439812968,0.32375175989655286,0.10270319252887893,0.33475849482812875
48.400000000000006,0.16240593812212956,0.12999179928512536,0.3219507624750217,0.09872906501578843,0.33486597287067515
48.45,0.16484876048443714,0.13453062921263237,0.32696262622289884,0.100380043466371,0.3361281529448531
48.5,0.15858337845827897,0.13369373828496267,0.32618488453180605,0.0992141759412681,0.33701223180626194
48.550000000000004,0.15228179836070027,0.14147073211073974,0.31909812335054977,0.0975260198693142,0.3306592940304644
48.6,0.15409258160738853,0.14329416874034126,0.3247891912101968,0.09180092472627534,0.3358657408308537
48.650000000000006,0.1517560138708549,0.14291129808936867,0.32310108773530827,0.09433317241256438,0.3411863543319038
48.7,0.15012340998618942,0.1429258985248118,0.32860175610265985,0.08564366816847628,0.3455391795129912
48.75,0.14484175015288633,0.15696429540001702,0.3291979728592135,0.08734648978208387,0.3408097634001972
48.800000000000004,0.1491347375693121,0.15958051889094158,0.32338361919034775,0.08487231221145537,0.33901095427612454
48.85,0.14971271290648397,0.1671525869971805,0.3169577686834467,0.08311972015589385,0.3427798185559041
48.900000000000006,0.13814276389459698,0.16923198665821282,0.3113611252411076,0.07478904518852908,0.3402124505927913
48.95,0.13963028643946068,0.1713602639173891,0.30858707250049605,0.0803593439516657,0.34861966830493263
49.0,0.13251212804397014,0.1595770584461113,0.302170003530937,0.0760969056643081,0.34533004046776833
49.050000000000004,0.13210010015548368,0.17133851983328463,0.29656441231435204,0.07222121356051536,0.3455749785139407
49.1,0.12541781830820997,0.17199046375882113,0.2903566593589393,0.07076179241373527,0.3380454526575951
49.150000000000006,0.12376547895718193,0.17975644446389716,0.28049640286357524,0.07115628414626793,0.3492260500510377
49.2,0.1170825347875136,0.18950946254817622,0.27793271430559024,0.05897592216102343,0.3560949796471544
49.25,0.1107562631055962,0.19173302833014375,0.2731985039336918,0.05261776956228063,0.3547733227829638
49.300000000000004,0.11305739302584222,0.2031451466815557,0.2675506079500934,0.05807925695568771,0.3519400681232439
49.35,0.11917621011254055,0.2036918458046695,0.26000948786927336,0.06065340853493691,0.35315101867352866
49.400000000000006,0.11459866634861135,0.20427551162220656,0.2558270486519166,0.06006664209270303,0.34595988872413236
49.45,0.11167315181100503,0.20873752559715977,0.2495031672613662,0.06361827589775015,0.3418670331408035
49.5,0.10210866944438562,0.21301401606738127,0.23674619161875687,0.06029428677581256,0.34617844412173315
49.550000000000004,0.10614274986900661,0.20953972204083243,0.23181971367414145,0.0513119313122796,0.3399709427133265
49.6,0.10088723125789657,0.21153165738754434,0.2265636139744629,0.054609863112245464,0.3328025275975207
49.650000000000006,0.09773158386367352,0.20762777191131102,0.22351865255057035,0.05370904392107079,0.33953176827491316
49.7,0.09401523093954493,0.2066931135901932,0.21851788570300393,0.04752566151722675,0.3326822206540096
49.75,0.08716436226988417,0.19913675051686713,0.21495010028038689,0.04830594336196969,0.33396057190310313
49.800000000000004,0.08772283355210928,0.20521107234330446,0.20554222678089357,0.04504767377891345,0.3412901369204345
49.85,0.08746325654949916,0.20587521140536585,0.20168792427435375,0.05472749685841887,0.34700743576517806
49.900000000000006,0.07345334214589574,0.1993977762825115,0.19767522620872185,0.05122482300912331,0.3430534482801108
49.95,0.06815203939859196,0.20814319449852822,0.18659937871317134,0.04842986722207433,0.34677593824281877
50.0,0.061668267852605235,0.21119653398731417,0.17921957392174315,0.04842880613172453,0.3444960984551894
50.050000000000004,0.058462894455948156,0.21209183326210124,0.169490757113254,0.04751294919326264,0.3434296926139403
50.1,0.06328999047346542,0.20805407181014526,0.1683016257542399,0.04580662857744864,0.33751549406464376
50.150000000000006,0.05499550285045821,0.2199981607187485,0.16791465795116664,0.04164498792879099,0.34131878897926937
50.2,0.04700521400579737,0.21646649621215427,0.15554372005036404,0.04011475234308504,0.34973724598282263
50.25,0.03816179780931261,0.21854993157998473,0.14975207138857766,0.03950861276549877,0.3499370802209603
50.300000000000004,0.03816455179182706,0.2230106959894671,0.1498617828469125,0.04585298220284421,0.33966575895901324
50.35,0.02872646716723519,0.22305037437378084,0.13856592212783655,0.043335407875687876,0.3374533542779506
50.400000000000006,0.021678653547961682,0.22724859523886948,0.12629147285237657,0.03589377868919319,0.3366142331288103
50.45,0.017078472250167624,0.2223614518873983,0.12196623079976252,0.04194898001594978,0.3381654919295583
50.5,0.017878518498803564,0.22419407143771003,0.11345158802988094,0.03285566248757294,0.3248023294372792
50.550000000000004,0.013654621147934856,0.22451119804037137,0.1026813689520675,0.03784437242482367,0.3178994425745654
50.6,0.0217942247706115,0.22065539147538296,0.09579785324707435,0.03485906066178501,0.32383043640202636
50.650000000000006,0.02976553534254912,0.21548008824502482,0.09816960778264844,0.030682847974762884,0.3211419961372258
50.7,0.03848371827678509,0.21102329611826656,0.09762207365803603,0.028947029634128967,0.31882135656985733
50.75,0.04273029034223733,0.20783883847677107,0.08854343938587222,0.02929222180994817,0.3313498275439192
50.800000000000004,0.04831702867505456,0.20383607018023933,0.08311738816772164,0.022011497633837272,0.327383403564582
50.85,0.06570620301769425,0.19725666095470334,0.07936660420929642,0.025026652393050526,0.3182064458999285
50.900000000000006,0.06904951473461064,0.2050435777222932,0.07857357190796677,0.01429875885345926,0.323193218864027
50.95,0.07938015318748103,0.1935773961737307,0.07558797547597743,0.01635887611028771,0.33269542404764313
51.0,0.08285917487470275,0.19167610666587673,0.07063505961701778,0.014770885082735476,0.3306990290389907
51.050000000000004,0.08414762492277127,0.1958871988666864,0.06848901948095776,0.023975525674048117,0.3331027120817598
51.1,0.09126937065324675,0.19641300665957542,0.0675650611835032,0.025984648877234794,0.33488797267478326
51.150000000000006,0.09738153048750477,0.20550376773702098,0.06816445160500365,0.028455133907208087,0.33427892137627147
51.2,0.1058645662476717,0.2053597411809511,0.07005228208096966,0.028975736417414286,0.3316261342283003
51.25,0.11920683173952105,0.20747057529098104,0.07475229956554098,0.03242156390072102,0.3315266226333847
51.300000000000004,0.12423942191284748,0.20752680892481215,0.08352488935552689,0.036744156037762446,0.3271595489565268
51.35,0.1389730143840438,0.2011468044085846,0.08407669137319332,0.0428737282510229,0.3231020142273992
51.400000000000006,0.15059079599006717,0.20445457491446897,0.08592455588714973,0.03850950670600399,0.3188348466138634
51.45,0.15855851683636535,0.20780906762914514,0.08845864253822443,0.046339230257037754,0.31220769182595554
51.5,0.1658372357055753,0.20464011936349416,0.08563895659463812,0.04381057532485587,0.30174260129727815
51.550000000000004,0.17019758274241742,0.20440480091639868,0.08601492502825152,0.044690465450048976,0.3091490253635959
51.6,0.16833615040143773,0.1969658244829563,0.0931417713682765,0.039801175377208904,0.3108324875781815
51.650000000000006,0.17033507343994247,0.19210174322376244,0.09349746487981912,0.038682512270751784,0.31233016702005606
51.7,0.17555163161696066,0.1912476498769019,0.09537772219088031,0.03352535157222928,0.31297109067814954
51.75,0.18495145084003378,0.18757611463373336,0.09929552671356652,0.02976884784324727,0.30429670037160667
51.800000000000004,0.1848526832183814,0.18474601926645862,0.10089560909487069,0.025530745064961093,0.3034805158873269
51.85,0.19285107174220986,0.1755493309882775,0.10847691262642117,0.027082815447021825,0.2942354055737627
51.900000000000006,0.19178145902296853,0.18373050196895324,0.11654171475701006,0.0203932001301665,0.29409785346492284
51.95,0.1962115723944785,0.17694976089475822,0.12292932358968875,0.024723164162640737,0.2974833577255218
52.0,0.19739288616676737,0.1839731151012227,0.12878547292768658,0.02584050229027347,0.2959645023599853
52.050000000000004,0.20292702947233318,0.18567901984005813,0.137103206718231,0.016722615850764184,0.28570602327447503
52.1,0.21213124063413602,0.18676040499482788,0.1383139482328682,0.019781343753990543,0.27945657034726873
52.150000000000006,0.2130155924805868,0.18407724404910786,0.13713117146558546,0.0324781154218793,0.2666132864269122
52.2,0.2141055078151125,0.180495784426435,0.14219408800235878,0.027266764480819394,0.2771575172381546
52.25,0.21628150860747986,0.18299178193430635,0.15369842215891916,0.029768211345572795,0.2785235543693286
52.300000000000004,0.22127176547842223,0.1900067516081821,0.1583688700174786,0.040086944664263456,0.26036969113265823
52.35,0.22201608347710816,0.18852722255186585,0.16475256632244134,0.0425856184780021,0.26126444990572406
52.400000000000006,0.22296630596719538,0.19730585104398568,0.1651439524038913,0.046926114687751125,0.26294326251855954
52.45,0.22913345417450692,0.18833246218128227,0.16794486105951847,0.04460388083561795,0.265571539064129
52.5,0.23547052830567144,0.18220748657390734,0.17026997648953365,0.04646478794328979,0.2513458921027434
52.550000000000004,0.2341672887016854,0.19048054280508958,0.17464039941189677,0.03997236370587101,0.24240287211001832
52.6,0.23043087381760516,0.1949766952833248,0.1793691472021658,0.04048551901497429,0.23094723497222144
52.650000000000006,0.2276380600708826,0.19520335433576802,0.18258148503997326,0.03860122631617138,0.22432043487422107
52.7,0.2347585360575531,0.19589614643568332,0.18858810297538067,0.04304574691775204,0.21256357189085168
52.75,0.2324828087677198,0.19632118110434146,0.19235215114704846,0.03636045607520479,0.21388295545698932
52.800000000000004,0.23530659076296598,0.19170884209188183,0.19400992970768152,0.04065859707908408,0.19962276058710043
52.85,0.23696010342673376,0.19536550755013862,0.19701353691282292,0.043281627783659085,0.19415778194941985
52.900000000000006,0.2287241108009463,0.19107325509494144,0.1973340756828453,0.05409200578816409,0.18777105283522308
52.95,0.23348143852624165,0.18677236676560655,0.197723168187215,0.0519386766885123,0.18845824180795545
53.0,0.2354099455230676,0.19577011910537648,0.19798485282649883,0.05107831083884613,0.1883679617550126
53.050000000000004,0.22958436523099024,0.20387137665732452,0.19716071487341738,0.04835489606769607,0.19339212880382256
53.1,0.21978851775056363,0.1995329810657649,0.193931876481804,0.05376783363255999,0.18421447088883355
53.150000000000006,0.22242599208750596,0.1988360321703288,0.19155073335037812,0.055806655435301396,0.1891152618580344
53.2,0.2206160570220747,0.1966617181434721,0.1932154541373429,0.054094682489222605,0.17843979193783202
53.25,0.21781415582352512,0.19931098435762126,0.19179740876854198,0.04686271964695562,0.16981995444253375
53.300000000000004,0.22051017605530848,0.19928166684119708,0.19156766104150075,0.04415306300213087,0.1684020028218185
53.35,0.21905302163149445,0.1991285916562224,0.19398919753251553,0.04567634725528359,0.15533698068596316
53.400000000000006,0.2140535195903902,0.20110087264023938,0.19471228866158696,0.04337969706436256,0.14550669937746372
53.45,0.20717025992507318,0.20031449164851553,0.19890592709001842,0.04049261985135905,0.14332357825347403
53.5,0.20363543650191815,0.20317692559287395,0.19918837747494866,0.04379451028421111,0.1379135389902639
53.550000000000004,0.1957862343019758,0.20042825568891634,0.2014632025912316,0.04333501217824763,0.13747222399646333
53.6,0.19021832442460163,0.2027714235376502,0.19884334235124979,0.033907444592458355,0.1345275753624283
53.650000000000006,0.18323116580558807,0.19837217207839128,0.19746024949965674,0.044687800071496905,0.13245681273442755
53.7,0.18015872315474502,0.19537791474023114,0.20269824455407576,0.03630650714284074,0.13601194408267586
53.75,0.1756569225971588,0.1960046276796661,0.19758987735017874,0.04103458537433701,0.14599323946851983
53.800000000000004,0.16741314500297622,0.1994330788918858,0.18920570773911974,0.039468412399927925,0.14864349816057162
53.85,0.16179759615282652,0.19554296135166407,0.19387959053178538,0.032799589687565564,0.14535344327845537
53.900000000000006,0.15568433352528846,0.1837690673216277,0.18812520149344653,0.028193421200372503,0.14753587679968544
53.95,0.1574806517231684,0.1840564613162624,0.18979245841274936,0.022604576327903837,0.1456192169335988
54.0,0.15739453623065555,0.18339702827852308,0.1896413980839654,0.014357434866418167,0.14460945248188092
54.050000000000004,0.14908661890374947,0.18549484341404146,0.18617444885168152,0.016362901281107317,0.14725472173166732
54.1,0.14206385765286825,0.1912483021939874,0.18991276626860482,0.011517201669785064,0.1470203742425607
54.150000000000006,0.14096312704970823,0.18177359888528835,0.18344092726753133,0.0234213058735891,0.14439947036093528
54.2,0.13315513375683882,0.19631894123901233,0.17949956925344376,0.02316158521005394,0.13104243605928828
54.25,0.12716294587107263,0.1925097244071478,0.1836437635413969,0.023746131218807275,0.12536803998905385
54.300000000000004,0.12264653202087632,0.19224181426757123,0.1844536074503642,0.019857224994420167,0.12395183433032081
54.35,0.11071976547776739,0.18798319692631313,0.17864514810918697,0.020164328625213036,0.11948302518706062
54.400000000000006,0.10925010411837457,0.184966848820064,0.1751418166104083,0.015672576178446144,0.11341014099036298
54.45,0.11354592760037246,0.18959135090014126,0.17627393745837455,0.014056932762458188,0.10753384058921825
54.5,0.1038919279754655,0.18790959040442773,0.17780858743071876,0.019225938306197503,0.10777673328346173
54.550000000000004,0.1040974350283852,0.17541959265767282,0.1703529662980301,0.013119523710331454,0.10972532883759906
54.6,0.09473096862339164,0.18372482458023195,0.1715936814283016,0.007289444501904822,0.09630165496141023
54.650000000000006,0.08501025053259034,0.18260126275235178,0.16993874541749937,0.012398536577678136,0.10250798761102062
54.7,0.08132800980081448,0.17809354298397076,0.16988873148629183,0.021700384196498446,0.08885605217329196
54.75,0.07834928262493673,0.17462894195015966,0.16907383125943004,0.019690655196902912,0.0901082350678646
54.800000000000004,0.07038083924979222,0.1639904193179367,0.17349841419946002,0.008042447799371605,0.08939128164352997
54.85,0.06687716204145239,0.16723694596307115,0.17226371704477128,0.017074782389742305,0.09441116904512337
54.900000000000006,0.06469683120483122,0.16548471984406254,0.16652790013741214,0.018625157767060137,0.08826516243159842
54.95,0.05761597024588899,0.16988945329526767,0.16502520079562005,0.011942024457178606,0.08295119040640121
55.0,0.05105409152898357,0.17492304765309016,0.1605680878330104,0.01185933860358783,0.08190028295298446
55.050000000000004,0.05170791307918221,0.17339805240010212,0.15915744323986009,0.012240334723333907,0.07577026070920528
55.1,0.04854921945839811,0.1739938576138556,0.15832744922480985,0.005395092336585903,0.07990888543724028
55.150000000000006,0.03811644386471814,0.17313046024989404,0.15581964884588223,0.014796548097095935,0.07639946679934309
55.2,0.030554767037825305,0.17274443365645623,0.15767895146665833,0.010761837037772691,0.07350848026455241
55.25,0.026949190607086625,0.17154816266515083,0.15387554028636993,0.01213847214984175,0.07223608829661383
55.300000000000004,0.02934528283746961,0.17197915798119862,0.1560761454664182,0.010118345347664258,0.07660515149887687
55.35,0.026544386485742283,0.16799450911205033,0.1602433162915552,0.009195002958816355,0.07482676712101846
55.400000000000006,0.024549757449960956,0.15638721812358478,0.15926476328312472,0.019542581103125393,0.07582806314168357
55.45,0.021531206965548767,0.1561107775010713,0.15984884694593968,0.019228850806379837,0.08892770766190512
55.5,0.02512359186813239,0.1608804426601468,0.16506494090521878,0.018577939524588822,0.09570390766737673
55.550000000000004,0.023877797139823864,0.16410573203248607,0.16972139269936357,0.0234215047816667,0.09616190040140128
55.6,0.02412335430844016,0.15660295199381394,0.17885116024930806,0.022379232310147223,0.10316564658133215
55.650000000000006,0.02176810553409233,0.14753476295237844,0.18113992628877684,0.033091055475972596,0.1139650339499627
55.7,0.02159777584337491,0.1459649979799262,0.1826123231916739,0.03227556313100445,0.12654787536159848
55.75,0.025975140893211474,0.15025218610493943,0.18067193682164925,0.032375744954334755,0.12123577916934779
55.800000000000004,0.025006144211284977,0.15922747720903654,0.18715721194729157,0.038187365258271176,0.11999293946403489
55.85,0.02936008392477743,0.14660308687397317,0.19043214816952747,0.0422022146465449,0.1256923750727158
55.900000000000006,0.029053776064366273,0.14644759761132126,0.19380501405052664,0.04001948713020038,0.12661572951566238
55.95,0.03563155353871796,0.15108562774125195,0.1982227693973035,0.036924407933523806,0.12812663638570118
56.0,0.036919355179104996,0.14787372622594935,0.1998132332797237,0.03669600252106241,0.12848709984252304
56.050000000000004,0.03814198407441906,0.1503180066823961,0.2003571176681031,0.033016254104426664,0.12570852824891413
56.1,0.039354137220062334,0.15209166111880415,0.20690600322113203,0.029201033212049227,0.13771177276199723
56.150000000000006,0.04420283951480436,0.14768271415782813,0.2134451138612007,0.03571886610518229,0.1402159223856054
56.2,0.05315055662326142,0.14724292666714414,0.21657327993515232,0.03810497904049374,0.1409236574483698
56.25,0.04096824054986654,0.14595130615473154,0.2130839109131178,0.043996464328117636,0.1425077249587584
56.300000000000004,0.0439998657580035,0.1459125197730108,0.21392535011901687,0.040441367690225834,0.14658153597360174
56.35,0.04937782496527413,0.14612124211914,0.214126954757794,0.039044111777274654,0.1441572317663279
56.400000000000006,0.05539989920151624,0.13454889964314037,0.2144161984213185,0.03976117691253234,0.145947636034369
56.45,0.06485506455691409,0.13329631588726723,0.219557963903319,0.04265765788809105,0.14803165365252482
56.5,0.0748659306356331,0.1295049444705419,0.21748813119216998,0.054414731648803234,0.15504626824855886
56.550000000000004,0.08182542492583335,0.12256803612080995,0.2238643102176395,0.050677957421912084,0.15301294332393445
56.6,0.09066738267620951,0.12920277095457086,0.22300814738533523,0.05681759002108186,0.15038508272790838
56.650000000000006,0.09489468839380805,0.13057331296719987,0.2249275474802078,0.055354108838523375,0.1469857238008828
56.7,0.10503135551389906,0.13048716436835614,0.22751000255975848,0.052173190826161425,0.14707827933736975
56.75,0.1066996337856952,0.13140090129325774,0.22222015272020765,0.054863598388069215,0.14695831605984794
56.800000000000004,0.10703254847039352,0.12922446434112267,0.23001416707382077,0.061575563724066154,0.15400763471832543
56.85,0.11153001772395157,0.11804044484896632,0.24084752284384342,0.06192002066759264,0.15627089706638464
56.900000000000006,0.12070112135123763,0.11283870274114359,0.24010252627815656,0.07378998121261997,0.1617502943031399
56.95,0.1293203667919594,0.1092682204723251,0.2386868100543304,0.073741726127738,0.1701690996323011
57.0,0.13835205815467658,0.10843187534459839,0.23218961145123834,0.0774381616939038,0.16933683394770696
57.050000000000004,0.137692474976695,0.11202324198276681,0.23602611575991173,0.087105050065196,0.17067800475720915
57.1,0.1377824308943342,0.10804049118754562,0.22327094783732973,0.08580522356045668,0.17855254945958302
57.150000000000006,0.14308464941947932,0.11644421672915496,0.2216097656115789,0.07451172233396938,0.17309390412538364
57.2,0.14132452101391044,0.11459887193689845,0.22945495034466032,0.06867068847250678,0.17200922937053603
57.25,0.14003245633739822,0.1206791632451901,0.23040180149906092,0.06897621607906844,0.17232258699864098
57.300000000000004,0.14146258799154765,0.1240246332238934,0.22706933187436348,0.06764801405923346,0.1711387841547033
57.35,0.1471454046479277,0.12207163786033699,0.22877144555224724,0.06564536469472497,0.16965109877332518
57.400000000000006,0.15331405758103697,0.11418381564790757,0.2243928646179206,0.07721602919130409,0.1725270407572638
57.45,0.15054952583981915,0.1100009429512424,0.22576930761566436,0.07551999798668822,0.16684945147848398
57.5,0.1527694229450374,0.11036259811974759,0.22635496960246496,0.0842139709057892,0.17125462524798213
57.550000000000004,0.1562684362349038,0.1056732396094199,0.22119337091905106,0.07888115554138954,0.1772842936102232
57.6,0.15534970957535355,0.10366661429940151,0.22150523502505334,0.08518144021973657,0.1744589100515505
57.650000000000006,0.15966865994240526,0.10919755121463057,0.22349916423515293,0.08227391801992698,0.16648689429513888
57.7,0.15967104409989288,0.09626501855185202,0.21821844255849243,0.08142542056903612,0.1687454163984519
57.75,0.16174087099548462,0.09859488712597357,0.21877949718275871,0.0933558766895333,0.17770446875408427
57.800000000000004,0.16445752979475203,0.09319928617254954,0.21072122012605538,0.08850007549146183,0.17650984518824794
57.85,0.16840646391322966,0.09699603828162438,0.21415831146620762,0.09025006239867914,0.17298614341746202
57.900000000000006,0.1673119270208137,0.08666902796437202,0.20451252950318546,0.0952987060692013,0.1802606278515453
57.95,0.16870741398236302,0.09616000357383493,0.1968012656336883,0.09629012283667353,0.18156596231271815
58.0,0.1659784393085192,0.09458280795924007,0.19792429914209664,0.08314758567997789,0.18636075768929
58.050000000000004,0.17020077630296337,0.08761505504509087,0.19049105787054055,0.08626869299378594,0.18450413271356392
58.1,0.16882437064807948,0.083013516260798,0.1795035946256316,0.08234187598240185,0.18227565990340652
58.150000000000006,0.17156451204445544,0.08736596264522338,0.18279424109363868,0.08704791226259098,0.17863592432356323
58.2,0.16879098453424998,0.08289509306605145,0.17603651639143075,0.07910400213915589,0.19028869462181836
58.25,0.17045554337974167,0.08579334750526314,0.1709738634420658,0.08060889222887398,0.18463522817346575
58.300000000000004,0.1662334853619255,0.09177054719230571,0.1631743382396401,0.08239882692708442,0.18546659407292737
58.35,0.1609214082364857,0.0883344489990708,0.14782209299637147,0.0874581632459723,0.18745978425220972
58.400000000000006,0.16108735097046623,0.09375744393408905,0.15029394979132144,0.07901383287805794,0.1806103649079312
58.45,0.16289332835008655,0.08324182463878269,0.14153472160546976,0.08478278373041778,0.1860644308499402
58.5,0.1609612871970261,0.08404844945216676,0.140156365888865,0.08308316361022311,0.18896937169266573
58.550000000000004,0.15449695284190867,0.08946594869593445,0.13144962645392444,0.07778741677047844,0.19298044694171268
58.6,0.1549254662727516,0.09745073413691721,0.11449793964835672,0.07920063903428844,0.18357510443564176
58.650000000000006,0.14954658763990836,0.10412878376259618,0.1068751687713228,0.07911621057869904,0.17903535684297042
58.7,0.14709486380103623,0.10265412635232461,0.11079811325154862,0.07471515552146357,0.16793359976607025
58.75,0.14876135729475656,0.1037378835479949,0.10204179049853336,0.07204785578765471,0.1708944515733583
58.800000000000004,0.14722762503433598,0.10374036494261445,0.09772330009690036,0.07247026928436918,0.17591406382348695
58.85,0.14480704138899916,0.09692670871608004,0.09118097456763112,0.08034646597366685,0.18769486744061462
58.900000000000006,0.14562564758346788,0.10280003281905727,0.08087853462654919,0.08438717320571958,0.18147846540734208
58.95,0.1454332554866241,0.09642000609727855,0.08117191581373327,0.08152112709244447,0.18216535599676362
59.0,0.14354680868904166,0.10651209015755281,0.07020799046205203,0.0891420542952486,0.17258528522556293
59.050000000000004,0.14527512870517165,0.10789594650610708,0.06799038212308484,0.081136059268365,0.18271185243773386
59.1,0.1445705197478164,0.11116145891608364,0.05982961447119978,0.08620398002973517,0.18698836307436742
59.150000000000006,0.13241283925035954,0.10514506074983451,0.055002011432862215,0.08677176508360117,0.19499174320949925
59.2,0.12616980011392814,0.10124031924009073,0.048043112374388734,0.09407197189189923,0.19415266676342624
59.25,0.12002396988963845,0.10766911461397656,0.044445689838168156,0.09484200179411445,0.1966017034550711
59.300000000000004,0.1215780427473131,0.10210370876528128,0.03705873668576683,0.09575668802391257,0.20589867656472263
59.35,0.12204269989066582,0.10732186137791332,0.021311480597688746,0.09340955509465279,0.21166480358759823
59.400000000000006,0.1161631350131152,0.10937616184229154,0.021140555797830828,0.09555037855249165,0.20521590696451672
59.45,0.11527969302001252,0.10689989960357797,0.023970039964392828,0.09212326077385095,0.20120231444096282
59.5,0.11274319752207021,0.10641387136160835,0.02517857813529056,0.0864434475457657,0.19946008477787266
59.550000000000004,0.10655845972611885,0.10258776463252202,0.0333084674087942,0.09223757897226582,0.19989200520613692
59.6,0.10575733507361626,0.09909893713131132,0.0387436920179956,0.09756195557696164,0.19205351276307975
59.650000000000006,0.10987697440345717,0.09635242291864632,0.03993131003453671,0.095114118367074,0.1910753346526216
59.7,0.10420683363171372,0.09145814351189807,0.04551397315044327,0.10066631420081332,0.20864756858092579
59.75,0.0999851632314536,0.09470009699103171,0.0557109116924835,0.10376087260175046,0.21351955016429955
59.800000000000004,0.09691882788390188,0.08648150160062591,0.05904622430408337,0.10673050752459193,0.21598629425942442
59.85,0.09288022674330056,0.08498018073941851,0.06235652161156866,0.1055268288742164,0.20238561067269956
59.900000000000006,0.09210071139803953,0.0934848447435293,0.07655820948025516,0.10388103769389898,0.19768333157866563
59.95,0.09138870966453247,0.09150057820437431,0.08324713474250425,0.09826078972631992,0.19750122574013165
60.0,0.09334716700659262,0.09153453604290641,0.09054122851685129,0.1008788561550671,0.2037111626679287
60.050000000000004,0.09277190677095809,0.09999147919587005,0.0972031735532676,0.09918725197882576,0.2151706953203946
60.1,0.09325744721653945,0.09497384801255374,0.10671962853238678,0.09513183075319344,0.21398510867035997
60.150000000000006,0.09168787489020004,0.09835479428082881,0.11254283603766502,0.0889434860742287,0.20908659282130518
60.2,0.09419138065417719,0.09057536203233929,0.12286251533772592,0.09459031214018634,0.2055986048486223
60.25,0.09064990640841275,0.09194289379849152,0.13537792181645403,0.09588674982089322,0.2009740212491905
60.300000000000004,0.08719712057809585,0.08645176195052272,0.14810567911540037,0.09507363447498979,0.1961524137895327
60.35,0.08398831681593029,0.0865989748871062,0.15549835501621065,0.10142797978346384,0.18804400771870144
60.400000000000006,0.08028558610738701,0.09121406039880553,0.16516952414292413,0.08956493909830571,0.19012491649094712
60.45,0.07921693567028053,0.08220623861598052,0.17095967931040007,0.0848875469982232,0.18842441022459677
60.5,0.08067180088781468,0.09271588847049043,0.18208878158416386,0.08908137742021438,0.16274897227375143
60.550000000000004,0.08851451831814033,0.09730505686734466,0.18046433045636118,0.0860716148819854,0.1475678127033674
60.6,0.0964340875418909,0.0979171929632131,0.1912427145030367,0.07233720573224005,0.1450600909323755
60.650000000000006,0.09843191775566579,0.09778384952896012,0.19613774953783444,0.08249161369421747,0.13968442937247
60.7,0.09768024567389444,0.1019718285024093,0.200945738007287,0.06361816423922538,0.13868734683000392
60.75,0.10021895470576346,0.10008313725600566,0.20472953667136137,0.07288934887140941,0.12611182029311044
60.800000000000004,0.10063906484978224,0.09645414315373707,0.2092088409955164,0.07142992862311659,0.12067274487313256
60.85,0.10308702444605354,0.10503842394369298,0.2165272155504601,0.06598318576040597,0.11868915922309742
60.900000000000006,0.10858175903026573,0.10042096839430309,0.21845694517783104,0.058354678631649094,0.1147790351482244
60.95,0.11243201333647734,0.10843231908521797,0.22789234795209692,0.05529878446568681,0.12280578685641858
61.0,0.1135235292338785,0.1100713639185661,0.2347948171658293,0.056162161798805156,0.11673249177819207
61.050000000000004,0.11048946616661512,0.10885389656481854,0.2359529169094713,0.05074115512952856,0.1054124725513757
61.1,0.11274353300765387,0.10691940098582897,0.24265977085933751,0.04471869808309169,0.09839944747750627
61.150000000000006,0.11285502349334524,0.1078143301180179,0.2513517183170495,0.04098655746966904,0.09411551326665472
61.2,0.10020816608393004,0.11361070010686158,0.2543001433312163,0.045535436846305274,0.09388564606022895
61.25,0.10325856970961288,0.10598690424628235,0.2533331749605576,0.037979145044452635,0.08832369821364684
61.300000000000004,0.10271533233209025,0.1045616619876936,0.2556463350753019,0.03546034901873843,0.08977276105779444
61.35,0.09908240044549482,0.10531307422393266,0.2546951550555351,0.04146088456657591,0.0864408852555261
61.400000000000006,0.09801754809863672,0.11564908293833308,0.2663471191910505,0.0318161515950657,0.08638213925247692
61.45,0.10268031050936884,0.1162711980619858,0.2745260959898678,0.024279266992675297,0.08520207892549408
61.5,0.09291143448827484,0.11845545486335458,0.28186354230782823,0.032050726880249555,0.08497983815866911
61.550000000000004,0.09410680161902481,0.11499230727057579,0.290522788267502,0.023949189097073536,0.07512834587281285
61.6,0.09728414584096139,0.10879419347018132,0.29128587052989313,0.041738873601445396,0.07171289197188148
61.650000000000006,0.09508074591863272,0.11154130736465083,0.2903750775367317,0.03433952334986293,0.08002594081686272
61.7,0.09584504491423726,0.11463061670349334,0.2914662651793468,0.03248745180877101,0.07635803960116688
61.75,0.09210810713531409,0.12447852314166005,0.28729104404756367,0.021991599231020342,0.0810232033176098
61.800000000000004,0.08551380131891065,0.12576777812920806,0.29506705854141874,0.020232352444005768,0.06696659402562276
61.85,0.08891968582871165,0.1279489729618887,0.3008471360956806,0.02481844065471929,0.06114121140059935
61.900000000000006,0.09006962723748235,0.13644945924813193,0.2992745695405611,0.027532732973182008,0.051567533962210185
61.95,0.0926427809005588,0.13615478602375333,0.30252668967107094,0.02480484953355453,0.04019721711250276
62.0,0.08841004992867947,0.13209857266202626,0.30203813404301305,0.03434447853749186,0.04582415492174327
62.050000000000004,0.0878820997843833,0.1335730286208267,0.3047163880456511,0.03525518732730808,0.04296485447333998
62.1,0.08686710039764511,0.14991506198667828,0.3075408508107144,0.038905443085766954,0.0431149936722063
62.150000000000006,0.08811758901794689,0.14544264043967745,0.3081572705743913,0.034702944896407614,0.0451215742976558
62.2,0.0952574277527254,0.1490556357831499,0.30317895274907386,0.034852602910017516,0.05396932587694577
62.25,0.10100645227377752,0.1447826870377378,0.2987935847034807,0.031794410725601865,0.05889315868422804
62.300000000000004,0.10743101274260503,0.13933958944924704,0.2911706197943605,0.023450859169792698,0.06140522724408433
62.35,0.10062892870437462,0.13520344316337954,0.2887344369069122,0.02496781822483147,0.04940776129850703
62.400000000000006,0.09319240638970237,0.14146423855093757,0.28652525971566123,0.01677877483837587,0.04607138817455923
62.45,0.09934041226840319,0.13691360888862492,0.2774112616454067,0.022220564118152486,0.05332156050518402
62.5,0.09788769303296398,0.14283080150803684,0.27854914929302604,0.020517195158197932,0.044194934109097
62.550000000000004,0.09444702841737528,0.14155025495780388,0.26699204434053886,0.013142483889832145,0.04582788171982438
62.6,0.09046119476189915,0.14297501366736134,0.26017572797394645,0.023217978284964354,0.04875438240776727
62.650000000000006,0.08845125412171341,0.14698499302066398,0.251615376447433,0.022242074267711617,0.046214045053561754
62.7,0.09053779405177115,0.14299072479930858,0.24998257385903394,0.01799702169463423,0.04600434447207375
62.75,0.08414562297176527,0.1471149059422882,0.23806140730705125,0.023985778904938637,0.03769127809063644
62.800000000000004,0.08801583640831115,0.1410134271029508,0.2286328232107726,0.038916894773764955,0.04178097612970515
62.85,0.08318081675960252,0.14159713643574365,0.21765379783061953,0.041246954222031645,0.0463807508004707
62.900000000000006,0.07266677964371927,0.14426001980572056,0.2096121059988682,0.04158986158628608,0.05815722032500489
62.95,0.07213676455390805,0.13570379420090092,0.20741100982380037,0.051083946734505684,0.05626164207511239
63.0,0.068668706600152,0.14135030657445888,0.20507276555025664,0.05722971651897072,0.06602022108617761
63.050000000000004,0.07075775155701078,0.1444192350092354,0.20361329897809935,0.0649236421159561,0.07052434057710197
63.1,0.06001127068501584,0.1464777448202281,0.19600167047970454,0.06627906809626664,0.07189394786889809
63.150000000000006,0.0596818921622703,0.13939530156530955,0.18876937192792537,0.06466029987026779,0.07940757315957254
63.2,0.06327656286525096,0.13342991014794858,0.1836546326832829,0.05454072735644857,0.08450305786660708
63.25,0.06566576815665756,0.13327932161420705,0.17318086489425707,0.04923478230613145,0.0862552715885759
63.300000000000004,0.06732030835788441,0.14259084985339449,0.1680202532664696,0.0507644887962058,0.103058074506868
63.35,0.06860048528573065,0.1380722402393655,0.1612925806552639,0.0620549910617691,0.09756466488506686
63.400000000000006,0.07071392987958944,0.14493715746398256,0.15750172858530453,0.05851735988348978,0.10145151168361481
63.45,0.07836918577593195,0.15310136552291267,0.1475118124523966,0.06006860970664915,0.10486336406964647
63.5,0.07670036361004669,0.16212836151113247,0.14201148433344704,0.06777062711113616,0.10953976678117916
63.550000000000004,0.08382133375143169,0.17015761252824818,0.13095801829885997,0.07621459014896385,0.11962565061334603
63.6,0.0798071794392988,0.17860091758010085,0.12486379884375279,0.0878992705767604,0.1372812108816886
63.650000000000006,0.07856711581314924,0.18522996013738513,0.11412604419795727,0.0988366966509099,0.13782181170330798
63.7,0.07824958815930032,0.186631993829062,0.10836480861365244,0.10567807155854159,0.1506450746531352
63.75,0.07688965397810053,0.19120098868211202,0.10415817603964822,0.10974622133404882,0.15453821905449902
63.800000000000004,0.08525148274827467,0.18539175215299272,0.10236171569355765,0.10294857609561951,0.1542865540838831
63.85,0.08698678938705452,0.1897628150662711,0.09561662170021333,0.1018945072626018,0.153187633775117
63.900000000000006,0.0875085653238063,0.19343208520039956,0.09176468527674168,0.10461572628435346,0.15350888677410277
63.95,0.08801975202751397,0.19980129367243704,0.08255548845910732,0.10895875880333475,0.16587294447117884
64.0,0.08473236885343606,0.19266109604066128,0.06993807928239308,0.11063518731605412,0.16888476431508417
64.05,0.088108229624745,0.1965562215318828,0.0625587160801873,0.10644824546015322,0.1774377670905712
64.10000000000001,0.09648893514616538,0.19604336102242356,0.05510848887598865,0.11307666074291423,0.18489760569694869
64.15,0.09045714469359137,0.20981346036638865,0.04795482545219948,0.10890976757597866,0.18536774569240422
64.2,0.09447159075135579,0.20836469633647106,0.0339387128968189,0.11056240667730792,0.18178994502420368
64.25,0.09203687560495473,0.21460869898734403,0.026107524452325604,0.10682110829182667,0.18734747067971985
64.3,0.09834145852528407,0.209520609988599,0.022955037365866997,0.11535191925676949,0.20059204570771016
64.35000000000001,0.0985022875220004,0.21692919295583563,0.024052466098866666,0.11015713643583812,0.2100755311115938
64.4,0.10478333994338558,0.22036566781013983,0.030558074444570277,0.11771767760733823,0.20990116113181048
64.45,0.10766092079950636,0.22762373236740582,0.036167388329271216,0.12531102283623763,0.20669726462841262
64.5,0.11204220848058473,0.23362108517420516,0.03795086189903637,0.12510738107120056,0.2102916360683476
64.55,0.11447703277479626,0.22845921165108063,0.035245525666945325,0.12545982434894212,0.22037022711608367
64.60000000000001,0.11494384369801613,0.23299021796543876,0.04417687527356114,0.12385422329123277,0.21868396772405618
64.65,0.11629827363265015,0.233030123482283,0.053757005892741086,0.13153439760426142,0.220266279796129
64.7,0.12423984854427877,0.23618694178321367,0.060102257471900566,0.13009290434057616,0.2255353615260759
64.75,0.12778381619514712,0.24448248766250014,0.06537249764319414,0.13249276346396185,0.2262854504911893
64.8,0.13053713654088586,0.25200842282481106,0.07446436728010355,0.13475100877491947,0.23604133047214546
64.85000000000001,0.13527646883687555,0.2540616277658075,0.08275063412621646,0.1319588025576907,0.23354790694119384
64.9,0.1449920181147182,0.2588418076427043,0.08861371838813663,0.13296253449924147,0.2366897838304245
64.95,0.14582749626894523,0.2622799907782549,0.10080126088012356,0.12921664447605338,0.2339012175619434
65.0,0.15329310191671178,0.26676983831974416,0.10693906776386543,0.14037339627503567,0.2348720360294912
65.05,0.14284420679849366,0.2681828611728215,0.12143026142817352,0.12649492824071012,0.2540993870955588
65.10000000000001,0.14857192147263618,0.26535994441298666,0.1371314000813434,0.1338818833688948,0.25729945411241884
65.15,0.15388581590567837,0.26760174078438614,0.14926028502283012,0.14794484811284228,0.26409723840463367
65.2,0.15801993047325877,0.2650532793425385,0.14675416389544052,0.14248998416867653,0.271645169958591
65.25,0.15932853837978486,0.26727640424349824,0.1641192291509037,0.1419296027545933,0.2695925817559993
65.3,0.16526117289188924,0.2664550536575735,0.17136280999701156,0.14684459978932085,0.27755329576354615
65.35000000000001,0.16983051956706646,0.2728921636680367,0.17848253487834637,0.1396769249471075,0.2761659619668472
65.4,0.17551175106739528,0.27883682601000254,0.18528413236060204,0.14159636602997672,0.286905510936879
65.45,0.1762667716812813,0.27420820336354923,0.19804351943320087,0.1373582098284201,0.27943365762932953
65.5,0.1778347780865508,0.2763679906728136,0.20165733935358657,0.14526860742520353,0.28587842793293095
65.55,0.1777371782240778,0.2858540979147628,0.21248005721371765,0.14092148798757748,0.28310646446699367
65.60000000000001,0.19142965728165656,0.28164503242309674,0.22528282002699598,0.14641905298345928,0.2893317622274252
65.65,0.19224624039786442,0.2927233262609698,0.23112850693847498,0.1496072303794918,0.31208650181841585
65.7,0.20117821092709817,0.29521076949121355,0.24013950899829928,0.15762445828039803,0.30994519961312655
65.75,0.20418789234151008,0.29510651830148327,0.23940518454697365,0.1624659152781138,0.3266514393982549
65.8,0.20151781139139074,0.2942010266038027,0.24676118601653027,0.1674365467886755,0.33545386816489875
65.85000000000001,0.20762360738216518,0.2908844898521518,0.25090539340321166,0.16808642823499684,0.34688608477986205
65.9,0.2091769109072776,0.29370550916143723,0.2549411501281384,0.16216364625924587,0.34775545342033376
65.95,0.21396614289177016,0.29089222710266327,0.25771295650564774,0.16968764838927775,0.3441942153745107
66.0,0.2175190996430732,0.2925850494323226,0.2614596213400668,0.16933099397029433,0.34532875271211044
66.05,0.21226589894017464,0.2937376082361853,0.2611645550671298,0.16594188731776685,0.34092032428845426
66.10000000000001,0.2117327706115532,0.2855808797287946,0.2578251796183954,0.17008306214851793,0.34697115115071153
66.15,0.213865991930197,0.28356307199268754,0.2586471371970742,0.1575244221628601,0.34955101179913667
66.2,0.22125442647693014,0.279004911071406,0.2634169023241532,0.15917769992400402,0.3456023027037907
66.25,0.21751618100763345,0.2773618013945511,0.2672022940154244,0.16801809338200693,0.34218864915845726
66.3,0.21340870688603392,0.2801952723371062,0.2689148566087305,0.1623187216585241,0.34436675883534884
66.35000000000001,0.21434080206320283,0.2823724952840518,0.2719931602002839,0.16893412838751865,0.354575737133044
66.4,0.2165450423646002,0.28644312749571105,0.27819500626354415,0.17674173811840801,0.3500047630010543
66.45,0.20831018600325696,0.2870175679032746,0.2856999564200594,0.17169616525085538,0.35939158790452846
66.5,0.19986948121864354,0.29049505421619193,0.2933282644298194,0.18364451499834505,0.36910976003195145
66.55,0.2041676709366375,0.28135311412221575,0.2967220198991954,0.19129228961013717,0.37659042472733234
66.60000000000001,0.20302837816157276,0.2815013203143124,0.2960262853488667,0.18530573635432748,0.3806679569894298
66.65,0.1931017045297385,0.28131238687226695,0.28998871139603316,0.19107103402836562,0.3764442432592575
66.7,0.19135985368705227,0.28237792539951617,0.29013888905168256,0.18739838169700176,0.3800760084527208
66.75,0.19411844411077744,0.2796531093546306,0.2940992346200659,0.19230903611438727,0.37278456659758796
66.8,0.19885449275252629,0.279249719459009,0.2869267279063803,0.19867850951839183,0.37630076664391654
66.85000000000001,0.18722447639295584,0.2790793565357925,0.29328219890420404,0.2047005398677557,0.374948456990262
66.9,0.1897224018374103,0.2745939830429545,0.28921668259301425,0.2029970298359887,0.36568821953908753
66.95,0.185740841206626,0.27340324567456314,0.28689766091998026,0.20484989031959983,0.36243291963679
67.0,0.18343552191505974,0.27575101799065016,0.2860436936428381,0.19869953906209425,0.3595740985185189
67.05,0.17415560159583604,0.26925255102674656,0.290132607821908,0.19977685924170377,0.356206611854619
67.10000000000001,0.181943986920767,0.26705698757732116,0.28166322762296153,0.19327913208731298,0.36403707026444027
67.15,0.18633114503552436,0.26246889253721956,0.2815497284579985,0.19160068410272782,0.3643828602180558
67.2,0.17540409265046655,0.26289822194561785,0.27386020305252495,0.18485398289785238,0.3672415666705426
67.25,0.17060100810791126,0.25455958185609884,0.2728063464096558,0.18670997116480584,0.3635080667338579
67.3,0.16543217006732402,0.2344982517655659,0.2692998865759313,0.190316601797569,0.35989473654309007
67.35000000000001,0.16356854888262914,0.23215557768865547,0.27199402432742875,0.1815189264190207,0.36149927861910736
67.4,0.16061684537477117,0.23044319501010874,0.27220184685780024,0.19219224370025736,0.3676525493684722
67.45,0.15030931407769577,0.22629407494459422,0.26890120963153047,0.19415279407792718,0.3736462406665947
67.5,0.1473016745233601,0.2224403040325648,0.2666619489296703,0.19752971485505566,0.3774036612257448
67.55,0.14124890425388653,0.2285705502403016,0.2562024820406413,0.1868566398554935,0.36812112491441606
67.60000000000001,0.1412562691714738,0.2306503341068851,0.2513755588248268,0.18485347886574727,0.377678761090661
67.65,0.1485097155608266,0.22835310714285062,0.24901984992087253,0.1832201116543916,0.37369791471210184
67.7,0.13950832069470748,0.21218806228587025,0.2449776646421545,0.1950732376611506,0.37812449110517315
67.75,0.13473736760629662,0.2109484288865755,0.2427699696109789,0.18581236756907105,0.38225029613876793
67.8,0.13409918990141123,0.2149125620895645,0.23732857302618832,0.19161244639453814,0.39244830962765875
67.85000000000001,0.13546799424504893,0.2157009093009566,0.23362760278215325,0.18955424810067606,0.3879807049267447
67.9,0.13331466096300743,0.21530256101857745,0.22633435745098038,0.19241701965906424,0.38982702906573524
67.95,0.13655694233917184,0.21680805903701855,0.22591430578463,0.18408768771736145,0.39181238996425594
68.0,0.1355961586799584,0.21006872189030068,0.2200890384298984,0.18089791997593493,0.3979597738557467
68.05,0.127005648283702,0.21133072914043086,0.21483623125856857,0.19065772081455307,0.4061588495461134
68.10000000000001,0.12438024132616847,0.21394132691162393,0.21210766325676847,0.18963954824292312,0.4063056304401978
68.15,0.12158745866825918,0.2111753186691504,0.20202312485462298,0.20285423197182384,0.41506970323023984
68.2,0.12056711727225662,0.20524929200043596,0.20142497065840512,0.19916502471854788,0.4096129805912153
68.25,0.11326246842392984,0.1962628331200545,0.20159883011212287,0.1990152453302434,0.41409687183857685
68.3,0.11018062574437211,0.19586843837940202,0.19966914353507056,0.19228021241982068,0.4071086646112114
68.35000000000001,0.1090400707346693,0.19802390361762673,0.19643083283488466,0.1864041667781693,0.40244414719845517
68.4,0.10588990127463228,0.18533223229913504,0.19027261823862376,0.1904338078676024,0.401753288621005
68.45,0.10080571705147412,0.18999009115062912,0.18817958078502475,0.18083876082870767,0.40208915545816226
68.5,0.09573354889478482,0.1889850542215205,0.18327405569046004,0.18164895462458622,0.4027483867927483
68.55,0.09355925265887262,0.18615122393575723,0.1732929202863842,0.18585270218988115,0.40423594008115554
68.60000000000001,0.09211458568727324,0.19149820571876533,0.17114177240766926,0.1841017473673836,0.41378403856542917
68.65,0.08678583031564925,0.19871316888915477,0.16690492323023687,0.18593152447049327,0.4096303948056127
68.7,0.08839467104520082,0.1993394029007382,0.15892666496991015,0.1986390301332178,0.4141876523961898
68.75,0.08525442831978466,0.1992875023410452,0.1491718658089873,0.19377187390523506,0.41514397637778655
68.8,0.08221583438724937,0.204586278129159,0.1452256650059544,0.19094163817266693,0.41645847160589816
68.85000000000001,0.08053063067524918,0.20935658874412486,0.13773406150749498,0.19789627846755087,0.41812918591761733
68.9,0.0730145517120094,0.2015158335508408,0.1320536046665224,0.19793084929632668,0.41787836164141084
68.95,0.07565913098463548,0.2087134897858757,0.12259906384451857,0.1988114445664582,0.42739273784878534
69.0,0.08461712003655103,0.21067202317423075,0.11928565176802776,0.210453309873492,0.4212882881397138
69.05,0.09258033864751258,0.2053066818165495,0.10715653578737237,0.19960377190855066,0.421637452206247
69.10000000000001,0.09617179437667531,0.20522511850994393,0.1014974213731674,0.19531223502085968,0.41607281114347094
69.15,0.10068279891123953,0.20375487458691066,0.10215352217838451,0.18822657431735343,0.41742546391857227
69.2,0.09244667412774518,0.19595243371892362,0.10286848348278244,0.19062906429638451,0.4137558493603239
69.25,0.09873761045406765,0.20342720052831845,0.09393911336523166,0.17997045829571973,0.4108187799266272
69.3,0.1077993823394512,0.20079648877094056,0.08880805704837333,0.18413810797160854,0.4203936536156253
69.35000000000001,0.10336228901750047,0.19861772371565758,0.07794506152054588,0.1779249077968694,0.4268603065881475
69.4,0.10616911201400578,0.19446761977315077,0.0747878950825247,0.18216730463717454,0.4316461578502549
69.45,0.11618357878187924,0.19906156123353907,0.06690602685956044,0.18194751106594356,0.4278497072983051
69.5,0.12026149846269384,0.19644612075490672,0.061440668411296175,0.18060495013286434,0.43005570044860686
69.55,0.12346837132371749,0.19164878820486358,0.061913064059137365,0.18184471380309913,0.43070748745078047
69.60000000000001,0.12142171870191507,0.1977548542129966,0.05887124168429591,0.17125052460894544,0.42590050235910304
69.65,0.12533725686518038,0.18978264139880202,0.05083249512439486,0.16820460941553503,0.4159111225782602
69.7,0.1198426710141752,0.18491625194295386,0.049161034820832825,0.1690692230130157,0.42475973351242136
69.75,0.12278526066559234,0.19411257282048458,0.041722140044473756,0.15925566523380522,0.42245753311134143
69.8,0.12349824554764713,0.1951995891724151,0.04326597705909339,0.16754917280187048,0.4275868158139884
69.85000000000001,0.13129421108214878,0.2002738896354942,0.041557709806454034,0.1666672510139944,0.4190393786452202
69.9,0.13950280411221586,0.18970562285204273,0.04101910584438834,0.1679530394963088,0.4168500192446986
69.95,0.14533030427446691,0.19023460937835104,0.03923827326732514,0.16001505786255937,0.41764767260757185
70.0,0.15071571807171688,0.18064053089264034,0.038503926537913714,0.16300717114145855,0.4168565680983647
70.05,0.14932057643567098,0.1918515318887496,0.03994104841091667,0.15676746569028963,0.41411768045006975
70.10000000000001,0.15933315294734005,0.1965508792158209,0.047008196168794036,0.16106562704746796,0.40315873889889386
70.15,0.1588646057650968,0.19756791695894463,0.05741095750105605,0.16330040311272442,0.39764974946655035
70.2,0.16269445702198504,0.19503788347729642,0.060789311648797875,0.17035641854355568,0.38832383450954117
70.25,0.16921448705567294,0.1953255065880985,0.05837339124278426,0.1733163076669979,0.36239207803174045
70.3,0.17599362479512098,0.19340308005175474,0.059018727229094105,0.16755195147499044,0.36278005903393934
70.35000000000001,0.18338831971389716,0.1941229940235589,0.07292545514929857,0.17289541570639375,0.3568812135920253
70.4,0.19508974625395548,0.20211878841303124,0.08045188421377804,0.17551142838067052,0.347631187050025
70.45,0.20871199498166282,0.1978133171074608,0.09678184410169141,0.18799376889294975,0.3571555385633038
70.5,0.20453762708527506,0.20141093986987935,0.10432248363663461,0.1890529800647982,0.344092955452962
70.55,0.2100866532234897,0.20225757609173448,0.10668527474492144,0.1901008158660121,0.33853628943577585
70.60000000000001,0.2182602370236297,0.19248372937468136,0.11563140257731126,0.18536901080809026,0.34018503807919226
70.65,0.22472398200460414,0.18733990646868176,0.11894414259684183,0.1791414086766008,0.33280328285653993
70.7,0.22426414785524035,0.18476361435411343,0.12336942156283084,0.18069878691406346,0.3201741056802506
70.75,0.23124166435782073,0.186001543427961,0.12655952721780664,0.16722856725802285,0.31037595282169217
70.8,0.2325465015516364,0.1789386624762297,0.13082495424103005,0.16491904468756702,0.3020252567669649
70.85000000000001,0.23543833928810937,0.17777008583776033,0.13945312271354005,0.1627407145032812,0.29470591905067517
70.9,0.23277592001008104,0.18086197662499245,0.14594766657207897,0.15919627874735934,0.29702816158754347
70.95,0.2372333120524331,0.1809471798454697,0.1503376023984173,0.16627863516457211,0.2907222207250171
71.0,0.24714272196522605,0.17914022539167218,0.15848750469044307,0.17002908461404717,0.2843916430337818
71.05,0.24460721262964016,0.1772702584246778,0.16108038864687702,0.16967414148588172,0.27367003279921
71.10000000000001,0.2457080127426374,0.1740449906798703,0.15891171956478786,0.16500969496358375,0.26990943372933857
71.15,0.2523456133004427,0.18471889877401199,0.16550450948513115,0.16565508696090026,0.279780965848596
71.2,0.2599920273186741,0.18019364824413314,0.1636626417224837,0.16411974977197838,0.27214127781155334
71.25,0.2603401535492787,0.17925300629331248,0.17032563353833322,0.1687163023889999,0.26550330043332626
71.3,0.2613757486377026,0.17520696037983277,0.17157985737788897,0.16667328672296264,0.2604645648921434
71.35000000000001,0.2627029927794483,0.1722358854783208,0.17750926250391208,0.16788849743964734,0.24952983804623188
71.4,0.25448347653909786,0.1827345363144128,0.18515268458190995,0.161351451803829,0.25471898865404935
71.45,0.2564542931830676,0.18972833038809628,0.19529625746536283,0.17130667905154276,0.2617277218739295
71.5,0.26439766837783885,0.18346423795704292,0.19979526866576813,0.16943331921693258,0.25097772416434194
71.55,0.26595852602516556,0.18094711739403807,0.20987416185805527,0.18093320191206647,0.24941552436447154
71.60000000000001,0.26711645068121376,0.1957142927505358,0.22384619227742292,0.17490448709113687,0.24323343437896888
71.65,0.2677114317162093,0.1919769950887065,0.22158490845492085,0.1785214459468557,0.23666186781416676
71.7,0.27136936741702083,0.19296591661791013,0.22075627492065783,0.1774206207671854,0.22366082233407458
71.75,0.26680177980087594,0.19553778393409724,0.2238046223387591,0.18292272115951239,0.22056277908318658
71.8,0.2627590540323759,0.18878764573265863,0.22271988434838827,0.18891395874689476,0.21695643692491096
71.85000000000001,0.25835072152166294,0.17933464676627722,0.23411848301535332,0.18550553733918648,0.21394725835717998
71.9,0.25520363757947573,0.18383929604805233,0.22757648697827526,0.18659767785236334,0.20955962521092386
71.95,0.25795736428633487,0.19062833761283213,0.22467987271010864,0.18586467470527981,0.21286886087963156
72.0,0.2508508210945869,0.18570306430356173,0.22150215833753295,0.18991095366044095,0.21178290050762624
72.05,0.2502798685384569,0.190122560914883,0.21706352814164168,0.1830880951590111,0.2024316910420138
72.10000000000001,0.25617733199898696,0.18289515133564724,0.22321975955935594,0.18104589346603506,0.20733923897351075
72.15,0.2491748825994454,0.18072637802472769,0.22412524711611476,0.176810558268547,0.21526482838328548
72.2,0.24359379742795642,0.17864349083835407,0.2230973378073628,0.16876237243132347,0.20749372546021214
72.25,0.23759534371232213,0.17593370372101252,0.2187744389761221,0.16761616825611977,0.19911020358374254
72.3,0.23307163786927124,0.17529347541958099,0.2157903709744851,0.16468343742695155,0.20129936699691053
72.35000000000001,0.2319215866697316,0.17370924074417637,0.21983498710361335,0.1628457281989952,0.20480386043989693
72.4,0.22891263295768333,0.16770719736263986,0.221985193284664,0.16120638359089107,0.20559603775295132
72.45,0.22109335021694934,0.1646904191358305,0.22583969028166742,0.1682590036927214,0.20052642468028953
72.5,0.2148543769037242,0.16312977179241245,0.2171345154372196,0.1669984576302654,0.19219360249555714
72.55,0.20564481789939504,0.16247039283593787,0.21550991551249407,0.157445344834162,0.19133870746831122
72.60000000000001,0.21062339170681765,0.15740403433948394,0.2098397333384085,0.16294111729562644,0.18854517595192175
72.65,0.20933733776893124,0.1569440814631304,0.20493459325067984,0.1574584051567207,0.1986557648247654
72.7,0.21302525881726936,0.15282918528622516,0.20214724065902015,0.15530721396273534,0.19176095571425267
72.75,0.20760305229684636,0.14723242633266811,0.2044212068151738,0.15624652985983922,0.17946065380338336
72.8,0.1991481656904605,0.14982109587027137,0.20313409570201282,0.15969774418822472,0.17069004983094693
72.85000000000001,0.19346928261702243,0.14708813007409396,0.2029845685720999,0.15720624496281002,0.165319507404043
72.9,0.19380512676714284,0.14737385938869174,0.20415225212993424,0.15432191816869553,0.16501916294134214
72.95,0.19349718315254147,0.15266341306176795,0.19815247915745807,0.1630037376896432,0.1568756073080156
73.0,0.18602003791686275,0.15312799082943804,0.19087363414497918,0.16497832491692518,0.1522585571716403
73.05,0.1800396555952688,0.1501273504897622,0.19133300938009515,0.15873549012395027,0.15726002077487972
73.10000000000001,0.17966076880182766,0.1523545783534949,0.1914875727262882,0.16011983584755843,0.15285646586989032
73.15,0.1741515584683134,0.1531592732163812,0.1894058865832807,0.15890515092491056,0.13948459872944738
73.2,0.1747119853517668,0.14440534526609217,0.18201235695946896,0.1531606519475451,0.13348491016515351
73.25,0.16172730025493973,0.14048931671053796,0.18285349330720946,0.14083387034543696,0.13346458805591718
73.3,0.1569649249399771,0.1462526041710385,0.18515072463432203,0.13886084865934756,0.13633194826448564
73.35000000000001,0.16292740186803728,0.14119977997258892,0.18695490735789802,0.15027579364471128,0.14204196377972617
73.4,0.15606958664160034,0.14195090585309383,0.1852657655825892,0.14633033904764345,0.14778421355842583
73.45,0.14521487757657223,0.1409317076271256,0.18108641768673026,0.13381191854472607,0.1456785902540944
73.5,0.14423009307513213,0.14134337479022163,0.17534608542693436,0.13368005091057852,0.14180405534593155
73.55,0.13113201693100898,0.13907144294511564,0.18221885329196355,0.1222699348712188,0.13927248344240842
73.60000000000001,0.12054264437245443,0.13455724619647563,0.17838459094372494,0.1180622284870226,0.14007738090862937
73.65,0.114164176057652,0.13662966258117706,0.18399284163341625,0.11745414094471335,0.13527731443997976
73.7,0.11124780062936122,0.14025500380739955,0.18841797670326765,0.11489845392296126,0.13288540488940068
73.75,0.10674396979923811,0.1386203662777044,0.17900558635258576,0.11621713994660804,0.14018605279939633
73.8,0.1076166244218925,0.13897371550109217,0.17765685449900753,0.11614583750468767,0.12775978084992434
73.85000000000001,0.10335681161800186,0.14200349492902473,0.17930916005250097,0.12158573027445845,0.126490048879351
73.9,0.09249357544579476,0.14373048417171377,0.17799431533931115,0.10925440946834987,0.14019227109442045
73.95,0.09249663841489247,0.1375638644120229,0.17684078392205943,0.1066169328708939,0.14790903469465658
74.0,0.08772253140532814,0.1404276677837789,0.18488298251815224,0.10338196511955611,0.14129016982642986
74.05,0.07943751650028327,0.13913200379217303,0.19015055747681106,0.10314718652355725,0.13921986840425374
74.10000000000001,0.07194384160508092,0.13778532556449086,0.19283104298277165,0.09761435969812104,0.139421452772692
74.15,0.06492775266189076,0.1378929160939661,0.1943022098024212,0.10075474881361657,0.15010066730424257
74.2,0.06077183481036161,0.13922551710825634,0.19404022418371555,0.09082628071602755,0.17009883033725337
74.25,0.048824401042118826,0.13917891185973952,0.1986710964887688,0.09573123181694822,0.1730803919579367
74.3,0.043736634036955775,0.13700071852110957,0.19931204084750728,0.09396187074303856,0.17432344611675743
74.35000000000001,0.04380665394414733,0.14114799147997964,0.1974177281048795,0.0943665810562126,0.1836440275594186
74.4,0.03573653052141435,0.14281930194662662,0.1961390792414853,0.09321147155724849,0.18570442705675358
74.45,0.03371842668626392,0.1454519805416623,0.19600266276696565,0.09794393083044223,0.1812939346876156
74.5,0.02106348321092363,0.14966013411244944,0.19272836778999516,0.09882491864721388,0.17915967585595108
74.55,0.026023862848157928,0.1520701587391753,0.1905028033179163,0.09563147822047552,0.18164623122384907
74.60000000000001,0.029838088981522654,0.15923482174402925,0.19208777683464173,0.1004347637267495,0.1685401107875007
74.65,0.035595289107834646,0.15753736953309055,0.19069958388516445,0.10406439106610743,0.16691032940494363
74.7,0.04042423348116122,0.16711778627168125,0.18635871317563935,0.0954355813127118,0.1698249608783157
74.75,0.04439078927126692,0.16451087089264937,0.18741082703450299,0.10894610051950446,0.15903162460044573
74.8,0.0493621345512701,0.17329106728370858,0.18660568008449988,0.1055830855884639,0.15726797693413178
74.85000000000001,0.050513391120384915,0.17818743223061687,0.1875208310267163,0.1133293924728457,0.1592422667129353
74.9,0.061394693960578624,0.18703304868579598,0.18576172920975673,0.11890877124512762,0.1584266972956023
74.95,0.06864684957837143,0.18499286679119978,0.18762928564152,0.12195714407321434,0.1591256754058763
75.0,0.08034019653265766,0.18461447340366738,0.17861182133126663,0.11928489249200985,0.15994212004766484
75.05,0.09127722282591005,0.18721395532059387,0.1824858840496858,0.12563964227869345,0.15066539759991962
75.10000000000001,0.10537047856185726,0.18973853812297856,0.17949405025507084,0.11920446530692713,0.14648134315916536
75.15,0.11284357012428745,0.18158153005006172,0.18186625725367236,0.1304798814233515,0.14471648961399375
75.2,0.11868229514459228,0.1911590259690136,0.1766943345317715,0.12761235504599383,0.14958228679182797
75.25,0.12362539842063834,0.18505666590371883,0.18307990709205355,0.13446399286637828,0.1527533320419815
75.3,0.12549788266262937,0.18218415125858678,0.1933426403153061,0.12668558648212785,0.15739997273436515
75.35000000000001,0.13540123229289025,0.17693443256728977,0.18447379562957955,0.12621833796347415,0.16720331814457656
75.4,0.14635906081345498,0.17543836004522154,0.18395959599039288,0.11998758714826735,0.16826942052757987
75.45,0.1522614523862064,0.17772858339319542,0.1836553078247408,0.12663643549256848,0.1679464580070438
75.5,0.16274391948521386,0.17563015964378478,0.17716306014496824,0.12430698128887875,0.16665222677028654
75.55,0.15806005402865836,0.1690372663368811,0.1816108434334194,0.1318963087339516,0.1668189789448048
75.60000000000001,0.16707970541497005,0.1689569457882619,0.17652227813995583,0.13232849178827838,0.16431952613168788
75.65,0.16833439374751807,0.17428400328586516,0.17736560388840097,0.1237127681868086,0.17243260235984834
75.7,0.16756087631204097,0.1725625821576688,0.17491176188710159,0.12491162895162326,0.1711481394702253
75.75,0.167824114203797,0.17601910765547812,0.1699638375904388,0.11461732004813409,0.17832576139482034
75.8,0.16617903653582103,0.17302431026835075,0.16784483916988654,0.12329479876502508,0.17750765735313567
75.85000000000001,0.16414947897271925,0.16400055969172064,0.16671865403300887,0.13488839981673076,0.1730332112207404
75.9,0.17465561033761356,0.17112540648296606,0.164560311447813,0.13607431797237596,0.17216921404866362
75.95,0.17960658634004675,0.1655206419810346,0.16179438094411228,0.12837363141841496,0.17363112007497417
76.0,0.18445631424163314,0.16787415506159095,0.15906374341281668,0.13611413373955267,0.17536278174341566
76.05,0.18772890525714878,0.16590435420882566,0.16060972784377603,0.1232481660109331,0.1780378157829073
76.10000000000001,0.18499556030571165,0.16533768802664167,0.16272240896375473,0.12212473043911885,0.17934352820299296
76.15,0.18715652546238953,0.16779506644200337,0.16048935306928291,0.122644278518423,0.18163698428040967
76.2,0.1940426853298098,0.16941950605209782,0.1595735842305361,0.11470699133843142,0.17903626313546644
76.25,0.19673890600744173,0.15466142665126575,0.15708002091677092,0.11194269803447951,0.18861477632158527
76.3,0.19475215528206277,0.15607138626247222,0.1488351987270442,0.10806376890280313,0.19058162668106615
76.35000000000001,0.19685016583613232,0.14860322602693027,0.15306907237505016,0.11307354827894504,0.18625280384418566
76.4,0.19905631275799754,0.1540689054598542,0.1558944285406093,0.11666601149430804,0.18734041841614854
76.45,0.19752748634611042,0.1600875097884732,0.1511016747741554,0.1216180773345778,0.18775908456889784
76.5,0.20579901281814905,0.15318294066134816,0.1430676388182636,0.12509500829416828,0.18756268216741545
76.55,0.20283578760739226,0.14904465842480258,0.1338881723057538,0.11507372571318243,0.19637579570527816
76.60000000000001,0.20123818881904645,0.14996490733894757,0.13398244249375163,0.1185738564640946,0.18850266349669495
76.65,0.20001395740661862,0.1410701148879303,0.1321224185484838,0.11723040546378005,0.1802513414726136
76.7,0.19907899229636997,0.13925643690872191,0.1291835905611884,0.11197726047658399,0.17691105719611488
76.75,0.19949363753514254,0.1345582477464623,0.12690786421633612,0.11277657093850497,0.1894530349215021
76.80000000000001,0.19753690253962414,0.12197470867150838,0.12591565670712515,0.09959580493204061,0.19743998455705403
76.85000000000001,0.19719562697742643,0.11541993846534342,0.1225467805457966,0.09267853082610575,0.20514388206156545
76.9,0.19797215610706448,0.10601758077798192,0.12702410668881364,0.08609302983804104,0.20706395360334331
76.95,0.19712511535568075,0.10404003547995629,0.12114026126869455,0.08430226629229991,0.2093899890843731
77.0,0.19811903873033326,0.10600041052987565,0.11627065149707572,0.08200498927797645,0.2109216396806405
77.05000000000001,0.19332503822109778,0.09971395469178447,0.11623470138038702,0.08243456577741898,0.21423144338758185
77.10000000000001,0.18826261441017345,0.08713219533270541,0.10987490495375654,0.08359330710525231,0.2223760744758225
77.15,0.18634432921321772,0.08265637380400837,0.10642237793735677,0.07853463578971857,0.21647956983982136
77.2,0.17980475238829843,0.08436711555369855,0.09971747285428122,0.07163425317171553,0.2133838322421344
77.25,0.1832757858258671,0.07214960988607295,0.09335867930550942,0.06253564714638435,0.2130742896991417
77.30000000000001,0.18022887626124023,0.06825557969622843,0.08618705967198304,0.059448674505980355,0.211686346267444
77.35000000000001,0.18182569605264676,0.06957506114782822,0.08384345971833533,0.06320573020353801,0.21745374261504247
77.4,0.1779064569628956,0.06465880200273717,0.0765168885319158,0.058579075916498406,0.2164303891173437
77.45,0.17311717660352263,0.06627032872935047,0.07137537079094108,0.056055922990987966,0.22492295915987162
77.5,0.1778180510722459,0.0727423706331846,0.06942515459181123,0.05838963661859768,0.22087035304172262
77.55000000000001,0.17753660879344704,0.06144259645615751,0.06961071671269842,0.05335346988032844,0.22371339093946704
77.60000000000001,0.1756643591150406,0.059449017807564106,0.06618064333680056,0.05133067821525343,0.21557392164517505
77.65,0.17806028287200576,0.0557087182417928,0.057972558069796114,0.05101680133828177,0.21260950227867226
77.7,0.17223440886169605,0.0588419939558405,0.05445866034500946,0.05302676932835015,0.21776522682363092
77.75,0.17192998631529274,0.06044412417411931,0.0491236533011023,0.0438529420681642,0.21659459572261697
77.80000000000001,0.16249419447525143,0.052181282392152736,0.04364371221247429,0.04628769677658755,0.21282125352191522
77.85000000000001,0.15942311755184463,0.0389035939570223,0.042919537594010876,0.04001537071154845,0.20798738317645174
77.9,0.15503962476359648,0.04313530661470844,0.03772964166810345,0.04601720309593077,0.21205886623464446
77.95,0.14868613290790084,0.0425030747818776,0.03427495224281676,0.0467476323274719,0.20002057931172296
78.0,0.1434955913788203,0.036348152540115974,0.03024579614784797,0.04312290450512806,0.20872462549439505
78.05000000000001,0.13456740387901994,0.034839336905688634,0.030699121540725197,0.042554663984095464,0.19978056139427677
78.10000000000001,0.1279236106844712,0.03286003832038971,0.03233809077182389,0.043136672115819466,0.19753865755530203
78.15,0.12792735623154255,0.03259892439741959,0.04791971072497601,0.03620324489410827,0.19500143578762247
78.2,0.12223893413909871,0.03087616236304367,0.04988331863065349,0.03709399689794862,0.19443064132233376
78.25,0.11841912465002652,0.03533559282581911,0.05644062200703419,0.03758602941064414,0.19810632042828
78.30000000000001,0.11851774794930592,0.03195165418980507,0.06257655854919272,0.037972083175936505,0.1932929070450256
78.35000000000001,0.11466636902065537,0.029195294469876874,0.07365426848151783,0.029844535490018174,0.20348318280894695
78.4,0.11325976768153385,0.03147631207000436,0.07448377341667244,0.03120493234368261,0.19483876364623645
78.45,0.10717547081877082,0.027529930418656857,0.08005142922559279,0.028067980129301114,0.2049547230502017
78.5,0.10158599338515753,0.02818276507679393,0.08582613200089578,0.037656887384692354,0.19157625390936242
78.55000000000001,0.09736773882190024,0.02571259557921908,0.09695026327132364,0.042822071603219616,0.18958382057110865
78.60000000000001,0.09548877837015798,0.02916671043090886,0.10776455485997471,0.022204347568309003,0.18047236525210456
78.65,0.08606385121435184,0.02134011786918767,0.1143227770360409,0.030961101574041996,0.18462564678982393
78.7,0.08621528469339161,0.021793886540002937,0.11242637029587131,0.010389772149928237,0.1842630600226159
78.75,0.07625230903889355,0.026216668328878,0.12496246342700729,0.014384236490139491,0.18315360545213663
78.80000000000001,0.07726028778715212,0.01749730100165792,0.12438429080134616,0.022852080284406245,0.19418917260695057
78.85000000000001,0.07669946826907885,0.021367293444273964,0.12814629637297478,0.028075933498660412,0.204373268845831
78.9,0.07317603918469642,0.018605748831189633,0.13401747081588372,0.025741795298830607,0.21314481103723573
78.95,0.06868164384442914,0.021684043643618568,0.1436293724766791,0.024779231043452823,0.22208668201578613
79.0,0.05830098395895528,0.019321860284364924,0.14611047565332091,0.02226062610965094,0.22427639922421286
79.05000000000001,0.05931104650901406,0.019755485094903436,0.1485814473658658,0.02962767371800149,0.21322638737552235
79.10000000000001,0.05816715424161556,0.018789134461850272,0.15163075790548222,0.031746501488129776,0.2114365059301309
79.15,0.05411425234078406,0.02397689149197217,0.16317371064161532,0.020683799252723536,0.20960028315150422
79.2,0.0477397037030094,0.020140287919708042,0.17395374796100876,0.02279269515925556,0.2052562453809695
79.25,0.03841565730873355,0.02838586112509517,0.1827019812404348,0.015442866841409678,0.200994951687526
79.30000000000001,0.03903768661658339,0.026147925068087337,0.18539132998532593,0.020336421981678128,0.19857180764467086
79.35000000000001,0.047992246412558684,0.030969573813571565,0.20230128624320626,0.024047273492023655,0.1973013238795614
79.4,0.03832693173082229,0.030860414679042405,0.2139614160539367,0.01742171092564502,0.1939027355489976
79.45,0.03885458423777684,0.028149332069255715,0.22280157210776844,0.005741845178117717,0.19743345531470843
79.5,0.04379800642192473,0.03060447304310164,0.23168209137974632,0.018785902464287945,0.19325564047430252
79.55000000000001,0.04969259452778285,0.034268002094538765,0.23563368040825103,0.0153840547763942,0.1899850679613056
79.60000000000001,0.05452548126959917,0.03500951138920381,0.24172701766388563,0.03103432989084482,0.18137019060094067
79.65,0.04893955724779728,0.03529816893858644,0.24743388508993402,0.034958575004434465,0.16770630511516163
79.7,0.04501356944732478,0.041347162538048626,0.26289825875285955,0.028817406039786768,0.15521445211221552
79.75,0.05066636836252677,0.03943271116630862,0.27649417767873835,0.051243717816597575,0.14846943671474855
79.80000000000001,0.05717766279863423,0.04608229296785639,0.2864432071962404,0.048447417220474666,0.12846790583475087
79.85000000000001,0.0679195844095821,0.052266932653354616,0.29506310851673784,0.057661830002452306,0.11644110709465802
79.9,0.07959704910178877,0.06427300250498705,0.3051445432822106,0.05505791510257012,0.09365564325265884
79.95,0.0807898966234641,0.06235040316918381,0.31182775832767134,0.05893339577845621,0.07974412848385301
80.0,0.08421176657139358,0.07482878061788521,0.31290527282749875,0.06469467136978901,0.057273741471183456
80.05000000000001,0.08128324375513311,0.07837960103397756,0.3149106602700533,0.07460360678057683,0.049223295212661985
80.10000000000001,0.08366731963141794,0.08173327444267749,0.32126197880948787,0.08042876263163885,0.046953054526297396
80.15,0.0858368940565337,0.08969156341164948,0.32061521220549505,0.0728017382222999,0.040110005803636974
80.2,0.0948367817939239,0.08335598826867754,0.3200923791113341,0.07917005914908867,0.04732196285645173
80.25,0.10082445662290788,0.09005591862442043,0.32433176461420976,0.08214086874804541,0.04467881166773198
80.30000000000001,0.10259145357742616,0.08977570985476471,0.32512768718687163,0.08519487566846187,0.043517238977669764
80.35000000000001,0.1101713305803825,0.09835114906930299,0.32109716998845705,0.08282384973453603,0.03967663898881403
80.4,0.12131215301136893,0.09994954262671961,0.31999314649542593,0.08437420895470765,0.03829737322103626
80.45,0.12129296555053823,0.10704581496687855,0.3155749119225432,0.08605799233432307,0.04103856573247432
80.5,0.13103911463942336,0.10716506909628126,0.31656316839715265,0.09290221245921261,0.042400763574333825
80.55000000000001,0.13325512217922575,0.11665451899956497,0.32175188239116753,0.10043833766023154,0.03764322900725665
80.60000000000001,0.1386242777159332,0.11996961925604051,0.3268816534776926,0.09358732131316802,0.039787124149799194
80.65,0.13683827988248534,0.12268481043299338,0.33427246206252254,0.09852086407953957,0.04193348072654054
80.7,0.1453120631258432,0.12859713217265126,0.33431186466990387,0.11268180167412611,0.05133248724280491
80.75,0.1411972838897435,0.13096128237556767,0.3327599043188832,0.11326822377908383,0.050745015869289936
80.80000000000001,0.1444862036898782,0.133540881175809,0.33167497210313457,0.11692993510536531,0.053141576800312805
80.85000000000001,0.15140826747661112,0.14049236755016115,0.32009914944508183,0.11964283641550334,0.06416934038790141
80.9,0.15383798310817356,0.14304102863608953,0.32380318358514554,0.11715344352811168,0.06251465107859544
80.95,0.16388061194674222,0.1455938034549173,0.32661317409706364,0.11322997006301529,0.06554554318993501
81.0,0.16226925110444126,0.14368857088631706,0.3285492536405624,0.1115060175635002,0.06330287337929902
81.05000000000001,0.16629071099896933,0.1454898819108176,0.32655120324065157,0.11790580334726142,0.06236653794814988
81.10000000000001,0.1703711432273865,0.14413810282096656,0.32225406805105594,0.11803447321102116,0.05887366899079133
81.15,0.16920608041249244,0.14461365045746166,0.32014847855184997,0.11995323417704064,0.06918546534286714
81.2,0.16996242209821247,0.146817196327424,0.3130693237825949,0.11795777319255338,0.07634659891616954
81.25,0.16748361779685955,0.15314471309622005,0.3022084543943058,0.12027296568945343,0.07275808677939112
81.30000000000001,0.16734191271449264,0.1570194675235928,0.3019835853357591,0.12248738922672207,0.0751331959737174
81.35000000000001,0.1697435538686563,0.1598327293348048,0.29751837819420146,0.11715181589942752,0.07683772355288077
81.4,0.16950010336071986,0.16608464938511167,0.29127644773347344,0.1167604245104105,0.08431189272198795
81.45,0.16276303635480596,0.17039908363560843,0.2885632974578602,0.11664117488419605,0.09138131108999509
81.5,0.15430455438241894,0.1695136730550198,0.2852643524721148,0.1218402401762171,0.0988173375163817
81.55000000000001,0.14882763699645316,0.17230839501456896,0.27710771866084033,0.12329418843858,0.1105083114220833
81.60000000000001,0.15702921515519722,0.18414418460964785,0.2765829519889308,0.13007673832020733,0.10998821925809002
81.65,0.14994952817447724,0.18290497915946752,0.2721267964417722,0.1330091314409011,0.1115717380601457
81.7,0.15223871332949773,0.18785802452603098,0.2648966543468314,0.1346917544506004,0.1134659105094631
81.75,0.14751691877379786,0.18711997400533065,0.26294457747503236,0.13331680765344342,0.12212433694374845
81.80000000000001,0.14566627283969952,0.18183599214242221,0.25441261585970176,0.13473124182804527,0.12575452998559858
81.85000000000001,0.1443201503205166,0.18826972548639856,0.24869562117929433,0.13206138809472975,0.125885544164549
81.9,0.14407729462642713,0.19124419985644775,0.25046682252354985,0.1279139327808491,0.12015955983629009
81.95,0.1388599846781152,0.19170115591861633,0.23730248395406864,0.13476414383870422,0.11844054390989435
82.0,0.13893436045302948,0.1910254516537746,0.22634954369849364,0.1429709093694803,0.11287846958710496
82.05000000000001,0.1398003283004647,0.1831454917290269,0.21423311782113433,0.1389678714446395,0.11807035608307902
82.10000000000001,0.14106918606705018,0.197003558581252,0.2064948566310452,0.13039834969197703,0.11450912886826302
82.15,0.13383731240552468,0.19168664242290875,0.2047743902526393,0.13321876829286639,0.12295247980704826
82.2,0.12847559492341024,0.1989459294268893,0.19416696316350548,0.13039119651784545,0.12320661462042233
82.25,0.12053345236245747,0.18793682913153928,0.19203126594265785,0.13319428350506599,0.1319675638934632
82.30000000000001,0.10928138133264766,0.18751591528991826,0.1887214722983933,0.13221045768129483,0.13093705035403694
82.35000000000001,0.10686171819237676,0.18847603804018873,0.17823964274400111,0.13878986068466057,0.1274150496869918
82.4,0.10078234029078158,0.181200419482028,0.17490117779222966,0.14363590499576953,0.1294347980289097
82.45,0.09283610211992041,0.18914382565886567,0.16743265067312071,0.13409841447501566,0.1312050636240634
82.5,0.0844225371841895,0.18699130902708802,0.1597481058581323,0.14030875436295376,0.14191249846587142
82.55000000000001,0.08097465400848634,0.18871543035737362,0.14982090010866136,0.13559348952127784,0.14309062137794037
82.60000000000001,0.07545313703687238,0.1954709321059863,0.13809086895841396,0.13971579466666034,0.14139827267620178
82.65,0.06311914609695092,0.18804975524521272,0.12386692119408381,0.14074902599431285,0.14553319573116677
82.7,0.05687911368741749,0.1971736034534347,0.1156573142460731,0.15384895047331354,0.1453466993981852
82.75,0.05183302135600288,0.20167216038015154,0.11042582444690402,0.15631699538207475,0.14518171831980253
82.80000000000001,0.04003564461849224,0.2002418831710827,0.10053067475085455,0.15781276845393946,0.1388269091486497
82.85000000000001,0.034672264059370836,0.20022790496058812,0.09830593488248042,0.16056499626350518,0.1421668469426105
82.9,0.02876532445655215,0.19670980754816683,0.0859798980739827,0.15932657941386885,0.14944268233944927
82.95,0.026110231975164988,0.19852097258750237,0.07855801291852876,0.15377912418915796,0.15672594090766412
83.0,0.01829386960333497,0.1905724467910134,0.07277790643400002,0.1590720139069595,0.14912556642735253
83.05000000000001,0.016653802120204005,0.19055132393654242,0.06488768903737088,0.16266790291324326,0.15791915665429768
83.10000000000001,0.013502049033264222,0.18844636090499708,0.06334613096393835,0.16186020871141607,0.16144927588784838
83.15,0.020544614737369314,0.19409702997436612,0.05200578046070395,0.1625960460534798,0.16402626597949918
83.2,0.02404757202505893,0.18445003736472712,0.04425866353618945,0.16781549832836792,0.16541182171459182
83.25,0.035755606415294135,0.19227089534912653,0.034055754131405644,0.16644777684722126,0.17769836671377934
83.30000000000001,0.0385527828009719,0.19575898296227362,0.027824908560552558,0.16601980595982035,0.1827337745180053
83.35000000000001,0.043068442551891864,0.1978474969431972,0.0316098715474408,0.1715183660195776,0.18989958838962234
83.4,0.04465295539990984,0.19588938942574877,0.03185834217385271,0.17818030331477738,0.20613170991259497
83.45,0.05298776418039981,0.19254660076748975,0.03072410010208159,0.17433105543499672,0.20737388723478495
83.5,0.05501171879087772,0.19274051943383702,0.029835758437549122,0.1816289709147123,0.2043466465660769
83.55000000000001,0.059909901500411845,0.1886765576137947,0.03841750062637312,0.17940239517989323,0.21272992181537148
83.60000000000001,0.06275356020524991,0.18555694352587737,0.048210657030447614,0.17889284888926196,0.21747031786878251
83.65,0.07022982456773387,0.1865901506424721,0.056518169546067,0.18553145589696216,0.22354825791681274
83.7,0.0743731957636364,0.1918120555861704,0.0635222518595725,0.18930529488438466,0.23249821852544744
83.75,0.08508971625945863,0.1985168605553261,0.07042723280467139,0.1933223269310339,0.23134767550063287
83.80000000000001,0.09075441951530261,0.19402170792245713,0.07513208525904032,0.20147797810443072,0.2358220441754081
83.85000000000001,0.09483849041523991,0.19358977530313273,0.08374942259190259,0.2047925228777157,0.23830073250414707
83.9,0.10178235597064764,0.18695310228028,0.09809320435716354,0.20109536914976453,0.23787812666276012
83.95,0.10758633209995218,0.1870684985331672,0.10439646629479475,0.19789781032200757,0.24423619042390654
84.0,0.11313136894230873,0.19639251545829206,0.11267726873169885,0.20548763189335148,0.24590987700209743
84.05000000000001,0.12473209587624809,0.20188353736218825,0.12273347532373245,0.21596622806313776,0.24454647618829092
84.10000000000001,0.12707173357393634,0.19417816475683497,0.12724765716390257,0.21797305553552845,0.2478359967333739
84.15,0.1274351599378581,0.19271864252855922,0.14398301790656323,0.21395116916981194,0.2530106825732138
84.2,0.13352191508645742,0.19312085834746906,0.1503122552831217,0.20596921171805022,0.25286146655172603
84.25,0.14762504376705174,0.19080558884533871,0.16472397252918072,0.21006956839049465,0.25117864370747645
84.30000000000001,0.15680063204360783,0.19809069605695873,0.16811624443862067,0.21113971740664286,0.25126632426108336
84.35000000000001,0.1603576638270056,0.18967118158427704,0.17089395523234197,0.2167470274586112,0.25156991780483323
84.4,0.15794481564021937,0.18490332830738032,0.17927809724284963,0.20813928508646798,0.2615822056934122
84.45,0.1675483815210433,0.1808325798935469,0.18923459837164697,0.20505611108633576,0.2577279054163313
84.5,0.1716090955786473,0.19084080939130743,0.1998337832558001,0.20445813958429465,0.25942531882588343
84.55000000000001,0.17790154485427503,0.18800970573591375,0.2081550143443385,0.20694974478835887,0.2676873829553917
84.60000000000001,0.18767124791295559,0.20074248701821906,0.21637699569725924,0.20598554591663296,0.264963404879689
84.65,0.19415404526854624,0.19533257591514677,0.21328903996297982,0.2144189827931237,0.26756647641605436
84.7,0.19795420676612366,0.19546135554817187,0.2191917215120439,0.2057365078016859,0.275466226622637
84.75,0.19980595151661226,0.1987199172524702,0.22267234704220762,0.21435982822068494,0.2702899561646861
84.80000000000001,0.21364384636046968,0.20576005994949834,0.2315350064735612,0.21431367911969595,0.28020267855652237
84.85000000000001,0.21881118475444955,0.20735298189407456,0.23833037735693352,0.21857341145870807,0.28310229964503253
84.9,0.21718190732701392,0.2071847703906355,0.24608971728206158,0.21418014551077594,0.2790854732348764
84.95,0.2182358926765251,0.21445293091012768,0.2484981862641777,0.21739330314736227,0.27467075314162337
85.0,0.2219811966808427,0.219134137838676,0.2564961065749776,0.21353792804174704,0.2818609360774495
85.05000000000001,0.22714648373708085,0.22081156769225802,0.2693091799130007,0.21277118306733062,0.29401795599701996
85.10000000000001,0.23143674302723155,0.2267963524934442,0.2789676889999492,0.22223642616404973,0.30489227915739125
85.15,0.23721596577385132,0.23671005577396387,0.2833723666776359,0.23334877470020682,0.3067036653742045
85.2,0.2430776235382667,0.2358008865701775,0.2832942370515812,0.23421567801369983,0.3132451247258974
85.25,0.24669664593560126,0.23923830444916783,0.2871302936031068,0.23005207889180912,0.3151062491122898
85.30000000000001,0.2563872467054881,0.24795606229661024,0.28464629402065716,0.23434709136762552,0.3255076506267612
85.35000000000001,0.2604187794519024,0.24993549600418405,0.2821342815024989,0.24036438523594353,0.31798276750631277
85.4,0.26239778429729854,0.2507620725591447,0.28611968009459815,0.2393183528649829,0.3145918060334832
85.45,0.26141502143929485,0.24995536980026373,0.28415532926095644,0.23431849869551905,0.3142473822226298
85.5,0.2635975385208081,0.25415603492375094,0.2968605249161366,0.23030853076625343,0.30812460825448934
85.55000000000001,0.2684012384241324,0.2522573702542067,0.29120970933798723,0.2465802153407647,0.3101182699064162
85.60000000000001,0.25665414561471434,0.2573782392953221,0.29804965629322494,0.2407435028093815,0.31209613936871916
85.65,0.26112112984878394,0.2606381923427955,0.30428062905965847,0.23596504265891602,0.31074477970060826
85.7,0.2687057041186096,0.26094826405648075,0.30662656260665644,0.22910220799043363,0.3012770309645826
85.75,0.2683878165661478,0.27161560866292495,0.3065025631556355,0.2240412203981804,0.29974730355989404
85.80000000000001,0.2687039629825498,0.2655121141198207,0.31009641356613654,0.22689029057674348,0.3047613479475719
85.85000000000001,0.2609007510266552,0.27183801349767545,0.3065293129361161,0.22080592911970637,0.30136648057874754
85.9,0.2550591649551754,0.26911974657798626,0.3153931358840285,0.21868343031634713,0.2910621504478694
85.95,0.25955215446666086,0.2691796433422797,0.324030311068534,0.22488239487774753,0.2929426852088432
86.0,0.2612077731166351,0.2794800655125998,0.32653637345012443,0.22183314444349544,0.30957489403707783
86.05000000000001,0.26292523475797414,0.27711508085865416,0.3271927050511439,0.23008858208911975,0.31652853834148376
86.10000000000001,0.2711922988404581,0.2837751577390852,0.32263199695990064,0.23561372735664945,0.32183495752577135
86.15,0.26896352145371544,0.28250218554703765,0.3234294640235607,0.22925771873553882,0.32534623940226165
86.2,0.27391208655385724,0.2783009339784081,0.32021430036382714,0.2352687633402462,0.33168295846961726
86.25,0.2739635231956438,0.28003517736755906,0.324149953543946,0.23414112337373907,0.34065559584285515
86.30000000000001,0.26881786346526554,0.28141747302269915,0.31391605413548107,0.22394938959642194,0.3368110391027515
86.35000000000001,0.27107357167385565,0.2732109320406912,0.31044640463056256,0.23105576711591153,0.33104740453391845
86.4,0.267041841473889,0.2845420250512147,0.30821354828468794,0.22852785203713624,0.32003537322179665
86.45,0.267526244012718,0.29137017492494643,0.30262005008054194,0.22198817148199043,0.3166089518455037
86.5,0.2741214715207995,0.2922565344790009,0.3023451456548968,0.22129138233030865,0.3156543073038469
86.55000000000001,0.27384891465334005,0.29019723608291537,0.2997835362153166,0.22247146644214152,0.3202895942291203
86.60000000000001,0.2693013996161238,0.29662684668490474,0.2943934576581087,0.24094174581486455,0.3249962513502702
86.65,0.26873721904962056,0.29966468855891554,0.29369160412594386,0.23939944485510553,0.32489043828759656
86.7,0.2671309951328299,0.2940689803356112,0.28639932838290316,0.22852155804704172,0.3262687721061809
86.75,0.26197999332423944,0.3013688995699582,0.2882522587745551,0.23019991414322735,0.3386482400661094
86.80000000000001,0.2557302291477503,0.30179416059487846,0.2880468932707783,0.22798628254913975,0.34815103014572135
86.85000000000001,0.25049112541449864,0.30622560693255985,0.2875495595141384,0.23048357812724318,0.34585514500079606
86.9,0.2404778063736173,0.3093028767323033,0.28211896596762587,0.23062969799194452,0.3475681874408438
86.95,0.2316319592988048,0.3087657452822315,0.2869012732962281,0.22991888899935517,0.3544203839269996
87.0,0.22726478583100146,0.3042268895809471,0.2831317327081664,0.22310364581846748,0.35741762354365514
87.05000000000001,0.2186046714938542,0.30830558050061596,0.27540721128770634,0.2268406015708595,0.3669983281002879
87.10000000000001,0.2120535323721416,0.30510895341990835,0.27461222289416176,0.22761390855862113,0.3693739956512077
87.15,0.2058688575474944,0.3157942497518403,0.27487724785718204,0.23616683438740652,0.37677127049941606
87.2,0.20331929983349067,0.3192338163409084,0.2709775736492861,0.23463164513850676,0.38453889505498556
87.25,0.1971550568397055,0.3111409820293959,0.2631518205017201,0.24453963058279357,0.38885290817669627
87.30000000000001,0.19339340717136363,0.3160017043323513,0.2570020047954558,0.2333863087953392,0.3900805701123707
87.35000000000001,0.18760530073821172,0.3152208867251479,0.24447407924920697,0.2421043754286573,0.38137370425376693
87.4,0.1841762918408629,0.30859394439930105,0.23855299826873153,0.24299435289263963,0.3816763606862247
87.45,0.1818713356087667,0.3156927696894935,0.2384721350361485,0.24958729873867522,0.38481638784287325
87.5,0.16626283544437245,0.3224109935042786,0.22872658814533225,0.2515600527568189,0.3853951363185237
87.55000000000001,0.16250644760098032,0.32609572221259797,0.22477262085162306,0.25129501684516475,0.39502538293285233
87.60000000000001,0.15675832810996407,0.3213044832266677,0.21592285564196892,0.2551174553159996,0.3941113708985032
87.65,0.15053544558643792,0.31303102957599505,0.2120765370984273,0.2516564974403843,0.39807270059081795
87.7,0.14529839137682063,0.32193368670965916,0.19705850894252644,0.2624937348964142,0.3945850835500596
87.75,0.1476050451765155,0.3323964955082399,0.19550409258089507,0.26246012921411366,0.38926166525864947
87.80000000000001,0.14044760968454847,0.3271068298779266,0.18347834502404028,0.2588525827545145,0.3901325489097903
87.85000000000001,0.13647427373386242,0.31830033511010664,0.17824098972810887,0.2561917272264842,0.3913925750449831
87.9,0.1333173414645326,0.3253996555785516,0.176149698342066,0.2518600147505317,0.39669382184316443
87.95,0.11949988858592055,0.3357311143523964,0.161475515682469,0.26350387823659954,0.39636424831725275
88.0,0.12070310992481964,0.33432192974140995,0.15338032487971917,0.27325054556896766,0.40725268929487196
88.05000000000001,0.1179944255788661,0.33693691714930274,0.14286813936847298,0.26751295656790863,0.39430946637899855
88.10000000000001,0.11786098551362298,0.3336485888678383,0.1320659556501545,0.27567203809142815,0.39964378884655394
88.15,0.12013910223120876,0.3251031552254166,0.12766346533074482,0.2730642247470639,0.3961938510825844
88.2,0.1115234339102328,0.3214881876302055,0.11617795516383693,0.266382677795971,0.4045831046285406
88.25,0.10613509099761911,0.3248685386838602,0.10478511707281678,0.2652828814856156,0.3993882852396848
88.30000000000001,0.1052861356718877,0.32950984159718527,0.09596030117305114,0.2703734934168748,0.3931922863758778
88.35000000000001,0.10991245177256953,0.32241633182730484,0.09729348342794318,0.2764245060924653,0.384020279269243
88.4,0.10866524605133981,0.32876887238394403,0.08957681725027157,0.27095352424358776,0.37491800802003267
88.45,0.10683863364758507,0.3177012446585654,0.08612988250708092,0.27064369684267636,0.37482620714879145
88.5,0.1012300647124473,0.32089365207071946,0.08174255457724129,0.2703577779482338,0.37572207110920486
88.55000000000001,0.09931055446248692,0.31740709475399237,0.07126641092810827,0.2591550105147545,0.37290292016724297
88.60000000000001,0.10421082850233511,0.30845270252775375,0.0652566567870903,0.26279316913394735,0.37011076015906824
88.65,0.1067659748033457,0.31140865062915435,0.055687656799422204,0.2569258095080332,0.355145854383804
88.7,0.10168085147465578,0.31301143965953504,0.04967022784814399,0.2612314301071581,0.35441493082087255
88.75,0.10001115680611522,0.3085097795538466,0.0486488556615325,0.2645518095851408,0.3534720044837681
88.80000000000001,0.10207584928420428,0.3044713120150534,0.04792295116883055,0.2656328360432942,0.3489326903104662
88.85000000000001,0.09952121975370093,0.3082067288535587,0.043769970551527745,0.25982857312603574,0.3473246499460606
88.9,0.10368340651210682,0.310655182926892,0.044789651524831754,0.2627382727267022,0.3468188377388685
88.95,0.1078132663388906,0.3044928391776088,0.04955179444152079,0.2564409849448724,0.3467073083191833
89.0,0.10931488107647569,0.3064087054011868,0.05324964285566526,0.26729586475260525,0.35270447420386747
89.05000000000001,0.12302164725692018,0.3021619317095068,0.060656194728271835,0.27134044936690643,0.3412437146099568
89.10000000000001,0.1299834532106264,0.308713304852362,0.05928072567493113,0.26600418080627786,0.34315245883513484
89.15,0.1320183158957406,0.3016995782144487,0.06959619502581112,0.267557071349163,0.3369878105859218
89.2,0.14524686605000156,0.3012638938500539,0.06940984844322334,0.25466440851903044,0.3361734665953361
89.25,0.15125112892544612,0.3028731194699907,0.07564971236127267,0.2574906610664227,0.33140437538411277
89.30000000000001,0.1525947208476413,0.308005947659644,0.0751342841636832,0.25840076003165047,0.34131119849332403
89.35000000000001,0.151033286985009,0.3106751559998891,0.06926233818952891,0.25178319625217,0.3350719045793375
89.4,0.15205386013687874,0.3042935120948363,0.07810409824051491,0.24646644093497785,0.3293204735449668
89.45,0.1621980677835779,0.30345281986789197,0.0879906279696298,0.24412959313244764,0.33156979221893984
89.5,0.16776005433422805,0.2986838942017069,0.09419785802089162,0.24785728458323872,0.3355560501953853
89.55000000000001,0.1742896468350145,0.29955173961657894,0.09899542372286989,0.24485971216758337,0.33501442058096964
89.60000000000001,0.18073147557514618,0.2935026848674492,0.11053539958284457,0.24176497064715052,0.32820460682420716
89.65,0.1797773566442184,0.2882186544195076,0.11493385965566852,0.23834679637637185,0.3249505470326656
89.7,0.18758718455075715,0.2756719243239787,0.1178861137348847,0.2428809771625357,0.3271212686259204
89.75,0.18435213372334666,0.2804056423131364,0.1252791118151504,0.23484871703474916,0.3197346105517199
89.80000000000001,0.19130987000780444,0.28174346558344876,0.12772269050593482,0.23635836146918401,0.3162247867165624
89.85000000000001,0.19630388182545405,0.28314182112590475,0.13380333358446275,0.23792165443070112,0.30101924749129844
89.9,0.1978283321452355,0.27983377399676074,0.13664780758752768,0.23733044780156617,0.29722738444166863
89.95,0.19846625907527,0.28189173734457396,0.14053060321613323,0.23095476876452334,0.28546926573555775
90.0,0.20489553264125693,0.2793383223947391,0.1467066356684449,0.23560296895125415,0.27972060400521037
90.05000000000001,0.21541764669329924,0.2822283071726586,0.15091876457005554,0.23117826845094225,0.27974276581865914
90.10000000000001,0.2198913006379594,0.28066365865447795,0.15197453215081067,0.23404584921058122,0.27829317309206053
90.15,0.2237602274465257,0.28038797762420103,0.1582447465468148,0.2276941979518971,0.2706869138984638
90.2,0.22665101565115084,0.2816461579514929,0.1674566890783217,0.22888897841669706,0.2705233122558127
90.25,0.23086908245439458,0.2803224133907951,0.17308382080655102,0.2224174020517342,0.2648759285393044
90.30000000000001,0.23015177873418127,0.278169562023877,0.1837096681552703,0.2282168038210969,0.26095942798251603
90.35000000000001,0.22841899120747683,0.2797151945025051,0.1848338088249675,0.2299458365222489,0.26152557864320114
90.4,0.23249219583326,0.2740193982897849,0.19277508013909503,0.22529674353781398,0.2550618524537418
90.45,0.2382969463107586,0.2719906169851304,0.1904257059291599,0.22430986744471976,0.2532388896460708
90.5,0.2406218557129925,0.268160093444514,0.20062714516389146,0.2144052384897691,0.25576677634674994
90.55000000000001,0.24682436673916203,0.25689308811940353,0.2080836038151419,0.2135193138668826,0.2528058192345557
90.60000000000001,0.24999454714458233,0.2614602711985016,0.2104714204223837,0.20745023589534492,0.25409949357294703
90.65,0.24938845820903685,0.25985757231775425,0.2128821624155044,0.2130900778616744,0.24959722153425132
90.7,0.25054339696632427,0.2540452074785794,0.2204774569362537,0.20423337206697498,0.2625610575666878
90.75,0.25702759745447123,0.25486612146360915,0.22326544706670193,0.2002160815260959,0.277906112829311
90.80000000000001,0.2583618113195348,0.26154032409572847,0.2276773723259078,0.20878873439088072,0.27766669646994346
90.85000000000001,0.2560718575581395,0.2594868660894854,0.22845601548311367,0.19938865200934414,0.2753289975551471
90.9,0.25107769091263465,0.2649231632599181,0.23589586233825843,0.20933892321498782,0.27727093346310583
90.95,0.2590805521775089,0.2698332496583927,0.23481729003804264,0.20488008888142062,0.2737205600954321
91.0,0.25898502548478103,0.2676185886308327,0.24347363929314755,0.20466942064696164,0.27505246450486426
91.05000000000001,0.25731036584645833,0.2567348647674411,0.2469435825092409,0.20571359955171475,0.2650433688689846
91.10000000000001,0.26171222376290904,0.2535389419038093,0.2594388404851227,0.20641487199941352,0.2628431258295274
91.15,0.2634309917493097,0.2605116943061466,0.2605791103936893,0.205207319563649,0.26221500029449357
91.2,0.2563784161089062,0.2608480755522131,0.25910669070234,0.20970381006358754,0.2681081005703441
91.25,0.24987441319240267,0.25829021106033195,0.2619265509654195,0.20174280880316187,0.26130895935476983
91.30000000000001,0.24762021406681206,0.26124356786908676,0.26864814176514046,0.21363949689420875,0.25706510500046276
91.35000000000001,0.24533240559414987,0.2612588994940975,0.2728289259629208,0.2197037507806091,0.24698655455658605
91.4,0.24649895231744368,0.258236155098511,0.2726713545818806,0.20689662216959734,0.23941171967531324
91.45,0.2499663273052038,0.2634658508498039,0.2760465576141872,0.2065627755208352,0.24177334430629815
91.5,0.25109045072794156,0.2565140046787447,0.27478584312193055,0.21190597429929736,0.2502265825594822
91.55000000000001,0.24688754639772056,0.24736135283718097,0.2810723933644518,0.20131058241429176,0.23897121146846656
91.60000000000001,0.24348592295578553,0.2423824652931717,0.28791695084519986,0.20826889834172735,0.2364377131482292
91.65,0.23748205987323748,0.24470787246806444,0.2951594104101456,0.19822421979890836,0.23746263669246032
91.7,0.2394040495772215,0.23654996590189867,0.2923524636715258,0.1967769775129185,0.23919576931464012
91.75,0.2355425217708264,0.23087887818850844,0.29294796048018434,0.1943086164954473,0.23068029146182453
91.80000000000001,0.22883840067868386,0.22962537188301405,0.29000395990852257,0.18828073393618674,0.21872365013442452
91.85000000000001,0.22427682600575308,0.2261976821762081,0.28658641361813175,0.1697270868189669,0.21997748384951757
91.9,0.22192003543413794,0.22644702527957852,0.2786102209188722,0.17809552680572607,0.21904402226830277
91.95,0.22362551856168308,0.2235130871452105,0.2846269534574059,0.1751947224377683,0.2143189034124144
92.0,0.22032607037225885,0.225473752838032,0.2872160991078764,0.17876242385385216,0.20408660169195705
92.05000000000001,0.2238839148503329,0.22425194396755277,0.28814496622935887,0.1766362916040416,0.2051215602887214
92.10000000000001,0.22144235199652362,0.2125134215165294,0.2857150652210672,0.1753351967982221,0.21055690636684485
92.15,0.21417730884894814,0.21325119679026,0.2817862932990875,0.17736914274172477,0.19859747881050266
92.2,0.21128608036392169,0.20791314983838585,0.27895965184354443,0.17117913191958584,0.1956159697339439
92.25,0.21182110266109988,0.20619572643610967,0.2875750170973754,0.16446099490247887,0.18277878162170139
92.30000000000001,0.2054065333535469,0.20428034426328126,0.2887111761391169,0.17289067508484468,0.1803872984985797
92.35000000000001,0.20003127022803727,0.2080086742351253,0.2838481442990848,0.17138403095343566,0.16925169253584277
92.4,0.20549687450700418,0.19931850138380977,0.2766934624265264,0.17207119630983628,0.16724947288804098
92.45,0.19886966159760947,0.20722265498636205,0.27492009625793473,0.16584092147536017,0.16264744599874667
92.5,0.19358443528030322,0.19712371367719944,0.2610050823007982,0.1798044384383509,0.16050640381335743
92.55000000000001,0.19349276602025997,0.2006509292452723,0.25817420125510504,0.17462025708902512,0.1538229284310516
92.60000000000001,0.18734712502465986,0.18817517636078746,0.2579045843138396,0.16814545484199905,0.1377278944899521
92.65,0.18490252598506696,0.18568988982403473,0.26454243462688015,0.16136051787805478,0.14168325372880886
92.7,0.18531740403729544,0.17793136447767507,0.27685462988386894,0.16756398941618883,0.1371479920100052
92.75,0.17914385213340583,0.17970988094964052,0.26984347674735165,0.16817201740365195,0.14586977380090566
92.80000000000001,0.17621875799797074,0.1791855655922132,0.26954957694251397,0.171414325358036,0.14249855829018065
92.85000000000001,0.1811244838881262,0.17280981461155412,0.2733899167887615,0.17052595560970613,0.14540966436815417
92.9,0.17824311485685443,0.17422108756078475,0.2712151790801739,0.16890194569328779,0.151286901584062
92.95,0.17781367438891413,0.16449651419741748,0.27078042001337005,0.16701808411691466,0.15742591183745666
93.0,0.1680856957555994,0.16039879694903147,0.2688111460236866,0.15868616415581846,0.1547966685341232
93.05000000000001,0.16867801058774615,0.16010258047162462,0.2564970140502504,0.15861323163527724,0.15491120772288777
93.10000000000001,0.17094988709229503,0.1559390671636374,0.2570308710687087,0.15386469342382844,0.15720541123730297
93.15,0.16791100748925036,0.15197496123739762,0.25631969078137146,0.1538139014415479,0.15244957007996723
93.2,0.1631967320979129,0.15790814787992147,0.2522876870850855,0.14286301267804669,0.1444587498627139
93.25,0.15651589943166494,0.14225948754972445,0.2530789927389367,0.14543989110770142,0.14525070197728981
93.30000000000001,0.14660842600774546,0.1460382536393326,0.2543384152904611,0.14751630135922653,0.1413607477843404
93.35000000000001,0.14319058982899574,0.1395912160603017,0.24827998370511573,0.1401903469663902,0.13910292282905154
93.4,0.13983304692910659,0.14380220745166747,0.24481872304402405,0.12987496938656223,0.13978774385547363
93.45,0.13357380957431023,0.14382604955096795,0.23997992795574263,0.13856059293031936,0.14317961707793408
93.5,0.12703509592605125,0.13949371298354643,0.2435500658685535,0.141194858546096,0.14076010356772317
93.55000000000001,0.12610188804033473,0.13472956184427434,0.24718139871426062,0.1343127788142498,0.13849364484417198
93.60000000000001,0.12289727974603114,0.13598848005410835,0.24805095370004954,0.13457711187498062,0.1411363146882308
93.65,0.12548373731073195,0.13854902491878487,0.2521500868437088,0.12991366395503756,0.14845927736868164
93.7,0.11712377227404804,0.13440014357699043,0.24709983193434829,0.13137212460632242,0.1533847173566645
93.75,0.11822851338157843,0.12436030657813262,0.24754639052748756,0.12276395386502559,0.16200876976241513
93.80000000000001,0.11197955388187679,0.12205517036964204,0.24225146156544952,0.1205560727692338,0.16029383936046976
93.85000000000001,0.11072186890114576,0.11260576860978182,0.23903474676827013,0.10982132428670058,0.1623662245328498
93.9,0.10333804173562787,0.11344678531272721,0.23955323778523627,0.1156156143698832,0.15831987346711926
93.95,0.10236631525749552,0.12845821606141947,0.24369589234621974,0.11775105842997168,0.1576885533213137
94.0,0.10495936696726454,0.13479035425806934,0.2420062446795382,0.12700393636274981,0.1634717691331065
94.05000000000001,0.10299576318790161,0.14090173974914494,0.2412600878439282,0.12867639234154543,0.15542004841367502
94.10000000000001,0.10325395634765923,0.14648691140868286,0.2419261146235441,0.14171233219032314,0.15159205809176918
94.15,0.10291533079361487,0.15198202640519703,0.24211554710995406,0.1310426358515509,0.17103793527018468
94.2,0.09630703579837174,0.14560965712919471,0.24081620785113173,0.13542397433308773,0.16917199854182557
94.25,0.08510489236060977,0.14607436977181718,0.24403439888742512,0.12539869002275872,0.17156290520680986
94.30000000000001,0.0884012250080204,0.14478415029111955,0.2399961359365474,0.1228558931186547,0.1726030698452476
94.35000000000001,0.08203376154164402,0.14333396082110414,0.24033208713831142,0.11931459857265912,0.18359194085763017
94.4,0.08144350125640067,0.14403070796660475,0.23953132119935158,0.11138539823011401,0.18423665463319433
94.45,0.07930822359003714,0.1347480002526074,0.23472644296329107,0.11160205630261459,0.1852237150893035
94.5,0.08041077531952527,0.13697626811639452,0.2321293189308389,0.10542093937551329,0.18798662294874904
94.55000000000001,0.08117200035655277,0.139976754204001,0.22958430598266005,0.10843835516308208,0.19294710440842014
94.60000000000001,0.07941139042855345,0.13638038746477743,0.23107408071969268,0.11094629586520707,0.1888530577210202
94.65,0.08268378364035675,0.1434003049490731,0.2270662020469159,0.1117132237289459,0.1914581694179466
94.7,0.08137448662218064,0.13835843875581502,0.22677643049477758,0.11954214432252268,0.19317089327374815
94.75,0.07988336315441973,0.1368272669395596,0.22084464433625584,0.11111281809618401,0.19796972047190686
94.80000000000001,0.0785570582704672,0.14351616304373396,0.20940483737185261,0.11032756821831739,0.20597543214202538
94.85000000000001,0.08104254622708965,0.14046240542213428,0.20822702759479622,0.11408346792317703,0.19378559658219074
94.9,0.07683008113119463,0.13915907138536202,0.20453792119181546,0.11144434610530922,0.19905688017111997
94.95,0.0723093941358348,0.13138249236933147,0.19825616341776317,0.1151255522356181,0.19327585341023087
95.0,0.0673759050030477,0.13806165599406733,0.1975221474504892,0.11317440964582152,0.19663692322499404
95.05000000000001,0.06908261975552009,0.1369786014827794,0.19084462916911255,0.11499386081685772,0.18944625587788594
95.10000000000001,0.0585842813289825,0.1359519437786027,0.19573547090999344,0.11675400435892787,0.19573157532859248
95.15,0.059752486708358234,0.143422415427907,0.1886453507788741,0.11855242636820634,0.1994955904550948
95.2,0.06328275252430153,0.13896970493857644,0.1758134309608331,0.11496010934706899,0.21052594939910466
95.25,0.05612507858355308,0.133378852354624,0.168022327331758,0.11995848400695812,0.20763776174271498
95.30000000000001,0.05703792427673269,0.1393557498108113,0.15980408190934559,0.10674945991977872,0.20384546747873683
95.35000000000001,0.054455793858598285,0.13811131592892742,0.15650394009879115,0.11063348524133956,0.20043451090609785
95.4,0.04610011327274971,0.13967503468370082,0.14629082274159885,0.10927581595101135,0.19773681465960766
95.45,0.04181121274677891,0.13686901540404492,0.1521453848253774,0.10845082791954043,0.20334523851247793
95.5,0.04168423878168349,0.1318332481824642,0.14880403168528694,0.11281226432073461,0.20566687331371422
95.55000000000001,0.03670334374422231,0.13749179233296221,0.14208805304636912,0.10949997339157867,0.21230659066931812
95.60000000000001,0.028382332125224112,0.13615584659367,0.13617093607850228,0.10149623305658652,0.22097198328152576
95.65,0.03250261524779336,0.1362323475936718,0.12247805998448366,0.10536829168844881,0.22648042517851763
95.7,0.03472030735261049,0.13455955361012603,0.11609529641286914,0.10502604418956381,0.22331640329907337
95.75,0.045460246649232476,0.1399538879153562,0.10952831989032832,0.11426628389236844,0.22526225202609804
95.80000000000001,0.045969266591337606,0.1366432539763634,0.10116657266796546,0.11085324366292594,0.22048717261259054
95.85000000000001,0.049415937434097876,0.1399941859504871,0.08805807310109237,0.11133803396998436,0.22888918549164897
95.9,0.05113105619478046,0.1437284105672581,0.08306273752143545,0.1121509062638599,0.22388275100172988
95.95,0.05755760015027381,0.14366184091820228,0.0788645478770516,0.11297768396839555,0.22484136748162128
96.0,0.05730527344158712,0.14097750999195566,0.07061677241195764,0.11547234074822588,0.23047582233476033
96.05000000000001,0.06915145725909778,0.13772533094849249,0.06644645422809664,0.1158083688033459,0.24165952979197672
96.10000000000001,0.0747393947514262,0.13485712198172065,0.06052379239426588,0.11597517836202713,0.24770429413629313
96.15,0.07847767094008777,0.1354388756045767,0.05436142485840329,0.1214518542978311,0.24621832913513902
96.2,0.08256176344627203,0.1339731015520986,0.04581220505627009,0.11569542102314549,0.24587619208943298
96.25,0.08769258004927392,0.13742837952864645,0.04320403994249748,0.10351104431857112,0.24677724427875566
96.30000000000001,0.08537458551862125,0.13570401031169105,0.037261364884777846,0.10500648421730534,0.2456238007814048
96.35000000000001,0.08882445415537053,0.13190723909660687,0.037699822036838,0.1027315266855778,0.24192854536347289
96.4,0.08342432968813403,0.1303238765990525,0.036816009076049934,0.10206224128145282,0.24368132853501734
96.45,0.08330387835672838,0.12916430909082835,0.04628055700551114,0.11491894363654719,0.2422282011787993
96.5,0.08482566746222525,0.13422890247488595,0.04596640995728602,0.11788776436633677,0.24205099144467176
96.55000000000001,0.09746602196601227,0.13788327284793578,0.052909439452019175,0.10939453058927022,0.2436492717459754
96.60000000000001,0.09918194724618909,0.140342054784008,0.05171445580197112,0.1170345448868109,0.24002958978773098
96.65,0.10240131805560844,0.1437931517184264,0.05757905494354819,0.11638675942283001,0.2435022685039432
96.7,0.10254530930502728,0.13961975137340332,0.05984980302554988,0.11147180767372158,0.239312665434085
96.75,0.111693552965359,0.13274138396147622,0.06405461305255768,0.1098495001349676,0.24242677707486954
96.80000000000001,0.12004464275154623,0.13258277200395144,0.07267326002899611,0.10585171909071252,0.24044743028644203
96.85000000000001,0.12613949655690615,0.14132653659146277,0.08421283325442169,0.11108613228511989,0.22783646124437856
96.9,0.12816057344513035,0.1487967591457293,0.08929979734237119,0.10962056128004746,0.2237536079516388
96.95,0.13023480208279287,0.14993327956807756,0.1033245796944066,0.11455460262775204,0.21812556699010616
97.0,0.13218019216100085,0.15062985637863424,0.11637295267278691,0.1150782894684575,0.21710429344807944
97.05000000000001,0.13392566181117094,0.1494897607911743,0.1254863557864193,0.11804575217214913,0.21710519239324122
97.10000000000001,0.1343961406069862,0.1523551398334398,0.12156194227494498,0.11333290594308142,0.2147422519911441
97.15,0.13275152723749034,0.15034403851893868,0.1290712456136448,0.11797882299933718,0.22146297672910686
97.2,0.13856341859805002,0.15229845283073828,0.14115621757345148,0.11675337974233355,0.21931992908978554
97.25,0.14145494717393228,0.1507382223267521,0.1508762421391467,0.11019846524400279,0.21353140804240955
97.30000000000001,0.1468681107173061,0.1550723627409706,0.15896958033210057,0.10825880182276658,0.20871856441128137
97.35000000000001,0.14979278053198716,0.1547853263569741,0.16716286609979542,0.10749816876789058,0.20558627961344636
97.4,0.1502997501793829,0.15123471676470993,0.17752977358568123,0.11373650511080005,0.2045055760034874
97.45,0.14899740873094186,0.14567301356872928,0.18797943354977484,0.10815708460713018,0.19466203892693426
97.5,0.16005661837261712,0.14544949181739725,0.19437241222374213,0.11196524485887016,0.19040199254289258
97.55000000000001,0.1752744104872134,0.14486882754801836,0.19747405298067783,0.11263062546608012,0.18167767113118835
97.60000000000001,0.18289911282816376,0.15445460464092137,0.20829004299303702,0.10670221192185535,0.17725276662379597
97.65,0.18243407372895357,0.14811291595848394,0.21605628942142327,0.11039187251346722,0.17479230701453946
97.7,0.18452757022965047,0.1447255835123539,0.22255970994753718,0.11069948431499045,0.16083294781389804
97.75,0.18479457638711846,0.1408094220347793,0.22976381565908724,0.10527377524965242,0.1595140244207204
97.80000000000001,0.19614532837155246,0.14282237353140192,0.23951125132962883,0.09888410421642567,0.14952493651877127
97.85000000000001,0.19454112050736444,0.14103038423734288,0.24378292745635188,0.09914262364914224,0.15313264672691998
97.9,0.19400546777723432,0.1402818003888184,0.24393330896292326,0.10261217387805859,0.14949713714962587
97.95,0.19906230034424818,0.12978364558334812,0.24763755698311057,0.09625177021502292,0.14139279210048886
98.0,0.2052039048152512,0.12339958408025124,0.25961325015083414,0.09810630490012384,0.14644073678847916
98.05000000000001,0.21228993936700002,0.12522103231108905,0.26926580381755666,0.08378447838227583,0.14893131268402596
98.10000000000001,0.21526951232757316,0.11661362899148091,0.2794386926943291,0.08916348857229348,0.15655432114337478
98.15,0.21442210314976703,0.11908354742323474,0.2863653500691054,0.08704787530263233,0.13881085449958727
98.2,0.21564225086628802,0.12097949156205363,0.3004340339067742,0.09295616926754646,0.12392471470766186
98.25,0.2238840484738351,0.11835320032569299,0.30833499659827085,0.09464525852243048,0.10602371774311453
98.30000000000001,0.22737285334881413,0.12302694556736757,0.3150641622838188,0.09845277712660559,0.10214918812939515
98.35000000000001,0.23152609045798098,0.13072452500220305,0.31943225563742866,0.09844120067573607,0.09453533809931944
98.4,0.23647258983342084,0.13003216377822752,0.3244809860619773,0.10010916568995497,0.09207769633780175
98.45,0.23090405563394514,0.1286232991915535,0.3301924683640679,0.10359832733119118,0.08576416817081282
98.5,0.23308966146428628,0.1316652969179131,0.3358955429992249,0.10353492761746819,0.08387327505312644
98.55000000000001,0.22880762852440828,0.13366274879030338,0.3400135636232572,0.10682065873048596,0.09390156142413487
98.60000000000001,0.2296929428704835,0.13029437786199158,0.3520576895956786,0.10646423712699124,0.08801489015785587
98.65,0.23090862817283458,0.12796049455779093,0.3533328975500772,0.10754266430252789,0.10060271810341126
98.7,0.23213290760997327,0.12229699750904532,0.3553891484471913,0.10691522700162813,0.09829508680490719
98.75,0.2386899155655185,0.1229753931160762,0.36155600296752305,0.09857868864505215,0.08878088931872775
98.80000000000001,0.24301249256237958,0.12127128641230661,0.3651954177862008,0.10760941686220188,0.09186848831500752
98.85000000000001,0.247819383662361,0.12141159959367635,0.3718529191703629,0.11591714810645773,0.08544988150316213
98.9,0.2508205416178819,0.12276751061542084,0.3763999944062522,0.11614960836428356,0.095058627515298
98.95,0.2513730261973044,0.11599732389100564,0.37630863461674285,0.09811687992487009,0.09072995310355618
99.0,0.2568482199954964,0.10489648422015735,0.3768917406261295,0.10659289668361983,0.08311762430516105
99.05000000000001,0.25577182154242584,0.11641633669953427,0.3875245887391555,0.1003167406696111,0.07978627676756597
99.10000000000001,0.253388102793447,0.11664585712804858,0.39009241656086746,0.11325908647182628,0.08760106766326917
99.15,0.24887251525399515,0.11745691601274832,0.38689959380912803,0.10569553588457203,0.08308364553212413
99.2,0.24959629702227756,0.11134395351700103,0.3826246867974575,0.10973374733347858,0.08184153083555006
99.25,0.25406769282013075,0.10762412445258716,0.3871310690377942,0.1120083064037077,0.0862769695025559
99.30000000000001,0.25237251778136505,0.10271878348257084,0.3878551671440656,0.11203514115785176,0.08031769863364062
99.35000000000001,0.24704526420540482,0.11036026455709488,0.38256463376553107,0.11780748271284555,0.08077784770128829
99.4,0.24418821013250971,0.11128247195962022,0.3842262511465282,0.12839587141759778,0.07483006753097653
99.45,0.23795154273144828,0.11363728820847668,0.38549426858847213,0.1253080125610877,0.07341692174466871
99.5,0.2354387119405455,0.11035818981907479,0.3887483517152263,0.13104750166439433,0.07112534104070764
99.55000000000001,0.2365094027525947,0.11747721724909177,0.39154647922438723,0.1334838330174033,0.07359435019985876
99.60000000000001,0.2291376697541642,0.10913494890262777,0.38732018504344373,0.1342532419152648,0.077807478356474
99.65,0.22732121657055948,0.10613764986087029,0.3836951718318988,0.14327313074558576,0.07707580907903679
99.7,0.2281257954026786,0.11021037053111508,0.38342602899078454,0.13878359753730662,0.07781402691070921
99.75,0.22776271011561977,0.11721971781776577,0.38046613531476475,0.13348530161019984,0.07779017913394214
99.80000000000001,0.22848364935822266,0.11588684260248482,0.3875738385557663,0.14462478750884983,0.07792243014602376
99.85000000000001,0.22495742415728473,0.1146251941354984,0.38097884228384477,0.14431760361243084,0.08486620209696691
99.9,0.21968663899702395,0.11296935774067848,0.3740382264705198,0.14866273935217475,0.0849632537888719
99.95,0.21810834676249638,0.11368661361076528,0.720838365598652,0.13774609875820362,0.0831670102637475
100.0,0.21290030439794422,0.10579274589874924,0.7184889207730359,0.1393273947185978,0.07752070880055748
100.05000000000001,0.20700614908222964,0.10201282550135397,0.7074840460880228,0.15192323821523962,0.0890366169316748
100.10000000000001,0.20389763054011303,0.10293172828867336,0.6887096375274124,0.15649319938925746,0.11133962538424215
100.15,0.1977097562395958,0.10470701442689358,0.6713845209807731,0.15095790043883775,0.12102916089155769
100.2,0.19318336482740436,0.10034544046681185,0.6488299476994096,0.14319352514775688,0.1324905272568732
100.25,0.1894202490693552,0.1051404775331474,0.6296410387322282,0.15026804581608968,0.15130731554722018
100.30000000000001,0.18604147958234832,0.10448231498027698,0.6136621534128612,0.1465023215642853,0.1638753754256771
100.35000000000001,0.17937633577937617,0.10029366227668353,0.5976973857882716,0.14600042100548152,0.17616755097950348
100.4,0.16925265588474867,0.09700339481668893,0.5785895126768607,0.1359428955444186,0.18806063769892625
100.45,0.16789431818716255,0.09278191232210554,0.5563226296618177,0.13606580757793268,0.19172456580702063
100.5,0.1616226991583443,0.08863381532711186,0.535699597883622,0.13542163496902157,0.19076686442982518
100.55000000000001,0.15228602873816252,0.08355230552153746,0.5117325337974332,0.12871981052853151,0.18954088814005574
100.60000000000001,0.15053929894221663,0.07498732815026163,0.49602272566580274,0.12337770313250318,0.19703010223560463
100.65,0.1507027549757283,0.07181562267030162,0.47680994900417617,0.12012432030223599,0.19626088888790894
100.7,0.1447452214311542,0.07380547213630827,0.4617016803013701,0.1194611746760685,0.1932562234622274
100.75,0.140660188040728,0.07407555773848613,0.45127331416931804,0.12215919650622266,0.1906333628898381
100.80000000000001,0.14148001572793484,0.07131969901594556,0.4337493752919152,0.11547841990827917,0.19440257072348824
100.85000000000001,0.13736584767933896,0.07608598929194393,0.41380023635151497,0.1249485549487853,0.2107208301133647
100.9,0.13776458326549862,0.08766434739515584,0.393705124033013,0.12121215476415781,0.21818554832215734
100.95,0.1343345587426922,0.09560363657871758,0.04901920953973912,0.1274506754068048,0.22220146766670204
101.0,0.1353470666256104,0.09877692098087357,0.05683219920806104,0.13142217905028705,0.22669721233823037
101.05000000000001,0.12511273499271575,0.107629347265333,0.05434052942169458,0.13844110575217208,0.2209609649738141
101.10000000000001,0.12541359903974617,0.11736509642250793,0.05993926111338112,0.14595830515257652,0.22887319581681317
101.15,0.12090552126117636,0.12726704368995964,0.06374613410232344,0.1491059104791693,0.2318853655781295
101.2,0.11800150654043107,0.13133538791927413,0.06630594179485107,0.15791777125404124,0.23563302203553158
101.25,0.10748420748747292,0.14244265105725726,0.06647408892587878,0.1591690555626734,0.2420295116159645
101.30000000000001,0.105064325378906,0.14519484341315306,0.07161882479869959,0.15525764500691783,0.25205454341341116
101.35000000000001,0.10151102451548022,0.14941147169346855,0.08117757003900508,0.1495339644566307,0.25602328158952514
101.4,0.09431236182463765,0.15603981821969642,0.09624941146322417,0.1484486644205747,0.2575775530202346
101.45,0.09413921124620743,0.15719253305978567,0.10696752387366724,0.15636979784884295,0.2536049067019168
101.5,0.09366075801561248,0.16196289491055352,0.11323813859277815,0.16018698432122952,0.25000939350762996
101.55000000000001,0.09124998289809519,0.16080029178567198,0.12604914649811158,0.1677152623317847,0.25517322769294803
101.60000000000001,0.09402151005297081,0.16226215119486265,0.13772895090860504,0.16744458855121003,0.25260789366165415
101.65,0.09415355546118599,0.17123005287109425,0.1393878322774964,0.1711461325892098,0.24776633518902783
101.7,0.09041505894773588,0.17447615485837964,0.1474521980547602,0.1768710690516232,0.2482424140525717
101.75,0.08553589447379925,0.17283980450771616,0.15259850276401965,0.177261183951665,0.24935418246190463
101.80000000000001,0.09631724674930846,0.17557977923701212,0.1601575533047607,0.1765657494851978,0.24419344248506306
101.85000000000001,0.09533550269761687,0.17587315629946326,0.17232408154721957,0.1798812575824897,0.25546230480186943
101.9,0.09842028746225155,0.1837937926933568,0.18073369236329812,0.18318695701898677,0.2515532757795055
101.95,0.09872455309519097,0.18580487058777276,0.19413788213451602,0.1872527179304868,0.25300530057531795
102.0,0.09452152584645239,0.19174885847651957,0.20609730334559903,0.1839089595433459,0.25329700725029475
102.05000000000001,0.10452595667161493,0.18825250610208313,0.2125416501671185,0.1892835504968714,0.2578184645781084
102.10000000000001,0.10976078705023498,0.19272368851646118,0.2277788938053745,0.1963970373671603,0.2648618866003531
102.15,0.11228356180535998,0.19392276827471383,0.22888366942907543,0.18718123693127225,0.26852792125412467
102.2,0.11964846508117058,0.1950207050426674,0.23594273734414362,0.18362851145186151,0.27186051334344474
102.25,0.12774432119027296,0.19004286359043002,0.2487734382860737,0.18160572677912654,0.26186985757780445
102.30000000000001,0.1297562875798184,0.18550085516047202,0.2585475984919748,0.18532957751214138,0.2658719663209252
102.35000000000001,0.13653661971785327,0.19642172846864506,0.26098517932867804,0.18407073805284727,0.26131949613935057
102.4,0.1334391565717583,0.19045864886871386,0.26738436138145544,0.18517297533263716,0.26445996598557425
102.45,0.1455524695197497,0.19168240333923367,0.27237081339285474,0.18234074925763247,0.267380965502537
102.5,0.16025263067681497,0.19333591945986278,0.2839473697497881,0.18508488468404177,0.26097888641326666
102.55000000000001,0.16722733155263186,0.1975903972161693,0.2947039953388487,0.18910735351557761,0.2620378762951295
102.60000000000001,0.17656828318492487,0.20273341654156643,0.29763913683937254,0.19050049655528442,0.26027802624241214
102.65,0.18219690964736604,0.2034082840309895,0.3089956135945668,0.1813447977551891,0.2665980055557437
102.7,0.1903521167369112,0.2010311129343366,0.3148155766563897,0.1920689566519886,0.2705741718256107
102.75,0.1882537192129874,0.20434285472572586,0.3237927355858666,0.19042891991367836,0.2769996985477027
102.80000000000001,0.19008231776999765,0.20001800312705104,0.3367166813367002,0.194264323916182,0.2763969953354917
102.85000000000001,0.20271310445089766,0.20573507671042715,0.34638221166507405,0.19324736836622347,0.27031463094411234
102.9,0.20977307672212517,0.2090392188118144,0.3548115564448244,0.19046283989472518,0.2740194657652268
102.95,0.21753675493178412,0.2127044008361847,0.3627741940164119,0.2002149665799545,0.2880512546975616
103.0,0.21622094634890196,0.21112587173531674,0.37237193226525167,0.20556452861552577,0.2832995224986683
103.05000000000001,0.21535414993664712,0.21492252818972155,0.37199254093603046,0.21100714552101046,0.2972555661563939
103.10000000000001,0.2241612527248976,0.22088366040301707,0.3785085312335229,0.21608923260759177,0.3020082591873918
103.15,0.23342257362456728,0.22204548118308817,0.3804488263215174,0.2204476718316629,0.30851986214903715
103.2,0.2415064138889304,0.21102854040482144,0.3805397046591849,0.21423469586267582,0.30963956562926837
103.25,0.23757096981189052,0.2190213306130736,0.38385741561143955,0.2123005816731759,0.31128128836994273
103.30000000000001,0.2504665308494357,0.22024415418492435,0.386557022209771,0.2205621077073824,0.31436029875972177
103.35000000000001,0.25624495604625797,0.21955794987530897,0.3919518645197926,0.22042483628029405,0.3159639769139796
103.4,0.2584910485063197,0.2245786527533347,0.3979518099866454,0.22900362928513196,0.32357276441084215
103.45,0.26140944906729086,0.23185234755166678,0.40246776329991796,0.23872081603342993,0.33510500106036867
103.5,0.26717742357787644,0.23132418217861678,0.3968718862488561,0.23883486311694088,0.3356532499218901
103.55000000000001,0.27150276494422926,0.23142915134235117,0.40648619194415464,0.2351853749258207,0.32971220023081493
103.60000000000001,0.2775373724895585,0.23419675242212368,0.40083344256555586,0.23467922019371276,0.3297355933550673
103.65,0.28249544679915733,0.23254209978812895,0.4079983183626219,0.23689682844996274,0.34342401702486663
103.7,0.2827695019868723,0.23135092358830095,0.40772769350461524,0.2268621499083036,0.3483995867054552
103.75,0.28490158123272247,0.23533776023739586,0.40875768636318877,0.22902295398301845,0.3438223601152898
103.80000000000001,0.2888213256377402,0.23013623441593714,0.4055216785410446,0.23198595209425849,0.35553853619168163
103.85000000000001,0.29851676376006037,0.21746789137241862,0.4089476434376556,0.22293160116892694,0.3696730760457279
103.9,0.30270796653677373,0.21614491359598836,0.4033826246088551,0.20739379949333997,0.36325853511172446
103.95,0.2996715060785136,0.20338112074700315,0.4044885331530994,0.19967858064884933,0.3657322193457035
104.0,0.2962070410281801,0.19930171052933182,0.3997007120859237,0.1985266422105129,0.36110610493502837
104.05000000000001,0.3074659796478334,0.19458793631475998,0.39673653436754414,0.19942114314865056,0.3542069627709104
104.10000000000001,0.30666127059773635,0.1862797800397086,0.3923763981318733,0.20583573441848171,0.3443651834831003
104.15,0.3034221894877243,0.18843232319921382,0.3929904864670598,0.18918003513964224,0.33845454674540604
104.2,0.303227563429918,0.18610200547178335,0.3881490896116584,0.18602659743446015,0.3326718906382923
104.25,0.30454851478145795,0.18679556691869856,0.38488432140683976,0.1900118808488904,0.33289526803722586
104.30000000000001,0.30270394891664165,0.19074685184336357,0.37222514853010785,0.19344908138408032,0.3276397078762547
104.35000000000001,0.3026843259233073,0.1831893796629079,0.36981751893267806,0.19161044695801532,0.3297466940432242
104.4,0.3059463881569001,0.1875094385155562,0.36687420193959847,0.1870279424471515,0.32226437909022165
104.45,0.29617584560850413,0.18097896166109062,0.37213245424640945,0.1896195826567809,0.3131876181851162
104.5,0.29544660758479707,0.1828145274246266,0.36460021173754337,0.18510711109142458,0.31929157196709423
104.55000000000001,0.3003227369278748,0.17955637171346825,0.36066978093079244,0.18337594789803477,0.3113221949431688
104.60000000000001,0.29704825237181326,0.17732538438756806,0.35344547476781474,0.1827054358160843,0.305490055931246
104.65,0.3006619498207211,0.17805781367123746,0.3482653998433965,0.17740592455464715,0.30219439344203264
104.7,0.3114484055559497,0.18906284425140704,0.33703368187953586,0.17542208892307082,0.2987076546274983
104.75,0.30637084484110805,0.1814994200892965,0.3304110709116276,0.18238037022542888,0.29589781213003913
104.80000000000001,0.30605955946530045,0.18942193865766732,0.32684313886205596,0.18675646742149837,0.29439339781689666
104.85000000000001,0.30808717989453566,0.18678163371812773,0.31768298130135025,0.19226118861057132,0.29368451148375324
104.9,0.30535233740180284,0.18982865736184437,0.30821543546999697,0.18887872502077732,0.2864576750991664
104.95,0.3022990965328483,0.1891213247053718,0.30238186727146277,0.1831762948833831,0.28242948860289563
105.0,0.2993740910137482,0.18925088298139403,0.30347232383257705,0.18710237878466626,0.27280962308875295
105.05000000000001,0.2985970051255126,0.1870336421886832,0.29356131701234955,0.1869837387534799,0.28540940108921103
105.10000000000001,0.29959641890502736,0.19698410270846106,0.28780588812224733,0.1841531910981385,0.28142684898434245
105.15,0.29570574823149737,0.19724076472834998,0.28133248884506107,0.18585339762852177,0.28714763879856475
105.2,0.28174424135263676,0.1972194406983204,0.28394570113076606,0.18170122320666854,0.2802526426300156
105.25,0.2842658306706018,0.19087087445230747,0.28422394880232515,0.1786726914504819,0.29487063676191105
105.30000000000001,0.28278553452879635,0.19806402668448791,0.28302160273384563,0.19113472365338574,0.3035977473760542
105.35000000000001,0.2747601935216635,0.2053003761622154,0.2745620417849171,0.19530323803518057,0.30647591706030164
105.4,0.2711819240724801,0.20598333495574175,0.2729273548254204,0.20504976986796766,0.31329487424397495
105.45,0.26643620920004574,0.21228345249448258,0.2710810731740514,0.2045989398397596,0.31690324122882324
105.5,0.2592463487902406,0.2166392490997192,0.2768622258694965,0.2077495064278527,0.3220721912047143
105.55000000000001,0.2521953437903992,0.22528745153063115,0.27660912457103903,0.21183332897978382,0.3283359218669407
105.60000000000001,0.25231946640869596,0.23382204020190203,0.2729087557414103,0.22140031329413887,0.3256639187928258
105.65,0.2492014510863417,0.23973639869127952,0.27252272594830707,0.2147960556982557,0.33832733787290886
105.7,0.2477958742867169,0.24354979958838072,0.2598121729162989,0.21777351005469361,0.3461609217755994
105.75,0.24069339307089316,0.2499867566976815,0.2573733649649243,0.21874202488611927,0.358512792325356
105.80000000000001,0.23750831272951045,0.24821380242675367,0.24975001370110028,0.22685405995969624,0.3530713365351307
105.85000000000001,0.23256712089471285,0.25941227501187514,0.23765158124676652,0.22434667221681223,0.35652527787499816
105.9,0.23960569144135357,0.2572999916050739,0.22872577650963807,0.2198278520714622,0.3526628268045867
105.95,0.2329682197929918,0.2603862762129275,0.2162646608483852,0.22231897239336668,0.34865176955627547
106.0,0.23274237908212642,0.25931537314603065,0.21192638521118762,0.22610529043903627,0.3465919790450273
106.05000000000001,0.23092099265946014,0.2618130115427675,0.20021617610223993,0.2239016174577501,0.33592883901075143
106.10000000000001,0.22240067279657452,0.26297012220996463,0.1936009115840842,0.22798703752288313,0.33635525007626854
106.15,0.2145376167242342,0.2639122064669788,0.18474308874513035,0.22498278042797135,0.3473484134691804
106.2,0.2131717777642562,0.2760758555176825,0.17839888570294418,0.2277242770803538,0.34124315194684424
106.25,0.20766312412345206,0.2749678092891081,0.17220251312292018,0.2280388263886784,0.3459512860413481
106.30000000000001,0.19641321248299953,0.2832726291967745,0.16484890274943798,0.23619775585619757,0.35160699901571135
106.35000000000001,0.1857419118070974,0.28346022952584277,0.15583048772482713,0.23434278031805963,0.33760185250605196
106.4,0.17780184290812104,0.2778137135190212,0.14996899680908657,0.23169242084696967,0.33457013770394245
106.45,0.17414047245446926,0.2844277024608294,0.14134785859019014,0.22803482073096654,0.33191903899463054
106.5,0.1639752092590392,0.29141451757771064,0.13868685989096158,0.23593121362071842,0.3201922568880317
106.55000000000001,0.15445638308902507,0.28633455381045947,0.12853462914422362,0.25216104407683937,0.3197341763237801
106.60000000000001,0.15256933551757518,0.29182893683882216,0.11909430757470386,0.23721103617939607,0.3143612707279176
106.65,0.15009394097184184,0.2893520496362327,0.11635891992349429,0.23622098929754728,0.3080709791621384
106.7,0.14281028421020237,0.28676025770970787,0.11053278955942777,0.2385406595461866,0.3081739576279592
106.75,0.13264983320226464,0.2892803692895546,0.10408415293854037,0.2406952162211012,0.2957094456523042
106.80000000000001,0.12852953314083668,0.286837479721523,0.11592069150388169,0.241924196655408,0.29248400953443054
106.85000000000001,0.11479027109921336,0.2884856752752756,0.10580815812506761,0.24585417315561783,0.29667977934529155
106.9,0.11455904506274178,0.3006034674180846,0.10518992539880313,0.24438669888414566,0.29714079584503444
106.95,0.1046817386482217,0.3041165026395209,0.10499991881594671,0.24689205431265904,0.2940897517943915
107.0,0.10334553270095734,0.31312410894941023,0.11121074557321445,0.2429039849170168,0.2893534023085462
107.05000000000001,0.10085285721429639,0.30605011860747855,0.12119168451196122,0.2501734033685332,0.2931158473139459
107.10000000000001,0.10424040960472267,0.3091298934716996,0.11973060670740064,0.2476874239666278,0.29650603774554257
107.15,0.10379405406798926,0.313661949096634,0.12098393139734709,0.24279819841996603,0.2969932651097076
107.2,0.10150339971812948,0.3136228560956417,0.12941934944761255,0.24977846885223676,0.2960655406828016
107.25,0.09746955232373218,0.3069705458256075,0.13823824996433717,0.23977752286303397,0.2938705374583249
107.30000000000001,0.10012688519402417,0.2988433936459061,0.13925303623816787,0.24165455322093812,0.30058178781327516
107.35000000000001,0.10654850705032991,0.304159235708441,0.14908366683832872,0.23038676327547136,0.30082217949740764
107.4,0.10864655701652678,0.29626830393264625,0.15734714513103398,0.22626090518798184,0.28600277821874337
107.45,0.10767406371475732,0.2924286608278295,0.1702886015684292,0.22200674767807058,0.27095218500726864
107.5,0.11089947458451396,0.29167683689094953,0.178587362551597,0.21599296550655198,0.2586048868582205
107.55000000000001,0.11851728353495272,0.2946932735957109,0.19488439242266709,0.21148280761519622,0.2524270872707754
107.60000000000001,0.12117268930589653,0.28380508126271,0.1983922584052974,0.21148242827604324,0.24175204643051174
107.65,0.12297155264902257,0.27908544059848595,0.20013069325523958,0.2113779407457828,0.2402479604012176
107.7,0.12191409206911893,0.2766874032043698,0.2091693669476686,0.20553302202289384,0.23215142431922972
107.75,0.1270463896655179,0.27891283568143893,0.21955775653212514,0.2022588972130816,0.22544493110907615
107.80000000000001,0.134714727957011,0.28596397904240944,0.23006853172255595,0.19761964036104018,0.22271885701460956
107.85000000000001,0.1417005392959993,0.2711291457656943,0.25136381969726534,0.21204883326617796,0.2216243016441296
107.9,0.14547959499971885,0.27480235494483163,0.2541835417183227,0.21257676005984094,0.19668947571516407
107.95,0.15243479463447338,0.27049819388720975,0.2647338569550701,0.20979320285994008,0.1783418998138443
108.0,0.15297826987528035,0.2636157650186969,0.2595587195554626,0.21185060021943303,0.17096894487405032
108.05000000000001,0.15681185767406217,0.2628326212562488,0.26801079624846963,0.209519121652415,0.16440540839831977
108.10000000000001,0.16052168987844234,0.2537058663036396,0.27247025096839356,0.2055079635258042,0.15817347152583464
108.15,0.16671518754137155,0.2571265575636628,0.2722698019785622,0.19925739995560934,0.16359826667515534
108.2,0.1710168937075074,0.2524228290193906,0.27744484868067143,0.2032620244278724,0.15412051739716806
108.25,0.1791921176629529,0.24844077740325674,0.2776204977539625,0.1990428874004869,0.15537161776138403
108.30000000000001,0.18281194831566583,0.24340806054459757,0.2860515772884079,0.20007801007223494,0.15259591436172562
108.35000000000001,0.18596026585374692,0.24142966569212562,0.2904331840770369,0.19168730904805156,0.15586084503575662
108.4,0.1884492506809513,0.2399245502543836,0.2953467505523625,0.1936149135596065,0.14621670083577767
108.45,0.18384334285847614,0.2298515718330759,0.29355606640497695,0.1962036088278654,0.14047139939955608
108.5,0.18552937831539335,0.2299954999365086,0.2935493272450834,0.18998459062363976,0.13350431748698366
108.55000000000001,0.189938595157612,0.2223148145296871,0.2943423204357721,0.18186556032474374,0.1258000613805199
108.60000000000001,0.19360547805805864,0.2056666996563004,0.29855844928404685,0.18506057564617182,0.12022591234582268
108.65,0.20132807420145835,0.2055288474253823,0.2988764878089505,0.17768455484087722,0.11668147893450738
108.7,0.2074778298723821,0.20016930352808826,0.30929325197554386,0.17150338416822727,0.12234261501852152
108.75,0.21555948481814885,0.20594064703620338,0.31471091376526084,0.1730298537975376,0.113157297688114
108.80000000000001,0.21823389177043495,0.19753118074129736,0.3102393536537561,0.1750818063831322,0.10808997839445833
108.85000000000001,0.219945562743167,0.2001400478325373,0.31200755964706206,0.16552296003772202,0.10340842243007022
108.9,0.23544187550762033,0.19032988653940303,0.3139954126372156,0.1638335407930159,0.09367253983884988
108.95,0.23819601786233577,0.1955729541231756,0.32343829042074934,0.16574746778889493,0.0836210314883112
109.0,0.24098646187460296,0.19346766548365746,0.3224267154403065,0.1752217028368599,0.07849188413827816
109.05000000000001,0.24765028859678825,0.19794752414232036,0.32504182054937997,0.16703565358593203,0.07953542930448246
109.10000000000001,0.24782731080808545,0.19418850091730996,0.33112808125129556,0.1743555971223307,0.08715032656925459
109.15,0.25309450879867645,0.19395829205137274,0.33830336488096774,0.17209551629570352,0.09162448948630965
109.2,0.25263153034752805,0.19309090820394592,0.34011734062566934,0.18102078247564457,0.08224822298564802
109.25,0.25266187892239256,0.19871534989116788,0.3422077616788537,0.17735800965545975,0.08162890682442915
109.30000000000001,0.26156322589930686,0.200597977567066,0.34852739844664055,0.17604154125116844,0.09140640779360715
109.35000000000001,0.268012952074757,0.19529801252792173,0.3481590201400052,0.17889563863764552,0.09665217801744815
109.4,0.2684847837261396,0.18720736977970603,0.3509800608740611,0.1795962850977744,0.09520302936093446
109.45,0.26730849531531964,0.19146191590404568,0.35324539565808616,0.17840633319502738,0.09342066616956575
109.5,0.26666214209479944,0.19917599686816628,0.3523558082354061,0.17580148359696424,0.08875295755602813
109.55000000000001,0.2698743080317051,0.1997870517127437,0.3556918895670428,0.18662961168450132,0.08649119131341532
109.60000000000001,0.27666626996304156,0.20272532707139884,0.3620260274408057,0.19391784263396636,0.08472426960511911
109.65,0.2754210302716725,0.20616748580169975,0.35619035165693724,0.17827540784075233,0.08219056742024028
109.7,0.27459119813067373,0.2011180641330765,0.3529052913482292,0.18674598660888841,0.07797703602536443
109.75,0.27324530418337184,0.20546943269589618,0.3476097336465442,0.18650798229206567,0.08137134922546206
109.80000000000001,0.2791127676993431,0.20432583458494677,0.3460821901452025,0.18970604093493823,0.0924873542551755
109.85000000000001,0.2831072890970716,0.20041692602654881,0.3399214720054277,0.18636324824038003,0.09461867466962011
109.9,0.2883734932146506,0.19937069212716002,0.3373503246697788,0.17653816843751488,0.09648066196109699
109.95,0.2944241729948233,0.21181748369744946,0.33621548077817426,0.17522410266871782,0.10178234390142163
110.0,0.2977627767362209,0.21515408904887842,0.3286785898133236,0.18337266179689102,0.09320097824571763
110.05000000000001,0.28975915135282837,0.21165101128907624,0.33143659025522143,0.18490571429009972,0.1012038205147209
110.10000000000001,0.28483500112048427,0.20931042357526475,0.32678054423424785,0.17881368311391102,0.0981911228678362
110.15,0.283202415138459,0.20964480511479203,0.32647141233664523,0.1702380508268997,0.09123687531334856
110.2,0.27857377950067796,0.20259816175745748,0.32267409345382914,0.1683591561957456,0.0849045532386099
110.25,0.27817820304357305,0.19754428557424075,0.31327148597172283,0.17208676697225017,0.08827453872964576
110.30000000000001,0.2732085819936635,0.19729821682270132,0.30045809970123993,0.1656175255378662,0.0859805194617781
110.35000000000001,0.27123513988342574,0.1998223014659585,0.2893339086247922,0.16445488634969413,0.09858764953927836
110.4,0.2681216328273559,0.20160805344997687,0.28245677848727346,0.15441876114592748,0.10204338139013036
110.45,0.26785764121600025,0.20050698777747622,0.2766686326916164,0.14416020960289716,0.10354109308911008
110.5,0.26656162436584774,0.1976264269045667,0.27009539641562047,0.1396297200613371,0.12442516930600638
110.55000000000001,0.2639171001323317,0.19439680720597405,0.2665549693653948,0.14072166854909257,0.1299426919268611
110.60000000000001,0.2675432041313739,0.18977935769746915,0.2602394754739842,0.13539377550376414,0.13183163451178367
110.65,0.2601947007845216,0.19219092109770966,0.2592489773292871,0.12566407859621384,0.13480063436663933
110.7,0.256319725229748,0.19481524130626357,0.2501840138561157,0.138534187167478,0.14443376649285894
110.75,0.26309294969793956,0.19794246188041675,0.2344306471077383,0.12792120024441017,0.13884438963979848
110.80000000000001,0.2637500587418936,0.19287002222931499,0.22784532275442287,0.11343386021257137,0.15348122098021952
110.85000000000001,0.26186703857618254,0.1950367401153921,0.22195887216048626,0.10796559435261777,0.164632222543498
110.9,0.2618557686071054,0.1916983080735291,0.21819693325989967,0.11288506198509451,0.16266484162638947
110.95,0.25831312897450603,0.18782767337996148,0.2125739113880558,0.10616353190598186,0.17529066841582874
111.0,0.2545252791557893,0.18301112645385492,0.2078157478880117,0.10703364148543457,0.16640122937205085
111.05000000000001,0.25041387213278393,0.1920405265245817,0.19891764698034292,0.10202220163533396,0.16574749244021444
111.10000000000001,0.2467616463973557,0.19688590289002758,0.18900242509078155,0.09760084713015482,0.1810915370087431
111.15,0.24796495555995063,0.19581219238088649,0.18825378541315332,0.09618931121267356,0.19014424223268508
111.2,0.2489996361147272,0.19177024387905464,0.1751568545042643,0.0983485775453094,0.20442886539267766
111.25,0.2485558769361904,0.19117224977090325,0.17472642822710327,0.08867928692709931,0.21324557779640213
111.30000000000001,0.23869995297071628,0.18514969282932686,0.16812991994823467,0.09303352656680762,0.21248887515295806
111.35000000000001,0.23191655711983664,0.1892398854401923,0.15647742235622303,0.09249691013144118,0.2171562620183255
111.4,0.23271450330321677,0.18322510853503482,0.1505362702300229,0.08740915251332562,0.2211764617839855
111.45,0.22325299182503186,0.1918000128930252,0.14861517530552665,0.08424264054897267,0.2188343413454085
111.5,0.22865338618513056,0.1896501028634387,0.14679710348036976,0.08445743810715386,0.21890534284940472
111.55000000000001,0.22457619518971553,0.1920294903940008,0.14139714136882658,0.07560867508920235,0.21562448439586657
111.60000000000001,0.219435553294329,0.19783018472465363,0.1354183217867078,0.08672178855143792,0.21946989616624304
111.65,0.20887652759779932,0.20295311946260503,0.13651573886445292,0.09106009097682966,0.21780737494297744
111.7,0.2045208856578861,0.2054238582751846,0.13546181205665797,0.08926587000312029,0.21726671568619413
111.75,0.19806644660279113,0.2070718416284896,0.12695900647624234,0.07567140359826284,0.21681660231430117
111.80000000000001,0.1947491750215295,0.20227793874653363,0.12561436248166047,0.0756733888739289,0.2180964434399909
111.85000000000001,0.19144023240588187,0.20279241300308004,0.12335713225519393,0.0753521155507474,0.21059519719662023
111.9,0.18937181612614573,0.1986846675595401,0.1139293782481358,0.07541788317675978,0.20398071027888964
111.95,0.18566485570168975,0.19991150776741032,0.11274099169664847,0.07467705842802132,0.1970956064061931
112.0,0.18981849847610094,0.19920910380514648,0.10387683518086037,0.0683589825038872,0.19227966789585293
112.05000000000001,0.1777733731828614,0.2044229793940874,0.09963630936516588,0.06911622059868913,0.19228931739857502
112.10000000000001,0.17495957767546055,0.1957724844183126,0.09729823119092261,0.05923982934767425,0.19805500874003337
112.15,0.1760809575080805,0.20197989775667302,0.0948603854702063,0.06444804576237675,0.19347417573459672
112.2,0.17731041525156438,0.202411697582716,0.0878989346320133,0.06248989469668479,0.19008520300063692
112.25,0.17584520491005487,0.19852579752535296,0.08385895185884243,0.057701293412690834,0.19429702880372035
112.30000000000001,0.17562467774263485,0.2092701793974765,0.08245538503138881,0.06034189062504656,0.20182280504337713
112.35000000000001,0.17296780577597423,0.2052681991204098,0.07759660813844692,0.06429565578226684,0.2126813341159553
112.4,0.1722549326368818,0.20400916825334867,0.07364252209209227,0.059648433692550545,0.21867672639751298
112.45,0.1688389777582146,0.21225223042587746,0.07493040068647863,0.06135753356248633,0.22111304961630293
112.5,0.1643560453536153,0.21304748288549302,0.06881429809600974,0.058333588265073226,0.22205014630642675
112.55000000000001,0.15468631259350923,0.21296324080443196,0.07800547747805418,0.06495618952523916,0.22605548060773448
112.60000000000001,0.1543654166995025,0.21280045915581342,0.08192046564686464,0.059824658910260134,0.22892142878253693
112.65,0.15154170837503073,0.21647718425667206,0.07815872297808048,0.056136706706525194,0.23266666464355562
112.7,0.14965966240783746,0.21900713625964774,0.08281291707077726,0.06200478716479253,0.237666340174378
112.75,0.14386323076481072,0.2240634519188815,0.08913888136264411,0.060285488964628785,0.23977258676382876
112.80000000000001,0.13866941608486955,0.21137048864210875,0.09572473020891416,0.05909950470846776,0.241579326384821
112.85000000000001,0.13129221579183198,0.21646281230902992,0.09779912097239403,0.05614637654198151,0.25010726075555567
112.9,0.12236772810464024,0.2120675227571574,0.10178237125132346,0.06104024169964877,0.24956004249269964
112.95,0.12203928176147134,0.20278240625440155,0.10013790412776111,0.0466225701485796,0.26020729404345777
113.0,0.11323462787952601,0.20155070167124675,0.09465752461242694,0.04766085169409568,0.2694016433126388
113.05000000000001,0.1101415907812444,0.19832232769744523,0.1048530461405509,0.04783798219680623,0.26834178830738564
113.10000000000001,0.10577556942231943,0.19334877045573456,0.10391499635930043,0.0473909068027466,0.26665869576274437
113.15,0.09984831706072746,0.18289894226273645,0.10827131297687534,0.03584052534137403,0.26433089206205407
113.2,0.09753733665933485,0.1881997852832103,0.11420855509038415,0.033757057396044475,0.2618854028626223
113.25,0.09379303109721009,0.18573222113761717,0.11189791849366434,0.03092616347556218,0.2713875731608008
113.30000000000001,0.08937799994933109,0.18003521614703574,0.11220009927751982,0.03411367024083884,0.2651048835478345
113.35000000000001,0.08683104431365697,0.184061592114701,0.11308973819773933,0.03496930163209454,0.25494809388043466
113.4,0.08979133304797372,0.18149932257361892,0.12311851555276321,0.04687247018244293,0.24981347554930777
113.45,0.09149515120712433,0.1844698247176584,0.12613789191267874,0.04029028643647439,0.27150086532220513
113.5,0.09010070399897899,0.18409212213897821,0.12886327619166285,0.04009352622756832,0.2717266331302668
113.55000000000001,0.07797146971259288,0.18051017822454915,0.1321406541324308,0.044327096630306644,0.2717539507400614
113.60000000000001,0.06767221889757569,0.17640293421618053,0.1303874063039545,0.04667241850434222,0.27467177845020746
113.65,0.060131780573291806,0.1784640221023567,0.13792891907182467,0.05462119472622005,0.26993669134857606
113.7,0.06544369935999682,0.17349516795831224,0.13827465743053483,0.05832194958585107,0.28134820476567
113.75,0.056321277881900174,0.16840470847937378,0.14736930155252514,0.060403903440059435,0.2878077738505034
113.80000000000001,0.04820449822304529,0.17686058905557553,0.1469411078776063,0.05391921231926627,0.284554713086846
113.85000000000001,0.04866489961062567,0.17579788427081114,0.14425278616086337,0.05619347414099496,0.285875517939776
113.9,0.04418899742063744,0.17114878570977915,0.14490235636776905,0.05811411117936461,0.28841547642579823
113.95,0.04550187862559033,0.17969392981517432,0.1496985014886609,0.058371424648688316,0.2904528009337601
114.0,0.039155730769974674,0.17867395678829257,0.14862661623430803,0.0609793775029869,0.289974803757098
114.05000000000001,0.03674240819034259,0.17144917399048906,0.15663441772672684,0.053330797194586964,0.28940862281735186
114.10000000000001,0.030346274904260017,0.17788491993446567,0.1554656086621462,0.05323169052317513,0.28677002270299823
114.15,0.029799496286436442,0.1771019098039294,0.15497378888761565,0.061810334410743316,0.2935140134794167
114.2,0.029872471504600737,0.16554084243817285,0.14664670487031956,0.06945645650449897,0.298136578419165
114.25,0.02750562452727229,0.16360509055012257,0.14350115150591367,0.0592382469894324,0.2964503057319209
114.30000000000001,0.022360574972090864,0.1652686721865494,0.15099924529082023,0.054997635693800895,0.29860373089649056
114.35000000000001,0.023172756138696102,0.16005556600402548,0.15033863898995053,0.056843025095612905,0.29889592953811955
114.4,0.024815161742214698,0.1602036545846999,0.15834049564403785,0.053239999443971404,0.2969614466111952
114.45,0.02197536896474162,0.1550825249333545,0.16005004009897122,0.05578547967892494,0.2991065786305476
114.5,0.029120971069357994,0.14964409580713825,0.16084643021776057,0.05464448877810374,0.30838532918691014
114.55000000000001,0.029827424271813313,0.1485090793304822,0.16568889571769865,0.049563819788762176,0.3040580659161461
114.60000000000001,0.03421663564646147,0.1444392704756323,0.1578770097219118,0.0519816790239332,0.3052968541956044
114.65,0.03605172721891972,0.13647910149372153,0.1601167496020993,0.05150948599994065,0.3025602693450579
114.7,0.04488007173419273,0.13828671682681526,0.1637079468556516,0.049071873550662476,0.29265865502143124
114.75,0.047642419774347286,0.1266662836362979,0.1607631473017404,0.044921854257164426,0.2912473380112283
114.80000000000001,0.04527123970357521,0.12803875022737912,0.15935587759676464,0.03586718038513192,0.2844340673356537
114.85000000000001,0.039044997120997314,0.11765842844431769,0.15501079530396977,0.039566955857819844,0.2886017076115005
114.9,0.04021358867406912,0.11510461409207218,0.15161027734640145,0.02579255974360613,0.2872907754261615
114.95,0.04297772752047557,0.11453553895862195,0.1603788670261378,0.019256784767189863,0.2940870829221334
115.0,0.048596581672666346,0.11771340538760823,0.1603113665146882,0.02615698555477737,0.29814595251011816
115.05000000000001,0.05522463864500873,0.11375456420921157,0.16569390242434995,0.022607230006470438,0.3006433751770421
115.10000000000001,0.062127553302034844,0.11505879346111063,0.15718415839950023,0.015408114508513666,0.2988845395754648
115.15,0.06671994384987552,0.11600322424097709,0.1611366912260331,0.009935076713932066,0.2991456156633007
115.2,0.06707135709218193,0.11194753432589276,0.16571158888736318,0.013074920204845119,0.2989713242953496
115.25,0.07159931083308346,0.11704206156068778,0.15370375031326786,0.006953510897869015,0.29507407787723344
115.30000000000001,0.08000627925784985,0.1097658691466257,0.15282122763036618,0.0066057793145254656,0.28853510684634764
115.35000000000001,0.08889161644467429,0.10246961067945407,0.14519066760194677,0.006922664511419679,0.3011092108540427
115.4,0.0902564120794868,0.09441615487259557,0.1444494307503199,0.015577367588434417,0.30930389987671014
115.45,0.0908997857557484,0.08738559148479146,0.14731902802920996,0.018557287477593942,0.3155757734287794
115.5,0.09012234694142494,0.07878859917068332,0.14219217134960938,0.031726664474656927,0.30331244104232113
115.55000000000001,0.08970726920882124,0.08356647508830257,0.14409055473583052,0.03871228466198584,0.30277513966873626
115.60000000000001,0.09019605600376272,0.08085160706525459,0.14473235516261349,0.038212927511872004,0.315789876558311
115.65,0.09829298895482487,0.08081211278521848,0.1446347454476378,0.03362013843703628,0.3224579765520957
115.7,0.10675091860651514,0.07956949621989169,0.14883849543875255,0.02982915346839571,0.3201462772048704
115.75,0.10516728224212261,0.07644972305082996,0.1487697790149916,0.0390862857837756,0.3173720400647801
115.80000000000001,0.11407258717911836,0.07062257059601029,0.15094636296583355,0.04395853910281165,0.32861506585637673
115.85000000000001,0.12155989726966976,0.07751155476808443,0.1530751211723965,0.04705041094856405,0.3270868838020656
115.9,0.12938105850199333,0.07271221574135682,0.1518299384335274,0.04784415414971668,0.3278894711853015
115.95,0.13866191255016025,0.08069638573145038,0.15054409973793484,0.051060435558318046,0.33150264500157023
116.0,0.14560462787402983,0.08101154608947297,0.16086949140315135,0.05564128444344742,0.32102528161058813
116.05000000000001,0.14746637256498496,0.0759093392901265,0.16015667869704772,0.04411142765679178,0.30685651779926026
116.10000000000001,0.1533404660394863,0.08070848329936262,0.1607482767953116,0.04882935019439589,0.30247315797518654
116.15,0.15704410362253068,0.08340787571535643,0.16656246422530271,0.05100027458782886,0.3158248397442403
116.2,0.1582372627850326,0.07968854043249986,0.17224610061458046,0.05097291250930995,0.32469614232144084
116.25,0.1664922434694819,0.08296507801474831,0.18291961537873874,0.05386210990561627,0.31948985593915863
116.30000000000001,0.16759304762691368,0.0834230437941741,0.1905874105227658,0.04854946738573057,0.3040542099072218
116.35000000000001,0.16150302306989767,0.08318755546924683,0.189366552346819,0.03930561241578537,0.29694085820047506
116.4,0.16838322672410366,0.0755551317345239,0.1818116036086135,0.04487749367804053,0.28240460281472257
116.45,0.17678104424854552,0.07572509430988339,0.1809016934638094,0.040905716384259376,0.2648360067748744
116.5,0.17870010429398556,0.07631245859549253,0.1767177310848945,0.04361668816381358,0.26596225281279035
116.55000000000001,0.18523032769951975,0.08298897620525537,0.1810863879535641,0.04030582614140206,0.277057311153328
116.60000000000001,0.18883599997556189,0.07624856026376481,0.18696179951874353,0.03524868532288877,0.2854700694376818
116.65,0.19636448716711374,0.08161132419169365,0.18300590383811294,0.046615664795106634,0.28884499778857825
116.7,0.19851162935110742,0.07733385829007373,0.18749947256923893,0.042416786569125425,0.28566568059907155
116.75,0.19831958013605233,0.0798571034274492,0.18853785182837682,0.03799292972562157,0.28177162904382547
116.80000000000001,0.20115748421944793,0.07732519102580482,0.19454056769477746,0.031200653042652737,0.27285948183520276
116.85000000000001,0.20297991562203083,0.07519665186250164,0.1960390133502902,0.03533569196691911,0.26061052279944363
116.9,0.20707655911674047,0.08049372317690774,0.19746531751521598,0.04410126859018148,0.24508914829095027
116.95,0.21184186499416213,0.07659702157875685,0.19448596561754683,0.036686967746950176,0.24578196769021637
117.0,0.20962223853488846,0.07833023742818289,0.1968445460195932,0.03703307673535624,0.23991290080753513
117.05000000000001,0.21221856087683696,0.08364058647050121,0.20644155991053215,0.037075709727418325,0.23201777007499294
117.10000000000001,0.21489889111322896,0.0904887070530821,0.21128611895088764,0.03379522124567798,0.22891165173252376
117.15,0.2098659856151691,0.08929516010606392,0.20552717878036147,0.02710831407029155,0.22815331563227365
117.2,0.2103421424484727,0.084274919441784,0.20800600705264397,0.0272287594064542,0.23146290419373963
117.25,0.21349182584499288,0.08004228837489308,0.2105202910723442,0.02717158405606337,0.22591002973913865
117.30000000000001,0.21320920055753007,0.08222334937832732,0.2189438313578353,0.020124844968495134,0.22246159760489248
117.35000000000001,0.21261130634496356,0.0803599159820576,0.22454902846146862,0.03296295502326755,0.21345134984855987
117.4,0.21556903819890263,0.08153149996557509,0.2223459488098205,0.03360795758352939,0.20660976053361452
117.45,0.22383605718229088,0.0829226809013236,0.22612495234867558,0.028805886653185103,0.20910444789838345
117.5,0.22489004938561533,0.08405134741905965,0.22498399099516067,0.036959537384149053,0.20150877350875873
117.55000000000001,0.21946988733191083,0.0873690718672581,0.23430690394950107,0.026724293369141047,0.20860631589822826
117.60000000000001,0.21903884329668685,0.0899641130444934,0.24063691274353138,0.01756046129347496,0.21163234305919051
117.65,0.22329929078399904,0.09198977715258796,0.2426994294442791,0.015514879645391836,0.20682148253848992
117.7,0.22167400875722734,0.09707643451245285,0.24332848000477336,0.026553195306065494,0.21450392217685785
117.75,0.22727869495158676,0.09725598278842375,0.2503553890398601,0.02371954830548223,0.2104553698321878
117.80000000000001,0.22984885641089697,0.0930728738942191,0.25320929438920736,0.04120657890808153,0.20767588685130503
117.85000000000001,0.22547519273655137,0.10467096073503032,0.2503624907775962,0.041420272649423086,0.19906830514465873
117.9,0.22835826686934235,0.11048022171939138,0.25116113070093743,0.047841276054944926,0.19539863374331126
117.95,0.2270967273183654,0.11284791353634512,0.25205973663690745,0.050752745885112395,0.19601430492523497
118.0,0.22766456472632574,0.11891541139856701,0.24734355926495086,0.0554884427666168,0.18186758110452383
118.05000000000001,0.22438037401781755,0.12366648436278693,0.24856535970127028,0.057541590403898286,0.1769725451981997
118.10000000000001,0.2248046057199211,0.12075774768136142,0.24429629451554385,0.05410727381153696,0.17833604830114494
118.15,0.2213939216669483,0.12886815409710975,0.24778393830762996,0.05443842612676439,0.16914232336794577
118.2,0.21883696732994903,0.13254137759755055,0.24218799107788272,0.05914040375185699,0.17320792297831888
118.25,0.22066754490654827,0.13598448085727802,0.24257924973103803,0.052107675078384236,0.16761635796249022
118.30000000000001,0.22340782421251446,0.13330230929773582,0.2472080351906146,0.05835365836602393,0.15375052423629273
118.35000000000001,0.22605801231389833,0.1383549925833622,0.24052950048203128,0.0680199874574924,0.14733808024857187
118.4,0.22269699237637222,0.14530359393127187,0.23416790643195914,0.06362777783968043,0.15344214290711702
118.45,0.2239718920092074,0.14923318469500946,0.23435930935538296,0.06182913515323287,0.1474994330830633
118.5,0.21889152912886425,0.15049182109393994,0.23082836409940324,0.057905911240902413,0.14304880623672964
118.55000000000001,0.21528901354269359,0.15362243953765511,0.2252180001600978,0.05845136921129955,0.1339681024903838
118.60000000000001,0.21520910379954547,0.15576934075801627,0.22233541332187504,0.05769844400324878,0.12840101610943092
118.65,0.21538973769433162,0.15781334127781546,0.2233497790142201,0.05330208643191978,0.12083660570972955
118.7,0.2125270926049404,0.16486184742117221,0.22326819257569833,0.06715095373419032,0.11252394310323906
118.75,0.21066645056312966,0.16902775048103963,0.22378479649302416,0.07433506538619788,0.11369232049481012
118.80000000000001,0.20961960662042703,0.1772637290348087,0.2220522804295733,0.07451695570617838,0.10869249223741767
118.85000000000001,0.2080790407979542,0.18327205978289626,0.21526259243721138,0.0801816141681759,0.10336263486876601
118.9,0.2049709565857081,0.1813616184079023,0.20991948915231168,0.08000238518610815,0.0990651282960103
118.95,0.20125203654054352,0.179336893656313,0.20446516860178462,0.08193633899921994,0.10098701768387777
119.0,0.20073518049129258,0.17778332160580038,0.20122141158961468,0.07922032643704299,0.10682676475570678
119.05000000000001,0.2054496417749809,0.18384863805991086,0.200117600088686,0.07725457745671795,0.10246262014672923
119.10000000000001,0.20681397276517766,0.17718209433768703,0.20193861069397223,0.0788041302682897,0.1005610978458108
119.15,0.20322611252558728,0.17829831265970603,0.19716702829819813,0.0795953975080795,0.10687117195614194
119.2,0.19590766514941793,0.1782435613308793,0.18865143752664365,0.07801936629284906,0.10827703365867752
119.25,0.19241739918099193,0.17806309158426348,0.1790517956370156,0.07131607925488043,0.10527494350183264
119.30000000000001,0.1878334960199607,0.18542238568661504,0.17450529058920647,0.07556189175656422,0.10405018685920989
119.35000000000001,0.185805723079295,0.18070541526057193,0.16397434479806838,0.07335871485742634,0.10643738745348315
119.4,0.19011859166141937,0.1878144909715092,0.1633353351275533,0.07606908999106546,0.10439833463632572
119.45,0.18841127796847482,0.18862521088343856,0.1591061849818566,0.06937067290096366,0.10231825854440575
119.5,0.18396244623194233,0.1842002351845419,0.14834080191366258,0.06996626891977557,0.10201558389692324
119.55000000000001,0.17982608392330185,0.17722018577731638,0.1456802532144281,0.07051490440689696,0.09892311989365811
119.60000000000001,0.16533427047373095,0.17722996256457543,0.1312992797438375,0.06603483103811013,0.10579560170956764
119.65,0.15698871285056654,0.17322694713910225,0.11757516758788643,0.07067861549601251,0.09655991653740473
119.7,0.15423938033936377,0.1773392191358531,0.11643506796917416,0.07537726779580142,0.09559539179521395
119.75,0.1554687296830395,0.17318463246022708,0.10958032267460859,0.07315363791853124,0.10199189800234257
119.80000000000001,0.15315473934334561,0.1738100453817684,0.10077360929618914,0.0726116828481474,0.10365462348837111
119.85000000000001,0.14810894532777383,0.17151240275738353,0.09418437210512039,0.0774643640081256,0.10442499498678778
119.9,0.14628516817599801,0.17168184946502266,0.08226617157088398,0.07010380934853414,0.10802969634821015
119.95,0.142350873707206,0.17325766952709393,0.07209303810068825,0.06980325058295452,0.10851177255167203
120.0,0.14084304726520028,0.17784242209048412,0.06632891838221282,0.08162654887403265,0.10400310284002695
120.05000000000001,0.13200069571552633,0.17695882918261668,0.05394023877228949,0.08165085862095625,0.10514529550585419
120.10000000000001,0.12852629782616623,0.17554628726823004,0.05285867943221798,0.0820412206035929,0.10240457722242319
120.15,0.12244740432453269,0.17765287835389074,0.05180721542463272,0.08660300778606696,0.10159194823005917
120.2,0.11849722236194805,0.18006230393065253,0.04518988122232775,0.08155659129898278,0.11082535506554919
120.25,0.12393658057719341,0.1760237274273695,0.036554336451968025,0.08290713047060409,0.11276053101096162
120.30000000000001,0.11461645641652028,0.17745364064655036,0.03414794495128085,0.08003772792139191,0.11103633274084687
120.35000000000001,0.1138476964010351,0.17701813113742595,0.02670559944419076,0.07933503777561868,0.121513451402355
120.4,0.112763199791219,0.16887004681793785,0.02765879996564899,0.08493353573228968,0.12344972743908542
120.45,0.10735584255218182,0.16388469812147125,0.033348912281491894,0.08944337824183496,0.1254641419856758
120.5,0.10220721232773582,0.16653819833920538,0.0378291061670244,0.08661737445909665,0.13015312461228593
120.55000000000001,0.095899587831424,0.17143100047577248,0.03947062755065991,0.08992545091330353,0.14888389233002247
120.60000000000001,0.0903938754128951,0.17180527591007294,0.03507181377614571,0.09064693842892504,0.14282195530128775
120.65,0.08264665700035735,0.1794727653434639,0.04674626382973238,0.08027691750096895,0.14378603979642404
120.7,0.07900994406849367,0.1685325930668835,0.05570893459017371,0.08482636165713434,0.15021202296307637
120.75,0.06591986824029905,0.17020910257875707,0.059764423282831186,0.08777562408953798,0.14414417114510575
120.80000000000001,0.0641867948769621,0.16637348541110217,0.0714450632699387,0.08346016736109285,0.1482113090295187
120.85000000000001,0.06263461523163445,0.16682795631307165,0.07815879277295563,0.07633796849942041,0.15209451450476044
120.9,0.06410518607396751,0.17558527909469784,0.08868335006680035,0.07567944231761878,0.15304724839202938
120.95,0.06482059586439484,0.1765612541431637,0.10110863667298754,0.07838072312304632,0.1553091600425296
121.0,0.07056290329445356,0.17326539100976793,0.10413005459457106,0.0826268329262986,0.16343428665936252
121.05000000000001,0.07363510185878977,0.17158289191423276,0.10883607654491366,0.0789683393219118,0.15900585893125302
121.10000000000001,0.07657943080572187,0.1686155447994525,0.11911408918091153,0.09137212239576528,0.15873783627761773
121.15,0.08292189971615678,0.17100444818496474,0.12796636350150017,0.08487507728797931,0.16322780406296986
121.2,0.09261003310842567,0.16473028377522816,0.13767591801102916,0.09025722951528188,0.16813688797645607
121.25,0.0923892961264309,0.16362331188166943,0.14345849435086114,0.08339009428702893,0.17105046382138048
121.30000000000001,0.09940577873664648,0.16352528771651573,0.15318931633984456,0.0829060790985802,0.16598784025833166
121.35000000000001,0.10263807357738525,0.1815583437113176,0.16040985233659302,0.07514907266005623,0.15785293104327724
121.4,0.10823510441580524,0.18238151078039821,0.16899107529148877,0.07716627529021483,0.15836199937139883
121.45,0.12109029125103632,0.1839871936869182,0.17326160967333368,0.07933871636874029,0.16971980565228476
121.5,0.12809605938267885,0.18180081675597495,0.17529775126410418,0.08218874988938618,0.18517030803821777
121.55000000000001,0.13153885605851182,0.180676813405122,0.19064659035254436,0.08374335388890101,0.1943711061313795
121.60000000000001,0.12627484454434154,0.17653958838129133,0.19613559195623728,0.08872981046578458,0.2017838262541456
121.65,0.12780804469909926,0.17992091443745878,0.20625289621784598,0.08978003165077282,0.19633046516451738
121.7,0.14065473615201235,0.18817845406299719,0.214442392643225,0.09094579899864623,0.20064437589905992
121.75,0.15045226214980378,0.19050497377762024,0.22614245075522285,0.09513068629576191,0.21202364841921467
121.80000000000001,0.15268616788415595,0.18933820713907717,0.23659751738282592,0.0926730882988846,0.20731084731857438
121.85000000000001,0.152251945699957,0.19237641568890534,0.24161361567187464,0.09144049990046836,0.21170376836206897
121.9,0.15927417709079494,0.2002336170976273,0.25758471683189016,0.0871738244364378,0.22214554816536208
121.95,0.16068234222245123,0.19416207779518851,0.26152766077831274,0.09556933265187675,0.23435452905977588
122.0,0.16654500131255598,0.1999235835475907,0.27762204199994817,0.1035044275311666,0.2511890512517284
122.05000000000001,0.16909527734952973,0.20553109426792043,0.29153406692710643,0.09801417028107054,0.25726587505416404
122.10000000000001,0.1707626403247689,0.2036362043404824,0.3004759122328039,0.10434491808300593,0.25416444672113864
122.15,0.17639868348953916,0.2055841101399525,0.30144295031747387,0.10863060439954607,0.2435871609802427
122.2,0.1877205280836133,0.20925477703520304,0.30655411563852786,0.11247115711348943,0.24531409939324553
122.25,0.1943145506274911,0.20339040276488893,0.3129720106342587,0.10932232589684121,0.24236131011009393
122.30000000000001,0.19986184140395294,0.2024167635424913,0.3236609775116715,0.09818751949921257,0.241676653183583
122.35000000000001,0.20846979435966248,0.2074536838179543,0.3273017368184112,0.09802372514818905,0.23546217930731642
122.4,0.20590603178640146,0.20901817908809256,0.3312443051422067,0.10219678035887034,0.23736844898124146
122.45,0.21468452580217418,0.20648714559393452,0.3358869673323825,0.10127258418453314,0.23977961733660458
122.5,0.22352794390095476,0.20943105345002014,0.3427195283535118,0.10311205897753047,0.2464642134199387
122.55000000000001,0.22529553248167725,0.21182252766368587,0.3475566200599629,0.10109155697519404,0.2502117280362977
122.60000000000001,0.2274096129591384,0.2134351490522989,0.35480969397966555,0.10359834347432748,0.25464862856471016
122.65,0.22962329803481085,0.21621255152918406,0.3637460765616791,0.10334249925015877,0.25555878972243545
122.7,0.2293430695588034,0.2215602914919486,0.35719112002415193,0.10449173673043438,0.2672839618346357
122.75,0.23738529791045063,0.21428485016135593,0.35614923585768005,0.10061107663090378,0.2674628420219744
122.80000000000001,0.24095847428785638,0.215580790455519,0.36248789789691,0.09501339406485534,0.261782254873587
122.85000000000001,0.24322837614730278,0.2219230725041511,0.36759032938612424,0.09118585035354122,0.2707806964231881
122.9,0.24229909858130633,0.21382089562946044,0.3667376158805661,0.09935066246459771,0.27178240989649655
122.95,0.2458571477035533,0.21673789388583384,0.3690352274634072,0.08741826513440848,0.27958362436912737
123.0,0.2489908991500177,0.22074719434762616,0.36804598600407534,0.08597057251282747,0.2778382697411221
123.05000000000001,0.2464725880414738,0.22332236031577107,0.37090813735481687,0.09290485262027054,0.2804019723600192
123.10000000000001,0.24223017810159853,0.22778987903094758,0.3654193157510523,0.09372620370548779,0.2789034938491466
123.15,0.24745759417973479,0.22347776139326728,0.35687094879427994,0.08772546391935708,0.266826891124048
123.2,0.2515577918428615,0.21864187046050432,0.3566473286221542,0.08541936584978022,0.26462756842627533
123.25,0.2504338147594361,0.21769534278444383,0.3590890770367459,0.07372312415931918,0.25502441315593327
123.30000000000001,0.2528490531628469,0.20967426792210728,0.3619003028033091,0.08021103463730796,0.26019834429420596
123.35000000000001,0.25525191299965927,0.20283465956478886,0.36413498943303435,0.0787618794929352,0.260236339543348
123.4,0.2571924439032114,0.19611402860544522,0.3633094410821835,0.07397736352511462,0.2545095476071593
123.45,0.2560676694900404,0.19829375049665957,0.3602147721021639,0.07468494808157883,0.2577392843537409
123.5,0.25849604426862627,0.2027872148668494,0.3515326175830546,0.08780808472132898,0.25504813683613997
123.55000000000001,0.25171424736136666,0.212628893608957,0.35292188026626325,0.08996804619021694,0.2554176015583232
123.60000000000001,0.24929485116145778,0.20468107240220035,0.355608046646255,0.08296037810463716,0.26528778824924865
123.65,0.24457548311575025,0.20860106963478595,0.35136453234377196,0.0720265894782761,0.26419175750093893
123.7,0.24916591732328164,0.20320830090955405,0.3530996001254884,0.07489140206170017,0.27244762508277215
123.75,0.25300706389316696,0.20307035736776732,0.3496477331882587,0.07709241681544071,0.27601814922216666
123.80000000000001,0.2529312735356097,0.19032484431261648,0.3483901604625544,0.079358333144957,0.2747733330785602
123.85000000000001,0.2514906117720264,0.19229730141606471,0.350444412193122,0.08145075227339837,0.27863263824737
123.9,0.240010894170007,0.188582839797775,0.34613180286060957,0.08580600060731722,0.27537436560918815
123.95,0.2384716406143448,0.191102391832346,0.3345347199026605,0.0871680518211687,0.2903084535537449
124.0,0.24593498807737893,0.19638952853857464,0.32186934639320186,0.08859295748897378,0.294719428466393
124.05000000000001,0.24553919932326185,0.18780413901979454,0.3180965911420728,0.0912168379737756,0.28439651690550055
124.10000000000001,0.2519926043424885,0.18931270716707344,0.30979126370338766,0.08522752434504893,0.28000888254096185
124.15,0.24988394114084908,0.18999393887444088,0.30717735583497524,0.08249752589054102,0.28284466495692784
124.2,0.24691796446557515,0.18462943260515471,0.3006096424608654,0.07519783209995012,0.2843333503274617
124.25,0.24578253993300483,0.1953361288984584,0.29963388438025207,0.08407890568423801,0.2833378562041981
124.30000000000001,0.2448954219787408,0.18790332223638098,0.28821463045258144,0.0846110460648427,0.28479367060360833
124.35000000000001,0.24308722927688367,0.1883720716096971,0.27810602592358186,0.08171901133412476,0.2800871839325305
124.4,0.23409726548279294,0.18619042340717668,0.26796973857357603,0.07614527768658184,0.27584314316485803
124.45,0.2257985030865293,0.17241310514867286,0.2770569915621127,0.07994741897037984,0.27022538127839324
124.5,0.22532678307152,0.1781696042914652,0.2733241256818296,0.08543491802806749,0.2767043021075953
124.55000000000001,0.2201007800132367,0.1767508105539075,0.26683438185171887,0.08593664310797414,0.290999968079761
124.60000000000001,0.2148045069205769,0.17387400798527994,0.25641074021697197,0.09280849519968594,0.2983329552469966
124.65,0.21110143258165717,0.17254640799891505,0.24885236819933548,0.09148425554831592,0.29419091840826583
124.7,0.2135959557797567,0.1716843883642911,0.24054795832059925,0.09309650013926173,0.29531609220292465
124.75,0.2076878971855039,0.17011441196491467,0.23146462158387032,0.0958812546309677,0.2913546057907642
124.80000000000001,0.2034409019054138,0.16991804912924816,0.22208910989545466,0.09610541722063685,0.28355326742883064
124.85000000000001,0.1916501517939717,0.16834211522133688,0.21688707358283563,0.085559981420742,0.29448975173189873
124.9,0.18535585372614316,0.16235125087723432,0.20208793125438418,0.08663276070723784,0.2895243104563723
124.95,0.19438519403576113,0.1633852831302837,0.1966757941294664,0.08668045985008252,0.287059338259749
125.0,0.19081208590459572,0.15869426762035238,0.1862131238479461,0.09657523125226514,0.29318369824989304
125.05000000000001,0.18334342086558103,0.17054881716419432,0.17514008472058332,0.09945661078792918,0.28408830387641487
125.10000000000001,0.16931579890668721,0.16434386003978538,0.16447723149449792,0.10513383234001414,0.2776871579017372
125.15,0.1615740204999685,0.1620523044587107,0.155454399905263,0.09847848630893928,0.28231001917552045
125.2,0.15552435129269093,0.15234081728969215,0.144630526491065,0.10554488426333516,0.2850468980496975
125.25,0.14677463406071686,0.14792639705090152,0.13034252036158603,0.10023945546937046,0.2775291550939325
125.30000000000001,0.13932895736043843,0.1400167026771441,0.12744754354134358,0.1036036437628404,0.26325262400987837
125.35000000000001,0.1347171691321789,0.1338672986037329,0.11670212735453371,0.10456164602266337,0.27939658515476784
125.4,0.13229806511016146,0.13655439906985697,0.10700340881882314,0.10303926440625227,0.28397289995828984
125.45,0.13240607552690373,0.13157841190939285,0.09389956559661429,0.10465906666848479,0.2792955255744178
125.5,0.12555685946687203,0.1317350976466687,0.08563614919905288,0.11353461307789743,0.28405995969347836
125.55000000000001,0.1142222206524905,0.1325734219213151,0.07606689083111277,0.10965283868614195,0.2822165618232096
125.60000000000001,0.1050245947780265,0.13034320587359705,0.07043133038717517,0.10787048682398093,0.27045683731556686
125.65,0.0907142805699026,0.13582956248445224,0.06571799253505609,0.11068882517110248,0.26867788795259673
125.7,0.08393265968535929,0.13459790630551755,0.0621526247536849,0.1158277143957254,0.2635982554947923
125.75,0.08148871509504882,0.14647462059201177,0.05687057767600257,0.10999982227066323,0.2668175492013413
125.80000000000001,0.08473576981338792,0.14048927459153204,0.06384502845463133,0.11481080026963204,0.26651565105245306
125.85000000000001,0.08034932049541503,0.14004340822913633,0.0662275231142905,0.12261548346359476,0.2673998317273746
125.9,0.08088177484273744,0.12961364969039305,0.06075355683090932,0.12104881795281626,0.275025071632092
125.95,0.07399409158323303,0.12589942112472222,0.06631440138811093,0.114818702756965,0.2774754919237869
126.0,0.08049613850542911,0.13313015107472967,0.06242497573665322,0.11904835537484547,0.28429563432143834
126.05000000000001,0.08197763797228112,0.1346573178197683,0.07464073129825606,0.12078973024639031,0.2705357355773716
126.10000000000001,0.08217078485165903,0.13773284677512287,0.07729742777262723,0.13269262443811136,0.2693124304634706
126.15,0.07793592522676152,0.14269424093238225,0.09288221248317557,0.12951644702234144,0.2626871794595984
126.2,0.07529087209534677,0.13695394119287643,0.10066512013976822,0.1471944193804713,0.24902394120506052
126.25,0.08335615991886333,0.15030350260818418,0.10672745308138117,0.14812101147518392,0.2500267247096125
126.30000000000001,0.08751874489766628,0.14446932841031027,0.11444846493010769,0.14708692572975243,0.23953085855148204
126.35000000000001,0.0922541805338616,0.1353570545335896,0.12509731256315018,0.13970655914674907,0.2348729257295594
126.4,0.10232877405871914,0.1419271437803253,0.13414202739074407,0.13899986004770506,0.23385944511878679
126.45,0.10009052013847218,0.14002711292256664,0.14590426244426927,0.14001053101978292,0.23121103902156376
126.5,0.1071866867317375,0.14852576764576075,0.15843065111754598,0.14191233399171685,0.22155891752559173
126.55000000000001,0.10980149118784722,0.1522418294017226,0.16844958245494837,0.1499619874915226,0.21375722520914325
126.60000000000001,0.11947542020941732,0.1556366545842198,0.17557819087558335,0.15375690341212161,0.20398493752813424
126.65,0.11878280789286517,0.159289717252432,0.18104322924931526,0.15955123238646127,0.20249704334146895
126.7,0.12440027091216933,0.15683407329857124,0.19109793759089058,0.14762210474105147,0.18951182848088632
126.75,0.13350711985985692,0.16084539351179944,0.20306304481076473,0.15040134052162923,0.1936574493005259
126.80000000000001,0.1404671876812887,0.16002260119145742,0.2134553547883275,0.15559519594641655,0.1951256375244687
126.85000000000001,0.14713397200692477,0.1670935509965494,0.215635809110988,0.1652300709604056,0.19566813103935168
126.9,0.15870110148786007,0.1647789764673861,0.22361215101481274,0.1606247551653167,0.1908244809928991
126.95,0.16013020654354063,0.16610814368589338,0.22576383515849968,0.1636787582684618,0.19663632148247875
127.0,0.16786777761345,0.16234219797535696,0.22986371342656176,0.15769571322336293,0.19127645717934702
127.05000000000001,0.17357391185073853,0.16383415957069317,0.23693042608214904,0.1661624642176938,0.19247605969790293
127.10000000000001,0.17689982209827523,0.16118384795852037,0.24617636515415445,0.16027954773661043,0.1911853203907174
127.15,0.17965486729601948,0.15621468986130577,0.2476747271399715,0.16581848840097593,0.17965517221906527
127.2,0.18256869257280467,0.15851022796423173,0.2509330530919143,0.15600553255606078,0.18198380301541395
127.25,0.18752731946034534,0.15897704829573556,0.25867010478416386,0.15449511248775505,0.1752328304579666
127.30000000000001,0.19569001453231366,0.1673878132866917,0.25783421589561084,0.14909810080863065,0.17805321562255863
127.35000000000001,0.19824687985002626,0.16028693945825864,0.2643478661032428,0.14262136988332658,0.18106383436842932
127.4,0.2030427117962305,0.161879024001342,0.2686956656535104,0.13998311772463592,0.18123794628301312
127.45,0.20718380948751539,0.1545263422176718,0.2777414259422626,0.14292685630992885,0.19050713890331492
127.5,0.21630302424435913,0.1581650061916518,0.27434533940921335,0.12990875224895046,0.20306833521511083
127.55000000000001,0.21824078938814287,0.1598482323319772,0.27158024179613044,0.11572076479055622,0.19787910633221878
127.60000000000001,0.21919235367968243,0.14951606361615444,0.27506404841764204,0.1296438689499422,0.19373511446061445
127.65,0.22163960631341034,0.15680126374623743,0.2780144986795908,0.11718938708029843,0.1884911348524379
127.7,0.23557160129417598,0.15531232255425254,0.27872919337673274,0.12219176099789494,0.18324517027108164
127.75,0.23462535067083237,0.13554693255741757,0.28304423302384674,0.1184336142275234,0.18152523562760473
127.80000000000001,0.2350593197016646,0.14663792374148393,0.2879028609454096,0.12035195221696482,0.18512091327365443
127.85000000000001,0.23744563996741302,0.13587231744664,0.2812377377277618,0.11819090459115582,0.1776617789571906
127.9,0.24543860429522116,0.12760339168186502,0.28576195319276537,0.11998928100265592,0.17761195443459846
127.95,0.24749688684833873,0.1357258410547365,0.29459427655595305,0.11646009956239868,0.1711785496844091
128.0,0.2507328811379468,0.1341519183559153,0.29528746684683993,0.11939339178136332,0.16722178359993223
128.05,0.25114412100752703,0.13404438374850772,0.2960973164259145,0.11712957053282438,0.16633054898176622
128.1,0.25014576672349204,0.13502320101392287,0.2963243354598848,0.12535738835687404,0.16643934790781165
128.15,0.24831752238017685,0.13550189632981258,0.29128627693145187,0.11776339143885782,0.15719103632451256
128.20000000000002,0.2515521081491664,0.12891920367443913,0.28766249645569686,0.10888743586488726,0.1459189760167895
128.25,0.2560624988640057,0.12735800332680708,0.28909732246390313,0.10187280032331618,0.13247696711161078
128.3,0.2568225049375701,0.126714401583154,0.287343914158518,0.10469304295668007,0.12597236879580426
128.35,0.26727619701350763,0.11743934007280518,0.28195577186369003,0.1063968342242413,0.12742657831460769
128.4,0.2655013453568063,0.12431757434617804,0.2852077620832527,0.10666219144989794,0.13833491310960877
128.45000000000002,0.2677151318339377,0.12593101946121485,0.28686338468010636,0.11574592164881563,0.13765716763350824
128.5,0.2674291123685263,0.130391027674506,0.2920735588638591,0.11305761088125378,0.13333108085886358
128.55,0.27306792473634395,0.12155967282641655,0.2961270135836556,0.10752512384074064,0.13304738654523093
128.6,0.26302435839979116,0.12857420800927843,0.2979342505053439,0.11783227885619245,0.12424880715148803
128.65,0.2676872235367512,0.128993087732078,0.30001200440841697,0.12191020107885092,0.11870381806489785
128.70000000000002,0.2633745106324433,0.12412666207530264,0.2984174184774615,0.12571988152742122,0.12390213159938998
128.75,0.2678388760088223,0.12286329358567794,0.2978828743671171,0.11834289373268683,0.12441369806715741
128.8,0.26669202491248123,0.12910349624896528,0.3052999168733309,0.123145319041155,0.12638682055442943
128.85,0.26477835266031535,0.12388583511274223,0.3024714649949248,0.12792587338760328,0.12174984201681213
128.9,0.2635548370227756,0.12780211766714433,0.30371108144232917,0.1345386705827239,0.1305198042280938
128.95000000000002,0.2692157393702182,0.12338716787995038,0.30155073564870566,0.13258532162316358,0.12861761987064665
129.0,0.27103106962292395,0.1363266128333983,0.29298950256218065,0.12590960174807647,0.13240646406363235
129.05,0.27426392187383536,0.13005530205972002,0.2816051369533848,0.13160256095557543,0.12756542757131745
129.1,0.27169643260052734,0.11953988724683072,0.270500434896583,0.12225138828587527,0.12190656609838732
129.15,0.27136217011626557,0.11152870225494031,0.2601034901951147,0.13074073910881287,0.12948277573661748
129.20000000000002,0.27518599111393977,0.11244682517245007,0.2543436045917174,0.13510481048091577,0.12575390172210316
129.25,0.2691347111494402,0.10245515704372887,0.2546227580486458,0.150469622609521,0.12075145229688931
129.3,0.267558727434932,0.09313019572755722,0.2488900603660109,0.1413284211962547,0.11038754499541917
129.35,0.2633200391158957,0.08969013506159773,0.24554359719340849,0.1344896701477831,0.10580711927609188
129.4,0.2547629661618181,0.08095796384653685,0.24493129850379225,0.1472924840843511,0.10416789244398128
129.45000000000002,0.25230186538456056,0.07962837431622179,0.24478172210871693,0.1374075194652281,0.10510494724401548
129.5,0.2599404864200021,0.0830525907796628,0.25097115304297596,0.14046326444026028,0.10317257728496503
129.55,0.261483761197774,0.08040232673676603,0.2511019858933477,0.14792193207535265,0.10322111939637559
129.6,0.25600481706005285,0.07599463066049475,0.24525744262579377,0.15546823719401656,0.1030789934622585
129.65,0.2566127751183601,0.07973032281417504,0.24250147751377624,0.14468159517355317,0.10303035290020299
129.70000000000002,0.255244104053585,0.0759898611261683,0.23233790867523035,0.14369365122246547,0.09417127643001016
129.75,0.24860574527515575,0.0719004153696516,0.22926942365291186,0.13556466987602223,0.10407839618781649
129.8,0.2437692366783387,0.06905902827084372,0.22679615238904927,0.14303210288934615,0.1110589558937796
129.85,0.24415219252165465,0.07309487882553369,0.22306934060831207,0.14224517444367615,0.10415172088011176
129.9,0.23836120306684952,0.07110142320234833,0.21642784727596429,0.14356638392005552,0.10304888223305501
129.95000000000002,0.23162779092238156,0.07567488704450459,0.209691945859019,0.14459947441036586,0.11124869754478851
130.0,0.2251506933242347,0.0755349354704913,0.20878051688347582,0.15165096929394808,0.11442829630725006
130.05,0.2268458152295415,0.07186879930007668,0.20513952378934927,0.15023648131600276,0.11223999148235105
130.1,0.2249411847875571,0.07621330822195427,0.19891815636607107,0.14813764935415186,0.10715357650627054
130.15,0.21118798507033185,0.07520353106603317,0.18755295738086344,0.14690347168618173,0.10227077145207353
130.20000000000002,0.1995339537065754,0.08022417552573127,0.17742011639778418,0.14115352359460204,0.10248615737106292
130.25,0.19441342272882134,0.08579495085576896,0.17539104611386055,0.13950416723997924,0.11221046936323696
130.3,0.19250720886336864,0.08295974777252571,0.1733695373038617,0.14726484464818895,0.11144570941417643
130.35,0.18489614939505566,0.0855477750413487,0.16964883109364928,0.1560451768830866,0.10427794093559527
130.4,0.18074708244178805,0.08705492001733711,0.15935128987851757,0.15097577425622236,0.10512169416777538
130.45000000000002,0.18424770124164883,0.0980615474513174,0.14986736912417434,0.14754445675022562,0.09379644082127137
130.5,0.18709333917987744,0.09631156868988007,0.14491482587750093,0.15751593330848027,0.09571360024365023
130.55,0.17934393540510155,0.10082173976899046,0.1394643178817006,0.15340820031146643,0.09843702702704912
130.6,0.16575129575888872,0.10079120833020762,0.13484583905922715,0.1462684382605731,0.09988253223776801
130.65,0.16370308624597768,0.10416090371450668,0.1303953908943228,0.1472449590631621,0.0954571629250293
130.70000000000002,0.16531596310950264,0.11156128750686943,0.12755402933372842,0.14381403699001621,0.09847144260900131
130.75,0.15522886861196605,0.11107246466027881,0.13014978738036745,0.15004299201462054,0.10208110902134652
130.8,0.15350664004991227,0.10743096869103437,0.12526134039245634,0.14384948470907935,0.10586543451878697
130.85,0.1471565235769342,0.11110724605339069,0.1248899211055182,0.1481604036346394,0.11516312085039675
130.9,0.14819076216627042,0.10841489359410798,0.12488327153082787,0.13959376619305489,0.12077824315596648
130.95000000000002,0.13892125305732303,0.11391811496831834,0.11886906569471736,0.1454956704982511,0.11988474283496921
131.0,0.12417821541778684,0.11491728750916577,0.11731190218671203,0.15406426923167457,0.12884067938695806
131.05,0.1301482901500924,0.12945882232571537,0.10471958533879795,0.14395220003376236,0.12318905153911633
131.1,0.13043967142604598,0.13216535164784113,0.10453038591805651,0.15638764692498328,0.12300750026038403
131.15,0.13255036595796643,0.1399967169846559,0.10874400610460835,0.15411527378216,0.11905502452103138
131.20000000000002,0.13273842445496398,0.1424456227743682,0.11337974955810394,0.15444497173582986,0.11449251341435679
131.25,0.1301107217065966,0.13942689830001034,0.10823561468042169,0.14516086294921313,0.11206640334328866
131.3,0.1256385334577297,0.1342415488779071,0.11225576305469179,0.14258562647326195,0.1151879227736761
131.35,0.12057282411123679,0.13682024149180905,0.10537912657041637,0.1430554239665659,0.117546509977525
131.4,0.11555869730362764,0.14126569624450822,0.10390844823536326,0.15104035655767234,0.12495918004338159
131.45000000000002,0.11049583276955403,0.1476409231636168,0.10772903095280102,0.14963978524528004,0.1206730379759016
131.5,0.10890096942365533,0.14738922338494748,0.10485143344567094,0.1493302316530119,0.12154956365953129
131.55,0.1003300966319614,0.1277642235690314,0.10010622647076052,0.15024167395645135,0.11599771407909187
131.6,0.08809126996406265,0.13524120660592692,0.10288275001803669,0.13926189083729107,0.11607062826946554
131.65,0.08478033637840862,0.13393838670421898,0.10716165940734315,0.13752681128531083,0.12208798732294615
131.70000000000002,0.0808636923527974,0.13106056139246927,0.1081331731887026,0.13420424444410853,0.12410905920578076
131.75,0.07971143791373804,0.12918325511330436,0.10822538918839256,0.1289313614549765,0.11873505708218451
131.8,0.07282387551154612,0.13187100366028123,0.1167920202619116,0.12266229627031673,0.11915152916808314
131.85,0.0632794575015219,0.1334742881250476,0.11796838204185944,0.12670413763719476,0.12310451163537244
131.9,0.06214632876290815,0.13463598306879487,0.11646151068652902,0.11617275012512442,0.13574583109218152
131.95000000000002,0.04861703984946956,0.12780158861706442,0.12678096375872605,0.1175871107619332,0.1434642699990839
132.0,0.05086942678361628,0.1298265544815331,0.12700848961434183,0.12445264690449831,0.14761780378660447
132.05,0.04340242738879298,0.1327109643500414,0.12143798465536892,0.12285366353216959,0.1485534134386719
132.1,0.03495984748773325,0.1311858726979737,0.12276247319088314,0.12444630493560305,0.14457723454569057
132.15,0.03620496112495122,0.12818537100174043,0.12534701285646074,0.12142539807369628,0.14722125875144482
132.20000000000002,0.03361548015783952,0.13166862174031943,0.1192131660689463,0.12470091562760166,0.14570737451461052
132.25,0.03235085134353762,0.12263303893445501,0.12524163562141505,0.12208400831703431,0.1446086177595117
132.3,0.027823497656017628,0.12555529251868722,0.11913832571379167,0.12335188074830164,0.14567918742652294
132.35,0.02545652160200901,0.13250994392467536,0.12695778609105746,0.12023513318416494,0.14031803422010156
132.4,0.01882486400272299,0.12542597069601516,0.13149755264784233,0.12000851532997805,0.15307772372457626
132.45000000000002,0.014862011005085125,0.12449429250829816,0.1356182976803793,0.12194676709763831,0.15862451573958103
132.5,0.019189078267114235,0.1236495799398751,0.12844685289524996,0.11342274845858484,0.1593820770643708
132.55,0.019443127838735426,0.11426507445693812,0.1355866919679453,0.11906670847933583,0.16059130629399945
132.6,0.02358443620049208,0.11675708047113222,0.14240008435760848,0.11976550937259905,0.15422623350890888
132.65,0.02559228961287216,0.12256463937362404,0.13981141205611944,0.10844038037494194,0.1532165107746523
132.70000000000002,0.019264816406203745,0.11680024649579789,0.14891463796170643,0.11582246789633992,0.14887397348801026
132.75,0.02144125093690053,0.12218068767576731,0.14779464980866527,0.1190273288459215,0.14935149373532897
132.8,0.023194262080395642,0.11936079207922709,0.1465124222210719,0.11873606025645905,0.1551071941972141
132.85,0.03423428143731392,0.12163509768231819,0.15217137182896168,0.12368456362769932,0.156732561078114
132.9,0.038601773774025475,0.11574000930658353,0.15257850137513213,0.12694059903722427,0.15827131867137478
132.95000000000002,0.04150422791227193,0.11500152686043534,0.15418270287621946,0.1224216902205823,0.1575201437080438
133.0,0.046364565747819476,0.11473548081816654,0.15536793461707127,0.1273581143334312,0.15721350303379872
133.05,0.04591605405063065,0.11487702859633651,0.1534190611885614,0.12395905308963578,0.16624060532232884
133.1,0.05051582220906554,0.10798807302739424,0.15883622628162608,0.13376733191448884,0.15450831345559488
133.15,0.05121230335063135,0.10890241705944648,0.16131970500108825,0.12945904452347512,0.1541019959676143
133.20000000000002,0.05083619581930665,0.10927302137251946,0.159618505513253,0.1320259491374647,0.16482216617170242
133.25,0.053905161245389216,0.1083071649840677,0.15378616898157355,0.13666185698570052,0.1659046185638106
133.3,0.0532853754518277,0.10380353236041309,0.15165928906024484,0.1338722787258888,0.16108159156508298
133.35,0.054392608867534095,0.10002815089205182,0.15045574504141732,0.13151366383957067,0.16306164809710305
133.4,0.056520845276260376,0.10106861203720023,0.14569082514749626,0.13341921481267402,0.16730110501548479
133.45000000000002,0.05861227266610338,0.10188774947467101,0.14542361381144941,0.13777034852920547,0.16870090848849154
133.5,0.07141870748560666,0.08886376154383314,0.14429885726570338,0.13019943583849775,0.1706908062375679
133.55,0.07349091391719628,0.08660322433679579,0.1469643915221993,0.1343149303091514,0.15988847918645102
133.6,0.07668717441406896,0.09015865303579192,0.14345869020240418,0.13127729800902588,0.16283684474910393
133.65,0.0796261985915651,0.08535744239825054,0.1371307201646737,0.1221378647389855,0.17158767254681725
133.70000000000002,0.08324609037838845,0.07154679992895313,0.13445116435771312,0.11932035382117238,0.17504566817716385
133.75,0.09102434320144791,0.07380274563101225,0.1337986461591509,0.10900578917088802,0.17553786933919857
133.8,0.0909215109801024,0.06574756224759506,0.13941880051552047,0.11448892811461939,0.17263165054709645
133.85,0.09534499759287964,0.06312146258278171,0.14256246834331812,0.11525844620665501,0.17273654309857298
133.9,0.09329128264228327,0.06580856773244996,0.1423581307546869,0.11461997035556339,0.17497615818299964
133.95000000000002,0.0986724590022834,0.07435168624313783,0.1384135355513692,0.10508310814030933,0.16886883707734457
134.0,0.10978899723919239,0.06757821838594888,0.13695548981869146,0.11131783527262033,0.17695393556082248
134.05,0.11048600990944853,0.06046965529712363,0.1306135723404821,0.11227467881589787,0.17921033589626487
134.1,0.10971674267444306,0.06443106101775284,0.13592163417862121,0.107819034079464,0.18808174123346103
134.15,0.11591701267694675,0.06338277161279202,0.12794831223053452,0.11525968591577178,0.1945030073642756
134.20000000000002,0.11121334130268473,0.0713748783224021,0.1293182204783943,0.10279904954233914,0.19675470569626813
134.25,0.11130457046483616,0.05915755891351455,0.12444202879569422,0.11596277207521132,0.19768358696569138
134.3,0.11498925994083764,0.06653359212886192,0.12714982149322615,0.1096971462670179,0.19552723081923137
134.35,0.12003272655048966,0.06267066889335479,0.12825688060763496,0.10998086382219184,0.20349049691672924
134.4,0.13268661311341917,0.06593957684919517,0.13055346015285252,0.11044168583073356,0.20106077014607057
134.45000000000002,0.13734266906678763,0.06748234113215983,0.12915921916352247,0.10917865852528576,0.1991496028919829
134.5,0.14233189936570323,0.07139076379428637,0.1288206527470876,0.10334780489479871,0.18837495316752811
134.55,0.14097780914174085,0.0655094674569235,0.1250248485940958,0.10568482960255234,0.202890731523913
134.6,0.14271135456243747,0.07247395229537466,0.12206072059028514,0.11144976773043387,0.21500985691599195
134.65,0.1389199012471376,0.07519071016251863,0.12237342391022363,0.10842560200198016,0.20947005364806098
134.70000000000002,0.1437355576565682,0.07169299225065721,0.1273248376964823,0.10512648925710395,0.201589913970575
134.75,0.1526931676435688,0.0629570464061601,0.13114852125017784,0.10179795031781735,0.19067734512242593
134.8,0.15606738815958382,0.06109543569827053,0.12330197710610132,0.09810451917448865,0.18728971103262157
134.85,0.15297226730452462,0.06464634523887304,0.12053979957961367,0.1065715520752974,0.18580570148264824
134.9,0.15638517102350358,0.06098617814423708,0.1197383600437549,0.10847923806706058,0.18999391565192839
134.95000000000002,0.1545544898020839,0.06405220227271208,0.12444303293795264,0.11487424239252333,0.186743735204485
135.0,0.15550072563401712,0.07494092568164973,0.1254894476122129,0.10098429578822354,0.1906821335454528
135.05,0.15406539775352712,0.07197237127412875,0.13362751137006665,0.10089214831468944,0.18859691968946204
135.1,0.15504348142271765,0.05998569566580697,0.12923205914226046,0.09580378868829546,0.17866807863913028
135.15,0.15675996211433363,0.05365478612988563,0.13204391842709717,0.09285628369795898,0.18745843035407792
135.20000000000002,0.15786367111241612,0.052883410702408574,0.13458201642726794,0.0914184797990244,0.19457345769602574
135.25,0.1600148619310722,0.05413081116309801,0.1443156406721519,0.0849240585528182,0.191251367838031
135.3,0.16984189758408752,0.05120385536823004,0.14504512165157665,0.07907161274853113,0.18006974492047512
135.35,0.17127654896407793,0.058011524810789854,0.14207400870741274,0.08550736319368822,0.17654856458754947
135.4,0.18550010648296464,0.057622328539379986,0.13666158391022518,0.09594297261882605,0.17568867438692823
135.45000000000002,0.18040572396525711,0.060371454148563895,0.14248692248070507,0.0960288318724396,0.18703106722550902
135.5,0.1854635285291979,0.05866879987141923,0.1508692197846607,0.08878997154190077,0.18901591055766356
135.55,0.1943117034363062,0.06107106884121474,0.16083699052709916,0.083309462145951,0.17640798710870417
135.6,0.2018778307206968,0.053475086512582704,0.16634972795249034,0.07592931355494777,0.1754859580400143
135.65,0.20442583445187973,0.04602144429884921,0.1757513079445332,0.0778500497326536,0.1604669962656986
135.70000000000002,0.19836815937427874,0.04230693136384028,0.17915888811528366,0.07379400080177757,0.15480947268160825
135.75,0.20018949591891544,0.04496455854041872,0.18580468434095643,0.06570143330160744,0.14376653902642292
135.8,0.20184499318010113,0.03809849628362655,0.18382274401854967,0.06701151157879304,0.1383797009794062
135.85,0.20374929444467146,0.03213769290513354,0.18514597347130038,0.064183189482004,0.1348822998242037
135.9,0.21193651597297344,0.03864217769375328,0.18314123516342898,0.05940296582301455,0.12873100448010497
135.95000000000002,0.20987385468056383,0.035094100349301306,0.18857559817472275,0.07039581578693917,0.1397689570214964
136.0,0.21142459263689797,0.04046839745154489,0.18967633203312187,0.06504101131850144,0.12759902298875955
136.05,0.20842807576118016,0.026807464418803804,0.18992539387685173,0.0683342193824548,0.13342486034819384
136.1,0.21248418043249556,0.029080494505935965,0.18779434226278346,0.06225875676353433,0.13207249760496229
136.15,0.21497236429355548,0.03014214593806707,0.18816482495861686,0.060411718832627644,0.1355829574951178
136.20000000000002,0.22268439510033955,0.027475666880029587,0.18966613119917916,0.047697632691303324,0.13724564338398565
136.25,0.22275314104201419,0.02446599167919956,0.18811084594106678,0.038724106147001676,0.12958778219041225
136.3,0.2204629133480904,0.02373967613131357,0.19126411840080135,0.04346214338122305,0.12456894614195445
136.35,0.21838705195602331,0.027820741163880044,0.19601411329995044,0.03906205990154933,0.12700807094857147
136.4,0.21741461734216003,0.030768479703792297,0.19759655201562423,0.03790518531622855,0.11625437363791405
136.45000000000002,0.21402968728567243,0.036267398435652895,0.2033861237105192,0.043996125817414695,0.11078091518728965
136.5,0.209328730065949,0.03197580899220314,0.20281689847241882,0.04143986827301425,0.10840460153514146
136.55,0.20312238585451092,0.033566645604158486,0.20473789295388586,0.03516941029520934,0.11233378930020341
136.6,0.19970182945176926,0.03813164511336488,0.20591346656748766,0.038345746409156944,0.10868853356940661
136.65,0.2031596529785063,0.03414511663006651,0.2057507638500006,0.04019747525801186,0.09708106163751921
136.70000000000002,0.19628559167132012,0.03855967694024305,0.21474069720606706,0.035947184379162146,0.08181613662870937
136.75,0.19430109053306632,0.04383194477672449,0.21035173368215668,0.039487736457194944,0.0690845749480597
136.8,0.1986129409228082,0.033514663632695306,0.21089113205211735,0.04007636772677303,0.0705982267592589
136.85,0.1875591262857203,0.032690781459122534,0.2046968315423187,0.04894976146946394,0.07100257752720895
136.9,0.18541565287029757,0.039418592973790065,0.20639914845973803,0.038350809393279395,0.06490423892451248
136.95000000000002,0.1813404271139479,0.05148042460925593,0.20145238550044758,0.03958876689965784,0.060305978185508015
137.0,0.18148032470760533,0.0445508792447365,0.19995340199285308,0.03770372138918254,0.06945885603737569
137.05,0.1753018031225997,0.05987772766662392,0.20842297374683671,0.03622819968829138,0.0769213059203758
137.1,0.169886333487155,0.055280716300563346,0.20745308729071343,0.053696807409500155,0.0747945432590411
137.15,0.16685527491100288,0.05391176498386525,0.20667979928376462,0.05700205961093791,0.06846354920461303
137.20000000000002,0.16645827277817943,0.05532016032657617,0.2096197150926344,0.050800842609361054,0.07378405265432864
137.25,0.16448992089630193,0.054778303464682654,0.20299916490317607,0.058252614562232664,0.06487694035889156
137.3,0.16353718676623588,0.05582980469272322,0.19809831416462928,0.0487859312048719,0.07903769375691558
137.35,0.15941834390677875,0.06421272695581366,0.1927446424387915,0.05486066350889056,0.07788288444118864
137.4,0.1490492338609623,0.061344301076007864,0.1893893251104168,0.04806188052655612,0.07291146038000348
137.45000000000002,0.1493857391519986,0.06381917329753248,0.18940456574607922,0.04156590284211651,0.07659512904795808
137.5,0.15663446655458174,0.06581927161863407,0.19170399322450674,0.044263832734078225,0.08202377789320561
137.55,0.14839213947265442,0.06210747107691811,0.19116534302536373,0.04379231603223501,0.08446028542142192
137.6,0.14383605297014548,0.06875698638943803,0.1910982205672568,0.044003167836435805,0.07978871851794078
137.65,0.13193425150129864,0.07347914008681143,0.19412853227922422,0.046015391223141945,0.0770324867206552
137.70000000000002,0.12675141944814067,0.07203265193739276,0.19347175308844228,0.03594324108160192,0.06572186035124679
137.75,0.1336819894152981,0.07861195310698076,0.1811841529232355,0.04597558168075325,0.06346170125720116
137.8,0.12620469962111633,0.0818479140272531,0.1752625412189622,0.03480527007307177,0.06313340039402181
137.85,0.1254966241170419,0.08163741355882911,0.16767654566031032,0.034212424492863346,0.07032123045204848
137.9,0.12743657426429766,0.07935030464542468,0.16369489068909973,0.04140936288568516,0.08148915114894918
137.95000000000002,0.1214585435006846,0.08153217820362618,0.15857366641825335,0.033843841830327806,0.084560994545012
138.0,0.11855967414779399,0.08757910471954095,0.15844147847094567,0.03505233869469138,0.08536009601127532
138.05,0.11357555408773938,0.08498348648658714,0.15584623540403697,0.03863574740962579,0.08965612487126011
138.1,0.10951043205011265,0.09070191026287744,0.15430514579437338,0.04308544640222325,0.08515241953570159
138.15,0.1130434555785677,0.08847559643662334,0.1477531232571718,0.036172490884998326,0.08966929567793976
138.20000000000002,0.10892140454933398,0.09317968141804495,0.1434779640007298,0.03015447054842498,0.10342615048301974
138.25,0.09766260904713937,0.09505020453678358,0.14028137082062989,0.031093211346679087,0.10079334768500939
138.3,0.08607685475501763,0.09678896995797104,0.13444717880083262,0.02235200078266774,0.10147033577480498
138.35,0.08126850463448676,0.09061454973536195,0.1315976764529809,0.015897473271489167,0.11200850774421875
138.4,0.07775372663024324,0.0974372701596504,0.12911108220289452,0.02095058979314592,0.11411244440948111
138.45000000000002,0.0708603448722967,0.09988413694686771,0.12667468925770245,0.024673734236901355,0.11076584583568941
138.5,0.07038536719952886,0.09008186223038331,0.12491643184322299,0.021042767476140634,0.11025818274796682
138.55,0.0650706472687431,0.09325527204109207,0.1258839535997445,0.025591058099397268,0.10412500844240749
138.6,0.0687337744565716,0.09199039774852656,0.12084782368310001,0.02333571421420474,0.10906641970739077
138.65,0.05862753195694173,0.08617595570779835,0.11856208319817456,0.03174084229029865,0.10955970574092269
138.70000000000002,0.060612356306200946,0.08719085407991661,0.11202242360136319,0.03757212880308833,0.10700276898991322
138.75,0.06257246224362208,0.08222409054984225,0.09960848687652009,0.028982861660756223,0.10994786105840422
138.8,0.06744934773262239,0.0822312626657409,0.09030580828152715,0.03910299002926076,0.11647502306729698
138.85,0.06633561429629597,0.07277873487347764,0.09433941951662698,0.027595521594233334,0.13257953940079045
138.9,0.062485133631335246,0.08609954643416802,0.08737078258334428,0.04062644468314683,0.12781980189875344
138.95000000000002,0.06408112964455169,0.0831697611873031,0.0904755325196459,0.03863348417033528,0.12585183732719155
139.0,0.06210386889776058,0.08433270455682418,0.09405382264615891,0.03463756722982275,0.12973649025288675
139.05,0.06269311274251688,0.08208663927174109,0.0869059178367991,0.030528822744527853,0.1267323992081481
139.1,0.06205906260917732,0.0755147402587844,0.0883060485265474,0.031174761657146097,0.1372324246378139
139.15,0.06139658199567467,0.07755662372837503,0.08744535559223154,0.026448075274604684,0.14660484455060638
139.20000000000002,0.060626449909447905,0.08194923811106633,0.07282929587503055,0.028027797732419226,0.15418459162815287
139.25,0.06049212380948346,0.08291231555373915,0.07704370261295505,0.02019789724820145,0.16481205482370326
139.3,0.06902016236932317,0.07828890867575311,0.07756376230011135,0.025450212800178527,0.16424913087998647
139.35,0.07481099524663784,0.07349721664200541,0.08048839903972957,0.01940280699157921,0.1709750998072599
139.4,0.07309500969040564,0.0793760239261023,0.08271188685566815,0.020254214690693568,0.17273137113216655
139.45000000000002,0.07868097245584627,0.07706124329928236,0.08220527516742808,0.020489218512656084,0.1739795776700336
139.5,0.07971481329703865,0.06825941542129735,0.08024286368111412,0.016390069514114276,0.16855189954997044
139.55,0.08555944532858581,0.06404350744881723,0.07943385637838354,0.021408864273908385,0.16031646409619238
139.6,0.09521426925701683,0.06910987356702476,0.08101299122431611,0.025065095398403583,0.16605920253249676
139.65,0.10713862936348553,0.06220786112662865,0.08778154038859474,0.013116968814386573,0.17275719946339219
139.70000000000002,0.11061835618692131,0.06232402662241143,0.10091691023531911,0.019147338008324497,0.18510945953016605
139.75,0.11787285325259818,0.06748109752003545,0.11301114380224153,0.02909525746968522,0.20384893632499884
139.8,0.12715846795923022,0.0724427892976869,0.12680426501083428,0.02371956789066875,0.2126004755235861
139.85,0.14048836740526732,0.07365709762370094,0.13034716510150063,0.03203868862513393,0.2117572459057032
139.9,0.15697329424137033,0.07606399752818253,0.13149039329265552,0.022889778973612433,0.21309275592884033
139.95000000000002,0.15820470371641718,0.06984971106935176,0.1363756573617723,0.027681885509684888,0.21702607040675576
140.0,0.16496211391428559,0.07399103907003142,0.14314917864488458,0.03174849736457648,0.2251816314243839
140.05,0.1738569092871311,0.07625694163505688,0.14613349875900364,0.03497916014215862,0.2340379719350892
140.1,0.1807915970275232,0.07419877167945553,0.15939143250090773,0.04039487530699262,0.24294637035809297
140.15,0.18986391236805927,0.0710979630227948,0.1655643520388217,0.03005166407827749,0.2452082110811916
140.20000000000002,0.1957963543134445,0.05983571521117459,0.17280728095891423,0.029170214160888986,0.24684161928738682
140.25,0.2083736109951811,0.06873044333339422,0.18153989140900909,0.03460824045400071,0.2518545585054799
140.3,0.21842139716121034,0.07095419889964596,0.18708795802874137,0.02584833826208388,0.25589844445103777
140.35,0.23101997317265477,0.06997287521784236,0.19610746921627392,0.03680320202312461,0.2645473498485487
140.4,0.2321646780794816,0.07378414488780144,0.20470110019728022,0.023842624848178666,0.27691622374597585
140.45000000000002,0.23671801411306242,0.07597332136045724,0.2047263985909369,0.032705392069529486,0.2779636138910627
140.5,0.24938848214739998,0.07681700033515981,0.2077904912614573,0.024434821370549024,0.2772718732215106
140.55,0.2628750619410653,0.07450443610933218,0.21202084764753765,0.027634040896969976,0.27864717991973365
140.6,0.27246560937556735,0.07945082292463669,0.21446907811692872,0.03813726951614804,0.28252959466353705
140.65,0.273026233837949,0.073901271208084,0.2189007730803117,0.03566956235757806,0.27894301868314547
140.70000000000002,0.2808715631796837,0.0776351562566403,0.22471611186813295,0.04327300977722322,0.2831394000380052
140.75,0.28176224587218424,0.07697279241761149,0.2281484833434765,0.052699341202509284,0.2812765001418127
140.8,0.29206780091518314,0.07055242610080327,0.23054450217542044,0.04582804779485603,0.28693804739775225
140.85,0.29509576030486856,0.08009952931184301,0.23785807246941718,0.04218138792573012,0.2833668273333505
140.9,0.30390999937438834,0.0861350452951743,0.2449440962973085,0.044862025791663,0.29251683740727397
140.95000000000002,0.30508100311173453,0.08371314603633027,0.2548178086067519,0.05542060086786764,0.28424702255030565
141.0,0.3117008231167584,0.08727749362240507,0.2596590297160651,0.05986557247333482,0.28896131303181655
141.05,0.32053472048743653,0.09321886936724465,0.2712710465636181,0.06737836091464271,0.30181004643686465
141.1,0.3203406163329351,0.0897306093386303,0.2795165493292346,0.06284402102350642,0.31435189079145637
141.15,0.32298598988799493,0.0979495707631113,0.2807167477717841,0.0652661733589811,0.3219208564081482
141.20000000000002,0.32213974845444615,0.09929924087692238,0.2895537322902604,0.05761265885067564,0.326610504361476
141.25,0.3224947378568184,0.09605010188619369,0.296970533810261,0.06946709938089204,0.33208188376991177
141.3,0.3174053191052468,0.10692182314122955,0.29759657276056956,0.06249450824366917,0.3307765971065797
141.35,0.3306412385872197,0.10753981607888373,0.2977586129153244,0.06650818990038468,0.34041187956282287
141.4,0.3287803196010367,0.1113986393619228,0.304990440395205,0.06355969225985829,0.3454203441427887
141.45000000000002,0.33880891627200066,0.12045871650593833,0.3048894453508869,0.0785629283625227,0.3486062245184513
141.5,0.34257652286571105,0.12259480464820613,0.3036969038903077,0.08404269046892746,0.3533850049475926
141.55,0.34031428298929245,0.12269665252811689,0.312594425800307,0.07672927960502726,0.35816862045970926
141.6,0.345691059187201,0.12593668369299751,0.3111242219635016,0.08380708785457058,0.35650035574241457
141.65,0.34519553591482954,0.1352441778214822,0.3122202931609835,0.06740277596573847,0.3607221413569973
141.70000000000002,0.3491177738787677,0.13010887401907084,0.31793982351243083,0.0777599564211193,0.3567679373010502
141.75,0.3508048782694317,0.12550723311763382,0.3140412483453074,0.07897429861639652,0.37171370877849114
141.8,0.35508491472705783,0.13026821003834524,0.31821616473253866,0.07981087573780744,0.3745464195357832
141.85,0.364280667494848,0.13336146650239303,0.32263795582019983,0.0824888113743195,0.37180906487618726
141.9,0.3567972037452951,0.14023503251932629,0.3240117235114056,0.08177981106795842,0.3731569524432111
141.95000000000002,0.3549783554164434,0.14136241874898428,0.33079682518403103,0.08110293564532042,0.3608431175362462
142.0,0.35226643497468746,0.14427929810193185,0.33307807593495514,0.06853369665449699,0.37239622483161566
142.05,0.34459971370276377,0.15038707701551007,0.33803832727370636,0.07630626989865674,0.3709028157531758
142.1,0.340722912119563,0.14781959275505754,0.3349660166296328,0.08765371317468083,0.37544166229573683
142.15,0.3413750156877327,0.15810274052611917,0.33953571384553366,0.08229622412492671,0.3735392450972657
142.20000000000002,0.3435833703069778,0.1538997433947751,0.34154288223339946,0.07989513009173257,0.3819979621130723
142.25,0.34300780454606167,0.15839096799570115,0.34243838916134534,0.08569802084455695,0.39313801480544525
142.3,0.3373253835354698,0.16698175476593224,0.34045520241323324,0.08938473082471166,0.3920287196536857
142.35,0.33819104126306637,0.16556834765025866,0.3389776646154947,0.08843587576459676,0.39926784562127615
142.4,0.33760113009383397,0.17046257281438454,0.33374132426190184,0.08368819196752177,0.40658007490769305
142.45000000000002,0.33394820643428746,0.16780164818267596,0.3278882222056824,0.09231133190478864,0.39944044387336836
142.5,0.32625098155687865,0.17178922034900138,0.32479483476613114,0.08764393612455283,0.3897181194015692
142.55,0.3222062492611926,0.17568940740582137,0.31992887617241184,0.07992951643787814,0.39610947342868763
142.6,0.32430558709952534,0.17888601985154715,0.31799553907311146,0.07463716758149562,0.40554316478885666
142.65,0.3183481468199954,0.18539738783232762,0.3147431010593287,0.07961661102731576,0.39907177812090733
142.70000000000002,0.31568975163226765,0.18437751052516993,0.31739603010818296,0.07341520934176857,0.40213323320111277
142.75,0.31903725456439447,0.1861762635438866,0.3204675715250961,0.08427347920984143,0.40409578207235947
142.8,0.3114637428238685,0.1871662548756736,0.32048131211717956,0.08606148574998125,0.4106481001232445
142.85,0.3099529169886774,0.1967040813668461,0.3112294484690971,0.08147088007135886,0.4117675196987681
142.9,0.30726729466903563,0.21058285498563173,0.31098384965353576,0.08285092812814167,0.420900054727526
142.95000000000002,0.3020967286272803,0.21778115218228158,0.30565033273339665,0.09271824838271128,0.42779346925162137
143.0,0.2970654146563241,0.2190495138178826,0.30134683933715306,0.09855119053292541,0.43299360033886347
143.05,0.2908505868768945,0.22106156900233392,0.2926783080775759,0.09863388982091983,0.4383553186887872
143.1,0.28752702061692004,0.2279903521576274,0.28561354128966937,0.09618021674095184,0.43818519202143524
143.15,0.2846626528640539,0.2308035329048073,0.2781553362957696,0.09805203433824256,0.45122407412701204
143.20000000000002,0.28328284259247066,0.230233879517884,0.27199018768975824,0.09729913942682362,0.4510137567377201
143.25,0.28327826800726313,0.23304844804085834,0.262410959012692,0.10140166505359396,0.4584053677786511
143.3,0.2772580777940513,0.24031457777121357,0.25548317522054687,0.10122464874476911,0.45112894866894454
143.35,0.27599205108731095,0.24976466889047383,0.2509816267031088,0.1003951850280761,0.45188948285287306
143.4,0.27137860207570086,0.2557121833756131,0.23905025074895808,0.10251084878729377,0.44503254881135684
143.45000000000002,0.26862353791667704,0.25135038589754444,0.2297326946326429,0.08831605927255443,0.44076625623906074
143.5,0.2693910363359912,0.25111456624301676,0.22070798298987968,0.08869986666415,0.43757433676704305
143.55,0.2694324608434158,0.2537428844171178,0.21413449290266373,0.09231765632112536,0.43931689541257574
143.6,0.2765478896882691,0.258227634382987,0.21031851992154438,0.08880566347610774,0.444499595031353
143.65,0.2691407427373026,0.2667790037859884,0.1958306718651075,0.09181800052455605,0.44841452185954794
143.70000000000002,0.26920179537714956,0.2745165568013876,0.18868573759772606,0.10118949600964147,0.4296649481914377
143.75,0.25949269651473617,0.2694444518997925,0.18644038129638946,0.10337877342350983,0.424243000060188
143.8,0.25276590259935466,0.27824508727646513,0.17512042088536964,0.11492174792838664,0.42147584209185607
143.85,0.24721217800685094,0.2789881632883798,0.16187493371890108,0.11904102516706266,0.4270342498694232
143.9,0.2551795093978554,0.2873061775938791,0.15508872155044154,0.1094889533579485,0.43416549047255454
143.95000000000002,0.2530097568934624,0.2920519538864709,0.14993225436084742,0.10963224774185107,0.4388598718137521
144.0,0.2469716892092598,0.2945678971094406,0.138726348749516,0.10186532365461327,0.43467775433702655
144.05,0.24063658375354335,0.2899697749835913,0.12916514295552883,0.10957430580559203,0.43245966845582645
144.1,0.240197448441067,0.28951383045578266,0.116341618104727,0.11246665944375434,0.4321705630243964
144.15,0.23667965847499448,0.2979407658866241,0.1050350424768225,0.1147418266235877,0.429128084497142
144.20000000000002,0.22999366073021804,0.29526977503599827,0.1005422023174029,0.11547289380209386,0.42324572699639174
144.25,0.22475178273509316,0.290296435949458,0.09588043188520316,0.11013657433991211,0.4273560509368956
144.3,0.21646981676806892,0.2924264801118539,0.09699968493547295,0.1109135753881473,0.4295039193637361
144.35,0.21413727441300848,0.30221124587901715,0.09252985687914382,0.12127398284968094,0.42871843356478906
144.4,0.2087266285429262,0.30078606432796245,0.09580426583119842,0.13088822480356574,0.4324674925731959
144.45000000000002,0.19905276753149947,0.30878222601120436,0.0914936424608124,0.12541280498465435,0.4425474176373987
144.5,0.19996107212217956,0.30867736602841794,0.08237434905843187,0.13483859272906581,0.4409501918867276
144.55,0.19778883329223335,0.30866757724232335,0.07722467236030603,0.13756889001722855,0.43197016310505165
144.6,0.1890608676765955,0.3078594613693464,0.07298811325525695,0.1402021565803417,0.43354979095695073
144.65,0.18349368228828722,0.30942619594082166,0.07804113674573303,0.13237509648224124,0.428814492799868
144.70000000000002,0.17945171779108957,0.30782266766138966,0.08108838599665558,0.13808936776572603,0.4283538086142071
144.75,0.17434348261114477,0.31046004841967456,0.07984246025851659,0.13755523734672656,0.4175327351491729
144.8,0.17120264848809774,0.31143781921187436,0.08437120602306698,0.147876238206416,0.416147209788594
144.85,0.17200202912265705,0.32043364082766446,0.08896366107078653,0.13713592166087532,0.4065839377221917
144.9,0.17670048582583117,0.32045329183741883,0.09904572867461658,0.13505868667504684,0.3997906454372609
144.95000000000002,0.17883401718153452,0.3122332716440745,0.10331666359108517,0.1327695052658507,0.4001937132904684
145.0,0.1834215006901398,0.31071453093045903,0.10383425588519238,0.13698094540366482,0.40022927900984817
145.05,0.18732910528014027,0.31885113871481763,0.1094402961360678,0.13811924765446848,0.3965552040260605
145.1,0.18287889812610578,0.31179968712957434,0.11767754287383286,0.13421877279433997,0.3828680436158146
145.15,0.18624902106302063,0.30789531837043993,0.12036424647783217,0.14106435231481615,0.3881688486851552
145.20000000000002,0.18284558056833694,0.30460787775998616,0.13057062375951703,0.13852853300805393,0.3739561485723322
145.25,0.18488764429205312,0.300086119687124,0.14238398884872008,0.14111185125000525,0.3591168887953282
145.3,0.18410122635443582,0.30264881712184116,0.14709494313692725,0.1342183193707871,0.3605057445135157
145.35,0.18194830633320497,0.2960845232696405,0.15389326037130824,0.12805423720958262,0.35489443054441133
145.4,0.18999244650008532,0.29588628539598466,0.16397967145584194,0.13089919200710634,0.3555220627825317
145.45000000000002,0.19648517092785026,0.29989053608552824,0.17416566528307897,0.13371512651314793,0.35697694038856276
145.5,0.19110263415880419,0.29170598291622013,0.18553702896991572,0.13311920937649138,0.3580858525350819
145.55,0.19679928700384192,0.28980644205396244,0.1932887119195427,0.13813853134043752,0.3562537546672844
145.6,0.20510077021605647,0.285974750394638,0.2001721237012671,0.13930827086785766,0.35362276464914344
145.65,0.20806182272805104,0.29365079639312386,0.21686699011047839,0.1369044178151668,0.347710585924603
145.70000000000002,0.20565313317184533,0.29627150795642787,0.2229735187772967,0.14783316236406954,0.34268453575960917
145.75,0.213612360218236,0.29018571127255866,0.23067193621022766,0.15532641725288965,0.33687984708038177
145.8,0.21706085527898478,0.28879965739670177,0.23353607853491332,0.14719990448268905,0.32456370836063003
145.85,0.22549504250879526,0.29245793121604424,0.2441441087321267,0.14896523636908338,0.32463132954951124
145.9,0.2306345166703461,0.2983926026995054,0.24733262534853737,0.15234613578915493,0.3287405183213354
145.95000000000002,0.2386634386984768,0.29331592861022254,0.250118788434663,0.15603853832185313,0.322634306764317
146.0,0.24431217980815928,0.2993989499399952,0.2600005252737893,0.14819920144056387,0.3338795358820917
146.05,0.2576255316027851,0.2915316303819808,0.26197569578272706,0.1588094080717632,0.31715033571771195
146.1,0.2574938902498324,0.2914129257501462,0.2644653592632679,0.17001163017122345,0.31196454266731805
146.15,0.2623090649486968,0.29043135526514335,0.27150265748104246,0.16429871544796087,0.3047003709356637
146.20000000000002,0.26513411097978895,0.2819633544007332,0.27764753378409873,0.1613685025283383,0.29514196187536684
146.25,0.2643939408905073,0.2829629438210145,0.2785550693925561,0.15289773011064065,0.3026709684625796
146.3,0.27072414340922635,0.27833691623813483,0.2801205371127626,0.15705305466302477,0.31772454234614667
146.35,0.275804059143041,0.2726373249727282,0.28972043002956804,0.1562709685079472,0.3147708691276687
146.4,0.2777646688035401,0.27556191123855683,0.29978917090229745,0.1604245193982648,0.32272802606599255
146.45000000000002,0.2819285981890838,0.2788330646042312,0.29801081110215916,0.15591002260102663,0.31891268956424784
146.5,0.2906573009777127,0.2799669291439528,0.30467267836967615,0.15082003313269535,0.31313699803623063
146.55,0.29098445867451495,0.27292767620029174,0.30559330782851407,0.16709457277401593,0.3194321064633182
146.6,0.2920965939487571,0.27722239734583504,0.3092669187939992,0.15987892525894995,0.31356662347494074
146.65,0.2862317426605041,0.27306060252978565,0.3139852413759651,0.16041785817653037,0.3141597553894041
146.70000000000002,0.28943232070415553,0.27676981375893767,0.31824549774699856,0.16073518969358266,0.3177910513024429
146.75,0.29409658877294476,0.273686084073245,0.3223463605390231,0.16246681897878582,0.313327561136976
146.8,0.30431128215328995,0.27169145971767633,0.32684710450108145,0.16736697546820345,0.3016540542522535
146.85,0.3067814714158183,0.2727846485622383,0.32996278187713257,0.15718019159521204,0.2925902558064305
146.9,0.3167586148765341,0.2706464625746644,0.3334289611924532,0.16044374761189228,0.29286853463561324
146.95000000000002,0.3156485067505375,0.2769101554805211,0.33080183699005283,0.15760024593410824,0.29747809032441114
147.0,0.31790661209134713,0.2741512176231154,0.33881799551302255,0.1511036975215352,0.27950668544463997
147.05,0.322893453641416,0.2698967600782373,0.34225827880602416,0.16217453122512618,0.2835535153574948
147.1,0.32311551578858344,0.26687213523133485,0.3389038345613115,0.15990734898830108,0.2894878998388555
147.15,0.3299444838636712,0.2724910804248081,0.33231972487463235,0.15701264217014957,0.2779634937829761
147.20000000000002,0.32986496501028495,0.27053498537142884,0.33555909446758225,0.14798303150839576,0.27731032541848477
147.25,0.33615127306267406,0.27641453073477595,0.33904978455806484,0.15741925932617246,0.2751111113437833
147.3,0.3349202017063155,0.27346806722255323,0.338089970280442,0.1545111913781445,0.2835745782706564
147.35,0.3396408656083513,0.2718812904032586,0.3383198679579934,0.14573210056873462,0.27616667758039143
147.4,0.3372863647324928,0.2698164856968611,0.3427487298948746,0.14279012305671276,0.2701337834129433
147.45000000000002,0.33062432002128,0.26388404830068746,0.3386549191481966,0.1391635756555399,0.2659785103931181
147.5,0.32667959131829966,0.265164357352251,0.34183301813042144,0.12970295502504378,0.2573450256555735
147.55,0.3275930389030718,0.2571903762407628,0.3417629559853876,0.12836390537485579,0.24262537954724248
147.6,0.33782420706842936,0.25787535317323335,0.3360364206025046,0.1235362351399173,0.24653011757643054
147.65,0.31907321269912087,0.254958272817897,0.34336071793730666,0.11971479887801041,0.24282636572582675
147.70000000000002,0.31838104061935696,0.2571485494317244,0.33874418542135704,0.12038380475815645,0.2472403940379788
147.75,0.32096809437609186,0.2535098446073686,0.3321192591985538,0.11632612414870176,0.24088407361708628
147.8,0.31842352211780744,0.2512483775613889,0.3269345968664892,0.10620497843600829,0.23152190529559363
147.85,0.3195604105003939,0.25265617967885584,0.32971505121954997,0.10598212435573734,0.2287908015926629
147.9,0.31633447290704086,0.2594486389629259,0.3285389970902684,0.1017082960922295,0.22449523802378804
147.95000000000002,0.31735656964851894,0.25658589537021176,0.321589692215189,0.10858390814086646,0.2146037880149
148.0,0.31602030977599044,0.2531585780184519,0.3185053722372349,0.11013933728430171,0.22013484279668225
148.05,0.3047332549924522,0.24598330965885626,0.3205347759667789,0.10474114128443462,0.22142152459496148
148.1,0.3030576577874261,0.25111429427077714,0.32049692139970615,0.10856128809068288,0.22259214687484138
148.15,0.3040884323837127,0.2501040346856866,0.31691493334410226,0.10835506040399048,0.21873329180575377
148.20000000000002,0.2997169947072155,0.2554377325404096,0.3094517031774598,0.10880619021507731,0.21703919920941395
148.25,0.2923415627203195,0.24764610624743294,0.3043592091561457,0.11499873924842714,0.21633304764738057
148.3,0.2918910423280884,0.2547088502878046,0.2999369371611046,0.10676131967490127,0.20842902465030064
148.35,0.2912055434614532,0.2587329981612771,0.2957743587174308,0.10622475522379798,0.19772877560219276
148.4,0.29142722355465334,0.25614415150374753,0.28467194751005787,0.10232672724732768,0.19515829211787789
148.45000000000002,0.28548962376971543,0.2526071239755153,0.27802113465854134,0.10346500235465836,0.18912653173232538
148.5,0.2798166601801251,0.25301717319719813,0.268317949755318,0.09467503789010519,0.18324091437800671
148.55,0.270402213413432,0.24349845637039352,0.258068205665055,0.09849410553929563,0.16906050993918095
148.6,0.2666362321510422,0.23692885757057988,0.2511772818620552,0.09801541057801405,0.15348295104399298
148.65,0.2631357940076876,0.23876837543089355,0.24324094928076995,0.07757713885981157,0.13956292618420937
148.70000000000002,0.2616701665343529,0.23243569052676172,0.23932245855093956,0.07841121276438308,0.1430803842244477
148.75,0.25714785817415475,0.22229573682226106,0.23053546963290597,0.07743986902854699,0.13692114699439942
148.8,0.2558660712373495,0.22597701959074526,0.22860820507782645,0.06915689656245741,0.12652050664482306
148.85,0.2577922649113865,0.21368665753635424,0.22689203957421852,0.06491553325627138,0.12034310223029505
148.9,0.2508537784249883,0.2078227505015553,0.22607570754604486,0.05551772559667121,0.11143690170575805
148.95000000000002,0.24043520412020453,0.2039918824609367,0.21876622399280352,0.06874294533216872,0.12052668053666331
149.0,0.2355564937808988,0.21504646826865345,0.20935516396300421,0.0755885963797385,0.11658295607594289
149.05,0.23517864633313013,0.21636270026195378,0.2077071606457803,0.0710174177744931,0.11086356814301501
149.1,0.23523551565968356,0.21149821127412308,0.20604369884980533,0.07408235032652451,0.10183229632939941
149.15,0.23289380648081,0.20596763001509008,0.1985019874688628,0.061611102163701414,0.09924224641906218
149.20000000000002,0.2201834995363488,0.20779588575882968,0.19981570712853464,0.06017903829131773,0.09462478436437839
149.25,0.21462900349755995,0.20622915451350068,0.19280380900131738,0.05551503095284043,0.09338059761603444
149.3,0.20427351452613146,0.20132390799854127,0.19572144877097655,0.054713878867186795,0.08669502084609039
149.35,0.19918262489181066,0.20401016451547246,0.1999194347829289,0.052509186091682494,0.10090781986749155
149.4,0.19342566412541629,0.21008861661255188,0.20267933153906112,0.04188031148331062,0.11029517938683363
149.45000000000002,0.19416687876180883,0.20868309044889138,0.20485732373346638,0.04260369758377531,0.11254727250498486
149.5,0.19471886788491707,0.21225225776531562,0.19807256981144464,0.038605714688988456,0.11101798213496805
149.55,0.1924850332701824,0.21456374168914816,0.18940510963739088,0.04012469715408873,0.10034096432273366
149.6,0.1885499366894673,0.2097066624374964,0.18542994478901398,0.043322744137710825,0.09583089765204504
149.65,0.18022737183216334,0.2095650659246586,0.18198220448738134,0.042656516718404605,0.09490068693892653
149.70000000000002,0.1773887897477915,0.21293635192688792,0.17552846332926003,0.04643629272991222,0.09059976324255223
149.75,0.17898056929547343,0.207754247977814,0.16753591111491686,0.05182818191636118,0.08646885633148749
149.8,0.17669217246886518,0.2092838932287095,0.16159066523402038,0.0461558201869121,0.07871921296177478
149.85,0.16941277276417094,0.2069031669384753,0.15188373463486168,0.049673595824175194,0.08329972487741134
149.9,0.16207705042677706,0.2072048905099972,0.1473351400229165,0.04946595276738371,0.08575755695447475
149.95000000000002,0.15742072853074,0.21065076481752423,0.15057486933965256,0.03945361952194924,0.09392695074201353
150.0,0.1594837878837536,0.2076390686160141,0.14453435483150692,0.038258366873330646,0.090112523389806
150.05,0.1505810215524643,0.19858773553965609,0.13003672772982858,0.036428925306712684,0.08992340998718082
150.1,0.14651374102507256,0.1995386475594379,0.1295581755200821,0.03694455762010357,0.08829795228711965
150.15,0.14570401961329743,0.19722785947214044,0.13018498888481747,0.03340014945420634,0.08483372464380569
150.20000000000002,0.1395385289278075,0.19273407936142256,0.12622631105620263,0.03797236200974403,0.08403759830958209
150.25,0.1401730062571393,0.19384433615301608,0.12556611946252966,0.037334875384529065,0.0833970973697125
150.3,0.14321594915638508,0.19648869216509882,0.13110989208605828,0.0371518681152919,0.0821720590983562
150.35,0.13112154618712202,0.1997870571480977,0.12810064331159365,0.03388179829170248,0.08364269785268477
150.4,0.11969706516926176,0.1972164037145032,0.12638619190588785,0.040897977021093254,0.0939800915760394
150.45000000000002,0.11608236230837093,0.19293368206117129,0.12004689553395427,0.03287575547423572,0.08823817539021646
150.5,0.10852440942353211,0.19109602819022964,0.11409279875679237,0.029451266590264855,0.08425905171406022
150.55,0.10153529150888708,0.20146421627215466,0.1082416028195143,0.026335288822719773,0.08505374788666292
150.6,0.10337822383453311,0.19213827953513363,0.10696261208525881,0.03494082856959853,0.0807527298747054
150.65,0.0998410771851642,0.18484054528420907,0.09842808210848826,0.029392335646098187,0.08229476565032437
150.70000000000002,0.09448654031614599,0.18619438348160838,0.1056230897079054,0.034013317177363694,0.0834295877141358
150.75,0.09119506772391503,0.1809499750436725,0.1029621130179608,0.025982707987456093,0.06719117966581176
150.8,0.09115159012695799,0.18505734655970016,0.10229798041537855,0.02966689323102151,0.06586617960434661
150.85,0.09019473352971027,0.18275626057863417,0.0982537336534101,0.02230335020826478,0.06679497268598449
150.9,0.08224459022304745,0.1801488152385255,0.09089139262238045,0.024332447971249095,0.06817512738149749
150.95000000000002,0.08449769904843378,0.1860816689192197,0.08907312890334132,0.027917933582692157,0.07107037940195353
151.0,0.08691887964073736,0.18074166410292095,0.09101624677666217,0.03414723753226605,0.06261605273819866
151.05,0.07876661329538341,0.18451213142737846,0.09201510337744372,0.024480127254970174,0.06334723557136195
151.1,0.08197930090544399,0.18099360871092754,0.09369651029486435,0.026095313980597164,0.0586950597244942
151.15,0.08224324269146818,0.18363402869799872,0.09419216180905132,0.020658060865288503,0.05802463188112565
151.20000000000002,0.0839667992182232,0.1912283550212149,0.09607467605925898,0.012645732520221028,0.051851188466825335
151.25,0.08010250492445145,0.18118289945685984,0.09147640439054491,0.020151194500693706,0.04366453552003375
151.3,0.07902877094004318,0.17842400547763856,0.0841890839998177,0.021070778476104314,0.051386705546367616
151.35,0.07295447317027427,0.18199694608700576,0.08457809431888756,0.021486312585482507,0.05500023816853058
151.4,0.07272996317183372,0.18634507488131982,0.09333688215509564,0.02840220298741481,0.056368974017552864
151.45000000000002,0.07091802495016367,0.1809986500952106,0.09515530350317174,0.03551189138919973,0.06684046587184046
151.5,0.06929770843779869,0.18345717259798555,0.09733663154166174,0.03448665698516568,0.06812526050353913
151.55,0.0728979909659124,0.1798718676697386,0.10071633319156256,0.03972445235033859,0.06622208648202656
151.6,0.06766707563463514,0.18717928623278893,0.10254028210348987,0.03407578052851594,0.07327087150946554
151.65,0.06491946255574627,0.18474588087353203,0.09885873812800712,0.03590620253323063,0.07776055910460022
151.70000000000002,0.07494171559552841,0.1769551710137268,0.1031401142853864,0.04022368089623366,0.07349370292945356
151.75,0.07513975333980244,0.18112619461909843,0.10570356990811645,0.042470248532257504,0.0632619230228757
151.8,0.08348320898751721,0.17696000303153372,0.11450103199623488,0.0499831866796262,0.06660517565689736
151.85,0.09075681258929476,0.16416878773666227,0.11855727049413765,0.045627489914945835,0.06181968621235828
151.9,0.09851831266664761,0.17058424590421278,0.11847336645902003,0.03031351967424173,0.06892034484731524
151.95000000000002,0.10681508822725058,0.1690925486765812,0.11781320560033462,0.02328056946815704,0.07796324084768223
152.0,0.1158621044271148,0.16358154620881069,0.11460271404786802,0.03182855145086528,0.08080491521889528
152.05,0.11533819776385439,0.16546854831173216,0.12042215744913842,0.026108163725189048,0.08053913838365716
152.1,0.12663629560961265,0.16205127658518317,0.13179216122974644,0.03369184362245994,0.08038485959274189
152.15,0.1372907553313398,0.16314995945195163,0.1257434410176181,0.03176021082573918,0.09434216584738159
152.20000000000002,0.1470447239488278,0.16704402740411192,0.12057330630649983,0.025282701388686442,0.09207164681169078
152.25,0.15292233499411828,0.16727855736859554,0.12619595292287086,0.03302198021332476,0.09772747565456504
152.3,0.1539908826435009,0.1663858744574725,0.1327735203173862,0.0324694298326335,0.10357878010452329
152.35,0.16022217414040868,0.1666150132714201,0.13630288786511294,0.03241534580901478,0.10293664822184491
152.4,0.1657281897892572,0.16478428895845582,0.131217333266155,0.0324741520454833,0.11567005268299492
152.45000000000002,0.174963475092732,0.16010640229867093,0.12860502175723226,0.027703729388514405,0.11102749207349379
152.5,0.18160202686210394,0.16546092878720928,0.13094579983861762,0.023384374441242126,0.11505338012068306
152.55,0.182236881952024,0.16592461020890578,0.1296525656521565,0.03172162190962872,0.12195608402666885
152.6,0.18352629935614756,0.16910312435947733,0.13128270595067415,0.02991280501058207,0.12449164384874487
152.65,0.1863882229752787,0.1694639785827524,0.12640523585639135,0.016193381762765628,0.1370846459870341
152.70000000000002,0.1869341314082746,0.16433449424977073,0.11700678019102952,0.015917155698663997,0.1394150991778187
152.75,0.18763072866581257,0.16233197087780332,0.11120053123246186,0.008471739875794995,0.1360948806044325
152.8,0.19277753168733733,0.1630963537971296,0.1130927040917733,0.010386350859495618,0.1425077680658472
152.85,0.19509414580636344,0.16539446635398472,0.11480634428465032,0.015346530598990497,0.14624119603831368
152.9,0.20289319222974167,0.17186574369834642,0.11558645153769527,0.03176698432969868,0.14733381042759214
152.95000000000002,0.21042658764359337,0.17543664276362622,0.12734995520671738,0.026885932297326224,0.14573729798123822
153.0,0.2123149988057126,0.1777379226131284,0.12219656730360674,0.02870900056449299,0.14860364535512324
153.05,0.21803167810017104,0.17923027836170624,0.12337713638085536,0.02242574151028677,0.15026594068076204
153.1,0.22766209867414172,0.1722283414747641,0.12005892413894655,0.037405766249697596,0.14983308536371087
153.15,0.23393877359686738,0.1699902348355243,0.11982944959922055,0.02869955142167055,0.15005944426843024
153.20000000000002,0.24213061530286484,0.1605265166069614,0.12544928728946503,0.038695273375279594,0.14999556097016548
153.25,0.2391312179292426,0.16385472479617674,0.1298623498168836,0.03888431982150651,0.15068290178328272
153.3,0.23484407471554447,0.16578637284550676,0.12357969269081392,0.031239437698429795,0.15528960762360866
153.35,0.23562356073403767,0.16361436814578378,0.1253609811416425,0.032324067205981376,0.15263520733057048
153.4,0.24275153777217887,0.16733733206953483,0.12759411330192877,0.033151374733648604,0.15372299535307674
153.45000000000002,0.24639069264080077,0.16363728874884242,0.1291644907771775,0.03218978111255842,0.15714777831977791
153.5,0.24826480843800364,0.15982640011902888,0.13624255199883237,0.03242983370424691,0.169389615040387
153.55,0.2589266214527729,0.17064519444399345,0.13191887893110055,0.041502437806552384,0.17359841982277044
153.60000000000002,0.25330998480308564,0.1716991614242014,0.13490029688073163,0.04375073169325238,0.16731507583850913
153.65,0.2522784355028047,0.16535450116206493,0.14282193286287195,0.03295533615858268,0.1689350986149581
153.70000000000002,0.26099075175509945,0.16574473170208956,0.13662934100376245,0.02831704796379124,0.16799408470018987
153.75,0.2595945312250078,0.17038695644705107,0.1432626447829686,0.031951640480468335,0.1657094077206256
153.8,0.2588256231408688,0.17003317685432714,0.14725940536573387,0.028190647940331038,0.1820267948792362
153.85000000000002,0.25772702626705085,0.16893668812026189,0.15575842658251737,0.021610518974809752,0.1814804520055501
153.9,0.26252980954579763,0.17265961646988615,0.15343949882535796,0.026869726991089953,0.1880694552786274
153.95000000000002,0.26126020687530493,0.17411873286669427,0.15292682728691048,0.02435978487566638,0.19093643559320164
154.0,0.2569541568524117,0.1740244459864321,0.1536644277984626,0.026299590855561283,0.1863742924691269
154.05,0.2625004477950846,0.18107427890525626,0.15844063212989037,0.025832329962606013,0.19209516805884538
154.10000000000002,0.26289929622003455,0.1867436905700267,0.1647953187864691,0.026839518932134755,0.1915984617555731
154.15,0.27260148683154467,0.1808354919502598,0.16106099472948562,0.02590835892469437,0.1935752989181181
154.20000000000002,0.2722373467243694,0.17848379799155628,0.15872381630106944,0.017645527328958865,0.20422000916697824
154.25,0.2764570533751633,0.18463115813648873,0.15616079539491096,0.020412721458432457,0.20749584755326023
154.3,0.2815321215606792,0.17957814867372585,0.15761053289789612,0.025029171083592594,0.2073798961595453
154.35000000000002,0.2824240280468753,0.1823799223696991,0.1616507280001302,0.019826408590542504,0.2042438984226991
154.4,0.28794368812220644,0.18456803872244437,0.16645644232276136,0.019371013093762407,0.2038818443236109
154.45000000000002,0.29147748481818525,0.18500347529421315,0.17025996794858606,0.022225028248073243,0.21062764124681274
154.5,0.29688888043548844,0.17878580230879831,0.16930829324687785,0.01815642479219225,0.21556071372114397
154.55,0.29995686376056196,0.1772755714307742,0.16727024378926383,0.010989281301099248,0.22303106933798478
154.60000000000002,0.3027520379376541,0.1776101411170717,0.16237984383061044,0.01333857124441237,0.23369406169996082
154.65,0.30831727567160055,0.17643958429524106,0.16197657415907663,0.0030722211687864076,0.23395409779075374
154.70000000000002,0.3052709374546939,0.1703070309079453,0.16266172984616706,0.009731408275764568,0.23468253410452578
154.75,0.30450526727004557,0.17184572797426603,0.16066864753544743,0.009222143569296577,0.22486448199219117
154.8,0.3035200509914311,0.16400379280928445,0.16588390362431618,0.010859224348470664,0.23237583011985116
154.85000000000002,0.3082773319640932,0.1640459311896997,0.1677258443096273,0.007599969054911659,0.23216818179841794
154.9,0.3089561961188725,0.1687728758877552,0.1733421075975792,0.007646245394845979,0.23415561758860304
154.95000000000002,0.31249585634250376,0.16114577591630297,0.1790374333368937,0.0177451416001234,0.22095037565576145
155.0,0.3111550635437355,0.1729294994873979,0.19026605204728533,0.009055747402899682,0.2153142429432721
155.05,0.3159948028953632,0.17219917718858607,0.19058768322960637,0.01979826862724645,0.20445798662134196
155.10000000000002,0.3167420833277159,0.16970368068483416,0.1900447281472288,0.01810034661293001,0.19366547089842404
155.15,0.31706597739818954,0.16430526132049683,0.19610322947303874,0.025525027874580827,0.18532019436878736
155.20000000000002,0.3090713724196579,0.16913805661336884,0.19840566487768702,0.029641178524926995,0.17953758796844438
155.25,0.30929295296747394,0.16699743780485682,0.2014368519370697,0.03302492524483321,0.17247967383709034
155.3,0.31308529246742517,0.15994730869675458,0.2102456571779631,0.02797621248030141,0.17858340489175017
155.35000000000002,0.30938073030073554,0.16691425920338734,0.21519059038406257,0.036591359894551284,0.183392293162243
155.4,0.30248835688517933,0.17023496914602695,0.22462924873884196,0.036426160187186585,0.16372095494749717
155.45000000000002,0.30679207664629177,0.17459843315405904,0.22399830827924197,0.04380370696172824,0.17015959848520065
155.5,0.30343664682522736,0.17392594563291425,0.22624616276045398,0.05048272351859799,0.16466893302506178
155.55,0.2951853027041916,0.187447348540852,0.2289187832463767,0.045252615943513305,0.16654354272973368
155.60000000000002,0.2914088969784284,0.18093053471414108,0.22996093367919115,0.061722549605122155,0.15766329385305478
155.65,0.2900180156802611,0.1783690363775833,0.2278184628581859,0.07038020620744945,0.15152437334492905
155.70000000000002,0.28463279284975374,0.18333205263734778,0.23301378663300842,0.06676421362849921,0.14345936353129246
155.75,0.2822472655592807,0.18114013940628998,0.2334545701960948,0.07262820194559637,0.1571113146951666
155.8,0.28139961763085203,0.1817763238976961,0.22564054758163676,0.07763367464962484,0.15255450625856476
155.85000000000002,0.27430192892887306,0.19010272685778365,0.230569704643387,0.07285975606824077,0.1464322372009874
155.9,0.2713152573633675,0.18553311987194365,0.22538162201185022,0.07273560623157355,0.1414834278338884
155.95000000000002,0.2706840219124975,0.1812583388056101,0.22317894868708288,0.06211971552253452,0.1430832319102758
156.0,0.26511140486681406,0.17998043498789876,0.21659976478908802,0.05865672819942711,0.14593874696313724
156.05,0.2562336224037422,0.1763470189813597,0.21281376571084215,0.06614650590420161,0.14274612408719037
156.10000000000002,0.2475447632936617,0.180899415529238,0.19875289619888847,0.053869636792415444,0.14269326897531848
156.15,0.24004383005137045,0.17739996388553833,0.19454118061511852,0.059516096647673766,0.1548133217297534
156.20000000000002,0.2442053430437366,0.18182549891414315,0.1921763051909303,0.058628760444119216,0.16268295478604847
156.25,0.23966864476151084,0.1773524710579278,0.19116883650918826,0.056809031740377575,0.1554210001624162
156.3,0.2416043087161,0.17145998757757128,0.18323225204059593,0.05980260301427951,0.16112926202379127
156.35000000000002,0.23971270881111026,0.16821446911019894,0.17552256844659647,0.06555202178756601,0.16573592643341717
156.4,0.23608907021876865,0.17471498530421783,0.17154747572919274,0.06251511109080142,0.16858558654545158
156.45000000000002,0.22916456331118665,0.17538096219895388,0.16548117990948336,0.06228312496145568,0.17592921958604302
156.5,0.22682707706576463,0.17295605757074034,0.16427292400775442,0.06029710248448287,0.1817334756097318
156.55,0.21810806551380618,0.180308630207381,0.1651490305636286,0.056187051355203674,0.17327907245689772
156.60000000000002,0.21439351134093232,0.1806784247501244,0.1609637936987512,0.05257328162223095,0.17252511655962038
156.65,0.2050240264896898,0.17847160943930257,0.15445763547886862,0.04170623195385942,0.16711237244302904
156.70000000000002,0.2028070013024311,0.1724732190980396,0.15143758252061776,0.04443871426423704,0.17162525419676491
156.75,0.19974675699900413,0.16650367469914915,0.14645015342487194,0.0419168652137348,0.1806589213027621
156.8,0.1945876790145554,0.15306445128608734,0.14372018624402147,0.03147086333155975,0.1778177369518848
156.85000000000002,0.19568564093679733,0.15140499678551583,0.1397678653370067,0.034457457925470523,0.17111792631496545
156.9,0.19632146538359482,0.1496139754505637,0.1418487949878756,0.02891702967085711,0.17703238065506202
156.95000000000002,0.18879014153627133,0.1506494783198757,0.14447721514550746,0.03627176030300868,0.17972133027077
157.0,0.18375220520627228,0.15011628919319062,0.14710260008898363,0.0339244014849766,0.17530686825644817
157.05,0.17785811128080717,0.15279095459464417,0.13650952790091106,0.03227045357403073,0.16459861861673505
157.10000000000002,0.17525236928448903,0.15568736964450677,0.12977089516690005,0.04047334711546222,0.16671382776783944
157.15,0.172265084629758,0.15402125115437998,0.12281687763356676,0.05212552569613232,0.16801732171337938
157.20000000000002,0.16397745852616769,0.1622589119446432,0.12068912483808729,0.049420365817184335,0.17286291550146474
157.25,0.15779418689052452,0.15863180795556964,0.11364133155464864,0.0507092662088073,0.17608934735280296
157.3,0.1506556820028148,0.15890071369713962,0.1051140433588149,0.052640384698288745,0.18701050300927202
157.35000000000002,0.15183938542328304,0.1559059809179866,0.0978337253864558,0.04775276732631398,0.1839442264500482
157.4,0.14611070524376643,0.15880081421630587,0.0990209216188222,0.0533552515409827,0.19400998789793406
157.45000000000002,0.15102295308419666,0.16315565879474495,0.1018299094205205,0.06204927143120235,0.18463374152310624
157.5,0.1413894148143325,0.15958108682355612,0.09881842323952873,0.05205772151343486,0.18513230606187192
157.55,0.13966423783245796,0.16412387596448572,0.09398918399347644,0.04121535968985436,0.18332341042862685
157.60000000000002,0.13931746217060845,0.16462589047876341,0.08857185533991237,0.054690264039294015,0.1786707055878857
157.65,0.13358827600979115,0.1735307689852468,0.0834997830101785,0.05573273689030845,0.17692465120911435
157.70000000000002,0.12955388030340817,0.16780106517006863,0.08268475295752567,0.052637978664447096,0.18160157368591315
157.75,0.12790272764400365,0.17270178703483224,0.0714060562883088,0.045989838400432415,0.18113061812808295
157.8,0.13376712828856033,0.17396048161733535,0.07387989479051511,0.0497969080139386,0.19001348420682354
157.85000000000002,0.12272887799373908,0.17475666802786258,0.06404077711522624,0.05374607492006537,0.19166383541510723
157.9,0.12930478643976048,0.17606891515683093,0.05804488138083416,0.053239781494421795,0.20102694589629477
157.95000000000002,0.13505935253518428,0.18015324874929903,0.05447077077465835,0.0662516403611974,0.20329548097757305
158.0,0.14740263413487784,0.18411327052541035,0.0505275180323474,0.067782621763743,0.20770827385573792
158.05,0.15634320931073145,0.19082755227130732,0.048765947115598944,0.06147958592603484,0.20954587912130654
158.10000000000002,0.16102209302891898,0.19107549033129848,0.054339213331112905,0.07068152896154384,0.2142273489056526
158.15,0.1618075146149392,0.19119786987216955,0.05967255514996173,0.06527309819231418,0.21014307940803506
158.20000000000002,0.1618345974830722,0.19764955069758788,0.07063346392492456,0.0690147638376836,0.21746758004109396
158.25,0.1661802186324551,0.199078510291942,0.07601022654730398,0.06409152182555032,0.2095118997821042
158.3,0.17132522477067097,0.193440511602832,0.07928185026172156,0.06453775977475293,0.20842957100425016
158.35000000000002,0.17287808692023185,0.20070410846719922,0.08973498049182267,0.06978315994546179,0.21618061531327093
158.4,0.18021602202766562,0.20045389156005225,0.09624841924441464,0.06832575901647263,0.22180200110372433
158.45000000000002,0.18550366940810928,0.19930074483994495,0.105223425560238,0.06485921241692079,0.22374663203960085
158.5,0.1973807579624424,0.20500249624712702,0.11232790101744031,0.05004176215483283,0.22410469053121465
158.55,0.19962463798183516,0.2080495749166269,0.11753247102302235,0.060446953062890364,0.21719054884290342
158.60000000000002,0.19934695048226606,0.21328788053859002,0.11886008271851996,0.056414578254294676,0.22121764206280203
158.65,0.20473491509487451,0.21717532169359888,0.12808005201785375,0.054158077144589416,0.21571386150139252
158.70000000000002,0.21097523741643637,0.21614160307545036,0.13029304643627682,0.061252566698073344,0.220137128001131
158.75,0.2185348872837698,0.22134833536270665,0.1390867815818791,0.06614691067469336,0.22516673477411425
158.8,0.2254644022547628,0.22866252416671495,0.1340388546818273,0.07216336334526238,0.22960021991875826
158.85000000000002,0.23028208670424488,0.23277867272491504,0.141170346376612,0.07512986787100756,0.22133133249801426
158.9,0.2382617977777203,0.23649623007960915,0.14947454371274702,0.06791659624931197,0.23124709153141126
158.95000000000002,0.24628113509633753,0.23559712631551394,0.15514707549006468,0.06748410410400932,0.23797286042152554
159.0,0.2622601686020646,0.23550014083203114,0.15961376331961738,0.06625566789737644,0.2467910752882253
159.05,0.26415415692160626,0.2394989977315094,0.17535227157492853,0.06303321471449165,0.24487683995326825
159.10000000000002,0.2704899540364328,0.24632821355504408,0.18064111580223255,0.0753454085378933,0.2542294297028197
159.15,0.27664414172207047,0.2523068204276158,0.1873084893266576,0.07463405284385656,0.2499988548081724
159.20000000000002,0.2861078993420641,0.2518587267512493,0.19442984529063573,0.06960370352973211,0.2527252574720405
159.25,0.29804327893410393,0.25841901653116206,0.20443578808380355,0.06812474223025497,0.25484506654768285
159.3,0.30248160909256416,0.2607918310418239,0.20778624620350838,0.07104414250311789,0.2663238778050606
159.35000000000002,0.3116119482650614,0.26511543722330616,0.20832510369224566,0.06899667634795904,0.25477736039879084
159.4,0.32187647237704503,0.262506774302894,0.20944106047684474,0.0767247002442797,0.2587810764431948
159.45000000000002,0.3297591803451521,0.268516246933429,0.2163895087864458,0.07172825245212928,0.25225021919525076
159.5,0.3402771722571241,0.26329744734042093,0.2179387068285625,0.07081812285340675,0.2534675668371943
159.55,0.34407114897106666,0.260954815188367,0.2258927962528623,0.07046734352152878,0.2501856287754046
159.60000000000002,0.3470093697589023,0.26662451901967615,0.22957252588755134,0.06739361419599446,0.25025604912226196
159.65,0.34903708591852467,0.2677065073695439,0.22678448063705092,0.07066295487206345,0.2544237494752157
159.70000000000002,0.35015225151873874,0.2713148560456103,0.22855311637406048,0.06832659865097213,0.24481573503616058
159.75,0.3576517093498938,0.2742696053711544,0.22477015276996778,0.0799954317507974,0.24727653195870092
159.8,0.36380665025147607,0.2848105354345734,0.2287293116194606,0.07720104959864352,0.2400727283427211
159.85000000000002,0.374489236701905,0.2895444511274995,0.23460940846799996,0.08427463616306576,0.24616287430318523
159.9,0.3819711959222316,0.28327338956518766,0.2356678740254557,0.09759175030503704,0.24833241840494102
159.95000000000002,0.38568925981210267,0.28718212124160386,0.23402939129973652,0.0982446461313739,0.24991847567324388
160.0,0.3882635448228166,0.2843731977295266,0.23001923411447786,0.09976284356615539,0.25365755946092
160.05,0.3901504868635793,0.28394014251102395,0.23124466164776,0.1002611154527963,0.2534099126297036
160.10000000000002,0.39521388519410644,0.28663770070004435,0.23477776148880167,0.09851406383396769,0.24727408099739373
160.15,0.40355978148378124,0.2815437168225862,0.23901569857332514,0.1043250087971988,0.25391143279783135
160.20000000000002,0.40199565248351754,0.28876988543118604,0.24426059483754736,0.10683585209887005,0.2576785650311123
160.25,0.40933963443094107,0.2891613968874078,0.24029865110833568,0.12014595273881215,0.25807297763699816
160.3,0.4082289493438412,0.28447746791605316,0.24046229710535283,0.1077481822717494,0.26056563545362726
160.35000000000002,0.40860243367385335,0.2738741103058234,0.23760753144510455,0.10118735827601233,0.2513871343707427
160.4,0.4113036547333512,0.26502231091097544,0.23540450528354917,0.09177079236421382,0.25769642149732896
160.45000000000002,0.40776430085902743,0.2618345641845711,0.24055671484876098,0.08657748586158615,0.24562557443139016
160.5,0.4123517813597709,0.2626052241601857,0.2467144951573554,0.09354861381957572,0.23977569757337358
160.55,0.41385717961637175,0.25611788521683326,0.24395113210855793,0.09138741838580798,0.24530499131894973
160.60000000000002,0.4137732632214507,0.2604350693969849,0.24545370221239224,0.08499956841715726,0.25346096072917385
160.65,0.42235633775986703,0.25061816259838593,0.2556951376023304,0.08457094860368841,0.25125457414946323
160.70000000000002,0.42311247647202704,0.24925550314761752,0.26437954590846335,0.0868741504045033,0.26045614280879564
160.75,0.43281895265320686,0.2570635068692151,0.26037567074551915,0.0824866428779518,0.26435621336622994
160.8,0.43093618033469705,0.2525652116354115,0.26413931720986206,0.08510779315946734,0.2600439068030628
160.85000000000002,0.4299729259306207,0.2511257270480093,0.2597301546568907,0.08457464423316459,0.2687966136238662
160.9,0.43003446444549515,0.2527260489077513,0.2594049229830383,0.08475328295593684,0.2632491175366
160.95000000000002,0.4241249378345817,0.2524174404070039,0.26151801691442955,0.0951497287766709,0.2641574581123142
161.0,0.42786388062979563,0.2527436057035081,0.26634614456956546,0.09428084675174585,0.2749110417921175
161.05,0.4255712153977067,0.24942933929673172,0.2613277070723224,0.0952950116006876,0.27730674039091324
161.10000000000002,0.42259991510498984,0.2534570760979128,0.26096360922526607,0.10423487424390951,0.28521597359759465
161.15,0.4202772475938038,0.256679735360701,0.2611166337662946,0.10070053976671439,0.29220590280718944
161.20000000000002,0.42133165649193616,0.2497721973999244,0.26183106326498135,0.10378062165877665,0.28764049788510315
161.25,0.42164476836406994,0.24580826314698073,0.2624520504742416,0.09620466572737624,0.2849057148601679
161.3,0.4137274555532105,0.25081200730025033,0.2514909459864554,0.08395380375441326,0.28356690540022306
161.35000000000002,0.4149891137338837,0.24423174025095815,0.24425603089878692,0.09525547848216416,0.2751289054961257
161.4,0.4203040102236399,0.2397067384647367,0.2420934770819532,0.08404293501403924,0.274086358534931
161.45000000000002,0.4228442935465433,0.23079294194118194,0.22940705059135766,0.08213437352211213,0.2698468607891659
161.5,0.4176819825984655,0.2244688854722549,0.22588581103389496,0.07577269950122305,0.26507993466060387
161.55,0.4187050481719925,0.2160763591542517,0.22425024494322127,0.07537814155350576,0.27483290332164845
161.60000000000002,0.41688901745581586,0.21275075861365322,0.2229823874706177,0.07199600848522787,0.2793352331712381
161.65,0.40586223048354736,0.21293674002894003,0.21719527408234726,0.07541645962234078,0.286421806189386
161.70000000000002,0.40112284575928575,0.20874139492519117,0.21433846187314512,0.08406387084909554,0.2826836631324302
161.75,0.4009144630606124,0.20462487147877056,0.20143364293336666,0.08078467698117116,0.28106168363656037
161.8,0.39678989158790745,0.1991702021452935,0.1914007000839007,0.07998713692946376,0.2650648068537935
161.85000000000002,0.38417665140222956,0.19201684416654888,0.1825559286473613,0.07896099386644845,0.27890083697739754
161.9,0.3791680837317085,0.18609630349036496,0.17851789091459083,0.07514822385508185,0.26406035114074367
161.95000000000002,0.37039822337023914,0.18215215458261777,0.1766724984009301,0.08189081646621858,0.27305376992477415
162.0,0.3658618723638299,0.1786416758997265,0.16769905359235207,0.07901776283677715,0.273350159610778
162.05,0.35599968209236743,0.17973804428561427,0.16646254550439366,0.07931042006027929,0.2777464485145553
162.10000000000002,0.3503110916001363,0.17593452267639223,0.16634831920301216,0.07709947353355064,0.2748133591726288
162.15,0.3482919671159665,0.16209003091566684,0.15209112809558145,0.08203966262531646,0.2808178457314426
162.20000000000002,0.3511296850295948,0.15705580541877942,0.143803856570381,0.07185973858790229,0.2760147274492516
162.25,0.3427651484647927,0.14562808256645346,0.13507841550790914,0.06307349655215848,0.2688747258448224
162.3,0.34088557025703464,0.14021678392283438,0.13067617413134267,0.05637453683813157,0.275912075253424
162.35000000000002,0.3387295999632684,0.1393921222484551,0.13033093870559181,0.05026305971690406,0.27740110012531616
162.4,0.334124834532074,0.13491247947541238,0.12109400388579243,0.06072565769361017,0.2864950279650869
162.45000000000002,0.32449691658650104,0.13961283713064757,0.11735815295059684,0.058386614366747004,0.28550392188281054
162.5,0.30851937981272476,0.136456578181432,0.1078506259786707,0.04625959168123097,0.2834574675715756
162.55,0.2976122586323921,0.12740687798866568,0.10300434026345892,0.053888835286864015,0.2834135717059516
162.60000000000002,0.2962728263431498,0.12766969263191963,0.1000915542505769,0.05647808102677881,0.27799611320722983
162.65,0.288493678511433,0.13010140088392103,0.09570813250914438,0.05033362886241773,0.2805982059693704
162.70000000000002,0.29346850947502295,0.12922811022330666,0.08655706485035818,0.05080217212693417,0.2884288434051523
162.75,0.28500023380531503,0.13340249733617485,0.08429137387438249,0.06327659916758302,0.2895280535420276
162.8,0.2758761746974306,0.13844674301443785,0.08503294970836077,0.0728350110381101,0.2885226713064418
162.85000000000002,0.2746920746016061,0.1322691416796112,0.07392409777350237,0.07064320614076441,0.2816086159102374
162.9,0.2772556855646432,0.13295824516710406,0.07096595653492245,0.07672376450399271,0.27981496403027045
162.95000000000002,0.26463513331524374,0.1335168281851632,0.07043749248051596,0.07286838742720392,0.2806777937406282
163.0,0.2563186771124204,0.12893510049620255,0.06662800152538756,0.06510875614185903,0.2713147000113503
163.05,0.2468149610084557,0.12911879272911334,0.05977344612195917,0.06528091165687462,0.2827877140973242
163.10000000000002,0.23712140041410243,0.13063321859617086,0.056575450092626475,0.06507978844872966,0.28138883185633295
163.15,0.2391830128120146,0.13190912624485607,0.060871955871256836,0.056187314692179295,0.28105355891624717
163.20000000000002,0.22840281216663375,0.1352927833124575,0.0567000395859791,0.06008637646619074,0.2957085902577583
163.25,0.22495658676414304,0.13197018360629947,0.05092001456829436,0.06549530246655921,0.29766084754438277
163.3,0.22636719373542377,0.13905866940345887,0.040218694870308436,0.06542242495382795,0.31420162538885954
163.35000000000002,0.22481953400520302,0.1333691912384392,0.03685815675422152,0.0713595929983976,0.3179858578507993
163.4,0.23385508624834647,0.13442878836411604,0.03801977650788338,0.07398444062937963,0.315425752934417
163.45000000000002,0.2342931695377209,0.13753478938461275,0.030986872503524356,0.07778746585675525,0.3145733333257855
163.5,0.22659865004264368,0.13630753685586205,0.03050210668475569,0.06968618967690433,0.31470160153249843
163.55,0.22415343687828074,0.13446544304065627,0.02583458103921795,0.07396752567398811,0.31790848045012354
163.60000000000002,0.2252988939487153,0.13115890829626045,0.023008785950993933,0.07188354325622001,0.3168527716942542
163.65,0.22691623058495838,0.14018288735991136,0.025543630705935454,0.07449486173352293,0.32249791943416123
163.70000000000002,0.227441378975036,0.14231200003448874,0.03624685534014703,0.07092961061059166,0.31578312119879504
163.75,0.22862602713551028,0.13892274272425525,0.044096636431952135,0.07124034625272271,0.3186478921117772
163.8,0.22465448638628968,0.13763377607345786,0.050623616337274094,0.07219642190492273,0.31445737843004784
163.85000000000002,0.22784150955205826,0.1445619895007126,0.06421491531406429,0.07077245471173245,0.3011431772110682
163.9,0.22300245040212283,0.14256253188835943,0.06752045970420364,0.08156960869981651,0.2983966904264741
163.95000000000002,0.22153004959245073,0.1373384976384794,0.07383860556325386,0.07955204526099939,0.29909077553428604
164.0,0.2214664522050739,0.1422448025091404,0.07596097055214678,0.07853274924005128,0.29419078295482404
164.05,0.22321155089457434,0.1412843156180012,0.0823209006813915,0.07129201156512122,0.29516372166643984
164.10000000000002,0.21806907844464857,0.14288622419850702,0.08379162888165341,0.07435364620715268,0.29891401551292146
164.15,0.21759698439571767,0.1451042295527941,0.09318585026127164,0.0881185776228846,0.29115007612685817
164.20000000000002,0.22084056249066583,0.14342196521819756,0.09668794804915008,0.08220419027649205,0.27822199299417527
164.25,0.2298533348426243,0.144949760767079,0.10589076869470382,0.07778266645468696,0.2795580272038552
164.3,0.2353453197609537,0.14739854765229823,0.11143292126650178,0.07785704999902547,0.27894663159393795
164.35000000000002,0.23653725588361374,0.15123546190105006,0.12189458456549823,0.07144176939254489,0.2799124305380384
164.4,0.24155014692846746,0.153264176136794,0.12827697122092113,0.07756974273681817,0.27201663023330547
164.45000000000002,0.23731446610942108,0.15338782604722978,0.1326059640629369,0.08157821370671577,0.2605216233312298
164.5,0.2378011471675837,0.1645132691156591,0.14025075643958945,0.09266698099062091,0.2593853019442564
164.55,0.242454992915024,0.15708821758804994,0.1494073395667413,0.08921390846107433,0.25183512235895594
164.60000000000002,0.25060048127148177,0.15815147552773737,0.152523130630747,0.08777717712278806,0.2562096037730022
164.65,0.2536815221228894,0.15517109473533983,0.15854591275355034,0.08752626323318785,0.25850429961917576
164.70000000000002,0.26504560719885645,0.15556029200631047,0.16010570895978202,0.07589641049792117,0.24707580372926696
164.75,0.2747693748241983,0.14820896870544895,0.16668886860660148,0.07950246086759774,0.24376269668032924
164.8,0.28371811397844965,0.1494039513725079,0.17153720378830584,0.07697126005700702,0.25024210327122176
164.85000000000002,0.2824167366032102,0.14663246117144316,0.18654042221870018,0.07400622371653325,0.248181866515746
164.9,0.2848598517142381,0.15028599548897711,0.18808274499798752,0.07523879422780745,0.23700904077631232
164.95000000000002,0.28851962645976675,0.15762961792811733,0.19140300439729235,0.06882729352272716,0.2190368811704649
165.0,0.28757168520309323,0.16221737452689605,0.19630761961201051,0.07271742934372818,0.22187695503545377
165.05,0.2939546299647165,0.15962520299559455,0.19435327888958506,0.07113920905688213,0.2227230707917961
165.10000000000002,0.30233508233915113,0.14933237282718967,0.19305684208644328,0.06892594373488248,0.22461581819723556
165.15,0.3015696671725583,0.15445119042167715,0.20453651125359132,0.06367226465625278,0.23006213436988454
165.20000000000002,0.3068229877774574,0.15043865320740754,0.21175941356447375,0.0613615477956957,0.22272825198828303
165.25,0.3120397697841288,0.15322364405033992,0.21066437022427098,0.06655979824647824,0.22112946058737248
165.3,0.31109803802277564,0.1552228382380504,0.21744960442476,0.06562449696554586,0.22257565758452377
165.35000000000002,0.3167577981028136,0.14781607470191974,0.22988183331043097,0.06964709173815542,0.21786760438109243
165.4,0.3154260485185119,0.15255884712755477,0.2352373113736952,0.06952492185338519,0.2152301566076644
165.45000000000002,0.32285543650071435,0.16200500513108523,0.2364375580328307,0.05459607209507909,0.1972445363118462
165.5,0.33069493995710725,0.1549807584936841,0.23266832015121625,0.05649892367822229,0.19446581323134332
165.55,0.33806105564267075,0.15180032000393362,0.23631097003632387,0.060152142466256955,0.19534341952671927
165.60000000000002,0.3437523329982565,0.16311839913909137,0.2358211729622755,0.059868987528606935,0.18454258823407904
165.65,0.34839402304639017,0.16687849656944076,0.2402855555228843,0.06603986644002613,0.18443299245105393
165.70000000000002,0.35847641725281837,0.16069296202188954,0.2432493321624417,0.06894368089452045,0.18907077855343546
165.75,0.36054857216914965,0.15775577816212968,0.23828188576835505,0.0720228325624964,0.19225846325235
165.8,0.36216289052720785,0.1512631408000363,0.24515048917257723,0.06934598403448222,0.19588150818541425
165.85000000000002,0.3668400164356779,0.15901374650033748,0.24984860394557226,0.0655594048309831,0.1880369037803745
165.9,0.3716271864341335,0.15321111212250327,0.2526963571799108,0.05450344651811303,0.18029770437721981
165.95000000000002,0.3790496737639357,0.15710275059086018,0.2417880307677952,0.052025008115860534,0.17192841345018053
166.0,0.37666134156508085,0.1469884781467311,0.2357712781795014,0.05311159262878864,0.15920014723364373
166.05,0.37453435740071644,0.14651137279746287,0.23616541674420802,0.04043374320502547,0.1487517187847951
166.10000000000002,0.3745690353604744,0.1341447080132334,0.2416474065111156,0.03228298947335178,0.1405713685779302
166.15,0.375584202996919,0.1351487701850685,0.24273007498312257,0.03890157566693813,0.13965245504364546
166.20000000000002,0.3750922974946889,0.1442274193881623,0.23964516097095379,0.03524271470509922,0.13786383288022855
166.25,0.3818132807379556,0.1413745743335494,0.24200992091415602,0.039842680085785814,0.14740795116752678
166.3,0.3866284278366189,0.13314947033495347,0.2459726947236459,0.04353292195188028,0.13873001657653458
166.35000000000002,0.3809439133311661,0.13226406996249715,0.23704437448114624,0.042842952087494335,0.1443901827988324
166.4,0.3854479315862173,0.12546379463510857,0.23390225424180355,0.037903057188638824,0.1425020733799881
166.45000000000002,0.387586070770083,0.12617322080035728,0.2296984468192459,0.03934643074035048,0.14540594997233533
166.5,0.38271764406843983,0.13203699919303521,0.23606061574240503,0.036228275335234934,0.14531405753293672
166.55,0.3829603043683158,0.12779101112522398,0.23330880561367506,0.03377070819829846,0.14126697671853888
166.60000000000002,0.3771508378466886,0.1257039450872736,0.23433390791669137,0.037589263335035,0.1399673438958989
166.65,0.3815374040877969,0.12511048253587703,0.2381248412863943,0.035254820436451194,0.1310458361773938
166.70000000000002,0.3792413354193821,0.12841881586395937,0.23505424316900125,0.03284446735021646,0.13168400841394254
166.75,0.37783378887784896,0.1291488507523098,0.23980449393319345,0.032269503569592545,0.12765429558891164
166.8,0.37549616513804523,0.1368242443376446,0.24747105214070333,0.02848736922469015,0.1364239761554779
166.85000000000002,0.37458364782031894,0.1382938865070283,0.24682972426712574,0.03514650524585656,0.14721597946315407
166.9,0.3752068958898611,0.13787965806204858,0.23780962760781058,0.03775772954977761,0.155356034253365
166.95000000000002,0.36799559139811655,0.13676617547197278,0.23711380299686166,0.03725221166334327,0.15292530308909974
167.0,0.3627935828362186,0.1335032758780087,0.2299840258857538,0.02730707055324974,0.152913598394319
167.05,0.35756659812962494,0.12221416075554599,0.22543466933415923,0.026358158857218025,0.1458616215401179
167.10000000000002,0.35856711420650617,0.11397721160405638,0.21788562340123052,0.020748331398313193,0.1356376978068885
167.15,0.3533436564266789,0.11787642856870995,0.20498450353296363,0.02190790203387665,0.12818369777039867
167.20000000000002,0.3536248219346492,0.1100248533911119,0.19312739654136332,0.005917593414182312,0.11080514071777565
167.25,0.3547445118270238,0.09918573420200726,0.18722983365302534,0.005240683600119375,0.10534298595643404
167.3,0.3562148137257362,0.09336212457915927,0.1858239483848299,0.006145709312604742,0.07929314419569311
167.35000000000002,0.3488754225586612,0.09231068658979358,0.17430360318307705,0.009177072633137497,0.07822180091232697
167.4,0.3447038360326411,0.08249884511537538,0.16997259782379523,0.026620963439014374,0.090072849933181
167.45000000000002,0.33667469864968025,0.0757295781831663,0.16796821883531757,0.030173963268364305,0.08258825035237156
167.5,0.3321377043093765,0.06957028678402662,0.1586919163649849,0.02537275577947436,0.08210434129716564
167.55,0.3258309647184097,0.07003378334542806,0.160462267068615,0.03469895884870392,0.06951870085733995
167.60000000000002,0.3180994755649838,0.07312231276479934,0.1508198793384999,0.043307159840637724,0.05628345227808917
167.65,0.3173852747192848,0.0626680951365314,0.1490252050794736,0.050954076016552274,0.052173871930778826
167.70000000000002,0.31206225100073187,0.06541657821720279,0.15248268000527654,0.05807373597901792,0.048725247584295556
167.75,0.3076988047430295,0.06420715887423305,0.1469501127176768,0.06696951632849414,0.06186668030121018
167.8,0.3047679940813321,0.06665424987064683,0.14827855760606592,0.07243335247243943,0.06834181344820253
167.85000000000002,0.2922355169463615,0.07758788123747302,0.14390282365975776,0.07610589916160247,0.06845614024302715
167.9,0.2863902198366188,0.07641908634600028,0.1430335760377426,0.06304671887478587,0.07481646022014017
167.95000000000002,0.28137527225643105,0.07712781319395293,0.13347368852183294,0.06627102409993053,0.0643089796532502
168.0,0.2755450346760043,0.07879554011244487,0.1292915435887257,0.0710353261673183,0.06809177515098638
168.05,0.27613920184519697,0.07667566963577271,0.12233899286348197,0.06251134797310734,0.06414245719908732
168.10000000000002,0.26980988680805823,0.08400352580077873,0.10895287504286552,0.06086255486480071,0.0648750646853109
168.15,0.27019482039236314,0.08083930468939955,0.10326360142319696,0.06248608569708639,0.061489546910991025
168.20000000000002,0.26337844799718413,0.08182415972791342,0.10197814793903053,0.06989028582121898,0.053609430779329975
168.25,0.2653619066562895,0.08047984741384819,0.09575323704773778,0.07544867452133394,0.051506004449620474
168.3,0.25263794201155704,0.0766111705034186,0.08857671053611334,0.07918376733370866,0.05809973670790172
168.35000000000002,0.24594413378425306,0.08523848238375369,0.07901624736333016,0.07540795783288684,0.058891413004217096
168.4,0.23634032010980588,0.07735227100038784,0.07592307282542186,0.07989909396374748,0.06205642155507277
168.45000000000002,0.229046842812729,0.08245450862316349,0.07664838537820054,0.07387070343620813,0.05480261608062501
168.5,0.22628529409909395,0.07992908633913313,0.0783591091245973,0.07784670474394406,0.04791247801312943
168.55,0.21886912942643524,0.08592144858724436,0.0775054970633011,0.08188089710912862,0.05334554715696129
168.60000000000002,0.20897210803964789,0.09049135678077226,0.07054817101660943,0.07423394459769314,0.05241136851591112
168.65,0.201003801251834,0.09242559341896998,0.06742065317857562,0.0650285733363067,0.06016708401946689
168.70000000000002,0.19823043117740047,0.09709478129332065,0.07168187048780425,0.06816773370465819,0.0593709404770366
168.75,0.18791290403242092,0.10021843531962492,0.07161430947282389,0.07078669289614771,0.06223284975663006
168.8,0.17350055398850894,0.09849654368243677,0.07029554376033999,0.07420095191883704,0.06923813660287285
168.85000000000002,0.16336812171531864,0.10218869909790594,0.07409763448220867,0.07273381417859956,0.08400533913605343
168.9,0.1528274637137179,0.09588513365130978,0.07568237849275251,0.0796812903422453,0.07665231732682284
168.95000000000002,0.13970791351743506,0.10006258253998596,0.08300417352496396,0.07664135469282876,0.07511506511658457
169.0,0.13360759205594958,0.09292122230210854,0.09151438200447301,0.07506287712507721,0.07789742884903283
169.05,0.12469461089055432,0.09472946377684978,0.09441442752181387,0.06551179404145567,0.06876808460300052
169.10000000000002,0.11596709329841606,0.09634336821009218,0.10227928472716727,0.06988342793604602,0.05927313164423957
169.15,0.10686797908070159,0.09722495806037637,0.10969931584572182,0.06898072077448313,0.055601309653727574
169.20000000000002,0.09924956751269703,0.08834791129734011,0.11369699886483069,0.06143622672962003,0.05711338052065461
169.25,0.09265283323321248,0.08540558825861913,0.11712733920856433,0.04961321783561507,0.055127251464690545
169.3,0.09321692147254364,0.0855660455484046,0.12580364882313674,0.052361845794110656,0.0548419340720241
169.35000000000002,0.09419195396991674,0.09038610215361392,0.12130986840051161,0.05820313332005899,0.05344838761659903
169.4,0.08575488726046485,0.0875168749735715,0.12623873161105995,0.05002041080156387,0.05527580918183177
169.45000000000002,0.08424175569559861,0.09219380276131652,0.12535059455152248,0.05760104644188959,0.0542555482465235
169.5,0.07337930344789474,0.0974957181044508,0.13206503736857125,0.06271345774860172,0.057882155234487476
169.55,0.06962571580609456,0.0965430026481626,0.13248455115012742,0.06410093802293534,0.06747667917132015
169.60000000000002,0.061128934573665916,0.10160309194331717,0.12932304950232942,0.06657940759462386,0.06576741217538927
169.65,0.05251957599178083,0.10469416328960537,0.14392589857494134,0.06782405248962906,0.07389058082203771
169.70000000000002,0.05299039525457498,0.10415293039825207,0.14467981662250085,0.0750999108830797,0.07493366169844386
169.75,0.05686793618428159,0.10709399897727857,0.14152673957599304,0.07751808436055296,0.0829045527198691
169.8,0.054083510798393915,0.10904295004831856,0.14699420413616618,0.07860848843471929,0.08629049765853421
169.85000000000002,0.049238207258320676,0.10812592559484781,0.15231026801024417,0.08965671591417462,0.09923515820038718
169.9,0.04004214618116596,0.10390685845086564,0.14939120742423828,0.09442631006580031,0.10392680304626822
169.95000000000002,0.027366222606507246,0.10677889564568133,0.15358609358165673,0.09000981553252173,0.10509547227237864
170.0,0.020085351012529506,0.10864480035053482,0.16034650659007935,0.08814718415313778,0.11284671349231035
170.05,0.01716498501546449,0.10759332217812824,0.16349142659688112,0.08036373334562841,0.12148944224192591
170.10000000000002,0.018447173309817433,0.10276185967526964,0.1661850778952912,0.08030865673681072,0.13053269717043392
170.15,0.017568674143280498,0.09790128016481212,0.16946125839346854,0.08569818314592312,0.13151276900222747
170.20000000000002,0.008227366086310056,0.0899734034211594,0.1687642941135433,0.08200500825223553,0.1348656658619884
170.25,0.008131687155044153,0.08132454235373625,0.1665683709867087,0.08415431761907283,0.13561463105238358
170.3,0.006141540700174551,0.07261664065409595,0.1663505805832267,0.0789644917518088,0.13441472066204047
170.35000000000002,0.014214439323319606,0.07447009706555827,0.1674062014764221,0.08248274365811761,0.12941522855140758
170.4,0.014602301879435856,0.06904450671376336,0.1662792891442708,0.08204247511612273,0.14254273407343487
170.45000000000002,0.017367888411773256,0.06006994400734144,0.16324776027518711,0.0732392628216139,0.13431508115762408
170.5,0.022319727770716186,0.05998620660848216,0.16614744811695004,0.07360167570997733,0.1348005082256862
170.55,0.03311699116287924,0.05770747285095261,0.1582857793407987,0.07996475670749432,0.13177441057538983
170.60000000000002,0.04219412316477577,0.051249855443033725,0.16023670959297842,0.07696110385391396,0.12905725926669184
170.65,0.04258651147971884,0.05035783468994529,0.1586929072193419,0.07568518496616351,0.13922694405081626
170.70000000000002,0.05154666367570985,0.05387676802899394,0.16343282984008378,0.0799086095200157,0.14170112057316275
170.75,0.058585730623207426,0.057580174257790044,0.16188083052472835,0.07512174710303456,0.13493163079533074
170.8,0.0603805958642292,0.048373589059555966,0.16297542424168984,0.08323841416286511,0.13305023415104766
170.85000000000002,0.06423604474201575,0.04795870510113024,0.16635983264649706,0.08850905588237155,0.14047729491490582
170.9,0.06017580220124872,0.05017074404398473,0.16291300878221546,0.07455249228228798,0.13487349533078943
170.95000000000002,0.0573208283822064,0.042802955505212625,0.16688239120505616,0.08244230669888382,0.13835150905304813
171.0,0.06757491702807351,0.03921273391163314,0.16984567205684967,0.06613068100198886,0.1570530323349504
171.05,0.07222173170725849,0.039193250227538175,0.16437747781383563,0.07195306691678914,0.1598194709355843
171.10000000000002,0.08153896431189306,0.03795642367492832,0.16213969982497844,0.07164718755088528,0.15453430036518986
171.15,0.08769120502674473,0.03689944033881624,0.16495925045203821,0.0741552891034174,0.15926702665402687
171.20000000000002,0.09215150981333785,0.027542214077261408,0.1590537106442794,0.08204682972518793,0.1649554466622337
171.25,0.09570822091121342,0.024236195094875707,0.1566771880590937,0.08235242421693513,0.15864389928691144
171.3,0.09792910245575204,0.017620933045035377,0.15536663839014808,0.07738637532431898,0.15643288694848295
171.35000000000002,0.09680598938128658,0.02314019439854792,0.15713423044782562,0.07488302870715034,0.1512818678978605
171.4,0.09783106819921356,0.01969811443368331,0.15713895141912937,0.0761475770175367,0.15059438168363368
171.45000000000002,0.10624572439803033,0.018009733508270048,0.15530671042426178,0.07613718679630038,0.16347047845328477
171.5,0.11154178215365074,0.015282481742307952,0.1580923410720204,0.08217785327486654,0.15496891192860474
171.55,0.1169297375919598,0.012075539255824245,0.15587299056334478,0.07224320208588689,0.1556748228624178
171.60000000000002,0.12179726510126027,0.011334167672581786,0.15576886447727914,0.06754636342273496,0.16261164283543245
171.65,0.1285427989877047,0.015739226194384216,0.15897831153569822,0.07546668960285018,0.15340206564304995
171.70000000000002,0.13029795163311964,0.011592864244733941,0.1581790660503662,0.07779028749993548,0.1557269526385117
171.75,0.1390119517990018,0.016245821085317018,0.1562068933956647,0.07425064763896429,0.14579927925406289
171.8,0.14470861363158752,0.01869530815531701,0.15427893365248435,0.07893264164411751,0.1415045161324721
171.85000000000002,0.14553933383319564,0.02253500333236725,0.15353459564261765,0.07833759655193721,0.14486530831940106
171.9,0.14728937550187066,0.017859367993677683,0.15887312713679108,0.08069739063590102,0.14733552092832966
171.95000000000002,0.1478888958766004,0.024401129847225634,0.15970931825040746,0.08287883346891861,0.1520683029438023
172.0,0.1497745414380743,0.027070490829588893,0.1507914219388273,0.07805027501080673,0.15302907838729407
172.05,0.1571816547921729,0.020916084652514287,0.14448174001612799,0.0684185094601866,0.15702848042342848
172.10000000000002,0.15422794047240534,0.03340874743563313,0.15233527098127309,0.06621547105537443,0.15801729882913573
172.15,0.15641768802352216,0.02897318109799376,0.14436741441134676,0.06574315324377218,0.1668937864145876
172.20000000000002,0.1660340845873416,0.02539352248006912,0.14489018992945138,0.07115307888489267,0.16346375438772504
172.25,0.16788396466533786,0.0229997334008088,0.13722805280069117,0.07407659119529217,0.1545747596568833
172.3,0.16717965571736754,0.024814273999861164,0.14097835395194033,0.07420353158152247,0.14831314288475084
172.35000000000002,0.1611841311708995,0.025995266413089198,0.14388949885677174,0.06650979473652277,0.1363435791623144
172.4,0.16322340852108339,0.021863000621628423,0.14883377425763497,0.06674908685321501,0.13524191756356344
172.45000000000002,0.1689101815582037,0.021092714712556433,0.14575486193737075,0.05878398545499137,0.15166561654623067
172.5,0.16789478988839648,0.023412777166870746,0.13971747474458143,0.057841901750772765,0.15083941430560174
172.55,0.17101644909083666,0.017175146458913496,0.13299565108133676,0.06428742428308785,0.15801495752199232
172.60000000000002,0.17650264424389145,0.022046505059130937,0.13262813809256818,0.060982212633518315,0.155905259565072
172.65,0.18058528033565008,0.02219174950170855,0.1348054076287845,0.05330748597795879,0.15928044243672876
172.70000000000002,0.1857719246010531,0.020606959108365408,0.14363863773618998,0.05202070395853394,0.15022495725348892
172.75,0.18810481907573062,0.02362301574675206,0.15013291101099488,0.0494489456891773,0.14439204564162147
172.8,0.1909264824861393,0.01913898393427119,0.15490923701298315,0.04553815649027907,0.14699765030523598
172.85000000000002,0.19930965757189303,0.012075513272763952,0.1560404219822066,0.042176303908732345,0.15386848313846305
172.9,0.21028043779896682,0.01307536949107417,0.1550370976939391,0.03160483372065382,0.15463151773555242
172.95000000000002,0.2145014820504165,0.010367685349067287,0.15755827489757981,0.032145452536890315,0.15875284648182023
173.0,0.2133943355096468,0.011725078400074345,0.14994809903178996,0.03242150996367098,0.1600059156918382
173.05,0.21048698930593845,0.01586550607860077,0.1479435981393053,0.03604294092973474,0.15396818194147177
173.10000000000002,0.21348756070999458,0.022651794696087618,0.15579118318466958,0.03363954351146028,0.151574820020753
173.15,0.21861653564468916,0.011471113624970181,0.15178784311693583,0.0179979565578493,0.15841110552766266
173.20000000000002,0.22421661958099084,0.015258347003262979,0.15430097656235536,0.019776728152284994,0.1583886328257005
173.25,0.22557361145708812,0.01699697601617397,0.15397693941784238,0.021109440228949745,0.15485960725223197
173.3,0.22113787602591053,0.021770029869751708,0.15899479554211196,0.02813306050901853,0.1533536818350368
173.35000000000002,0.2288569918013551,0.019729149571901323,0.15895984590699663,0.028899043594582754,0.14345110907504185
173.4,0.2290793977528145,0.018656745509108626,0.1539150339605787,0.018250901214046645,0.14290793217825612
173.45000000000002,0.22524377873699578,0.01015375913438369,0.15026487536104147,0.02119556706603793,0.14358755406846854
173.5,0.22950438412807062,0.01766618695012776,0.14688700484030348,0.03175917275740988,0.13975677314672605
173.55,0.2310706778646619,0.024377696021292153,0.15261974953564783,0.03669175330339767,0.13796145279738384
173.60000000000002,0.2330824157809304,0.021190575745049574,0.15261449393428195,0.026220173607549337,0.14275555446915225
173.65,0.2375078472194619,0.017596833264382536,0.14991914748307858,0.0267158926574006,0.1395382867840924
173.70000000000002,0.24321607024417463,0.021485359487330432,0.15840092068302522,0.025067516072107374,0.13834700010616124
173.75,0.2465149490128213,0.02286934451760776,0.1629266284247859,0.027111792383607277,0.13397923176361534
173.8,0.23860214769544882,0.02779927729723157,0.16665864330841262,0.03594224577054108,0.13252587565047433
173.85000000000002,0.2387075204980284,0.03169217319716002,0.17342393339657672,0.0309630532751498,0.12421819764400242
173.9,0.2302167294902878,0.04131089368349477,0.18149915000682512,0.03280915852553659,0.12344658967484397
173.95000000000002,0.2325891860431216,0.04798118677897451,0.18708387493077677,0.022665270227705297,0.12435808005032588
174.0,0.23174231158641725,0.055281056149786255,0.19132124421957158,0.023208902687674962,0.12252051947367015
174.05,0.23784198319804048,0.05901449479336177,0.1912768046059692,0.02201117710818224,0.12772389774965823
174.10000000000002,0.23882055872561198,0.06283325607238463,0.18577505722766993,0.021932673402787598,0.12682513485166597
174.15,0.23835214355875514,0.06257148355166132,0.18704736578472028,0.01916740111038258,0.12943222270312155
174.20000000000002,0.24452824658736058,0.07603486380601249,0.189449441815357,0.01551238888841942,0.13439771115507232
174.25,0.24517674102675246,0.0831871623430895,0.19291211882277237,0.017894104643288722,0.13863751945399957
174.3,0.2474467294415211,0.08183153888291698,0.19703907373655422,0.019370775620422772,0.14307042936191391
174.35000000000002,0.25900984862225424,0.0868694897359868,0.1975694787792083,0.02503851376510533,0.14484716181836077
174.4,0.2650210708565661,0.09296389183657892,0.19729773550077007,0.018294426280481862,0.1479620765935182
174.45000000000002,0.2613390080014661,0.09954009288677909,0.2023617268768645,0.023467136514287446,0.15660808677340257
174.5,0.25826511540831476,0.09857366158707506,0.21228660278174993,0.020296870435027342,0.16179267143252635
174.55,0.24690411997696055,0.10077696738681247,0.20844363589103285,0.025673226827825725,0.15675729426310525
174.60000000000002,0.245988367965545,0.11261356543554225,0.20849473549686717,0.03236933885123372,0.15424358108732797
174.65,0.23503342552886627,0.11564705655415343,0.20253872640283385,0.03757314631388864,0.15568939073768767
174.70000000000002,0.23755255996281835,0.12199770396368313,0.2032207062656391,0.029234119604224888,0.15466364827146517
174.75,0.23577191293416352,0.1293004908613588,0.19973097301469062,0.023638129347025628,0.15276595381288174
174.8,0.23234590680121237,0.1287776688184272,0.19719308956643566,0.02160214378633997,0.15094460219103387
174.85000000000002,0.22462320475545489,0.12560507505637813,0.1989842047665139,0.02263015431901155,0.15467341025189188
174.9,0.22191525746270485,0.1254257233227473,0.20590425945471952,0.028518025314980235,0.17073602085246486
174.95000000000002,0.21795771508871847,0.1307765668804023,0.19912802590797404,0.02628553778029606,0.17012802095476734
175.0,0.21683629297262164,0.13663184960795247,0.19613008842886934,0.030494358151382767,0.17239958952250076
175.05,0.21089740750663719,0.14309492500399482,0.2014461178718047,0.034544795161635965,0.16355069726709495
175.10000000000002,0.2102221095423639,0.13587505964590676,0.20308871460637712,0.030750709373394587,0.1657273622396315
175.15,0.21064906563702687,0.1380632637310165,0.20218164031519764,0.043146416764978594,0.1615761731542252
175.20000000000002,0.21192689327389347,0.14932832418478362,0.20331834280261368,0.042738890779800094,0.15469338909897573
175.25,0.21157256485365322,0.15130061710364467,0.1998960353393481,0.0478841391245614,0.16194042594077868
175.3,0.21929077991627785,0.1567811260523602,0.19353316318901334,0.04764819127553444,0.16259497535132086
175.35000000000002,0.21034180454329673,0.1587914303916143,0.19102285646449577,0.05499791938224626,0.16503292519337284
175.4,0.21055366482891852,0.16367346639384198,0.1921149953378644,0.046095562810659844,0.16509657691236962
175.45000000000002,0.2081542077851107,0.1615991239162512,0.18124856185579427,0.049993918965406094,0.1628174086100714
175.5,0.20705438642440777,0.15937387405233525,0.18043454836277142,0.043597424509233096,0.16452229994858383
175.55,0.19998616922410467,0.16042290823882913,0.16887994413137136,0.03778770114400233,0.1548144854162171
175.60000000000002,0.19847123542940046,0.15384416746228333,0.1618279864381684,0.03250949527143889,0.16317108220524715
175.65,0.18873552382919326,0.1536103983303007,0.15315993702401545,0.030511076340860345,0.16052332324762708
175.70000000000002,0.17825952511080576,0.1579901674217487,0.1422213102171677,0.03249039898916626,0.16977927127288306
175.75,0.1693295047566104,0.15636031340180123,0.13898858254210225,0.02951719974178166,0.17366846736767957
175.8,0.1606163303930251,0.15248766641968967,0.12917569668847886,0.02538461901473839,0.18337534390751892
175.85000000000002,0.1530950000717653,0.15001371154563595,0.12497762303214442,0.025176427777912,0.19196715881765591
175.9,0.1559650723338568,0.15380255869732173,0.12517213408467487,0.025135151517818075,0.18985899686515847
175.95000000000002,0.14540639694552968,0.15006329635245386,0.12812899464619726,0.029541218357543374,0.1897974891146577
176.0,0.14297951872782733,0.1515008636610449,0.12046309712503529,0.028797431211023152,0.17604519216491196
176.05,0.13623836908137685,0.16021086965614403,0.10826920807905523,0.028083673631755037,0.1825000054509442
176.10000000000002,0.13690221741649913,0.16878136281421652,0.10149442050316974,0.03629730622984913,0.1917347810677929
176.15,0.12399443830242411,0.16469836534701637,0.09697673668676421,0.039990520282124395,0.19974146200406553
176.20000000000002,0.12188138129982912,0.1692999528342285,0.10049428510096821,0.05217133833755959,0.2121346669681871
176.25,0.11490996396082147,0.1720771916475766,0.09908973238340324,0.05989562160862716,0.20915433841974881
176.3,0.10545314806037841,0.1714164081526123,0.0999091532108827,0.07395202951148845,0.20466099975525537
176.35000000000002,0.09437485222282224,0.17208003851143075,0.09133958748451734,0.06466124328046961,0.19871660953403847
176.4,0.08923803175558336,0.17757785293722206,0.08294014263165048,0.06466281049077284,0.20281055860306613
176.45000000000002,0.08590421794523813,0.17654942853092861,0.07144066159696968,0.07756764120282535,0.20792305300813702
176.5,0.0776853682179804,0.183411706604369,0.07020565056884365,0.08031752139511603,0.21827652558937952
176.55,0.07283786450867337,0.17645694718748375,0.07258390839700185,0.08338696836528026,0.2152174038244761
176.60000000000002,0.07489261102674855,0.17586143673961513,0.0567953552612197,0.08732577967601797,0.21311222043099465
176.65,0.07577040925198626,0.17465849425006746,0.053969764786998414,0.0848967534642275,0.22222389525724842
176.70000000000002,0.08353450198238818,0.17473260656829623,0.05193315643575851,0.0897909715603789,0.2307408096709391
176.75,0.08452026322305961,0.16917760483000216,0.05312520156077235,0.0859561741201287,0.2337113103019829
176.8,0.08148003623931806,0.1777386391892351,0.048601450764240016,0.08559377022367617,0.23082891730034832
176.85000000000002,0.07843123922652402,0.16762826621852178,0.037978570314877974,0.09768568945698831,0.23282533288404067
176.9,0.07620327827402097,0.17482176534044822,0.0344955024172171,0.089609115172131,0.2371099785824935
176.95000000000002,0.07473201494017011,0.17642540390584935,0.03352214915301057,0.10137722159654845,0.2438339604340764
177.0,0.07611066416590191,0.17036027466813453,0.03274597741277927,0.09463332926623112,0.2449252515316879
177.05,0.0776195401411434,0.1719304194969548,0.03762106253327237,0.09540761461101721,0.24597029981626573
177.10000000000002,0.0840249303033617,0.16606497589088762,0.035305028774384455,0.09961151288069364,0.24149344957758312
177.15,0.08732032925078807,0.17348368445731194,0.03614140507537981,0.10565841122916175,0.24321294325078902
177.20000000000002,0.08700939212448776,0.17856377741154625,0.046178544999012576,0.09529782055229626,0.2466327793806905
177.25,0.09569097120317353,0.17859816958634556,0.053259252854755766,0.09620114070285371,0.24782635762358116
177.3,0.09716096086549249,0.17239640859983668,0.06008517847732014,0.09683067054442453,0.25193065871704406
177.35000000000002,0.09853760933248713,0.16726173973401853,0.07005912935779471,0.10907430370557084,0.25670264226573347
177.4,0.09821299578607058,0.16932071328296183,0.080925910473128,0.10637557180628711,0.27080268153193493
177.45000000000002,0.10334149255202688,0.1626036387240559,0.08688545392790796,0.10346031861820666,0.2755603701353862
177.5,0.11782864462872301,0.15649012139209525,0.09302520721410427,0.09977469180239747,0.27531593240747726
177.55,0.1236235562018163,0.15438020207371211,0.0997989198070527,0.09390007722353824,0.27670441005574237
177.60000000000002,0.12607806293367782,0.1561670517105771,0.1082179387508746,0.09425380538368347,0.2766730787505625
177.65,0.12978074382141433,0.14914492120480968,0.11404359952570639,0.0983385141615998,0.2710959612794116
177.70000000000002,0.13505808148179307,0.14775416090263385,0.12185318637744845,0.09988301492335692,0.269956955775101
177.75,0.1428327286249656,0.15105276976685136,0.11931801020139231,0.10009345492800702,0.2810120695630747
177.8,0.1503666837238798,0.1467047682441528,0.13132343676260747,0.11085163140671907,0.2908978359526758
177.85000000000002,0.16096187728912528,0.15155962177977653,0.13394855057843566,0.11185377550713176,0.2975181452750201
177.9,0.1706724577846056,0.1569806566341301,0.14142414579195414,0.12404995739801195,0.2944911916424505
177.95000000000002,0.17487100341472978,0.15828388435557472,0.14992643543889328,0.1218522339219254,0.2909284156226325
178.0,0.17543430024608472,0.1539455797084401,0.15162204609102495,0.11894452304781901,0.29759813078431296
178.05,0.186643130210677,0.1625469361909316,0.15548746039290834,0.12237619941505933,0.297521280538284
178.10000000000002,0.1962283112224793,0.1566463802331443,0.17066217342805196,0.13023693282925974,0.30046305781949817
178.15,0.20165085839573993,0.16228187014685572,0.18055001201451754,0.12061520541544467,0.30574499924943155
178.20000000000002,0.20819388867934288,0.1566991636326205,0.18786886566305377,0.12755977481433994,0.31120793779645717
178.25,0.21669212405525026,0.15860631372088832,0.19543225002888515,0.1318957220353268,0.3175829678844751
178.3,0.2225528516053068,0.15751360838854372,0.21103557643800355,0.13763183397964124,0.3250140278600472
178.35000000000002,0.22531038125888747,0.1637146379416814,0.21763679953764659,0.1288441504338483,0.3272736236470476
178.4,0.23002996826598945,0.15774313211675706,0.2270165324639347,0.13655689904603316,0.3251750071924878
178.45000000000002,0.23555972338199196,0.16474767902991516,0.2268331097144394,0.14333840907519288,0.3334138350843343
178.5,0.2391271307910167,0.15947366922386014,0.23303242029308466,0.1471814268143593,0.32972822352719766
178.55,0.24350934435960983,0.1665895624049975,0.2378860618445605,0.14108051149141565,0.3416602657018644
178.60000000000002,0.24301398081318282,0.16901756452026717,0.24664134807467464,0.1441377068569377,0.33792172625182115
178.65,0.2494970884057262,0.16669916447190597,0.25432234882194016,0.15095895279953717,0.34446744271172713
178.70000000000002,0.25777726128595163,0.16739074548353952,0.2640467668084792,0.15396299852162393,0.35244324434574337
178.75,0.257149851216952,0.17636991455467094,0.27114676999527204,0.15878159916218468,0.35297427291433436
178.8,0.2619055081114,0.1663379501156368,0.2838384815680536,0.1686582316705111,0.36331079666770605
178.85000000000002,0.2665149460360233,0.17227177358531587,0.2918903940767852,0.17113649379371418,0.3651323565417813
178.9,0.2704466235294296,0.17733288638589834,0.304242716821163,0.17611788228338665,0.377538707500965
178.95000000000002,0.2771137305955215,0.18055422427917184,0.30345145255967987,0.18107090413339802,0.3776950508920938
179.0,0.27575542829970473,0.18097411833125704,0.31114990149326954,0.1850930376444782,0.3814849014960219
179.05,0.28090464237729673,0.18572710187739763,0.31183275571039576,0.19520757398897282,0.3924838017057694
179.10000000000002,0.28482938260362023,0.19454867502701162,0.32626711219511456,0.19666890253548167,0.3993580191866301
179.15,0.28906908076225546,0.20070993039238347,0.3317100672742654,0.20649769228799006,0.40946204185086454
179.20000000000002,0.2930314020196355,0.2053106794741702,0.3425743207746431,0.20687608966090928,0.4181459830609825
179.25,0.2929962611135511,0.20892008959761316,0.3452813847317705,0.21760616119865114,0.4235870456564529
179.3,0.2957156079849751,0.2159346527145954,0.3558578660050771,0.22084538254121247,0.4293130239115307
179.35000000000002,0.3036851187283855,0.22892007289868146,0.361459186801549,0.2222580387784448,0.43552355318608216
179.4,0.30423835591672077,0.22928630928896301,0.3614458986733819,0.22609386502298937,0.43642901591065497
179.45000000000002,0.300208674102606,0.23287446814334925,0.3622492467021323,0.23017145405709613,0.4444075813157402
179.5,0.3104853797018754,0.24125567580767657,0.3585622926818037,0.22325702807302264,0.4529115519533173
179.55,0.3017131497888446,0.23679988444575525,0.3553755273129467,0.22608980343762095,0.4515944038389669
179.60000000000002,0.2996019682345747,0.2433118554010722,0.35150038209858586,0.22725729548293297,0.45320077765797206
179.65,0.3021119121351444,0.2548109431152354,0.3500715852670417,0.22130735915137903,0.4448191913839212
179.70000000000002,0.29777764504122234,0.260569768607041,0.3498241295111206,0.22905833458395905,0.4459814488854096
179.75,0.3061886714419497,0.2583937231938697,0.3526009027581876,0.22344735909723432,0.45041660339292405
179.8,0.3097221261710024,0.27217590974751515,0.3561937810419428,0.21933016965661065,0.43900289900880457
179.85000000000002,0.30818946056298696,0.273756302198017,0.35468211031800134,0.2284978811430538,0.4426485791845932
179.9,0.31387715089973417,0.27757496330239095,0.35259131479925804,0.23124435931290221,0.4497156410699166
179.95000000000002,0.3151023722861933,0.2783818598038762,0.3532188835903353,0.22178477468425248,0.43872171966518586
180.0,0.3102924905786414,0.2862452386238464,0.35414692301472245,0.23144783550214895,0.4418273647927378
180.05,0.3062522977193677,0.2799403593163211,0.34722446112896194,0.2332724450083963,0.4412596103986395
180.10000000000002,0.30200529860940634,0.2786222519249867,0.35153799051901086,0.23128890273200967,0.43791510009266676
180.15,0.305952632665794,0.27963899929095637,0.35164702916477353,0.2357878032476609,0.4380987732605874
180.20000000000002,0.29648647047175514,0.28986188819896985,0.34551638442857424,0.23488215780251062,0.44772280430241085
180.25,0.2896456113902387,0.286065597277641,0.3464557061613218,0.23069190634974338,0.4503987313572944
180.3,0.2892251865442532,0.28148187088125837,0.3381154223192971,0.23546013358570828,0.4610782565669745
180.35000000000002,0.2775257669931695,0.28444610792798947,0.33490632489582844,0.2488132577479327,0.45538408557415777
180.4,0.2762684319940868,0.28683596053614,0.33207885491743433,0.24507406435219461,0.4544614335338138
180.45000000000002,0.2738666073645434,0.2896510647467087,0.3374608297417437,0.24646016053453565,0.45657578353267575
180.5,0.27320393633231393,0.2885434776811505,0.33564054887314626,0.2453114067959414,0.4689465776306753
180.55,0.2717710061809753,0.29435838369489287,0.3322181820466021,0.24964874113292299,0.48549745367935476
180.60000000000002,0.2692035757023356,0.3047689337858388,0.3310120033219354,0.2556780066335471,0.4868364230452031
180.65,0.2654615891942595,0.30638291597691303,0.32848594188672586,0.2558394735470286,0.4937783871647357
180.70000000000002,0.2589561111963131,0.30389038481101377,0.32520266190999353,0.25771408564604414,0.488386934035052
180.75,0.2582248509974324,0.3101241983928346,0.3200997124139089,0.26231487874120313,0.4925661729167916
180.8,0.2559520068406434,0.3080114831786037,0.3098655730408541,0.25978300437813046,0.48373240207319534
180.85000000000002,0.25201116251575184,0.31089236478200416,0.2981810108023517,0.2595200335246026,0.48450835940636755
180.9,0.24205793823152913,0.3165757994922237,0.28715802052008993,0.25441192620006386,0.48959057561065106
180.95000000000002,0.24080958279237683,0.3192111525469813,0.2858005999724923,0.2543631505453692,0.4770242781017784
181.0,0.2295571663833626,0.3226617915624028,0.27947437062499364,0.2622407144208352,0.4873750833568413
181.05,0.22673995013935197,0.3264328544821561,0.2738793646557624,0.26395917823389314,0.49180006507226215
181.10000000000002,0.22062095134825882,0.333436824636902,0.2619508334143154,0.26694873906012107,0.48661750887469785
181.15,0.21583881280071118,0.32688995876127486,0.2588168851821587,0.2661706577286091,0.4972808684169101
181.20000000000002,0.21252854859954307,0.3312664671956244,0.2540635729362099,0.25863876083608955,0.4955384541625956
181.25,0.20759044852088568,0.33698299185304986,0.251511771472604,0.2601962809739311,0.502737925838434
181.3,0.20561408071308496,0.3388956235094234,0.24678835895052315,0.26785375709678144,0.512368634542207
181.35000000000002,0.2022435977855162,0.34255689243507176,0.24028918563802332,0.2695317267670658,0.5131208314058175
181.4,0.19596866736829824,0.34434133036213727,0.23694529232049824,0.27117603904203197,0.5141571249236282
181.45000000000002,0.18911888965695162,0.35130920034497615,0.23506636613388068,0.26294047050385766,0.5159725565934454
181.5,0.17572896111588038,0.35245020903164964,0.2216174039822514,0.28394381447391476,0.5266819753095436
181.55,0.1728974198046188,0.34896560572132457,0.221488310943061,0.27642441427767467,0.5290802364292132
181.60000000000002,0.16916307858660187,0.34668150904737,0.21359447168058143,0.27608422551876993,0.5323460031716167
181.65,0.16475299130464285,0.35207971515982334,0.20546947829371917,0.27737660555793076,0.5322916475803879
181.70000000000002,0.1590083815520646,0.35559638158070656,0.19594171707528457,0.2822676369651316,0.5347251026466728
181.75,0.15339167597552367,0.3594786856332031,0.18430960226739326,0.28061027440842784,0.5330545056701868
181.8,0.1437966031869863,0.35639298450203255,0.17296880434117767,0.2845065373738714,0.5211604572263955
181.85000000000002,0.13943794735653128,0.35424969454403316,0.16239167622605377,0.29361602109953755,0.5252971797365432
181.9,0.13555308976579655,0.35549838946762474,0.1473418710960938,0.2913073521583798,0.5186155764291721
181.95000000000002,0.1354836540978345,0.35606616378081535,0.1406489430208009,0.29542014685292867,0.5126837331846895
182.0,0.13314435239787523,0.35404876234120536,0.13103265629338906,0.2909443876505498,0.5119121175721374
182.05,0.13274230168873452,0.3505019698418952,0.11965416733739866,0.29043089552290424,0.5078131632699655
182.10000000000002,0.13561476734040676,0.35062995884817616,0.11139613405623353,0.29051991632224433,0.5044365045460741
182.15,0.13930639236551967,0.3436401923314258,0.10500661405282093,0.2787001926505873,0.5095319622262968
182.20000000000002,0.13056961124224356,0.3445729813098883,0.10714986385482793,0.279044740010414,0.5082959639039873
182.25,0.1266304692267609,0.3388716846504823,0.10565661435760407,0.2823833706491189,0.5055610366157399
182.3,0.12152821841042784,0.3459432895346575,0.10454663578221823,0.2852573377626569,0.5050993469329011
182.35000000000002,0.11991876236072092,0.3425217070340148,0.1075689846373775,0.2878598109628902,0.5072291100269437
182.4,0.11696680722299341,0.34182049889159605,0.0943334814637688,0.27347353166837624,0.5095442338336497
182.45000000000002,0.11171238962298481,0.3356505499657086,0.09665470596139188,0.27644682226079204,0.5076907627827607
182.5,0.10641024876217377,0.33309615800174697,0.09082078142603323,0.2750059247152918,0.5029424134944283
182.55,0.11211958461061981,0.332598301585788,0.09752914081076956,0.2767709534892055,0.4997981008439065
182.60000000000002,0.10917587198377202,0.3242281137588039,0.09969371896237886,0.27722666384541095,0.5028439226447218
182.65,0.10827869913926057,0.32855900236692914,0.10324363543572654,0.27409937056582445,0.5031261799706043
182.70000000000002,0.11144294400462222,0.32235885970762695,0.10776463780976152,0.2653320000463234,0.4980840787838912
182.75,0.115103444013287,0.3202908396984025,0.10574300489079155,0.27377717833907345,0.497936594015604
182.8,0.12329591256606273,0.3161169378028288,0.11216882940187316,0.26720736962506136,0.5030393360708437
182.85000000000002,0.13469669929841926,0.30950496396184274,0.11848722614138767,0.2570778771919943,0.4925302893695438
182.9,0.1326119958830102,0.30477747823756673,0.1284488429076673,0.25398946675725764,0.4893451293342439
182.95000000000002,0.14110257692704387,0.3143935899313282,0.14009039272738788,0.2498767565156281,0.49692431399625187
183.0,0.1502708396999475,0.3102991052306878,0.1482984714115944,0.251583111554634,0.4913406022625368
183.05,0.1584533124555871,0.30969337851560735,0.15972057006024123,0.2615979440958411,0.49433979648699156
183.10000000000002,0.1640587413154209,0.312788287887997,0.16707601762920013,0.26809739525356224,0.496069892287841
183.15,0.16753449724008992,0.30687865657490543,0.17403785415397963,0.269245634766211,0.48174994982204344
183.20000000000002,0.17070685399467891,0.31698017427012815,0.18484041750231542,0.2673965759874792,0.47945320485787934
183.25,0.1771163199062702,0.3144687071791697,0.19210317758395212,0.2662510470291937,0.4839150177800981
183.3,0.17453040073956236,0.3162161720760967,0.20344033711563228,0.26140818934577437,0.4711426631936434
183.35000000000002,0.17966008373331832,0.3122917403798693,0.2126805052497968,0.2517586550734429,0.4617225014621414
183.4,0.18568971025551828,0.3174824935765192,0.22193875853716305,0.26250880956578143,0.45779138488990295
183.45000000000002,0.18763177308924625,0.3149007293452743,0.22894828660760405,0.2612340112359564,0.45493621261759165
183.5,0.1965898677171826,0.30785704821946935,0.23371541966196951,0.26215263988640813,0.46005093492444016
183.55,0.19886099499053575,0.30339797292662674,0.24081781088823456,0.2543471195313767,0.44492587698339936
183.60000000000002,0.2028831430471607,0.30083820922424737,0.24442756935692822,0.25862885611203384,0.44759683142762796
183.65,0.2001885243808318,0.3054465398048641,0.24683569236391226,0.25660590618273726,0.4497730513071725
183.70000000000002,0.2121230115361539,0.3059779764897076,0.2543953137339722,0.25757493983437346,0.4390932579742205
183.75,0.2236837953223349,0.30028247798112956,0.2577140197937803,0.26002725553226125,0.426126064319454
183.8,0.22397689537468837,0.30268172867774884,0.26135591504857364,0.2552428845196105,0.4216722109664589
183.85000000000002,0.2267006044053536,0.2938815659261573,0.26550901297654816,0.25287615229369137,0.41266641401721704
183.9,0.2227746262677089,0.28735273527335947,0.2733234533717224,0.25229731834540464,0.40421924046306085
183.95000000000002,0.2197124881192323,0.2946215490287415,0.278924588871452,0.24883552995855132,0.4064762288922862
184.0,0.23364197731697842,0.29805531078696235,0.2778861696355083,0.24803417970235225,0.3940868937561361
184.05,0.24647767561000464,0.3032145414080119,0.2805048407449046,0.24553437214746812,0.3849878139482856
184.10000000000002,0.2526777994712613,0.2978254953257862,0.2917727128514338,0.2538692799126001,0.38212925255080105
184.15,0.24740352785664674,0.2986255350669198,0.30215317237025807,0.2588993597281695,0.37612710183741116
184.20000000000002,0.25461581978168896,0.29235787326004214,0.30734311750562093,0.2527603960132784,0.36891450277310317
184.25,0.25926069963082626,0.29612531394798886,0.320329249770576,0.254794041338323,0.37211309239688467
184.3,0.2644280462085523,0.2982663700362075,0.32786944144378855,0.2654149588795251,0.36219217943716037
184.35000000000002,0.2641160308869161,0.30398461718710723,0.32596769314735125,0.2616606943845996,0.364376189872863
184.4,0.26531317633857,0.29918488639752033,0.32116891917680424,0.25524977170101226,0.3508488209016101
184.45000000000002,0.2739042358600388,0.2932016720214463,0.3267914389222653,0.23497827682853892,0.3430941787941384
184.5,0.28043666846406035,0.28655241681875,0.3369502489951154,0.24107410629077158,0.34203904694039117
184.55,0.28329919658839275,0.29052690203363046,0.3438771706621322,0.2485753888725606,0.3393457187591953
184.60000000000002,0.29237518595875,0.2866217665369371,0.34120351688259853,0.244825890111722,0.3374026040148373
184.65,0.286966706201213,0.2927970847147885,0.34168102715989734,0.23970646644322435,0.3359175148720185
184.70000000000002,0.2860513701259501,0.29033194142990576,0.3419204643141329,0.23934906431933844,0.33353175172744914
184.75,0.29202831744740465,0.29223398243871657,0.3399655486900385,0.24023508333068133,0.32878163826193496
184.8,0.3019733239325356,0.2897836407551658,0.3447711459006541,0.2372650547621223,0.31774821522473934
184.85000000000002,0.29511561686384136,0.29561745823811836,0.3485759555218525,0.2415956795950603,0.30619327963667303
184.9,0.29691453158160924,0.2942331724112765,0.35445457809544734,0.24803821257449585,0.30871486000621906
184.95000000000002,0.2989331473131248,0.28741489354614286,0.35647380133001266,0.24746473831495633,0.314247841763597
185.0,0.29810189702285245,0.2955669317228253,0.35313669445830054,0.2477667917719137,0.3137267679007186
185.05,0.2915584836444358,0.30002485603801593,0.34915541936343614,0.2495759301724221,0.29800367888766377
185.10000000000002,0.2956597900645062,0.2986852438961407,0.346698693155387,0.2561460139986216,0.29716892462808114
185.15,0.2941398668177566,0.2988333894999291,0.34770855020153274,0.2569764812112706,0.29366215316889055
185.20000000000002,0.2995765766651467,0.2947023362409541,0.34599474841847355,0.250304862090504,0.28909642769778343
185.25,0.30006548137799915,0.2975270813994523,0.3441317746936436,0.25182575691769193,0.2809554101518264
185.3,0.3067276170990542,0.2917157932101586,0.34634559032140977,0.25156706081519303,0.2721563483102704
185.35000000000002,0.3100950378614008,0.28797775639870654,0.34563196891432874,0.2483558632517811,0.26871570662475924
185.4,0.3080530603412971,0.2884770889222542,0.3485523400621202,0.2514552877940845,0.26606518442282834
185.45000000000002,0.30589823270569183,0.2933893079553125,0.3462933762048123,0.2579681764659115,0.2651791302230036
185.5,0.30294429773793957,0.2896842643004009,0.3491549105380397,0.25349197499933085,0.2549347794700112
185.55,0.303629951354714,0.2875541368189968,0.34425285525006805,0.25524790664877683,0.2593776595546264
185.60000000000002,0.31025734493100454,0.28158222333372335,0.33958671969947213,0.2500883318240475,0.2569956835210502
185.65,0.3062631970528952,0.28222321508762066,0.3381862792409512,0.2446881382288306,0.24434430810129504
185.70000000000002,0.3094499615422077,0.2815522788403451,0.32347132710837384,0.24089951266145068,0.23958578045028614
185.75,0.31270683809858346,0.27218761593299495,0.3180045447665573,0.23603037672847632,0.23178552640466538
185.8,0.3133715347373774,0.27002132460323436,0.3124342250555728,0.2399457533956996,0.21959205869416262
185.85000000000002,0.30469075403914136,0.2662142221562195,0.3133452614544182,0.230362577630534,0.20982802759834937
185.9,0.30336424047640004,0.260745240473738,0.3067051035219292,0.23455490387623906,0.21344594627789673
185.95000000000002,0.3032390602439222,0.26488967855674206,0.2966236579850813,0.23090816583890098,0.20610123542145664
186.0,0.30081175757548123,0.25646084028048777,0.2906842772676392,0.22169169654095386,0.20395061189427655
186.05,0.30304968291106715,0.24749132094994916,0.28418406540461044,0.22294037446006165,0.20110395171648296
186.10000000000002,0.3084468555157123,0.2472487317242181,0.27807524985162607,0.21342626606517726,0.20094624640140638
186.15,0.30279749611342816,0.2407034406824891,0.274921277315155,0.21320104453397956,0.20199442664078568
186.20000000000002,0.2980224165197242,0.23941161365659688,0.269336028890622,0.20105339206543116,0.18828125322477476
186.25,0.2964391176573149,0.23733896664203782,0.2610448142253591,0.19906695208945382,0.1915020409305255
186.3,0.2830865887067178,0.22912639816691002,0.26481452021206636,0.2006973899286045,0.1890363641393011
186.35000000000002,0.278916794236345,0.22649994381877614,0.25922522536768905,0.20059514820509533,0.19058121105213832
186.4,0.27533219806127524,0.21791620624659264,0.2517006446525785,0.2026092474398526,0.18234750471586653
186.45000000000002,0.26168331127103805,0.22251817694873305,0.244896375146426,0.20421600744008112,0.1763124288165817
186.5,0.2574359819950234,0.2232795383391292,0.24359335917034897,0.20118206336717673,0.16998338688370931
186.55,0.25365838828434467,0.22291806512211382,0.23735320365317308,0.201064918230237,0.16201315210655345
186.60000000000002,0.257368208133752,0.21569314888021324,0.23593378699633033,0.20637543145154866,0.16409752984335732
186.65,0.26026377534447953,0.21439040397686523,0.22939847034868038,0.19940695051903437,0.16196584468511765
186.70000000000002,0.24823620553333722,0.21783914618359596,0.21143417139389492,0.1975577989510446,0.15739282166269536
186.75,0.2420095253316849,0.2155242471002651,0.19659992594511386,0.1924872409568859,0.14402833812160515
186.8,0.24434925170896435,0.21095189697525632,0.1868352231250943,0.18495825765700175,0.13596842463669273
186.85000000000002,0.23876304446370056,0.2016343926389741,0.18366475340467117,0.17987663682532706,0.12290085324543665
186.9,0.23133627028484,0.19288102857761824,0.18028466690931472,0.17878924064834356,0.1172251861682886
186.95000000000002,0.22014887274136824,0.19004627510253327,0.1724678024657074,0.18396582776796283,0.11380423098063523
187.0,0.2222740432403448,0.19067914958585946,0.163282415860573,0.17885635822265655,0.1111582056256112
187.05,0.22209010274986735,0.18316786053185166,0.16642024503562805,0.1839908400981749,0.10500530684022429
187.10000000000002,0.2189194612781559,0.18547911861048916,0.1574978786229797,0.1870550586561511,0.10903413585720895
187.15,0.20612575464120397,0.1844750044291886,0.14980860986656183,0.1786052316865043,0.11328704576570388
187.20000000000002,0.20278755005102095,0.18098046189268926,0.15169696231895144,0.1844762545576252,0.10385391656629826
187.25,0.2002700642838747,0.18842093359448192,0.14011002896780184,0.1892162475819695,0.1007697631327852
187.3,0.20629593841096358,0.18200135044032167,0.1324707524292633,0.1977499264938051,0.09739686528327646
187.35000000000002,0.19576917189207602,0.17831636955518684,0.12288974290613978,0.19933432021272102,0.10087488139574285
187.4,0.19248790829043066,0.17276853254957383,0.12435743564521683,0.18876250633212938,0.0943207889829626
187.45000000000002,0.19238775805536212,0.16622923865767208,0.1081968863171666,0.18632523556114752,0.09902619424905432
187.5,0.19234260057305397,0.1710238162452494,0.09716479929766597,0.19641557131355206,0.08494150736407076
187.55,0.18785028126495606,0.16943974462831393,0.0909325910909153,0.19179688691592803,0.06992148446213946
187.60000000000002,0.18559659819196228,0.16159605066084473,0.09054425960465202,0.18635286918160632,0.05729357400441226
187.65,0.1751143159398479,0.17006614153925886,0.07373163831298542,0.19500233875174616,0.06069705653843679
187.70000000000002,0.17695061553642558,0.1717797529583183,0.06197954348060191,0.1937235270142827,0.05545758090700314
187.75,0.17811492283997862,0.16488287254859707,0.05060926787234325,0.19676041083666915,0.046017795268814256
187.8,0.17495980594074353,0.15399897445254448,0.04983763227680139,0.20823797841068217,0.035219648877707184
187.85000000000002,0.17250806460748164,0.15037409426778686,0.044039302680662355,0.20546838800489114,0.0371280515956326
187.9,0.16431500094366625,0.14037319105266316,0.031973101240875504,0.20176883731225442,0.041542865751936275
187.95000000000002,0.16263858047987073,0.1377619512046516,0.02623621151165183,0.20104568229740655,0.02497055743153113
188.0,0.1554175780355343,0.13759666451374952,0.031216032087614736,0.20124803471950287,0.021082241784965285
188.05,0.14972243603825044,0.1308591339753495,0.02356516082360768,0.1975122550444934,0.021403323216489384
188.10000000000002,0.1448454417326116,0.13184037269359264,0.02615330193470871,0.19585990732345238,0.029968226469758805
188.15,0.13965171720624486,0.12756656762914576,0.033580626855327665,0.19938880728485214,0.04093970699233967
188.20000000000002,0.13700240572532765,0.13058947048810812,0.04032778787275726,0.1929309683434942,0.04801526601538641
188.25,0.1295491870383293,0.12936796123463465,0.04259182186627838,0.18958760253991963,0.05233707063225236
188.3,0.11982054763365656,0.1349215135017871,0.03979106869977037,0.19000173350865696,0.05052977860516638
188.35000000000002,0.11451616141782166,0.12844286730414967,0.04608276639005291,0.18351820926214374,0.05493284071758992
188.4,0.12219385292456461,0.1271443748871122,0.05254459374530609,0.18329114815393327,0.05051459029616493
188.45000000000002,0.12308667357880092,0.1333024874419657,0.06398719007597603,0.1843915109601012,0.05111993568547949
188.5,0.1231770923289897,0.12382466742644502,0.06893526648108039,0.17402020635938475,0.046592660318310754
188.55,0.11876760264721407,0.12725879961506895,0.07949967231396071,0.17252251169020297,0.041696836931577885
188.60000000000002,0.11095701034860322,0.12038237994441515,0.08452274975714344,0.1638078885159,0.04588838277055941
188.65,0.11219064973570467,0.11645045100409049,0.08841390806238611,0.1606277271956342,0.04545087361324705
188.70000000000002,0.10818695703406875,0.11550879335419303,0.09676103474000845,0.16015081951330548,0.055238773815778595
188.75,0.10327556518218382,0.11580431214196073,0.1033248980785985,0.1599122801848976,0.0646903590672227
188.8,0.09977470056725651,0.1133892460030573,0.11363980999174432,0.17058029087929583,0.06713135110690993
188.85000000000002,0.0901549124804083,0.10397724207678953,0.12042988799161201,0.17033765394146885,0.06711548072586376
188.9,0.08449568027583182,0.10198074606902637,0.1248077222333127,0.16164256445672537,0.07580946228178476
188.95000000000002,0.08037260552690943,0.09875209702676604,0.13777615848555755,0.1564027736647943,0.0751705516173582
189.0,0.07460392006166652,0.09001735592557758,0.14446849191380376,0.16680054281572018,0.07062127506899334
189.05,0.07154832442079193,0.0892725803770113,0.13947451929102914,0.16312524051537833,0.08465950646469436
189.10000000000002,0.06596880449315942,0.09101247468498204,0.14724606871229362,0.16683700541474053,0.0827492478684801
189.15,0.059411180108813105,0.09146747692039914,0.15325198817099114,0.15951351753069964,0.08834922446810545
189.20000000000002,0.052162774847228276,0.09439544134409283,0.1509976388263116,0.1647436259042182,0.08962646194130046
189.25,0.047296737099461375,0.08952775776960845,0.15435948267213273,0.1546385607206981,0.09579225580062727
189.3,0.044120901478127326,0.08521972464344861,0.15357213532927047,0.167259204371663,0.10249317184163562
189.35000000000002,0.037869441501798995,0.08691393603384061,0.15201755156631983,0.1599733112670646,0.09988396346019576
189.4,0.034422697693947304,0.08717285529140396,0.16179572961440294,0.15191952178863838,0.09950608778362041
189.45000000000002,0.02993392567604165,0.08604487499367353,0.16267692986339727,0.15688310106520317,0.11115432592477476
189.5,0.03076770295254477,0.09275325049327846,0.16235097933499065,0.15502049413308264,0.11512113029579399
189.55,0.030583186988471966,0.08992435762482733,0.1717744994422795,0.14750881271551486,0.1165132673755016
189.60000000000002,0.031494554918817044,0.08649472680062285,0.17367345713120916,0.14092850759799888,0.11372084307557591
189.65,0.028601572042067886,0.09002563299155786,0.17179317840477606,0.13821629931016038,0.12066066552814458
189.70000000000002,0.026002615368390172,0.09264391752156317,0.17590447913626853,0.14430981994226788,0.11443916231890776
189.75,0.02530243147328407,0.09444041942833113,0.17426789729855108,0.13814613416357843,0.115027316219169
189.8,0.0218956607709618,0.102232220550967,0.18056033307409428,0.14628408646232963,0.1152336686374563
189.85000000000002,0.022566551442418384,0.10845803313443811,0.1851766666192251,0.14388626875065405,0.12034315215704904
189.9,0.0200321999366412,0.10922543889486032,0.1852905600941059,0.1494474598128023,0.11635046155514915
189.95000000000002,0.023060480407331677,0.11972923613292999,0.18978728028739708,0.14607050169601168,0.1188008300268846
190.0,0.024478123071955522,0.11784234231188127,0.194771411516012,0.14882220710096508,0.12129802054753108
190.05,0.028489820086318826,0.12383318927796276,0.19088373654311908,0.1564709153476013,0.13168411271938663
190.10000000000002,0.03147971328186055,0.12426678719402813,0.1899363755388459,0.15112285090056443,0.1358334452153429
190.15,0.03552019985845972,0.13006294263237325,0.1876173188525502,0.15380546696605316,0.14090057362596864
190.20000000000002,0.03689115050225089,0.1264735645518924,0.18739339641568842,0.14167304416883603,0.1421626730713547
190.25,0.04594630541745642,0.13554212207970393,0.1937774248792857,0.1392426622660254,0.13769321245623628
190.3,0.047038321680346315,0.131266277609286,0.20047549512193638,0.14096679936650092,0.13941514558145401
190.35000000000002,0.04629071936524741,0.13335215412676873,0.20786312931691436,0.14247998910531331,0.14202786348944513
190.4,0.04344315108707187,0.1314605352457576,0.20069376128556937,0.1394471721629094,0.14718471971022212
190.45000000000002,0.04252384927284383,0.12908137001243195,0.19893216950092163,0.13805143763085306,0.15727690941092856
190.5,0.044038061407441334,0.13571008560286105,0.20873297408611727,0.1361302330319135,0.1574807352020736
190.55,0.05038698407608257,0.13262746539185674,0.2116459927913188,0.14726225806921225,0.1672294767878773
190.60000000000002,0.05621604468077337,0.13582632697088867,0.21849424347726304,0.14793366550098816,0.17362391209060637
190.65,0.057605987016986764,0.13308060760492577,0.21685834589804062,0.1459613147809664,0.18240525875883962
190.70000000000002,0.06130806877882835,0.14033458547120758,0.2200537687529304,0.14795232081113427,0.18695083897759365
190.75,0.06801350962179033,0.14365601662569238,0.22744362956891853,0.13576262092499888,0.18821251951709767
190.8,0.07512788164325085,0.14060906075368723,0.23079422048487122,0.14358383109036055,0.20022135258864512
190.85000000000002,0.07819425291745039,0.1411037206582242,0.22790221040000166,0.14176257491204228,0.21238601928216225
190.9,0.08424792284191633,0.14531862217424132,0.22589693866262398,0.14912456878907107,0.2050872798293553
190.95000000000002,0.08984699361128697,0.15237942616527295,0.2250846228462784,0.14897112789731645,0.2021632257084142
191.0,0.08688498693798108,0.15580795515699983,0.22128985897230416,0.1541732416972949,0.20348782158922765
191.05,0.08588834948006653,0.15169379084535267,0.22049362684120438,0.152038616489066,0.20266446204996802
191.10000000000002,0.0969738305582783,0.1509286129580496,0.21891344625688028,0.1481976499240996,0.20563240080966427
191.15,0.09752562247557496,0.15585836587856436,0.2132117974040331,0.14801484952335786,0.19808947039430588
191.20000000000002,0.09956425523202983,0.1522163543813991,0.20905329958168034,0.14472490532029883,0.20411743920973427
191.25,0.10228996838885626,0.15490625182185896,0.20708537507427746,0.13709984822922042,0.2052348638309073
191.3,0.10243850910732817,0.15195303803246674,0.20383800858913456,0.14462478538778953,0.21641687846455482
191.35000000000002,0.1062643508085193,0.15314526557541944,0.20371797421907287,0.1351824153618438,0.2155721382854402
191.4,0.11012245672297427,0.14893025967511178,0.20219424830231755,0.1329961610452565,0.22160927870646566
191.45000000000002,0.11495085159897937,0.1565811186516803,0.19532901481728662,0.13309700752687284,0.22911162762998882
191.5,0.12464967431890425,0.15859439232237624,0.1874574503445801,0.12845631394318394,0.23189623311928104
191.55,0.13821468742652862,0.14658307650385477,0.18275207181026026,0.1206034350960551,0.23716063704060075
191.60000000000002,0.1399274120546685,0.1502616182069059,0.18183145175206225,0.12418869087703809,0.2439950276898181
191.65,0.13533605233545445,0.14953477654879835,0.18167989268833873,0.1233195242356209,0.23920697079297476
191.70000000000002,0.14689602311217131,0.14616755738309717,0.1765910821653195,0.12367721233481158,0.2274056716849875
191.75,0.15655438255286686,0.13999761563018046,0.162396409310545,0.12336142742334626,0.2183378831852776
191.8,0.15893295040932626,0.13430562869925725,0.15907939091170617,0.12301274569132652,0.224868269639068
191.85000000000002,0.16314825838276967,0.1336891547184139,0.15295976231700523,0.12371978442032262,0.23411392951196267
191.9,0.16787808627796202,0.12715715231918318,0.1471675686815133,0.11697908104790174,0.23277090093574254
191.95000000000002,0.17804030888295094,0.11760389350831095,0.14112167961218763,0.11389903559664188,0.2264658439023294
192.0,0.1809819351046441,0.11468895674757268,0.13953118741458087,0.10568495948273961,0.23518942564513567
192.05,0.19403412573772935,0.10884123783818138,0.14018742259637113,0.10639746223598975,0.23030939823317584
192.10000000000002,0.20071578657538022,0.10861046331354028,0.1360340104887096,0.1067465355527892,0.23457129886523415
192.15,0.21316062336742955,0.10685662090309757,0.1310905983673541,0.10653898163607649,0.2339657702977879
192.20000000000002,0.21193248164164336,0.0989793876105197,0.12561509064345405,0.1125215041822923,0.24265410684222558
192.25,0.21046541405403008,0.09583562916313426,0.12256143061769244,0.11371224210277095,0.24857052567533813
192.3,0.21398318550983336,0.09296909249117302,0.12440600961430169,0.11416118949045383,0.25146635226370995
192.35000000000002,0.22283559316046653,0.08175131595247939,0.12727232148746784,0.11862666446876534,0.2522255005448497
192.4,0.21801680242554405,0.08174131810614288,0.1268019975887281,0.10823100177519707,0.24591492038507845
192.45000000000002,0.22612966062020173,0.08286215234343038,0.13034571337137654,0.12143938404228986,0.24362411792754798
192.5,0.22350742260445497,0.0827634989720546,0.12701824530557362,0.1154271038007596,0.24663278202757716
192.55,0.227622946928383,0.08603827325801602,0.1253542213582087,0.12222383983458841,0.24008870448875586
192.60000000000002,0.22865844237385874,0.08993671127433485,0.11911884404500109,0.12437738212306974,0.23503464207590954
192.65,0.23044152444194851,0.08205795779463373,0.12120512905615816,0.1245737174663377,0.2485196499187182
192.70000000000002,0.2306073529908055,0.07727623672874939,0.12341470116912755,0.12164170375257977,0.249530601000183
192.75,0.24154208017511358,0.07623497013181015,0.12952418872237711,0.12491521084866351,0.25026599771134306
192.8,0.25109848569677884,0.07589739652640085,0.13647775281416988,0.12206723733613827,0.24613789286571458
192.85000000000002,0.25441950552503306,0.07847820041322022,0.13767286104400236,0.11843200103457381,0.24059699744628296
192.9,0.2568909527586528,0.06983655791335001,0.13358006901391706,0.11028999724855716,0.23936854182479797
192.95000000000002,0.26522612831904296,0.06817589278948832,0.13132715062577424,0.10283764028565996,0.23991638048905087
193.0,0.2719206490953225,0.0660112970521424,0.13186938050612093,0.1043668546093195,0.2304188713289425
193.05,0.2710722373540446,0.06521556838034433,0.1364425218128988,0.10234214706489726,0.22162949395841153
193.10000000000002,0.27428307327983953,0.05923319549801083,0.13291839333998587,0.10336702725061464,0.2124908827876441
193.15,0.2803336861622387,0.05500498439786072,0.13122536326080755,0.09847466374724019,0.21838254876821814
193.20000000000002,0.28404182081579693,0.05539964678145509,0.1254970944546732,0.08757445588840224,0.2058631681494706
193.25,0.28073295994436165,0.05843777059872795,0.12799485906385066,0.09735537076634872,0.20764034043567195
193.3,0.279766781980433,0.05171861698191555,0.1203445973846245,0.09570983716390336,0.20882107225234206
193.35000000000002,0.27752965093817894,0.046613099988097546,0.11555038620487292,0.09339839550632173,0.2111697961234434
193.4,0.2763621861101738,0.046459709515167265,0.12141323951220948,0.10463770437666206,0.2059514402603188
193.45000000000002,0.27510528630359926,0.04915987237659278,0.11942483661424311,0.10662518087793556,0.19897765990446573
193.5,0.2816931465764895,0.0444336680311049,0.11939225235255108,0.10468178644386317,0.20445860949143113
193.55,0.28660839981226177,0.04920970916689871,0.12164098330605695,0.11266924105168434,0.19931298765577599
193.60000000000002,0.28330524553059466,0.04798200009884703,0.1283507132997386,0.10716711448196915,0.19482303500686726
193.65,0.28893615548328144,0.0553403055937082,0.12756850417950605,0.10603224647624312,0.18946179625819523
193.70000000000002,0.28572574249884436,0.05253432288695373,0.1333768288740156,0.101815665221201,0.1904040425498096
193.75,0.28800245144744757,0.05830359671388863,0.13752640748786574,0.10589093069885891,0.17546926668354482
193.8,0.28672952600685214,0.054071341519383115,0.13829837187522429,0.10350482418749542,0.1731729961266916
193.85000000000002,0.28480911221054,0.05352600108412139,0.13534134870503708,0.10483297076756648,0.17583694793314747
193.9,0.28500931342666846,0.05318018417446824,0.13454184253667004,0.09537948274796647,0.17979318408630598
193.95000000000002,0.2857900330698042,0.043609220745718776,0.13083105510789889,0.0986741557219602,0.16936543615608396
194.0,0.282819766597643,0.04718789248446915,0.13551730823022495,0.1109149647484343,0.16880362031837282
194.05,0.2843825020933335,0.04602873719000795,0.132041088332152,0.10522157064717517,0.179988572868839
194.10000000000002,0.28936311330721026,0.04007428321923954,0.13235522787479856,0.10264659189770121,0.1829472310410608
194.15,0.281392407275893,0.03456596643485691,0.13614383277858702,0.11153648359252155,0.17855488313856374
194.20000000000002,0.28572444141382086,0.028712147004792108,0.1378826372614083,0.11305354207629187,0.1816247469642515
194.25,0.2780115515804485,0.02019019978420604,0.13068845133632487,0.11820849342668655,0.1777562760983169
194.3,0.27331204524829283,0.01637680487416889,0.1343815074693804,0.1131379074852352,0.17129847196136808
194.35000000000002,0.27138184390415004,0.024155441907778474,0.1336523690703448,0.11488114345899918,0.1644320250435651
194.4,0.2726015030443811,0.016760490762109816,0.1333519645281651,0.11350265409769172,0.1617719895870119
194.45000000000002,0.27007390417930016,0.008594349218191546,0.1326426076535441,0.12642422799757363,0.15727087488610944
194.5,0.25940111744962335,0.008024380819319662,0.13783945551584004,0.13282515415995813,0.1581106818994842
194.55,0.2625115842342352,0.019773130856439763,0.13490914676529514,0.12725245320329762,0.15590277118427426
194.60000000000002,0.2640179600642978,0.021477999788996335,0.1264290609400394,0.12571186380718674,0.14653391678168143
194.65,0.26613036756156,0.03060907369216392,0.1325328085366631,0.12401022545031173,0.14121698149606499
194.70000000000002,0.26374877853088136,0.03163470318175913,0.13403730194290106,0.13449534215684936,0.13519340981687927
194.75,0.2674266800842751,0.02702712597737986,0.13891708896946608,0.12480442623139353,0.1377456434941523
194.8,0.2707363167225653,0.030184603228423628,0.1434409605225231,0.12908656090929632,0.142062263889678
194.85000000000002,0.27202029408333855,0.03489763993558341,0.14315595912721352,0.1223545850737271,0.14305026324568282
194.9,0.26701201463979357,0.026634572404431928,0.13863363578948817,0.11922697537412004,0.1407453744758061
194.95000000000002,0.26855429665683983,0.032088611876756795,0.13153068227246928,0.11959583759260171,0.13038972052111256
195.0,0.26742771760675776,0.03882462880412932,0.14057920339910857,0.09849410068286765,0.12185708414006755
195.05,0.2696691297773456,0.037777043958398066,0.14074176056133086,0.08609271828726163,0.11990344374106722
195.10000000000002,0.27555549021850567,0.037880584409684843,0.14047366316515725,0.08423867052856088,0.10990446760857009
195.15,0.2745940555961134,0.03914742984048146,0.14162739188815654,0.0888562250391169,0.11209089309935884
195.20000000000002,0.26666726941089813,0.05058217097930731,0.15121385124624995,0.08911649029843029,0.11656186672777806
195.25,0.263853269300239,0.047960991485352086,0.14402413911701012,0.08849451731669836,0.11110399278764053
195.3,0.25105687970032814,0.0530270888898348,0.15122431178272727,0.07938001453655974,0.11322176647590843
195.35000000000002,0.24572186395303497,0.05591411812180175,0.15222253543175265,0.08779098729806939,0.11882620135972166
195.4,0.24400857569064863,0.060428122579805316,0.15779962593549957,0.09341783788140724,0.1203996358788126
195.45000000000002,0.2355943825956029,0.0560677544980904,0.15932968235400657,0.09751408287943257,0.12133743053563537
195.5,0.23806418377471572,0.06818339295270807,0.16248401713678787,0.10088764265576783,0.12022594546123619
195.55,0.23457709722926215,0.06863492773362238,0.16955015223810865,0.09188045798834824,0.11823809592329035
195.60000000000002,0.22013155709010837,0.07267033832487227,0.16976141119852348,0.09942064925306943,0.12219367451858863
195.65,0.21463842401234565,0.07972001875307069,0.1653594881779794,0.11114735575701756,0.12726872243662588
195.70000000000002,0.2111776023378614,0.0782939974140665,0.1656739990038334,0.11026947262837185,0.12113616853928097
195.75,0.21601435868286953,0.07637228514499368,0.16444910498766163,0.11989764231295348,0.11739427748873031
195.8,0.20757546984477498,0.08381221871922519,0.1661333757718386,0.1190402658793311,0.11922454504172175
195.85000000000002,0.21221678307069458,0.08620296535999748,0.17432271706496807,0.11627726638421931,0.11064744138860372
195.9,0.19484705233105484,0.09013668108443779,0.1749991278383329,0.11587401401500907,0.12107185270144818
195.95000000000002,0.18948902599465725,0.08674267998857998,0.17831257534181646,0.12563483320309674,0.11426821005720546
196.0,0.18652369159641785,0.08916402821449418,0.17318869010361315,0.11899675693913905,0.12129217363171167
196.05,0.17836832630455213,0.0929090298645554,0.16952654204191964,0.11560426492216033,0.12222871465418583
196.10000000000002,0.170849709939888,0.09798055364675873,0.17781683217518515,0.10825414144412977,0.11662017478147517
196.15,0.16719003148378073,0.10160614033577921,0.18463373533531915,0.10072318287776508,0.12293194271079663
196.20000000000002,0.16414617985179686,0.0948273212654093,0.18967019767938378,0.11006687037695717,0.13046302208931962
196.25,0.164876233450569,0.09727765676236823,0.1953362859241577,0.09781088801930231,0.13190426351328713
196.3,0.1536820101003957,0.10099985571217297,0.1892314669451961,0.09780070081946762,0.1347325361664489
196.35000000000002,0.15211297926752754,0.10506011556827284,0.2013929018552418,0.10741483482622333,0.12445356197301642
196.4,0.15152441969370467,0.11582277114079628,0.2030267718794646,0.10837010476233003,0.12548061131996605
196.45000000000002,0.14474328541265966,0.10976861162056153,0.19868704575540452,0.10363357012675556,0.12189573258390493
196.5,0.13716035423504117,0.11323757030910479,0.19970671868214282,0.10377501178146965,0.11955363276132186
196.55,0.13015597354806901,0.11307836976481014,0.20448251054331754,0.10141034611949247,0.12352788676245578
196.60000000000002,0.12542423167888508,0.12171900637703471,0.2140394922056282,0.09930589644830075,0.12958677658546083
196.65,0.12020715141472338,0.11660201494054111,0.21510555640379514,0.09608882700776396,0.131551481124203
196.70000000000002,0.11792714960350757,0.11601153279965803,0.21345345593003012,0.09408435947694277,0.1254369431201108
196.75,0.11281164483496735,0.1167869169625767,0.21922344816717274,0.10188635884910854,0.12992220627038853
196.8,0.10798076444966338,0.12026024981144258,0.22194460100629282,0.10600555366275968,0.1342493713102903
196.85000000000002,0.1088363059368913,0.12889235194621854,0.22457934512739594,0.11360116178716259,0.1260242316719022
196.9,0.11054132832175984,0.13037719638472894,0.228480068995476,0.11195278264467634,0.1307538238194075
196.95000000000002,0.11268670268901623,0.12591137927164275,0.22126729375841497,0.1181649452879845,0.13047413210780476
197.0,0.10644646918771253,0.1250958681266689,0.22264464773919937,0.12379184080537087,0.13639830087200802
197.05,0.10731500506779264,0.12555126326047522,0.22409028978029524,0.12090536247607013,0.13819222140354337
197.10000000000002,0.11392943301874096,0.13067110923460545,0.22501986293837764,0.12719883691832254,0.15091323085807698
197.15,0.1178851001323902,0.12799447452857657,0.22336738595943736,0.135526822448465,0.1547890542467391
197.20000000000002,0.11300273497331369,0.12810904563402253,0.23489401302109605,0.1355879211646163,0.1442044771720976
197.25,0.11781912024002003,0.13038588064401646,0.2378993495828093,0.132705839776936,0.14963928632387474
197.3,0.12539948781473625,0.13533334524789808,0.24917795706803303,0.14393172008166538,0.14591597707298595
197.35000000000002,0.12258223209689226,0.14486256462585848,0.2514624615070558,0.15266283816133844,0.14743087013656386
197.4,0.13045418144531445,0.14260643462321215,0.25360579459518007,0.14800551586314503,0.15639108134303326
197.45000000000002,0.13813040471553018,0.1508815230832213,0.25035216654269815,0.15959052889044553,0.1653247348440119
197.5,0.14381687276625296,0.15724701844616426,0.2516938353311879,0.1637399618952727,0.16660365796727933
197.55,0.15488272164058745,0.16075003677230096,0.25137911714811506,0.16544133468274375,0.16839105856942238
197.60000000000002,0.15407308199160102,0.1552107844558576,0.2560526717954938,0.16858007983753184,0.17066180215905263
197.65,0.1613319446571924,0.1552088266318876,0.25941631812801536,0.1662842577358402,0.17094868529149668
197.70000000000002,0.17076048036932032,0.15758229796627696,0.26423093097360906,0.1644728823292893,0.18566099973990208
197.75,0.17303307454060707,0.15813559437254965,0.2676695711449447,0.16563557293260364,0.1907436584742703
197.8,0.18122894882616433,0.15775124670701537,0.2744471061755128,0.16821038325624585,0.19207948804102898
197.85000000000002,0.18314411198281952,0.15743985801637567,0.27806337472358816,0.16693577488300723,0.20121012648535122
197.9,0.18864217863753205,0.16105767086719255,0.2801004128869114,0.19005970978974282,0.21012219509019445
197.95000000000002,0.19064908911837064,0.16679665840338234,0.2871792561700475,0.1943975370151106,0.21718588107064174
198.0,0.1995999591285656,0.16690906738788874,0.2870771829382367,0.20080016452722146,0.22416739437986413
198.05,0.21052974388789986,0.16542472877693573,0.287394586352941,0.2047424554942865,0.22367284808433646
198.10000000000002,0.21918394736389743,0.16819833912692717,0.28706583196891705,0.21019262677783557,0.222125643738148
198.15,0.22311893316549805,0.16292454180394045,0.28732168933527436,0.2046937060068784,0.21940535123883292
198.20000000000002,0.21881180713041135,0.16656331536416613,0.28792416265021475,0.20105962342844558,0.2168841407775911
198.25,0.2258780591290767,0.1734716205018076,0.2842421620917375,0.20105819669149844,0.21645080592416324
198.3,0.22429228925483727,0.1759352175014222,0.2815626512278858,0.20359977657218697,0.2200442902276134
198.35000000000002,0.22816786917547802,0.17631673863848296,0.27686580375843106,0.21067040917003824,0.21546704762275462
198.4,0.2344938297052413,0.1791236950562299,0.27598444745437184,0.21659351805424998,0.21230714238792703
198.45000000000002,0.2448907435124505,0.17326240687052982,0.2759858889362408,0.217991543075981,0.22813044869571544
198.5,0.247551242116128,0.17434361577046958,0.27178661247364866,0.22262346937753003,0.24018686627038846
198.55,0.25143350018239263,0.16806759099412583,0.26675156425260366,0.232673906650466,0.2488692058637413
198.60000000000002,0.2579009088986267,0.16960539428008778,0.26170699455187046,0.23416266637628264,0.25412264479650165
198.65,0.2589396365976916,0.179502736875871,0.2564071035632781,0.23262164407160274,0.26102111325936644
198.70000000000002,0.2591224280242093,0.1708359015058482,0.24963561677014268,0.2325092166342018,0.24856341956705105
198.75,0.26245511504291424,0.16898143586156386,0.24281044919501993,0.22531300662854714,0.24927540468837722
198.8,0.26370317868261706,0.16843818320673318,0.23760484340120655,0.22986777725211838,0.23653071487262667
198.85000000000002,0.2637454572707816,0.1689676901607048,0.2367837181801743,0.2320890967188865,0.24134523150219436
198.9,0.26751100005809475,0.1786041095925184,0.239179320627421,0.23022279257057998,0.2384717349400804
198.95000000000002,0.27638426540826705,0.1793150241221804,0.2381435433136048,0.234592375571836,0.24575341316619784
199.0,0.2783678190600618,0.1816688198077152,0.2361570540715851,0.23862263198098554,0.25553819709508996
199.05,0.279793551033348,0.19244484399050185,0.23637340197988777,0.24619982601478588,0.2633268784156067
199.10000000000002,0.2819497156511804,0.1963477039823543,0.23171464689630614,0.25584852864931656,0.2658772526728526
199.15,0.28570258667691756,0.20546359523474,0.22563175141495637,0.23878270864469678,0.26459126768159075
199.20000000000002,0.2929441490728514,0.2140228277788749,0.2183763441612034,0.2478283026095475,0.2680098404940327
199.25,0.3029483244225473,0.21536651197276444,0.21097325120579213,0.2523625391425871,0.27191418228046277
199.3,0.3060257199591426,0.22227320939637446,0.20170495456614407,0.25002944150524875,0.26199351414618594
199.35000000000002,0.3137830083538335,0.22042163485059657,0.19752641144688618,0.2518108435907051,0.26722377582642404
199.4,0.3143503693186422,0.21805675796987134,0.18831134302472335,0.25080970590516727,0.2700014514658967
199.45000000000002,0.3180023052068372,0.2106141194194037,0.1810953811218232,0.2511246768836134,0.2656056715824462
199.5,0.32084642909812383,0.2157980354599639,0.17461846168733786,0.24710766819927743,0.2660074968443485
199.55,0.3234629148677223,0.2207089985790633,0.16498047931805543,0.2400410171595062,0.2615191624038431
199.60000000000002,0.3247388493126373,0.22398776955980207,0.1563290925826667,0.24706098572531146,0.2658126491501375
199.65,0.32199198137058205,0.23010719710841038,0.14578565252743966,0.2505266522474585,0.2584236337319713
199.70000000000002,0.3216564573407996,0.2259791975753586,0.13810980119735883,0.2506832965063589,0.2569519416530171
199.75,0.32321722635472316,0.23495354963368784,0.13070555809966067,0.25339854844154813,0.2520256951103517
199.8,0.32040871962581197,0.23601797424792612,0.12406271283202631,0.2554530113987257,0.24942082994738862
199.85000000000002,0.31493341198994673,0.23988179855197247,0.11671839723300174,0.26953389431030605,0.2620531127983446
199.9,0.312984959354523,0.24470457478887775,0.10753523055100953,0.2665973253069833,0.2588324063090558
199.95000000000002,0.31221535884254953,0.2493152793129814,0.10385010640679869,0.2621642575817159,0.2591565674845602
200.0,0.30648594604272944,0.2538792721692558,0.09759343471098927,0.2736977548705477,0.25632240914447796
200.05,0.30520651766615525,0.26569222240848345,0.09142780325925344,0.2618582762930701,0.2510346264616699
200.10000000000002,0.30073992497011554,0.2682570371527487,0.08261958580745157,0.27573114576538754,0.26235939543418146
200.15,0.30427813714843205,0.26644009550226594,0.08553638513563401,0.27142083650851906,0.26472040238671724
200.20000000000002,0.3077077738498844,0.27190695047381125,0.0797739229905481,0.27425633076973416,0.26080055400136076
200.25,0.3027013879275273,0.27285631585756837,0.07990655909008545,0.27489513662125814,0.26157949029705135
200.3,0.3005979510778244,0.27894945342073413,0.07188004049900557,0.2781801421211882,0.2627259979606771
200.35000000000002,0.2912194299590035,0.28260538636981136,0.06504089126131264,0.27540972114700346,0.265521672961246
200.4,0.2898616342368422,0.28714270666721076,0.06219459247455023,0.26244467883909106,0.27359582200210375
200.45000000000002,0.2836412821598252,0.29626306195171026,0.059181101412287614,0.26817376554244526,0.2617230287205838
200.5,0.28018703626188673,0.2951772644371088,0.059287798936103434,0.26444650963701627,0.2633617338671079
200.55,0.27952274130445287,0.29539677183580104,0.05983520258475847,0.2624959450684653,0.25312808474904036
200.60000000000002,0.26534096920697575,0.29083072861236314,0.06343882160823651,0.2546687031838251,0.25870008062898786
200.65,0.25864248944489415,0.2805265906536258,0.06948862905945141,0.2545303883375185,0.24331552155863956
200.70000000000002,0.2524484254931438,0.27680940610925786,0.07484684900358744,0.2473131799679268,0.24223146867254214
200.75,0.24787529278323078,0.2818269107465113,0.07694736078513544,0.24940760669492995,0.24297498310055105
200.8,0.24728276182003212,0.2789686945551524,0.08494478508976216,0.260157844728353,0.24269146033401323
200.85000000000002,0.2426028963977016,0.27867614799543855,0.09685539066919961,0.2590597857600525,0.23863674924847744
200.9,0.23980128208604923,0.29030051068362994,0.10588274075703903,0.2701280152948019,0.2468969345457443
200.95000000000002,0.23841812101536888,0.283711721677245,0.11298146306363209,0.2754169905274906,0.2418931528313957
201.0,0.23462121199214633,0.28933987470889955,0.11691341080879818,0.27979472913018955,0.23092190556515976
201.05,0.22955777534960325,0.2924462362815203,0.12495786334092508,0.27149330724665455,0.22258840691222
201.10000000000002,0.22442473291152917,0.29908097069093625,0.13803492230689657,0.27508173313399636,0.23036649439664902
201.15,0.22173578998900628,0.3021958085996611,0.14828376841130808,0.28322874765307715,0.23004947585786115
201.20000000000002,0.21385889600657929,0.3115271878216061,0.15846726265611155,0.2805480789158808,0.2182780991933819
201.25,0.21085840390522362,0.31142637579721044,0.17010001136081587,0.27970119874920085,0.2121039674602215
201.3,0.2041984611654898,0.3137326766093259,0.1718295541052706,0.2859446922595933,0.214417928050287
201.35000000000002,0.195646888894969,0.30959638712664883,0.1849356198365839,0.28716207159864204,0.2046151406789524
201.4,0.1988456294545069,0.31004553612527813,0.1948858551786202,0.2814599672315973,0.19563207784019965
201.45000000000002,0.19499903251731576,0.29851739908136904,0.19943432318598445,0.28691070517452755,0.19559228582833071
201.5,0.18929088196928368,0.3091219021607655,0.2075837706977966,0.28239405946648655,0.19292490028470097
201.55,0.1825836121017514,0.30453299545470636,0.22320316498875784,0.2804883691162372,0.19713385391231092
201.60000000000002,0.17776317073596554,0.3078947006375143,0.24184820696350198,0.2850673343782795,0.1861774667179096
201.65,0.16675899793284693,0.30095354889657316,0.24920900443011168,0.2946887951923253,0.18157475228051545
201.70000000000002,0.16792609787928492,0.3114558729354364,0.2479265608268247,0.29588537621566197,0.18106551330219486
201.75,0.16167755433915165,0.31408643329239,0.24870379830997197,0.29845801243864856,0.18028185036720296
201.8,0.15812961651190985,0.3104502405565703,0.2595762182078041,0.29491592218416707,0.1777688696311434
201.85000000000002,0.1598905286371646,0.3080768890876449,0.2679641264479635,0.28843520322730615,0.1830214207002217
201.9,0.15383008902370374,0.3098197620906967,0.26908997033169735,0.28401969833279017,0.1833305135886561
201.95000000000002,0.1524982812631222,0.30918344631924416,0.27967422548996446,0.2920870510924818,0.17964937668943765
202.0,0.1367740064007687,0.307618396569241,0.28185629174286514,0.28872974750553904,0.1765801647393437
202.05,0.13007333702689045,0.3088236914086862,0.28729048920543765,0.28617429744075146,0.17643815465891716
202.10000000000002,0.13286160341619807,0.30848650012366985,0.292062298272683,0.2905657066416723,0.17128143976570373
202.15,0.12516448155079118,0.2959440853074663,0.2976144507619037,0.28705921315574856,0.16923670378637634
202.20000000000002,0.11807371575739503,0.29481718330881457,0.3063337762719568,0.2856569547207955,0.1620603152643039
202.25,0.10808878546493284,0.2982122200529189,0.32115885454521215,0.2902119915629555,0.16398426894909288
202.3,0.1034701361985556,0.29665953523785604,0.33179217729571275,0.29521266072089836,0.16659491956280273
202.35000000000002,0.09265124626970384,0.2978161124159317,0.33340889512333294,0.3003290870523454,0.1730866697673389
202.4,0.0752985311550294,0.2986929693250997,0.33334139059822976,0.29715092865964204,0.18180603655652341
202.45000000000002,0.07214322335488828,0.29571329812718866,0.3408301546506185,0.2971430720590621,0.17624894448589828
202.5,0.06933449847484,0.287041305852904,0.3375668681396532,0.2903614331008231,0.16979495006183104
202.55,0.06369380650851118,0.2755175681473878,0.3402665590894292,0.29265545983563884,0.16772654482695895
202.60000000000002,0.06258793793236003,0.2736830655347273,0.3452013329411891,0.30108851017904426,0.16015011517824498
202.65,0.05907242300329182,0.27511281550999944,0.34718988573078474,0.29583861467825007,0.1521550278035055
202.70000000000002,0.04772413890199887,0.27094424902327036,0.34891164402979497,0.2844643490723187,0.14931111310206482
202.75,0.04515015638316644,0.26603694881403805,0.351229128558389,0.29142430551915266,0.15216703755205285
202.8,0.038460227959248784,0.27239771568223914,0.36113284490826264,0.2862196942695588,0.153626908128055
202.85000000000002,0.03311113861280062,0.27149217832166855,0.3630630366054061,0.29035829855618306,0.1612828993850203
202.9,0.03097401669365652,0.27185843968025425,0.3640469616435897,0.290723303426517,0.17526881788284557
202.95000000000002,0.02602144743365049,0.2724862763363333,0.3644629849850542,0.29256880958998754,0.1609453645586019
203.0,0.020928084569466026,0.27117170082212555,0.3539243523478469,0.303028841608328,0.1590923411785961
203.05,0.02696445313609308,0.26319398103191827,0.3590600973800457,0.28903449849812585,0.14310396105440112
203.10000000000002,0.028075055514251476,0.25584428169042334,0.35838915716099634,0.2863171628067771,0.14083306459155287
203.15,0.02671152372546955,0.2630649102402018,0.3562005615141072,0.2952312400628468,0.13307036351580362
203.20000000000002,0.031009082843175474,0.26225988685102286,0.35116091302082547,0.29378579289535284,0.13037981908717342
203.25,0.02737584146472191,0.2547336920803855,0.34945005414532887,0.29434711490602306,0.12497892802604055
203.3,0.0282881712259523,0.2586108380519564,0.3479938257074453,0.2873591066226215,0.12320147181854146
203.35000000000002,0.0291047074864333,0.25409655881949766,0.34268838749098607,0.28662172983237005,0.11663532371114126
203.4,0.03880726701256875,0.2505680215859816,0.34060151611680367,0.2834237400823253,0.11354008674641536
203.45000000000002,0.03977803773579833,0.2477307860040131,0.3379118614414896,0.29093019477745635,0.11448795783265349
203.5,0.043604080239685095,0.24638093615031942,0.3435084784908657,0.2866887343143562,0.11494613659746541
203.55,0.045700515427026626,0.2538724463765011,0.3426396622087492,0.28641440139209534,0.12331619255906008
203.60000000000002,0.04673228121080172,0.2531577841789541,0.336550655889977,0.29513211886458557,0.12528773286222208
203.65,0.05270304743159907,0.25857944134201294,0.33033834029071757,0.29830140150199774,0.11990471866265039
203.70000000000002,0.046422093242355494,0.25148924254267563,0.3336739947004769,0.2939275476409878,0.11771632067754746
203.75,0.046062551332163346,0.2487401404144657,0.3280050464536003,0.2968508219844765,0.11672532961988379
203.8,0.04231246615172648,0.24797170906941501,0.3225226259753372,0.289165207870129,0.10570061294528739
203.85000000000002,0.04558920389761122,0.24642451874366603,0.31772023084035383,0.2863940948678935,0.09019100041971875
203.9,0.04961381196453492,0.2470239277046876,0.3123345911861285,0.28375882729515467,0.09292369742705646
203.95000000000002,0.06017096495443323,0.24372126298320443,0.309071268488148,0.28663101523126905,0.09618802483634938
204.0,0.06319826706682138,0.24881860627888047,0.3075589047967773,0.2819631302623033,0.09410953413470495
204.05,0.06802773793231104,0.24341358771843655,0.29917644100177454,0.2851761840370517,0.10234120485710674
204.10000000000002,0.07078587804606076,0.24986146297272877,0.2898418275315701,0.28606584580706373,0.09834337747908907
204.15,0.07672743875950294,0.24401438345924278,0.27945889419128056,0.2869597777996376,0.08805932703919979
204.20000000000002,0.07705522445530874,0.24835330980053735,0.27217683692895445,0.27961617389373994,0.08767107606249536
204.25,0.08361327370924415,0.24553302165069094,0.26712529893204134,0.2827861947454934,0.10787403306254938
204.3,0.08687180109845767,0.24710369908961954,0.26229442013629706,0.28213945560317516,0.1280938849423998
204.35000000000002,0.08917992303399319,0.24343849151704702,0.25414149188401414,0.2804623088337977,0.12189105764244805
204.4,0.0943034938104607,0.24716248525336187,0.24720006456332483,0.28060829506869545,0.12773021872471582
204.45000000000002,0.09285428237606179,0.2442789469369857,0.24376237558726255,0.2796658060447914,0.1303041994068983
204.5,0.09489970314419069,0.24260458097542645,0.23663053962714947,0.2805277777980141,0.12611137694810862
204.55,0.11442306639969338,0.2470826662899145,0.2386865104088132,0.2721308231525206,0.12154699744437311
204.60000000000002,0.11599639815454194,0.24449307147153698,0.2369692811271491,0.2747441258689659,0.1259345064067409
204.65,0.12000918236446065,0.2447655215207932,0.22893314400205497,0.27977804726007016,0.14096988400626848
204.70000000000002,0.12409915946966293,0.24717646274406435,0.22631754485681718,0.28203467128678245,0.14332857018499146
204.75,0.12804482188991634,0.25469701700833314,0.2217112497391805,0.2883160357333205,0.15083725590146868
204.8,0.1332961126403019,0.2543383356409958,0.20870098394807887,0.29301058789112416,0.15701432081757943
204.85000000000002,0.13387871546825286,0.2636722171124134,0.20373039072422322,0.28120900789935466,0.15860764839492952
204.9,0.13809135257728317,0.25355902980485084,0.20049606420663388,0.2800219731145692,0.14975961910542465
204.95000000000002,0.1459169811953913,0.25183670285059356,0.1921837091956586,0.27788805738212,0.14990508483605572
205.0,0.1507705275131633,0.2371911913998188,0.18163690950381098,0.2829277905207978,0.15570380519777208
205.05,0.1595547506007011,0.24069535141318182,0.17059389276735312,0.2714973100633529,0.15297357152437
205.10000000000002,0.1755715646108613,0.2364927441553043,0.1604731543606938,0.26573361656246436,0.1440337207717628
205.15,0.1740229595336863,0.24159762456012865,0.1507098836574126,0.25917230953571435,0.14575167033390754
205.20000000000002,0.17462905436697804,0.24555375733341353,0.1397227654319462,0.2569454767011161,0.13610270629665117
205.25,0.17390037312735548,0.2466824101938346,0.1342984623548435,0.2658819853448296,0.14659912590679836
205.3,0.18281509581849126,0.25334595944894506,0.1288968049839172,0.2784440931059409,0.15859400459968612
205.35000000000002,0.1955869865174758,0.25192840313379233,0.1242503605845246,0.27393856346620016,0.16427828387260854
205.4,0.20309170180210945,0.25889196224306504,0.11515289463333273,0.2780260513229175,0.15748701330769788
205.45000000000002,0.21003986752068055,0.2660571200072137,0.10363947802128988,0.2773463805367737,0.16627438485918536
205.5,0.2138423344852692,0.2738111993792988,0.08416109317879286,0.2814888827270125,0.1749650396315003
205.55,0.2175460438547791,0.2692736930077982,0.06752194718404994,0.28668731529684555,0.17442485336167113
205.60000000000002,0.2225672213681075,0.27363523333370493,0.06180084686126597,0.27452285512765584,0.18909128415937923
205.65,0.22728410473040012,0.27259715075860425,0.06037208116554133,0.2682592251248692,0.1880826245085084
205.70000000000002,0.2304640803116603,0.2713184071960503,0.05024756119039362,0.2695276784427697,0.18351792200679537
205.75,0.2299495204389366,0.27743514024400606,0.04743421346055284,0.2673270421932422,0.18879071471435288
205.8,0.23000356006500342,0.27330657837906425,0.044162762467845985,0.26397257331167917,0.1854345588472525
205.85000000000002,0.2298343852421936,0.2715953433945497,0.04316826010863064,0.26095157473719816,0.1813114850243705
205.9,0.23754794088064762,0.27574083394581195,0.03710080107760457,0.25699226299834743,0.19132219777514123
205.95000000000002,0.24110159425275615,0.28385614343275445,0.02963405999397122,0.24741483754245508,0.19633233516303747
206.0,0.2432952850184257,0.278242328139458,0.02519315403953111,0.2589303975339407,0.19526755960029146
206.05,0.24598217860970428,0.2905462938784797,0.025115433654492043,0.2485354605755902,0.20430040844282915
206.10000000000002,0.2463069710200054,0.28049167912968836,0.030756702523173952,0.2469822769308086,0.20325340062259672
206.15,0.246558754413623,0.28126030265359614,0.03924155704949504,0.24841749166944427,0.2085974660869472
206.20000000000002,0.24573066663602444,0.2793979394335597,0.04974458220617016,0.2423182364581269,0.2096300810765905
206.25,0.24404885061777504,0.2779544430844471,0.05552144769458757,0.23356701168665453,0.20972961275996457
206.3,0.25195082798893037,0.2835336247719706,0.06352447931993618,0.24318215915945232,0.2065978510551514
206.35000000000002,0.2531918145313556,0.28052526439169384,0.07583285343725096,0.23316421591097622,0.20732214266489662
206.4,0.2556130050691946,0.28010792589013533,0.0809920758690963,0.24246616038483143,0.19940114245706403
206.45000000000002,0.2541505978389631,0.28364289853952773,0.08677520665336619,0.2329780717732402,0.20202261588463913
206.5,0.2597058145204392,0.2892568278907913,0.08785644773046375,0.2257563809880043,0.19632770441114536
206.55,0.257636329020017,0.2880754675933627,0.08792809759398078,0.2297663232018593,0.18799480496177307
206.60000000000002,0.2673580037540933,0.2859250995654843,0.09352870991164294,0.22919167652823746,0.18546374666037266
206.65,0.2704239969743253,0.2878210025318477,0.0934098046897176,0.23214466357383548,0.1769147817848712
206.70000000000002,0.26919903944740065,0.2905110158289584,0.09520426535011675,0.2284302666842822,0.18544682599708112
206.75,0.2683385579128298,0.2877497327987792,0.09789384406025804,0.22796121060472502,0.18747492248543904
206.8,0.2675904031860655,0.2919732292226795,0.10309373689378125,0.23637998572898258,0.19941738501167075
206.85000000000002,0.26730516100167534,0.2962828691028692,0.11238479987279841,0.2398224621327549,0.21333936284427932
206.9,0.2681922089404061,0.29722534224250674,0.12533268207896378,0.2416582793563595,0.22340921527742394
206.95000000000002,0.26351352366419234,0.29969849170318735,0.12730715746438873,0.23597474980382602,0.22687445430929545
207.0,0.26361237168269247,0.30137799131817555,0.1373078354719029,0.24247889249916318,0.2282402733801261
207.05,0.2607286829457452,0.30461688468775666,0.14080473456133294,0.23907973671432448,0.23045222738993873
207.10000000000002,0.26695823714483197,0.3023867401832953,0.1429739705145969,0.2406766901356941,0.2395198795441744
207.15,0.26933965461024034,0.3026730109706178,0.1500758328223963,0.2455770155035516,0.23687469626666424
207.20000000000002,0.26232337422205765,0.30102363933375426,0.15330890112511686,0.24823790480373054,0.2385943796808905
207.25,0.26620749038247654,0.30076736105564245,0.15841825389279954,0.24038660312093812,0.2322889740469202
207.3,0.2716543092732581,0.30258620849139123,0.16809430708163817,0.2365954591521947,0.23126537632151825
207.35000000000002,0.2751647138718052,0.29584977948466223,0.17011783454576757,0.24772755115843614,0.23710052979739388
207.4,0.27814360605309324,0.29301826029215944,0.17628521410339826,0.23464658558577722,0.235192083264778
207.45000000000002,0.27503196197810187,0.2854742536571572,0.17813790008468713,0.23775105491603182,0.23837614203091922
207.5,0.2643758424737486,0.2814217396675629,0.18957169664598572,0.24328398548846714,0.24536853295037034
207.55,0.26126543782045736,0.28733289215818497,0.2025831112904469,0.2334296783319814,0.2477807809920194
207.60000000000002,0.26588727660143213,0.2915693902935284,0.20365926789972705,0.2405763268026879,0.25934918367143905
207.65,0.25914469462435136,0.2931330377438704,0.20685114581239525,0.24657493551637036,0.255760597153157
207.70000000000002,0.25443610309820747,0.2965969090872103,0.21288499676161035,0.2487227214844429,0.26168673836734246
207.75,0.25263769677695325,0.2917006024147694,0.2171734340702756,0.24173279344509943,0.26334722352196
207.8,0.25944926707651184,0.2783812264967537,0.2163318523851398,0.24191800287617998,0.2638310640708215
207.85000000000002,0.26422328028711195,0.2823935278484275,0.20859052482051185,0.2442100612496819,0.26664891024023657
207.9,0.2644224045299567,0.2817913305196721,0.20623295361732513,0.23548642532154276,0.26762846643230953
207.95000000000002,0.25824381827432374,0.27842954626000493,0.2027528166385972,0.22960641189556164,0.26517521710344716
208.0,0.25188187432380177,0.2737291483223517,0.21502010258338125,0.2237347114721952,0.264363917254002
208.05,0.2548790628629364,0.276287315713,0.21734560647868542,0.22588046715287302,0.2579016581644475
208.10000000000002,0.2539711724261439,0.2764023200594465,0.2238994205614417,0.22762394403077296,0.25839153654082414
208.15,0.25175139705178273,0.2737457296276779,0.2252799081001834,0.22245235720886583,0.26264701855047734
208.20000000000002,0.24739872857422765,0.2702573389055191,0.23100168356492823,0.22267003373900843,0.26494177950827563
208.25,0.24760981228357612,0.258003582176139,0.23028001135709564,0.22720357407722158,0.2710608049962512
208.3,0.24821436858860882,0.259844588152336,0.23263469831530645,0.2177557225861682,0.27040830731319787
208.35000000000002,0.24675636668010936,0.25744281303444994,0.23763662070255775,0.22194048388186033,0.27444217247486796
208.4,0.2453710678999871,0.26525615752630943,0.24397636784549223,0.23027805008389068,0.2744132931450881
208.45000000000002,0.23912503414593025,0.2598849834216835,0.2515021543409203,0.23021007665802606,0.2778343297697345
208.5,0.23392485473027452,0.25533047474219134,0.2565896733506513,0.2191367488820687,0.2763468404310234
208.55,0.22811390032809709,0.2489815038334909,0.2597035468639203,0.2213664503804955,0.2904711947065295
208.60000000000002,0.22901626101508285,0.2486483142473009,0.2579326680949214,0.22576578301069214,0.29392638413077743
208.65,0.22613564830590016,0.24328795729181793,0.2542537659905102,0.23337299724967042,0.29450664809172816
208.70000000000002,0.22021633833413515,0.24300008437478793,0.25134633016831837,0.21872517888773252,0.29645846509274326
208.75,0.2110765780764225,0.2372145953014258,0.24595961206337286,0.22148239427532376,0.3007750322720309
208.8,0.2111410759654786,0.23011937064858773,0.24700564581168308,0.21905087162648848,0.30116592769753303
208.85000000000002,0.20524012036442235,0.2330029466557806,0.25182375704659143,0.2157535312852891,0.30382451325424187
208.9,0.20187310886169696,0.22568922079309134,0.24447438633169286,0.21660857159021643,0.3029957381659709
208.95000000000002,0.20223886881526232,0.21851351553528678,0.2399529148801338,0.2091183254923192,0.3124010810821954
209.0,0.19763557417479571,0.21780656104627893,0.2360429454336665,0.20989923583157463,0.31172844687784307
209.05,0.19430586633747865,0.21587528960701374,0.2302249760611919,0.21264542572524534,0.30920211041925016
209.10000000000002,0.1889237465448606,0.20636457579570316,0.23471915403279522,0.2010252539641556,0.30573927981213495
209.15,0.18970181299868089,0.21059327521055451,0.23283258555906367,0.20487407081215323,0.2965443653228265
209.20000000000002,0.18466404682109422,0.20974896209914712,0.2338992681372254,0.19699314883909286,0.3054094564285109
209.25,0.17889279085410656,0.20446054675634767,0.23223936077277865,0.20249985103237914,0.30744489604329533
209.3,0.17579917259008113,0.20534924672131946,0.22997264061525122,0.20498544682153183,0.30619067397797683
209.35000000000002,0.16837915921376395,0.20883968980270998,0.2291940113340559,0.20539871881776012,0.3100668173652456
209.4,0.16523219646260737,0.20941974888225648,0.2323182957066521,0.2057017209854013,0.32142813972943096
209.45000000000002,0.16435917034235611,0.20374281264003058,0.22983988260561636,0.20155350173585893,0.32398778409152446
209.5,0.16879005850151713,0.19730738328784714,0.21981124413912803,0.20413768871009327,0.33384780944592657
209.55,0.15946665158548262,0.20263993077887432,0.21985050840779244,0.19899678149328998,0.33466652574536926
209.60000000000002,0.15968279891824502,0.20681190293817767,0.21786982549454964,0.1922905680991173,0.35042873679135544
209.65,0.1545887238832023,0.21144554651929565,0.218712489123885,0.19376168827242496,0.3510320230994381
209.70000000000002,0.14966879308281086,0.1969594811193372,0.22054368563458307,0.2055540728341638,0.35940128356655326
209.75,0.15117298433562287,0.1961071499049529,0.21285684198058094,0.19241708056745557,0.3731361100037807
209.8,0.1509540977374672,0.1906631162623917,0.20738884082418832,0.1962308722924788,0.35820909460956235
209.85000000000002,0.15355869003666273,0.1910345334169101,0.2081580959057679,0.19091514370852325,0.3614152135463657
209.9,0.14757832713881233,0.19425181502926703,0.20134635725507793,0.20083727461248052,0.3579204124698126
209.95000000000002,0.14229017999908103,0.19385750562839404,0.1898461604946132,0.19646137535478533,0.3594776642328254
210.0,0.15437224230844115,0.19549889436466397,0.18787283749814798,0.19020460961677063,0.35026988746714127
210.05,0.15973922870834167,0.18105178008065062,0.17789417592929385,0.19718775258905993,0.3542341350626395
210.10000000000002,0.16927653657448635,0.18331700808746904,0.17237242228457073,0.1759980938976798,0.34737305136531227
210.15,0.16407578450420995,0.18654618232983636,0.16926507651394943,0.1815124273964785,0.3519205633983909
210.20000000000002,0.16761751440997266,0.18063763473938896,0.1674843481560943,0.1751380598789035,0.3502458699499573
210.25,0.16583410357956144,0.177654134861502,0.16954451131690887,0.17507251526597975,0.3471824042206487
210.3,0.17406574706482417,0.17463102013663173,0.15924557018001706,0.17255493659705537,0.346537424109307
210.35000000000002,0.17268604736270246,0.17689054977007,0.15404093053276813,0.16112270531013512,0.34618310768271526
210.4,0.17016634568957067,0.16515277013577329,0.1513661170598193,0.16177175831605622,0.3441689387518053
210.45000000000002,0.1707459905904228,0.1720083300352574,0.14449497456696792,0.16113244096376994,0.3486322965972779
210.5,0.17352581984056395,0.16660029218719616,0.13309079342124563,0.16525443433028608,0.35683669320401074
210.55,0.1826816356532025,0.16113550827838272,0.12669969559212818,0.15205291076668026,0.3501163392232285
210.60000000000002,0.189024063058075,0.1506915520538334,0.12274773427721265,0.14700700527211988,0.35012897237962504
210.65,0.19583294557139003,0.14453688409533555,0.12058738220973479,0.14143630141468658,0.34134438626795505
210.70000000000002,0.19619358453476685,0.150898598362697,0.11297033563573791,0.1421930181597493,0.34034241627972345
210.75,0.20246490940212428,0.1520324878061516,0.11099542480767956,0.1358438190025559,0.33589941571323884
210.8,0.2041611975494352,0.15114802132855157,0.10810512926764512,0.14655824008329363,0.32745077872487327
210.85000000000002,0.20616664117660558,0.1454461579843249,0.10810626793160354,0.13700590766073653,0.3252210550396491
210.9,0.20882794643443703,0.14148627689855273,0.10249665600974368,0.14182378458005446,0.33075183528232993
210.95000000000002,0.21495485897007477,0.142994535753033,0.10262448016543847,0.12855307305958502,0.3314334067531397
211.0,0.22355076211998515,0.14443119599341836,0.10551119761217263,0.1316539557484873,0.3335957851803012
211.05,0.22948545037375284,0.14535624823144566,0.10717479503479796,0.13337685779770178,0.32342337985867914
211.10000000000002,0.23693456607252675,0.14311322958781297,0.11094079480263483,0.13038545734535884,0.3194397199323795
211.15,0.23929516097272838,0.14653785360632848,0.1034683779491813,0.1365976315225947,0.3137445088149578
211.20000000000002,0.24642023211147016,0.148622829554623,0.10819647686288436,0.14432278844040278,0.3167173312680995
211.25,0.2538640679718479,0.14566546254908438,0.10047017424491778,0.15636703748017472,0.3164562418873781
211.3,0.2586238396196584,0.15245882739776478,0.10126632993454489,0.14670326556648455,0.3186893132496931
211.35000000000002,0.26904967810904173,0.1549092030844564,0.09523134151093303,0.15191169646793928,0.314738859892539
211.4,0.27519775824124904,0.1589031002564707,0.0882150085282825,0.15284573104458804,0.3064475812716767
211.45000000000002,0.2714034369350814,0.15300306941408207,0.08932422149663141,0.15405378893386193,0.2970518082025544
211.5,0.28071274942914953,0.1597044056831028,0.09089667262203276,0.14925967733213324,0.29503229743444526
211.55,0.28660836337279083,0.16042550059146682,0.09750381331356787,0.15088820880169523,0.2855877922846313
211.60000000000002,0.2936306172338141,0.1584117204724794,0.09518760701050262,0.14889998692122608,0.2708560618467996
211.65,0.3052250904462182,0.1537238654936601,0.09346570679693748,0.14935406202022117,0.26901232396559177
211.70000000000002,0.31959244274851173,0.14048853861255997,0.0928171244298498,0.1417717832177822,0.28021517487808606
211.75,0.3261770258287448,0.14270070844081975,0.09442493445225554,0.14044457268569033,0.27057360789253926
211.8,0.3265969015795363,0.13716589747778554,0.10349480541248413,0.14365852500541199,0.2810594224214708
211.85000000000002,0.3345232099252143,0.14438450002789613,0.10684865970774966,0.1460253718509143,0.2693494499115202
211.9,0.339821936625391,0.1567989425840941,0.1112777492098119,0.15301089467177387,0.26425796166847854
211.95000000000002,0.3425422765529735,0.15911860656459054,0.11054870312180583,0.15651296333022896,0.2688650238751379
212.0,0.34629549395939824,0.15913423559017617,0.11024605412762184,0.15566004646352893,0.2755361271714732
212.05,0.3501652538884437,0.15894986486017268,0.10368068487103117,0.15931121357111447,0.2716989114294193
212.10000000000002,0.3580282465014103,0.16307415467503802,0.10305935926208715,0.15338252270420938,0.27394409128550073
212.15,0.3618498795264748,0.16654391937488297,0.10546519496858708,0.1446217869262301,0.2802303402843243
212.20000000000002,0.3664048068076715,0.15917590985591318,0.10536536041798483,0.1509873592874094,0.2742648499573072
212.25,0.37452071484851807,0.16153123326373264,0.10558367665688043,0.14508987381448993,0.28034236151140846
212.3,0.38372952273803357,0.16412020295145616,0.10934822341170843,0.1448329949681438,0.2769476422563957
212.35000000000002,0.390914728696848,0.17319237431059903,0.11704445811654814,0.14082414280575467,0.2661004528036932
212.4,0.3930097859693954,0.16658169279076795,0.11395251475759807,0.13551152174091613,0.2616954512985593
212.45000000000002,0.39682118101750175,0.1683821567983706,0.11308827749602204,0.13732750964246815,0.25542181266696357
212.5,0.40147385034373106,0.17311227885958258,0.11176447695187548,0.13259856893795907,0.25791124112624636
212.55,0.4053463353256309,0.17071287360775209,0.11175249204760143,0.14203776610492322,0.254984248972669
212.60000000000002,0.4059453030315191,0.1615877412655445,0.1116614142559678,0.14577435684469,0.25178617921183705
212.65,0.4007333504457376,0.17227504496709173,0.10966582305248145,0.14694945207262936,0.24974841828248448
212.70000000000002,0.4062868931396218,0.1701918404549698,0.113131128535176,0.15030709921845728,0.25072006172274497
212.75,0.41071134668701104,0.17094168431876192,0.10915197227535514,0.1579201912448358,0.2546846031373399
212.8,0.4124718944054104,0.17359958057236144,0.11329144875030056,0.15694667166472331,0.2631541605555274
212.85000000000002,0.4145217352321456,0.17426962845589497,0.11019329962003202,0.15974753561333954,0.26424102065258337
212.9,0.4110248977759518,0.1718165772320115,0.11302744838911248,0.15973385382851082,0.25226676803284015
212.95000000000002,0.4119827153825498,0.16983185125943623,0.11734737819075931,0.16288754851027074,0.26434442578205714
213.0,0.41045597867856704,0.16681514510770146,0.11729514851495776,0.1655844654788226,0.25475046043514293
213.05,0.40218311227251174,0.17856195934854854,0.12140502788602685,0.1603167541812847,0.25535697617368136
213.10000000000002,0.4048567985494871,0.16940374564078559,0.13218398990114527,0.16994478286274206,0.2536284024437148
213.15,0.40166487912513504,0.1757610041769837,0.12898616698562976,0.16145659524845676,0.25157591712292304
213.20000000000002,0.40174208776098536,0.17857900753451605,0.13490308434924866,0.15850799892944503,0.24370018700720034
213.25,0.398939002707774,0.17840190494501268,0.13763114125455803,0.15815580045721164,0.24758463518869195
213.3,0.39249206357306393,0.17893609395957294,0.13364736645693004,0.158004653910361,0.2453107577601965
213.35000000000002,0.3955481690886909,0.17611032402963298,0.1378271452930935,0.15902576747862518,0.2510046655915768
213.4,0.3996667602055474,0.17553452547212,0.1342728874726516,0.16480161205001315,0.255973842679972
213.45000000000002,0.39964333713494665,0.17348563228078004,0.13533682810275427,0.17214466535664547,0.262146136796561
213.5,0.4008298635122497,0.18116884869562808,0.1485035184158113,0.16307891191548501,0.25756763982723446
213.55,0.4043871236621502,0.17867556373608837,0.15638847681137286,0.1677473869439519,0.25536751350148584
213.60000000000002,0.4044018599913976,0.17010625489430076,0.1556139453376599,0.17586644726553624,0.2522399137748762
213.65,0.4012915942831998,0.17381008443807813,0.15851161607783634,0.17234284658609297,0.2524124952584602
213.70000000000002,0.403259347315577,0.17592201005899322,0.16142947493474374,0.17272297197934844,0.25246618694211437
213.75,0.3994556327504143,0.17440962957757933,0.16009958743676914,0.17385567484825656,0.25305776553296366
213.8,0.3946364986280632,0.1804423814193944,0.15503318104240674,0.17619985382678083,0.2530876128314397
213.85000000000002,0.38490114458844094,0.1795540867065371,0.1633641711880843,0.1788604003345641,0.25548444374156026
213.9,0.38479168120012774,0.1760853329188343,0.17073413827903555,0.17792309709594778,0.2525567288676428
213.95000000000002,0.3784983244681737,0.17099932849294885,0.17268871878782316,0.17785537720829508,0.2503122105224533
214.0,0.3818843800935606,0.1698048368585029,0.17667689177992693,0.15978710165440094,0.2508515107905917
214.05,0.38531994148701665,0.16400669850722063,0.17844776151365188,0.16449560896752646,0.2429423105582764
214.10000000000002,0.3843807441740995,0.16297414770874982,0.17768866366548017,0.16289157123403114,0.2407993066758859
214.15,0.3770625702139306,0.1675921323641631,0.18165230853186237,0.16209485206757973,0.2438000940722876
214.20000000000002,0.3729795874091742,0.15903816318420608,0.1839570707568645,0.16033821344601654,0.24119257397435753
214.25,0.3720799888877743,0.1605951636712428,0.18520538711260479,0.15659949177450602,0.24933824922234735
214.3,0.3637055250114127,0.16280108552996775,0.1838240807830687,0.15550460649313108,0.24791401223875648
214.35000000000002,0.3520570500542324,0.15976919882486582,0.1852287540233951,0.15689561740216404,0.2522575493848073
214.4,0.3461688232683545,0.167250404727745,0.1845383389230344,0.16001885096606644,0.24967532640979823
214.45000000000002,0.3410966360530283,0.17776183320141667,0.18199636987592388,0.16627731782723532,0.2498270115461692
214.5,0.3327135541331968,0.17740220508558066,0.1862374349499431,0.16427083374660853,0.24839693810710284
214.55,0.3275530594112558,0.16774743973884138,0.1860248722915593,0.15779476563628925,0.24393509091041682
214.60000000000002,0.32439609504978595,0.17294220898510393,0.18261908158796558,0.15556284655371516,0.24641643775318606
214.65,0.3202204096702538,0.17674875947859034,0.186722942461285,0.15915497213676083,0.24414552638850567
214.70000000000002,0.3135844638114003,0.17702464269437054,0.1969229727569757,0.16031930511307826,0.24557987801941028
214.75,0.3053777538521555,0.18111856428292306,0.19843882997634116,0.1561615978521089,0.23719005983254737
214.8,0.30529967674424846,0.18264199940131978,0.20275809378979967,0.15673212438740255,0.23771003610708089
214.85000000000002,0.3016551050928469,0.18433581041796043,0.20365181001274288,0.14595686040512654,0.23515806770246644
214.9,0.2888225642796391,0.1811826720675047,0.21170743122173538,0.14446972976623215,0.23929536692230755
214.95000000000002,0.282883861422031,0.17356990189786517,0.21599789050451487,0.14313645980822345,0.23818690086396363
215.0,0.27825786169821465,0.18018836477483388,0.21531876149968057,0.14788636360143392,0.23789341870115902
215.05,0.2728041332904632,0.18549234546488794,0.21466111014274558,0.15123228019521595,0.23600411098316332
215.10000000000002,0.2660598457081208,0.1892397653982869,0.2147684557561711,0.14162364532058738,0.2383161668613674
215.15,0.2574898663361709,0.1798768305940935,0.22176246846383743,0.14300733389708184,0.22708445496030727
215.20000000000002,0.2517302777511921,0.1879715359284213,0.2222033549804158,0.1374782515713528,0.2360239297519909
215.25,0.2473565241159315,0.18732149742098847,0.22410061408766785,0.14309450271331395,0.23235088444175492
215.3,0.23691406656279967,0.1910694144225113,0.22204408931226177,0.14329719821214124,0.2443489836108379
215.35000000000002,0.23630777100909614,0.18894862089547532,0.22169180214706097,0.1438239260211408,0.24211892995257753
215.4,0.2252205862656333,0.19704602818677905,0.22775013390889648,0.14808233847316796,0.23042540070639625
215.45000000000002,0.22104808550036553,0.19562059146905486,0.23646412168497366,0.15340028385916907,0.2385319836228746
215.5,0.21597282195577133,0.18747195847753007,0.2447756683945744,0.15728295502391845,0.24483684741674544
215.55,0.2124292309472729,0.1927035894932381,0.24177992464482864,0.16570425033937405,0.24461342584669815
215.60000000000002,0.20778113085117544,0.19938977040364386,0.2502698033253706,0.15651730799428185,0.24777243994295398
215.65,0.2110791054869255,0.20145322889653625,0.25750060250963697,0.16652427025222763,0.256391155369897
215.70000000000002,0.20798452024578318,0.2145051705297431,0.2624235509311342,0.16296950171515326,0.25700143502156997
215.75,0.21035739401747586,0.21773730904648367,0.27268620035629726,0.17405958253901244,0.25814310606408947
215.8,0.20186384443014652,0.22459697578765078,0.27069585587538436,0.1784213587161885,0.26088655710196273
215.85000000000002,0.19724666523713663,0.23121070976122549,0.2773598094640766,0.1875321572013397,0.2659593653226398
215.9,0.19228673831811136,0.23713648095106787,0.2719239611148101,0.18654572118407833,0.27437182353755923
215.95000000000002,0.18330876452945855,0.23494980150777597,0.26902329355344207,0.17751059404028544,0.27621944594803144
216.0,0.17678565332609236,0.23405410471678567,0.26922263249457545,0.18090253304954843,0.2715576135015574
216.05,0.17394112204263046,0.2349103684892096,0.27634358534780334,0.18179346189852885,0.2773289479901226
216.10000000000002,0.17864468539103207,0.24204880992784514,0.27730050676664025,0.18775021640747053,0.26981565556005516
216.15,0.18012430874921534,0.24636197660464434,0.28286808388445106,0.19062175317443628,0.26596971955071136
216.20000000000002,0.182843919042352,0.2558028267043382,0.2771706421843378,0.20448976473372688,0.2694374670135048
216.25,0.18675210512332974,0.26009894762990726,0.27187265071609706,0.20617654698544116,0.27220348905971803
216.3,0.1806084578906003,0.25151959990130496,0.2701527351251128,0.21086340599375597,0.2695482752262351
216.35000000000002,0.1735449027866414,0.2453748744152889,0.26801565290482304,0.19931340077045956,0.27038933010260724
216.4,0.1685992524242375,0.25165661775095755,0.26794588886685267,0.20505110513784885,0.26851992148478726
216.45000000000002,0.16755767184909948,0.2544403232171141,0.26887939090348667,0.2118644243056268,0.26925512486027237
216.5,0.17003762191880045,0.2568403087912011,0.26169963691004644,0.20498294334021297,0.2650536041045723
216.55,0.16369821295844228,0.25308580577354284,0.2617077689175227,0.19994773463079651,0.25910627492664606
216.60000000000002,0.16063336542706247,0.2500241301587585,0.25628194220757605,0.20842733256464385,0.26106524929229274
216.65,0.16063730000034784,0.2547229420278954,0.25202597455181214,0.20203318447515686,0.26495267313860715
216.70000000000002,0.16423162290761895,0.24762979467940355,0.25450549689860225,0.20697778775550063,0.27407090071270684
216.75,0.17233314336274733,0.25176956978824255,0.24556049623187107,0.2057290258713359,0.27391984945628434
216.8,0.17133091651323312,0.25916470347376774,0.23800601076879357,0.20233330450206038,0.2708573292400409
216.85000000000002,0.17641075146652588,0.25963235376704924,0.23886978417441634,0.2064449699390593,0.2675203094381764
216.9,0.1797741685851284,0.2590833685095598,0.23595973313735516,0.20305121382365723,0.26865311339815534
216.95000000000002,0.17361043031005455,0.24937213392024304,0.22534364048319422,0.20434899935833095,0.27591511210798986
217.0,0.17456508470930562,0.2461825314055675,0.22596250481706476,0.204626324347718,0.2845431754289141
217.05,0.1829081296379144,0.2457526262620798,0.22063811851041523,0.20100032916610108,0.2753880822879068
217.10000000000002,0.18083201685999598,0.25197043423628146,0.21340916544431818,0.2025965514119172,0.28235144217081803
217.15,0.18611969875829598,0.2478751535516483,0.210935093532009,0.19659841177961002,0.28032104829483867
217.20000000000002,0.18819501525766605,0.2431423097052118,0.2067008822223139,0.20166965585480764,0.2739392759825759
217.25,0.20163997745735673,0.23186721723737527,0.19954021314478496,0.191377461464153,0.27223785367350006
217.3,0.2087713538907302,0.2323739283130099,0.19575331031346668,0.1896343814319815,0.2645736885986168
217.35000000000002,0.21147276541985,0.23380862159020363,0.19966256699574012,0.19704752599120035,0.2576150441517537
217.4,0.221086114428846,0.2383919551989985,0.19932044823578293,0.19380627176846194,0.25800582766123414
217.45000000000002,0.22390800591728127,0.24201552527548006,0.19750137203670262,0.19063112838461438,0.26206774143895367
217.5,0.23112679173678313,0.23710801154063055,0.1934727136624313,0.19225764844877277,0.26432121926570046
217.55,0.2361949725115506,0.247705744263515,0.19451211248862493,0.19459178823891926,0.2672921051198904
217.60000000000002,0.23471851501371804,0.25000643050554194,0.19827260550971232,0.20623631120800953,0.2715972468884537
217.65,0.22711735087761575,0.24673500683254795,0.19704329539471538,0.21932020512888212,0.2845948808234191
217.70000000000002,0.22944993852014534,0.25489217289369126,0.19704443631230958,0.22044780280535656,0.2885885420643873
217.75,0.23243938874937756,0.25785462820549654,0.18963800472646378,0.21461908987573602,0.2917295639822475
217.8,0.2325307145545962,0.26103767134074934,0.17941340384907498,0.225069818879081,0.2976022103174574
217.85000000000002,0.2360524863445253,0.2574262440780569,0.17630093843231423,0.22581079892298628,0.2908552059981576
217.9,0.2389620046421485,0.2513784648451324,0.1733268858665972,0.22372912395847225,0.29108982134944256
217.95000000000002,0.2425508801804948,0.24317528411086742,0.1747427689720792,0.23492253449310507,0.29447092300235533
218.0,0.2451316483352161,0.241306381376477,0.16627807312501763,0.23823804413194732,0.30376422185636126
218.05,0.25008609057916475,0.2464865404824777,0.16403293630477464,0.2400402866912756,0.29989961835551393
218.10000000000002,0.2571294319150304,0.24108168250396234,0.1565044142640006,0.24962656145612014,0.3044739817010161
218.15,0.2628597464587025,0.24268775676260826,0.15457350055621252,0.24622028651429528,0.3004474585396758
218.20000000000002,0.2614107862415505,0.23695379080828696,0.14142816292041868,0.2440675977975816,0.30096811640705967
218.25,0.27034165120995773,0.23755678300793417,0.13240980508087888,0.2503571457192695,0.29039695982109803
218.3,0.2824177383345004,0.23882659355847768,0.1273698882170204,0.2425147901237106,0.291791585118722
218.35000000000002,0.2929369699288387,0.23109992825731954,0.12518230273023226,0.2324178695467553,0.2943206452535399
218.4,0.29835066269568816,0.22590298392713748,0.11582566087055048,0.23778143532406282,0.28747901196169495
218.45000000000002,0.3010071448040715,0.22083674468116996,0.10695209380014845,0.22971811839409942,0.2809704876799487
218.5,0.30139856424288125,0.21817529238979586,0.0976047403085696,0.2358563496600226,0.2832655520088442
218.55,0.30262513424460974,0.21400136502782954,0.09194682295092473,0.22834565184963834,0.2847504943846975
218.60000000000002,0.3110194309111462,0.2212918684348307,0.08773355437467041,0.22745202818260168,0.27731544274285785
218.65,0.3139384955068951,0.20354624812362518,0.08182243785667201,0.2237889710286141,0.2813685388844956
218.70000000000002,0.31175709745495783,0.20576221595426478,0.07986296841305449,0.2141057320308922,0.2846923128761367
218.75,0.3133038014549935,0.2014241829584598,0.06703592434671017,0.22967876335429854,0.28708011859199667
218.8,0.3162234516838703,0.20182635093049114,0.05901826337811768,0.22786322172111534,0.2930621346102944
218.85000000000002,0.3198478109467829,0.20646263015304378,0.05142067261851987,0.22174912487244855,0.2911719430280656
218.9,0.31851096534269846,0.19993377150008268,0.04357023415146897,0.22983617955892693,0.28346718049756714
218.95000000000002,0.3160777315128666,0.20164674884783207,0.03833278901429139,0.22118031564244978,0.27663635466647907
219.0,0.30866486557187695,0.1972108489959295,0.03654249070472229,0.22741911796982256,0.28230071195591433
219.05,0.306819594688879,0.19817973890391632,0.02884859254235237,0.22700357505710736,0.2850963913890461
219.10000000000002,0.2984461125763085,0.20055561272930042,0.022386568882913148,0.23023505935673608,0.2847138211769877
219.15,0.3003405043051666,0.19935125505456042,0.027113605275383385,0.23236059313730276,0.2832813510935908
219.20000000000002,0.3088852224707979,0.1917194202165842,0.028225802063686672,0.229261465837585,0.27885574901417
219.25,0.3163595720832651,0.18793635556595947,0.02756879821717509,0.21755420891395733,0.27987382215640033
219.3,0.3126150074744181,0.1867898127430151,0.03227673142233584,0.21624300021652482,0.27954308134348704
219.35000000000002,0.3099332057576295,0.1845026657397116,0.03801826568695229,0.20851841263654428,0.2735376906046366
219.4,0.3089955461817263,0.1798019240982528,0.041573352452903334,0.20767702746893943,0.2689132245970335
219.45000000000002,0.30718469998235354,0.1801928384373557,0.04228849169230441,0.21582678623626128,0.2773284555328823
219.5,0.3003352580074594,0.1852223174915562,0.05126667966336924,0.20534524335083798,0.28072618542892347
219.55,0.29069605776290214,0.17575638911213934,0.06325433806868122,0.21241434069666568,0.2769535106990864
219.60000000000002,0.2892412120209539,0.181557761478271,0.07820688738905683,0.21506871226870636,0.2681432167743136
219.65,0.27311886218345055,0.18480061501763215,0.09119464463020002,0.2188859016338299,0.26814518077106836
219.70000000000002,0.26847100888879905,0.18536380575714112,0.10058919057768777,0.2321469175225431,0.27082926017866904
219.75,0.26207282172142904,0.18411134001352605,0.11245228812387245,0.2333537735308778,0.26652161912749284
219.8,0.25396616230864416,0.18402552515998494,0.11977033179778988,0.2296814850215194,0.2633359715951759
219.85000000000002,0.25012093302556987,0.18116946913939594,0.1254396236824136,0.236757212957858,0.2503284267045527
219.9,0.24829503826343366,0.1787350076667581,0.13681561549420942,0.23650201115406716,0.2501372989945509
219.95000000000002,0.24299771943345855,0.18233340911389126,0.1513150046439584,0.22814900660821452,0.2505662708365386
220.0,0.24989636514551716,0.1846997233362349,0.161078375823571,0.22652426375894122,0.24440728802800282
220.05,0.2507836701941155,0.17871331951329675,0.17215265270375849,0.23411008180351967,0.23993643954867216
220.10000000000002,0.24752157075122605,0.1765720944775339,0.1857979164675084,0.23760062913756552,0.2441229369574214
220.15,0.23928073351877635,0.1799499235622068,0.19176457351586923,0.2320834227211257,0.2293881318407465
220.20000000000002,0.23457757123836318,0.17898902805998368,0.19808802234666653,0.22502696207958856,0.22314045486946407
220.25,0.23154570433011032,0.17974125624588477,0.20105956678576695,0.21706163110568982,0.22440341133940667
220.3,0.2235191558884708,0.17405112940844056,0.21245607495814542,0.22044004730238762,0.22241846095658052
220.35000000000002,0.21790964484506428,0.17738623411054266,0.22852155346733868,0.21940410312411845,0.230419421774028
220.4,0.21053535035801338,0.1851287458041828,0.23407838169210776,0.22034427098589374,0.23346426233438658
220.45000000000002,0.20620482996037492,0.1846579564308101,0.23877781032481576,0.22480308974394783,0.2336222550001692
220.5,0.19578710397335228,0.1857276441300197,0.2463564018247082,0.23096979831223172,0.22960993979417002
220.55,0.1867819690142683,0.18168954167291856,0.25641830021971895,0.2337661058075755,0.22425266374353645
220.60000000000002,0.18476917575833035,0.18807111085762532,0.25664305785966335,0.21975207179580347,0.22518312099853283
220.65,0.18197778867765116,0.1846014458895956,0.2674173462450691,0.2181815345834589,0.22038225369995607
220.70000000000002,0.1777421347713081,0.17853449415177106,0.27363428900696934,0.2157099465151232,0.21591415137185713
220.75,0.17310301525912183,0.18055714075648532,0.28131192059470245,0.2136184505499914,0.20908558265842012
220.8,0.1714978672555443,0.18247326135911268,0.2882933655111728,0.21237993701149194,0.206957663875663
220.85000000000002,0.17119170052382665,0.17764434099630483,0.2911161806497512,0.20541774925626863,0.20977811934749574
220.9,0.17224370017628532,0.17243988115670425,0.2982055488304266,0.20664515682591122,0.20331484856942483
220.95000000000002,0.16389396404694787,0.1820491788099901,0.2996395593649699,0.20659385305817995,0.19954372757326644
221.0,0.15829685445119712,0.1814501347722721,0.2925929367283667,0.20160086740736385,0.18827387775644291
221.05,0.15511847125851408,0.18308176755509065,0.2966533420030988,0.19183056714801242,0.18031571079703526
221.10000000000002,0.15128878367187876,0.18433513818948538,0.3033860683720144,0.18658632989396687,0.18631454278366774
221.15,0.14433103354015686,0.18294027399935597,0.3046957408807157,0.18291601971727342,0.18620335484601228
221.20000000000002,0.13769384042635346,0.18686668575743381,0.3107059210224968,0.18242238496639676,0.17857079285019403
221.25,0.13734481469393298,0.17850662450207386,0.3208286846751617,0.17996990233670707,0.1734146256224347
221.3,0.13450336076320252,0.1754550309423012,0.3254578678536837,0.18044527690427295,0.16996609392540654
221.35000000000002,0.12371582299536676,0.1746836381689274,0.33435264452496166,0.18994896815747875,0.17090292829642392
221.4,0.11874251713736327,0.17667640222299222,0.3332784930806706,0.18272114908195636,0.16827881730833347
221.45000000000002,0.11771112217976092,0.17928620511812093,0.33283252447768874,0.1823083486957805,0.17561868783685436
221.5,0.10598261788686919,0.18363093640188377,0.3309967091081657,0.17595741209591576,0.1782127180176831
221.55,0.09092799970337866,0.18090328331235941,0.33725292421359127,0.18297505112492105,0.18159491333751887
221.60000000000002,0.08564630207530527,0.17292573010198717,0.34336846177396374,0.175712906343098,0.17207237047466567
221.65,0.07576798969484463,0.17083122807588963,0.337939319519186,0.17455851895463462,0.1791004684016938
221.70000000000002,0.06590310479565553,0.17085956369315042,0.3439887554597989,0.17218972516584932,0.1773873541061236
221.75,0.05875966507509247,0.1712592243224786,0.34357965671479607,0.16501022951638974,0.1728523508196316
221.8,0.0622443573593515,0.17146843875693626,0.343533131036316,0.16101674260737434,0.17283386443656076
221.85000000000002,0.06186508729584191,0.16162852102166822,0.34230866687020106,0.15495014350704162,0.1738676594904755
221.9,0.061848571448587075,0.16026455225415573,0.34366588085926014,0.1474517521824095,0.17957570286710484
221.95000000000002,0.06459760952465284,0.16014356726886816,0.34172007162996165,0.153029865411596,0.18435724244275536
222.0,0.05433960520583546,0.16850261556667265,0.3344884911096938,0.1593538582780304,0.18653313515295794
222.05,0.05247367995163354,0.1651378319844718,0.3337628068081179,0.16099865645830552,0.1714137411770647
222.10000000000002,0.047392821867450204,0.16432150365975842,0.33416444953928476,0.15379844642084148,0.1678695392210541
222.15,0.04177836949603571,0.16300989199846294,0.3310694322689326,0.1614764821915181,0.1770884563053048
222.20000000000002,0.02769324743438852,0.16954899552676347,0.33038134806887476,0.16624399418857203,0.1823248865509748
222.25,0.02601877793263326,0.1704244584377927,0.3338466437674302,0.16136998322286455,0.171731014742314
222.3,0.024442684335266633,0.1701526248372112,0.32712793441654636,0.16026346439609485,0.17854418118798301
222.35000000000002,0.017674187855039932,0.16233765840331654,0.3228027577075149,0.16266639222689672,0.1703793267465502
222.4,0.020020330665968658,0.16832412143816253,0.3208093448317341,0.15805667416421182,0.16528032076264906
222.45000000000002,0.011220986317687571,0.1653272730371135,0.3202624907813411,0.16631996793318274,0.1696936954945212
222.5,0.010022181041921294,0.1717623734684163,0.31999055638080315,0.15741982199187776,0.18293413103724748
222.55,0.01417730104134294,0.16803500496490292,0.3145359423069295,0.16553445365403435,0.17374559633408468
222.60000000000002,0.027399476595711212,0.16433930456874202,0.3116321226244697,0.1636283005422961,0.17712314646080032
222.65,0.02898540001110938,0.16398466031443798,0.30595356236805665,0.1644320920165033,0.17946002141995193
222.70000000000002,0.03301680084764838,0.1585280672747821,0.30266190067812065,0.16818066298604253,0.18006272366199882
222.75,0.040453621968901995,0.1636339599557104,0.2993749448906749,0.16933026171679055,0.18998202622902471
222.8,0.051468366237673306,0.16732844209637737,0.2876689322520383,0.17694389581980527,0.1893697021225486
222.85000000000002,0.055601435197757315,0.1667972659357624,0.28511287270882396,0.16594260313619774,0.20359215225519645
222.9,0.06006184612156386,0.1588293511225296,0.27424843391705594,0.16488102747881705,0.19794075677263492
222.95000000000002,0.06311104330791663,0.16021473218565038,0.2650811488863062,0.16939866494217223,0.1821615700392751
223.0,0.07024512292939672,0.16294512219247,0.2627247894486749,0.17177045077081984,0.18065860522786617
223.05,0.06935781273826819,0.16226140401632774,0.25183339266817756,0.17825447868207825,0.1773078672676156
223.10000000000002,0.07338032602804995,0.1637875857553572,0.2500216853900043,0.17270390150891052,0.17971961044128923
223.15,0.07445653721779222,0.16522764418219038,0.23901350027143387,0.17595102787079192,0.18555708170312615
223.20000000000002,0.07708454077030583,0.15760349169951834,0.2314275682284531,0.1686436204781531,0.1825232690948
223.25,0.08343485960138666,0.15164881704266453,0.22435092616778568,0.16355815441379382,0.17800416950616244
223.3,0.08274108394524296,0.13939289991694342,0.2104965306942664,0.1564018947537373,0.18106788132537638
223.35000000000002,0.09118227060645252,0.1355047447645862,0.19885063985631793,0.15955510483470503,0.182865097356822
223.4,0.10110150904774266,0.13646809510910118,0.19034482529815763,0.15562823892934508,0.18850119270195043
223.45000000000002,0.10515560010987066,0.12398721634221464,0.1846265995204042,0.14780399640617442,0.18540746872204916
223.5,0.11654856360913741,0.11845957355242993,0.17226738362326563,0.15152568341074588,0.18353763549032598
223.55,0.10874454385393137,0.1276371079329451,0.15729610492779258,0.14245605238413514,0.18293961232167005
223.60000000000002,0.11303006515882993,0.11875893807693175,0.1476716107711921,0.13832178357468897,0.18093542318152891
223.65,0.11551809584066769,0.11388252381305637,0.138283904977561,0.13379240482120852,0.18774462303761522
223.70000000000002,0.11882112273078875,0.10432729488604368,0.129412094675565,0.13070279712936955,0.19235495289913715
223.75,0.12236391034479234,0.10698568371761821,0.11667420662076951,0.12593647005543157,0.21034821899399178
223.8,0.12513293890812877,0.09586253545590852,0.10562357727972095,0.13211519367994276,0.21927956237720395
223.85000000000002,0.1317519125020593,0.08520940002619748,0.09315504505835091,0.13092133737202125,0.21941557739382367
223.9,0.1328798823004177,0.08844930880221707,0.08564412889165134,0.12745280529558972,0.21800796121726024
223.95000000000002,0.13032997224025722,0.08466367211429376,0.07558187013767509,0.13624940543097028,0.22809888300989922
224.0,0.13500006582693627,0.07462066639646568,0.07414915741550356,0.12736771780920877,0.22764325957865397
224.05,0.14153095559672027,0.06721909865842875,0.06054849842952994,0.11668948578534805,0.2314245920115572
224.10000000000002,0.14121010455488386,0.06719892225891298,0.05856626214799527,0.11758717184934249,0.22348598779157927
224.15,0.14146267763565176,0.06667607116299919,0.05400840014052459,0.11703880065599276,0.22555582190489273
224.20000000000002,0.1415816268056655,0.06080349695055464,0.05353915790342348,0.11685249277111887,0.23100125354848963
224.25,0.15396777178859422,0.06023375785250284,0.05261116054647984,0.12154755944692514,0.22569835739494537
224.3,0.15705554909701624,0.06302630462123425,0.059997442307524934,0.12161734257091504,0.2307895232505326
224.35000000000002,0.16939717655577982,0.06254511279409211,0.068023373494813,0.12397932745931492,0.24141622587734332
224.4,0.17209144222141862,0.05581252776394194,0.06651309706437909,0.12053634449135402,0.24153769135555658
224.45000000000002,0.18274093665950172,0.05330196540907109,0.07131329602374255,0.10628208534830591,0.243158220349725
224.5,0.18280705756826737,0.0424162946748559,0.08391499012085672,0.12097274323631603,0.24243916487936054
224.55,0.18967924517611595,0.036828607339892586,0.0968797062122118,0.115278967591967,0.23582068837388856
224.60000000000002,0.19360462471850456,0.030057244163904664,0.10379273730567906,0.10776883546595281,0.2402205052666343
224.65,0.19685915533877396,0.02220836604019486,0.11524097346430978,0.10404973796540898,0.24007220700111484
224.70000000000002,0.19607118034030524,0.017065500399083097,0.12342635924089494,0.0955836566142245,0.2512782449358025
224.75,0.1990668711371392,0.017667508572682882,0.12563619972327003,0.08375935042569387,0.24530824420549266
224.8,0.2050980479514506,0.020784053979189306,0.13226498476746482,0.08683033506522674,0.24670882868483904
224.85000000000002,0.2111350097854828,0.023258094126865886,0.1390275460543524,0.07725151065511657,0.25304763732946767
224.9,0.21746381969711917,0.017702526633370737,0.14236447262208524,0.07841733089166664,0.25777855671359184
224.95000000000002,0.2232401027967647,0.01904866727247351,0.1521585996863821,0.069477038023856,0.25915735105952464
225.0,0.23759394888349336,0.020295596074918962,0.1624040833974128,0.07280505644805217,0.26543396626827465
225.05,0.2421759809435311,0.016551041073380714,0.1747788328334251,0.06930145954166664,0.2754726036187811
225.10000000000002,0.24903256231590692,0.013624521126089993,0.1832860857579571,0.0710926873661884,0.275416078094079
225.15,0.2515302414472639,0.014615588253085099,0.18886422791408344,0.0694124998455619,0.27261413974830406
225.20000000000002,0.24904946652025328,0.01148170017123164,0.1986239101474359,0.06967555911879623,0.2778531992463349
225.25,0.24566972818260233,0.01869523084092307,0.20479082277509855,0.0607240259546987,0.27624512243846555
225.3,0.24525857052056488,0.011824046442590865,0.21499490674385355,0.057823574421230976,0.28139799450491476
225.35000000000002,0.2446999946433849,0.015935666716001967,0.2197450850864147,0.055199833104323665,0.2818462844994893
225.4,0.24228472216352703,0.015118183902672336,0.22797069836913159,0.0504167298753846,0.27360261158492005
225.45000000000002,0.24559433108638118,0.019540744836799098,0.2376121302881658,0.056104990997073945,0.2765810527427464
225.5,0.24973000387571972,0.020526182829271336,0.2471758240214805,0.06417866354093722,0.28475495555642855
225.55,0.24914192229154408,0.016753929107757155,0.25778294692257087,0.05815760180416411,0.29160503685532213
225.60000000000002,0.24175691040484096,0.029633494603460132,0.26634081001674814,0.050537518575599814,0.2893230444367996
225.65,0.24011398284989519,0.031867740168656046,0.26911105490040593,0.0590113727263728,0.2938054345300259
225.70000000000002,0.23314995069432487,0.04247373818139805,0.2755337608696361,0.05209767738591143,0.3034550200477008
225.75,0.23319025450289163,0.04002214752735924,0.2834738569834056,0.046972680186695176,0.29993363305888887
225.8,0.23236469490813239,0.04128368067974333,0.2856455876126004,0.048887783074719846,0.29263692676225406
225.85000000000002,0.2291052751520099,0.04536240361291513,0.2977088037309626,0.05563961027076817,0.2993022357952617
225.9,0.22877832114360924,0.04695428535022799,0.30144165950597857,0.05013194160856263,0.3052757279302613
225.95000000000002,0.22584335863701643,0.04473351435670492,0.30865125596024523,0.050651101950933225,0.31178676839099495
226.0,0.22234780534563794,0.05172954968708521,0.31249651925324695,0.04428942513312679,0.30830170509839294
226.05,0.214025919020025,0.05378470899300474,0.3189471154629977,0.04389657552290282,0.30766809635643444
226.10000000000002,0.21140721444389912,0.04824039383817762,0.3238453319279483,0.03827752685757522,0.31814357440545993
226.15,0.20706341375014223,0.05235785548713563,0.3384755400345702,0.043586058910660856,0.3128815818974369
226.20000000000002,0.214555352160091,0.052750631642849884,0.3426918588204439,0.04307197084854947,0.31792155295065216
226.25,0.21953513186714144,0.048598104579203626,0.34531455350296436,0.042676189569209565,0.32967395356922385
226.3,0.2309819648265621,0.04700971530321018,0.3467327153373011,0.03909621985784786,0.34009588854679607
226.35000000000002,0.23966892689852673,0.05348981699513653,0.3574515029405581,0.03906207754873378,0.3371396902267544
226.4,0.24529659989906175,0.05461980643036478,0.3594003897477222,0.04355701458101708,0.34987226223722956
226.45000000000002,0.24483902655205114,0.060594430630774195,0.3610729120296985,0.04015682981067722,0.34647043207310363
226.5,0.24255954842107647,0.0644107484035781,0.361868627717368,0.043836164172044514,0.3503942661680791
226.55,0.23659341037224965,0.05796461399150981,0.36890098599664567,0.037727620996759165,0.34264043630574675
226.60000000000002,0.23698593985803407,0.05200358828914898,0.367287234314623,0.03901235965618991,0.3436761281919058
226.65,0.23052930397792637,0.04964173834467328,0.36668420128102586,0.0322182591263683,0.34514520144426764
226.70000000000002,0.2250712488731324,0.051637920974633246,0.36102510398806453,0.03045144723036546,0.341520058667863
226.75,0.22714973099054525,0.051989048572392,0.36406721784943297,0.03237953785413434,0.33362798728221166
226.8,0.22601564387790632,0.05132484372950055,0.3675484496585923,0.02447718358920389,0.33575039198844686
226.85000000000002,0.22418904133918258,0.05653436718866299,0.3656143289568242,0.027635655535969958,0.33711400192443663
226.9,0.226266759209773,0.05427687367152581,0.36846387951708803,0.03128329937094512,0.33142106952104555
226.95000000000002,0.22478117391418798,0.05787810947634573,0.36833044831374134,0.03787323152458123,0.339134241138711
227.0,0.22138813032426735,0.06216562993378576,0.3732863305051486,0.029501225888726775,0.3334149262976569
227.05,0.2209214552319655,0.06483759658094514,0.3753804644485771,0.03814333204382099,0.3425479838078761
227.10000000000002,0.2109855780092736,0.06667968333899706,0.37619499462398825,0.04485929237582862,0.35119056700152596
227.15,0.20750961268929283,0.06708014407643523,0.3666509886041939,0.04656128179098203,0.3402345809331918
227.20000000000002,0.1996052393016539,0.06638259551069084,0.36758441808399767,0.04965944957732895,0.3464984085023125
227.25,0.19624573650068963,0.06582178582964932,0.3676181916378823,0.044387388259759596,0.33933947027525946
227.3,0.189183739905656,0.06631843546934006,0.367414385241925,0.04483408011734201,0.3471834301083
227.35000000000002,0.17991028546839102,0.06849868614959799,0.3666400733404,0.05196584086081006,0.3542777978908824
227.4,0.1806890781349595,0.06693602702925838,0.36647894942813064,0.05551057714346161,0.3583903445464404
227.45000000000002,0.18033115286515358,0.06945338925924352,0.3631774926551007,0.056125504725226885,0.3730547902940263
227.5,0.1787041012604237,0.06937492298229135,0.36410692764692787,0.06115406767536827,0.3741998521414942
227.55,0.17272486955855165,0.07752221651518383,0.35968570424456325,0.06300404923134059,0.37439364255711727
227.60000000000002,0.16572408558185223,0.08023677791385062,0.35654331789862415,0.07389479759900996,0.38094230661680706
227.65,0.1588879982322006,0.09232576818023043,0.3482387575004629,0.06803720556263412,0.3720921907494317
227.70000000000002,0.1584645196127638,0.08881857241080458,0.344954534694611,0.07084407488153695,0.3666001365287192
227.75,0.14912866895665775,0.08183876716793947,0.3413141675820062,0.06122165876239056,0.37618032796979756
227.8,0.15462191707449735,0.08602698943442706,0.3342984133434026,0.05341871673662283,0.37366071465670075
227.85000000000002,0.16159661776053227,0.08929820425229959,0.3233389624803721,0.06144532927403238,0.3727879045367702
227.9,0.1543786298213437,0.0922563288954087,0.32296305462685265,0.05718437376712928,0.36616201327968717
227.95000000000002,0.1449993601446675,0.08704561564931503,0.31405874211439344,0.06389995502218558,0.36714711526671273
228.0,0.14728008764094225,0.08788117908602935,0.3146962021091401,0.054778776964312444,0.3685432516401779
228.05,0.1452754001944731,0.08705231620877958,0.3095183192576263,0.060468053312926553,0.362045076432485
228.10000000000002,0.1434589454410759,0.08965045871517723,0.30252986018754974,0.06331881878813961,0.3720624249728803
228.15,0.13188958607728293,0.10090911668780485,0.2952527641432334,0.06784177972021822,0.3784076859888032
228.20000000000002,0.12613920813718665,0.10262848193198101,0.29208531946654065,0.06415333507142952,0.3777542935408914
228.25,0.11995268384302102,0.1082228233794412,0.28698414809478856,0.05371922466685126,0.37782703557776276
228.3,0.11089592499422209,0.11621721087050657,0.2824067345818901,0.05384684740324046,0.3690335950334154
228.35000000000002,0.10587068246084282,0.11487534710981362,0.28087787374699164,0.057472988361570845,0.3703144585551977
228.4,0.09718054007762635,0.11172169657327023,0.26643871263182894,0.06544108438413739,0.38941885186062575
228.45000000000002,0.0896442140926962,0.12120631325141533,0.25617748699976306,0.06088301830557333,0.3810530117374481
228.5,0.08853900097540358,0.12983083337637338,0.2461595560656262,0.06012426171620828,0.3855291912611758
228.55,0.08858004784072668,0.1283226921933687,0.2394671568837875,0.061126415126770875,0.3824763784125999
228.60000000000002,0.09283286230185188,0.12655008352444502,0.23582348821294993,0.054742303905267686,0.3784627091226287
228.65,0.09323976578619136,0.12585389912540298,0.22617162282294187,0.05280843820791395,0.38124724146857264
228.70000000000002,0.09075769957169433,0.12159738484559622,0.21815769618902545,0.04677234582349339,0.3819248218288432
228.75,0.08245567785077847,0.12747351327352444,0.21657376360695513,0.03914829737241131,0.38168449913740643
228.8,0.08164498795684887,0.13451797888355094,0.202935823764736,0.04542300461819295,0.3854707001306539
228.85000000000002,0.08634491853972394,0.13408649265463995,0.19361701722321095,0.04597869692880696,0.374229765797233
228.9,0.09528244157063678,0.12706072559882473,0.19404493740252485,0.04426265334405907,0.3693416078034405
228.95000000000002,0.1002195012231884,0.1282100216516296,0.1876229788333628,0.0387248826939252,0.37226475700502676
229.0,0.11216212656059756,0.12387336034888824,0.17130802746949148,0.04435834373890081,0.3686119488386937
229.05,0.11463272160200058,0.132426320133119,0.1589337222305745,0.040952429111266016,0.36344805123872687
229.10000000000002,0.11584598867465253,0.13056881496184883,0.14315774688277774,0.045364966699966515,0.3543787870980926
229.15,0.11840787851653495,0.13523074517322367,0.13684692513901459,0.05120555666675232,0.35202626141363047
229.20000000000002,0.12158136419102661,0.13680782500857588,0.12902057674768816,0.05037890389257672,0.35164471506159356
229.25,0.1300810764578133,0.13842086333859552,0.11729415881357282,0.06192507599811129,0.3591644779948752
229.3,0.141911149270727,0.14954285083101948,0.11199232120479859,0.055186400912972715,0.3549851457661894
229.35000000000002,0.14301538676741374,0.14395217399507762,0.11267659265624612,0.05875953261819184,0.3523135080589436
229.4,0.14253928310076092,0.1381509118251604,0.10882522880049428,0.06056496729979151,0.3544671234203796
229.45000000000002,0.15424888991047855,0.1345292598669985,0.10388307610885833,0.056412748434503106,0.355109330397603
229.5,0.16477054113727793,0.1261033763983335,0.09952991129337568,0.0547819454307407,0.3518360648667496
229.55,0.16921248852129672,0.11869138018749205,0.09341254099763256,0.050612202783547805,0.35666658661541095
229.60000000000002,0.16767901287154685,0.12067739846217912,0.07860925819356562,0.05525686403160714,0.3655641288985131
229.65,0.18015721274048457,0.11763283056621208,0.07207875079861503,0.05574949190250572,0.3540266896434417
229.70000000000002,0.18028153229097027,0.1256378667034343,0.07193780731783794,0.04339451403647362,0.3612441635277571
229.75,0.18851675254303119,0.11267080232713131,0.06360987290026719,0.042052351440354824,0.3629512111343386
229.8,0.1896213718588593,0.11460495050097119,0.05539841100715017,0.033530820748627906,0.35745631493403457
229.85000000000002,0.1940984286979935,0.10720200376765904,0.05554535131071417,0.033871230558901594,0.3538541168494863
229.9,0.20209870046110354,0.10236684277721292,0.05919111980609639,0.029457299669675766,0.35137968610321857
229.95000000000002,0.20773673545996965,0.10783607843221721,0.054079929701080644,0.025998563774720443,0.3498624836781592
230.0,0.21601643870278986,0.10382783089091185,0.0518748432332644,0.03315945500828805,0.3431636809497837
230.05,0.21358961711488023,0.1035111864829444,0.049869351778623366,0.035416035266695414,0.33600104019757904
230.10000000000002,0.2246543959171607,0.1047729844422172,0.056043653280245284,0.024228590464364413,0.3264032099606891
230.15,0.22977846885707198,0.10436841826677212,0.06011478067707442,0.03616237990055524,0.321271287700803
230.20000000000002,0.23710044521825438,0.09920929924973318,0.06627763045406428,0.02665005899979233,0.3058998080433353
230.25,0.2442717884297289,0.10747307003491756,0.06667340326541765,0.02793682065233324,0.31232995284689535
230.3,0.24979321266025362,0.0967352110605537,0.06800696280219745,0.030763763215723446,0.30101719129986326
230.35000000000002,0.25230316924391044,0.08699940261059393,0.08032858622578352,0.019186682270654454,0.2921822321240899
230.4,0.2576000205277286,0.0760256426564481,0.08855111331973187,0.019881690962807754,0.2853831704224174
230.45000000000002,0.26429739805229985,0.07672045644345617,0.09974712464061243,0.011928460716859645,0.28201499765336413
230.5,0.26670974717230794,0.06980244172540907,0.10632220061385105,0.02228659721296139,0.27299716168219357
230.55,0.278095839960715,0.06901967105373295,0.1172588398655645,0.029066221342814735,0.2720889403629026
230.60000000000002,0.28657569099213476,0.0668957920023592,0.11776716001207607,0.01894207822585989,0.2740422533047398
230.65,0.2916194503724317,0.06652979152463144,0.12725016390427155,0.023667225511789746,0.26639557795055957
230.70000000000002,0.29521943012321583,0.07140347320266174,0.13295967735117148,0.02876758235409037,0.25842259956016034
230.75,0.29692301494636575,0.07459880851533417,0.14201179012963921,0.023237218803751205,0.24784485468157189
230.8,0.30032867403938285,0.06634683133620983,0.14497938823304274,0.018313229579303845,0.24508135767682593
230.85000000000002,0.30579405693133727,0.06640931404445508,0.14769267366008698,0.023954397481211365,0.24704517346464694
230.9,0.30560862517614085,0.0651153570939082,0.14852833725631576,0.021165668697714347,0.22805070595418664
230.95000000000002,0.3166693001070989,0.06331938300925906,0.1588921778469044,0.02046246275844638,0.23062767060026668
231.0,0.32041958399525516,0.05877991242251903,0.16120077218175716,0.021729066330693075,0.2156394213392965
231.05,0.32833956742814396,0.059576579738425554,0.16321352016572355,0.033300153657387824,0.21972603827734083
231.10000000000002,0.326793014414582,0.053687838708612254,0.17434408450179942,0.02280605667943464,0.2099803415531437
231.15,0.3174480211906984,0.051816856058735705,0.18215274639095486,0.0220746670773033,0.19926727629742474
231.20000000000002,0.32756911811712425,0.052209252404875825,0.19584246495268803,0.01962743258913803,0.21020220008621446
231.25,0.33049799196906265,0.048649653337495324,0.19760388092712233,0.020807856559616093,0.209590248027016
231.3,0.3393170559511953,0.04386695862533556,0.21128313051595685,0.02317976965091614,0.20518880941740983
231.35000000000002,0.3438300585096514,0.042081391495247165,0.21317011069708594,0.02590585943337576,0.19486240321342913
231.4,0.3520725795795291,0.04105430658843448,0.21771299640596017,0.03689687300193455,0.18927231395041272
231.45000000000002,0.35040790637101416,0.030111812043148733,0.22007773230957384,0.03599644709504561,0.1857490075066434
231.5,0.34707155096494696,0.033296055805263285,0.2365336329075009,0.04633259828066909,0.18315452045718447
231.55,0.3454363281357519,0.04071205639391919,0.2464089205690688,0.046964567545852653,0.1813039743165689
231.60000000000002,0.3357677282177751,0.03497551071529867,0.24957881891717326,0.05059404967756386,0.17968588421651646
231.65,0.3349277247940702,0.028668317873842736,0.25232551020048966,0.05014707319430892,0.17841119726626656
231.70000000000002,0.337213034793906,0.029394535314727775,0.2577510507432596,0.0492982353443176,0.17223963703500184
231.75,0.3352293163615804,0.03509418786813496,0.26324867811183533,0.04746791742110178,0.17358942700711685
231.8,0.3291083264999818,0.028451648871596923,0.27145846191543616,0.04943087878678752,0.166964490383407
231.85000000000002,0.3290168923058909,0.029463630477072324,0.277736978806085,0.06547478983292726,0.16653438663444314
231.9,0.3274369546114149,0.03554734425171044,0.28182569752350173,0.059169871156902455,0.1554351401930754
231.95000000000002,0.32856642857539475,0.027453644679223642,0.27788200366757,0.0649928513190409,0.162474622418214
232.0,0.32950975338513955,0.03555024615201801,0.27895292502868324,0.0723594899684375,0.16060085808177152
232.05,0.32902354490122987,0.03629287388249159,0.285726243298696,0.06135021367046569,0.14894601036981545
232.10000000000002,0.32621170446794434,0.03217712373103266,0.29036795947597566,0.07367781732014328,0.14090815423210154
232.15,0.3206499172806162,0.026538885011655158,0.2953503257482045,0.05681938769338386,0.133454587587828
232.20000000000002,0.3212508916120481,0.032956548165037354,0.2953451477547741,0.06489185859460074,0.13208234604154515
232.25,0.31552715725525937,0.0213639129314345,0.29724897806843215,0.06518290474693773,0.12820157962541992
232.3,0.3134480215589735,0.02223217824670061,0.30536859496897895,0.05142524147366699,0.12984427748520425
232.35000000000002,0.3140239340051233,0.01889170624207497,0.3015285418947887,0.06315010130816337,0.11897862303733807
232.4,0.31510661346623325,0.03007982315446566,0.304734905473909,0.04905699357808728,0.11968464788216848
232.45000000000002,0.31587317704748813,0.021519252654013304,0.3002017225334913,0.051904791208428745,0.1199903742433735
232.5,0.3114870157333024,0.01890258354670677,0.2993326724047239,0.04497483885570621,0.11604910276064542
232.55,0.31387095373371976,0.015715105223080224,0.3049486343866309,0.04558216650899808,0.10951842318343935
232.60000000000002,0.31046862287538773,0.010370804031918283,0.30406206236067923,0.038768376536450364,0.10865920472057636
232.65,0.303893388243244,0.0070114152180917,0.30098578273092585,0.03783952945262986,0.11516540285723631
232.70000000000002,0.2936049044323266,0.00946557062642941,0.3037782005028411,0.04003621879465955,0.1168316658272827
232.75,0.29319283380075467,0.012470123160573061,0.3081012881079323,0.04637662703059149,0.1117379749221473
232.8,0.2850486926851719,0.017477331836184877,0.30413339237470116,0.03812772564028512,0.10422829973816729
232.85000000000002,0.28099944639404145,0.02087959678335904,0.302623285994574,0.03379850969830419,0.09832014467005333
232.9,0.2715077191741279,0.025064596825084065,0.3049988039990231,0.03497013706680573,0.09709897845044078
232.95000000000002,0.2701892735957419,0.030415033372564668,0.31103210611224236,0.03590361809401144,0.08291502783728165
233.0,0.26570094803093447,0.034682655394601275,0.30983310205625586,0.03704435267820937,0.09249262931596217
233.05,0.2628377373290984,0.03815265290163979,0.3196447446148671,0.03683152200294429,0.10253757199095175
233.10000000000002,0.25218633985509487,0.04430956691646501,0.31814150727638274,0.02522165053194049,0.09874367323377456
233.15,0.24292916338803874,0.047539466412517405,0.3210968079215632,0.03384677529456056,0.10013601366419447
233.20000000000002,0.2371029011110739,0.044441092606842814,0.31845878303819747,0.036507926369335066,0.100630253979632
233.25,0.21918966078294908,0.0436994524470827,0.31429217780034807,0.046052814233139894,0.10341710080558322
233.3,0.21831799086797454,0.04088503867346642,0.3130167394279358,0.0485351301644383,0.09286614389061852
233.35000000000002,0.21541806373840938,0.02853213943883006,0.3132937400272882,0.050702263239023666,0.09923233040042999
233.4,0.20297895558112466,0.04371971900673745,0.30957359503724957,0.05243005789375009,0.09631350821333282
233.45000000000002,0.1992686101774536,0.048662615683596984,0.3077676806527334,0.06151899356270782,0.0897312324533178
233.5,0.19059290714120125,0.04543227669704589,0.30701488897017265,0.0714833899405232,0.10012690188023371
233.55,0.1814593505458934,0.04683401394570862,0.3049635260332171,0.06968472201739022,0.09338939027991151
233.60000000000002,0.17506349857749678,0.04374615753516951,0.30809768515234237,0.0786696609206053,0.09293710984623214
233.65,0.16504102451062716,0.05075276042720619,0.31219770797316576,0.07332626908858492,0.1036728586147713
233.70000000000002,0.16131225311218614,0.04423245971696921,0.3099233571158862,0.06561639978904553,0.09917862627186784
233.75,0.15685186287519018,0.04065981782757834,0.30664030359085787,0.0686847391437682,0.0876007303023508
233.8,0.14926293590869688,0.049588573360798874,0.3103382587899887,0.0797291344000638,0.08526763197456462
233.85000000000002,0.14584356136905108,0.04777079983172818,0.3047172577779537,0.07123643086775563,0.08512885721883799
233.9,0.14020787934098153,0.041161707947431875,0.30016720193804475,0.0743304107196356,0.08803326961880727
233.95000000000002,0.128723878812115,0.03949520060602066,0.28730130122555103,0.07055325803206218,0.08624754893365202
234.0,0.12738442465279362,0.03919782121672345,0.2881122463219637,0.08505456574767688,0.08367540095010223
234.05,0.11366870463756518,0.040865225552608325,0.2897579406031857,0.08375801334091337,0.08449870668036395
234.10000000000002,0.12320528238529924,0.03717969094035968,0.29126165006757354,0.08097027109270175,0.08604087943074469
234.15,0.11692925509754537,0.03392371463467603,0.286058397403345,0.0765731936413563,0.08947362585870036
234.20000000000002,0.11439014713256135,0.03485258900653959,0.28551698962376315,0.08102827173603992,0.08813873856396513
234.25,0.1109036607590164,0.03835072662460042,0.2877046546061723,0.08373134973550966,0.08742254098134394
234.3,0.10780519406765103,0.027740242795551043,0.28428197706725683,0.07827405867756988,0.0832498363912341
234.35000000000002,0.11075835556489083,0.03552606423352838,0.2821905067732184,0.07782169538991301,0.08637396648207382
234.4,0.10957753080897895,0.02977758382103821,0.2781331498307595,0.07745103767216908,0.08694494213732983
234.45000000000002,0.11106431473520695,0.03891973641452036,0.27686124739531587,0.08970847255486297,0.1059978941219856
234.5,0.10777538589474635,0.048029258926687926,0.28111937199773157,0.0918889265507741,0.10981096532041167
234.55,0.11164155458773661,0.052190058072403823,0.28350674288643873,0.10399404800633857,0.1124267030463369
234.60000000000002,0.10896372018325273,0.05719420703033239,0.2826140714885025,0.10647376669813366,0.11437064582466985
234.65,0.10982213951914069,0.062239010884321835,0.2802099119528216,0.10741567902976155,0.11798104580468484
234.70000000000002,0.10643749340883098,0.056795356356108315,0.28433166988345004,0.11756075538963377,0.11482624710129785
234.75,0.10462700971121644,0.06623131033438238,0.2799751836852478,0.11754258730726384,0.12088821147194918
234.8,0.10364529549777385,0.057019874421016255,0.26791663334325605,0.13250030771973784,0.120551557681445
234.85000000000002,0.10669087138276337,0.053662981861013606,0.2670304274181716,0.13237163421645848,0.12528220025948955
234.9,0.11351776597374028,0.052378114509118216,0.2744588896788948,0.12901888753370302,0.11914787314063496
234.95000000000002,0.11815743518716319,0.05261186231031534,0.27757188267828653,0.12597473095690345,0.12490745539007099
235.0,0.11509268695619565,0.0522646588671856,0.2686268804059398,0.12731117943691012,0.12986802932188332
235.05,0.11435157109836411,0.053560637489445444,0.27302233540424553,0.12277255448921873,0.1278544124471635
235.10000000000002,0.12419703341155722,0.05284363357457179,0.27284503469102184,0.127793168905212,0.13363388934864126
235.15,0.1188319548156401,0.05166703178848051,0.27180015468649327,0.12437964266702131,0.12577389629074626
235.20000000000002,0.12830607956680282,0.053807029608047924,0.2668196760931554,0.12139001882796147,0.12886032855914598
235.25,0.12963465466848792,0.057683542198326915,0.26503850888599745,0.12983914063909144,0.13377061437090587
235.3,0.1334965094571613,0.056577952517604065,0.26053418826370495,0.1382969374747468,0.1360789317886944
235.35000000000002,0.14771135609603858,0.060249399917195565,0.256312492264494,0.13358513444870068,0.12920532725637945
235.4,0.15055582040467486,0.06272845195279719,0.249111168321487,0.13640589618381055,0.13758018683770099
235.45000000000002,0.16092703470171982,0.06516100974729731,0.24543517371587473,0.1387459503121393,0.14232540132154498
235.5,0.1625755621762732,0.06460869973783806,0.24262586956641197,0.14005549595390113,0.13933847186502507
235.55,0.17142240729206687,0.06806627335115542,0.2425604106133793,0.13053060710804953,0.14575624618052022
235.60000000000002,0.17572332703727603,0.06207833878431113,0.2374573545275654,0.1358637472227982,0.1645404939658874
235.65,0.18034807628777355,0.0672008058387641,0.23330047201272003,0.1268901944185755,0.1654537291713969
235.70000000000002,0.17835373333496787,0.06473702183380181,0.22055623056543033,0.12505210240978462,0.15897185782532444
235.75,0.18113690221358794,0.06900227333351677,0.2208616132833028,0.11946290239868568,0.1583790402207837
235.8,0.18555473289462251,0.07408942601559532,0.22014740936362825,0.12261211767400333,0.1630761927215882
235.85000000000002,0.1936092915959423,0.07207190890928862,0.21767353841563822,0.12937473996216184,0.15470309781511823
235.9,0.20348390299779295,0.07841484395946231,0.20647474982753897,0.12372889670370531,0.15289344600502436
235.95000000000002,0.20951879837294626,0.08328065581774628,0.19662100332814786,0.12885750893505274,0.155098655465504
236.0,0.21500347595551797,0.08061487007963494,0.1903434690846738,0.13074563011352933,0.15490897601076728
236.05,0.21685256262795546,0.07789298505442087,0.19180527520342627,0.12653072475012075,0.14837094015165223
236.10000000000002,0.2191573969614317,0.08264161296065656,0.18845440414293005,0.12459307813505303,0.1495950978253098
236.15,0.22804962094943407,0.10051489874446434,0.17920499628894465,0.13200672712616549,0.15309455276156167
236.20000000000002,0.23202238865946065,0.10349221214692679,0.16830235082824163,0.14000352566276666,0.15843377537768655
236.25,0.23533010229608278,0.10567787184858457,0.16069418695483334,0.13697360648797605,0.1577705488183252
236.3,0.2354901652162548,0.10138319373969103,0.14827855615255695,0.1399577231818567,0.15365411015551136
236.35000000000002,0.23588769150649638,0.10591862045342924,0.14344432960711812,0.14152468842188848,0.14834544633865482
236.4,0.23896378812130026,0.11114680386478233,0.14059012721835995,0.14574665770060388,0.14988597918356508
236.45000000000002,0.24163222844731042,0.11885637220436839,0.14059093301890013,0.13722777216509666,0.15420848776887108
236.5,0.24147551241472828,0.1201714002360215,0.13322888706597102,0.14721786650834168,0.15021292158508806
236.55,0.24521868290239657,0.12387848201198948,0.12861624357605952,0.1472469816204924,0.15682477987031834
236.60000000000002,0.24648782853054807,0.1281899591137453,0.12804560030488893,0.14804259818096208,0.14858035407832004
236.65,0.24928736703469487,0.12898257924067422,0.12293952588813743,0.14780697424938138,0.1554715109740245
236.70000000000002,0.25756655374431314,0.1361085383223298,0.1226914810019563,0.1520084128390515,0.1663179895664613
236.75,0.26445235310288956,0.14529983240947836,0.12119303998765532,0.15530803726932801,0.17685849256357397
236.8,0.26092275609875476,0.14755950052832612,0.1088206623553958,0.14826124171457572,0.17660442843997537
236.85000000000002,0.25512072122553203,0.15439057305831033,0.10646996534937428,0.15067482768843668,0.18462365463887306
236.9,0.25923570535994556,0.15667491438804715,0.10095169944721041,0.15304186086975766,0.18629350726415855
236.95000000000002,0.26378197136511333,0.1723566404824966,0.08835580026993416,0.16472108856657758,0.1978276959306774
237.0,0.2625634471975151,0.18120629214546594,0.07865512853312757,0.17100207326740993,0.1862478669203774
237.05,0.2642463563274582,0.18735928331614535,0.0695112782899396,0.17232616309510573,0.19616271997019954
237.10000000000002,0.2637215792277587,0.19930225811961605,0.06668022137421459,0.16434163496489823,0.19470964859920387
237.15,0.2629199584643328,0.19784041376030467,0.06329779715694286,0.17073657979510842,0.1928739808713403
237.20000000000002,0.2622889198602466,0.20387797005647926,0.05451004737881173,0.17617777332124823,0.19331786566555917
237.25,0.2691651990248894,0.20723744246567644,0.04884466826195158,0.1720381097505379,0.19407682120664965
237.3,0.2626937385597064,0.2040903140221725,0.036751360148039855,0.173467079855804,0.20088284523205185
237.35000000000002,0.2533666657261336,0.20537499224050892,0.03938166144059211,0.1693399523544328,0.1940430818851235
237.4,0.24992282890435746,0.21039047535711652,0.0302313504955581,0.17607488367605886,0.19372249872316352
237.45000000000002,0.24045762643407229,0.2064436620803377,0.025239346674285627,0.17622746367052788,0.19620922100791652
237.5,0.23929537322404312,0.21038608462817698,0.015965989163122977,0.176375136793165,0.1944467574550023
237.55,0.2369760369641037,0.21083208119218266,0.006270766636708457,0.17235576345314385,0.19137903559861813
237.60000000000002,0.23688800834548326,0.2178566104542977,0.007867676791073605,0.16500947388996245,0.19584567722214205
237.65,0.239367546630101,0.2235993410181077,0.009057129381018778,0.16176022546506896,0.19942062745245187
237.70000000000002,0.23940763102980744,0.22429407080611022,0.01179988616484125,0.1607454889714633,0.20395312637701266
237.75,0.2315399796221414,0.23576192684406086,0.018313988174494443,0.1660382103841078,0.2070753379130853
237.8,0.23226761054265746,0.23717386978426863,0.025313434155524638,0.16887351873204473,0.20239170690838543
237.85000000000002,0.2328128028066182,0.2501797325441096,0.029787922497604716,0.16336891184673796,0.1947959898502194
237.9,0.22621866691528575,0.2452107626978864,0.037085930650520724,0.16989320581060582,0.19933456069696961
237.95000000000002,0.22814595728417694,0.24512028946379133,0.04890936146061533,0.17691460881453683,0.20448206059778454
238.0,0.22617557541333785,0.25364371308849215,0.05801442536329593,0.1703997792484042,0.2031299819797499
238.05,0.22480318979291658,0.25775781358766287,0.059420971331738556,0.17761518302442736,0.1978141724672866
238.10000000000002,0.22036617550942555,0.258411519543198,0.06793808312131092,0.17438258251463085,0.19470363571287114
238.15,0.2170421154234832,0.256611536773066,0.07147743220792875,0.18616611368931574,0.19863373971666318
238.20000000000002,0.20547719376589,0.26032387020034237,0.0851029237084255,0.18084536517051594,0.18932742528193766
238.25,0.20121945981280726,0.2637754542818366,0.103509946674498,0.18663992994465284,0.18232989898690996
238.3,0.19937450717843536,0.26328800940988123,0.10333344661188977,0.185092105701279,0.18392283943496657
238.35000000000002,0.19965085543280336,0.26461955101234796,0.10544817078093482,0.17950679349119197,0.18803813250244444
238.4,0.19453671781529233,0.2695260943529947,0.10913212030956904,0.17430703344935483,0.18962428238681264
238.45000000000002,0.19285550566582688,0.27604151991548775,0.12261732905297892,0.18242132030192912,0.18717203505871952
238.5,0.19014656298429497,0.2771026125326426,0.13220665141026322,0.1824914587695366,0.19005030794692418
238.55,0.185128244856864,0.2773647770001341,0.13922359996593106,0.1846505612514926,0.18971555162442913
238.60000000000002,0.18057336684671385,0.2713700555961396,0.14344970938306512,0.18893002703068174,0.18506198804397014
238.65,0.173524529299722,0.2736999384020499,0.1494120664607951,0.18420289048271954,0.19329060859356065
238.70000000000002,0.17274487653538037,0.2767994560319374,0.16034870743139096,0.19248738752536135,0.18801971659633585
238.75,0.16859964793513885,0.27648069674023246,0.16616702850839526,0.18633260499735657,0.18473751089716156
238.8,0.16015832867222077,0.28522597907422126,0.1727616078762111,0.1946414698529508,0.18361967515381802
238.85000000000002,0.15199107056032102,0.2821066108351958,0.1796383659621315,0.19448656303992237,0.1823472635146348
238.9,0.14711404920752277,0.2779642125068262,0.17981490655368765,0.19299093842037204,0.18823672497486316
238.95000000000002,0.14537593765823703,0.27423407081458856,0.18831008211172034,0.19363602750683365,0.18266583763727526
239.0,0.13824072972188117,0.26671378546353974,0.19825016918153437,0.1960251779408952,0.17503570290153636
239.05,0.12878595628832137,0.2702637662337451,0.21081446298797007,0.20252577922691145,0.17619969179502726
239.10000000000002,0.1263520128665402,0.2709627885021084,0.22159626944388144,0.2113709315694297,0.17008717174341248
239.15,0.12068360391383434,0.27785808735970485,0.23056419114529322,0.20185305345184434,0.1736865362140961
239.20000000000002,0.10865826295877186,0.2842867704305121,0.23014496209660923,0.20472791696488823,0.16496630043577384
239.25,0.10298585475853776,0.2766152513028098,0.2449063230914192,0.20235264659893024,0.16379583497335218
239.3,0.09874441986418446,0.27342067582059604,0.25390644456224415,0.20463150145651468,0.159327775965204
239.35000000000002,0.09580402498350604,0.26798315754954916,0.2613446667967395,0.20549084797773276,0.1453627673501047
239.4,0.0888564604683007,0.2682547364468924,0.2699798837977879,0.20944287759334776,0.14224526426603223
239.45000000000002,0.08660725028113192,0.2720991461156275,0.269063481851303,0.21284684421870506,0.13387336070482825
239.5,0.07903440337011972,0.2606429648084028,0.2733372650654373,0.21943360710638452,0.13610529124072604
239.55,0.07576882053458397,0.27153830808997625,0.2767888390583616,0.2141017803283745,0.13003882708718253
239.60000000000002,0.06780973490313799,0.2697034165641547,0.28098083151669684,0.2107886578677735,0.11651210965097746
239.65,0.07007556327298381,0.26601711251343757,0.2919099958791736,0.21411408918467226,0.120133363630945
239.70000000000002,0.06319765165336988,0.2631481266149915,0.29821289228856357,0.21651031564316497,0.10505408070135222
239.75,0.0588154948166716,0.264475699121305,0.3013809693727658,0.20570095695711868,0.11108863660795625
239.8,0.057333064258270346,0.2651016896711933,0.3071425020134745,0.2032458659341821,0.10418053744402354
239.85000000000002,0.04733492154671929,0.2504842442653097,0.3162855549023512,0.20221658505823087,0.10759421606538347
239.9,0.048045537638730144,0.2406964854802229,0.3266515305543424,0.20045124362159492,0.09940444823920748
239.95000000000002,0.043351083144369265,0.23908304583059095,0.32490937261998987,0.19674952259769884,0.09419699225531733
240.0,0.04144520661651318,0.24534030318070488,0.3203394285465168,0.19245014859645704,0.08796280809450381
240.05,0.03396783480861654,0.23737748933742642,0.3227999112875687,0.1887652270517157,0.08599692308808864
240.10000000000002,0.0315107903256466,0.23281773146000515,0.3338233455695905,0.18872662997021933,0.08844816660737637
240.15,0.02468948150572405,0.23418423034441274,0.3325876842424649,0.18999481670555451,0.07958357002981248
240.20000000000002,0.020598253508149443,0.23425135725353272,0.3371971877966145,0.1920411780068681,0.07773246977427749
240.25,0.015050340658087755,0.2425941695682169,0.33901673149058353,0.19087452968596294,0.07327501040477041
240.3,0.016856037309554945,0.23979094776294904,0.33593166301598415,0.19331566700819633,0.0769737943257713
240.35000000000002,0.01785745343938065,0.22988405453446015,0.34465414039228137,0.18869228649457084,0.0622307747832934
240.4,0.020251665066014585,0.23298673435958195,0.33987394771184554,0.18838174245533343,0.04601831056288391
240.45000000000002,0.024097773839244222,0.23271443997225966,0.33796593765263927,0.19222475776365258,0.046783250034177215
240.5,0.027611117980497465,0.23451383418115154,0.3396303728608384,0.18706050664760873,0.048035973071478985
240.55,0.029563830680806414,0.22933775843155826,0.33640876851614104,0.18603963057735967,0.03914493464370655
240.60000000000002,0.041141806949159955,0.238562934556034,0.33410639724853475,0.18597493278596397,0.033531380565150835
240.65,0.04763239529382579,0.2349939971263695,0.33187474884138435,0.18417607886339207,0.04860022143975923
240.70000000000002,0.04997192253722596,0.22708916093335213,0.33591151358352445,0.17291530046346157,0.049535433608409694
240.75,0.05943284938782242,0.2269926684025658,0.33479125311629304,0.170172615843862,0.044241269897975784
240.8,0.06386239256074705,0.2172775111280189,0.33304821394075046,0.18046828819476476,0.04580792258416402
240.85000000000002,0.06815269112822706,0.21682082599689687,0.33687127144805823,0.1780196881663111,0.04421972760554271
240.9,0.07534444060782215,0.21760182357838093,0.340506920980336,0.18011733055972157,0.034508979961130164
240.95000000000002,0.07981512881352613,0.22184787442745346,0.3378314003398241,0.17141202933802321,0.03369852352624193
241.0,0.08338444982074192,0.22245930245358822,0.330975593649955,0.17544277124671928,0.028630564693919825
241.05,0.08166812257144286,0.2185439332991158,0.32804150821777384,0.17579758730598924,0.02571193744123209
241.10000000000002,0.08871361514949645,0.21813373800290795,0.3280658750787632,0.17510847466333276,0.03320602385404652
241.15,0.09452024538116638,0.21562447377738764,0.3173217813385323,0.16338076334901552,0.04739375189313736
241.20000000000002,0.09558358917461322,0.21911669452841726,0.31344439756797865,0.16472228499730232,0.05889347220116532
241.25,0.09698505572054426,0.22242101895907096,0.3096472019549474,0.17463472661856444,0.0577818210990715
241.3,0.09670603156128675,0.22282245609237425,0.3013698053693817,0.1686362452662048,0.06650010925342573
241.35000000000002,0.09899411954738316,0.22741570750281492,0.30173834806993,0.16805985163650905,0.06568817182065109
241.4,0.10717225036538768,0.22557916878022521,0.2953743303630523,0.16645996805723637,0.06357308825476123
241.45000000000002,0.11056476707257372,0.22569181600595245,0.2842958335692589,0.17203063738704397,0.06682962132624501
241.5,0.11455276418740183,0.22995027133589102,0.28578092855910214,0.17233612519714628,0.06808331331909065
241.55,0.11143325756026201,0.22945295746908947,0.2838178481605714,0.16919591819763036,0.06320388938497855
241.60000000000002,0.11300872613715127,0.22827247697001554,0.2750079412693419,0.17238292206433156,0.04764520361507096
241.65,0.11744741911127532,0.2203852756641541,0.2742733347066093,0.1654705158150517,0.04618655732068584
241.70000000000002,0.1231830773391014,0.21726278928456413,0.2732227886905691,0.16418672079624044,0.031116799094369398
241.75,0.12524032708746266,0.21916702193783208,0.26744737720154893,0.16482820662107503,0.03548425517991827
241.8,0.13072805946936092,0.22571447240931777,0.2603192545588922,0.16103139760771468,0.03980646115179662
241.85000000000002,0.12799177941569104,0.21301835837509522,0.2583233253137449,0.15464537476516854,0.04313504793141983
241.9,0.13237616028234406,0.21553905140398255,0.25076680166925364,0.1526391210411278,0.05590377799803113
241.95000000000002,0.13160179062588884,0.2136600437670931,0.24419796018406684,0.15199705484327983,0.06072307929086102
242.0,0.13155940882778838,0.21584376607079184,0.2364338791523441,0.1559185466730041,0.06201298912930196
242.05,0.13504702982654201,0.21462972866341667,0.2259079949221042,0.15313376257695022,0.06450977861286916
242.10000000000002,0.1302066052635582,0.22012748829545462,0.21688844356821166,0.15153069846145306,0.06705461910763671
242.15,0.134838487313336,0.22018197064155579,0.209010412728099,0.14952166606866066,0.05291288502980505
242.20000000000002,0.1384476000560955,0.20915579064748957,0.2042396631571338,0.1512459566128178,0.06249344510961088
242.25,0.14714743308380213,0.19965823229748142,0.19639034602417624,0.14872391284845207,0.08169558102672159
242.3,0.14262740307706512,0.20281443030834131,0.1825919652704739,0.1478860433917625,0.08456068816907437
242.35000000000002,0.1438846890182426,0.2112527568551722,0.17124739055627586,0.14116089795751693,0.08974501063902354
242.4,0.14566742153781123,0.20909878897561746,0.16927518692343274,0.14661701250461137,0.09050384542695815
242.45000000000002,0.1475665837734004,0.20727361864881066,0.15583669441059472,0.14042150950165677,0.08835739078838402
242.5,0.15045625653789155,0.2039878981760685,0.1448332777351065,0.1328717602560765,0.08908149299140702
242.55,0.14742016703433697,0.1999706272954872,0.14530369058492854,0.13057750394778964,0.09636772207848136
242.60000000000002,0.1487974833335387,0.19264164446517212,0.14873229445876177,0.14217685656382112,0.08318394259580127
242.65,0.15080228870018045,0.19201730664242367,0.14170055154091477,0.13406461933025637,0.08287568131465183
242.70000000000002,0.15411388500556214,0.20787495576576745,0.13461248390708874,0.13166337005481527,0.08509308724631992
242.75,0.15780239502115165,0.20392242276111341,0.1218239889133278,0.1531091412739521,0.0936656739030622
242.8,0.1562048233383961,0.1989936987888374,0.11152021064091516,0.14536386699412693,0.09491533501864614
242.85000000000002,0.15137574640013596,0.19938845111773368,0.0997452012102085,0.1444970528508796,0.09689677023969075
242.9,0.14796230364279572,0.19970209898414445,0.0850659395750869,0.15626491241318421,0.09208066475832477
242.95000000000002,0.1497610287649429,0.1999593851400459,0.07963716520915573,0.14138676085025012,0.0962877348183422
243.0,0.15608047467361763,0.19593980328600702,0.06590993585528623,0.1336293597865352,0.08100288819994303
243.05,0.1608236308121012,0.19263112007908662,0.06148255701188403,0.13061985408821636,0.09520076109790614
243.10000000000002,0.165541562023556,0.1872362138931929,0.05717436586367463,0.12636137957714627,0.1058435330698018
243.15,0.15932734708544316,0.18634930001660074,0.05379349342556817,0.1310256826341729,0.11244092617436828
243.20000000000002,0.1626519538431357,0.18431789049157618,0.0489407339029317,0.1305899125898767,0.10895619709090536
243.25,0.1617721725545244,0.18598328612999168,0.03346516694981442,0.13417981680977262,0.10303675539578504
243.3,0.166179804458332,0.19045811497703746,0.021020102415351315,0.1353409278214544,0.11004607578078963
243.35000000000002,0.1654407238285574,0.18856381923062177,0.015973592259861027,0.13333299030730622,0.11805053396918408
243.4,0.1589121125035881,0.1907221964677369,0.018253697140786614,0.12432343839982704,0.12597667719023908
243.45000000000002,0.1657622912185961,0.18330964754752455,0.023409420203271504,0.12864076369943045,0.13161820656529316
243.5,0.16645584493955554,0.1829246449469591,0.01955003212448848,0.1399149709643489,0.14604631949024577
243.55,0.17014719414495913,0.18549317694742368,0.024916610061966337,0.1385615379669395,0.13933025060842946
243.60000000000002,0.15966221304453476,0.1826246542434719,0.0349139289848826,0.13101328382109606,0.12744908276157557
243.65,0.1640683769609141,0.18782332260537568,0.04404331292791267,0.13249290572853237,0.13456042173925997
243.70000000000002,0.1628373742598391,0.183876723178772,0.049175421991017675,0.13415423058979678,0.14449571665499056
243.75,0.1694855253892439,0.1821145777585556,0.05920842504650577,0.13735975175109336,0.14712958381204114
243.8,0.17435214129398868,0.18643172813153602,0.07178224725416606,0.14008150430937866,0.15051401884116594
243.85000000000002,0.17877184463650198,0.18288659013365607,0.08085365457869025,0.14874061503872052,0.15289095609344303
243.9,0.18135885318634165,0.1889343780367783,0.09827642275282564,0.14178180580302477,0.15430460923791706
243.95000000000002,0.18345957301763832,0.18739521132683018,0.1102372662023872,0.1365704216327613,0.15712580851383964
244.0,0.18837534138150788,0.18099384404941568,0.12229498710003552,0.14345482841336843,0.16874266326963494
244.05,0.19019375266426983,0.18431333265979197,0.1303043641305365,0.12859865696234224,0.17345673201142892
244.10000000000002,0.19234690357563977,0.18276658558409695,0.1390382394519745,0.13516305047492783,0.1783555826775664
244.15,0.19181638742457574,0.1826249958176577,0.14338937616251274,0.14391503169708572,0.17881231420046031
244.20000000000002,0.18716900083917512,0.18742497046213777,0.14571766493954835,0.1389094503771793,0.18553324232842688
244.25,0.18418044946384377,0.18348913485141077,0.15757782304824539,0.13551221281835207,0.1818545513796632
244.3,0.18454681876502058,0.18386268454211202,0.1611356248690101,0.13530753426330341,0.18556136518997182
244.35000000000002,0.18840685466799642,0.1797211156550622,0.17638260474879508,0.13675690300982254,0.18579205241271762
244.4,0.19631867134786318,0.18388839300343954,0.18238382523685898,0.12989820547470077,0.1968086612872923
244.45000000000002,0.19796166276336588,0.17827243443938154,0.18706153998044114,0.13159587498064662,0.2009302827924604
244.5,0.19757951404193463,0.17810326487080888,0.188420077726681,0.13657183914735435,0.20560597278623857
244.55,0.19440092531134145,0.17524411501126796,0.198082738816018,0.1414369620734933,0.20883683970907518
244.60000000000002,0.19504095130417756,0.16954275386082132,0.20633701508252492,0.14121632438844398,0.19973298934375072
244.65,0.19847155320174636,0.16299946841302895,0.21598569113279822,0.13152493223200318,0.20221655380392972
244.70000000000002,0.19607696796095708,0.1623967386318355,0.22477013273045576,0.12327835090314156,0.20896221847830376
244.75,0.18906359190554123,0.15416884230920438,0.23032102865630166,0.1332153574984305,0.21903389288658467
244.8,0.18156605115022065,0.15463861602717527,0.2343354791829684,0.13028938779928342,0.22808995097196455
244.85000000000002,0.18054336158052314,0.15116397098368767,0.24095413062362767,0.12993480964392864,0.22880139592110105
244.9,0.18139367190215636,0.1536026754202543,0.24236214587424834,0.13131692658845928,0.2347970556176735
244.95000000000002,0.19118850936688883,0.15504020976492083,0.2492471298094326,0.13053765524275973,0.2400167204658081
245.0,0.1885723946131634,0.1476039065635934,0.26050486199062983,0.1354291311340703,0.24737489907502883
245.05,0.18766919221724504,0.15145148454984353,0.26136486814236043,0.13488443162868013,0.25095260556459037
245.10000000000002,0.18511216009418305,0.14993516280870195,0.26795162144064966,0.13409051340375852,0.246849008386854
245.15,0.18378822831819128,0.1578801467377518,0.269676057662494,0.1413937595199998,0.2391178451142027
245.20000000000002,0.1804537192021086,0.151864759712824,0.2756713905843376,0.14629550650327514,0.2418830379282885
245.25,0.18192949848733142,0.14946550623841756,0.28312194179240835,0.1474212219473267,0.24527666958769448
245.3,0.18377653407760272,0.14681122332990335,0.2906206673292188,0.15342250634411286,0.23903693388741287
245.35000000000002,0.18165960508765938,0.151084879462731,0.29210465036478095,0.14074939160707453,0.24675134051453493
245.4,0.18120289989424007,0.15478193501675017,0.3024924656951806,0.1412042230163708,0.2524198226131798
245.45000000000002,0.1819573103385201,0.15270622046622728,0.30326013471272834,0.14702953007024114,0.26496416822814717
245.5,0.1786491584438456,0.14946662849096934,0.31066089969273575,0.15168993813481882,0.26658452585458337
245.55,0.17283139863990185,0.1542268628612054,0.3203294669640542,0.14575314016629812,0.26954991819992974
245.60000000000002,0.17089102280235638,0.14740994196914584,0.3244145316471884,0.15379383991056833,0.27801235053688184
245.65,0.16888136719030217,0.14346081978342293,0.3259503318277001,0.15675513664726154,0.27609439264756674
245.70000000000002,0.1758852800615901,0.1375694983950806,0.3264785773325864,0.15008637943538636,0.27640678838574007
245.75,0.17679423796497523,0.13439125139349628,0.3245074116160553,0.1518268116269402,0.27419308444350504
245.8,0.17054152154997596,0.1448551604968818,0.3318575596360616,0.15238989868631903,0.27088201398513073
245.85000000000002,0.16719103681928324,0.14964392022599346,0.34513687448123953,0.15303278919078112,0.2716791818551765
245.9,0.1702326034516712,0.14979023898909732,0.3499925032849536,0.155913520143556,0.280435106397799
245.95000000000002,0.16817450830323613,0.14720179479079537,0.3523165847290791,0.16641951229280716,0.29206803994150926
246.0,0.1696488244852056,0.14766948620095768,0.3507416195178749,0.16314877819113965,0.296111894381613
246.05,0.16810023637342555,0.14860593475547573,0.35404951375088545,0.16843965742980568,0.2880360627430944
246.10000000000002,0.1675333428673719,0.1441980903899641,0.34888325390132713,0.1705422328117312,0.29070262876516734
246.15,0.16737754535593277,0.14574937388194856,0.34341812795095605,0.1655248522868659,0.297059828947
246.20000000000002,0.16498159997124565,0.15136939392876572,0.3384403931818433,0.1565447198481879,0.29869587244382506
246.25,0.17290951027296952,0.1465233533784833,0.33989020063120207,0.15899214159444844,0.30731577376089037
246.3,0.1715317931988716,0.1454806774087321,0.34045463757252314,0.1511061536548669,0.2946891461083998
246.35000000000002,0.1733024045874772,0.14072631178771147,0.34052307041417995,0.15589926741226884,0.3003313094708925
246.4,0.17292348164527746,0.14231600403727032,0.3381597808692849,0.15723961147009888,0.29474714596836177
246.45000000000002,0.17480922118075273,0.1517972601463979,0.3419142416790538,0.15453608972841987,0.2996844333169463
246.5,0.17915361822234602,0.14691518067600265,0.3360654575332194,0.15226279226141823,0.3035490000120219
246.55,0.17746389229181578,0.14493000087236108,0.3320396062753376,0.1365261693624671,0.3084015224109871
246.60000000000002,0.17410097445045114,0.13992320796722943,0.3355788168284084,0.12743961452839647,0.3102795250169011
246.65,0.16811797807859427,0.14080507455894137,0.32926415569660505,0.14334877140534522,0.30902726551732107
246.70000000000002,0.1605094859956037,0.1489124510133264,0.3258196435651786,0.14003140058013092,0.3058985323165969
246.75,0.15332152018238965,0.1483462353318793,0.3262937966860056,0.13111340675701474,0.309311753323855
246.8,0.15938453829443178,0.147988907327632,0.3196227477759179,0.13036584050232647,0.313361198213273
246.85000000000002,0.1530823537140409,0.13978400036104874,0.30794113776917664,0.11483726222728961,0.31617231832176146
246.9,0.13936087589338958,0.1413873368613581,0.30102396715039603,0.11548343447536501,0.30900176558506076
246.95000000000002,0.13132952703475048,0.1451887499181016,0.3006181781989968,0.10709741738561086,0.3091423913367689
247.0,0.13051172751055673,0.1458685051684944,0.29499026924325283,0.11095310311880635,0.30638782188080577
247.05,0.12165208657343272,0.15038152006431416,0.29016963726381867,0.10533767253815671,0.30498582492725
247.10000000000002,0.1155508513986556,0.1544746713027346,0.28850221467601134,0.10862773910997996,0.30503228354653295
247.15,0.1099602925010045,0.15357581835824946,0.2832914773014105,0.11413346188337781,0.30020469487725315
247.20000000000002,0.11288785273836706,0.16008345973197466,0.2813250180413723,0.11244301699143629,0.3032966496297615
247.25,0.10870061226345329,0.15402721676764417,0.27940253174691815,0.11324049397093874,0.30519543175119274
247.3,0.10834410841881492,0.1572586382597118,0.2793220524701867,0.11550624312401284,0.3012670541018094
247.35000000000002,0.10232039542038306,0.16318746750142699,0.2716606744278531,0.11359552465814379,0.3132632306371645
247.4,0.09912731677140377,0.16308898506458816,0.27244713356605166,0.11847390993880083,0.31678196974554385
247.45000000000002,0.09402266903839532,0.16900205322532724,0.2683023645902372,0.1149046324295427,0.3189649031494952
247.5,0.09399158612935417,0.1664885809916881,0.25927550653167447,0.11633130785535938,0.32428790115054235
247.55,0.0876748498507737,0.1590504431930906,0.2569669459180285,0.10759495528776364,0.32797399165009133
247.60000000000002,0.08533581592581566,0.15835016998566484,0.2528941329766798,0.11004399083683761,0.32839808928816683
247.65,0.08525472711710962,0.16240197683897847,0.24234859654201968,0.10720059530896192,0.32183756005161845
247.70000000000002,0.09682647198054196,0.1732719780551905,0.24495069887772544,0.11540536792844636,0.31301396489222755
247.75,0.0933707541845928,0.18052543741464958,0.23694145510755196,0.11856690572687059,0.31273122591919217
247.8,0.09215405863082038,0.17691488209145867,0.2248464042340328,0.11361011902728975,0.31123484755189473
247.85000000000002,0.09669661214359819,0.17499870451680077,0.22337430797655852,0.10137358046951567,0.31840115479572934
247.9,0.09183815649864417,0.17071137318329366,0.22185358375786232,0.11080060183890895,0.31548645806102604
247.95000000000002,0.09354093803960185,0.1669028457910895,0.21853918312750845,0.110866073319659,0.30737546956498024
248.0,0.09522029928508403,0.17461332210859087,0.20925202258434647,0.1222377699485153,0.3029942535223287
248.05,0.10449313237818489,0.1757097365851281,0.2040142017609726,0.11825912863939587,0.30847551228731257
248.10000000000002,0.11455339752565431,0.17493977806222927,0.20032989193693856,0.12046691401481145,0.30446505824974973
248.15,0.11933975247862592,0.1719572631749638,0.1986999025142658,0.12467653476444997,0.3034457381593157
248.20000000000002,0.1206778051362576,0.16881199350433274,0.19195757746633882,0.11840824365416722,0.3181287283701722
248.25,0.12909365842197404,0.1685553926906028,0.18208825308859192,0.12170935250214705,0.3229366052713931
248.3,0.13545240082273888,0.17021541386468406,0.1800705212546282,0.12527254828493167,0.33313972562688876
248.35000000000002,0.14579943845809695,0.1718566563999762,0.16849328198887462,0.12597192505439522,0.3483231565836716
248.4,0.14563456757290244,0.16753561802004432,0.1614951218390644,0.1228568712272496,0.3421025364429776
248.45000000000002,0.1520598798621856,0.1619701367390909,0.1535699332653252,0.13407563398048958,0.3370402223729054
248.5,0.16463490228083033,0.1709649789551094,0.14763192262617403,0.14128943098046556,0.3280599745840721
248.55,0.1699994631116742,0.16805624771249053,0.1423254204882913,0.13765493152472588,0.33072389782497036
248.60000000000002,0.17213627950605667,0.16077550927856987,0.13733192183390472,0.13938995559898243,0.32832397909822486
248.65,0.17806972190261516,0.16251660465190285,0.13162247713123268,0.13648188895796534,0.3190168754403104
248.70000000000002,0.17989742761966554,0.1632010410473279,0.12755020696618002,0.13547295674406262,0.31874109732775785
248.75,0.18707341601126462,0.15787209180184641,0.1215150685816878,0.13887371251402575,0.3089566663606781
248.8,0.1964617124224091,0.15913458096492272,0.11741023412380845,0.13631974231626923,0.3123502220464005
248.85000000000002,0.19801478580434473,0.16403590793245354,0.1097794023327624,0.13290278906991296,0.31438199355359137
248.9,0.2105964011779574,0.15487858433556637,0.10552976790166689,0.14207422331882208,0.31432089705746774
248.95000000000002,0.21944982944423486,0.15543736861723514,0.09341906580835004,0.14016603277079293,0.3221535576915969
249.0,0.22531995768141683,0.14469166974130307,0.09051975821397652,0.13916882160345845,0.3205890325726812
249.05,0.22952921790866804,0.1364108944256436,0.0839546787346135,0.13683166994937856,0.31405164066085783
249.10000000000002,0.2371935390806186,0.14070554809183553,0.07903694021718496,0.1323060840224432,0.3178651390718581
249.15,0.24237457772683507,0.14312791958703744,0.07281079991837888,0.13496175473644206,0.31790148065019397
249.20000000000002,0.24931004192377723,0.14083816575631833,0.06591528230253502,0.1470106349868519,0.322500719414386
249.25,0.25224806578020625,0.1389820242847442,0.05675810832533891,0.14087975138800185,0.3310999913142544
249.3,0.2619290119324166,0.1360786518271874,0.046441380041810636,0.1405542424907214,0.33479859043022925
249.35000000000002,0.266344940050771,0.12914590244231505,0.040754802102590415,0.13026363068950214,0.3288435083915641
249.4,0.2700809782201203,0.12244597343521971,0.039892194456577455,0.12754751907829787,0.33091677246002776
249.45000000000002,0.2666557828251626,0.12080680699229578,0.04089159946894732,0.12297723854749554,0.33410802759572944
249.5,0.2699090572283497,0.11759975463986265,0.044151653890869176,0.11885364814327222,0.3290832465272817
249.55,0.2764948514262021,0.12027131937600843,0.0404960336280742,0.11406884092071573,0.32809283180012944
249.60000000000002,0.2850797066691966,0.10936530108235558,0.04160290428763848,0.115651311489099,0.32172831980751665
249.65,0.28924109926912983,0.12205519045083431,0.04336853340821996,0.12644874550573265,0.3171805691148968
249.70000000000002,0.29443982315147343,0.10963162993721347,0.037880963565360866,0.1310829198947696,0.32216774774601364
249.75,0.29779739053828985,0.11067085399374005,0.04269294915819329,0.13180253446686294,0.3329590666385524
249.8,0.3070740730708109,0.11056750753701962,0.05082123430228388,0.13935453595454902,0.3343942205318349
249.85000000000002,0.304565791100011,0.10838283955983716,0.0555809266493208,0.13377768432721182,0.3314815168234245
249.9,0.31209137497972844,0.10607138661916551,0.07007397021422807,0.1280782042652838,0.32142725691798407
249.95000000000002,0.31768656384882543,0.10179667954097138,0.08065309356231432,0.12390487610457106,0.31513982677445324
250.0,0.31858150384857503,0.09867317196100839,0.07971234763712864,0.1216188163708108,0.3089116031215002
250.05,0.32128320406556565,0.0896491383890924,0.09381674779457358,0.12422034253975135,0.3092454485376846
250.10000000000002,0.3232423719947924,0.09103521595009832,0.09751229341334706,0.12490121951427519,0.3198931746801404
250.15,0.3293283785072027,0.0933010539766133,0.10262657646526441,0.12790279924490303,0.32221076114358876
250.20000000000002,0.3308446312597549,0.09782296814868366,0.10804998507502346,0.12342418136353701,0.32705726548580305
250.25,0.32896855079194703,0.0880352464989344,0.10756374571582332,0.13099128469660437,0.3171855754320334
250.3,0.3224323988685298,0.09218393196542803,0.11290625741478841,0.1307952909180739,0.31556487142773687
250.35000000000002,0.3275084026074849,0.09238169222652555,0.11934120648245433,0.1256608602393819,0.31758533435630854
250.4,0.3300636221326599,0.08296534467519225,0.12536056103530543,0.12184786024290957,0.3139304288160085
250.45000000000002,0.32734405231038705,0.07790392813867844,0.1422148772318186,0.12830724187844225,0.3064458820849834
250.5,0.3270184875037087,0.07354447264417306,0.15019336087518698,0.11872793141741582,0.30662852505011345
250.55,0.32389191988086946,0.07039876648858948,0.16191996806105677,0.12729016748971503,0.2961188032765418
250.60000000000002,0.31974898736328883,0.06967788373427357,0.1696669221218963,0.13173955338889326,0.28806288680173914
250.65,0.318297732370177,0.06610862318323507,0.17222366115780433,0.12689642428460873,0.2907198931784044
250.70000000000002,0.3320759559557407,0.06745445272300819,0.18167808847093492,0.1346256707812602,0.2945900867531171
250.75,0.32987622806639616,0.06926089747401797,0.18386645936953983,0.1387559631170029,0.286721733506958
250.8,0.3279897496262272,0.06228548566290433,0.19038954024252366,0.13106863888788362,0.27789756688780803
250.85000000000002,0.3250175336009538,0.06832510468614449,0.19949084283088256,0.1322789912511862,0.27833901692148016
250.9,0.31856513597194686,0.05350045100693729,0.20076378301304307,0.13853593573535916,0.2870284621606212
250.95000000000002,0.3081729022933745,0.061093628411835105,0.19012287905646036,0.12990888492394012,0.2822477458086888
251.0,0.29841832605898866,0.06809452916670683,0.18830342244864715,0.14266188633626947,0.28870050684779686
251.05,0.291415065386732,0.07198565072784305,0.18754938822491432,0.14399999165350497,0.27833693922479463
251.10000000000002,0.28049525816699084,0.06818087669520417,0.19693488640214277,0.15424215388299814,0.2707541432725244
251.15,0.2804731151873948,0.0688323969935776,0.20324668800727358,0.15809746488637377,0.2659743160588128
251.20000000000002,0.2760812802052053,0.06267305758527475,0.21031282880380067,0.15923232076662996,0.2542756563995246
251.25,0.27063440540182937,0.06303809028233139,0.209109528531961,0.1510501187987934,0.26282837579554474
251.3,0.25791716118885283,0.06252428619392007,0.21091615022538882,0.1505545148738779,0.2533713962037926
251.35000000000002,0.25253854606471604,0.05566033735165789,0.21341440682527868,0.14540289035248846,0.25490731159476104
251.4,0.24926602949102578,0.06427697157084895,0.22291671054475964,0.149093253503993,0.2504109295511873
251.45000000000002,0.2453279823702328,0.0652414704772758,0.22947194660051454,0.15102857983645873,0.2535953319515862
251.5,0.24489922840268638,0.07060016931296868,0.2322360122984457,0.14635939564089812,0.2597735080042659
251.55,0.24072812632860038,0.07488230450773277,0.2374859334462702,0.15331933383936483,0.25974017481057476
251.60000000000002,0.2394321156251871,0.07498145694116667,0.24145413230354304,0.1532210907615694,0.2618849749254651
251.65,0.2338931075870147,0.08218980540933643,0.2474457784068903,0.16152766771022134,0.26915276821014056
251.70000000000002,0.23144426455662898,0.07829192667295551,0.24194059170973492,0.16186984995628692,0.2767069659058159
251.75,0.2192542916217672,0.08154054286242694,0.2483254410600042,0.15494760666361151,0.27268462052388465
251.8,0.20841258452849587,0.08610135283212754,0.2561142800494837,0.16034652437915306,0.2687293945452375
251.85000000000002,0.19534415944992997,0.08947431555946853,0.2586637871720792,0.16912151270863887,0.2797787207670436
251.9,0.18405119516871535,0.09378092630410773,0.26085516768064687,0.16779752862227487,0.2850095299157732
251.95000000000002,0.17075817422665224,0.09711021226939688,0.26791933575138405,0.16789213178619394,0.2776071231626964
252.0,0.1698170792341174,0.0932603844325133,0.2674391271816919,0.1742235322356395,0.2792893505738256
252.05,0.16538548518247384,0.09775763771818262,0.2657077472862118,0.17201423550325842,0.27701961806560116
252.10000000000002,0.15820971385723145,0.09898330401527088,0.2637834541261216,0.16071243971114624,0.2729934955941412
252.15,0.15219797221361994,0.09598543659090449,0.2657739921804677,0.15685382311655496,0.2638732778626108
252.20000000000002,0.14164680748010855,0.09927988584161186,0.2688298499644355,0.1584464913614609,0.25736330582205075
252.25,0.13751671190232473,0.10060904401708988,0.26483846504469655,0.17056687330809814,0.2668551876637558
252.3,0.1293254435420572,0.10975699528666162,0.27492483269640544,0.17076199030505781,0.2657941913470421
252.35000000000002,0.12113631092017002,0.1158452692003851,0.2773892920159595,0.16899086276413403,0.25664539686161153
252.4,0.11848843473221113,0.1154121554837965,0.27504376154397736,0.16986306923023303,0.2618200127526694
252.45000000000002,0.10923672694335641,0.12081288578486334,0.28124084173135494,0.16922164810593654,0.25335716597097485
252.5,0.11230783232622683,0.12547486291731924,0.2907661543746078,0.17482326338283388,0.25800261153518017
252.55,0.1090551645786521,0.13026064561046571,0.28918352004611614,0.17397062063025445,0.2615777640142562
252.60000000000002,0.09740823113177753,0.13185253736730332,0.2933070655473519,0.1725388562803489,0.2679218310869261
252.65,0.09750196029818829,0.13126562654221735,0.2933480380302323,0.17235429512782535,0.26739363166373264
252.70000000000002,0.09412443550194818,0.13720681341069255,0.2980039872035037,0.17703716483863294,0.2609868789721504
252.75,0.09096272058124683,0.14245818592393458,0.2982406633026174,0.17990914736738506,0.24901933037817156
252.8,0.08492327988635104,0.1503251209860157,0.30556287182758674,0.1880175621035729,0.247917738132169
252.85000000000002,0.08460294798593447,0.15473778278776418,0.3101478035758173,0.1968011733147274,0.2483204258601531
252.9,0.08165904837754608,0.16260158084518725,0.3087531341407958,0.20447879763823584,0.24208075988958672
252.95000000000002,0.07563771202664064,0.16780828594771974,0.30842751622749814,0.20589585066716984,0.23890718552095672
253.0,0.08220317078532294,0.16924298799973328,0.3107615518395641,0.21285354841900933,0.2510299494353942
253.05,0.07220292878277065,0.17535836061630827,0.3066593941858466,0.22153780471121756,0.24936523152164494
253.10000000000002,0.0710329829292523,0.18591679020413096,0.3049662913686921,0.22654556069566462,0.2527284536013246
253.15,0.07656831784909345,0.1941800571507365,0.3044922744789039,0.23391015668801068,0.23849723718172441
253.20000000000002,0.0844392460002902,0.1953793377678228,0.3129920244511837,0.23777253193840747,0.2361214190564411
253.25,0.09053937804767208,0.2048640859307374,0.3115793348284103,0.23957101331422126,0.2353449403348029
253.3,0.0897193509071121,0.2032301458754981,0.310027894385326,0.24887667809054978,0.22981020006965056
253.35000000000002,0.09585226832980376,0.20406440207981932,0.3153851502333905,0.24534400476192048,0.2340924791934336
253.4,0.09719359908891148,0.21031091154770568,0.31558839266600947,0.2440808254894276,0.22938935117382608
253.45000000000002,0.09998825939116338,0.21116126244621408,0.30928886455615756,0.23861120036499067,0.21951505857356451
253.5,0.1061339567352932,0.21003924587348166,0.3078667263469546,0.24922147572051048,0.2227133189658172
253.55,0.1112794456454812,0.21165885054064057,0.30566612281382444,0.2539732814510036,0.2165902802336362
253.60000000000002,0.12080711051972247,0.2140357640904389,0.3134087377090328,0.2522777938244824,0.2239664725333919
253.65,0.12676433743847587,0.22614323222186428,0.3115225125877419,0.2618544533569108,0.2091232008764402
253.70000000000002,0.13191456646188146,0.22194264178482428,0.3114256002055433,0.27055760130927997,0.20843614626320267
253.75,0.1343557796765741,0.22610951895318512,0.3156931269125941,0.26480107725660723,0.21017425932964917
253.8,0.14483983636195932,0.22333989011776786,0.3156412133913117,0.2715681143781863,0.21282217967188516
253.85000000000002,0.14914576025655746,0.22954738997422022,0.3079226468826898,0.25855695710044446,0.20701774125715078
253.9,0.1638619899290737,0.22020627561356448,0.3086915358394996,0.25469676124047114,0.20039984745789935
253.95000000000002,0.164916566724954,0.21776517971474538,0.2984709376648598,0.25645398248271484,0.199941576574061
254.0,0.16263239417780995,0.22269755500207825,0.2946855856969515,0.26046859386734916,0.18406064034466255
254.05,0.16441510564913464,0.21500992399055904,0.2882688226195993,0.2597643270054675,0.18280078981578096
254.10000000000002,0.17535780484970703,0.21739073047248406,0.28497473633014064,0.26351336583915025,0.18679022287405903
254.15,0.1900147406368255,0.22057819288727432,0.2776247999315984,0.2692825424890696,0.18035715957260653
254.20000000000002,0.19376933527613927,0.22266438562150442,0.2741554685243902,0.2699183855347111,0.17650689354069551
254.25,0.19645781192557127,0.226614813121157,0.2792486330031739,0.2646587616211603,0.1581960441360152
254.3,0.19138189592833033,0.22389944575515697,0.2794885868215409,0.2659573598565962,0.15667584991614752
254.35000000000002,0.19933420855504563,0.21869494249060628,0.278564967792215,0.27108426055922896,0.1558734157051715
254.4,0.20945263002196668,0.22520162688243664,0.27732789194479723,0.2682598189223622,0.14975299633492428
254.45000000000002,0.2123573263796209,0.2184306629023382,0.274287674309398,0.26804556913457056,0.15462050773105107
254.5,0.22038779830502275,0.23201043313155487,0.2724162041316833,0.26247848704906285,0.15395406686029817
254.55,0.2242960587903136,0.2324331896392652,0.27413995876295777,0.265608636801117,0.1528077635204758
254.60000000000002,0.22307636992614213,0.22834129686662624,0.26263361923733136,0.26351688048173,0.148317211059219
254.65,0.22331702007432536,0.22510314189430125,0.24973542422328518,0.2604429207453938,0.14844638794667306
254.70000000000002,0.22558176707339977,0.22033914327315315,0.23879821276724994,0.2620307884015477,0.1387816716233464
254.75,0.2355440958038949,0.21891589711974774,0.23117566402886325,0.24773013582376593,0.1315080810540238
254.8,0.2437714176703543,0.20987480421896582,0.224397513522254,0.23350268066468285,0.12274114208563669
254.85000000000002,0.2506261283219878,0.20204380693743762,0.2250899852377746,0.24092848211421053,0.1211190919956134
254.9,0.2524305895941489,0.18569207901953616,0.21909467099356847,0.2458016215454061,0.13052213144863503
254.95000000000002,0.25305167394922456,0.19407717706724087,0.22175716133083026,0.23916266345932527,0.12588713245692623
255.0,0.26067870011431354,0.20490455183656894,0.21386041197190703,0.24463254530026712,0.13261903426101374
255.05,0.2679581237533686,0.2054045343574749,0.20461381117684466,0.24381285410372863,0.13079728086886652
255.10000000000002,0.268037536862734,0.20702931253252907,0.20439217022334616,0.24619960219368398,0.12197227267664403
255.15,0.26709990821304,0.207069968733996,0.1996095852545911,0.2531098535496219,0.11732558830439267
255.20000000000002,0.26806452991183966,0.21309108697820853,0.20267984313601572,0.25873557730401786,0.11979165729519184
255.25,0.27594219700540523,0.21649437872842178,0.19659147030585208,0.2573405634512476,0.12278867396455374
255.3,0.2857103144832375,0.21369091132654447,0.19371423157577422,0.26300366350721616,0.127897384934553
255.35000000000002,0.29228920181612916,0.2115966454796083,0.18144963334390043,0.26682398673296254,0.13994303584693976
255.4,0.2943875835381213,0.21349826663263186,0.17674703658738644,0.26036701882336366,0.12618660053110745
255.45000000000002,0.29836076291475355,0.2120298949778835,0.1673195710043159,0.2744391343431643,0.1310143341862118
255.5,0.2957966807777058,0.21662130704092872,0.1640383291800336,0.2656848236781983,0.13509514555479502
255.55,0.3044967399009907,0.2237810517037448,0.16771914628563636,0.27054300332183523,0.13560922523609967
255.60000000000002,0.3027723754935745,0.2153167680118976,0.16689208079325615,0.2819817477805951,0.14812697954685183
255.65,0.3008077932155716,0.22206560480441123,0.15734090767530728,0.28268509964960115,0.13890019165456108
255.70000000000002,0.3020608897161261,0.22121963422207447,0.14986049485305833,0.2832972575077737,0.12820259672255346
255.75,0.3015851170000291,0.21703228564128355,0.1436029810790193,0.2847718392658539,0.13118791623056592
255.8,0.30010802912440193,0.21742147945535262,0.1357875645765737,0.2805472239287946,0.1472917091958708
255.85000000000002,0.2953246109455503,0.22484559696288256,0.13466280395847766,0.28040246219989606,0.1469183056936306
255.9,0.2966398764408362,0.2214978671510795,0.131939696726818,0.29104727447185746,0.15601915157114726
255.95000000000002,0.2948328064979176,0.222082361062381,0.11825508627691171,0.2870024735695186,0.1675773618623152
256.0,0.2901036026477267,0.2240768976427191,0.11390367882515767,0.28633776804295347,0.16876335992250366
256.05,0.2908205539070616,0.21586365432089955,0.10826465105528056,0.29079264702825863,0.1719564210262099
256.1,0.2973037636601607,0.22161180612484674,0.10170463439075986,0.2831988091642602,0.1815782594433921
256.15000000000003,0.296126875030408,0.2267482507893819,0.09812539903536532,0.2884554424004913,0.17224506978684878
256.2,0.2865113777119256,0.2286368613077279,0.10176330893184102,0.28996007515200745,0.1803262515579725
256.25,0.2869294838017642,0.22993018723718267,0.09381375138125189,0.29151447296534866,0.18143106618799748
256.3,0.2801007764076166,0.22417871019481084,0.08468094302902685,0.29332164162123553,0.18487581305458992
256.35,0.28073245194417884,0.2286435891524765,0.07826847703971736,0.2868528495645296,0.18470109025425366
256.40000000000003,0.273622953714791,0.2211386532731093,0.07455168924976102,0.28787601717108036,0.18898112585027332
256.45,0.2719985765022485,0.22206207364766214,0.06618001906452686,0.29439118584384566,0.19497729006346445
256.5,0.26543228799800045,0.2239994902376058,0.0628578121076338,0.29255794120976325,0.19593122013178152
256.55,0.27115134227235,0.22198139555515872,0.05360517176979709,0.29788866545146914,0.19623056887919793
256.6,0.2636037075844953,0.22800655888560464,0.046802820360634,0.2925928919463597,0.19242523292441485
256.65000000000003,0.2591784730628412,0.23391644417457944,0.05542247964349288,0.30101055842247604,0.19383119048306724
256.7,0.2572250389942782,0.24137368541908705,0.049570874351832515,0.31284467784217146,0.1938635338994392
256.75,0.25252100021549884,0.24564212628471063,0.05125971717963154,0.30757274409182184,0.19846339553461245
256.8,0.24355531848613368,0.25366365988351547,0.05466331550567362,0.3185548275406508,0.1920447162894133
256.85,0.22857859789483764,0.2545808575467898,0.054479868075780875,0.3257191276303505,0.1941428394764484
256.90000000000003,0.22407400604547628,0.24626031145142083,0.05351264773001275,0.3170758625192366,0.18673737249523265
256.95,0.2173800150021647,0.24533313191344597,0.055975556509831284,0.31504114922840204,0.18885089392325746
257.0,0.21397552402628203,0.24914741784366173,0.054626651403270284,0.3152811518824138,0.18477541491310043
257.05,0.2105231002457324,0.24748520493343013,0.05789074669161008,0.32518405819960344,0.17875070979282168
257.1,0.2013313352751792,0.2466986416898107,0.060152284286798495,0.3152788767643021,0.18058169871303928
257.15000000000003,0.20019323756021848,0.2520250966816726,0.05700330466347534,0.3111913290201982,0.18172986287455578
257.2,0.193566441981546,0.24287279617530244,0.06764802426505664,0.30845374642060785,0.1774643725242
257.25,0.19334879584150605,0.25420608794129074,0.07541561465829137,0.29643842539115967,0.18041166621758217
257.3,0.1905966786924245,0.25250729895355173,0.07890715709547635,0.30995485507755544,0.19419661102105845
257.35,0.17378434715135438,0.25575362533593976,0.08345569132162817,0.30586042912432115,0.1883974032746054
257.40000000000003,0.16414636421952178,0.2549290777109936,0.08735241474746062,0.30694136608055783,0.19063962000257106
257.45,0.15693243264161275,0.25215750199565845,0.09955205489720222,0.3056450685572305,0.19631667643948417
257.5,0.14219391822986593,0.2503997136480419,0.10571973395298721,0.3068840153278222,0.19570944364980242
257.55,0.13546228093305498,0.25275311456738153,0.12009670710404273,0.30416466208425036,0.1899247669226255
257.6,0.1254663460901344,0.25501408261608083,0.13039450916574258,0.2974888564642826,0.18952765275109815
257.65000000000003,0.11979427900625941,0.2595774232836129,0.13867340007058368,0.29324880548616633,0.1888251428501955
257.7,0.11856678500772387,0.2529619358584295,0.1473852597813929,0.29845554671676555,0.2001887251900353
257.75,0.10923380431624143,0.2551538187575503,0.1548044218813492,0.3062474760129218,0.18972506207689055
257.8,0.10460213717643993,0.25835228885656036,0.16147173149421368,0.30872608758275694,0.18994362163655562
257.85,0.10546801458041014,0.2603854229631981,0.16313883079607705,0.30780692853287167,0.18671302511255716
257.90000000000003,0.10218967304206474,0.2616064645069824,0.17401593241989233,0.30133325544605316,0.1905479777203074
257.95,0.10365699363953182,0.26404235284434147,0.17782683105046787,0.30417489281793963,0.18594625687122648
258.0,0.10060370737847737,0.26780294025113305,0.18123220587278255,0.30336090377999536,0.1841050942163691
258.05,0.09391556881918303,0.27292562058961944,0.1962861734429416,0.30635177731164265,0.1845068650205301
258.1,0.08950687588242323,0.2722197667190427,0.201627715693909,0.3107478223860251,0.18373128599384103
258.15000000000003,0.08809929288410034,0.26314693314519694,0.20949382773098082,0.3088085737806824,0.18179264800161224
258.2,0.08089255507419434,0.267885886263031,0.21812755582858642,0.305388049734498,0.16352566267198315
258.25,0.07593191625088654,0.26686515926760895,0.2240352315572455,0.3052639484402065,0.1523196150387759
258.3,0.07939926476778034,0.2727936496187688,0.23051069114480582,0.30574645252368593,0.15347232753574558
258.35,0.07074079039752279,0.27885137287508927,0.2325492263055717,0.3154929068114973,0.1556609151975026
258.40000000000003,0.06586166842178341,0.28279191592833613,0.24209060353202788,0.3169391503916905,0.15534761762926622
258.45,0.05906432227865125,0.2808680174853336,0.25083426617744237,0.3066237778341461,0.1433873786691148
258.5,0.05740500681309719,0.2844924001535805,0.2608448379279305,0.31051044475918277,0.13824020191136627
258.55,0.0564921172512782,0.2824128027821813,0.2622096065559786,0.30389246482703297,0.13275067291402626
258.6,0.05797813181838971,0.27779345694279867,0.27635142948622343,0.2949556809120596,0.13439878701993827
258.65000000000003,0.05887922785273307,0.27667924386514503,0.2784154786816482,0.29689296269603843,0.1279653810534817
258.7,0.06378679115174692,0.2827467724232129,0.2839198454315795,0.29080401648604215,0.11965677064294876
258.75,0.061473915106581366,0.28306527263987374,0.28846081821209596,0.28296424608006476,0.11552062689228242
258.8,0.061006574388547306,0.26838412313517146,0.3009796065053539,0.2888617438509815,0.11735899695881628
258.85,0.058515526286168996,0.2803730955447196,0.313624865172711,0.28591318001490146,0.08913299105430919
258.90000000000003,0.06250688343942157,0.27755091186384984,0.3214936983010031,0.2947762794831693,0.08880219251914911
258.95,0.0619809298310014,0.27854704947591513,0.32434924801804027,0.28731934358647415,0.08297490513452127
259.0,0.06917383812650936,0.28153409928055617,0.324193559530016,0.28831607991032804,0.08625661491837527
259.05,0.07499099745515271,0.2775488780909571,0.3265191717467457,0.28752141210383636,0.08100229028647443
259.1,0.0761915260630385,0.2744267029315163,0.3299238395363664,0.2851036751360487,0.07636792730143645
259.15000000000003,0.08017031511183506,0.2781693566627905,0.3250883811606011,0.28930835327307397,0.06965749706454125
259.2,0.08412931160727745,0.2813952840136423,0.32457962512147664,0.2840868175932836,0.06828401583938432
259.25,0.09103453120877683,0.2784497703837415,0.32831830287893216,0.27635547128400234,0.06534082697486884
259.3,0.09302927860484478,0.2693629023549755,0.3272620496820421,0.2857448701335863,0.05502901803191638
259.35,0.10338060321538549,0.26910863994132395,0.3327331688117338,0.28002090720789213,0.0523875511116457
259.40000000000003,0.11529495436025944,0.27132888868797844,0.3342037800795894,0.28307456596454283,0.054556538513245316
259.45,0.12027459982403153,0.27095055332506274,0.3352532769529962,0.28609060471221287,0.05427058695752058
259.5,0.1231119761925715,0.2764466979369288,0.33833116164972254,0.2923309318297551,0.0591550312176869
259.55,0.12965927541751995,0.2761883391063868,0.3318614819743701,0.29060345276534527,0.05307715769658552
259.6,0.13368340666309578,0.27532474822373193,0.33566129586592963,0.28498857644599335,0.04745379044902864
259.65000000000003,0.13409925055881483,0.2709316404609626,0.3317938464021267,0.28547741089441897,0.04463931167825442
259.7,0.13407244453357908,0.26088652425225006,0.3315863896363737,0.28097508078184985,0.036844883378959074
259.75,0.14048847686523117,0.26146191466432733,0.332448241396714,0.28768292661552863,0.036377979478691085
259.8,0.14116952282011436,0.254469584774618,0.335775916327206,0.2896001695284133,0.028762913227025684
259.85,0.14253152930225232,0.25794412947762724,0.33644902714952885,0.2933292598642546,0.028753158049830682
259.90000000000003,0.14078381962969305,0.2529131178037122,0.3296789607993607,0.2941155729189102,0.03569085876846456
259.95,0.13610959359398556,0.2567132977942273,0.323755510894903,0.2835415748589888,0.04040017386578922
260.0,0.14671564853768054,0.24439498187847905,0.31913543353859336,0.28468283061606237,0.039429625905980314
260.05,0.15802156797071223,0.24554875469607657,0.31662566385338237,0.2795286270569974,0.026311360430502483
260.1,0.16255892219121598,0.2519323149026071,0.3208365838407481,0.2726191261859109,0.037770100808110774
260.15000000000003,0.16712693053781225,0.25299083352208523,0.3198448823442952,0.27969475010906986,0.0466447720766431
260.2,0.1729612848877911,0.25341685192211927,0.31633985617965665,0.2753292782115116,0.050052660887157915
260.25,0.17853328618944211,0.24756222728836708,0.30825496966880633,0.26834374327412847,0.04880751613953899
260.3,0.18693735208453252,0.2512744109131623,0.3056849192801056,0.2643592593536155,0.05242570830206879
260.35,0.18867729642874426,0.23927504961616847,0.30126078253707095,0.2702206550592149,0.06338454895346553
260.40000000000003,0.1887152312900561,0.2440167437053252,0.29543345262480186,0.26891549962304717,0.06584320221398804
260.45,0.19965156182140137,0.2385606903142043,0.29449867505313493,0.262182250128786,0.07737619255382817
260.5,0.20196420901323897,0.23813229787378165,0.29507207144654035,0.2676099132600863,0.07680220916621812
260.55,0.19947465113220675,0.2405585178076267,0.28644239506881525,0.26737122639088257,0.07105551461995238
260.6,0.20921570037390988,0.2407639899273391,0.28576354944188936,0.2647277680302494,0.08191092015320818
260.65000000000003,0.2132941174762898,0.23760255010865014,0.28028469048669163,0.264500693425517,0.08094481730623039
260.7,0.2125026166353041,0.23626009249369317,0.27791612816196193,0.2614608782786417,0.07388221836733598
260.75,0.22330623078683498,0.24033596706637125,0.2755557059608735,0.2614046895212323,0.07983078063338475
260.8,0.22459401252908306,0.2447279954908257,0.2684315151056558,0.2624040456431058,0.0852964951247709
260.85,0.2297238193629041,0.2410717010772548,0.26098244984959956,0.27303053441490727,0.0925173454479427
260.90000000000003,0.22691080189012236,0.2514838765276787,0.2493143512173602,0.27599618029195505,0.09299697118295991
260.95,0.2263050358196627,0.2520255584812596,0.2509830955476912,0.26615713505878374,0.1099849388310116
261.0,0.22711293258724588,0.25451635247251714,0.24306604670677237,0.2663341215940386,0.1083101340179522
261.05,0.23044927934733775,0.25941139890917725,0.2341213818065277,0.27245637068943523,0.11573692492008011
261.1,0.23412860563735452,0.25681202222705246,0.22864283459015727,0.2667245131684589,0.12250468243127871
261.15000000000003,0.24226352040358332,0.2622117064528098,0.22368251224114435,0.2699303410203053,0.12098612324321792
261.2,0.24450993149456335,0.2646550927275815,0.21765746535723374,0.27683271138867194,0.12860605798974067
261.25,0.23826658584545765,0.26241070325417665,0.21220440067420512,0.28312618040854853,0.1246481289998105
261.3,0.24079159059268812,0.2615672377206509,0.20883643743656086,0.28451874329124005,0.12460553326026393
261.35,0.24300537875591702,0.2662493286283331,0.2002077290138034,0.28322826132151735,0.13082874704794692
261.40000000000003,0.23702948514365155,0.2701094064522649,0.19324056233585846,0.27074613656417473,0.13120598831907532
261.45,0.23984935034395452,0.2626353780716014,0.1855666955600847,0.27877014807923894,0.13352469972049322
261.5,0.2388701718109954,0.2670319956122253,0.18900372698490764,0.2765984241428679,0.14081355490191427
261.55,0.24718265222675526,0.2692896539369356,0.1760389467464566,0.2819880349221109,0.14212287263605558
261.6,0.24264649594595342,0.2681804660946827,0.1726685713529468,0.26899568731789253,0.14428302776516894
261.65000000000003,0.24786904868060308,0.2681919713870079,0.16382986001368932,0.2713597303706822,0.14916515798559207
261.7,0.2498243538482615,0.2658059138585887,0.15103472685732355,0.2713011084922329,0.1597514289112258
261.75,0.255094934449473,0.26519049706298836,0.14257666796672416,0.2716848861090944,0.17365494586065708
261.8,0.2565661700096255,0.2715870906277789,0.13280600409901144,0.2794705582236846,0.1826783940318763
261.85,0.2539684449549635,0.2780541099612205,0.12314138210501113,0.2716133049351067,0.190126098534607
261.90000000000003,0.24776282261100208,0.2879625323364198,0.1135793685319031,0.2768685960232492,0.20148479091764346
261.95,0.24121783283518008,0.28587216033075585,0.10287261093141441,0.269250195175594,0.20151467292061043
262.0,0.24657824444622323,0.2853212377152969,0.09540953325970636,0.2740434428543279,0.20055382239978056
262.05,0.24514843390065583,0.28573033205795434,0.08261315567945354,0.26165700695353866,0.19928344433027584
262.1,0.2475623519510089,0.2915846779204532,0.07687878593142292,0.2602304185014932,0.19877382437960367
262.15000000000003,0.24867566823547937,0.29611282118245613,0.07248133352516171,0.2615105994312047,0.2056747106287249
262.2,0.24405176735289227,0.28901180677276395,0.0676700559132138,0.25703369139730475,0.2097442731591351
262.25,0.24493829176236723,0.297653252634639,0.06874799741297682,0.2441852943120069,0.20457583147838107
262.3,0.24646401043107793,0.30132736917739583,0.06233915704853173,0.2526028196593414,0.2003368721387015
262.35,0.24258434857673294,0.30227255348564985,0.04917329926823609,0.2545430425298182,0.20656747165975817
262.40000000000003,0.2474301816206365,0.30345171791094644,0.03894379464122739,0.24878401699229608,0.2073545109877447
262.45,0.23917652734583394,0.3134959509097017,0.03378070984271362,0.2506516095655017,0.20654495294990977
262.5,0.2370036809587213,0.31849570968815094,0.03517972356769559,0.26237578430598407,0.21037415365789072
262.55,0.23690568053671626,0.31739233497184544,0.030898551472791854,0.24902572025503897,0.2037183903884548
262.6,0.23295574240804798,0.3097325149100256,0.03314921946450232,0.25165426158533083,0.20025766247407475
262.65000000000003,0.23976214206212976,0.31464340802255886,0.03565207859117193,0.2476272679845101,0.19568876582171385
262.7,0.24316502474142615,0.31783680186532104,0.031587636717424934,0.25656924400410946,0.2007635447930701
262.75,0.24315432995870517,0.32154930359599176,0.0368392041321676,0.25740579833462907,0.19901715381519414
262.8,0.23905136063581278,0.32011879172875907,0.048720476847911545,0.255997411605895,0.19734693878565002
262.85,0.24246625198761954,0.32228918139073637,0.0541129527356163,0.2630639037636633,0.20576094625783373
262.90000000000003,0.24119440668162115,0.3230015999985372,0.06078562344281141,0.26607633106109474,0.20327763173028976
262.95,0.23474283962032355,0.3260235767304911,0.06273704620019276,0.25616574234328215,0.20657685659498753
263.0,0.23648467331952358,0.33404966858778246,0.06998016140865214,0.24543128654746774,0.20334201195892465
263.05,0.22753663768138038,0.33860888970844155,0.08214823339697637,0.2543837412707776,0.19985086915529088
263.1,0.2292810511901623,0.3330562345250347,0.09038816725455882,0.24502514614934323,0.20143639796452312
263.15000000000003,0.21981886542851095,0.3350940655928211,0.09924165688354507,0.24553833907805625,0.20212268275124026
263.2,0.21809634778120135,0.3309755392244035,0.10490726311029198,0.23772738948396815,0.19666586739770478
263.25,0.21006872305597266,0.32567149065226353,0.11075757468020976,0.23171291748078948,0.19559670027097092
263.3,0.2131996839913422,0.32575215598856644,0.11700125484773691,0.22903176520889745,0.19771040204055726
263.35,0.2109721016854362,0.3265938227111657,0.12340237492176308,0.219915085013466,0.20013235841462934
263.40000000000003,0.20577337746697916,0.32353671652575444,0.13516487193539264,0.21998615416413148,0.20545227545995023
263.45,0.20958034659709024,0.31845043302109577,0.1462763393423496,0.22446217277130082,0.20373601539498695
263.5,0.21351940078641204,0.31454070491532565,0.15388603898340605,0.22313414430706655,0.2127636312190103
263.55,0.21146045368682753,0.32173959701706,0.16317124325854435,0.21609585709736864,0.22341073599520864
263.6,0.20969143338991075,0.31610974515871315,0.1645928642427722,0.21522071777428706,0.22320618463745973
263.65000000000003,0.2045841239996511,0.32168069220704665,0.1677230034103134,0.21741930054410624,0.23338333797899063
263.7,0.21056870328299915,0.3225112036262675,0.17403707994363576,0.21544815274264495,0.23595766039361182
263.75,0.203492491589457,0.30794727749875567,0.18333682368360862,0.21553066897696294,0.23940855143209486
263.8,0.2014457001090778,0.3077952816948562,0.19377563336771975,0.21910966386523192,0.24545224426467477
263.85,0.20000250238273945,0.3068879768450831,0.19572948423563946,0.21436258319053386,0.25639790562724385
263.90000000000003,0.20248939302705843,0.30884905041128313,0.1964193127030123,0.219831732389854,0.26036072251531706
263.95,0.20429203730481305,0.30763883425049093,0.20789470063865517,0.21067112626849366,0.2616279851155521
264.0,0.2019620950247313,0.3009125403553682,0.21178579947789336,0.21273033871751035,0.2612814242658118
264.05,0.19462574368540053,0.29850592347437205,0.2244917141670252,0.20917258813096665,0.2614569389455425
264.1,0.19144732164946315,0.2969275830225839,0.23278956598483358,0.20853755049985717,0.26654503730709267
264.15000000000003,0.18795854722148128,0.30196322500125794,0.2320874802638102,0.19839821692889023,0.2699634575836668
264.2,0.17973644440791026,0.2845490870709729,0.23580094650628064,0.20569517991268849,0.27808499726147523
264.25,0.17946294521233044,0.2810800475106607,0.24103988592962422,0.19647713701102315,0.2779472559552418
264.3,0.1760113869316634,0.27979094094868406,0.24093969332256207,0.1935170970270824,0.28189655313918394
264.35,0.17032883853579536,0.2783607268278289,0.23926011211717982,0.18747681951190903,0.28449303348180793
264.40000000000003,0.16266256898016213,0.2764500014505747,0.24551283906119592,0.18238633530049503,0.28428618387240745
264.45,0.1607532987851876,0.2709500539342322,0.24243648977945567,0.17171637428628503,0.27552965486694
264.5,0.1541726599576033,0.2660332882847638,0.24434822837099265,0.1755892703253499,0.27392475605721794
264.55,0.14963450761270336,0.26375803910880896,0.24056645314910857,0.16938878177040287,0.26401273109671797
264.6,0.1507256195260805,0.25383269999044106,0.24285311689791916,0.17514862762606934,0.2652337177441225
264.65000000000003,0.143703658535802,0.25135430419272903,0.2393654668880616,0.1638905585521726,0.27439636864111305
264.7,0.13868163414016335,0.25612914325017977,0.24185823893111488,0.1636174134309281,0.27601474630903117
264.75,0.133628910955913,0.24591003160443792,0.2511774852111883,0.16218169941348198,0.2757201117857177
264.8,0.12563729380959893,0.24109639797952495,0.25489123000202407,0.16677453268582318,0.2876272152696719
264.85,0.12077222802157885,0.23740269584806084,0.25138509478953236,0.16175739453570448,0.2887059148958241
264.90000000000003,0.11864083827109617,0.23638263037428878,0.2544985573516089,0.14669958697264932,0.2872748699497531
264.95,0.11369235618021305,0.23887810309153648,0.2606867177806832,0.1462168944271268,0.2903177911733696
265.0,0.11056968459470612,0.23665494818749402,0.26181654604990545,0.14980225849972437,0.29160938249252233
265.05,0.11006413008698378,0.23596744727014088,0.26494350780829906,0.1399088848242078,0.29793081636009555
265.1,0.10429318830125764,0.23693451993199635,0.2637669655829523,0.14186340926475705,0.3039090050285183
265.15000000000003,0.09998755618199535,0.2337282720606401,0.26112296388440964,0.15262770607975087,0.3035574839771587
265.2,0.10313867512981927,0.2277218011048873,0.26306151441158476,0.14799358484464387,0.3044910360510327
265.25,0.10285930984084671,0.22366280580993927,0.2601198805353814,0.14278176252964742,0.31139848883456794
265.3,0.09837722659970945,0.21962059912239296,0.25909041809946537,0.13733716571905566,0.31157608239223156
265.35,0.08942465334319323,0.21782640416085888,0.25339710385908093,0.1450102646523784,0.3140359563733243
265.40000000000003,0.08597256588079832,0.21506099886571395,0.2546044161729244,0.1354019317335443,0.31164714283196226
265.45,0.07872198321450327,0.207480514120453,0.25445155154820903,0.13821650500505225,0.3117370173060871
265.5,0.07536095705814763,0.2038208846910765,0.2548520897139572,0.13123588712038334,0.31157661992753066
265.55,0.06863393361623793,0.2049330585417654,0.2512438762412446,0.12919923912066666,0.30060168337660925
265.6,0.07358963189023446,0.2001675803454142,0.2556943745291036,0.13033008958312564,0.30044609045537507
265.65000000000003,0.06869735980823953,0.19793759777948147,0.2498627015665717,0.1358821886003288,0.31301319676427264
265.7,0.06911524574063956,0.20197694804762706,0.2540257848062451,0.13568048431692104,0.30446137248560257
265.75,0.06888465537485519,0.2046685224995168,0.2568519246771902,0.13342673385799542,0.2987780142771964
265.8,0.06753682435896244,0.19660884520974742,0.2558050689962239,0.1327542279828,0.30103404171081133
265.85,0.0654757282840606,0.201396595753284,0.24815227320105243,0.1323205399633018,0.3069199240114775
265.90000000000003,0.0658854157633443,0.1968570407428197,0.24122388742415782,0.1351682543866312,0.307085976397351
265.95,0.06280942091308826,0.19864508643507564,0.2372146395356441,0.12615772510608006,0.3018210532348284
266.0,0.06391207895434237,0.19743074671828134,0.23345861392551648,0.1335956942196012,0.2976950974607622
266.05,0.06394004447052697,0.19686152389538067,0.2336510328872795,0.13081979500453314,0.3016598504718235
266.1,0.06243052023163804,0.20055370098114778,0.22624177409145,0.1310129891785243,0.3030595242402507
266.15000000000003,0.06546523237554214,0.19591110098692135,0.2252704675495335,0.138104672709419,0.3000364134687973
266.2,0.06805257061666495,0.20023529180888114,0.2201413869096078,0.1412325214325268,0.29967468385945284
266.25,0.0657912778840438,0.20049902553279253,0.21053676949885225,0.14618940388439097,0.29436445914150444
266.3,0.07036220975467639,0.19694044844849362,0.2128263212556334,0.14909365852380033,0.28864869307790636
266.35,0.08065041597240309,0.20012259272655947,0.20749757492506427,0.14156598585374808,0.29235782561899765
266.40000000000003,0.07899389178061797,0.19634244663732797,0.21400238396542123,0.1420719932248752,0.29285067802167947
266.45,0.08501986981243073,0.20055309300281685,0.21020851825453535,0.13912199430990008,0.29045706666958837
266.5,0.09000183040732916,0.20179090917978945,0.20769921801151764,0.1483297070523526,0.29506243359873335
266.55,0.0948498748588115,0.19855620886602707,0.20452163447299665,0.14836994766210024,0.2889645620953047
266.6,0.0981089895556179,0.20164079066248278,0.207275614627235,0.1483583528500512,0.28286896607522877
266.65000000000003,0.10239059262867067,0.19358506686960048,0.20736803778807092,0.14737594098132334,0.2871265664395106
266.7,0.10207449327652743,0.19056631111156222,0.20323589857404634,0.14518172649637293,0.28739051782802894
266.75,0.10912425735320028,0.19136098695022663,0.1996900984564999,0.14609945572933086,0.2913400676671673
266.8,0.1188357398664932,0.19232339884267338,0.19623328127225956,0.14035553136087356,0.2928680817753117
266.85,0.1239330942794895,0.19373788576629886,0.19625937591553091,0.13869825894258803,0.2908858711661834
266.90000000000003,0.12765993489009847,0.18957427188129955,0.19254120304453254,0.14587176097990653,0.30347870256328363
266.95,0.13501551684719362,0.19648072603594152,0.19000089467690998,0.14709840189681733,0.3168342982578416
267.0,0.14344464610169602,0.1930545025631732,0.18671053871893964,0.1482716942946175,0.3063292593150752
267.05,0.14661637465729555,0.1956279208868586,0.17982778108184116,0.15704550088336383,0.30274747890704307
267.1,0.15955480969880642,0.20371578195875567,0.181207155369998,0.1533409399560596,0.29008441118438966
267.15000000000003,0.16595939849144262,0.19718610936674563,0.16582034411118382,0.1525343449299793,0.29325697038321724
267.2,0.17274973332852128,0.19563020906944592,0.16484187397959957,0.14875817189901616,0.292858154438009
267.25,0.17476254071029845,0.18980590359340763,0.1520374858548955,0.14916638473991337,0.28505239805618443
267.3,0.17781374244074694,0.19476279051546544,0.14419903885142743,0.14873542497724573,0.2871375218778616
267.35,0.18191944759842482,0.19615407337040838,0.14731602383104042,0.1343717095876653,0.2901426830925705
267.40000000000003,0.18393415202732008,0.19400426076497337,0.14001014543913798,0.13607721999168543,0.2999475348967417
267.45,0.19060857169905213,0.1936811361691568,0.14353915098342593,0.14548285442157158,0.29893394777389926
267.5,0.19721705345751353,0.18527485512924674,0.13633145717637227,0.14232898517124765,0.29213308085994105
267.55,0.2019451943671395,0.17946782070244172,0.13394407920479323,0.13898875107909547,0.2873979146618912
267.6,0.21478076710550553,0.18650463179961377,0.13786561819933457,0.1371924118800722,0.2863418638035564
267.65000000000003,0.21665763178480704,0.1903779078765233,0.13222819405525985,0.13434511552094877,0.2918356296622951
267.7,0.22249881323319587,0.1984287785840692,0.13061533168909745,0.14290691767002714,0.285713745330001
267.75,0.22262648301625448,0.19176489764553614,0.12832426717996923,0.15252047779030006,0.2862160267552678
267.8,0.2260283799502531,0.19926069672962196,0.12406943674258823,0.14896118580491374,0.29009707022394693
267.85,0.23106613460841804,0.21106866981377131,0.12406933512565835,0.14528622994796997,0.28653438251909374
267.90000000000003,0.2351910834095404,0.2091782782412325,0.11700250074324006,0.14514753155158294,0.28212579392840026
267.95,0.24047478908556164,0.21107652646058267,0.1172107910292488,0.14918988612270417,0.282365245771118
268.0,0.25068343113141267,0.20773968105122534,0.11279796231114285,0.1519671450149448,0.2850790195554275
268.05,0.2568898573197279,0.21208284255224868,0.11344633596158571,0.1596692457056586,0.2792168914118044
268.1,0.2645941268907856,0.2146754045586675,0.1057148644337231,0.15024868916980633,0.2789655838321384
268.15000000000003,0.26838122620823057,0.2049899334777742,0.09748123743454894,0.14971761144453516,0.26347418927438004
268.2,0.26889041573831035,0.20874058143530738,0.0994821262403608,0.13883731055630916,0.2506174658109544
268.25,0.26881750542920285,0.20412951117231917,0.09411146587845898,0.13490830956906033,0.2449330911431618
268.3,0.27998577769874455,0.19747227382481375,0.0882362154566501,0.13390433300741209,0.24609249223557014
268.35,0.291632293741741,0.19208602681349304,0.09369594802694627,0.12254687099033637,0.23719873701239189
268.40000000000003,0.2999863537585342,0.1907685183763746,0.09873421626845809,0.13482780025067787,0.23890545523074477
268.45,0.307196642244841,0.1893485693624324,0.09608737173656683,0.13230823186174967,0.234412894435125
268.5,0.31841117112279754,0.19571262627641628,0.09845635050464183,0.13431741887661527,0.23091196829469027
268.55,0.3191805576164583,0.19401182657301133,0.09646126373939261,0.13243359621097142,0.2330679296538025
268.6,0.3318806286684562,0.1922492243181499,0.09996364865214434,0.1303360671858063,0.23368153738422018
268.65000000000003,0.3397032217024226,0.19743744867307067,0.09625995556102028,0.12809710354960716,0.2415336455347261
268.7,0.3361400304545363,0.19236348481878515,0.0992036774517785,0.13336610036121826,0.23769749424256714
268.75,0.33988301603752763,0.20203389665006313,0.09696012766792583,0.12083237902860834,0.23922946422954122
268.8,0.34085471495276404,0.20033684441180272,0.09369493389098167,0.12277418828025725,0.24289967757609984
268.85,0.3391332941034846,0.19526729521522657,0.08743350658133563,0.12571240246305332,0.24910659007794086
268.90000000000003,0.34278126734981346,0.2021720300032438,0.08738138923912887,0.12165244359011014,0.24912586323039507
268.95,0.3371374442897163,0.20325675393700626,0.08868647157433286,0.13303987150653915,0.24373182129345097
269.0,0.3404275850454796,0.20873113273226884,0.09504270043544387,0.12846341826430324,0.24824691102971588
269.05,0.3478592133922133,0.20453050969961836,0.09768618473462025,0.1285284302181102,0.23511910498172633
269.1,0.35063610289987873,0.2011525301488757,0.10300155266683156,0.13133670767646616,0.24244556608613482
269.15000000000003,0.34770447208773464,0.2051569312416851,0.11769165527027114,0.13307804361454595,0.23586273526245688
269.2,0.35571547921645386,0.20896117712433476,0.11384032515596032,0.12171766175351653,0.22449919838102114
269.25,0.35416512814575274,0.2042714435768655,0.1130146869126785,0.12333068418617574,0.21816135800281652
269.3,0.35282892186248854,0.20900654429531113,0.11707726262207101,0.11977354089126496,0.21262515519301198
269.35,0.35397929944040946,0.21734668684882313,0.1257834411279472,0.11955465452182382,0.21221089213342562
269.40000000000003,0.3534545875811672,0.21898942596541995,0.13328711855894243,0.11993343749083835,0.20697228218333938
269.45,0.3563470105524218,0.21988978569029713,0.13104970552571066,0.10534929187060697,0.20882983877603675
269.5,0.35379052947717354,0.20845662547489568,0.12811139219524886,0.11022383097635424,0.2084239475802025
269.55,0.35602586664592406,0.20850738434289912,0.1282771795184481,0.11791642885317823,0.202320929906535
269.6,0.3604646406801655,0.21091432479149294,0.12728134689473675,0.11958936620787379,0.1993763135866626
269.65000000000003,0.36135686304336617,0.2133378324622277,0.12735986851256145,0.11818521764601939,0.19817270366896725
269.7,0.357821447973721,0.20779882036483407,0.12852193573524182,0.12136437874746855,0.19606812156857506
269.75,0.35945874502589303,0.20703440363498204,0.12756210412596056,0.12589954913378246,0.19441817791456154
269.8,0.3591897838374122,0.21549394366110455,0.13532569749112405,0.13077372521660335,0.20440072409639481
269.85,0.3558399525969071,0.2168223526384137,0.1347525156737749,0.12099068540011305,0.20737713302623928
269.90000000000003,0.3547106913762321,0.2118466098491555,0.13036968477264568,0.12885234931278966,0.2091709909458133
269.95,0.3522553831977313,0.20087942309821416,0.12368162464981006,0.12087598502841827,0.2018803702948996
270.0,0.34672495634890244,0.2114486330832512,0.12789042375919915,0.12188152983291808,0.19526501978101155
270.05,0.3386228514274352,0.21571952794935148,0.13064144793241303,0.12399789118890257,0.19606181982051563
270.1,0.3364558794448547,0.21946481239909102,0.13034097233944006,0.12280750896478672,0.18670466469505395
270.15000000000003,0.33265726384985933,0.21925785379857254,0.13186504215636113,0.1248201443000907,0.18304402189140487
270.2,0.3330408224628664,0.2159393693677475,0.14096749974994202,0.11719087548123672,0.1804987552648065
270.25,0.3292047182910823,0.2122033749567234,0.14615609444760497,0.10718730526621771,0.17706022194783452
270.3,0.3252873533690184,0.21272465351539868,0.15185162173188094,0.11542070348552778,0.16944832539764057
270.35,0.3148580084292787,0.20816983452561674,0.15708241902274953,0.11794154699209891,0.17006990309765924
270.40000000000003,0.3059269803394114,0.20563931922221915,0.15557776256806438,0.1131208945455046,0.16748326195613975
270.45,0.2987795082591481,0.20625768089958416,0.15499283466381306,0.11020752289756669,0.17195021359295082
270.5,0.2967672414544399,0.2096769616838267,0.15804381476439172,0.10822110235210497,0.1627099887396193
270.55,0.29146907948954787,0.1963518545307199,0.1567946707500879,0.09858365826109747,0.16055229459655626
270.6,0.28631824378999277,0.20021883069350602,0.15823871836179831,0.08658111137084566,0.1643598309649005
270.65000000000003,0.2732498057130275,0.20815865912974782,0.16207904604116377,0.08252719443596235,0.16785825904105312
270.7,0.27624658775020067,0.20104104495794023,0.1637544431352648,0.08668084423420998,0.1737786780112198
270.75,0.26862698559055453,0.1937770913166771,0.16381868795878662,0.0841141711877678,0.1791564210345137
270.8,0.2621987933652022,0.19825242952948705,0.1601885573576458,0.07989147541653188,0.1819917516964102
270.85,0.25692008073888245,0.20332954538904371,0.16666420059746506,0.0816561116976075,0.17457179582969135
270.90000000000003,0.2521513905037764,0.20006274133231478,0.17357295671021675,0.083878534750145,0.1721486310377798
270.95,0.2502612820373695,0.18987485366564516,0.17187854214218626,0.08377299167403235,0.1722306039743817
271.0,0.24662537548069616,0.19517520329977242,0.17449358167039075,0.07651051242646416,0.17021193370288887
271.05,0.24018060358376347,0.193644986402242,0.1725998073649538,0.08243248528230596,0.16778085311973487
271.1,0.23818452727875045,0.1997368082000333,0.17219139958167,0.08614960606156022,0.16599839891466509
271.15000000000003,0.23798438167754365,0.18921460723214,0.1856625361413622,0.08229778090060186,0.16221664175489273
271.2,0.22678385707619161,0.19169589609921367,0.18957457471534309,0.08473370579843685,0.15934683539450867
271.25,0.2192869043931725,0.1788446824970973,0.1854727301829657,0.07688340544382105,0.16470085660548786
271.3,0.21570943920705402,0.18594867951837135,0.18629825151004126,0.07954456127128019,0.15870075162766595
271.35,0.2183627421992021,0.1892276560749448,0.19680885649447533,0.07619546470435695,0.16006608668403374
271.40000000000003,0.20609855241747801,0.19738229259075574,0.1997731965585125,0.08427967536701551,0.16720207783367858
271.45,0.1983216348899925,0.1991112110571826,0.21110797753580768,0.08565574971633914,0.16180825474870755
271.5,0.19150234691112825,0.2012753445000142,0.21250929193934326,0.09231405353302503,0.16192620073898517
271.55,0.19205222338011077,0.20620789067487214,0.21628941516408537,0.09885149236024392,0.16691103545531213
271.6,0.18418248566030024,0.19849500013722257,0.21351052233704343,0.1029637332093612,0.17188123754089202
271.65000000000003,0.17977703444826618,0.20855902185980654,0.21929666374925338,0.09879165346295216,0.16579367068821713
271.7,0.17497474415010178,0.20215583667966155,0.22653462922263393,0.1142075251020007,0.16158769917053906
271.75,0.17260868686691358,0.20155606278529836,0.22966842239789997,0.10974591622970338,0.1711066168138458
271.8,0.17433451805307976,0.2062614590134928,0.2346881439365781,0.10680634075445891,0.1793487574944792
271.85,0.17969348030830476,0.20865723593182728,0.24338557287410018,0.10732607551438107,0.17923644950791187
271.90000000000003,0.1750666480638162,0.2089769607619565,0.24816555850037522,0.12187671921867158,0.1778641351800646
271.95,0.1736554555223562,0.20507748730281591,0.2541156179308107,0.11281097402901961,0.1881883761550509
272.0,0.1721917944547909,0.21151703990608312,0.25496146356113575,0.10724630424946666,0.18729597273400453
272.05,0.17607680759945865,0.2151787705706136,0.2563885560577968,0.1100748045591738,0.18812554454548316
272.1,0.18151366752307052,0.21966703303497437,0.2464548420613516,0.11546738172300951,0.18297815517431287
272.15000000000003,0.17569901175147898,0.21901189283785885,0.25134364013609684,0.10865584656184817,0.18069198938894032
272.2,0.17012788419649089,0.2179454616423455,0.2526649593463035,0.11143214486660928,0.1834840537597952
272.25,0.16803811119356382,0.2193851003487157,0.2523950512668512,0.11936251254921305,0.18419607525966247
272.3,0.16901800154205304,0.21817073466523237,0.2554041725898001,0.12414005616819507,0.19027744612518505
272.35,0.1699653780465165,0.21972269972913513,0.25457167192534774,0.11769626489860728,0.18218522326319705
272.40000000000003,0.17427795282917907,0.21799499338605652,0.24746555651654467,0.13359846701189934,0.1844324786570224
272.45,0.1668710152750662,0.22362608893057775,0.24950436122737255,0.12217822756198135,0.18569846693688566
272.5,0.16569320551865535,0.21951365956425373,0.24724634569831175,0.12368182575195992,0.1846485736195394
272.55,0.17064179091393433,0.22429256772143027,0.24702378359801386,0.12646480914993785,0.1809449910032274
272.6,0.16296682299284707,0.22509611369962104,0.24963966631870346,0.12512812345371424,0.18513847181365137
272.65000000000003,0.16262142929637202,0.23026915418431512,0.2471725444346743,0.12783019372320173,0.17561164299328322
272.7,0.16688256605795676,0.22893099830821284,0.2458985951135251,0.13011224068309307,0.17925902262500734
272.75,0.1648086564364745,0.23242162059310825,0.2506683927621263,0.12924505316179238,0.178164929078431
272.8,0.16510423636007623,0.23276058342374564,0.24338286708238746,0.12452570486823449,0.17041216197636386
272.85,0.17683923097756857,0.22543862574487236,0.24392425813001664,0.12342528296083706,0.1727101007575909
272.90000000000003,0.17725287004383253,0.22742862317926452,0.24603038610994024,0.12491041749622957,0.17154777752064232
272.95,0.1860875447674838,0.2297624590278706,0.2425680997031524,0.12005627991561581,0.17062702813432903
273.0,0.19007516295059715,0.23194651799627458,0.2358850285224398,0.12060498221887171,0.17617587042875593
273.05,0.1969316204344231,0.22848810475106227,0.23296966193218943,0.11355512224553445,0.1761050298644063
273.1,0.18892666995351035,0.22869146899656603,0.23296139563520446,0.12034588861224943,0.18012925507736396
273.15000000000003,0.19263595165850372,0.22830488005817187,0.2340453680945554,0.1214475752896003,0.18175483416558083
273.2,0.20263133659876814,0.22403900882558903,0.2359579400318233,0.12128094923264629,0.18188658787446463
273.25,0.2089839593646254,0.22560258330943206,0.23448545330395018,0.11387656598487025,0.18577223565144704
273.3,0.21061333413909666,0.22886262742159533,0.23230668210464211,0.12390777018273504,0.1837872239282145
273.35,0.21746315992696824,0.23560327891546556,0.22993766561224643,0.12441814193833604,0.17510930793778853
273.40000000000003,0.22704848361367164,0.23664124347653692,0.22677543699300268,0.1275061602375216,0.17878102054852693
273.45,0.23144994594584595,0.23699891061163506,0.23466562431802934,0.1280100364163134,0.18546299997575844
273.5,0.2335378078251419,0.2441026687530656,0.23250390910536253,0.1264429848710448,0.2061794346484646
273.55,0.24369959555456042,0.23951456281070574,0.2314128161396591,0.13579432261423757,0.2131109279380905
273.6,0.24774832843150227,0.23971835050784254,0.2308829793254631,0.1276821125957285,0.21769373404015985
273.65000000000003,0.2481304453844794,0.24061709414143212,0.22660778769727682,0.13359159960927017,0.22005931338577303
273.7,0.25959349961764644,0.2500841773693552,0.22262838271273483,0.13581920582930507,0.21880703068296267
273.75,0.27405124403016057,0.2515461631461044,0.21863888222494382,0.1482167127530172,0.21861990271662118
273.8,0.27702197652785393,0.25773623953174263,0.22243937713887388,0.14396260692712687,0.22851846268684495
273.85,0.27789147666444547,0.25652381053348683,0.22745607288694,0.14363536448397712,0.23889733079972786
273.90000000000003,0.2831241646130713,0.25300591082218854,0.23060235086441883,0.1437700526933628,0.2441626736315736
273.95,0.2922836409784708,0.2509744324264764,0.23723226396668498,0.14816860407262805,0.2526913182635352
274.0,0.30259568850695434,0.25795010163759347,0.2417111785095686,0.15151706548957714,0.2672346526278878
274.05,0.3026473959539111,0.25268455842247944,0.24665502026763403,0.1533548320489037,0.2732307472427739
274.1,0.3077938646677713,0.25781620914850095,0.2542647576793376,0.1638045212072235,0.28130321996367286
274.15000000000003,0.3095667647265899,0.26312635216875807,0.2543521898238595,0.16121719332005396,0.2931250051820073
274.2,0.3108285270351927,0.26435838147780066,0.26208041795292264,0.16773285167046323,0.29785464022500613
274.25,0.31519300798159355,0.26744376822072363,0.25893785443913153,0.17475094954930334,0.31030531078374235
274.3,0.3143493922535649,0.27134304981779006,0.2539079485393851,0.16662764329884544,0.3197617091824206
274.35,0.31247997426890306,0.26382713983123757,0.2537110701061452,0.17060956602576688,0.31790344348541605
274.40000000000003,0.3158681197604239,0.2710388434716129,0.2488458612616813,0.17207576787054724,0.32103936747672196
274.45,0.31639292861223156,0.2699853995259093,0.2505399247123261,0.1774666794143811,0.3231019036820668
274.5,0.32780571160299776,0.2682036640706076,0.24170878824770647,0.1853073116149263,0.32072831878733893
274.55,0.32862148947620756,0.2692601556273828,0.23493338078107817,0.17769520613937528,0.3244347565708118
274.6,0.33001920628507686,0.26861673297678884,0.22649109122368558,0.1789779243265707,0.3218821696416456
274.65000000000003,0.3244213648370652,0.2712566396631833,0.22543278751417825,0.1712627174796223,0.32028250547370807
274.7,0.3277531238436951,0.27368395814395036,0.2193755594359016,0.17660377533231023,0.32625633215385524
274.75,0.33034411500614513,0.27223607623966894,0.21076134759084128,0.17660317464686884,0.3288608802081441
274.8,0.3361911510499453,0.27092036944522313,0.20493004370445222,0.1709800291032876,0.3274932364928375
274.85,0.3333536133101429,0.271938173465017,0.20147450921059573,0.18486913246318415,0.32365101595553164
274.90000000000003,0.33346626602505486,0.2689045222799322,0.1975247893827543,0.18614451528626666,0.32255949637406833
274.95,0.3387892508188874,0.27032235475198924,0.19835235360310602,0.18267373608715318,0.31613781680002645
275.0,0.33775999817583513,0.2704532045539405,0.18740815745254666,0.18858154349203207,0.32757233479941167
275.05,0.3445245977059802,0.27103887000683013,0.1768265834522276,0.1799331560504286,0.32457676536422186
275.1,0.3407170534969721,0.26655621494797876,0.1720572669179506,0.1837770603088087,0.3219788872120185
275.15000000000003,0.34352867157050443,0.2673073538567046,0.1620205385539808,0.1812054469251937,0.321770025424619
275.2,0.34218044723572033,0.2624500911086564,0.15770676348813475,0.18237553106319562,0.3149785238388857
275.25,0.3369661860931692,0.259888710446563,0.15064625488590086,0.17338607310001883,0.32109874500575863
275.3,0.3383422084242423,0.26174869313016247,0.14559836006824783,0.1783346098685738,0.3260630148658953
275.35,0.3283395075271046,0.26862977959387674,0.13057951095553486,0.17537626282042193,0.3242006548316407
275.40000000000003,0.3310189114761137,0.2508809321673963,0.11970593387228895,0.18541973041904888,0.32317268642081
275.45,0.3362978651531028,0.24936602172611133,0.10867602991257698,0.18840881357500142,0.31613692142434296
275.5,0.3347614166492243,0.24681040644609836,0.10120721735947118,0.18700067465293782,0.321263697379797
275.55,0.3304095654478963,0.24705079839352703,0.097447806409198,0.1801890212167737,0.3128260833205122
275.6,0.326846624844643,0.24281322405012198,0.08771078299102178,0.18021303462834865,0.3096921684354261
275.65000000000003,0.32293830997141304,0.2430444034220926,0.08110377160101763,0.18300712848032422,0.3109223575473063
275.7,0.32099655328324567,0.24479414125609472,0.0754524636895251,0.19099938543274197,0.3111481617948563
275.75,0.3167533579945951,0.2455149334907915,0.06857567430755979,0.2006964308073214,0.31765747824086393
275.8,0.3050829581908217,0.23785820713197353,0.07038767200125223,0.20111937613965497,0.30904310258100937
275.85,0.2988186168979853,0.24380695995090887,0.06943461872337274,0.19972686193053288,0.30796515671732805
275.90000000000003,0.29485705919593524,0.24077037020185246,0.07097687145885528,0.20815884538105459,0.3116982947778823
275.95,0.29005350182602474,0.2419978802694209,0.07008139497299472,0.20533331710506583,0.315571470129053
276.0,0.28925239949117454,0.2426927639500248,0.07246619399107776,0.20603027351287587,0.3066600083738518
276.05,0.28812040061281996,0.24392414446094668,0.0759953452673561,0.21206512588771978,0.3110096078275178
276.1,0.29027858291195835,0.23988454570453865,0.08268507477404392,0.21765237192951561,0.3119011491209667
276.15000000000003,0.28880122881450593,0.24952733679920353,0.0911512683042654,0.2153008930422288,0.3003872457147191
276.2,0.28742162900527135,0.24917855633607036,0.09718110927328782,0.21140936705802948,0.3083611603962394
276.25,0.2833347618354521,0.25408452963215944,0.105765916873354,0.2173756571364914,0.3031997736422361
276.3,0.2746410358462438,0.2603876055242715,0.1100593939050051,0.2165352734500172,0.29783006876707996
276.35,0.2691695003454768,0.2673892371641125,0.11691335099551924,0.21705720138491363,0.29884540327896847
276.40000000000003,0.27078178152867366,0.2613954048442108,0.11936690741258442,0.20566998404381476,0.30617414319503156
276.45,0.2636333850826051,0.25628159889816543,0.1259486015911321,0.2129921636433492,0.2976769667969266
276.5,0.26556917898788446,0.2559760178978782,0.13608361618703457,0.20865423697137903,0.29315700230444075
276.55,0.26169161312785033,0.2575638754208521,0.14742339099249618,0.21115822829287292,0.29699708319681123
276.6,0.26124247946479334,0.261654866925674,0.15334684395332357,0.2116656436298972,0.28885306769732366
276.65000000000003,0.2506345391269426,0.2564328592804429,0.15510566842367945,0.21362661605903296,0.293752783305648
276.7,0.24865777904913045,0.2448713799084298,0.1541240679601356,0.2142465998904671,0.28299003659235494
276.75,0.2387091459243012,0.25399753772475325,0.16083511629201758,0.2036725724093926,0.2886157244916838
276.8,0.23012633768668606,0.24487832109284113,0.17366778906960906,0.2019667170809238,0.2829761389556848
276.85,0.2252082071257615,0.24430029827941033,0.18232911631706034,0.208606563386639,0.27598773083660655
276.90000000000003,0.22028061804949225,0.25022804417949296,0.19480279681607132,0.21534929743332543,0.27459579098356734
276.95,0.21668676366332168,0.24679095475796564,0.20402055737836833,0.21918637486262132,0.26883551485955137
277.0,0.21457224856956897,0.24558240751624963,0.21215755616180126,0.2124371237615657,0.2654302931219323
277.05,0.2058739838366726,0.25074854172461386,0.2183312746436178,0.21431814843742505,0.2593824916561591
277.1,0.20085849984032506,0.2564447674585774,0.227604661828111,0.21738091033605525,0.2607922322609979
277.15000000000003,0.20529990389428857,0.26162940080737124,0.24510546340050518,0.2123486437474416,0.2512897745978167
277.2,0.19887527153868848,0.2680399926187064,0.25675327002102744,0.21560034843939388,0.2618670116818435
277.25,0.19680238915188877,0.2695096708356058,0.27459812955324714,0.22837276737274506,0.2632384160951697
277.3,0.18758663987742225,0.2795958430077729,0.27732349359479425,0.23258277856637974,0.25529905955101273
277.35,0.18602693566255046,0.28161413481882575,0.28587848192037507,0.23312607692250883,0.25486832461280173
277.40000000000003,0.17953055921980277,0.2866152199235376,0.2901504669728658,0.2353708301873824,0.25704228274492413
277.45,0.17640847092097875,0.29451451411471685,0.30018606884002924,0.23978679954854845,0.25506456279175616
277.5,0.1741975398084687,0.30408529782555044,0.31438767956159575,0.23729229634107452,0.25707971585819517
277.55,0.171529643187055,0.2972793443152925,0.31457311696642243,0.2354921371271578,0.24550117354084894
277.6,0.17275160868491876,0.2920340651290576,0.3183261667089618,0.22816732874533124,0.2420519086709645
277.65000000000003,0.1605417244395489,0.2936468238792074,0.32695738592717793,0.23257239299414872,0.23962130264108053
277.7,0.16217448076806718,0.2972942247144171,0.33661968651019636,0.2359360660763647,0.2416560503267971
277.75,0.16699779455823732,0.3126964143535649,0.34327010850050366,0.2418689278359238,0.2411118830793256
277.8,0.16146231171607045,0.3104153798640689,0.34808520295662315,0.2470648906977542,0.23712394621085903
277.85,0.15936246948405308,0.3127805644071494,0.35953173188461274,0.2459061551070254,0.24512985450176633
277.90000000000003,0.15901646666258876,0.3076116845750634,0.3714279593713088,0.24586453050670365,0.25062727074886215
277.95,0.16169889101949433,0.31919989627028544,0.37537680286194003,0.236495777190503,0.25642639320024974
278.0,0.15369339095399265,0.32326636815070164,0.38255437194967573,0.24864364177159715,0.24928501249271984
278.05,0.1465652483615701,0.3178248998915498,0.3867102113464584,0.26095375495890855,0.24564045471942617
278.1,0.14433361978849613,0.3167896545994133,0.3909466224291935,0.260164773426101,0.24166524624320151
278.15000000000003,0.14267587229570808,0.3181079772406658,0.3920027617965778,0.2674695737725435,0.2352930935966043
278.2,0.14089104111614187,0.3189839343377633,0.3950909024462025,0.2623910437862085,0.24030841271276157
278.25,0.14663225942012506,0.32582102917320793,0.39519863223472496,0.2589317177143634,0.24272447090334484
278.3,0.149168299867779,0.3213959195909097,0.3968498416814769,0.25975526778005475,0.23439762011932863
278.35,0.1432313219582097,0.3166490520049029,0.40109000855490373,0.24921646874620731,0.2343530193642887
278.40000000000003,0.1460171664207468,0.32400450936875985,0.40892556103567734,0.24741837372255615,0.22674877341977281
278.45,0.1472943094229679,0.33002568073400373,0.4118852366404343,0.25048297007766185,0.22715557347902254
278.5,0.14673917757762467,0.32891412029007766,0.4081811069419699,0.2517265398936434,0.2339900719666203
278.55,0.14720326794942454,0.332918241049332,0.4014164083998968,0.24902171432040718,0.23873999911503463
278.6,0.15470999738785898,0.3292833028788564,0.4054291254017336,0.25472042189582406,0.22580458470120937
278.65000000000003,0.15068310658712386,0.3293944487118822,0.40484945318146803,0.25458511422268304,0.22149374174313818
278.7,0.15578165089613585,0.3276756479042382,0.40187330889813033,0.25486112410145123,0.21698807804737988
278.75,0.16014714923716777,0.3316754040070369,0.3961966916668494,0.24320083524077868,0.21675250252861528
278.8,0.16469756916617934,0.3250870459290375,0.38507841253172936,0.24214692977803673,0.2146936936262411
278.85,0.16641871508228315,0.3099032992013772,0.38246441189418084,0.24910210236823985,0.21446494794624313
278.90000000000003,0.16893641214247837,0.3121888973112804,0.37949877650196673,0.2318614413915656,0.2068014510742433
278.95,0.17669264277679503,0.3137861093146967,0.371865234176381,0.23324792080042359,0.20494802904025053
279.0,0.18041084438574534,0.31597700672227796,0.36989825475576565,0.23906075601900145,0.20264265677110377
279.05,0.17867023147459185,0.31781451236079344,0.35812884077213974,0.24053928806538247,0.1950700238752362
279.1,0.18224644471114984,0.3154480630856793,0.35115881027119294,0.23296164412062487,0.18384375613033027
279.15000000000003,0.18018054095548255,0.30981248200873396,0.3426695573244188,0.23421536557561456,0.1846407138115795
279.2,0.18665360069843326,0.30325372647949234,0.33825665931182486,0.23605796295221834,0.1829079765965332
279.25,0.18906112542947198,0.29774174549516796,0.3343917885544827,0.23159199516800472,0.17856013816613941
279.3,0.19817202845186818,0.2976219760599467,0.3296553799861969,0.22582065304038793,0.174332642156317
279.35,0.2138784903299332,0.299616295912474,0.3191739285023876,0.22415706564413,0.1698893122254019
279.40000000000003,0.20875598928450267,0.29944756564243136,0.3118066704010822,0.2170529766049961,0.1642754360394809
279.45,0.2082870362529267,0.28893673030806366,0.2970829504523464,0.22320101329536002,0.16385165495116036
279.5,0.2190743782771058,0.28235403181391194,0.2960916647760359,0.21376531948072752,0.163874701494963
279.55,0.22393220462423563,0.2885036311145205,0.2911650708900492,0.20956529547874497,0.16746978789722755
279.6,0.23174269293833874,0.28286810740430623,0.28368894482072743,0.21168125592179104,0.17122250236195302
279.65000000000003,0.2362103045450912,0.2781806427490643,0.2803723901163083,0.21197393358253505,0.1839236459864197
279.7,0.24987028364261013,0.28009101810686066,0.27823948667879717,0.21032655499974218,0.17957700491773126
279.75,0.2506370926594428,0.2809536608509775,0.26952373883818104,0.21885749223442974,0.17621134417106804
279.8,0.2541645378475347,0.28374578206354645,0.26617385701157026,0.21673599565441756,0.17790735508578198
279.85,0.24843354116764407,0.2800863558590363,0.2592122048043737,0.2169365333352779,0.17630025342165861
279.90000000000003,0.2622997622967523,0.27214251330423445,0.2569656931005354,0.21652439332338155,0.1801244542135745
279.95,0.26425598829733604,0.2817060024297352,0.25227498632772655,0.21723425457784123,0.17732721874348512
280.0,0.2786821680617829,0.27786899741464066,0.2408006822655879,0.21244722304043073,0.18188548535913582
280.05,0.2798453841373136,0.2594218330197861,0.23692317437754457,0.21408428831366344,0.1733688050539166
280.1,0.2803262948085682,0.2595508366915522,0.2260514836098603,0.20411430096933667,0.17337288623774968
280.15000000000003,0.2811277151368557,0.25646247296591296,0.22324413692736833,0.20740870567147376,0.17700740515725
280.2,0.2815635836394109,0.262699851256847,0.2132764478068765,0.20134869531656435,0.17581276481504368
280.25,0.2873050500289802,0.2469259798148118,0.20534276392005066,0.19640987204241414,0.18272850461876838
280.3,0.28491314762094366,0.24321208692465476,0.19782166581885421,0.19362261592070273,0.19129254513140354
280.35,0.28519121867682823,0.2379281010532248,0.19464419994394402,0.19553005334820048,0.192102701577411
280.40000000000003,0.2830230776190864,0.2356006070957248,0.1860858305226846,0.19138280660976575,0.19343177273289408
280.45,0.28804536568795863,0.23532972647338773,0.1849212628521424,0.17705098611803016,0.20299719073689754
280.5,0.28899167675188936,0.22479156356349464,0.1785989079757933,0.18405071316039814,0.20795071748882818
280.55,0.2856493911343877,0.22079494295040172,0.17699089341376723,0.18391445847687662,0.20926049059783772
280.6,0.28257217270474866,0.2258759509166312,0.17095721882122078,0.18677417576531716,0.221211388047196
280.65000000000003,0.2830724314954513,0.22666756711656755,0.1553800960317592,0.18652298325537892,0.21690965487482403
280.7,0.28859038371708673,0.22407301803075,0.15044053196873525,0.18507620938948757,0.2214538271837969
280.75,0.29387912066836536,0.20621729483161122,0.14349098492016935,0.19193739075494662,0.2112546506757465
280.8,0.28957479820456866,0.20694075306153908,0.14031928247302733,0.18472613033125762,0.21416683735266293
280.85,0.29151881759374837,0.204281746555861,0.12562024969047847,0.1853577700289356,0.2189015827602389
280.90000000000003,0.2929284282752277,0.2054532761173657,0.12268270770090112,0.1778017012518616,0.21333025567017486
280.95,0.29739007773476245,0.19338860695973373,0.11002231957980693,0.1829689739056527,0.21273344263151908
281.0,0.2997869468481767,0.19815074009653344,0.10124341379187254,0.18024669576333305,0.21300797559422005
281.05,0.3017727051555858,0.19209882574002785,0.09188478862733962,0.1806318956634826,0.21734719933586638
281.1,0.3011976447660818,0.19097367339189508,0.08835301142342739,0.1834866865027428,0.22325970850695784
281.15000000000003,0.3030730817467208,0.19117397966441232,0.08512382102673281,0.1777055242115223,0.22751370696633283
281.2,0.30823415385051284,0.18533464417768353,0.07246606651331336,0.18517770913154405,0.2340807183472585
281.25,0.31187895609493826,0.18791582141848712,0.06703243847116565,0.17388752790588927,0.22672052740160414
281.3,0.31367825202861493,0.17801018692400108,0.054497643185629996,0.1758466960178349,0.234406937585272
281.35,0.3172842652408116,0.17388281908665137,0.05166118604550904,0.16735031433988115,0.23520505962967977
281.40000000000003,0.31777742506023005,0.16894326537194349,0.03935607813268975,0.172307537811317,0.23858050289419336
281.45,0.31536793224334064,0.17192557162346253,0.03293073091025344,0.16300941305028036,0.24427360101542506
281.5,0.3242064180581048,0.17495293440894183,0.02703371131620471,0.16586680877919158,0.2408068425686417
281.55,0.3294564292966949,0.1727445363864835,0.015371802638954608,0.17256040682715862,0.2359707315861357
281.6,0.32203791718282027,0.16636304356658,0.019378897143852974,0.161195776563253,0.2359751128030912
281.65000000000003,0.32231279990360273,0.16552411041881432,0.029246377064731446,0.15504892308805937,0.23702888432129626
281.7,0.3269056848823158,0.16253579022365733,0.0353924283364092,0.16201878259677502,0.23896904473591846
281.75,0.3252918457244115,0.15859049326336053,0.04197386317146098,0.16503314996694587,0.24044926918347265
281.8,0.32946768297444523,0.16689207655773178,0.04710937857232352,0.1643019135943008,0.23953619090804337
281.85,0.32602281691388646,0.15252561806877335,0.049188151523111144,0.17090493298249032,0.22544223478855568
281.90000000000003,0.32515490410580283,0.1552210629218762,0.05636930606378731,0.1673720298841728,0.2262243492119686
281.95,0.33051497676607805,0.1545872959100334,0.0698238167282908,0.1569875222107236,0.23834396461937754
282.0,0.3264189686019459,0.15593669078579153,0.07418914677860652,0.16403058264450407,0.2402955761750688
282.05,0.31915340950319027,0.1543096011116152,0.08089320198190408,0.1587869510863516,0.24662981250947252
282.1,0.31778110916107405,0.1548602098328699,0.09312135856079405,0.1636944313831796,0.24051600063005973
282.15000000000003,0.31479151226384416,0.14685747203906493,0.10022674661941748,0.1710268021285325,0.22853945093038194
282.2,0.30915629426658525,0.14445801046449894,0.10529790496950678,0.1631646473304293,0.23214836987983828
282.25,0.30635651166818767,0.1417708396636631,0.10959260918697872,0.15915233168844914,0.23243066062166343
282.3,0.29496842154089636,0.143396416909042,0.1102388841582216,0.1627948505728196,0.23128128879091717
282.35,0.2870301396869521,0.13648262190374877,0.12339424450608888,0.15914458977433607,0.23398128122660472
282.40000000000003,0.28901467777802076,0.1285207384010082,0.1356357067336121,0.16506657541431496,0.23449752908041205
282.45,0.2909962432829956,0.14408182215332863,0.14088144954791676,0.1571197900289805,0.23952130568360203
282.5,0.28970121918005237,0.1496975248404178,0.14850447600830816,0.16619799695491472,0.24395695591874117
282.55,0.28839718986799806,0.15421692531303144,0.15710782312260205,0.17739437152155585,0.23812196466555077
282.6,0.2855703821652025,0.15651692965298825,0.16390169428857596,0.1759737135914192,0.22829547730922548
282.65000000000003,0.2956684137460543,0.16015204395856075,0.16819770093594122,0.18156106160197702,0.23543604991804834
282.7,0.2946175475118282,0.16080527372500136,0.1704551917065533,0.1805801334170182,0.24088882811888535
282.75,0.2862099905716555,0.15936611998928613,0.17843171029535793,0.17737585968173028,0.23959277023465517
282.8,0.28484778163003177,0.15151205880437363,0.18465387890222792,0.17054625074494,0.23426254230460158
282.85,0.28388821492808447,0.15619719963874065,0.18881232760640684,0.1585242780434533,0.2211335416805982
282.90000000000003,0.2800242945465759,0.15560700056577131,0.19710253261736788,0.16022109777844828,0.22353001119264035
282.95,0.2857111577087516,0.14570932628766828,0.20228114277977827,0.15804145571248776,0.22971542839294432
283.0,0.28037740835740255,0.14516343944429325,0.21169068114830158,0.1574639365393408,0.22974684520341446
283.05,0.2790315630266806,0.14512097115992142,0.21426869860195533,0.1473191468596663,0.23827103888559575
283.1,0.27656676654751117,0.1513899208727333,0.21743967828967806,0.14713215721900444,0.23586565803002027
283.15000000000003,0.2728099088664889,0.15289482832990245,0.22705184118883465,0.1471334913047248,0.2429686752045406
283.2,0.2760050536684373,0.15017600603561407,0.2260962745757596,0.15930379981486387,0.25026240051911286
283.25,0.27451072650464226,0.14772231205161157,0.22443767104319856,0.15538587141953386,0.24507719975156808
283.3,0.2717964561669088,0.147844751615583,0.22361155180006395,0.14821244019506313,0.24384217152035323
283.35,0.2678973552940378,0.14817587775022245,0.22031259751924737,0.1405056930051041,0.23900137512289896
283.40000000000003,0.2590151428528333,0.13668824694154166,0.22724851029763726,0.14461843936962926,0.2342708287361339
283.45,0.2525714765322393,0.14260844415199858,0.23209612462545384,0.1383541716588917,0.2409879297557192
283.5,0.24414183896678238,0.14169762984891313,0.22937111787943498,0.13977510131508974,0.2373933584763746
283.55,0.23585284125960454,0.13664695634738946,0.24099570623620006,0.1449483938921825,0.23595950936779073
283.6,0.23749916199306748,0.13417853217993986,0.24073537447115836,0.1408152793628974,0.23531062946060632
283.65000000000003,0.225287433671973,0.13881204606134917,0.24028871932783408,0.14534568527954692,0.23113438630625996
283.7,0.22113660694297205,0.13750381607196016,0.2387302320485324,0.13543207912274338,0.22776499318526633
283.75,0.2234316547275114,0.1362133055015181,0.23474441645798147,0.13991395481013005,0.23504692418367937
283.8,0.21696959777832384,0.13833332063747036,0.2323879516223214,0.1410001716483612,0.22473099152610213
283.85,0.208471487725447,0.13663361693035078,0.23556487730875636,0.1339210902237615,0.2232910085347546
283.90000000000003,0.2019549243958185,0.13501809244006147,0.23981959826879845,0.1401777222988841,0.228603568018404
283.95,0.200847005723243,0.13633000668260048,0.24092539287580775,0.13639170462270964,0.23161645155644117
284.0,0.198950576602173,0.13755739285432225,0.24221258763171755,0.13820312081046923,0.24089525103220505
284.05,0.18946813180738303,0.13654926614784849,0.24977136210229575,0.135343904915244,0.24441226924252968
284.1,0.19133876568838698,0.1374028043296105,0.24211202166845117,0.13410743741109496,0.2468617817628488
284.15000000000003,0.18778940071297723,0.14283622774614693,0.2534323953695675,0.13170878637721672,0.24590158850988394
284.2,0.19664400567264556,0.1446726352327644,0.24861509681015206,0.1426913999406781,0.2522522113644065
284.25,0.18755939653778786,0.14294788957278298,0.2528336159137583,0.14186765666277765,0.25052839027841306
284.3,0.18344291233637458,0.14500317815509856,0.25517018226276306,0.1445107759736107,0.2530197422379122
284.35,0.17674173814077052,0.1460182214130355,0.2609022808895967,0.15079525124455034,0.2627385707938611
284.40000000000003,0.18174157224819285,0.1507372838558736,0.2615409658038162,0.1498780313413499,0.26552879781769356
284.45,0.18129583760196696,0.14963138014029684,0.25848810232876374,0.15757695144472225,0.26629693389065634
284.5,0.185842831451298,0.1454154085011998,0.2523132959368243,0.16826782649457805,0.2611633268521794
284.55,0.17699001467762587,0.14685264717126156,0.2554627683225596,0.16720201590182554,0.25448954873246366
284.6,0.17273467868252804,0.14998423613045528,0.25072865709877407,0.17915696791478375,0.23958126543215383
284.65000000000003,0.1789259342234289,0.1479865563561466,0.2578656484528963,0.18080523973096263,0.25279198058754015
284.7,0.1780588369405813,0.15426208160805446,0.2581146306206528,0.1723237449186957,0.25500674461466605
284.75,0.17290577345074082,0.15493194495628013,0.2561749491498653,0.16621328398427682,0.25588321553492843
284.8,0.16933606093394923,0.14349760698195185,0.25354462643706843,0.17328632355971535,0.2606706209783738
284.85,0.16914090583761154,0.1501014837919095,0.24627053802564192,0.1738559211344209,0.2611162605121945
284.90000000000003,0.17144975573548626,0.1476794126256549,0.23818205897840847,0.1694186002758201,0.25829447389707194
284.95,0.1754169586003811,0.1468454786479089,0.23149757918659367,0.17627470019712366,0.25710184097110106
285.0,0.18474805365172411,0.14210507771558872,0.2345803023930691,0.18074240206633443,0.2546729611999376
285.05,0.18514811793709557,0.14232881074045425,0.23953991119096996,0.17678496301462968,0.2549919272987663
285.1,0.19084295295704035,0.14257998026199475,0.22565530376706472,0.17574355241206258,0.26858244444750023
285.15000000000003,0.1943749948473399,0.1406925626775078,0.21759724932338168,0.17235968124098483,0.25484637054495834
285.2,0.19666101982997286,0.13486295387820893,0.2137118604188144,0.17658535938720993,0.25313570816493725
285.25,0.20261314292902743,0.1334540820535164,0.20920010248308724,0.17386773311296427,0.24205089572886496
285.3,0.20218192581510455,0.12452001956255435,0.2048152905903657,0.18067454569366442,0.2526586145930431
285.35,0.21001101943540798,0.1177065518389093,0.19812212352844208,0.17193103157782372,0.2550776059871654
285.40000000000003,0.21879602283066582,0.12465809487520986,0.19590104295102187,0.17485529855004286,0.25452363161545144
285.45,0.21500906420311672,0.11908178160112058,0.1892460783933095,0.16943881938002917,0.2685235598047921
285.5,0.21865801962296783,0.1201414290804052,0.18728057486654173,0.16974092674157834,0.2655356322500918
285.55,0.2232104576783256,0.11341835764438096,0.18033091372908439,0.17630858441906397,0.2644721378950197
285.6,0.22070993314132983,0.11588628607439536,0.17614929536415422,0.17018557371486068,0.26562500273453293
285.65000000000003,0.2236427028484621,0.1197849684182518,0.17007337632808422,0.17761684995662227,0.26447409186197546
285.7,0.23362429552411682,0.12168939217804106,0.17052822661288505,0.17780028902857117,0.2619730042316458
285.75,0.2392875171863574,0.1192228738369929,0.16697625004830435,0.16804941265234088,0.2578581789990261
285.8,0.23665808002100067,0.11983215402540673,0.16117895229388843,0.167969736408581,0.24960686643926688
285.85,0.24242049954671815,0.11559631611766182,0.1581050470245632,0.15780817808936126,0.2595298506363018
285.90000000000003,0.25179485154414155,0.11013687625115037,0.15590795755999354,0.14692666223009984,0.25894230090728765
285.95,0.26398388644507176,0.11013713555474722,0.15801729832133893,0.15590691857493094,0.26465722180739554
286.0,0.27869247401446395,0.1106745430492334,0.1509814326409321,0.15536813021164422,0.27673026379747745
286.05,0.2854279725345023,0.1088974630694012,0.14426443744975562,0.16233788169238295,0.2898707951296805
286.1,0.28533399785034275,0.10378307342394277,0.1372473333509722,0.16229970668940308,0.29593763326869066
286.15000000000003,0.2862671318130193,0.10494522912674571,0.13411085122630786,0.16833062239818128,0.29349720880687313
286.2,0.29507804524552644,0.10318312161363655,0.13348473654910395,0.17400028906126017,0.2965696823743335
286.25,0.3005952127802065,0.09845657096476082,0.1285058988422469,0.1754131980891526,0.3047244712904684
286.3,0.30794617758789067,0.10986509087072102,0.1250807411943549,0.17404583690497097,0.3139672650920163
286.35,0.3155046006621228,0.11322934140695279,0.11502071408026884,0.1754657898071838,0.31179925126633307
286.40000000000003,0.3218881826610919,0.1246426415456275,0.10397841357175643,0.1894209763419903,0.3106838866395302
286.45,0.3294939196378731,0.1219179012643264,0.09613324452288984,0.17943319567618762,0.3004675027519206
286.5,0.3348623022860025,0.11977686885523484,0.09019478305338252,0.18866989512437143,0.30228697639141583
286.55,0.3491266328321682,0.12668736664182603,0.08015613783002762,0.1873528858591193,0.30750037818552295
286.6,0.34979566877258106,0.12827451530120987,0.06791667556130367,0.19907402253961018,0.3020755559282265
286.65000000000003,0.3554043510393823,0.1401542227379487,0.060492375989266,0.19619567942905597,0.3064678356366584
286.7,0.35293125791981445,0.14738734043710852,0.05682564899821139,0.20361408880868137,0.30455002640498907
286.75,0.35546733235784006,0.15055315360587693,0.05021506766095356,0.20751532508236997,0.3072099647889792
286.8,0.35736988234631745,0.15665102594756178,0.041448438438760324,0.2099056828177541,0.29782952810998153
286.85,0.3607654061009581,0.15241594248485688,0.04093304971650431,0.21580304576023246,0.2991293067412038
286.90000000000003,0.37083698591927505,0.1565301546950966,0.03776133021013068,0.2119464133325034,0.29779960457783944
286.95,0.37806547457805856,0.16108714810232028,0.03821572977751121,0.20781652699893552,0.29892724145200816
287.0,0.3739585581446442,0.1652593630075752,0.039811490763397996,0.22169017376399072,0.2967364394054744
287.05,0.3760364650467167,0.16691432535634948,0.049748184216767334,0.224987255134086,0.29133443514334084
287.1,0.3860944971860635,0.17425226213713038,0.05405077934718943,0.22739090416171528,0.2948888555593812
287.15000000000003,0.38677139768239255,0.17469249187195568,0.06194575758636329,0.2236764263804449,0.2894836250758554
287.2,0.39711500726797566,0.17374918275190307,0.06524112032073194,0.22005993007721888,0.2850987428352591
287.25,0.40836296315365633,0.16234346892058493,0.06667217350165017,0.2193700285893302,0.2811596332170313
287.3,0.41446094780834847,0.17510025235838034,0.07458732750357507,0.22403933797276968,0.28603505532493584
287.35,0.4097047262722167,0.17954632334268517,0.08435357981505245,0.23765115181655394,0.2842849292513646
287.40000000000003,0.4192891746760544,0.17658918172806826,0.09570781981153485,0.2317169879939955,0.2879013012383132
287.45,0.4216306655921762,0.1781258860249107,0.1052522339197279,0.22827746234127966,0.27401471403199185
287.5,0.4310129919098118,0.17734285779481002,0.10893228642895819,0.23157978834008808,0.25704521249002005
287.55,0.4269305041455593,0.18037985918247193,0.11161327890367888,0.2293994752314671,0.2515343507828494
287.6,0.43198577009202355,0.18534062074972013,0.11714882277539505,0.22761233276585027,0.2511674940871648
287.65000000000003,0.42790034783048636,0.1883655114480627,0.11657030452223502,0.23442546479454868,0.2487287027223494
287.7,0.43072302083685887,0.19306884701747937,0.12163777465366242,0.242156261357704,0.24200983258134195
287.75,0.432132484910611,0.20745660497012514,0.12465680382994064,0.2343279741593987,0.2496981756452019
287.8,0.4290249938366718,0.1993449287505134,0.1343970730688821,0.2353444638896085,0.24574079832999357
287.85,0.4290434699010993,0.2073719580122701,0.13835355899446855,0.22855209025488665,0.23951090163625832
287.90000000000003,0.43493074619148203,0.21053339928071108,0.14317091046157074,0.22860769958887442,0.24135865250183433
287.95,0.432540952623929,0.2081870690578894,0.15297282014564134,0.23089775685019018,0.24019526963275606
288.0,0.43298323087335033,0.20936739919373254,0.15546375053481123,0.2306560741079898,0.23154689298361547
288.05,0.4262881223599421,0.21063385034335824,0.1652477051472909,0.225903706266766,0.22804292610261379
288.1,0.4262162371880708,0.20536852535672404,0.17643671544616032,0.22785436371671414,0.22518644568145005
288.15000000000003,0.4315133872375816,0.21054242525317943,0.1819167867050257,0.22703733785200034,0.2173231824093105
288.2,0.4228369014375369,0.21229508980325484,0.1864160729362633,0.22029672140843923,0.21846632179615152
288.25,0.42979983386497955,0.20814927677975487,0.1828439283474275,0.22663718468195385,0.21058719650160485
288.3,0.43200998157913006,0.2126310016643678,0.1829418091093781,0.21825377858064443,0.2138926320004818
288.35,0.43187954635674797,0.2189175824545926,0.18750098228395487,0.22168176643126575,0.2176276290076894
288.40000000000003,0.4252948645167515,0.22488302376661184,0.1887114457859969,0.22399692886029463,0.21015958326810963
288.45,0.4253532568904953,0.2219467326657664,0.18834093629010296,0.221543714321993,0.2145348083807254
288.5,0.4183341210485389,0.21695454677768156,0.1987655994103792,0.23201720864797537,0.21798119507751615
288.55,0.4179376924711545,0.22359400813250577,0.19562898619140803,0.23503056308715534,0.2156111493216578
288.6,0.41187113037450906,0.22858017960144109,0.19796643225744878,0.22704815787664034,0.21812403109001313
288.65000000000003,0.4074950330214944,0.23063555546306277,0.1999668916605788,0.22065216782021385,0.21934006767302755
288.7,0.4074237507951234,0.23296194230570405,0.19183620335787943,0.2296224920737106,0.21885196708387544
288.75,0.4015347094419211,0.2307689885431019,0.19238041629562455,0.23106262189920804,0.218034817746157
288.8,0.3944878652774214,0.23372271268737385,0.19646561299450122,0.2236140072528284,0.2132934766291286
288.85,0.3948083409487644,0.2320993816578489,0.20005549889852664,0.22493631934398858,0.2201853681162292
288.90000000000003,0.39770120918918345,0.22633634888294568,0.20284253818928985,0.225406626080828,0.22108333138739422
288.95,0.3983866182991561,0.23423528862975782,0.2024687440019775,0.22571912668745236,0.2119565831386623
289.0,0.39633169010477515,0.23576268260310254,0.19842439979422916,0.22117654947526452,0.21057462796353538
289.05,0.3900348658890967,0.22854756558140196,0.19164447099535864,0.22195162281823974,0.20696157916006458
289.1,0.3893539581303384,0.23449126066612966,0.19640251755529028,0.21615500266578463,0.20647698627913422
289.15000000000003,0.38017562357944634,0.23241039253302945,0.19965416219906462,0.21280515510650652,0.20079431863330763
289.2,0.3786563799987824,0.2276487213080174,0.2021281688157768,0.21217905652101932,0.2094567589226397
289.25,0.3785295226850883,0.22362672337288678,0.20472332333899954,0.20875719489571387,0.20395331229710434
289.3,0.36354705043735325,0.22483941936883692,0.2060314548545133,0.20395748272037348,0.20204968451970834
289.35,0.3564017856230063,0.22286140659317236,0.20147666618879218,0.19292949193162287,0.19984892348998287
289.40000000000003,0.3611167515575555,0.22245358134356402,0.20196197272991565,0.1975803661941519,0.19992229230861783
289.45,0.35131483341596953,0.22230895050380087,0.2031007098120481,0.20207558489720703,0.20149845665903734
289.5,0.3397247128023564,0.2200711172155811,0.1977425124919491,0.19870833209777275,0.19969525768905794
289.55,0.33199891212046195,0.21464355446569136,0.2062526685540695,0.20431206136083305,0.20046690307111428
289.6,0.3313010795033009,0.20986832097559355,0.20494891719767444,0.20146460989813303,0.1984687267148785
289.65000000000003,0.3340280841438379,0.2078458326032076,0.20278319628725788,0.20284362592372412,0.19326604141878959
289.7,0.3299858709537334,0.2069723059134079,0.19701588154445043,0.19377568559494351,0.2003283350756388
289.75,0.3278612227048295,0.20465733207562217,0.1995066763238294,0.18368556400328157,0.19417435760566817
289.8,0.3232404619711992,0.1971276231520215,0.193929711015683,0.19039021480860147,0.18966074264978178
289.85,0.31546214726014565,0.187058982443575,0.19573309037757008,0.18575570854165557,0.19059773951511227
289.90000000000003,0.3043351801620335,0.1858898033308212,0.19245548351939457,0.18010063898219603,0.19783025924707448
289.95,0.299160887705356,0.17826607487855722,0.18996827754897033,0.1852972328310559,0.18405394403685071
290.0,0.2967619481119531,0.17943625001770508,0.18811850684838385,0.1779065655168786,0.19109015346783484
290.05,0.2841576044786682,0.17108376179202353,0.19409727612708694,0.17665932887282243,0.18637418031451483
290.1,0.2809747177431603,0.1729527290535729,0.19145875202934462,0.18011659541547187,0.183227736202021
290.15000000000003,0.27411930190290834,0.1666655907522871,0.18802121776347736,0.18670376214674242,0.18372256594249384
290.2,0.26378032336351215,0.16599334029406415,0.18346925489655172,0.18140552946866503,0.17951001930937266
290.25,0.26464685852845105,0.16333861356644566,0.18166274736548105,0.17880387537593673,0.17804319467432297
290.3,0.2683324654605063,0.1593570491679924,0.1776428135627207,0.18134085952915407,0.17266586979433052
290.35,0.26480082351312145,0.1558121457478201,0.1747928360540084,0.17657707259150524,0.17329803099756663
290.40000000000003,0.2619685046440639,0.15555880184583432,0.17980062997752178,0.1757156644187171,0.18138360514218968
290.45,0.2587177840248205,0.15135956741092083,0.18006335048362973,0.1760143647796338,0.18897269101572856
290.5,0.2552298473792083,0.1493807788181985,0.1785356917834247,0.16886279142981273,0.19547180671811773
290.55,0.2502980985424636,0.14503403555822053,0.18013660843967821,0.17684096784716358,0.19115740513445997
290.6,0.24221122190740013,0.1426871457029868,0.17521963589640654,0.17219281402126432,0.18972631509426452
290.65000000000003,0.2420277190765105,0.14115283416864244,0.17424571147631904,0.16886820942892347,0.1830636793230165
290.7,0.23092580029389523,0.1354420142481428,0.1707777165226699,0.16411699359774065,0.1874608955948757
290.75,0.2290109635585459,0.13464647454427872,0.17465360704655838,0.1629308786970674,0.18641872978107055
290.8,0.22044162757517172,0.13574569896011882,0.17307096495322766,0.16514352112934313,0.19094996365202654
290.85,0.2224872901391896,0.13014373573539076,0.17506245845641794,0.15873379856988382,0.19529829927610262
290.90000000000003,0.21966155730293965,0.1301531877086345,0.17670247990557758,0.15096441231077723,0.20688077716559916
290.95,0.22901330848105286,0.11767951719082508,0.1795916274330222,0.1475421998952276,0.20154163857149665
291.0,0.23038565614959114,0.11322648146815176,0.1757812269028612,0.15037484527414008,0.20256702155139109
291.05,0.23079677051059075,0.11752336747493214,0.17322300126445647,0.142311420577535,0.19746589710588072
291.1,0.23354979124214936,0.1150354788167621,0.16867428343718324,0.15244256452412694,0.20153673299356084
291.15000000000003,0.23849316334777482,0.11388075230166926,0.16650228203219786,0.15905807922112666,0.18997882084161755
291.2,0.24969241097874278,0.1071452557348515,0.159973334834142,0.1517008863747809,0.1926512404431179
291.25,0.24193040884856865,0.10995575102171573,0.15965349142334184,0.15041435127786434,0.2018889220334431
291.3,0.24297965084736392,0.101177641392836,0.16159106108005716,0.15160353538807328,0.2082819133217674
291.35,0.24697516571298453,0.0995714982831769,0.1598569440634735,0.14630903465557185,0.20777497357832334
291.40000000000003,0.2523735591891466,0.09749868178900598,0.1692464128111262,0.14530462145279524,0.20313796321473884
291.45,0.2562913825640508,0.0884863261697183,0.16890503549366023,0.14053172583474333,0.21024097368546363
291.5,0.2565476593565572,0.08670984196829476,0.16719659443029136,0.1420530624878249,0.21564875840084238
291.55,0.25762974343141753,0.08413311876085795,0.1692642150956088,0.1365211726011425,0.21674271349991547
291.6,0.2652190628461803,0.07973077248802904,0.16218394424999538,0.13440779058778843,0.21840423209229232
291.65000000000003,0.26959982755113765,0.0801496374929548,0.15733103124852946,0.13062290199805354,0.21916660890237633
291.7,0.277042064185501,0.07570362864420956,0.15970145447883122,0.12786070046867512,0.22200464711899578
291.75,0.27894951749026853,0.07687672961298772,0.15912575881539523,0.13527889205553742,0.22611372403571706
291.8,0.2850082497448033,0.07963784581477908,0.1573452425094801,0.13432377869005638,0.22790547980537496
291.85,0.2920231862151835,0.07763581782173132,0.1531347149181202,0.14312838191244232,0.2146478708301376
291.90000000000003,0.29192014952268486,0.08774266296473375,0.14971941054335527,0.13835074481734502,0.21562454010785098
291.95,0.29651928890551865,0.09369458557436407,0.14298269660244578,0.15017846811094418,0.21081304470415543
292.0,0.29692928966300036,0.0901196635338806,0.14997314216158614,0.1556745037948235,0.21612982423154406
292.05,0.29765872356603135,0.09707467882677773,0.144387540830879,0.15207559696979958,0.21392994781068447
292.1,0.29644661956173257,0.09154658889622772,0.1424190259253675,0.15110710077514647,0.2181485719378032
292.15000000000003,0.29555090614231316,0.09371441768974015,0.1373634819015887,0.15194223369538298,0.21962275467513345
292.2,0.30214288376926607,0.09451293969746963,0.13243407186524928,0.15103736502063528,0.22265678043651455
292.25,0.30427185053708733,0.08939245752005538,0.12995118129303385,0.15766467336724818,0.22465061532001085
292.3,0.3166565033229636,0.08564280877291341,0.13082407675701876,0.16328573837274046,0.21827846471675602
292.35,0.31777275342329503,0.09264441927360584,0.1361687640374668,0.1616396108011768,0.22286634699804841
292.40000000000003,0.328240252501804,0.08736443031674951,0.1375237272123541,0.15308041707562747,0.2189805885712072
292.45,0.32749171433369617,0.09740516961533444,0.14225559211630417,0.15957073907679165,0.22372916143974395
292.5,0.32908301890367514,0.09806629526201763,0.14237650919576492,0.14923365926999363,0.2312730114856449
292.55,0.3384178054110102,0.10019244244720653,0.14920180256964016,0.1536422935092573,0.24756272153833841
292.6,0.3341169121943417,0.08956189033302205,0.1540281373499405,0.15254177219337858,0.24988536885927265
292.65000000000003,0.33966581978651855,0.09562621236265434,0.1602734617287927,0.14093712876085682,0.24558679183621437
292.7,0.3425193080463497,0.09153723836398102,0.16278702601294345,0.14055127488523328,0.25437602220191247
292.75,0.342639824598238,0.09207582365792197,0.1695037141327012,0.13610991799767866,0.2479576980843673
292.8,0.3458873891619786,0.09309894574349235,0.16879949638433647,0.132294191675863,0.25960435840872476
292.85,0.3467397346606598,0.08548169877806075,0.16886647942254557,0.13200481912255568,0.2564647039811426
292.90000000000003,0.34672784088905356,0.0872467875141601,0.17296143313161666,0.12379197780299026,0.25973075619021607
292.95,0.3479890434397254,0.0875787907611598,0.17984048382907414,0.11770828971402406,0.26832055428560286
293.0,0.35033246556945735,0.08710022902417194,0.17963200837894466,0.10968249398811654,0.2765118660924993
293.05,0.3520162254712086,0.0858202106718921,0.1854051429156419,0.11211518804313757,0.27739795122624183
293.1,0.3546684103378841,0.09447429286623871,0.1864016147903637,0.11184449411940013,0.2822874056845706
293.15000000000003,0.35619408385106693,0.09314927673964746,0.18335633471652002,0.11129534355114096,0.28435072229583913
293.2,0.3511171289619737,0.10215878711782313,0.18049802327578682,0.12306603935552832,0.2806211582097495
293.25,0.359167276662563,0.11183505485596255,0.17634871555628415,0.11133612630213555,0.27722104197445796
293.3,0.3548805013213107,0.11727264655276728,0.1740425607726472,0.11287080562703065,0.2823746468826708
293.35,0.3545488524237625,0.1178199872105042,0.17448864720788118,0.12185056924418534,0.27771279872728655
293.40000000000003,0.3492922448870412,0.1157456988379475,0.17838402173147536,0.12290068770232174,0.28168363857332446
293.45,0.35280571564888863,0.12698728336234885,0.1818774115077772,0.12017951979322432,0.2851031334103102
293.5,0.3542021302693547,0.13459534310537133,0.18373534989556836,0.12240899774630158,0.2809483643447596
293.55,0.359674328483054,0.14043787393455526,0.1838446675430983,0.1112018474273934,0.29159641127871283
293.6,0.361875472609688,0.1372127887274708,0.18301164028923045,0.106835080365497,0.29813343275470466
293.65000000000003,0.3615192531760048,0.1358005526484375,0.17691181665965375,0.10364863048629824,0.2929112809871672
293.7,0.35645740168167145,0.13802601969689354,0.1719871475373136,0.1092859271265406,0.29376647553628665
293.75,0.35591075495342933,0.14739643627588447,0.1675314930465599,0.09635516534120918,0.28573235745517345
293.8,0.3516402249518476,0.15763738543414588,0.1711459113670838,0.10197471881292548,0.28087541741645744
293.85,0.3474148230090518,0.15853621431024661,0.1659647482361349,0.10871909605635088,0.26665145444389865
293.90000000000003,0.3423890000092412,0.1488530230469178,0.16600722748052238,0.10601467430555683,0.26660698472184813
293.95,0.3458753913681464,0.1582572861845955,0.1668697439841038,0.10557172575792223,0.2587525141619225
294.0,0.34174609507474923,0.1637229886589328,0.16560345418762332,0.10330361913444988,0.2678024677033907
294.05,0.33437871001016506,0.16207508088691266,0.17561506476332234,0.09942875183023524,0.2694200107514138
294.1,0.3400921913607153,0.16998426991531643,0.17292601606081073,0.10540716077881879,0.2756156842826678
294.15000000000003,0.34284258318638144,0.16989958600071053,0.17771917639204912,0.10232265380723231,0.2714299763728308
294.2,0.34332559652063466,0.1673015966936699,0.17393147566545758,0.10599596588637966,0.27254846985300185
294.25,0.3421729067831059,0.1675841176819907,0.18207526569091703,0.10225125151558895,0.2786420569459417
294.3,0.3374447761142319,0.16420967940845935,0.17581576061584356,0.10837382161571325,0.2758862198320282
294.35,0.33195421545089465,0.16620012377965154,0.1740476885672166,0.103969702308673,0.27229156472211186
294.40000000000003,0.32559340372156736,0.15857631195306918,0.17848887099148317,0.0945801668336505,0.2823996820361201
294.45,0.3203052482516533,0.17322121374960997,0.177154582050223,0.08522942842843852,0.27565781073086104
294.5,0.3196341488414774,0.16681959917241007,0.17666259916249447,0.0959856047175476,0.26976802967367824
294.55,0.31972754135116754,0.17265465142993197,0.17745979892668884,0.09065030806863053,0.27138743190006076
294.6,0.3103385149012922,0.16815968876135054,0.17661235387118085,0.0882356571112996,0.2803081774944359
294.65000000000003,0.30854025773495436,0.16587002499987052,0.17350151902745342,0.07965596555021577,0.28459975055608516
294.7,0.3063305834035869,0.16451648218424508,0.1666999185912438,0.07650886163982697,0.2829805352424802
294.75,0.3049889980116365,0.17703801826348842,0.16241188091752523,0.0767653403529712,0.2860814795156586
294.8,0.299745732478568,0.18047486034565371,0.16571423009013367,0.08044291147925438,0.28251802109287155
294.85,0.29294099518045114,0.18070679766521935,0.1588725175849358,0.08431229867009271,0.2679683051569257
294.90000000000003,0.2821648522805278,0.17771055392741125,0.14823823146875048,0.08958003561350245,0.26023670898047463
294.95,0.2829725503175893,0.1930679409773632,0.14701569833237196,0.09790085186166618,0.2611092850762595
295.0,0.27744174756290285,0.20168597557001752,0.13999061946722063,0.09883921355236724,0.2600200785263671
295.05,0.2718579196757986,0.19948694327032052,0.13399326382356913,0.10172999024543392,0.24740180289654343
295.1,0.2695062886803763,0.20847914155147265,0.13151685068441038,0.11267262620843152,0.25286085664371405
295.15000000000003,0.26232664371995357,0.2186385446920137,0.12317498616744446,0.10957204277825268,0.2546409067033778
295.2,0.256048265459473,0.22438122458081775,0.12528619714122563,0.10816313405242077,0.25416993166745094
295.25,0.25462477742452894,0.22212244220949953,0.12216761062306004,0.11244963046751172,0.24908322231736682
295.3,0.24961213236633137,0.2302957486961489,0.12304723819861352,0.11783266464306799,0.23839465782090197
295.35,0.2395100839202715,0.23072851747850992,0.12096777983176625,0.10993647876560535,0.23520900844712067
295.40000000000003,0.2323050691686141,0.21699680469544388,0.11758653294699538,0.10820504194827968,0.23214683017157275
295.45,0.21755450400487195,0.22331501761092673,0.1183998921993905,0.10723862784464898,0.2274216021043161
295.5,0.21272817629567262,0.21989292041689795,0.11814699870430893,0.10825489668187731,0.22369835482097508
295.55,0.20006529343522175,0.2072871098323237,0.12018704549875325,0.1062776207333425,0.2226022616306666
295.6,0.1954899518371767,0.21706227792841526,0.11999060015617541,0.10608923461238175,0.22110159794059966
295.65000000000003,0.18172465705216123,0.219330675609279,0.12362626373677268,0.09924669110766585,0.20805473859776358
295.7,0.16913585581872975,0.2235601115895276,0.13021319018818808,0.11033719685882519,0.20273928094986385
295.75,0.1625184094126521,0.2303378364637116,0.1353780025748493,0.10951252336162999,0.1973547402199205
295.8,0.15545354902800002,0.2332475488503602,0.13588999619748132,0.1151658300727188,0.18804561990137555
295.85,0.14783882050496452,0.22919312547718074,0.1339679432040391,0.13001562397054695,0.189107976716814
295.90000000000003,0.13788438313170703,0.24002561795550056,0.13823532794986712,0.13312184385193157,0.19015184354671363
295.95,0.13179118084399424,0.23921590463017287,0.1450706142915567,0.12788591019051945,0.1805888831813626
296.0,0.12704014987264148,0.23599920270294664,0.14404565905136885,0.12266122301450112,0.17303153169777594
296.05,0.12081201110254239,0.23791757643705402,0.14693254908259146,0.129552468881812,0.1681556978033319
296.1,0.10980197718378734,0.23504234373528146,0.15302646991324362,0.1256859402778494,0.1623666977982113
296.15000000000003,0.10527374620041298,0.2393089486771861,0.15213907530804405,0.13581863270051164,0.15356661596623705
296.2,0.10099883449403567,0.2411715628927825,0.15119064239473406,0.13453948907382138,0.1557578976634875
296.25,0.09342627304465613,0.23963302851515872,0.1624614066500029,0.14361705097222116,0.16189614323594284
296.3,0.09301581332529242,0.23119375562334726,0.16033163832089606,0.1421513687138351,0.15723090870330902
296.35,0.09126155525245006,0.2273842261616619,0.16152800177339113,0.15311621438819242,0.15624748203325753
296.40000000000003,0.08252125910437409,0.23169336252183326,0.1599166360664757,0.15055472488848232,0.1583213147124814
296.45,0.08104659231876846,0.2331363590218966,0.1658085914834631,0.14814120555052512,0.15576442965466192
296.5,0.07909166940002783,0.22552257938520948,0.16185579607522022,0.1523562875474721,0.15481629769938413
296.55,0.07218805577809281,0.22178276134772668,0.1621020982639043,0.14688819520849594,0.14248543609303715
296.6,0.07235197486074241,0.21625732202649406,0.1635484686247785,0.14755056682096848,0.14406108534961767
296.65000000000003,0.07126249613104874,0.2157476902313609,0.16647205803356227,0.130602597361566,0.14363253487643757
296.7,0.06420540392242532,0.20630792991595964,0.1658759568102232,0.13889785131703125,0.14129642608197218
296.75,0.05982927869630303,0.20065932226103445,0.16897967020692356,0.13952437725634853,0.14345235443433865
296.8,0.05340752975730197,0.19984573325661903,0.1794512312891373,0.13746219534272455,0.1515358043387071
296.85,0.04684659201060676,0.202058466857333,0.18609566088578974,0.13239312604989012,0.14920636444705915
296.90000000000003,0.052038274381384184,0.2063218183118458,0.1860770558544646,0.13036204713029625,0.1466164161180922
296.95,0.059676481461097594,0.20757417752599472,0.19583217441303835,0.13280249872660974,0.13759936603213085
297.0,0.06647249443713152,0.19159335156773782,0.1966584001288376,0.13885687459921262,0.143476586724528
297.05,0.06962397612097265,0.1987821114530213,0.20113974447838556,0.1355169937115056,0.13601325586992877
297.1,0.07396714386324454,0.1914370273964995,0.20304691634395583,0.13448767685923899,0.1348720726468125
297.15000000000003,0.08269916707274054,0.19270854239325882,0.20185893856843562,0.13405319259080056,0.13695073811981454
297.2,0.08357567889110475,0.18819792802080157,0.2078705343575224,0.13691685301844458,0.13301322679317523
297.25,0.08555491589215948,0.19103027652756324,0.21396284315154754,0.13047274057832983,0.1297272369733385
297.3,0.09038945752461691,0.19338017557053722,0.21207279835912757,0.14357385108194742,0.11935016291474897
297.35,0.09624455911054987,0.18752280312523087,0.21135281338830395,0.14968536035919613,0.11715690548725897
297.40000000000003,0.09437194774742827,0.1857398287334583,0.21499578147126364,0.14745120927920297,0.11063472854679347
297.45,0.09564057679538591,0.18738616706540548,0.2097842876774438,0.1470217867105402,0.10373121368090092
297.5,0.10117379829582164,0.18927749019518816,0.20592981935623125,0.1483742224145296,0.09910073844795848
297.55,0.1040241049350136,0.18409576497206503,0.19585066894765688,0.14821513042579218,0.09806307870818466
297.6,0.10248804606504312,0.18306351316808026,0.1923525872963789,0.1440997613716553,0.09889824193118521
297.65000000000003,0.10303295361622444,0.17219905134430447,0.19950415289419673,0.13968303812701313,0.09223057013382148
297.7,0.10561656063429074,0.17009419559162253,0.19857689613390242,0.1379871839760253,0.08813534722339153
297.75,0.11042155342606945,0.17344153310205257,0.20913278542846664,0.1341293777962998,0.09563257400939794
297.8,0.11389966970937003,0.16905391901582362,0.21101097975305,0.14078729366228485,0.10207062480829164
297.85,0.11682145701753853,0.17231309092595004,0.2149933022688895,0.1477815014920908,0.10457501328040647
297.90000000000003,0.12101985574955694,0.1799813509887371,0.21287878331536025,0.15655649870806154,0.10209852524448093
297.95,0.12845855693301308,0.17909669708157724,0.20717627633951796,0.16071455179030797,0.09321469460796451
298.0,0.13168735156943276,0.17616660069875026,0.20464240307708736,0.15571786602118837,0.09319618630550998
298.05,0.13401615570596295,0.17611421390269102,0.19879555032232862,0.1634411787249493,0.09410450475287659
298.1,0.14248518087161716,0.17564911218628781,0.18790916412268724,0.1653406153635725,0.09564858743840464
298.15000000000003,0.1405861883560743,0.1837428078662003,0.18314754820946036,0.1605111375538433,0.09172869542654707
298.2,0.14718011812125492,0.17538632219134612,0.18740029553439339,0.16108528610405629,0.08415803158922064
298.25,0.15589377681464434,0.17374380682886648,0.18349699225706873,0.16523603266309225,0.08058595542483725
298.3,0.16468154307636487,0.1681313259427946,0.17913698683263593,0.1624106804700741,0.0901974390069818
298.35,0.173510505067314,0.16768351514017418,0.176635355116366,0.15657106237134705,0.09821516891951519
298.40000000000003,0.1731538441139145,0.1729322169565544,0.1675134846025577,0.16291426137641862,0.09308364883833466
298.45,0.17305148724690905,0.17159587745395385,0.16539922185003597,0.1531334217471818,0.09656894358505373
298.5,0.1832813917438742,0.1634098169694227,0.16195662193000798,0.17375414470567077,0.09573569731819065
298.55,0.194596379790046,0.17804774797009823,0.1555640265167924,0.15878876072151205,0.08971328052631622
298.6,0.1960290741695866,0.17933210428295054,0.15238657181030069,0.1632206774642579,0.08223389906498682
298.65000000000003,0.19626918896443293,0.1772625704587995,0.14984232991892055,0.16587175575154178,0.08299241512869106
298.7,0.2002065956520156,0.17306320985638937,0.15021513990706462,0.16876119221974387,0.07607955959013953
298.75,0.20288769662395942,0.16732613572047864,0.14872643011693795,0.177208172844379,0.05671001637072152
298.8,0.20140136042203505,0.16597394872027962,0.15287248232039702,0.1717508735348722,0.04408077608746276
298.85,0.20161568147927916,0.17257466054591433,0.14773430033668186,0.16600157553362618,0.04379041437996243
298.90000000000003,0.2081485374172923,0.1712627168664227,0.14470689653803165,0.17212699627469055,0.04314089464038085
298.95,0.21023568551288424,0.17506493633488474,0.13704942869223677,0.170627602971377,0.037906801737068896
299.0,0.20819717356108328,0.1699455832473047,0.129174955712454,0.17132816015491298,0.04823511905282646
299.05,0.2129497067437601,0.1800348549734801,0.12147042994534188,0.17534443546033712,0.04162480874120476
299.1,0.20790774480385424,0.18572697322879012,0.12002869084416534,0.1713785816634416,0.030797608234872265
299.15000000000003,0.2139171579576804,0.18343960543692525,0.12588852885924298,0.17880196523471406,0.023453447419135263
299.2,0.21967414160544727,0.18257599754756657,0.12580351114673854,0.17563100184034774,0.02793005072112455
299.25,0.21708123433936505,0.17945562191910913,0.1242045501583066,0.17200342400251872,0.025079601176989916
299.3,0.21782529749471372,0.18075366940122412,0.1190720933077566,0.16919560053716381,0.02738912198148137
299.35,0.21594620106451856,0.18738158744097702,0.1159291484037076,0.16786157395602277,0.02854143723254537
299.40000000000003,0.218620201637882,0.19667234756130872,0.10977836792710506,0.1716566170698787,0.02919777980994207
299.45,0.21529124194027482,0.18914056304106813,0.10943100210399473,0.16975841752246376,0.008046275392424881
299.5,0.21607674505231125,0.19061233131137517,0.09860880768167385,0.17114546232052136,0.012741868115491514
299.55,0.2144695061054351,0.19256132426406541,0.09440453982510068,0.17335807324165856,0.026176042507651095
299.6,0.2187469805568185,0.19642237243403396,0.08857802903772123,0.16915452301141184,0.02384528431226175
299.65000000000003,0.22124353971927324,0.20353685232458124,0.08617708207715873,0.18373652038412183,0.03232363179229475
299.7,0.22392909490823237,0.20325354988983635,0.08382567294766288,0.19108394125839784,0.04386631810473181
299.75,0.22621073043696405,0.2021824567484283,0.08636972975564543,0.19111534408015352,0.0555032194221632
299.8,0.22698952968726527,0.19456519146170648,0.08928039691575138,0.1915922634746692,0.0564295240164884
299.85,0.2345999208878949,0.19260992311801306,0.0943548233192317,0.19540828655453624,0.06537732529903209
299.90000000000003,0.2411653553420644,0.19990886965763183,0.0959431897132163,0.1951773547290621,0.07459643515562837
299.95,0.24299472337410405,0.20034906451467527,0.10230098151884288,0.1969542438698686,0.08895545960944158
