time,uav2_fused_error,uav3_fused_error,uav4_fused_error,uav5_fused_error,uav6_fused_error
0.0,31.119955129629624,23.486457934391964,20.06248423564471,29.010188269853685,31.481062872901404
0.05,20.73475653489855,18.45955680759163,13.380288783611281,23.137915139208108,25.069198251151196
0.1,13.815377344713237,14.38366319528353,8.929685303220854,17.89274276955894,19.03175697490811
0.15000000000000002,9.198078176604925,10.984213698673544,5.970658622819132,13.546802873976825,13.923916679962076
0.2,6.120436649004148,8.225717350971813,3.997012826679309,10.08446084854142,9.929782900626796
0.25,4.074904832232499,6.071440254812706,2.671845284957291,7.389082514221655,6.9511105366253165
0.30000000000000004,2.709061522778277,4.419535011467357,1.7937537320293353,5.35568055588756,4.803707458765336
0.35000000000000003,1.7911287660315351,3.177996116105866,1.215097208623389,3.8392148227522607,3.288445096263534
0.4,1.1791350425444629,2.2604885023987764,0.8248164496058329,2.735807627773417,2.2330711558807033
0.45,0.7728817505251449,1.5981745724999872,0.5657591401343248,1.9177407816148377,1.5039236081415472
0.5,0.5056338197404393,1.1170510487508731,0.40051074057297975,1.3470253045408347,1.020730028954128
0.55,0.32483974027034634,0.7795226757683573,0.2953682735608266,0.9284229864377723,0.6864510411479006
0.6000000000000001,0.20187492077633162,0.5324000501771681,0.22599064385265694,0.6395571568770597,0.4671395528068821
0.65,0.12104404777993451,0.36362685799001604,0.18613970274283287,0.43765792123248304,0.322940127685752
0.7000000000000001,0.08095636378650348,0.23998802254191073,0.1628008377604878,0.29082926328678166,0.22096150335788575
0.75,0.05953556734500381,0.1630492046249033,0.14869808200721787,0.18825066384640027,0.15977634745616387
0.8,0.053936045056614874,0.10461253816130282,0.14286867964704697,0.1251422308864628,0.11719393364806711
0.8500000000000001,0.05775609239125461,0.06649258493050189,0.13777780858746494,0.06894614197253948,0.10391749860035228
0.9,0.06036222480225286,0.037483657274144135,0.1388186024528296,0.03460939176310533,0.09297036597887266
0.9500000000000001,0.0702319460085736,0.025155200241082695,0.1409410802263393,0.007433358830734734,0.0878073070953449
1.0,0.07603482561482346,0.002205747791913062,0.1461358359707506,0.01489132851850703,0.08400584413487748
1.05,0.08583503455559204,0.005787278354403863,0.1500287341148011,0.025358239464628562,0.07991350229741356
1.1,0.09497898216243442,0.005391433059794844,0.1584475015961895,0.026612788037119074,0.07860968986921675
1.1500000000000001,0.08938517081505974,0.005193500018666012,0.16462234070659948,0.03428792451364494,0.09342793073424645
1.2000000000000002,0.09181292741603199,0.007494039813712582,0.1659318364265798,0.037208024040375556,0.09245995508829417
1.25,0.09141589135960318,0.013962193985239669,0.1676002035826464,0.04434433798668579,0.08584646037377659
1.3,0.08828460090687709,0.008520180959200216,0.17252885584374003,0.04416861046294484,0.08539336771135866
1.35,0.09740814724794081,0.013737820947960635,0.17895414670894783,0.04237286989597742,0.08395403892240477
1.4000000000000001,0.09738446167293208,0.0220053329907299,0.1795262726544365,0.05202755066951119,0.08921400538014049
1.4500000000000002,0.0998736692391527,0.02746963252695992,0.18957591687814274,0.05787635933452959,0.09035255796407127
1.5,0.09490564476029965,0.02788619527577653,0.18972462257005995,0.05187865040336739,0.10350881026217129
1.55,0.097139221243856,0.02133757349689787,0.19808968853026138,0.055556923457023843,0.0999865460851989
1.6,0.10693649763746843,0.018024773035368362,0.20190700131359313,0.05503919080458757,0.10037919861807042
1.6500000000000001,0.10577790200396175,0.019760277989309336,0.19599481875780753,0.044362229880999526,0.10022914787080058
1.7000000000000002,0.10892962346692102,0.021823135279508098,0.19653131257609152,0.05468073876151436,0.09086114706833955
1.75,0.1132536354794254,0.018624366867117843,0.1934332682942341,0.05550090334755456,0.08909308651476829
1.8,0.11330990306476124,0.03138021138836289,0.1928540184248524,0.056769474385010774,0.09001648060336181
1.85,0.11742515462202095,0.03709220834434048,0.19160597965837897,0.06997531627208717,0.08888329066197408
1.9000000000000001,0.11429785107682004,0.044886912086535,0.18441691025558274,0.07372835482337055,0.10501864986468815
1.9500000000000002,0.11466117666801323,0.045252103536104156,0.1838456702134933,0.07915470448752907,0.10601944597120845
2.0,0.1091240434582967,0.051763320994238575,0.19627952347488195,0.08353818509667695,0.09388911905778051
2.0500000000000003,0.10736031370488688,0.05152516490058668,0.19737213894538155,0.0811942677711908,0.09434316490834144
2.1,0.11152154545192956,0.05821304691285791,0.20209509058530284,0.07425679215903254,0.1076676168201385
2.15,0.11665360778617914,0.04935046542901293,0.20765978309264752,0.08158138779098091,0.1036807785091466
2.2,0.12204640758571478,0.053175419628810165,0.20920158387367277,0.07539226859045756,0.1023472057323946
2.25,0.12198188848893814,0.05106520497038748,0.20593568680272897,0.0750278417805602,0.10129195137973107
2.3000000000000003,0.11795037286287323,0.05656081863770197,0.21170523572777403,0.07524763763255851,0.10311781692557252
2.35,0.11758823592409055,0.06148509410234162,0.21076960499810665,0.07422637257234169,0.10112006100748702
2.4000000000000004,0.12343582291444662,0.060581121351438706,0.21222194829830668,0.07681464298711797,0.10328656752266932
2.45,0.12428938439578048,0.06118143072968609,0.21586784550018268,0.09094341457106404,0.1044349392197319
2.5,0.12389272345461007,0.06451411752296764,0.21790054464279737,0.09173958704547981,0.1010164524412664
2.5500000000000003,0.12981991482012484,0.06538655313728964,0.2190297122306509,0.08822220357059472,0.0947074880611826
2.6,0.12746606875133404,0.06101559690137107,0.21648223411234746,0.08016199893321972,0.09899778144227908
2.6500000000000004,0.12587448089629844,0.05592892101117278,0.2173468988064496,0.08855852460201681,0.09157427606106469
2.7,0.13946837253900343,0.05602342958924033,0.21678835156566492,0.0903343368389872,0.0836201654465501
2.75,0.13851766073770314,0.05767062702410858,0.2183173033580023,0.0785454297244064,0.09158455655268422
2.8000000000000003,0.1411731934401802,0.05568026627121787,0.22051916026331414,0.07986873970647913,0.08631466949035158
2.85,0.14113522049387037,0.04962748000537573,0.21218217349518018,0.08631114205648886,0.08986672074305835
2.9000000000000004,0.14194974140376931,0.05088015968382971,0.20625706436498795,0.09169794183452758,0.0865487967852991
2.95,0.1412910127082256,0.05728254868482112,0.20245158964066232,0.09055700700031316,0.09642595062731986
3.0,0.1450615126738421,0.05911230921624574,0.20013921981667546,0.09163727761781079,0.10172426480304272
3.0500000000000003,0.14702758334323596,0.06098455179041196,0.2021680874434091,0.0928961529489982,0.09694420670856695
3.1,0.15383246062791514,0.06278248570451905,0.20257226540943768,0.09574510516606367,0.10157007033641528
3.1500000000000004,0.14954234725094323,0.06504934526072928,0.21029656872871633,0.09800127878350183,0.09734931235021621
3.2,0.14623588612829116,0.06625596226435086,0.21147344040185675,0.10221129258923688,0.09697543809877435
3.25,0.1397970232815793,0.0651853948391658,0.21345163921858126,0.09182074174933508,0.09069116159595743
3.3000000000000003,0.13860343223692673,0.07023145254887879,0.21932207229284176,0.09096893281530906,0.09640114348119613
3.35,0.1476029496854741,0.07373833979677996,0.2263858104576792,0.0944647623844211,0.08626782595598162
3.4000000000000004,0.14872459132929325,0.07291615498624264,0.22938514545738847,0.09272384491428977,0.08352576114392701
3.45,0.14554652446996102,0.07608200469320998,0.22879177817462973,0.10589507810370517,0.09252276326569994
3.5,0.14057704219306863,0.08570370767377122,0.24190058829955047,0.09118226655137561,0.09209010393674742
3.5500000000000003,0.14102490540591797,0.08166617522040724,0.239957346435394,0.1009824256544895,0.08590668832872135
3.6,0.14991147564315926,0.07950492788404716,0.24052545157301042,0.09957331916517906,0.09088012518404438
3.6500000000000004,0.15132537115872402,0.08641234765960255,0.23892720974132547,0.10442294884509197,0.08912974334828117
3.7,0.1535289275760835,0.08420002666142515,0.24195119310026678,0.1069211654674461,0.08795300017908543
3.75,0.15050120067682562,0.09634052951388807,0.24213499567760238,0.10616567264531654,0.08443703559409702
3.8000000000000003,0.15198213229530008,0.09893153292601571,0.24361640744595892,0.11081635056618432,0.07069971846256316
3.85,0.1527189056523264,0.09465566539217869,0.23425968453059015,0.11001957155000937,0.06272543207092798
3.9000000000000004,0.15658145921316205,0.09506932105675621,0.23340350016563133,0.11262008117961633,0.06795374999650712
3.95,0.15583189315731857,0.08210654373876468,0.22982382515874167,0.11167864486352896,0.07545192593153094
4.0,0.15962897263504858,0.08621171612579019,0.2309172135680574,0.11263673964253007,0.06442655133895189
4.05,0.1616422023847659,0.09160557439417298,0.23082559300781197,0.10946161055880828,0.06787869277618902
4.1000000000000005,0.16127722049607537,0.09743207564615151,0.2389170053839674,0.10720759933603222,0.06486215191430891
4.15,0.15706444902788777,0.09923900342476988,0.2355837262184967,0.10737608269396476,0.060983912171610644
4.2,0.16150644468211822,0.08824117783585333,0.23155548758618627,0.11279643990390373,0.06957603723388457
4.25,0.16209958014020137,0.08970022952495738,0.22409076491520358,0.10396973435440325,0.07179929889851375
4.3,0.1581679089237258,0.09671150436038851,0.22012081628116173,0.10526235837147191,0.062390762648609585
4.3500000000000005,0.15316842776875278,0.0856957103525272,0.2208254291492905,0.10488412832743224,0.06726140435524039
4.4,0.15364658326898514,0.09434872550546383,0.21400868818985627,0.10273928971913547,0.06493475836123709
4.45,0.1507186077324896,0.08604829392409998,0.20532442009927146,0.10499115378987044,0.06994720795233049
4.5,0.15785725647447893,0.08891454763358228,0.2058474649179377,0.09811402246256429,0.06824532617663438
4.55,0.1551036909991408,0.0819715582185804,0.19913342137263348,0.09854506131862617,0.07676160964652987
4.6000000000000005,0.16100722082642718,0.0783915435319898,0.19040267674521658,0.0981394266802401,0.07839639337491132
4.65,0.16778529257625682,0.06964196193198037,0.17921546941598795,0.09656837720020389,0.08425827244212801
4.7,0.15852880554303114,0.07402208144370978,0.17301116247297213,0.09858765326157229,0.08573974333704605
4.75,0.16406283756095927,0.07752091193707536,0.16769949063980635,0.0939577696600345,0.08454160507207426
4.800000000000001,0.16672838314560517,0.08546389991996418,0.15963274295988283,0.10243805996428607,0.0845954222094141
4.8500000000000005,0.17101812894429536,0.0794618425503575,0.15815012285956215,0.10063047893222712,0.08825819342818136
4.9,0.16922641230225613,0.08471980407885978,0.15717044104894726,0.09440511270938662,0.09057460775926238
4.95,0.16611108919667245,0.08513980906538562,0.15567645455319587,0.08845000221302392,0.09629188592703761
5.0,0.16882805476215626,0.07857529795461216,0.14146637474576523,0.08353263765777677,0.08203884160433558
5.050000000000001,0.16426114071381748,0.07291820646323109,0.13620257189050802,0.07998655145183328,0.09129127204857204
5.1000000000000005,0.16513127186615978,0.07027972537395656,0.12985048950994613,0.07695748419260735,0.08589170064046024
5.15,0.16631010216136352,0.07232918539209046,0.12031139761174732,0.0699802558319938,0.08372535734280322
5.2,0.16849597531744565,0.0722843980073334,0.11382758115545583,0.07615554730898541,0.0996418034439363
5.25,0.15887764603367696,0.06714316102135659,0.1030217273257534,0.07434713802691634,0.09104247265090333
5.300000000000001,0.15065153547330626,0.06931392476247077,0.09464639475317704,0.059291194213344986,0.09175520789585273
5.3500000000000005,0.1426910731761022,0.06638025810456034,0.08938080880317775,0.055225163720050166,0.1007984240475192
5.4,0.13980743394922693,0.06623034667993655,0.08250392292699871,0.05272012987083895,0.1027922893101194
5.45,0.13603287071213982,0.07406783068719468,0.08427424716628325,0.04254209720509117,0.1049030564083555
5.5,0.13370225109696307,0.07167043672410323,0.07834352813737865,0.04555525965972694,0.09970009177548825
5.550000000000001,0.12867491325747857,0.06828409003434592,0.07499953911132584,0.0579287005416641,0.09687678553612517
5.6000000000000005,0.12443102303956383,0.07006815054900681,0.06612518529020542,0.055647950720349046,0.10436726831310597
5.65,0.12913372592341155,0.06757780176410882,0.06257677317732291,0.05400637996648228,0.1143492390547912
5.7,0.12174720561730183,0.07473301963884034,0.05598625156812721,0.052265361570127816,0.12088827333539592
5.75,0.11992832325205018,0.0759356858071374,0.04871405542289885,0.03971423287273235,0.12424552620196111
5.800000000000001,0.11474534424898,0.06920074289739701,0.04415308405269203,0.04841349706253776,0.1254799977333536
5.8500000000000005,0.11337485892414038,0.06914261908983323,0.040267556457928205,0.0442536685667899,0.1241324098338402
5.9,0.10635909074513657,0.06782570495374586,0.034436278823264464,0.046568213699307734,0.1277234180853487
5.95,0.10693779458862535,0.07113072976940094,0.034980768332655406,0.03495172282680353,0.12175639459521359
6.0,0.10531051251789014,0.06994541371846315,0.038088966365269115,0.03523218308144742,0.1259805299338909
6.050000000000001,0.10109761647307512,0.06199055368036589,0.035380771755741364,0.03995673291840623,0.12399920355716726
6.1000000000000005,0.09119206760851922,0.06566219868808347,0.03912384030882163,0.0374522400671148,0.1275757035456005
6.15,0.09167990010468516,0.06631536047191165,0.04636894123216979,0.03196921267581437,0.11878668250909022
6.2,0.08576138107782522,0.06368973153255046,0.05055923700270945,0.03388893136518356,0.11279068673211154
6.25,0.0864834418207508,0.06362586454788144,0.05570582872153475,0.03152592830712994,0.10798007833941463
6.300000000000001,0.08329538766087616,0.06463682728247969,0.053391847805418634,0.033972684594075236,0.1059322404024964
6.3500000000000005,0.07282786134745052,0.06586527227190558,0.06125279629675735,0.02809650349543367,0.1176243797572562
6.4,0.07676134052842618,0.06413754033411186,0.06594683451438291,0.029564103946656713,0.11381394785671457
6.45,0.06697425829948545,0.07319087215456611,0.07223227084388363,0.02908204458803079,0.11225626414757923
6.5,0.05907107225300902,0.06582433606588442,0.07851602446379038,0.03264266913824168,0.11259979442677848
6.550000000000001,0.05230616207933745,0.06291315502772209,0.07929090541409783,0.029895882917123966,0.11539649587595713
6.6000000000000005,0.03834384830089104,0.05981320545043729,0.0894323112257803,0.017628362045289194,0.11028653142520935
6.65,0.03719505416910749,0.06127616456536797,0.09726770859997604,0.02448282052969973,0.11212390130423798
6.7,0.033355896477706544,0.06450357875600395,0.10573610156518669,0.027807042200465943,0.11734204461384479
6.75,0.02869300360349533,0.07517551305028927,0.1022536315926408,0.0226471678432276,0.11403922993001397
6.800000000000001,0.0251403638334158,0.0618310224881651,0.10910919892206812,0.021240305997398394,0.12844556237920038
6.8500000000000005,0.02948926833140474,0.05749545493133643,0.11130213136297326,0.020234211853536795,0.1237706821025133
6.9,0.0345634131947101,0.0544957836398095,0.11181360722073153,0.028698147068371246,0.12380925937871341
6.95,0.04058257383704358,0.05211255005884185,0.10604676745099835,0.02619621511647057,0.12518765378634944
7.0,0.04958123737750586,0.044063147105384386,0.11282213279492613,0.03426984303685396,0.13869554313396246
7.050000000000001,0.054774208679165194,0.037136090302025415,0.12570767968350002,0.03846608916313921,0.14023839421482884
7.1000000000000005,0.06070534452885096,0.04315005717973747,0.13108999347749756,0.044399260473206484,0.14809893712116654
7.15,0.06423406390797273,0.04258868236774661,0.13515613741879617,0.03560863058530926,0.14333180622096026
7.2,0.07138657233053948,0.04301989657791264,0.14738901311126898,0.03856993152323106,0.14999890128924917
7.25,0.07655766205983248,0.03716896640042376,0.15451388578694425,0.03403381369039911,0.15332494008645198
7.300000000000001,0.08455103491743161,0.03705566115143937,0.15816051721143995,0.030740986901687445,0.14216926071128777
7.3500000000000005,0.09392606749124469,0.03371523690730641,0.1607617455208475,0.03802099503736526,0.1313895940077976
7.4,0.09763398316969506,0.03914245942500519,0.1616706769927202,0.03597411243702325,0.1408020560025877
7.45,0.10450991747406217,0.0269907036089992,0.1693074114484802,0.0333678371957076,0.14941195295726445
7.5,0.1091990080064676,0.019678360630667625,0.17614137920180215,0.03677756891856052,0.15708718354410084
7.550000000000001,0.12244508679128392,0.022397811070551884,0.17930973135641715,0.04058399876746973,0.16817046419402068
7.6000000000000005,0.13154611298581362,0.008822672415712671,0.1824519798617172,0.029424219728301237,0.1690009453113501
7.65,0.13861641783954107,0.006652054763901086,0.19482852792372554,0.034547336651172725,0.17375684996288793
7.7,0.14683540330295075,0.005409062143208552,0.1934520618457309,0.04039596452562916,0.1765333094980653
7.75,0.15749529592918007,0.009532015349556472,0.19466836527263134,0.045445422854204526,0.1831878152139892
7.800000000000001,0.17103503836714964,0.006876418581630556,0.20035305660110722,0.05280819787623353,0.1921841415616652
7.8500000000000005,0.18512874140370197,0.017598584485812006,0.2119633685695512,0.049964008128746094,0.19825751369848965
7.9,0.1923174065513408,0.015383675688986145,0.2227205293855056,0.047004673447156954,0.1956703478967282
7.95,0.19110635029532688,0.015459520751460796,0.22558048442952217,0.0501916568355747,0.20289340387488713
8.0,0.19362194997947657,0.021320136617741438,0.2323546681843356,0.0492581318735097,0.20109676663318893
8.05,0.19900177669436503,0.01346881266085972,0.23167359585221317,0.03692085535127211,0.19455093738466497
8.1,0.20741846748827106,0.011865369089112635,0.22691202800327082,0.03115977159652367,0.20005443751091656
8.15,0.21988688362523423,0.01404306696792374,0.22905213015342452,0.03926997929807771,0.2051861058387576
8.200000000000001,0.22069105171068712,0.03272460340983241,0.23500774622601714,0.04281612007281509,0.20523851370566287
8.25,0.22961373931153875,0.03216142477987684,0.23364707599301107,0.04936001287866539,0.20143255126532944
8.3,0.23623021432084185,0.03746187219977232,0.23792946959653913,0.04151706906815907,0.21445147944457033
8.35,0.24325949955526227,0.027624263286876154,0.2386801629081858,0.04896381684517666,0.21722094066779304
8.4,0.25095322791230434,0.04144385023426406,0.23919242155063897,0.040228640787210605,0.21603896176262152
8.450000000000001,0.25873872565508216,0.036971832131617366,0.24241141238440223,0.032691372246882726,0.22225392043684905
8.5,0.25808808806470496,0.036597908405319894,0.24695449319086962,0.03112861330508912,0.21234711308182655
8.55,0.2578806919793641,0.03810208882422619,0.2439143188675395,0.03297492321622225,0.20970061435410664
8.6,0.2583447066842951,0.045284024663131216,0.24952238128956405,0.034013971671389344,0.21669119560182043
8.65,0.2555889290095141,0.051156312512021775,0.2542085876603838,0.0408734749313706,0.21472010572716024
8.700000000000001,0.26610980421799346,0.053551317847636025,0.26692695711899744,0.0363173900878805,0.22108333690573698
8.75,0.270478331737533,0.05495074923101869,0.2715773021707274,0.04355286457028701,0.22800255146299364
8.8,0.279415869115528,0.0517182486898017,0.28109272028614524,0.03732152431948731,0.23289828781796096
8.85,0.2876054288083937,0.04706399380597602,0.2859541519072712,0.038098855503377764,0.24104205857434913
8.9,0.2916323703568437,0.046184140784449414,0.2962344462786502,0.02645952722779854,0.24223652840124577
8.950000000000001,0.29425442125094187,0.04376204259055008,0.2955239117111717,0.026014104154537785,0.2395668054042844
9.0,0.2943363391954403,0.045158922691533085,0.2926597865719747,0.02738780974193456,0.2427294212935206
9.05,0.3054019230916246,0.04441811639669092,0.2989015412202808,0.035153471065729254,0.25357122893177453
9.1,0.30837743518347704,0.04836416653895141,0.3004213102545661,0.036426331653256726,0.2570048179366273
9.15,0.30302631222031595,0.05487863442507123,0.300383181951867,0.037850917765485693,0.25659662640372066
9.200000000000001,0.30481230359229006,0.047229738775306375,0.30275724377096147,0.03557824075470369,0.2502574393845156
9.25,0.30698116392122465,0.04284307428396699,0.3032368596556109,0.036493471373931025,0.2594731649932129
9.3,0.31480473899763417,0.04539251399276708,0.30177062729389215,0.03683588873838922,0.26378711632751795
9.35,0.31160302624695696,0.047583924127396836,0.30164501736160687,0.0323448837130985,0.26552334197960936
9.4,0.3175726021282109,0.04367222506167899,0.30606847734818043,0.033988599866678244,0.27082129445759695
9.450000000000001,0.3167093388185558,0.045551625570470024,0.3005719845432568,0.025979785336210114,0.2741874580140513
9.5,0.32156574097846763,0.03937162604753775,0.29927789414555095,0.02276766848147676,0.2800337278720801
9.55,0.3279874947279921,0.032300315102250794,0.29446016345933523,0.012158372808322023,0.27582964895311374
9.600000000000001,0.3243693633429961,0.03522517001067616,0.28189213140808544,0.01415408460612817,0.267195495234147
9.65,0.31923021428302295,0.036184864489888315,0.27973755214448115,0.01747956280021399,0.2608260025616555
9.700000000000001,0.31874416164598224,0.03479706383242571,0.2740850386132251,0.02103586943206879,0.25172084573138936
9.75,0.3187876406472729,0.029071964327985398,0.2711706254242392,0.014293534933675038,0.2556257343173905
9.8,0.3214016117481904,0.03918045082585747,0.26864547886926093,0.012743566962898583,0.25328587139423736
9.850000000000001,0.3279273371737731,0.030107712025022736,0.26573448360737734,0.030097460368988957,0.2707957166913471
9.9,0.33252325811532957,0.034359208863064046,0.26572230230337357,0.022616099800565146,0.2764548317462244
9.950000000000001,0.32951214925588085,0.03437242106899121,0.25471665835040236,0.020219823449055027,0.27226243299537906
10.0,0.32749256422506406,0.035491755029854646,0.247399495611104,0.015296958636545635,0.275833772120572
10.05,0.32452988935812205,0.030118508392223013,0.24273559743157358,0.023837670533265343,0.2718080096737198
10.100000000000001,0.32119625256252604,0.03019656156902336,0.2447345302546971,0.026474744728983535,0.2565953988126411
10.15,0.32088619257485684,0.04020780229338989,0.24851545639618872,0.032390026310370516,0.24933401081984366
10.200000000000001,0.3154668062274238,0.04418502775327199,0.25100836746904964,0.043639261984560626,0.25782639244931443
10.25,0.3068228658713399,0.04662139323817615,0.25492551671858904,0.043842132518366786,0.2638958026557537
10.3,0.3164679126904607,0.05224073331769078,0.2463351588615277,0.052800416182987815,0.26589266402909917
10.350000000000001,0.3094143530952643,0.054727456839044834,0.24113691678597982,0.0605902282780704,0.26517028962484046
10.4,0.3098376119971694,0.06062294652130774,0.23606993530506346,0.061221643284802285,0.2646412133764035
10.450000000000001,0.30366285192219744,0.059922830329555934,0.22839805701631719,0.05965583110409254,0.26295979859874347
10.5,0.29989115701641333,0.05687029110170932,0.2186459848361316,0.056761870275799396,0.25649954943092773
10.55,0.2942376478144388,0.06295564201801361,0.21047716976927716,0.051865588231468,0.2533669838027449
10.600000000000001,0.28951435502346234,0.057597290124254054,0.20661476625768752,0.05834355702028804,0.250045578731734
10.65,0.2937143873084766,0.05512842235368947,0.20301274554779639,0.05400625067209387,0.25499881302501776
10.700000000000001,0.2864610054801802,0.056561121840409845,0.1984860205873833,0.048979519155000616,0.2582613776237297
10.75,0.28844845184215695,0.055503228767108836,0.18995879538365404,0.05597322202767134,0.2649669199936359
10.8,0.296301745222929,0.05839462477293674,0.18418254030905915,0.04990468543798959,0.2607660327191028
10.850000000000001,0.29121149225907866,0.043889333324396665,0.18140760247380494,0.04200249932903374,0.2685932425395413
10.9,0.28344280873086397,0.04980781494146701,0.16992187069473635,0.033594111486641674,0.2638018546249235
10.950000000000001,0.27304955781677515,0.052628538771119636,0.16252591469683866,0.03572643287654344,0.2573386467942785
11.0,0.2615785894907514,0.05235059600199428,0.149504510407874,0.04000176410989109,0.2570829446265211
11.05,0.25368532270473815,0.05600985960570123,0.1399267146299671,0.0314321425369375,0.2533482124245059
11.100000000000001,0.2457333421495257,0.05340297163740026,0.1318460243294457,0.024447371389890265,0.2543326398176566
11.15,0.2505718002194217,0.06375704597457098,0.13269298413066732,0.02222959864228601,0.24634855758818727
11.200000000000001,0.2478434583226322,0.06555185148542642,0.1235048197022483,0.03713861683340023,0.25068023836015196
11.25,0.2432339417993887,0.0685278499693177,0.12024625635795036,0.03085310565941783,0.25382503295415704
11.3,0.23937080180559747,0.07511546063941121,0.1132040985587303,0.03647809270069254,0.24964364361677302
11.350000000000001,0.23603086697842415,0.07314152316807479,0.11181641428800893,0.037109396991844186,0.2571184058352419
11.4,0.2312447419965581,0.079637531444652,0.11027384832306963,0.02376930222254247,0.24519794529684039
11.450000000000001,0.22058870335890354,0.0850330945738315,0.10622046159936717,0.02251074678037192,0.25388309814100146
11.5,0.21877240111692636,0.08841070617061628,0.10663389743008991,0.022088945913923425,0.2590789916985555
11.55,0.21002243449577893,0.08742376467980706,0.09955410517880117,0.02267856568530022,0.2660017672198783
11.600000000000001,0.19849950610775616,0.09570546778698878,0.09827044516170608,0.024123333601665704,0.266977711367658
11.65,0.2017444647755713,0.09494958564624999,0.10490455696123574,0.029224198681894898,0.2719955541096322
11.700000000000001,0.19509521724084725,0.09486614277533396,0.10071818355442531,0.02980965380682928,0.28236676594066756
11.75,0.19475157056453224,0.09579884219723381,0.09539283926818677,0.03175125326539581,0.28061299673172385
11.8,0.19210809310901497,0.10167742012822287,0.0863304771012205,0.023262433729596726,0.27597208256894656
11.850000000000001,0.1912712093128331,0.10698134023363633,0.08885827370889576,0.028976127991342103,0.2772065300478442
11.9,0.18391649083963518,0.10689655269559598,0.08744403428810948,0.03518609309168511,0.2902093298591762
11.950000000000001,0.1788408333208134,0.10562067776978247,0.08126398370588145,0.03550575467065331,0.29661549018783756
12.0,0.17319407264236023,0.10344752200043165,0.07281744663157051,0.02912501482387291,0.29194201423065375
12.05,0.1751643118115918,0.10264456486505531,0.06694284115816117,0.027263672131561095,0.2921541185325825
12.100000000000001,0.1675662147501255,0.111932992511298,0.061337433153832485,0.027802509475638212,0.28915670736460036
12.15,0.16663417379435494,0.10636943584740814,0.056701696070257934,0.03628571644097961,0.2908947209028992
12.200000000000001,0.16471473891474994,0.10965241364337615,0.042969028319750004,0.040463825176009556,0.29839238197520784
12.25,0.1584331499483586,0.11726614022825237,0.03352193967539262,0.040602267466612836,0.2988974489328333
12.3,0.15542573242353283,0.1076889978817271,0.027688725443983514,0.042656154101417064,0.30321352850543826
12.350000000000001,0.15571983808883155,0.1069511808697887,0.030537814772141826,0.050630062927871755,0.2990680000149912
12.4,0.16075677963664317,0.1027847660477303,0.02857571801555271,0.041674823245787654,0.30144443726845516
12.450000000000001,0.1584751659178525,0.10975053335069475,0.0259512540084245,0.03351247352923198,0.30180037567359397
12.5,0.15924162036086664,0.1055686063456904,0.029014503815710288,0.0379551915245293,0.305714507205566
12.55,0.15792104089454279,0.09917186926343971,0.03525263310560621,0.04010527685442933,0.3091004338985178
12.600000000000001,0.15669895578024917,0.1106882813946753,0.03933416697246818,0.0379106767920266,0.2989825446507529
12.65,0.15634388179503939,0.11541514471800841,0.04774652219383725,0.03923148254079973,0.29075354452773206
12.700000000000001,0.15329439120126737,0.11457528513769327,0.05658699648343269,0.03828094401525233,0.28458744391300667
12.75,0.15554782886783108,0.11997005945137053,0.06959077664194123,0.04614878504210163,0.2815827822190928
12.8,0.15311408706905041,0.12288662122701807,0.07767866084012705,0.05042131150817215,0.2760208905814187
12.850000000000001,0.16317079199411516,0.12258368054793174,0.08450763252614052,0.05800581879335881,0.26717597160079065
12.9,0.16113646317001845,0.12672059805712108,0.09367398343119282,0.05020471085159784,0.26858911183175077
12.950000000000001,0.1595850159022107,0.12495665039137605,0.10028091924673588,0.05590645701668236,0.25471589343130685
13.0,0.16803883076432108,0.1294303035123042,0.1050852342249183,0.05409845671824505,0.26621336340822127
13.05,0.16867937420377968,0.12834784862505416,0.11414332836060521,0.054866238019737903,0.24924033808659962
13.100000000000001,0.17303800932740862,0.12321510071988392,0.11593506458268087,0.06164565077815474,0.2383214115257484
13.15,0.17377091019983112,0.12128819646153113,0.1241148268356848,0.05850475477669137,0.2436159239359107
13.200000000000001,0.1718195350864598,0.12265428855652857,0.12894821293543382,0.06039117925882431,0.24781770583054988
13.25,0.17271383164537427,0.1274362353649611,0.1343399884580069,0.05182653784344743,0.23952505045270084
13.3,0.17519668868957375,0.12130848433924225,0.15209528112759985,0.05902552144892368,0.22270232323910233
13.350000000000001,0.17848508918654413,0.11287197258873753,0.15427510510685613,0.0628856961458092,0.21154256409025876
13.4,0.19107631043638224,0.11277386876437043,0.1565899765991573,0.06196136107161375,0.21150056182571306
13.450000000000001,0.2038076768011261,0.11563347174590329,0.16226919655284516,0.06369172806584344,0.2082190459914945
13.5,0.21833621929016075,0.10760065547320685,0.17663170386548852,0.058485292207930945,0.209335910138451
13.55,0.22918241862832134,0.1106696590123895,0.18732736531126232,0.06394528199737273,0.19378697582670176
13.600000000000001,0.23051813156985332,0.10929167321530421,0.20012068267953434,0.06427352472143838,0.17642595695313237
13.65,0.23056926234579553,0.11181983582229724,0.20860830558960228,0.07671680318124949,0.16972174261162914
13.700000000000001,0.23595825649672933,0.1252610483394681,0.2139317599203185,0.07295508686192674,0.16330074491545826
13.75,0.23583285982872934,0.12256716879723915,0.22507609108082643,0.0818338890467727,0.1463170409869378
13.8,0.2527516579109317,0.12570590753020042,0.22118056520057194,0.08838448002830959,0.1402554150942218
13.850000000000001,0.2638203553955742,0.12244275696257124,0.22644048711610515,0.08913779406901075,0.13971493193771736
13.9,0.270516287413897,0.11607674907317732,0.22652416369778666,0.0966147138446982,0.13915196906589036
13.950000000000001,0.2742233036835396,0.10930864806433975,0.22902052529298922,0.08813548417700827,0.13011773149983194
14.0,0.27376057778065654,0.10362200556057177,0.23581597726061992,0.09119564459545462,0.12780100571814643
14.05,0.27668067341732516,0.09864469662577662,0.2391321226935631,0.09384203667181985,0.12575418127690807
14.100000000000001,0.2819708468798348,0.0965621040765083,0.2451188342636677,0.08740154168303171,0.11306311223071135
14.15,0.2916410428737963,0.09732606189092823,0.24591746033906936,0.08518192563819582,0.11234653631298203
14.200000000000001,0.2912065876081793,0.1003086681968286,0.2518872982544853,0.08381313960547407,0.09726906867130428
14.25,0.2969688517396881,0.09568329058252316,0.25926898108869073,0.08416434550973519,0.08727649140560985
14.3,0.3011526355333665,0.09310571580134612,0.2650367934006714,0.08007635229983608,0.09119585948435889
14.350000000000001,0.294819848943586,0.08720793260486544,0.2703618888886479,0.08732816972101665,0.08312801543776906
14.4,0.30694015566074284,0.07702939730388171,0.2765842247096121,0.08162036802922472,0.07707233723614941
14.450000000000001,0.3119760265851959,0.08144176026203623,0.28367386428739055,0.08527433249739828,0.06943325184189524
14.5,0.32125577530972965,0.08161242087058879,0.2863604847654033,0.08896265523849657,0.061790262687405326
14.55,0.3255629349359277,0.07463125281610078,0.2807935010153626,0.09143130684673327,0.0649513437911816
14.600000000000001,0.324160496174644,0.07308283050173645,0.2822315683708996,0.08178556809668172,0.06187899185031901
14.65,0.3202292697783719,0.07649734706658527,0.27291921353585336,0.08596278383037334,0.05431273365943137
14.700000000000001,0.3204577439935621,0.06935236889004615,0.2700383542242782,0.0833637914070061,0.057609657893563745
14.75,0.32636524793360877,0.06625337834616457,0.2740360053727878,0.07370954913593097,0.055348101260438605
14.8,0.32832808056870805,0.05886643510460203,0.27698379613124197,0.07583728640470602,0.0564965598747464
14.850000000000001,0.33017524579643964,0.05911847905750028,0.2828613794991595,0.07304122505781743,0.057186880184445066
14.9,0.3349471422329793,0.05608244834430522,0.27560072242980405,0.07061829538360237,0.07031896410833362
14.950000000000001,0.32770285199567295,0.05036507839098762,0.2672399443655647,0.0610375475581624,0.08873316449131864
15.0,0.3316746926328445,0.050397026617463245,0.2656255579691749,0.05613592114869247,0.09183994334656867
15.05,0.3313508785677443,0.0466235985565544,0.2625476624135952,0.06086020918393266,0.107108650609953
15.100000000000001,0.31908513140550054,0.041998250032934864,0.25688012106427777,0.0533776221044963,0.1003662865039251
15.15,0.32428257784143527,0.024153851798819674,0.2521166324863942,0.057670909896991904,0.08363454395752326
15.200000000000001,0.3224229581367729,0.032338601630974705,0.24908397628014867,0.049126873294849355,0.08498050322598263
15.25,0.3280068917388362,0.03369982241617283,0.2421380509466504,0.05058460988105724,0.10334939691319464
15.3,0.32407951388227135,0.03454084638682456,0.2406632398463234,0.050306709929661346,0.09802033973464354
15.350000000000001,0.32606999524127084,0.028449325442129903,0.24078156434209108,0.043711446252319035,0.10188995469512686
15.4,0.32495471705203904,0.042868068765185334,0.23906808613406172,0.04095565203676521,0.10774561511777818
15.450000000000001,0.31159904666625554,0.043846043659375854,0.23067255768372613,0.05175595822420511,0.11541183323368889
15.5,0.3146653607009537,0.04267085710649205,0.22280752488938138,0.04935316370460779,0.12006041754417615
15.55,0.3140303193190532,0.049079101585015404,0.2131822364446146,0.04804825197218973,0.13659235996026423
15.600000000000001,0.3162813661382746,0.049849690848502895,0.2101527821990856,0.04898579342269892,0.14857576642126935
15.65,0.3109433744527726,0.05607154360737651,0.20977890014405864,0.053333810919439194,0.13535730052137313
15.700000000000001,0.3012323151843284,0.05365449157522625,0.20483911984970837,0.049052646851158954,0.13574210666718595
15.75,0.30208825891413815,0.05766867652046992,0.1977438989875528,0.050187436509340266,0.13471150065603799
15.8,0.29991573808234007,0.05548647344608701,0.1924557663876344,0.06625591248332013,0.13483518465257874
15.850000000000001,0.29534385539174957,0.06048309412245765,0.18892761317145707,0.057213000871055006,0.14808131174339975
15.9,0.29820595940806277,0.0630303388404339,0.18843469202191138,0.061949628110323646,0.14126060120992248
15.950000000000001,0.2886930979961952,0.06298276870321917,0.18729305233807994,0.059046783626089915,0.1383797766792972
16.0,0.28151102748829837,0.060286314154038824,0.18145109546202826,0.060949925049159095,0.1398685399971162
16.05,0.27970071075694786,0.05876353204435713,0.18347489718106205,0.06283278934243547,0.14461753394843122
16.1,0.27320354142714337,0.054574082334163485,0.175146621932186,0.06258004921619183,0.15015071770669478
16.150000000000002,0.2697116604542791,0.05105510513519883,0.16824527281425888,0.06072199655275076,0.16170783984231296
16.2,0.2645988285247045,0.05303067448953726,0.16003380314812612,0.05803501835526123,0.16797206409614607
16.25,0.2541887345887792,0.048980224043700976,0.15587235432709956,0.05588325849499584,0.17622445115552837
16.3,0.25312465072145574,0.03877165016971747,0.16021220609978817,0.05471024447760828,0.18199734958594713
16.35,0.24583959576555617,0.04114478007579946,0.16726496479331185,0.05619216982175864,0.17145750591954328
16.400000000000002,0.24359934990713397,0.054246658161503855,0.16597262369202667,0.05334977079888477,0.16054499553442647
16.45,0.24740588676107564,0.05055566659889694,0.16156162563485635,0.05361014159222035,0.1640667197597304
16.5,0.24620767496733803,0.04050227282305773,0.15772760122000964,0.05767256133110991,0.17492678464544098
16.55,0.23037031249446474,0.04459107126438362,0.15569112063239612,0.0399256894360368,0.17520591271817892
16.6,0.22776189732388502,0.046741141049702735,0.14367016015005807,0.04739014769750276,0.17645207870003027
16.650000000000002,0.22250188829266407,0.05196947764036132,0.14516811919762848,0.035493500369820394,0.1783769090177526
16.7,0.21796940600040304,0.055944398262276075,0.13961561974480438,0.02867723931733223,0.18015950482220108
16.75,0.2140588732825488,0.0603257817438931,0.14041252232922438,0.03858929378028608,0.18736102325507362
16.8,0.21244851189868888,0.06192742350881373,0.14278995125326713,0.030041330705803327,0.17968459092095632
16.85,0.20571433436970907,0.06679419084001506,0.1366995192334566,0.04606682875323658,0.18228896507143474
16.900000000000002,0.20783532166781038,0.07711028180508993,0.1272221007781686,0.05012570442500498,0.20678992029375684
16.95,0.20119317076632634,0.08591936268119377,0.12268081568626733,0.05419547697184994,0.2097496570813965
17.0,0.1939658476866895,0.09031276450056115,0.12154155468233888,0.06630833978522659,0.20826557012337987
17.05,0.18584858415648314,0.08755369594832127,0.12152693800172612,0.06265140568267133,0.20713914224938917
17.1,0.18273646184592698,0.08472975490187058,0.11213571352492974,0.06122032714808559,0.19755369848064927
17.150000000000002,0.17735628823739014,0.0824966729690972,0.09954668593692931,0.06467193692946763,0.19807908020260653
17.2,0.16985812888985055,0.07987865910427615,0.0925833672227848,0.05696962064324629,0.21460443321176123
17.25,0.16556625065748073,0.0712298304969706,0.09139875893180324,0.05893778989250156,0.21865702904101014
17.3,0.1578838363144829,0.08294949268145317,0.08217504498513875,0.06103366938145802,0.22128544015614096
17.35,0.15065262893970707,0.08910731761841109,0.07246853736111758,0.0727296838453791,0.22801495152119367
17.400000000000002,0.1519412776380661,0.09137875881835167,0.06809945166937371,0.08020066801493625,0.2360698521054169
17.45,0.1505414833661464,0.0995365509894989,0.07322482054930904,0.084561421569007,0.2402367226513042
17.5,0.1429156414575557,0.09412905956109544,0.07051232207946301,0.09059800139322793,0.2343759474593045
17.55,0.13475631837879357,0.10199728057193802,0.06741379305673169,0.08179890238293934,0.23615533757431606
17.6,0.11993888265224699,0.09399246554877469,0.07496633139775229,0.090858889296121,0.2380291021168896
17.650000000000002,0.11591732211414743,0.10201477370365938,0.07383927945233894,0.0830814879486371,0.24555849900099633
17.7,0.1030125363201399,0.10174729661541004,0.07661299966181088,0.08408380921912889,0.25385585220841983
17.75,0.10199304762036808,0.10270977184359649,0.0786092413895493,0.07720413786192633,0.25655153663291014
17.8,0.10938241776524281,0.10581870245608542,0.08022696217210676,0.080586134325971,0.24983713157059395
17.85,0.10549549063985623,0.10008665439235272,0.07860513442759463,0.08719810626885409,0.2587459990853598
17.900000000000002,0.10339595484089964,0.10631533581867986,0.07916338001770926,0.08497591842137174,0.2595562693488425
17.95,0.10541626038997581,0.11488911648926764,0.0845838507200778,0.08251491050992679,0.2751380425942191
18.0,0.10186959721276641,0.11478890975282811,0.09406068567827568,0.10249332815056324,0.2869685175245777
18.05,0.09260871644808476,0.11585960765670411,0.09437342528004523,0.10557211657903262,0.2959554978140259
18.1,0.09516045541655173,0.1148388105026344,0.10040166774440888,0.1095740547906623,0.30270767364026663
18.150000000000002,0.09104913907347548,0.11309055465117998,0.10852243605288216,0.10044224699976852,0.30582559715590585
18.2,0.08081684566102973,0.11208120196974704,0.117989503092439,0.09873710160589645,0.30771078595397566
18.25,0.07748922049983599,0.10907769125822439,0.1276287093277994,0.10382411492523004,0.31316418343061386
18.3,0.07803025215687653,0.10369539947912447,0.13648489813263393,0.10461590603543801,0.319258147083648
18.35,0.0723683711026825,0.10465054649216536,0.14524505010995267,0.0919916139089146,0.32623126877758235
18.400000000000002,0.07088508739917179,0.10376108277211724,0.14874004261499396,0.08959363971402544,0.32677093276630725
18.45,0.07279339661391333,0.09937762964685096,0.15760921678955236,0.09802983671797288,0.3250159458252159
18.5,0.07041106679294497,0.0985705768479635,0.1668387407511638,0.09277664740116713,0.3344393782893504
18.55,0.07485605354807495,0.09548937984695602,0.17608543335811364,0.10043086653798053,0.33965729963769975
18.6,0.07332698985889453,0.0906550135933535,0.18775467045417416,0.09749919478755191,0.34170418531837576
18.650000000000002,0.07307241192301414,0.0923444901562037,0.19305141690422534,0.10450487970710247,0.35592174055421716
18.7,0.07849901261031879,0.08774790697675787,0.1873476429226195,0.1078296791164272,0.3660831575171495
18.75,0.08358083119655528,0.09383950210069963,0.20001743950273393,0.11009255095143347,0.3713042179701576
18.8,0.07803563180552085,0.0925565343723682,0.2038697762789773,0.11638703459943439,0.3651427591900204
18.85,0.07606186719129444,0.08297113002516603,0.21012421973781537,0.10651582186899289,0.36653829124738263
18.900000000000002,0.07638275215002292,0.0840603368608935,0.21436937595908717,0.10126006368951623,0.37109335772775043
18.95,0.08299968569402898,0.08881605829935879,0.2165846531594074,0.10339582581295385,0.3723920044330604
19.0,0.09011670446329188,0.08925489849905313,0.2189808529977728,0.10210737362118577,0.3684684193272811
19.05,0.09125515724679066,0.08926417336074206,0.23017061226036892,0.10445090660478884,0.3714845484071391
19.1,0.09525149296771422,0.08722632589749564,0.22785786939443153,0.10569516823784932,0.37869483579547186
19.150000000000002,0.10974960291136762,0.07715477093731425,0.2297941814223164,0.10183368255389254,0.3721029000173851
19.200000000000003,0.11964949477569957,0.07537428831489332,0.23302532065505835,0.09925779489142106,0.3655991168193317
19.25,0.123239023288841,0.07111557266071807,0.23906555876715438,0.09340031255357162,0.36676703267219196
19.3,0.12547177423726233,0.06665829616307126,0.2394167172028771,0.0953108213697391,0.374285509581843
19.35,0.1257903956452308,0.062263080312533296,0.23952616732230564,0.09498321235084765,0.37802890618182405
19.400000000000002,0.12978563819314662,0.060315609278855535,0.2451010929509815,0.09591009611330738,0.3731733872921336
19.450000000000003,0.13348582656830857,0.05762866760505746,0.2511534875444738,0.09447877678805326,0.37536100263386557
19.5,0.14271103724753584,0.04866437605249695,0.25211271285022047,0.10183914946484504,0.38223984218339646
19.55,0.1507487486969138,0.052500858551611275,0.2528221152894231,0.09815165579574271,0.38756106014273106
19.6,0.15885256778889903,0.05180898600728456,0.24702624758713593,0.09728325306712615,0.3832639526467551
19.650000000000002,0.172327213815653,0.042650184411437,0.2572005748383135,0.09173785930511638,0.3858811851565945
19.700000000000003,0.1772584863335771,0.03763077873575324,0.2591603478591056,0.09087614667154184,0.38873940908630705
19.75,0.18255628717416728,0.023683598771154606,0.2506239391300793,0.09810508422932003,0.3817140335822042
19.8,0.18404763834347157,0.03233856119816051,0.254045683651901,0.08895655571760881,0.3760176008849841
19.85,0.18663793018364871,0.03267014494984231,0.2533852097469334,0.09742440525004885,0.37740453657067113
19.900000000000002,0.17993760099565415,0.03399407996803163,0.24936068246216506,0.09999508297898207,0.3841306832778661
19.950000000000003,0.18776713004890477,0.035763836715845126,0.2528636637254092,0.0932477794283708,0.38016516184688626
20.0,0.18724274051396567,0.03325539825155251,0.24440466478014483,0.09006523414757306,0.38004326577693553
20.05,0.18805935747462632,0.03647419764665643,0.24035656167104666,0.09340240255068773,0.38137984766812094
20.1,0.1913424020039657,0.025111782463791064,0.24487336137835092,0.09010470941410871,0.3765996293159774
20.150000000000002,0.19940483791410205,0.026824669563654674,0.2328798385182965,0.09038268056512853,0.3810287664345679
20.200000000000003,0.20150430135738745,0.027621882197396357,0.23404105790176635,0.09286283730715687,0.37108470059256804
20.25,0.20555933322941505,0.028690549851822556,0.2334345355091793,0.08949255527266162,0.3705327944989708
20.3,0.20632979796349027,0.0284557006490379,0.23560689650913685,0.09014867180654149,0.37032279396630013
20.35,0.20816736111063758,0.028530466274347608,0.2315524790385084,0.09285497146255729,0.38040708032858506
20.400000000000002,0.2090735418648269,0.031021272976574504,0.22995374786347375,0.08346276461567613,0.38191562786479444
20.450000000000003,0.20810537991984873,0.038280001689385605,0.21938803547281752,0.08537859951562386,0.3852515542208315
20.5,0.2098800410286721,0.028080754620514393,0.20725742128454563,0.09105787161975981,0.37896549429499066
20.55,0.20800539339246876,0.02439603166779295,0.2034136902472782,0.08366049793512452,0.3797689938811461
20.6,0.19750608910103692,0.029811914002019643,0.1990308109449359,0.07842817623560609,0.37829809622522764
20.650000000000002,0.19795102307810616,0.03235142067328387,0.19113626698677993,0.0814813509850974,0.3806344859539752
20.700000000000003,0.19856791045769143,0.04208128970232442,0.1902923792496228,0.07377669646645157,0.3751908491560275
20.75,0.1970976150455446,0.04244764119690764,0.1855669885125677,0.07674919521863,0.3805099152322374
20.8,0.20285020463942852,0.04334858018366002,0.17609252953652374,0.09409518867981373,0.3815196261554709
20.85,0.19592151950854494,0.04569924927609912,0.1701360296886895,0.08804662756699891,0.3837060570570669
20.900000000000002,0.19626586278702335,0.04570325882974283,0.1669295196217104,0.08761916240562119,0.3743204860742889
20.950000000000003,0.19143492339762092,0.041716031030907964,0.16584029016439866,0.08834266408554811,0.3677304546789134
21.0,0.1845474236222745,0.03756056079600557,0.16132518607050428,0.08746343116949809,0.3743421636339475
21.05,0.18473832523811293,0.041897908375522104,0.15390821341748398,0.07663336923629305,0.3778967973857554
21.1,0.1883541436089683,0.04186643273855515,0.14778089445900686,0.08702897499097363,0.3868613480093612
21.150000000000002,0.1822091447017644,0.05092562055777022,0.13773249122910072,0.07808377137348782,0.38876843564194
21.200000000000003,0.17732928341799056,0.04895836095409772,0.1304396465482437,0.08248485937149909,0.39050620558073473
21.25,0.1769775979176898,0.05227801800308902,0.12888381458067638,0.0771517084806039,0.3833299270014733
21.3,0.1675905571787057,0.05755054927883927,0.13127334065657742,0.07843843959719565,0.38183756981068506
21.35,0.16265555149520503,0.057733887046629004,0.12525619137998123,0.0751311681026909,0.39548611462822714
21.400000000000002,0.1645111709263493,0.07151684507673987,0.1147988977918579,0.07744462369362386,0.4095045824032198
21.450000000000003,0.16693183673074194,0.06739295410202714,0.10708780914996258,0.08349372544495248,0.4103126051673575
21.5,0.16907715644561072,0.07469724218081382,0.09265119565422682,0.08374515209905858,0.4205361883875215
21.55,0.17156486481855507,0.0725839321568056,0.08244167330155797,0.08871619067807623,0.41165959655310935
21.6,0.16596275615348657,0.0672820021644814,0.07648292240208521,0.09353457664619957,0.4133030272546076
21.650000000000002,0.16220055429748184,0.07226087245899612,0.06833657067965036,0.09517928095851155,0.41287697530779716
21.700000000000003,0.15615082926888132,0.07676475814441552,0.06863456985875648,0.09234653234996029,0.41676481551657973
21.75,0.153053238772935,0.0771043813837729,0.05620942111091578,0.09739978003489451,0.4225087392161827
21.8,0.14570413078839115,0.07676113353448412,0.04321697835001224,0.09399243923113347,0.43204428482352214
21.85,0.1411253590970922,0.08385562886197193,0.03894154367140257,0.10737040407357885,0.4281983586163469
21.900000000000002,0.14218203775236896,0.08755447613354551,0.03441768628133695,0.1088732352042626,0.4232302214391322
21.950000000000003,0.1298772742952254,0.09144449063294971,0.02072412386711563,0.11514893064812322,0.41784289715906664
22.0,0.13585467529449266,0.09041098916528764,0.01961226799918614,0.11617235562272794,0.4177220509415737
22.05,0.14602943217321956,0.08442702137079626,0.014671305942710247,0.10988161204968898,0.4131689947332675
22.1,0.14027798643206177,0.08721108286778077,0.008883401718265557,0.11494963208061422,0.42893311435320336
22.150000000000002,0.13991037562788847,0.08942325761393259,0.00493057100460077,0.12520057304659005,0.42242031899236926
22.200000000000003,0.13334899522016846,0.08356440998290876,0.014687706950368654,0.12481428078053337,0.42239177863774413
22.25,0.13382329429684248,0.08807362867392557,0.027071557609436105,0.11726940313770774,0.4283130977947385
22.3,0.13299628415866896,0.08905944400912658,0.03307431647764955,0.12018247798688267,0.43416865770613117
22.35,0.13112920058094357,0.08788853051337144,0.038098540179400016,0.13304058072109293,0.43060016137540486
22.400000000000002,0.12937364284747205,0.08685430734576012,0.04162582389432236,0.12451572277081048,0.4273777253333416
22.450000000000003,0.12669452320391553,0.08271232384105866,0.05295758171412292,0.1170092367831535,0.4356446224712559
22.5,0.12743287894215757,0.08428357202681559,0.06354941530340533,0.1295711446981825,0.4308652661496554
22.55,0.1227708257109207,0.08218765712001369,0.06929837356457111,0.13112230406790032,0.4298691523109042
22.6,0.11908047487756192,0.08114177791522963,0.07493707904273308,0.13823541016963872,0.4343354516526872
22.650000000000002,0.12129825698329015,0.07149768277741018,0.07513387922490439,0.12922382099954638,0.4378306990955014
22.700000000000003,0.11586415648888196,0.08019252030078601,0.08474499601747666,0.12977232739764263,0.4342555715276605
22.75,0.11071579976356749,0.06942166074366048,0.09614332857841314,0.13782499624391342,0.41872833037920004
22.8,0.10760403980355498,0.06982520079078944,0.1036440739335408,0.11907884004022802,0.40331445248538217
22.85,0.10442603118743704,0.06119609227454602,0.11137841321605202,0.12336996235843503,0.39227720864938975
22.900000000000002,0.10743541114004607,0.05703632856815322,0.11417456577099869,0.11891700499997178,0.3856132151302753
22.950000000000003,0.09590787900785329,0.053280198255261896,0.1212016164091358,0.11412169673658665,0.3819090471750506
23.0,0.08649414841497702,0.049449449368839216,0.13328746737454747,0.10384970800116136,0.3803692521642944
23.05,0.08328445849271245,0.045310109405876146,0.14161036980629832,0.10033183248915606,0.38091570623590637
23.1,0.0861421479609396,0.05154622845475041,0.1523672000120362,0.09078951854125973,0.37247578847727403
23.150000000000002,0.08204817035111266,0.05394766001350955,0.15893492331143236,0.09317393101326325,0.36365771058296636
23.200000000000003,0.08064901764307375,0.05393217155298352,0.1653825121758437,0.09584863495336167,0.3672104679846732
23.25,0.08236185601644187,0.05443104940973891,0.17811725001975076,0.09916706141273542,0.3469089919084883
23.3,0.0828270280189075,0.06362593876293071,0.18806598720106835,0.09542504241685984,0.33233584913908726
23.35,0.08507593215724235,0.0635644170142442,0.19058019926339734,0.08360304678899266,0.3219738377685549
23.400000000000002,0.07984496581237918,0.06458813653228944,0.2033642885356091,0.07993394642867949,0.31557470509630065
23.450000000000003,0.0737709423924493,0.073497577233328,0.20927499310182673,0.08052742532021552,0.3077118009359801
23.5,0.07659749678569397,0.0790363265836026,0.20574548638563922,0.08310419145290925,0.30133540773301337
23.55,0.07266317372184716,0.0808126953488249,0.2075312542812776,0.08847446270580868,0.2946438033724449
23.6,0.06999743317579599,0.08268911163755084,0.21367009433712403,0.09029709377762013,0.30198094041190704
23.650000000000002,0.06630327224839955,0.09175392020007318,0.2068471332622439,0.076230192823593,0.3082383893665072
23.700000000000003,0.06678853143345916,0.08229792502602966,0.21161234540024518,0.07817938834158798,0.3067936076372472
23.75,0.06688957371532737,0.0954443468572444,0.21854096762520825,0.09209824016809122,0.30154877429660054
23.8,0.0711002036321135,0.10088233767851199,0.21747214335322737,0.09147654248180452,0.28561912467946043
23.85,0.07013360426574235,0.10514435057979951,0.2124245602243778,0.08860379108335073,0.272778385120416
23.900000000000002,0.06579864970773765,0.10661854020648127,0.2128016223974807,0.07972743618994851,0.2782080167524789
23.950000000000003,0.06693313320754306,0.10336433839904789,0.21714885359023248,0.08298171603161561,0.26761482383375695
24.0,0.07414101077631373,0.10795992972292166,0.2180440880277445,0.08483267297684165,0.25614449091859903
24.05,0.07823788604833443,0.11646644823231493,0.22247257224293826,0.08542759112009453,0.24909397731560895
24.1,0.07571199247504505,0.11836377981858083,0.22908951290265758,0.07443227897199726,0.24710516077179828
24.150000000000002,0.07360525675565614,0.1250518950173025,0.23108392014008086,0.08055867260525017,0.25421940976903
24.200000000000003,0.07170035948160859,0.1319783522549519,0.22048181550257473,0.08309242008724523,0.2533401548770149
24.25,0.07529055301372939,0.12909078674447533,0.22175654253643312,0.08210045226029593,0.24927791786142992
24.3,0.07808795783874085,0.12522534809590755,0.21813971059299408,0.07802655882105917,0.2446566229243344
24.35,0.08035541607540571,0.13561128696552843,0.21929289752185457,0.07472782827102871,0.24178618804923704
24.400000000000002,0.07076916986619781,0.13160252387386745,0.22097974952168803,0.06079805364886221,0.24223141865176387
24.450000000000003,0.0696314087567295,0.1354606179546788,0.21909212541796044,0.061064851532743145,0.23217231046721723
24.5,0.07226434059140753,0.13825266694150895,0.2123213285359823,0.05328567031141995,0.22412383384159304
24.55,0.0765796497428752,0.1448083259023388,0.22002668150200613,0.050760948687432965,0.21810569009525785
24.6,0.08098724763248366,0.14326888852611647,0.2206435982078538,0.04248017058826647,0.22155967809236093
24.650000000000002,0.07593665140010433,0.14478564904224087,0.2212790703521129,0.04237068718850897,0.21296173319336753
24.700000000000003,0.07774751388852856,0.14172030861217771,0.22667274723027023,0.04302116289778128,0.2190333509043997
24.75,0.07385004818355805,0.14161341621496668,0.21853632415022545,0.045206244071963206,0.21948961450076485
24.8,0.070091756447124,0.13857465405677669,0.2123394744013198,0.04225305492113454,0.22128137383638521
24.85,0.06910600829971233,0.1375004370447534,0.21391251240323045,0.03133971703301738,0.2192013335497548
24.900000000000002,0.06287104042365661,0.14425395929624196,0.225763006722753,0.03576394343289085,0.2160464893427929
24.950000000000003,0.06041651693779141,0.14781009620820137,0.2364093352502298,0.030935886289001027,0.2058500874395258
25.0,0.059839570293566506,0.14915202113699516,0.23851640818766967,0.030861986964527723,0.19334874495574825
25.05,0.060816696914331864,0.1504171543787585,0.24222229088070457,0.03497776102049736,0.18565212861243247
25.1,0.04896892750707392,0.14895523006710576,0.2343988084435284,0.03449647038570663,0.17874382480875403
25.150000000000002,0.053800205375732935,0.14255216406365448,0.22624815827498687,0.0333309517710313,0.17210705125287348
25.200000000000003,0.06373939360935835,0.1446706316401151,0.22331280882850468,0.0391185319683126,0.19049820686725616
25.25,0.0671234065456155,0.14318734037900874,0.2276358045163405,0.03427582308911741,0.19416607692860657
25.3,0.07491629381521257,0.14307711742061643,0.22131492241967765,0.03130854096181193,0.19495443462106316
25.35,0.07427547811825741,0.14587864832100067,0.2224752631802913,0.024961727594026418,0.1961376679010232
25.400000000000002,0.0713774195857381,0.1426278642387863,0.21457413908507153,0.03438416117133253,0.1911074107935045
25.450000000000003,0.07901111744442402,0.1413158385852472,0.21332175758051214,0.031762370615488617,0.18087745848918188
25.5,0.08145487589451741,0.14613550584446516,0.22190020628001186,0.03464072343195359,0.17278146318315898
25.55,0.0833042877042924,0.14834093103306537,0.21628503255377243,0.031126605769950886,0.17068137402389008
25.6,0.08923093008087002,0.14505143235804355,0.21499328992335454,0.02916112648442908,0.16670080875833154
25.650000000000002,0.08961597322792883,0.1409298436350969,0.2173484495069319,0.02399348752353673,0.1633601276588639
25.700000000000003,0.08974090348960763,0.14175936892575683,0.21630657210645546,0.026688468880722828,0.16872209407017408
25.75,0.08929589993050038,0.13651384227062996,0.21823107276019635,0.03629479188474051,0.16449692380651934
25.8,0.09626306314665369,0.13404292224468622,0.21187517448982052,0.036169392665973445,0.16153945663016803
25.85,0.09276506028729196,0.1265289256125303,0.20259304039853454,0.03435436457914444,0.16453940577932644
25.900000000000002,0.08696649625200925,0.12756582164972446,0.2109475038014715,0.04887458425607241,0.15723939557671954
25.950000000000003,0.08375325257241376,0.1262961976339,0.20887131575874085,0.04299468601435082,0.15665884040786976
26.0,0.08756985911575899,0.1290234029708761,0.20629215059738526,0.048893329621288846,0.16156912385745714
26.05,0.08745078504027667,0.1291098835964409,0.20389247701019195,0.03805820460364872,0.1508339111404206
26.1,0.09163469703854926,0.13468910764023806,0.20638897509652956,0.04025691881518818,0.15506174957844326
26.150000000000002,0.09676258819269774,0.1387290732676397,0.20377806670573864,0.03464651957403451,0.1543159346803271
26.200000000000003,0.09906316132649584,0.13766867514859113,0.20069530751187298,0.026542338660102704,0.15315822593637704
26.25,0.1019907777485407,0.13552398133512084,0.20194325169763366,0.037602599889111465,0.1403865072218523
26.3,0.10643641666476104,0.13339230521008344,0.19896695461747377,0.028573679940543925,0.14256116236423946
26.35,0.10186300372161707,0.12649996134924854,0.20194407559235028,0.026432845259708553,0.15191259752010694
26.400000000000002,0.10448532279633811,0.12256371810794688,0.1923883005436799,0.023681668381469664,0.15794232719268997
26.450000000000003,0.10784513275301175,0.13013710902851217,0.18987086526742608,0.02695178800966717,0.15408658366096828
26.5,0.10587368467205809,0.1281073285309181,0.19400245486380166,0.029254638074263782,0.15125444902962437
26.55,0.11014909760662582,0.12258639890935716,0.19294931767236584,0.028915151296172458,0.1489104722851978
26.6,0.12020029075499451,0.12622589877586718,0.19138177425258604,0.03427792810060231,0.15032606588466102
26.650000000000002,0.11108994795191979,0.12338260168062651,0.1840480171536539,0.022899877591121956,0.1479876888973235
26.700000000000003,0.11036199837848801,0.12084608263309005,0.1869676164321195,0.01866963034455351,0.14716566749698198
26.75,0.11595025404577554,0.12672293568389767,0.18089123259398923,0.03203667579654702,0.15818096274692398
26.8,0.10943325401786277,0.12851291966348768,0.18539087914206548,0.024800444133899237,0.1589021022141469
26.85,0.1094005138237653,0.12567341882850228,0.18645949794336925,0.023106853521960187,0.1602788301406393
26.900000000000002,0.11277007552097033,0.13049243033337185,0.19304563558496768,0.022233220291186725,0.14698473096784384
26.950000000000003,0.11904120044279634,0.12365785427202902,0.18642071524115242,0.030015256349428806,0.1444459926424514
27.0,0.12356452181078467,0.1256225732597565,0.19201806099120222,0.027106285362678118,0.13831694078522078
27.05,0.12147177896777822,0.12547274693551727,0.1839005207580945,0.023997165563317668,0.14011567992202734
27.1,0.12093075645637083,0.12451839850040687,0.1884030880719395,0.02667412823209872,0.14043988893907441
27.150000000000002,0.12131158245527363,0.13014474622425887,0.18456842899282508,0.019842091625105467,0.14084789041870394
27.200000000000003,0.12838898343146946,0.1289441468700225,0.1776109494523149,0.022937900249129006,0.1381542057952432
27.25,0.1286935740002672,0.12490643981791556,0.18085384257395892,0.014925402892434098,0.1281350480346912
27.3,0.1314635696419417,0.12350748757104771,0.18588174906933277,0.02325218497221346,0.13338671120827492
27.35,0.14001672549901897,0.12193237693750351,0.1798876395539905,0.013253384203996571,0.1439309875810947
27.400000000000002,0.14295946379436195,0.1269782255054986,0.1822650009739059,0.01742846456167045,0.14975753749865928
27.450000000000003,0.15744466179025804,0.12900444248891693,0.18856810263486734,0.028297427039528266,0.15877328102872534
27.5,0.15855446754641447,0.12966195893162302,0.18972277259651707,0.03026411139362214,0.16104869669901284
27.55,0.17101816711634363,0.1329778312022866,0.19739597173314247,0.031166491505738695,0.16542015112290948
27.6,0.17652797473700335,0.12868127725067458,0.1973953197483457,0.0369144875932605,0.15919990145285248
27.650000000000002,0.1817516894480608,0.13430044862746382,0.19429724896755066,0.049813855246664006,0.17218972043768646
27.700000000000003,0.18731697318974624,0.13790129184491962,0.1951085996633525,0.05081362566409854,0.18261752693888011
27.75,0.18965451031584818,0.13687936221409308,0.18580194213535134,0.04928764037822428,0.19529535612332524
27.8,0.18621430137882408,0.13803101961363534,0.1807623068217678,0.04472178870934774,0.2014415585747805
27.85,0.1928749473956153,0.13490546412036972,0.17678771578830754,0.04856320594985037,0.19884567532357195
27.900000000000002,0.1949299362854553,0.13913575796055175,0.17611184811157998,0.050863664423321645,0.19533490152706762
27.950000000000003,0.20283884268894684,0.13966973506489014,0.17002896769289788,0.03632116329148997,0.1938475368337155
28.0,0.2004280335924343,0.14379398375068966,0.1594830592000095,0.03480434652247958,0.1851089122760814
28.05,0.1976260371862187,0.13601756381869703,0.16150277849527947,0.03514769165237614,0.17837329790279566
28.1,0.20463403855783713,0.12803908756065055,0.1696285933068567,0.03818391822645272,0.16635769946542253
28.150000000000002,0.20072952493021323,0.1318540255355164,0.15621785579514771,0.038419055138625396,0.16398045906346861
28.200000000000003,0.2042800442731266,0.12869019648488444,0.14714252578026493,0.03908689804815074,0.1690312867704363
28.25,0.19579593457569067,0.12665940367883924,0.14256598564002393,0.05177533328331172,0.16181431283574077
28.3,0.1951305057669733,0.1218701493198324,0.1340330990100814,0.04824423944317793,0.15061151562138203
28.35,0.19226137164424045,0.11885164493719798,0.1274851489051084,0.04658076203094228,0.14526439320679335
28.400000000000002,0.19587427635753552,0.1141377569290142,0.12579569050109465,0.04829698390051782,0.13744137771116371
28.450000000000003,0.19939015011339842,0.11619850917844408,0.11692911946876136,0.043987436967061595,0.13973146765772515
28.5,0.20055260639665515,0.12442301438264737,0.11536648719200365,0.042708151514404956,0.14235177550783407
28.55,0.19758244813380202,0.12229039338991181,0.1115958265183536,0.046229989745280725,0.15054799239537361
28.6,0.19615718455934847,0.11518259439980652,0.11133700996455981,0.04163454282927522,0.14598458065488365
28.650000000000002,0.19610605318344204,0.1236056504995395,0.10743022542101457,0.039291493704008966,0.1473924057194522
28.700000000000003,0.2030689008011245,0.12093002474237351,0.10324917416357626,0.03161945414713352,0.15244237950663983
28.75,0.200735395699018,0.12116924141876168,0.10010421640471957,0.03272290904444144,0.1515339603670307
28.8,0.199969088216695,0.12253623873693868,0.09653619772261104,0.034502579637486895,0.14249153797189118
28.85,0.19901648710856412,0.12328810564179322,0.09549709852178455,0.03814140539503022,0.13784332055911971
28.900000000000002,0.19141851833572784,0.1245952410984575,0.10077158550876779,0.03266076338530914,0.13711565801536965
28.950000000000003,0.1866221287896719,0.13107786817598774,0.10009876645201057,0.03595746645059673,0.1465951371870565
29.0,0.18833429801354165,0.13080549137016564,0.09805512768885577,0.027797142132545936,0.14990764358124942
29.05,0.18253713474417238,0.1363966546820764,0.0925835329382151,0.024928166060462966,0.15148382019005568
29.1,0.1893054560963629,0.13911011830499778,0.08759125020639452,0.034730035197021614,0.15123474744907633
29.150000000000002,0.1886911857309589,0.13450424696411928,0.08820825093726602,0.04488899120496934,0.1557035678574287
29.200000000000003,0.18589558305616474,0.13335922523039676,0.08946937156995176,0.040725856222103375,0.15427780641744135
29.25,0.18089488701836695,0.13795346732733543,0.09856205229170613,0.03728468022199216,0.15698309229415636
29.3,0.18228520301360357,0.14726985768874423,0.09552237238678052,0.03310981055447514,0.15832370010451086
29.35,0.18186042332305677,0.136140311421829,0.09499847320355366,0.041768186511417844,0.15809655984299542
29.400000000000002,0.17783307192536996,0.13457171472468887,0.09468725895795402,0.03743893228230405,0.14711518757419287
29.450000000000003,0.1753960239448133,0.1334519509247049,0.10076871048706662,0.040084697443419415,0.15468455140101467
29.5,0.17339437459320398,0.13284398517265333,0.10294041266878756,0.047872330649483125,0.16127288805854217
29.55,0.16847826717638276,0.1351463371854235,0.10166195047441519,0.04392456965263089,0.16715992181996936
29.6,0.1639115962091458,0.13337367765392874,0.09757060099056329,0.0495210312691422,0.16715421758969892
29.650000000000002,0.15854614130676684,0.12805246717551635,0.10216525635342046,0.051077511221220125,0.17602248122978884
29.700000000000003,0.1556360586809857,0.131506750759898,0.10590465482608871,0.05178933928374077,0.18429038857084737
29.75,0.15152611651850245,0.1271268775124387,0.10422259492717413,0.06220560384361092,0.18489838946948187
29.8,0.1433598941422981,0.12947259370072428,0.10558495360423538,0.0546537438421561,0.19349506371587874
29.85,0.1439299485507494,0.1295341959497751,0.10243039204846718,0.05786342347141049,0.19924294484873026
29.900000000000002,0.14216001167216163,0.1264957330512227,0.10072562940505268,0.05931094179114184,0.19883138865255867
29.950000000000003,0.13278695925141099,0.13107346305522183,0.08780979397550591,0.057840700610393384,0.20257374731559427
30.0,0.13217427060360232,0.11530228187222212,0.07869326744807874,0.0715784107995098,0.19494737864935094
30.05,0.13019412197800498,0.1133607776892655,0.07720820581588653,0.08231249479318876,0.2093365341646217
30.1,0.12021581644813958,0.1023647317251941,0.06980675965361592,0.08835617435598266,0.21034528045332215
30.150000000000002,0.11897251523862448,0.10283128766670759,0.06604606073123624,0.09578252773107339,0.2083356536577582
30.200000000000003,0.11431768663502913,0.10687765061035714,0.06759859495101259,0.09955111191876011,0.20939876845914995
30.25,0.10806319710519936,0.1066842803895776,0.0689355012891898,0.10761313729126101,0.21109373842134313
30.3,0.10004980016874056,0.09795320424120596,0.0755058249928028,0.10476757181995872,0.2061418612867995
30.35,0.10742329650134977,0.09711719259276969,0.07429581671581302,0.10867765839955183,0.2156859191333015
30.400000000000002,0.10065815262183214,0.09417751012148418,0.07459929243865257,0.10104353632986621,0.20902950347585686
30.450000000000003,0.0966458296747784,0.09796443967674494,0.07983614996448125,0.09531075276099807,0.20822194768534816
30.5,0.09495223960804708,0.1001254364162552,0.08501071359197124,0.09802905053390636,0.20596553668502712
30.55,0.08353797024995983,0.08764569219473234,0.08753228593415653,0.10263908437624895,0.19320760869166378
30.6,0.08025670809913699,0.08456722327422765,0.09744610324768926,0.12039744716849736,0.18889486137778622
30.650000000000002,0.07429949511062214,0.08391657782614811,0.10868560525862933,0.12788764815719542,0.18795286124172275
30.700000000000003,0.07407550127649427,0.07251490745856547,0.11279567401179452,0.1214913624484879,0.18424930617601157
30.75,0.07088167753068993,0.07271016894304048,0.11710268283783373,0.12599328859884773,0.19036063890219196
30.8,0.06284147340604974,0.06704631206233218,0.11541147338881774,0.12691231784157958,0.1835285345516449
30.85,0.06811439392244431,0.06783425177631053,0.12323968173304507,0.1362494238672495,0.17956292200361193
30.900000000000002,0.07226596393802097,0.06560170590627322,0.1333282439966006,0.13890932194257122,0.1695848930997567
30.950000000000003,0.06980347626734143,0.056032006698602164,0.14126888725650993,0.13317115935493218,0.16372084808353915
31.0,0.07367988263743927,0.06237368183076058,0.15223064424740743,0.13353571638143555,0.16294100104955675
31.05,0.08181224109299179,0.05700800853917045,0.15524003665997282,0.13378634989756444,0.1586700809511407
31.1,0.08690132138032476,0.05598701966310183,0.17477132918277355,0.13699105168487757,0.15759570496659384
31.150000000000002,0.08787731293136947,0.043052084695255725,0.18373876455716331,0.1461676310519511,0.14813740544737455
31.200000000000003,0.0910066319105072,0.04773418316376406,0.18889374773592216,0.15267509662878553,0.1481920332047599
31.25,0.1006542528536973,0.0399146944435676,0.19089533482055246,0.15695633007101883,0.14470687362802306
31.3,0.10314718564690942,0.03869997774451302,0.19779881405552655,0.1570711769345683,0.1411071816122001
31.35,0.10337566189455565,0.03618608359285224,0.20635859160914743,0.16300007428505273,0.13767141131777672
31.400000000000002,0.11173146115332812,0.03319021858519134,0.21316629198757364,0.1651894539528968,0.13163839624734153
31.450000000000003,0.11878469702942644,0.03242502808741658,0.22202255530643475,0.16714748129737875,0.12074539362563731
31.5,0.12163252648368922,0.025437532404389066,0.22772500546140104,0.1659847696884237,0.12216014738374598
31.55,0.12754291033405354,0.023812950857951317,0.2304063254162555,0.17000007570035985,0.1197286522720995
31.6,0.13184952046444257,0.02808919195731275,0.23069328908893758,0.16745438363679577,0.12098757908880556
31.650000000000002,0.14624153169530577,0.024431671094196066,0.2419210596431078,0.16915134091421274,0.11496472361843092
31.700000000000003,0.1526322819834254,0.026001541285262813,0.24911883007775626,0.1644028059230668,0.11692930930260685
31.75,0.16167243269303586,0.029329271457384534,0.25672630497382437,0.17198891086155577,0.11583077877893071
31.8,0.17001810898572742,0.03266201830386023,0.268163791373401,0.17408555062886982,0.11727262452007337
31.85,0.17770448110230852,0.03128637122342239,0.27255684534010294,0.17892991551910323,0.10181349752893802
31.900000000000002,0.18671045029450492,0.025567309758467386,0.27069071495053415,0.17841708821319588,0.08913717335387207
31.950000000000003,0.19657258324037571,0.032948084745910745,0.28092479553115524,0.17936732256632087,0.08895116392181267
32.0,0.2006108408351326,0.02881249355721996,0.28495668894709375,0.1883689831422341,0.08153715682500379
32.050000000000004,0.2042528500185139,0.03249507225007692,0.2971358363219332,0.18772614762775044,0.08027471941662255
32.1,0.20654880456971556,0.030640127991468903,0.3046180948837485,0.1975318719983678,0.07849636618704943
32.15,0.20490679289906594,0.03930509813089311,0.30620108239442684,0.19697895215583291,0.07163682560807359
32.2,0.21300251828579328,0.047071627649351994,0.31048118274198566,0.19585249834687773,0.07458524316567504
32.25,0.22233226645865425,0.0484496424621373,0.31715025518568746,0.20442738639786542,0.07739425562859088
32.300000000000004,0.22830289290116515,0.049250767793845907,0.32133021025174696,0.2042158598119694,0.07165181562269868
32.35,0.23628937615685136,0.05320112495079735,0.3293994767880321,0.20129137692334056,0.0731189177483867
32.4,0.24244175085089834,0.05936164048960907,0.3319666676820551,0.21782618736784082,0.07138899895453178
32.45,0.2557781444006353,0.062152894871239026,0.3319205950396262,0.21654815274264516,0.06882932497321302
32.5,0.2645198657826941,0.06540154646858914,0.3381902067890957,0.21944104837213813,0.06877039604571755
32.550000000000004,0.27052833236014084,0.0648187367072221,0.33785001638517037,0.21816184890718074,0.06230213664719932
32.6,0.2720440238497175,0.06910920396779169,0.33845224521319517,0.21828750853724,0.06657774917146575
32.65,0.28705176192384274,0.07525421683556548,0.34772028159383067,0.22814436737016647,0.06935292651816045
32.7,0.28408256098945817,0.08574903057525009,0.35345022339605026,0.2144491017625218,0.09416989830004657
32.75,0.2907994213669649,0.0870501260419468,0.3635953740850794,0.2247925788808879,0.11719751993187191
32.800000000000004,0.290641688393693,0.08209795334862156,0.37066881543264407,0.21979586311657398,0.129367315554483
32.85,0.29546561883756306,0.07194471291347385,0.3634681390568199,0.22526569770868704,0.1352999164523416
32.9,0.30139966772711824,0.07205823594700424,0.3648221228531019,0.22402672866369103,0.12897011116105803
32.95,0.30384249584713185,0.08176254089710204,0.37085269998230286,0.2183279161481887,0.1434198685696989
33.0,0.30712164267404396,0.08626451664449374,0.3752427689483595,0.2221446215830708,0.15300310647096613
33.050000000000004,0.311416898375111,0.08735225446852111,0.3750491090643789,0.2205265031194606,0.1648676928027636
33.1,0.3131047729892804,0.09313189303863596,0.37825018590603976,0.21590260555783944,0.16069661395799242
33.15,0.31186864519254176,0.09374915349334124,0.37320756386951903,0.22803690366406498,0.16618218740666238
33.2,0.30564002543519403,0.09211703856128674,0.37142458488658964,0.21985774894120674,0.17088037054349406
33.25,0.31090926713442174,0.08947779741001274,0.36929812224325675,0.22033190359884086,0.1640882836452769
33.300000000000004,0.3101156188482169,0.09954574749872205,0.37260819800689754,0.2243195871544912,0.15563732839577227
33.35,0.30881753710147264,0.10125190113294272,0.3675475519746338,0.226188005475449,0.143167958566957
33.4,0.30852822139114316,0.10523473286647102,0.3662007792848788,0.22254210841037447,0.1315363182269393
33.45,0.31946134023402634,0.1039008372778051,0.36204705947168814,0.2290911100429267,0.1416676297350726
33.5,0.3229596564572363,0.10475303919468498,0.3577699189803319,0.22066487726856918,0.1476904178879915
33.550000000000004,0.3278221213473699,0.10107687823823448,0.3624767573567849,0.21764373316156832,0.14307208558075973
33.6,0.33773525917668495,0.1063657113277038,0.35615146857405755,0.21772837227360337,0.15409054497824268
33.65,0.3314430843966737,0.10464820157679398,0.3588167935556444,0.2208006217330836,0.15927315774342252
33.7,0.3299472665416582,0.10566452097184428,0.34586235090483824,0.22053161812383829,0.16193750408699026
33.75,0.330307406725159,0.10218964342046864,0.34579649411363944,0.2160207743432488,0.16276303880106668
33.800000000000004,0.33161971911336097,0.10491345686756204,0.33821555614927884,0.21748920440651304,0.17882035823539225
33.85,0.33232296643581755,0.10168006528629589,0.32599823036394937,0.21336068494146482,0.17611207848533184
33.9,0.3286858324737856,0.10031858451783555,0.3191672933637536,0.2183332513997505,0.17287872737517487
33.95,0.3232830392527953,0.09501607947581511,0.30452140030049435,0.2153983947932653,0.1906330361112501
34.0,0.32302211052104296,0.09042195555891835,0.30329325348705877,0.20885628611669693,0.1990203403230296
34.050000000000004,0.31274177726423297,0.07963598064892326,0.29340392013124555,0.20617359112409733,0.20484739108343059
34.1,0.3128626693654277,0.07276809846631699,0.2874576111632862,0.2007636001011802,0.19890829149658573
34.15,0.30943877501617495,0.07151747159069605,0.27627226803337257,0.1913561784801165,0.20460244554088994
34.2,0.3050898708917058,0.06352582581308874,0.2737915464719189,0.19962974087004173,0.20721019016027997
34.25,0.3076431784847783,0.06382374951534434,0.26621894070411,0.19261972648273462,0.21208114038114032
34.300000000000004,0.3060104625925096,0.06056802817297788,0.2520232748076356,0.18987396570764728,0.21347708951890584
34.35,0.29204439800519777,0.06584585111033461,0.24649242545290634,0.18337799017017964,0.21170272122321365
34.4,0.2930821748529731,0.06321334517048635,0.24437524463335672,0.18381776111313342,0.21957625439741443
34.45,0.2893492662721897,0.05465024938664164,0.23094180544355922,0.19828300075580083,0.22039933580488386
34.5,0.2884038915815448,0.05340119017120513,0.21826592654360413,0.19443233843477473,0.22679271395990383
34.550000000000004,0.28556467983111583,0.05363240178327939,0.20747590526304946,0.18846585454731596,0.2255017631540557
34.6,0.2788413944719382,0.04615763943119777,0.20014815681732512,0.18351623340650436,0.2234735613965791
34.65,0.27329873898082047,0.04790165142009847,0.198101133868437,0.18868324179536036,0.21534770514629556
34.7,0.27897331675455544,0.04333467281806953,0.19423609774421716,0.1898737940171967,0.21363131962790505
34.75,0.28100746678581073,0.04060980697301419,0.18551796806698448,0.186464362453556,0.22049327601467242
34.800000000000004,0.27800838129878064,0.03754288482833382,0.17283235269187716,0.19192539742926237,0.2187731771611306
34.85,0.27489978637819534,0.03712863437812934,0.17218964179052462,0.17997429373592536,0.22582855172741287
34.9,0.2710158133158996,0.040230338571391036,0.16366201545469738,0.1927503550032273,0.2290488393447469
34.95,0.26058526898277423,0.04380286840501736,0.15734067549682315,0.188345680207495,0.22164082438792734
35.0,0.2539854868539805,0.05250787226416211,0.1561459539122391,0.18603997202396821,0.22259989473275257
35.050000000000004,0.24274726733063437,0.048835830363039394,0.14613396187328298,0.18456099547646782,0.2192362893284916
35.1,0.23168912040714543,0.04650002630718383,0.13504947130666187,0.1960655232515497,0.23061712378619456
35.15,0.22784857749652254,0.050888978095082096,0.12638618125376305,0.19912829229010767,0.23969424074665333
35.2,0.21920182362557944,0.04217792665152238,0.11542768824157626,0.19211279890220623,0.2462948372080204
35.25,0.21663814267471787,0.04405712907555281,0.10610075766143036,0.19220265275569895,0.24903582775858135
35.300000000000004,0.21257622107442337,0.03879361771659253,0.09383906404452332,0.19547106131675582,0.23367483704540387
35.35,0.20309243839989247,0.03223784016934167,0.08592983329772677,0.1946653381922137,0.23435413257240392
35.4,0.2047478084979279,0.03403118803678458,0.07334668592903057,0.19813505299263295,0.23344011779862808
35.45,0.20091076006093744,0.03793983834107756,0.06438260428327058,0.20611057822229992,0.23709150356688768
35.5,0.18569253150450304,0.0423072943123129,0.05785827244461623,0.19606076341979503,0.23329902257715268
35.550000000000004,0.1801324647783422,0.04252505035814125,0.04662619731694789,0.1972085054412867,0.24500514978177398
35.6,0.16865352285543211,0.0412757559533452,0.03964822438841578,0.19070517844019402,0.23830181539826228
35.65,0.15939777593941792,0.05163961986112526,0.0337057256312804,0.1758315581294483,0.23025890920223746
35.7,0.1572637175196165,0.053486533591260384,0.03603401580532799,0.17649007770260666,0.23326958827534072
35.75,0.16105873326643932,0.0642612553844114,0.05123746713647205,0.19009494125076692,0.2382700756084498
35.800000000000004,0.15582031566341992,0.07197851020636162,0.05683103306770672,0.19911805906084062,0.2522330875671554
35.85,0.14414168402341868,0.08103600250637254,0.06246381497113478,0.1966796136713607,0.26970549346931405
35.9,0.14397932202070016,0.08312751601317293,0.07649248531188851,0.20876958963405595,0.28094658603480654
35.95,0.13040954094580218,0.09694587558815634,0.09046906875290738,0.20961364352751868,0.2907707482388945
36.0,0.12334001145229648,0.1043266608659024,0.10554513866914361,0.21816757137637466,0.29607106930392224
36.050000000000004,0.11138011259263475,0.11626115785497496,0.11327201625678228,0.23092473272159272,0.30706842982835975
36.1,0.1074186484526826,0.11301988714262108,0.12004650888789396,0.23678958149107118,0.3133461604888942
36.15,0.10541381377433932,0.11877929507138958,0.12248945546577637,0.24703976966588223,0.3260830282075709
36.2,0.09892159697685296,0.11607506781607199,0.13377229674338428,0.25443330488802846,0.33293077654673175
36.25,0.08650030067699316,0.1218234166180443,0.1474087598953139,0.25221347855871296,0.33487206941811637
36.300000000000004,0.08536438640363932,0.12219009899318661,0.14812810461442183,0.2537278625906687,0.31877131296626665
36.35,0.08265979999023908,0.12626276596753974,0.16394933490955074,0.2431703756204495,0.3220582540137076
36.4,0.07580651147639961,0.12683125707539353,0.17248550513673755,0.24522619575168608,0.31984599320979007
36.45,0.0685100924175667,0.13136974356866207,0.18752648864650043,0.2508204715234593,0.3176036571957016
36.5,0.06830678621911167,0.14335987291813707,0.20212229464319545,0.2544262455235369,0.328911275864912
36.550000000000004,0.06193441498804554,0.15277605913193168,0.21979856583049406,0.2514503776363708,0.34240317129283804
36.6,0.06167419140581043,0.16941788422183165,0.23523658327346147,0.26313411049319635,0.358405107383907
36.65,0.05763631573606756,0.1669558256281436,0.24852924199035833,0.2728624786115196,0.3711798421558333
36.7,0.0579657202883255,0.17638521916712502,0.26490878990435124,0.2701112100407383,0.3771369339895768
36.75,0.061006856576673305,0.1922521408623329,0.2732324443400283,0.28031787284353316,0.38582265136889127
36.800000000000004,0.06075992806312973,0.20170416587256274,0.28270979433305005,0.28863262160960523,0.3973273547907369
36.85,0.053047086988018174,0.20343088653234473,0.2870027532561115,0.29543061703107293,0.3976556271646767
36.9,0.053910138907058994,0.21661993980353647,0.29543992338734953,0.2967180455034349,0.4024660306745847
36.95,0.057311961903145615,0.22164846959738876,0.30341843123740975,0.29774083063006496,0.4118825272541106
37.0,0.06097061862309714,0.21978547464185635,0.3177040108610216,0.2989698426157485,0.4084399695126564
37.050000000000004,0.061159470229713096,0.22712003350604434,0.3203691753735715,0.30153220413175247,0.41513993969967344
37.1,0.07174565643134495,0.2219158354368565,0.3256203874481974,0.3095959292299819,0.42442610804240927
37.15,0.08197957278924424,0.2229280390988882,0.3256255240911762,0.30398002351577463,0.42033260238349185
37.2,0.08514434697827516,0.2299974636708984,0.32816743925612707,0.29265687637413745,0.4148189264107769
37.25,0.09602778067922936,0.23038325959993106,0.3393302750753454,0.29016205031062364,0.40422883212242583
37.300000000000004,0.10065770198964177,0.23778442492219828,0.3461416408144269,0.2862980507630515,0.4049309022693973
37.35,0.10491126125225443,0.24566985706445324,0.35250047859072375,0.2988396960851608,0.3967480194589225
37.4,0.11425739198892504,0.24832994954309556,0.3609674556609201,0.3028166109360873,0.4104337465829701
37.45,0.12966433715455417,0.2518869089474541,0.36622181974986207,0.3123454907397243,0.41777974178403954
37.5,0.1305365389209383,0.2558528677235454,0.37320588170476815,0.3172812443275658,0.4203529495993289
37.550000000000004,0.13954276395823523,0.25560571985957153,0.3860507680208751,0.3174535573969782,0.4182352285312886
37.6,0.14133185246231178,0.25629291954528244,0.3959666745034144,0.3155615364439347,0.41547317010306856
37.65,0.14345502149014755,0.2589948185484936,0.4031043289964781,0.312723639116313,0.42469550270218387
37.7,0.14631683315672964,0.27247251016149693,0.40272419576060925,0.31909161918422835,0.42666069317111616
37.75,0.148896515223743,0.2635168826984135,0.4103741398870811,0.3260647875849937,0.4281919837802897
37.800000000000004,0.1605824889711906,0.27184243347702497,0.4204580520424361,0.32811837749505485,0.4370950219817464
37.85,0.16891938006381937,0.27282016564926204,0.42924343734003323,0.3349671851932941,0.4454379547572775
37.9,0.1779539323969848,0.27534193802007717,0.43332621513762115,0.32883692860989966,0.4393997756184063
37.95,0.18145570914086204,0.27320388805441276,0.4356852840489255,0.3364454223909233,0.4466247931488805
38.0,0.18616827767087638,0.27630822894977985,0.43891968021763444,0.34157610007433176,0.4534880362811251
38.050000000000004,0.19229704396092992,0.28449746754924654,0.4399627035538802,0.3400535699276375,0.4539270824420686
38.1,0.1930105187586696,0.2835837674523242,0.43792486719203105,0.34814908557665103,0.4579617140885341
38.15,0.2003260148979018,0.2772567168909062,0.44097616325934674,0.3511694664865988,0.4574511896972108
38.2,0.20460784907631677,0.2762422946386902,0.4453734133589067,0.34116203229001846,0.45004973211988436
38.25,0.21070859864679203,0.2798857707108369,0.4416559114316051,0.33698653017701524,0.4585380035759155
38.300000000000004,0.2080118794883321,0.2723294054072543,0.4401185753011775,0.33249870076919835,0.4636812111898102
38.35,0.21310447717034767,0.27494699264006717,0.44354468575379796,0.3326454103301985,0.4563001250529592
38.400000000000006,0.21838209941005596,0.2653649675610777,0.4427184661023427,0.3326831235136914,0.4638255307644755
38.45,0.2188934053586699,0.25714788164373187,0.4428586653501837,0.3205470984718941,0.4653474228371337
38.5,0.21677701219238282,0.2588707658376845,0.436560005996947,0.3252774490619606,0.4652095266511493
38.550000000000004,0.21330361393109662,0.25772061103332733,0.4293402712081729,0.32494860539304365,0.4596256615279851
38.6,0.20927887476826224,0.25858240667360344,0.43470195669618944,0.31062038744805187,0.4587292055235796
38.650000000000006,0.21454533134258436,0.24985743135082247,0.43094168210207207,0.31901388875555176,0.4574234649111483
38.7,0.21755776478104313,0.24974963828645055,0.42857228818725657,0.31662194596633103,0.4597593260823554
38.75,0.21639709176188093,0.24834102068726124,0.4243316415851749,0.3234634943174136,0.45580223048476454
38.800000000000004,0.2188285627118597,0.2472539489152606,0.41850214060704094,0.3096194185338311,0.4536806879563007
38.85,0.2178706074187784,0.23665532580687162,0.4156232687910104,0.3011769062724222,0.4467326666182466
38.900000000000006,0.22347884478491634,0.22409841296002903,0.41554637981505627,0.3069419566559949,0.4498809674966866
38.95,0.22877306620974155,0.22941851921613926,0.41089613353969845,0.2992789378333883,0.43933683005519364
39.0,0.22408126681242121,0.21733736041434826,0.4024699492435929,0.3060561664523122,0.4416762135480174
39.050000000000004,0.22569302318025047,0.21220387158721962,0.40023696887886784,0.29278136586444437,0.43754844120004543
39.1,0.22799625188069594,0.20746937090292644,0.39865591965402386,0.3034256499936417,0.4415773000608948
39.150000000000006,0.2320861983738751,0.21311108200091755,0.396822885098895,0.2964532005727086,0.44233718159685614
39.2,0.23226606115969284,0.20657673481275501,0.3923312622781454,0.2963755475573225,0.4422209135751883
39.25,0.23310647254460437,0.2020736972648577,0.3878609683548043,0.2978247647034707,0.44439108270199945
39.300000000000004,0.23142123786606691,0.20145360029179646,0.37829455116225685,0.30161455780408813,0.44539513042328244
39.35,0.22809411223203246,0.19581877621825675,0.37576139613474047,0.29869906557260006,0.439691982197387
39.400000000000006,0.22568475663577678,0.20299063294816913,0.372592150080396,0.29837443638188343,0.44076222551672906
39.45,0.22381304761409007,0.19830543411378096,0.3668559543111504,0.30205898182869545,0.4371962765582373
39.5,0.21786241611962653,0.20094688569857797,0.3571775771506856,0.2929353246648074,0.4387323946745899
39.550000000000004,0.2152544598074611,0.20226271419022301,0.3469310617887563,0.2920896426248166,0.4314552706391681
39.6,0.20708254004174184,0.21023795507945867,0.33612192111272265,0.28390619168381115,0.421348499883889
39.650000000000006,0.20672341705430336,0.19568012217414554,0.3276713050023001,0.28066128388793554,0.4169442845986022
39.7,0.2082666431310558,0.19585577099168958,0.3211150928919976,0.27598329919011494,0.41203989922784784
39.75,0.19953363459881684,0.18661127926033835,0.30944619416819763,0.2771010604498305,0.41927682480321454
39.800000000000004,0.2006973058753962,0.18727551123914127,0.29726745033207114,0.2769664783648671,0.41687744915443364
39.85,0.20662714254942355,0.18965308874684397,0.2928328625054142,0.267888977981307,0.41519540826761364
39.900000000000006,0.20135586531656982,0.1863157923706866,0.28197548789941723,0.2661296041618759,0.41573521221842036
39.95,0.19729735614217794,0.19025667121624906,0.2818573058437708,0.26966532583515274,0.41730532714200774
40.0,0.19376150773330653,0.19594071506921168,0.27361102431681467,0.2756765850750807,0.41587581605226015
40.050000000000004,0.19165887999810416,0.20034336973757733,0.2729960850787546,0.2733194646749509,0.4126532510421106
40.1,0.18252032824205774,0.1959722892972661,0.2719872359881585,0.27859007777614003,0.4139472092190887
40.150000000000006,0.18041864981289987,0.20143161285454741,0.2686574067149405,0.2731002687939537,0.418657842649351
40.2,0.1728668197429991,0.20566400025899384,0.26229379207409714,0.285550598557376,0.4282527966147413
40.25,0.1690643566956944,0.20804455344444137,0.249289954194853,0.2867860809498159,0.4295990547993028
40.300000000000004,0.15859664334352436,0.2048034919078309,0.23717450109986382,0.29573309881844745,0.4351573335097548
40.35,0.15404321748439914,0.21122267350249707,0.23320210750488343,0.2819392437243812,0.4370929641435918
40.400000000000006,0.14808748372864128,0.21766120476387202,0.22012967070377665,0.2891095002756337,0.42821861673644973
40.45,0.14101329198058302,0.21152566503848444,0.2177875712732216,0.2890324213069059,0.4264339917734689
40.5,0.1419737854658851,0.20761761847478738,0.20576202996903134,0.28399800653406315,0.43249001612096355
40.550000000000004,0.1387753971615269,0.20109582802409318,0.19874831514108776,0.27995462167053475,0.45048785413633124
40.6,0.14389438673367563,0.19830693520238168,0.19474201488669116,0.28726824390548417,0.4489318129875009
40.650000000000006,0.14108468555244663,0.1998441638458905,0.17958173693835114,0.28494754432363095,0.44661657910758107
40.7,0.14217460081703043,0.20040275265236154,0.17034367899439287,0.2808499577682168,0.44064370160195016
40.75,0.13706738959530385,0.19729211372398162,0.15468428655724087,0.27595494921108366,0.43211252706482045
40.800000000000004,0.13535687500409474,0.1936357877178129,0.14573722151893728,0.2691142350002647,0.43277622855213443
40.85,0.13085205218012724,0.19303466972741673,0.139886148313251,0.2644099534512369,0.42259847417629964
40.900000000000006,0.12071854738284796,0.18735484251557954,0.12700619908910546,0.27435442913768543,0.4115389784053556
40.95,0.11959658812531881,0.18258745485949707,0.12313948276977084,0.27532204351876755,0.413021498156863
41.0,0.10912298446804612,0.1825025930331307,0.11539962505641814,0.27227994848593984,0.41302156571059034
41.050000000000004,0.11235319608838591,0.17883783693091976,0.1037867781261324,0.26962707527453705,0.41496923360149407
41.1,0.09886617726161323,0.17719315725080326,0.09895045223366672,0.2604421123046878,0.4136083945192908
41.150000000000006,0.09594223155820031,0.16984029358887792,0.08159436150741863,0.25560107878806165,0.40520096205942785
41.2,0.0928691400346198,0.16523365115139182,0.07691392065865009,0.25236603298736077,0.3988354445445432
41.25,0.09212918460794743,0.16607044189515197,0.07586491471079987,0.25465339056959263,0.39747985727546953
41.300000000000004,0.09168219388197628,0.1685512510165731,0.061474716277053885,0.25317550725198174,0.3940111790947254
41.35,0.08444666985912254,0.1871049494369093,0.05439676883095515,0.2563011804076933,0.38854600199592104
41.400000000000006,0.07951461929033156,0.18271964796853368,0.05191509990339253,0.26029254720841594,0.3845186012783635
41.45,0.08237514019756033,0.17988458678437802,0.0476804172986454,0.2648455563202491,0.38913848099390225
41.5,0.07357838366878408,0.1856330808234634,0.03691436550825083,0.2609869724558404,0.3950440284152625
41.550000000000004,0.06382036541593987,0.1769172941446579,0.0341673320201066,0.2545374212144575,0.39419658967064136
41.6,0.054993499742894233,0.18253415760878064,0.03154788787675249,0.2513050905586428,0.3810892042389024
41.650000000000006,0.04370548997839947,0.18380434310342092,0.028851985552214177,0.2524839660853854,0.36569303036734485
41.7,0.04454832680006693,0.18029427449684005,0.02840099080353155,0.24523840359269727,0.35491780133838563
41.75,0.04174637687426821,0.16653555332322392,0.03416717749479621,0.24164246002570114,0.3421102774592512
41.800000000000004,0.03882387080169924,0.16778910420627172,0.03593629187233563,0.23736849462278756,0.33472206708924335
41.85,0.03878454744239956,0.16972267995173096,0.036923963736415225,0.2318611643047271,0.3363631816033031
41.900000000000006,0.033205096755799066,0.16463182617923694,0.044094984916665636,0.24196591623372574,0.3331115709601694
41.95,0.01992567462788457,0.1598508830311708,0.05128909487837451,0.24103509577701018,0.3260298510866291
42.0,0.011576324064060237,0.15670114665111762,0.05133094841083372,0.2447213936337567,0.31785154791506154
42.050000000000004,0.004773362968560305,0.16054432393962326,0.05909179071588525,0.246702521896876,0.31317682173384387
42.1,0.006298599876316542,0.1606870845309455,0.0753178160768871,0.24870297776234473,0.3153841872949234
42.150000000000006,0.009750786800182425,0.16183637681263782,0.08570664205215217,0.24538291463782766,0.32000367175561995
42.2,0.014000306630022517,0.17054001598992843,0.09067727917880918,0.24582810229781196,0.3243500516560025
42.25,0.01653402969611326,0.1734027398894059,0.09781597464765944,0.2548904326618531,0.33212279930646504
42.300000000000004,0.02398567583056152,0.17409339452880201,0.1067787546384704,0.25381333744901635,0.3436049204669476
42.35,0.028420425382523224,0.17370225228229846,0.11751365846764922,0.2651349459160743,0.3466513638539734
42.400000000000006,0.039069055090520284,0.17508496621683106,0.12454116239657731,0.26323958118293156,0.34933108677066366
42.45,0.04163229961989914,0.1828198963125808,0.1335514942420026,0.2559540832113062,0.3500216382492064
42.5,0.04551191584684598,0.18797349373467243,0.144578027977796,0.27182456709880964,0.3454804327041917
42.550000000000004,0.0496225323021989,0.19220444569672945,0.15535082734827957,0.2790241876404491,0.3479038978930468
42.6,0.06000787670199504,0.19866519360131446,0.15725711892849265,0.2952237566443738,0.3329721504918134
42.650000000000006,0.07233746742320318,0.20643249334534167,0.16425104530502466,0.29400554204289603,0.33448743749866505
42.7,0.07832338340407122,0.21244843503692554,0.18308950969355187,0.2955873776907638,0.3306605354384365
42.75,0.08561077532775334,0.20466584740874444,0.18758683655917768,0.29387050232748746,0.32991396045258703
42.800000000000004,0.09221916441706876,0.20213483766544307,0.19749669073080814,0.2850777095193629,0.31493776400584
42.85,0.10220292992260734,0.20263420662039508,0.20160205470653716,0.28806498348479803,0.30571979787500647
42.900000000000006,0.1089302332218316,0.1989545440018117,0.20296664481888355,0.28369501978274075,0.3080517819415705
42.95,0.1158500264935027,0.1901923724005069,0.2134597804972901,0.28168515076345707,0.30211282367208386
43.0,0.1213332566273908,0.19169967159399096,0.21338394985674636,0.2714025245339833,0.3029598182391068
43.050000000000004,0.1257396499005133,0.1924066977590599,0.2264282194192014,0.2726354363201448,0.2951423111780544
43.1,0.12679434831244699,0.1912369941705312,0.23270272143470494,0.27727590354019327,0.2867876451562021
43.150000000000006,0.1228520536979881,0.190421149237195,0.22415524617256102,0.27231240173583854,0.2848262306388318
43.2,0.12723697201965348,0.19022888465110718,0.23719076172559062,0.27948655214830354,0.26706301019171785
43.25,0.13251673325471985,0.18592740986972695,0.24489805397221787,0.27229067560957554,0.2500793696365871
43.300000000000004,0.13348898836675924,0.18984045231621824,0.2559404898413232,0.2691525440987069,0.23903882802752077
43.35,0.12874977792355594,0.18403519366837928,0.25576337195781124,0.27494031299373856,0.2365295443643722
43.400000000000006,0.12564061745637287,0.17933778238774886,0.2534794355451492,0.2743069609525939,0.23995329322886233
43.45,0.12547547958155442,0.18136111033414404,0.2605187690114258,0.2706300308942484,0.2448966445386069
43.5,0.1248302600515591,0.17708202244314547,0.25980452569371515,0.27606461972813917,0.23542022206272023
43.550000000000004,0.12551760182833827,0.18084316243194737,0.2571986098129161,0.2798065253838579,0.23735615049229372
43.6,0.12627405015805984,0.17554764685895133,0.2756636225473285,0.26974019606834,0.21674093028155506
43.650000000000006,0.12334033440766312,0.17342146214583065,0.2770936198754895,0.2698460081061245,0.2094393085732365
43.7,0.12268983163322461,0.16497648683514166,0.28294075645695443,0.2659688114827014,0.2028354125423808
43.75,0.12404497765243161,0.16881293542449266,0.2862186513994109,0.2715081737778356,0.19762705691677668
43.800000000000004,0.12982666122594655,0.1702839793061262,0.29345132957969233,0.26787904961816267,0.18700887403319713
43.85,0.13166927052475888,0.17060448580027576,0.29882560570869476,0.2720718392457791,0.18433325660191738
43.900000000000006,0.1324435579088473,0.16819563542665045,0.3009217091947872,0.27221643284807545,0.18760661609897636
43.95,0.1316256180233588,0.16421007093425583,0.2991276899939314,0.2704302776862026,0.1845949065932582
44.0,0.12894841556768655,0.1699013170634855,0.3108399550387342,0.2681058067212926,0.18169568634989022
44.050000000000004,0.12801832799199964,0.16270729229628053,0.31671799931296296,0.27103727809879863,0.18158258565456212
44.1,0.12628604984367262,0.16050596527667632,0.3210791638448628,0.2733963745419114,0.18066172347127682
44.150000000000006,0.13213742047995036,0.1551856982139091,0.32395125297121635,0.2693922445949021,0.16330620577881352
44.2,0.13176061844529502,0.1577913788755852,0.3273862889714542,0.2738218187514533,0.160385871157677
44.25,0.12858378349088703,0.15647917573240586,0.3213512472381645,0.26962496045731366,0.16134074405576435
44.300000000000004,0.1306295738346145,0.154168878223341,0.32614476222169186,0.267876551556814,0.16835157992342373
44.35,0.1285034288627067,0.15206028140412572,0.32701110796696825,0.26673478424598773,0.1706121786413346
44.400000000000006,0.12567636254741363,0.14686238581316835,0.33117652959019667,0.2544892107980182,0.1788327529301991
44.45,0.1303403282173878,0.148556594057717,0.33531775591570234,0.261317168699172,0.1746756599494191
44.5,0.12980890405717316,0.15020610898673453,0.34008975354987436,0.26871778084131337,0.16762040147734006
44.550000000000004,0.13080684098877055,0.14419586648241609,0.34014958527547856,0.27545859259217614,0.1625654361480126
44.6,0.13193498251275101,0.14511940737960619,0.3362337054935932,0.2731718769571849,0.1623021770568335
44.650000000000006,0.14066331964622658,0.1447861758050272,0.33495658286731933,0.2686575824408102,0.1510725724196653
44.7,0.140495224120065,0.1406495665685587,0.33394494769292477,0.2630054070669835,0.14514569153210066
44.75,0.1472224166752766,0.131048131663132,0.3402449353647842,0.25331273039127006,0.14988806014353234
44.800000000000004,0.1577502590357617,0.13405312788401705,0.33021753916987145,0.2569418912311178,0.14695980246017123
44.85,0.1592057604750854,0.1316181061086996,0.33907594417806336,0.2444879176408755,0.15091020829457033
44.900000000000006,0.15775356837910126,0.13109123363700353,0.3407564403504038,0.24890208105190414,0.15821303709202206
44.95,0.151710037278501,0.131726881566974,0.34146253010940036,0.2487260658356717,0.1585181062414326
45.0,0.1489538410916085,0.12488741753776691,0.34818926943815803,0.2572024882512682,0.15641224169998894
45.050000000000004,0.15018275623342714,0.12506829265866623,0.3524409373594526,0.2570001973048544,0.15664901407980256
45.1,0.1492732708055577,0.12699954258932086,0.34779727262048754,0.25466791225249064,0.15897828944078152
45.150000000000006,0.15423491989387025,0.12506230074999503,0.3457844592492228,0.2523513852862975,0.151592075373003
45.2,0.16382357214325635,0.12916753887958873,0.3425487851429305,0.24448034096348034,0.15872969021638159
45.25,0.16049349830439585,0.11996281092851536,0.34582821309012585,0.24920136547652294,0.15619279050976173
45.300000000000004,0.16342685998253925,0.12034248903417061,0.3482204300231908,0.2444315825952567,0.1568678694762209
45.35,0.1566104447936454,0.11775113870832243,0.3506998354939232,0.25103203062501145,0.16381553636363103
45.400000000000006,0.15232544239408072,0.12323829274589633,0.34522364231139735,0.2501287374678536,0.15195233525291987
45.45,0.15335074162902834,0.12691747152528066,0.3442818344080216,0.2555063591197968,0.15964492920857729
45.5,0.14892118540175941,0.12885597910526245,0.34191003512263063,0.258629405842395,0.15790361291333083
45.550000000000004,0.14881234504558707,0.12235143136796507,0.3405383361000664,0.2652095377672999,0.15494438670004326
45.6,0.15177445489286656,0.12558768957125635,0.33419790155626455,0.25981044652294455,0.1561593480603674
45.650000000000006,0.1535001027953143,0.12228331902479256,0.33086260005467505,0.2609462317536332,0.15117904427081996
45.7,0.15366993065907533,0.11035819732066343,0.32597941356275184,0.25226344331564404,0.16367452028690266
45.75,0.15457392360101344,0.11254480795143863,0.3264957308765485,0.24291707031494172,0.1580387791114064
45.800000000000004,0.14982657019239998,0.10282703161336158,0.328112759282875,0.24585876199616793,0.14800187819611674
45.85,0.14188855669146785,0.10079731987646834,0.32638596456497126,0.2485393187127674,0.15342664251832355
45.900000000000006,0.13854620105146617,0.10531558934294656,0.3294081010432608,0.24575696918800927,0.1552689094555592
45.95,0.1350197642107984,0.10045863183299868,0.3395850523398191,0.2563708904610482,0.1627205645521749
46.0,0.13797789501686977,0.10566095803753622,0.3349447451374675,0.25625002345099096,0.17274936671610455
46.050000000000004,0.1366767922650872,0.10374474579761236,0.34398348035446186,0.2524101442843457,0.17186866361991146
46.1,0.13682317292503354,0.10988899506301963,0.33902953164779004,0.2597325632787512,0.17434280627382984
46.150000000000006,0.1413109164044418,0.11442627281044303,0.3379060419964505,0.2552743216412131,0.17383192266054903
46.2,0.14107572069739896,0.10824633353995317,0.33120580106038816,0.2603882137245346,0.17777587863775596
46.25,0.13389287466541389,0.10758824905104887,0.32929540830595094,0.26382799614079677,0.17138987086481797
46.300000000000004,0.13838215876292898,0.10944877386647524,0.3186175876384731,0.2627463283392501,0.15105466220356023
46.35,0.138975895011526,0.11157316591444787,0.3106935953119609,0.2605336067510127,0.14291347468012064
46.400000000000006,0.1466013668019227,0.09970945489362068,0.30614423195352786,0.26389486931938155,0.14136004291259557
46.45,0.1439282508951814,0.10477630729642408,0.29914868423628793,0.2561042366374011,0.14007568929691322
46.5,0.14706113895383285,0.10411124495471438,0.2872220854917242,0.25469956140734024,0.1454809867241366
46.550000000000004,0.1521787461967595,0.0993989793484825,0.2732328853598858,0.25166710746157267,0.13224660481420833
46.6,0.15286009115647317,0.08910943850319333,0.2685113882243784,0.25579577819011556,0.12333141600368584
46.650000000000006,0.15535269777019065,0.09332316335278619,0.2667217747928921,0.24923703910036377,0.116362645259012
46.7,0.15498010641078722,0.09106981695922706,0.2667349976159819,0.24392640358312342,0.11003402113173014
46.75,0.1553971511043808,0.09446848702302839,0.26289078013499556,0.2436992277989533,0.1203364568102218
46.800000000000004,0.15173029487698936,0.10297850256981887,0.25406440762094373,0.2541037063777086,0.11872041132340039
46.85,0.15041648636750507,0.11018925359027716,0.24454159909774723,0.24916342116934803,0.113442532173241
46.900000000000006,0.14829713334974748,0.10731913908825248,0.23882088595766124,0.25660655554252204,0.10908711504499961
46.95,0.1533077421711452,0.11246615038729754,0.23295682011892885,0.2637757997902026,0.1112986174149226
47.0,0.15557506479630936,0.11789616666530704,0.23079890546288626,0.2561493571912918,0.1055372535131514
47.050000000000004,0.15378971050018794,0.10821917915740192,0.22782742063730266,0.2665603715925676,0.09755995142924617
47.1,0.15777242810033107,0.11316067322786343,0.2224515292503882,0.26069359686937743,0.09538624827880014
47.150000000000006,0.1584978298285653,0.10989313722670711,0.21089195094972998,0.26190186455017006,0.0841236545739077
47.2,0.15655254362748633,0.11266224344621673,0.20161111762248093,0.2633282512483892,0.06693622810801624
47.25,0.15509944867129516,0.10804927408906377,0.19585869666022035,0.2705253119972987,0.06072469443137969
47.300000000000004,0.15471359868911413,0.10930326438598971,0.1963180411447571,0.2720250629058627,0.07051282437776885
47.35,0.1589616113428529,0.11642826657101532,0.18825318552878992,0.26982876158899716,0.07108325167967057
47.400000000000006,0.15295432236854575,0.11887492020990274,0.1862608171420151,0.2765832728902428,0.07546958422806123
47.45,0.14847667835947637,0.11073920474086886,0.18672280868735552,0.2915154131354924,0.08555123909564882
47.5,0.14365006392141647,0.12088747089285151,0.17869607369429436,0.2826103661620916,0.09866351691911045
47.550000000000004,0.14916837985694578,0.11812597525495222,0.17466387129966382,0.28626169455976613,0.09960717266624496
47.6,0.15308738291120633,0.11533527926341582,0.17212411365450955,0.2853039889265596,0.09432466023657746
47.650000000000006,0.15696126124299498,0.11988769747258281,0.16503367004346034,0.2880722069978902,0.09844051228004304
47.7,0.15465697141121426,0.11788029761816606,0.15702072586057605,0.29758311942668214,0.10088886277900115
47.75,0.15903139778530773,0.1214137280844533,0.1506991319377125,0.29029158110194436,0.10921087955283448
47.800000000000004,0.16431263448329872,0.12256758737431014,0.14655480708237315,0.29645555578299854,0.1051563863633577
47.85,0.1672067175962778,0.12365623543571437,0.13790781482834696,0.28819165853156825,0.10899546560122676
47.900000000000006,0.16098063066854637,0.12131028857806357,0.1395919456171974,0.295212848530589,0.10284975794023676
47.95,0.1636746578282306,0.12397232459997633,0.12685372660802083,0.28421149662268347,0.10256559813481753
48.0,0.16462992262269843,0.11921897111332785,0.12263957281823674,0.2915050821082382,0.10486527140327134
48.050000000000004,0.16353316169953358,0.12967055724355447,0.11293060069183453,0.29543473508724966,0.10664606300085173
48.1,0.15997559810021353,0.13265450428494222,0.10628965632676045,0.30711145981782273,0.0960421211558707
48.150000000000006,0.16207902539952365,0.14648910051662967,0.09201144069912955,0.29999240119868337,0.08539159371559044
48.2,0.16657156919018784,0.14403831671135986,0.08941710817544637,0.30341022215932606,0.07599103932822247
48.25,0.15910148796259305,0.14264086544603552,0.08915118096517415,0.3117220045044393,0.07116180252256894
48.300000000000004,0.15590851796099814,0.14752556250073942,0.09185198097146284,0.31043393361473764,0.07709224487644052
48.35,0.1465906975734829,0.14218150763237927,0.09237561508797992,0.3126353549673921,0.08208211666338293
48.400000000000006,0.1430863632619036,0.14645508060181006,0.09371707260426523,0.3203763483308311,0.07902793120497686
48.45,0.14244717381340122,0.15478091506710798,0.08770023944489005,0.3252842616911869,0.0714894655088583
48.5,0.14318466340755903,0.15633140637984225,0.08748484249312076,0.33470693623072667,0.06299294035306441
48.550000000000004,0.13005543303145325,0.167780300985206,0.08624157841205926,0.34856892571404535,0.06611051883983535
48.6,0.1207107702296685,0.16358926501716867,0.08054087575441919,0.35546387414847835,0.0708864567895077
48.650000000000006,0.12059161282886967,0.16069723073499104,0.08320381262386292,0.35808282081645465,0.07546766610621292
48.7,0.11826336937533548,0.15804522425958478,0.08032998509720493,0.34996118094408046,0.06631652203656274
48.75,0.12073090937503675,0.1602527458391205,0.08780254267679641,0.3423198178828337,0.07765210657680094
48.800000000000004,0.11370383257878687,0.15208447480692838,0.09139518321809134,0.3433116654763601,0.07593296264608575
48.85,0.11693746769395436,0.15666580440050665,0.10099211161778289,0.34404876276668866,0.07699714721490192
48.900000000000006,0.10744609525653759,0.15845521176385496,0.10636002913031663,0.3573701744589718,0.07537069832342021
48.95,0.10539559868395898,0.15078645222406487,0.11500590358519881,0.3534644017396943,0.07456336584439106
49.0,0.09842049152280644,0.1469175455341366,0.11783018189252181,0.3538433749209136,0.07829470797514146
49.050000000000004,0.09504787302765703,0.1514238861770924,0.1195288020029179,0.3523006472821812,0.07442812435693717
49.1,0.09093029674622763,0.15656638822097116,0.12800591643410078,0.34664054165342806,0.07767850130237465
49.150000000000006,0.094746992765199,0.1540174031308877,0.13293316750357762,0.3524639416096551,0.07940537002407635
49.2,0.0859735802951646,0.15201652351593298,0.1466659255193423,0.3496516202162639,0.07300990148579078
49.25,0.07743014333461594,0.14649518778383772,0.1521919063870324,0.3378864352717117,0.06958111746655542
49.300000000000004,0.07535971022737675,0.145377533338494,0.16012111698800946,0.34017409891572775,0.0731927977938165
49.35,0.06598877924657806,0.15107648466650495,0.16177459453462384,0.33789301912521225,0.06839244938142387
49.400000000000006,0.058513475738058845,0.15702550736070195,0.17101453548622403,0.3353946610174645,0.07783980748268034
49.45,0.058217273073525984,0.1549284008255608,0.18199876940882034,0.3351513423076046,0.0692109109741439
49.5,0.05706204189072919,0.15041028649719795,0.1892266384918106,0.3281523141094115,0.06154352876429726
49.550000000000004,0.05115012250302808,0.1437271345731054,0.19737876983568892,0.32729550684488345,0.05966386456510336
49.6,0.056807465423425026,0.14642128037810143,0.20384476269173857,0.3300140177035226,0.06519778778943165
49.650000000000006,0.057174922932678535,0.14175320438145883,0.21114694328515737,0.33268339477267095,0.06733350128303697
49.7,0.051210871160002,0.1503571279409475,0.22084100290197783,0.33803678226345013,0.06875493896105826
49.75,0.04872741420129278,0.15777073261286487,0.22343762562886274,0.33866203358876973,0.0656151449410225
49.800000000000004,0.04673649466680795,0.16958319139591352,0.23011813484730706,0.33640144801625865,0.0594501854994164
49.85,0.04134925052917245,0.1658072748318141,0.23881492635509538,0.34146548986119496,0.06368919612512008
49.900000000000006,0.03678544137206211,0.1652956165642726,0.2492306452554758,0.3501732110847314,0.06130496272563678
49.95,0.038713962598769164,0.16524467530127024,0.2608111704818942,0.3516513809395003,0.06482599177615854
50.0,0.04049325142392453,0.16985798089984683,0.2707825818547236,0.35855661799366545,0.05801738867061088
50.050000000000004,0.038675140869396905,0.15926795679960695,0.2764862780304589,0.3614351675951967,0.05288322432892277
50.1,0.04000743441823484,0.15849082313592477,0.2807646447425912,0.3616592454029927,0.05531141479915898
50.150000000000006,0.03843128163545748,0.15702780242916606,0.2880782304405638,0.3576101794573743,0.053494380970426525
50.2,0.03758064376738835,0.15418527478411695,0.2880948298741041,0.3487489575317512,0.05900478127313369
50.25,0.03455790136933406,0.1521350171508957,0.29414298556247503,0.35527451594982273,0.05611264921012118
50.300000000000004,0.03432026778245086,0.15778952457369372,0.30004073193613445,0.34821457898701164,0.055997901434234554
50.35,0.04636066093933004,0.14987078586769087,0.3062108242342004,0.33888110950495315,0.053808870890109634
50.400000000000006,0.04936018186576748,0.1473639085643038,0.3183225175502691,0.3348563102854753,0.04869694605058994
50.45,0.05511649297164932,0.1474315240083715,0.332441502111966,0.3450932015609961,0.05445924543713509
50.5,0.056155724366248466,0.1418911157675236,0.3390917190000297,0.34670992030746417,0.06902725002525406
50.550000000000004,0.0598004304748342,0.13726724317894246,0.34732630374218426,0.34893608321376846,0.07698852678752315
50.6,0.06822465070760976,0.1409337805311835,0.35488853785006247,0.3436656546345987,0.08165262959442095
50.650000000000006,0.07119940047367329,0.13962260530930456,0.3626802459969098,0.35146373568430855,0.08888782188382438
50.7,0.0792433747707649,0.13762668100635772,0.3693169150155858,0.3498643902521279,0.10012130828952655
50.75,0.08078102125065964,0.1420345519306482,0.3864320582153858,0.34778388294666357,0.11583373149169143
50.800000000000004,0.08241431493282314,0.14246073209349316,0.3888391326871057,0.35184531798820606,0.13472746374841896
50.85,0.07975697015047917,0.14534053635471234,0.39639531999197686,0.34963021702325137,0.14572386114901315
50.900000000000006,0.08400942969493115,0.14422452804938493,0.4042163002333387,0.35270781510129684,0.14943396609671608
50.95,0.09173882452476864,0.1466919094533534,0.40545242424344635,0.34732779796497654,0.15867164444482051
51.0,0.10195562516892084,0.14568882671731198,0.40220396020917837,0.34553048398826197,0.16000993597456972
51.050000000000004,0.10359795778256929,0.13428495492736692,0.4047507510511371,0.3530612493088081,0.1620134873809169
51.1,0.11333134414563895,0.14369274417504688,0.4072568997547843,0.34774358881492623,0.16945707474722374
51.150000000000006,0.11422576927574046,0.15062727501859038,0.41299607468734195,0.3471275326803599,0.1628860959225207
51.2,0.11936461587873294,0.15239392641160837,0.41796758467404144,0.34843053825999815,0.1657976197857433
51.25,0.12337720840423745,0.15169547545670733,0.41769809184390766,0.35197101158792377,0.18084300569045264
51.300000000000004,0.12234689089540114,0.14855072371020467,0.42042577231957007,0.35473863837223596,0.1921758701710565
51.35,0.12616249194818513,0.14528238065054755,0.4124699159745294,0.35532795559314956,0.1869158772890715
51.400000000000006,0.13474333657442786,0.1514954285685033,0.4096230869659445,0.3444066102207792,0.18513841427047079
51.45,0.1422522504428726,0.13827266588201154,0.41527781128752894,0.345190780899768,0.1822537313520447
51.5,0.1518385614339296,0.14020853686548126,0.4222650168082058,0.34747387808554125,0.18475752797146525
51.550000000000004,0.15739716001698945,0.14264299381902076,0.41653713932934805,0.3457125411780034,0.2056026661033352
51.6,0.15564122208497316,0.13802678326684803,0.41390115026084545,0.3451582908409397,0.20001930764650203
51.650000000000006,0.1608311471089688,0.13633073769923196,0.4181240719572863,0.34329150055134194,0.18886841169751617
51.7,0.16320203406574968,0.140308223218257,0.4160092681880152,0.34189881816442835,0.19565434364409165
51.75,0.16764772991114832,0.13475602599840827,0.4240528430482056,0.3393040659804844,0.1854661638510276
51.800000000000004,0.17918957541251976,0.14003091328764672,0.4218406766786338,0.33680510980216516,0.18459533602369282
51.85,0.18807269405039,0.1406271238054159,0.4252810964601905,0.3357514040946021,0.1825945882703815
51.900000000000006,0.18703891541844717,0.14353181252315006,0.42837849022637053,0.3345440432499061,0.17851911068893114
51.95,0.19663365907979466,0.14343522649724644,0.4219529363607187,0.3395157043609857,0.1835084611219031
52.0,0.19408970000886067,0.14565341985360172,0.4210469257114146,0.3439016249782321,0.19487618642930385
52.050000000000004,0.1994140006007654,0.1516822195097858,0.41760165841026814,0.33561660731648774,0.20332415611836901
52.1,0.19937659423037654,0.157196127438188,0.42201626123358493,0.3397797857854356,0.2066363209677012
52.150000000000006,0.20045966925285583,0.15680148899536808,0.42257401715281184,0.34313139127240794,0.2081444082796174
52.2,0.20363956156726737,0.15665366190799476,0.4319168523919788,0.3419114456559258,0.2089261332366423
52.25,0.2084565286030773,0.15906186172591197,0.4190911896452348,0.34627354511349107,0.2199062504086046
52.300000000000004,0.21276171748817427,0.16862460645053615,0.4104014687318214,0.3498795672934052,0.22466270889665865
52.35,0.20942321491496796,0.15962868569109157,0.4144594832039278,0.3481917028550641,0.2229417997548728
52.400000000000006,0.2076064698650745,0.15176350975028038,0.41400075383426893,0.35064219444515893,0.23293153092670674
52.45,0.20180761904924868,0.16065457837295247,0.4183164980688263,0.3399337328478892,0.23217641074980747
52.5,0.19642762950615847,0.1699193497805039,0.41324201379503694,0.3444238614608369,0.22798022426407027
52.550000000000004,0.19680583197759288,0.17481681879976246,0.4027720652020135,0.35010153464039095,0.23252506544068904
52.6,0.20150485342435853,0.17875232331376023,0.39549114693238924,0.3473587685404612,0.2385954447255894
52.650000000000006,0.2001145373610956,0.18420904874470473,0.3899584727193915,0.34057882066808726,0.24680283367165987
52.7,0.19549641155293437,0.17879870524143077,0.3866650855156971,0.3523249923213427,0.24156755518535303
52.75,0.20129254745693864,0.1865915345388257,0.38541699204619817,0.3516981335378993,0.24269791981467498
52.800000000000004,0.2011803707662465,0.18086384926191698,0.3811423184230759,0.3570422766596826,0.2427840219692994
52.85,0.19196684745386597,0.18811904227733814,0.37335060774245366,0.3530645894428211,0.24254858390269757
52.900000000000006,0.19458592349905401,0.19073637419796496,0.36847548575534733,0.3663167449076461,0.24172577931940614
52.95,0.19016123874765542,0.19417515962578635,0.36515619379046843,0.37577179645929515,0.25509821498639046
53.0,0.19058498390045558,0.19167639714179618,0.35792917873942637,0.37487823105378715,0.2629150797536037
53.050000000000004,0.1874405884392643,0.19449642093635616,0.34562803393412334,0.3746492878532599,0.2664818079655225
53.1,0.17596849208297244,0.1963061185138111,0.34146483709063064,0.371276116875843,0.27302323641358345
53.150000000000006,0.176049169183438,0.19530600076255092,0.3289714763681486,0.3747987221859747,0.28065387268220193
53.2,0.18156067888670233,0.19516915382874891,0.3209717330468372,0.38258205403868706,0.2792222274044029
53.25,0.17953693783133287,0.19432573860611763,0.30355061727052807,0.37679746066209785,0.2807645872325745
53.300000000000004,0.17966234964611727,0.19257043164832077,0.2982558950268503,0.382452786701542,0.2856897900189413
53.35,0.1734463247083136,0.1853160416872588,0.29950296221165573,0.38309695559031726,0.2855675447161232
53.400000000000006,0.16971238400353877,0.1897560255400636,0.29105890906635157,0.37690185126210335,0.2856135936132734
53.45,0.17250975927794582,0.19030362054865513,0.28069791597412397,0.38161527816039625,0.2929557248099545
53.5,0.16403224024335486,0.1863765711673892,0.2757767616759145,0.37376586536611434,0.2952491669044243
53.550000000000004,0.1611890230824,0.18751428642923954,0.2691610892027523,0.37415695945399347,0.2993159174071333
53.6,0.16535306520131646,0.19051012763023153,0.25979244380220795,0.3765126839445937,0.31169228590000747
53.650000000000006,0.1591302281630265,0.18017663244743423,0.2585660692300172,0.378672228487456,0.31825052754779226
53.7,0.156750727533113,0.17750524119430303,0.25278424302238817,0.3767670856181511,0.31109208579871933
53.75,0.15799441545180207,0.18093863150608863,0.24877446205937812,0.37011058574490463,0.3108298714513424
53.800000000000004,0.1574959775603878,0.17568891567985223,0.2434777820317097,0.37853493403834865,0.31348650742026407
53.85,0.14382736941646995,0.18265059462716138,0.2405863180202464,0.36847914568744294,0.3286471362536161
53.900000000000006,0.1425234198825072,0.18208087904582096,0.2301538585209845,0.3793398717820892,0.32876914581547373
53.95,0.13925494037502187,0.18950494127164416,0.2147256142354911,0.3805603654644944,0.33082030126798273
54.0,0.14187976138465047,0.1942803423315544,0.21153374569692582,0.37969404981082205,0.3313946053180962
54.050000000000004,0.13578448660228162,0.18673778189295645,0.20547863395019159,0.37854461222462904,0.33189442318690365
54.1,0.1248973929158784,0.18248981038642673,0.20277684489004708,0.37518299387359766,0.32641727421310646
54.150000000000006,0.11184208174371625,0.1810564898391283,0.2009323671684206,0.37561456185442443,0.3302487016667626
54.2,0.10652752158871105,0.18516825741771797,0.19365972324631506,0.38910878322251746,0.3415199434452989
54.25,0.10521177018831476,0.1861277106762402,0.19209371797838656,0.39361498466028305,0.34607551129997594
54.300000000000004,0.105754671491485,0.18336380349740675,0.1841904724346048,0.3978561416229612,0.354639858600637
54.35,0.09931224210566401,0.1926348983360068,0.187554267009984,0.3983186827942303,0.35691468089352874
54.400000000000006,0.09785546342541705,0.19130471943472194,0.18298196305590733,0.40475545908790983,0.3666850802124942
54.45,0.08880322557418167,0.1898083518279061,0.18269707203938915,0.4057077763342269,0.36792309651764554
54.5,0.08624505479388402,0.1863867933427074,0.1699506912986071,0.4178734223969315,0.3779443063681639
54.550000000000004,0.0809091280983457,0.19052482354968234,0.1659884844810192,0.41056735509009823,0.3782440908063949
54.6,0.07182073429437977,0.1856164557781659,0.17156489750481993,0.41243449965976925,0.385635555587631
54.650000000000006,0.06946214647720965,0.1829697954124202,0.16453346562334928,0.41642517304842364,0.39089837283003587
54.7,0.06877301908411329,0.17398134831540168,0.1734574842625043,0.41609559902106275,0.379149154092075
54.75,0.05753678050024786,0.17209564610928205,0.175397570149452,0.4115753034613592,0.3775489976832252
54.800000000000004,0.04912029643065466,0.17691924876256862,0.17840144429048818,0.4116971676243144,0.3903141636937982
54.85,0.03468307776945229,0.1749009721344569,0.17518236153868452,0.4145244140791986,0.3976461743441923
54.900000000000006,0.0354291690540059,0.17351788535613155,0.17975729525839068,0.4171571691543165,0.39949213452589016
54.95,0.02321056117063958,0.1754477590775342,0.18914276426931706,0.4142062060848475,0.40992961865329247
55.0,0.00995362703963873,0.1727893205499799,0.1913944343238506,0.42014901863007165,0.4115629380358242
55.050000000000004,0.013127764957931424,0.1729842572205238,0.19980430392701587,0.42458543293888623,0.4209101369165644
55.1,0.01960596318783004,0.17527655796555924,0.2045484508028677,0.4235193773544975,0.43339844699419533
55.150000000000006,0.01638769547283202,0.1712121106045653,0.2035383977417369,0.4179093980592491,0.449666261974598
55.2,0.018116416747751416,0.1724600908503263,0.2116704684877732,0.4187849928143671,0.4500764926191689
55.25,0.017700291369367332,0.16755061603747684,0.21193288668080587,0.42957945861617175,0.45352634710486367
55.300000000000004,0.03215357687457552,0.16121725299682277,0.2087582176610631,0.421125976833572,0.443225737281283
55.35,0.02941498181515224,0.1535031737079741,0.21463414533281133,0.4024704942211684,0.442870277488442
55.400000000000006,0.041907888197482854,0.14173935314025635,0.22734657943273545,0.40846487722186503,0.437143450745046
55.45,0.04871422813733962,0.1430604855262471,0.2290114284648691,0.4071579577854874,0.4448593013934489
55.5,0.05675031911235616,0.13993476518719233,0.23340131762955693,0.40930256576858665,0.45565595845604023
55.550000000000004,0.06202030877053957,0.13367777613400897,0.24322543106753605,0.41271289328994565,0.45787246502271717
55.6,0.0638726113799895,0.12620105944098414,0.2499791323061756,0.408788380507365,0.4628546565262547
55.650000000000006,0.06042058856598595,0.1289197330688916,0.2589895400527267,0.40100814913906463,0.46223499893930436
55.7,0.0650198945940344,0.12908117861192456,0.26322477254005405,0.40176181886569085,0.4594110223240638
55.75,0.06476362869181167,0.1352881082996163,0.27540399568516977,0.40528361371416427,0.4637765722069658
55.800000000000004,0.07323305878083182,0.12792787942295933,0.28121206119448094,0.41223734985087307,0.4649464580869672
55.85,0.08385455960001643,0.13215704686329574,0.28626046675493555,0.4103856608099293,0.4697683864033348
55.900000000000006,0.09436084416444311,0.13109096030673273,0.2917696639109094,0.41256343557493663,0.47760603077036007
55.95,0.10025893108571347,0.12468382923370618,0.2928516978077323,0.4244073971889961,0.4840987149275338
56.0,0.10732885509468397,0.12781239990226195,0.3049403930018321,0.4247191342978364,0.48592102861180547
56.050000000000004,0.10757498802494722,0.12140108284169751,0.3193684624465351,0.41934951791393693,0.4924758391284655
56.1,0.11213275994465513,0.12337585179448701,0.32611528785303845,0.415483945984393,0.5018492250472946
56.150000000000006,0.11735623103818224,0.12381771044869397,0.33173764817294354,0.41923870255496837,0.5109669179170749
56.2,0.12309951197032931,0.12088393935906433,0.33350044723412514,0.4187416134280098,0.5170540293710427
56.25,0.1263965467888444,0.12060177252754971,0.3356601856594395,0.4181062527422818,0.5176831125567513
56.300000000000004,0.12686180380366044,0.13019121240658113,0.34309189915621324,0.42118353848919515,0.5138305565026602
56.35,0.12107347478937935,0.128998571034634,0.34855914856673065,0.426709451528168,0.5137925098534752
56.400000000000006,0.12559345823313514,0.13284223872705442,0.3600183795665998,0.4198460326170949,0.5249558071850335
56.45,0.12629274568159018,0.13235660131011873,0.36371173621351005,0.4220973767776223,0.5391400536549948
56.5,0.12879821267897254,0.13042120468206997,0.3660654526808826,0.4281558994254817,0.5511399411665189
56.550000000000004,0.13098672625779928,0.135949405687515,0.37146805962046237,0.4309186727418288,0.542461805101997
56.6,0.12877814735572315,0.14184568710398499,0.3750756211862017,0.42790590110840165,0.541659671601033
56.650000000000006,0.1319738102908176,0.1383574011683866,0.38060240924773686,0.42461062744640177,0.5381806707487216
56.7,0.1296158012181382,0.13968958941726048,0.3965014207950442,0.4184882889535745,0.5401878338654799
56.75,0.13215840725112427,0.14109279862956722,0.3999524963870168,0.4240549762892772,0.5533412184226509
56.800000000000004,0.1344097766461203,0.13591991921142083,0.39927409489159865,0.4186006295059911,0.5572111078289581
56.85,0.1317129173541969,0.13039269911197168,0.40552091954070696,0.4254286751116214,0.5549046266230914
56.900000000000006,0.1367251691896295,0.1398515763810005,0.41432174270497024,0.4173692247869556,0.5610630703012506
56.95,0.1352955635856356,0.13785491405132927,0.41737269289300954,0.41999755288092244,0.5576784925611019
57.0,0.13379471213242955,0.14622352033587926,0.4206228243683686,0.4251286460395518,0.5543938610211494
57.050000000000004,0.13310745474596097,0.14282928872417208,0.4239802554230863,0.43460968966334834,0.555430000901051
57.1,0.12971630059879755,0.1497781812995795,0.4286872647535828,0.42964985988030685,0.5647595970435053
57.150000000000006,0.1333130393964683,0.14998091658822088,0.4294090637851571,0.43337642119367437,0.5764083030311851
57.2,0.13779146729659517,0.15664814433253402,0.43375427366010827,0.4360009295199317,0.5752241839261951
57.25,0.1431840998414556,0.15430205685191187,0.43037841155667494,0.42965817694814973,0.5785121030827893
57.300000000000004,0.14400257531279126,0.14881081407732422,0.43387337227857437,0.43437139261427093,0.5823906596205239
57.35,0.14953190897481453,0.1527986924664774,0.431236419578559,0.42160653415994803,0.581266613115294
57.400000000000006,0.1467356450572855,0.1510244262234055,0.4323967695657102,0.4422214635747173,0.5746055962365099
57.45,0.14441597486446633,0.15741365857140915,0.4327682297301373,0.429186086797862,0.5724022866200114
57.5,0.14333598651138307,0.15637490235034723,0.43131450434823015,0.4249778955717581,0.5770041926392758
57.550000000000004,0.1418816132380519,0.15561031413713491,0.4416728934602613,0.42228183559484844,0.5669362996651677
57.6,0.13882977121982193,0.157986232064878,0.43890251784420964,0.4320345841087058,0.5712060221750024
57.650000000000006,0.13260902569310715,0.15281091112922057,0.44345179229168646,0.42654453393250447,0.5705898443791979
57.7,0.12452071028830566,0.15849883516661598,0.43729159709132553,0.4243300886427524,0.5769154070853566
57.75,0.11647477516938953,0.15982072932668975,0.43735956318935737,0.43088417239583093,0.5796350366273807
57.800000000000004,0.11836348183411989,0.15915161215868123,0.4328974063776924,0.4233591560387807,0.5730878740872232
57.85,0.11522551322203234,0.16565510842282963,0.42801113472589347,0.4187544888284371,0.5693222046921614
57.900000000000006,0.11705325207534226,0.166154108693228,0.4183746854167425,0.4231956314346768,0.5728049201997024
57.95,0.11560186882425817,0.15947599223910144,0.4191752800711321,0.4264357118793329,0.5601675107334438
58.0,0.10729376073601016,0.15584522504692458,0.4179569406218287,0.4181565787691627,0.5667819340132491
58.050000000000004,0.10645583946643264,0.16105590208232765,0.4121656422212951,0.41460689505722004,0.5716232241723043
58.1,0.10711448984950131,0.1553463044420738,0.4064229894040777,0.4116043496964455,0.5720918577094896
58.150000000000006,0.10804499358469496,0.15492776610252937,0.3991111363474581,0.3994527718411493,0.5737685357401118
58.2,0.10683973864864901,0.14908548437136876,0.39594035687476903,0.3989090200346889,0.5671863146532189
58.25,0.10605885919627278,0.14502788800742403,0.38717374747298583,0.3955890285411534,0.5806901475307517
58.300000000000004,0.11011896077252019,0.14024066698932808,0.3921088424148085,0.3932266389282788,0.5762191437066969
58.35,0.10955828268177831,0.1405469218829786,0.3936590838922249,0.3895695013574059,0.572569112800299
58.400000000000006,0.11065118357635195,0.1399296379420399,0.38062539602193857,0.3937797227638099,0.5817133086507911
58.45,0.10671550874461333,0.14161562099854752,0.3654105955587007,0.39442480792688206,0.5761679625930765
58.5,0.10293964965515552,0.14402084346730148,0.35802053048787086,0.3907071666939554,0.5754024558668228
58.550000000000004,0.10193492469829521,0.1433148121320178,0.35216202864756235,0.388675933326351,0.5769380897022818
58.6,0.10402246823815275,0.13547903324778626,0.3419504268063592,0.38773911825390406,0.5674848851194171
58.650000000000006,0.11047780065930994,0.13975699550323453,0.3301892836518998,0.3788109172221941,0.5720710217331675
58.7,0.11087149782205438,0.13727178696669295,0.33141950573950807,0.38161673910897764,0.5731597984010308
58.75,0.11481152553105235,0.13397585830441913,0.3319030866814744,0.37875906083191374,0.5692718036516388
58.800000000000004,0.11297861260081804,0.13604119260095796,0.3173608454892672,0.37720687471872927,0.5805075770113645
58.85,0.10539010649212954,0.1414311468838486,0.3108381569251355,0.37508077923897243,0.5746478734312789
58.900000000000006,0.10461985334604387,0.14632784026961326,0.3022815229107948,0.3787246876013034,0.5783901568962647
58.95,0.10100227195021182,0.14701734214743833,0.2989467054173442,0.3740120373897619,0.5864172804712484
59.0,0.1028485858854552,0.1427270839396527,0.2871885111952104,0.36979938798803413,0.5821153836848391
59.050000000000004,0.10135901789817717,0.1337347764779872,0.2778246763532002,0.3642420039671711,0.5786250917489065
59.1,0.09478232185724343,0.13194003448952243,0.26938618497014477,0.3658162080719523,0.5780430308981754
59.150000000000006,0.08824837150489864,0.13133729464495508,0.26380731319887996,0.36669049254903985,0.5756368257918933
59.2,0.08339533053378491,0.13426651289718028,0.26203783763462835,0.36845225067939547,0.5727923902047821
59.25,0.07506593614200045,0.13947708675381554,0.25613985414953383,0.3730843504797987,0.5733453708684082
59.300000000000004,0.07490259163572165,0.13326235679047224,0.24824151189950075,0.3743165188775691,0.5829299335847777
59.35,0.07563674202075957,0.13793583186844655,0.23870298356908534,0.38025926656111547,0.5838172109666863
59.400000000000006,0.07774651932686062,0.1425410498958265,0.22504078936551855,0.37617451515490746,0.5831097328947892
59.45,0.07639172821685683,0.1425197700386365,0.21849441807178763,0.37931481725105465,0.585216725770503
59.5,0.0787213045179886,0.13287982591149833,0.21911726997959508,0.3763767879647201,0.575704169308697
59.550000000000004,0.07420748512487184,0.1347024016078716,0.21212593726783452,0.3742987143752246,0.5772218811642467
59.6,0.07752067068183244,0.13872359504434156,0.20586758543916633,0.36943784326979673,0.5671455635827408
59.650000000000006,0.08279661890860462,0.12705525475316026,0.19457607740070573,0.3732179445583868,0.5688071759499654
59.7,0.073453665138351,0.13452556916397376,0.17991835109500592,0.37269578943172715,0.5647940142018976
59.75,0.06568085675585403,0.13308367540485308,0.17122635568028902,0.37414473309492347,0.5571051286099443
59.800000000000004,0.06017005721197088,0.13416993005938235,0.1653698407560249,0.36651567903501797,0.5594680219415983
59.85,0.0600420764902964,0.13087463762332957,0.15252674226405874,0.3846728394912964,0.570655801713398
59.900000000000006,0.06096248068380406,0.13146432671704533,0.1494489454173288,0.3809485540766404,0.5563854773326213
59.95,0.06691347458336624,0.13349864903312605,0.14491421584384548,0.3806511295597358,0.558418360947888
60.0,0.06375038505202438,0.12849474083032544,0.1363594447236051,0.3836211687226986,0.554923867759919
60.050000000000004,0.06494272516093766,0.13376175618692426,0.12537321946182825,0.37862672630954963,0.5707463796435945
60.1,0.0708185512634249,0.1266918746720127,0.12232095012990053,0.3863530237962854,0.5714055863513043
60.150000000000006,0.07311010667219572,0.12905339117259665,0.11919116488933736,0.38511865235042964,0.561161676859043
60.2,0.07973420457644365,0.13040567983747334,0.10511218868575864,0.3871390690387254,0.5598896468834785
60.25,0.07291291579694616,0.13337738845037966,0.0957980819807317,0.3723209602106732,0.551061858355982
60.300000000000004,0.07793993623855701,0.12906291296569428,0.08397217141128302,0.3692199680990959,0.5481526527459305
60.35,0.08089853255495084,0.1283021147251298,0.07548346312079213,0.3697027982161132,0.5332412309048526
60.400000000000006,0.07982365953412336,0.13077782248760572,0.06786516064912312,0.35902384969075046,0.5192928711420238
60.45,0.08182481307396236,0.12841871793372342,0.06150240591083202,0.36376363731647127,0.510377623442991
60.5,0.08655436076332011,0.14565048357234806,0.05729220006372828,0.3608865046562235,0.49403867682381947
60.550000000000004,0.08439911251950077,0.14392396987149333,0.06369558651673349,0.3679561318306283,0.47435738726254056
60.6,0.09112058781720665,0.1462262852488686,0.06599654473684524,0.365566833971077,0.4768257851634782
60.650000000000006,0.09900053595710061,0.1576490276892182,0.06900709489301124,0.36565036786663985,0.4679106621246285
60.7,0.09536821043243414,0.15601109211028547,0.07406817947494547,0.3766230977393294,0.47539618602177053
60.75,0.10107243279270167,0.16693764839326763,0.07728146905879194,0.3825251492810396,0.4722455531447277
60.800000000000004,0.0941920901621134,0.1716627583610678,0.0846168703729499,0.3881295351574446,0.4693844333257213
60.85,0.10036407456170625,0.1749672566602244,0.09258217112245419,0.391826845986985,0.47501139365616485
60.900000000000006,0.1008263636628653,0.17556592271115107,0.10059477651682161,0.39270855426494494,0.48027218697425417
60.95,0.0972110953160987,0.17441490149920078,0.11009655399666818,0.3967045886720104,0.47825553392011844
61.0,0.10265895652877935,0.1738051703338923,0.11609879874939316,0.41086000340073087,0.46481763280922145
61.050000000000004,0.10256758388583606,0.17165200026364089,0.11900959799780879,0.41002142196365055,0.453752743333739
61.1,0.10672002725302099,0.1786257847922519,0.1273911438880059,0.42097175857300323,0.43846944499630564
61.150000000000006,0.1065261026830567,0.18897558412784532,0.13323651347819776,0.42377687121102975,0.4281552835988444
61.2,0.10655039404021717,0.19108009582640906,0.14470043711749492,0.4248949605521108,0.4253108444366892
61.25,0.10345698362030892,0.19127553783379966,0.15256385588595547,0.43434410381134614,0.4211331776416394
61.300000000000004,0.10284009758387631,0.19348620389739385,0.16228490585676822,0.4355367013627919,0.4134817424024624
61.35,0.09983934826842743,0.20433730447313744,0.16887159221999623,0.4331079775873207,0.40980009953691027
61.400000000000006,0.10708515515425301,0.19787119772682646,0.1857711950333483,0.4447778456976897,0.4154199734463974
61.45,0.11365799778366671,0.20479566301319196,0.18828997513875328,0.4484419590347265,0.4100254033928491
61.5,0.11764960243578934,0.21626760725245184,0.19763642462049147,0.4495986563317687,0.41465825085041635
61.550000000000004,0.1207386593350265,0.22220659796178252,0.20316942952918302,0.45605553390586734,0.42495473875237866
61.6,0.12784911844738028,0.22299246892735955,0.20765878740249982,0.45834806938719075,0.4408683331645462
61.650000000000006,0.12916386663406018,0.22419764741657816,0.2168966327235751,0.46340063542155796,0.4453900315992647
61.7,0.1301262651418368,0.2294241750762883,0.2184342632420304,0.4618013710077573,0.4344162014943056
61.75,0.1288078059369764,0.22447639908614112,0.23112656966512068,0.45561140898167496,0.42511368215646017
61.800000000000004,0.1325365491786508,0.22333006716305798,0.24018715426777432,0.4646364768137635,0.41625216471450355
61.85,0.1327186731691647,0.23073868211846563,0.24102720813038667,0.46516888439758974,0.40135926967785474
61.900000000000006,0.13220870884739291,0.23460517093539865,0.23988913109392118,0.47261350087832765,0.3912565218333975
61.95,0.13150532891654934,0.24125236823208598,0.25121430786615206,0.46351421873714027,0.3764648023467564
62.0,0.1270131959226733,0.24432496594662675,0.25964345489982227,0.4648235005976034,0.3723522810001218
62.050000000000004,0.12609574442846597,0.2448617467643102,0.26713077415171405,0.4681397437933221,0.36353228673039545
62.1,0.12931016750873117,0.24658234095531859,0.27220273047488636,0.4575015821884476,0.36778170324757437
62.150000000000006,0.13352009513571284,0.24301516068955106,0.2780032794241061,0.4583535163006529,0.37023996516986146
62.2,0.13343231877323336,0.24971831080088894,0.2818021629762349,0.4583871762299545,0.3604019152573801
62.25,0.14395924844630226,0.25761293369786764,0.28399432489053494,0.45925420147567936,0.362430206978044
62.300000000000004,0.1471495039133207,0.2557570953609458,0.2837390604685732,0.45423483785371954,0.3694055973807721
62.35,0.15037381121486876,0.24907752262925223,0.2945632522113735,0.45353584879783926,0.3681125747146191
62.400000000000006,0.1564387043220312,0.24968855731522657,0.2953236197505641,0.44757871418131595,0.367322626121395
62.45,0.1558215214494235,0.24986914114343062,0.2991382564012053,0.44197526978879226,0.3580146015753569
62.5,0.1589602204455385,0.24033325338756809,0.30380402303353954,0.4431095495477667,0.3479121565605785
62.550000000000004,0.15652101040101085,0.24743527621739708,0.30786272149849303,0.4391641243361397,0.34008211248059567
62.6,0.14949160532786124,0.2433980280483444,0.31271171451676477,0.4325942156965788,0.3365926375151992
62.650000000000006,0.14611043745801053,0.2324010735853316,0.32086390352240424,0.4245862080693788,0.3208045768920016
62.7,0.141141325899855,0.2328912480125059,0.3275659894710597,0.42188046101563165,0.32663298596287493
62.75,0.13848406462807153,0.23170125491079924,0.3226627635608618,0.42440660924960805,0.32865923200641667
62.800000000000004,0.1391767626379347,0.22837216961163917,0.32828600430639737,0.4254085491283421,0.3166333797027915
62.85,0.1415367389051796,0.22708350844566408,0.32775134954713087,0.4179908571238591,0.31390887654861116
62.900000000000006,0.13698395226164983,0.22755245020913947,0.3251898581446512,0.422411438779818,0.3015585364760001
62.95,0.1287904292742436,0.21470752397055667,0.3267735260777406,0.4210431661475001,0.2882183239226906
63.0,0.11632037959113166,0.21015307110306847,0.3312320088995456,0.42193926344180555,0.280608501921024
63.050000000000004,0.11110295037131983,0.20893688618302994,0.3385006420997033,0.4274335279577958,0.27919546955610863
63.1,0.10920822410432277,0.21336977054063522,0.34594482115782005,0.41516690521906746,0.27982736645462936
63.150000000000006,0.10550423111864082,0.20862245251955924,0.35186859600780585,0.4165818896752562,0.2785743395447291
63.2,0.10130841157922887,0.2034452743888491,0.34463739344376276,0.41206189803057347,0.282675433745421
63.25,0.10284420449668535,0.19760469234387634,0.3430919050149397,0.4072412248101426,0.2733689977042445
63.300000000000004,0.09517706012542355,0.19660880177614073,0.34844823285686893,0.4024160728359777,0.26103311394524387
63.35,0.08546731876182664,0.1903741323874987,0.3558271144395333,0.40565971460797373,0.265777884345066
63.400000000000006,0.07600565810135176,0.1881139965839462,0.3618926928860928,0.39968988813100115,0.26598149618649053
63.45,0.07235547920168861,0.18432339282391252,0.3651574900976766,0.39324466612384673,0.2609103951932208
63.5,0.061581664392321406,0.17599394948751057,0.3637414540891853,0.3855384384433746,0.26554561770033686
63.550000000000004,0.055253105668690655,0.16642573771152624,0.3571179400347111,0.39171494496151527,0.27331276282649647
63.6,0.049997255383750466,0.1587924579738447,0.35543967426995243,0.38404377563557,0.2731385589451244
63.650000000000006,0.041696227030730434,0.15024305644122476,0.35373193417912774,0.3870086120798526,0.27157911627886816
63.7,0.03888540407855732,0.14459618757953532,0.3486646007024921,0.3797800334081589,0.26662243376912587
63.75,0.030633355624160887,0.13843979513759433,0.34644390547348697,0.3623525092981342,0.25999338116292614
63.800000000000004,0.02843054157177314,0.13021511535125857,0.34705077690473835,0.3650777388902293,0.25762988881451976
63.85,0.02662396393259921,0.1256502976509711,0.35884899446879126,0.36221121832466247,0.25553180455364294
63.900000000000006,0.02595289116884255,0.12594717304726227,0.35082166278095134,0.36473491482391396,0.2555226207137594
63.95,0.0168185898794117,0.12406949710075706,0.3510833952829849,0.36037480881210693,0.2537875140708845
64.0,0.0051974340548345726,0.11875469439262915,0.3479346778744583,0.36703617191460663,0.2543593334422992
64.05,0.005316378075964747,0.11912722887295271,0.3492719896870154,0.3656921596485512,0.24574498054023589
64.10000000000001,0.010322646886031368,0.11435941794206365,0.3439154908548977,0.36744665270682153,0.24330586658505957
64.15,0.023389998362194984,0.10869289906801677,0.33795669759352354,0.35761185617502,0.2286378144400472
64.2,0.02927919059498432,0.09883165051708397,0.33199369800649764,0.3507272228356056,0.21588825970154038
64.25,0.02715617618723656,0.09676416612657496,0.33882363870839244,0.3570097878805062,0.221855276304316
64.3,0.03312999263002698,0.08768652263924614,0.3376291802717291,0.3483787688493709,0.22063908590261275
64.35000000000001,0.04292217801051136,0.08286969202420852,0.336172780657614,0.34542910797456317,0.2212587245922075
64.4,0.04977998011087856,0.0688120747833301,0.3413943427601724,0.34221833585862965,0.22881963065381877
64.45,0.05144583326067274,0.07501364338836647,0.339343176886409,0.34458182734916476,0.229532987896226
64.5,0.0559130900006943,0.07712569183306588,0.3396891016358231,0.338830066711255,0.2263170505427667
64.55,0.06117776462926586,0.0721961143680162,0.3432794585589757,0.3412320085212713,0.2260645040833564
64.60000000000001,0.0718546434631994,0.0684670172404928,0.33720274550922413,0.3428200896091636,0.22584065933360853
64.65,0.08066433366742831,0.06544620910170248,0.33870817993430785,0.3488014448253688,0.2266962854022231
64.7,0.09094475814082334,0.06669538598664997,0.3276833672559944,0.34417597600065636,0.2260257803700459
64.75,0.09461631786917359,0.06299202509659027,0.3247610864201708,0.3429225660762318,0.22441722101238198
64.8,0.10526026968535883,0.06454718828773369,0.32186069255567346,0.3446824982728649,0.2182865626579608
64.85000000000001,0.11448640656747062,0.05527084249548559,0.31777230805761547,0.3442896040230933,0.21423760110274243
64.9,0.11780018850048611,0.05549584872208454,0.31037455194440167,0.33115926768139964,0.2144818616078723
64.95,0.1182557210495146,0.05763321692834662,0.30254850257492855,0.3217441226682873,0.20971599103546812
65.0,0.11873988781257518,0.04578309676976273,0.3001466432825915,0.32571547089603997,0.2092773852558444
65.05,0.13007252995426927,0.04228109211513131,0.3018477631961147,0.3280528801469414,0.1976978391424356
65.10000000000001,0.1344808832033094,0.042465308801474234,0.3012979420991436,0.32987946304986937,0.19203849900058076
65.15,0.14823735453276043,0.04447992489950915,0.2918611516902492,0.3303553630507948,0.19109364734597042
65.2,0.15246962471075004,0.03994131258346118,0.29172100390964206,0.32973018521571384,0.17866563860997572
65.25,0.1599261378614186,0.051454991467952425,0.2882571156621645,0.3246098098238743,0.1760597790604868
65.3,0.16320334116067664,0.041132924813815315,0.28558787344024134,0.3254322390435705,0.17932508356169904
65.35000000000001,0.1673092761942696,0.03925736364700555,0.2821809651903079,0.3207977198184021,0.1776281466796462
65.4,0.17551100267832934,0.03780015209287843,0.2755161368110164,0.31833491440389594,0.17034375352722278
65.45,0.18048566170591962,0.04189598086892212,0.2637442965876602,0.3215259594287099,0.1677193416860089
65.5,0.18636215757763824,0.03803252159929941,0.265647286159914,0.31893935111013616,0.1696870586591966
65.55,0.19384067135774913,0.031418299534180384,0.2559441176881056,0.3231978813528618,0.16423030630012575
65.60000000000001,0.19805571388355536,0.025533270851326312,0.2613728565425023,0.31561994172287855,0.1697558420752183
65.65,0.2007885725158088,0.023818519721251322,0.25418321158726165,0.314483469788564,0.16455702288416246
65.7,0.20700305469494545,0.023612582007217914,0.24642823142300938,0.3111888351763842,0.16619840381023732
65.75,0.21819214526775416,0.03169758168767231,0.24386766607703916,0.3039913582287765,0.16461624236145408
65.8,0.21607484772644023,0.03566258330907707,0.24190719268493313,0.307351568333824,0.15924148166590485
65.85000000000001,0.21915703835751504,0.02685058784032844,0.234600325094855,0.309419111782324,0.1612257108832524
65.9,0.22307358657994916,0.03389400923919572,0.228450824931367,0.30636214169487463,0.16427040323559128
65.95,0.2301581963890863,0.03525869748377715,0.2201165133568836,0.3014795019562738,0.16020188247983663
66.0,0.22562721366633073,0.03356381146511619,0.21589373217276123,0.29971984886413056,0.157379419214502
66.05,0.2206274220102619,0.027426270246039046,0.21244307233208815,0.29662825412536475,0.15843461107239146
66.10000000000001,0.224172792287892,0.030509821981866442,0.1990691134803461,0.2944332733251895,0.1603821753254928
66.15,0.22124699528089603,0.030805160852901733,0.19013971637388424,0.29394958257755627,0.14389241940704126
66.2,0.2327368691335077,0.028085199310780094,0.18235997881480084,0.29253805493875845,0.1458870912790952
66.25,0.2382834749495338,0.030892383131291425,0.18026682549293893,0.28375521481410954,0.15976062311262224
66.3,0.23989081863589654,0.023354763424560554,0.17577819016736748,0.28580012391105386,0.1486456145505165
66.35000000000001,0.2452175964175422,0.02934862363210933,0.16949883491429266,0.2802376732068293,0.14804953648903926
66.4,0.2483838366730996,0.03369294493979908,0.1659466789355836,0.28803203772610175,0.1514286578476041
66.45,0.25079662417151966,0.029647918537198996,0.15940047081310138,0.28816883257505804,0.14778960840239774
66.5,0.2494485656464267,0.03267377126599024,0.15089876295859822,0.29589505591036674,0.14759035186258657
66.55,0.25099246652723617,0.039906333412981346,0.14809352402847017,0.2915972106479783,0.15593455132893586
66.60000000000001,0.25025351228840337,0.04096600472330389,0.13818017432928376,0.2924995089698166,0.15210437411534714
66.65,0.24411446710735357,0.047855382625894144,0.14159400421417578,0.2904733239389051,0.1450811343840347
66.7,0.24219798145314814,0.04949582280946884,0.13672825955097886,0.29396055930782383,0.14947103782468346
66.75,0.2432588359456634,0.04681556243581929,0.1361911989366601,0.28683480629035696,0.14114673519828275
66.8,0.2457119562065996,0.04167952776859647,0.13271432801673444,0.2774311451041908,0.14735223223739893
66.85000000000001,0.23676968291678369,0.04605847313852938,0.12886814998519658,0.2649312650125303,0.14310512324527883
66.9,0.23557903577660658,0.044823181184023723,0.12305079179417976,0.26603966397511103,0.14909397315673156
66.95,0.23248387657024977,0.043468590208919466,0.12768102072095056,0.26804756324539714,0.14285495233432943
67.0,0.22900497031298517,0.04646002370433587,0.11904186464555319,0.2611932399558769,0.15139102910336008
67.05,0.2358552205422534,0.046145283411145245,0.11721011865249407,0.26130956093123825,0.1655133990899461
67.10000000000001,0.23494222561685213,0.043076035666904156,0.12031135529434785,0.25404518787229907,0.17355116455152647
67.15,0.24143123936836855,0.05216350432578775,0.11389403844694163,0.25486741017267567,0.16960538137498618
67.2,0.23231898131929177,0.05601484111436296,0.11024363790889267,0.2563654923369923,0.17179431482634938
67.25,0.23568248509996795,0.05624255066800252,0.10057488659275406,0.2559520927783394,0.17425143599419368
67.3,0.2283658705163046,0.055491566612104026,0.09867078273400552,0.26244091409149006,0.1837017148082013
67.35000000000001,0.22454556556394867,0.04687692730391916,0.0927895411485324,0.25750743820413,0.19297782439494102
67.4,0.22130899507544535,0.04963319344857269,0.09176884085368416,0.24843072635118124,0.18982340910367526
67.45,0.21826681068635684,0.050182168716527205,0.08937121962581036,0.2573460621054338,0.18390772872099906
67.5,0.21228107564164467,0.05047323360027622,0.08272401474840108,0.26784997267001587,0.18528129684814
67.55,0.2117696804079871,0.05603732204766981,0.07578563903218398,0.2694519039503929,0.19147314381186661
67.60000000000001,0.2104254609072865,0.057940264061967,0.07685494661261756,0.26659033428020246,0.19198357912491193
67.65,0.21160263063643175,0.06323329314459761,0.0706259487573039,0.27040266167185223,0.18926549860696834
67.7,0.20847924702912213,0.06805110648395611,0.07430037259882068,0.2707271138482604,0.18774631194066618
67.75,0.20469599767444574,0.06346263213270154,0.0710382189508529,0.2818627639068123,0.18422291933736107
67.8,0.2035707946912348,0.06647061642285214,0.07138824940132892,0.2679766429436961,0.19561281185438947
67.85000000000001,0.1960732726577211,0.06854818501023431,0.07321963963059058,0.26654241404643897,0.18879774793261705
67.9,0.19005736826779332,0.07201034706099249,0.07078231938496726,0.26737997530428836,0.2008164879330717
67.95,0.1821893186688253,0.07244975860913531,0.0728644892399511,0.26867807141504774,0.20299652769215124
68.0,0.18401440138924666,0.07304106057854054,0.0732332919134033,0.26817750111748584,0.1960468693217589
68.05,0.17819033510867643,0.06672986228122324,0.0719214167688566,0.27129905925614956,0.19597502914599552
68.10000000000001,0.16942240514111223,0.0650110568045658,0.0749667759461148,0.2614337316712084,0.1936323080119294
68.15,0.1661334369504481,0.06984110189122414,0.0771851140772761,0.2651195904243806,0.1919193361148604
68.2,0.16147398189290874,0.07165946163053351,0.07636984556513048,0.262940941606107,0.18532309250943718
68.25,0.15167388070617963,0.07621096379686176,0.08362887341818293,0.26272067197343935,0.18884479732024767
68.3,0.1489193785815017,0.08307511770064328,0.08519025752210871,0.25769450559576773,0.1790367171508323
68.35000000000001,0.14919384912691733,0.08738485897399405,0.08751842863151049,0.2552510766890262,0.1841082032047457
68.4,0.15025082477735038,0.08735570228268272,0.08757729743675058,0.25212830934666947,0.18757003984869888
68.45,0.14817267224749972,0.08863304868277613,0.08589175737301996,0.24823790606835155,0.19423983919675303
68.5,0.1475491981747313,0.08687974312693919,0.0933381359041764,0.243189486948364,0.19048022453030153
68.55,0.14309430401666182,0.0893373346995166,0.10400540568105202,0.2485027684316246,0.19878203358307686
68.60000000000001,0.1362289541014913,0.09575050175667699,0.1111153487607152,0.24145251980013904,0.20273185394531545
68.65,0.12730309717731905,0.09367873680559025,0.11932442598102998,0.23940439509676917,0.20444986390367642
68.7,0.12355420236880181,0.09962626061251793,0.12309965873276128,0.23122954281743988,0.19597592147473206
68.75,0.11911848878167232,0.10233071143890865,0.1317381838744023,0.2325899736766869,0.18735174566277832
68.8,0.10983832557673875,0.10388647575383718,0.1405423315952477,0.24134212920140344,0.18713826190018687
68.85000000000001,0.10380138083022418,0.10875341461511873,0.1458853263350101,0.2392678935985075,0.1924449467837551
68.9,0.09685498478785434,0.11401145019167293,0.15979468162618543,0.24237620709596597,0.1874412370539014
68.95,0.09534509993851177,0.12019884723089547,0.17998032247212495,0.2484293167719918,0.18824261029053155
69.0,0.09512818544399902,0.11535457409737421,0.18095215240509566,0.26108230673799676,0.17472312673522608
69.05,0.09109712432874045,0.12097771979932191,0.1826107544381388,0.2573098484439928,0.1778192158433234
69.10000000000001,0.08619488763721903,0.12371292648908855,0.190737067068256,0.2445000423253744,0.1744128758019498
69.15,0.07363353680011984,0.12244851759042526,0.19467183570776198,0.2528309498907816,0.17339430335430728
69.2,0.06330069689488918,0.12843173863583396,0.20028056680225012,0.24630776983057082,0.1735560082951853
69.25,0.05295426238147519,0.11154566331293198,0.21010577900687022,0.2475560605663735,0.1625943556697847
69.3,0.0465358476016587,0.12732589723326904,0.21747160507056962,0.2401226466050986,0.15138000342219088
69.35000000000001,0.0504804430354266,0.12796415756271864,0.22439046796901835,0.24639716338565734,0.15405708773339807
69.4,0.04896271858238397,0.12643175164023004,0.23618490650021623,0.24750667091101677,0.1453762774475547
69.45,0.044286168084722105,0.1287237639413004,0.24137144661262538,0.24269266958171623,0.14630093843057737
69.5,0.04761419443936133,0.1296825441650291,0.2507796861134986,0.23908281731721215,0.1443231590100191
69.55,0.04825734447423689,0.12349370503622369,0.25742767368958147,0.24655757539238535,0.1419402579342927
69.60000000000001,0.051895859922017444,0.1291200677343936,0.2617818940461458,0.24916710395910638,0.13977652146525982
69.65,0.055611491628053074,0.12310014278669716,0.27685414266979747,0.2578429386833289,0.14824739533354914
69.7,0.06092529286171811,0.126371274395993,0.2902199945880924,0.2513579882839866,0.15205869053041635
69.75,0.060003520314233234,0.12205737984099484,0.3036980058710904,0.25258771297456517,0.1529943126449392
69.8,0.06555917879794254,0.1283595177381404,0.3144415865002975,0.24769775619324733,0.15432957403460623
69.85000000000001,0.06573366370548443,0.12821168282271095,0.3100095981190481,0.2503018868904307,0.15272128665783774
69.9,0.06986598936653447,0.13458341793844475,0.31416604908096085,0.24381509342341806,0.14566657407231037
69.95,0.07331142238611205,0.1324637937188178,0.3200157698418674,0.25495261439154154,0.14770523353439605
70.0,0.08210843891119134,0.12604627475619073,0.3225381850371824,0.25535282240243795,0.1449519421970581
70.05,0.08342997682894086,0.11379847519068852,0.3265346146320485,0.2516362319909717,0.1419037563679488
70.10000000000001,0.09125421666090634,0.1078466854196232,0.32970370286834605,0.24988895332600652,0.14102184302489026
70.15,0.09594915441443203,0.11339768423344854,0.33247498112934326,0.24166313572256795,0.1364430817543791
70.2,0.10070823343899447,0.11255196615358307,0.34154521874736793,0.23731710041122975,0.13368792862673265
70.25,0.10206616065712519,0.1087190435810131,0.3467601885617956,0.243520388444285,0.14057971984851653
70.3,0.10782211583540299,0.10176905967097316,0.3427768084812063,0.2380383432765167,0.1337864058755379
70.35000000000001,0.1086126994145673,0.09536987163348254,0.3561365740055106,0.23413452855287575,0.1505563447279966
70.4,0.11049683548831844,0.09414380756846069,0.35362407963945774,0.23715055047760525,0.15495041033043516
70.45,0.11979692893200675,0.09863687557899117,0.34662069185681177,0.22911328455021132,0.13903531389380028
70.5,0.12415918389860044,0.09047160633552252,0.35020175392475916,0.22573846346226367,0.12631235219404724
70.55,0.13091236764519076,0.08999452755262365,0.35135545404231044,0.2201093525517007,0.12073209298464405
70.60000000000001,0.13014188125809792,0.08818695351767676,0.35452411621429586,0.21585317623715722,0.11749989658782632
70.65,0.1405676697921982,0.08285961225734008,0.35914019305434625,0.21697758496771574,0.11593681003585782
70.7,0.14895342812199583,0.08650057877092125,0.35704269794362914,0.21405483938707348,0.11819405360803724
70.75,0.16178860586475305,0.08931550800846905,0.3615066480200496,0.21630099796352845,0.12476430408392587
70.8,0.17046038326126475,0.09086802941163899,0.3664024296272049,0.21712488654140172,0.1282640965139947
70.85000000000001,0.17117257151878004,0.09553831240788731,0.3723120163363323,0.2308531542346961,0.13210753986272178
70.9,0.1802556140428273,0.09592660091263248,0.3684396995819521,0.22826190650088893,0.1328237956183541
70.95,0.18606332658142422,0.08401397418036856,0.36607027659842195,0.22430267069487578,0.11770437026398642
71.0,0.18373561155492965,0.08315362977018144,0.3668275265780206,0.21789214981691027,0.11009912381108407
71.05,0.18405705109223922,0.08035668349371555,0.36544809506891224,0.22040541702995736,0.09961561885398439
71.10000000000001,0.19177409094110792,0.08414957695081417,0.36539047187852025,0.22504071547142213,0.08152499036475083
71.15,0.19903313290757838,0.08863397535773825,0.3639785734121654,0.22913227357604982,0.08650257693869164
71.2,0.2040217762794422,0.0883903495799389,0.36061456200683456,0.2380801109781184,0.09273697624592218
71.25,0.20666974294480925,0.08751345880989814,0.35734728008926014,0.24146002726462373,0.09656377416798993
71.3,0.20957493341015093,0.08699962106161832,0.36080810360748033,0.23913718684862414,0.10840550499633948
71.35000000000001,0.21930383460282582,0.08553955873020386,0.35390868216892074,0.24827415524302546,0.13066561832242923
71.4,0.21552466157636108,0.08979778018539858,0.3527910267901392,0.24575164103067854,0.13268740447445115
71.45,0.21317201150436504,0.08296513584120649,0.3390407935753552,0.24292004323088767,0.13181356569779906
71.5,0.22134445489495844,0.07787839258136878,0.3333512394940508,0.2445594503441423,0.1326866504487701
71.55,0.22586843442344873,0.08044073242677803,0.32856424059871975,0.24402334610747348,0.12934922929387832
71.60000000000001,0.22337172691777044,0.07862737957517853,0.32626082808493523,0.24253752965663386,0.1216327588312457
71.65,0.2209506141488971,0.075862966272431,0.3294320113104879,0.2353317675327063,0.12108520255173677
71.7,0.22646047268208236,0.07837962832424351,0.3267155185453974,0.2399425132150428,0.12388811077873595
71.75,0.22752162707445647,0.08419025590228392,0.31938109573776885,0.23904448529635366,0.11148654575055673
71.8,0.22673220620403603,0.08795497624770007,0.3107388242485096,0.2417701945975261,0.11360759622034063
71.85000000000001,0.22582147069392228,0.08668116807865499,0.31402070660877307,0.23877369875688206,0.12169078138686468
71.9,0.22769342908020818,0.08879151372381265,0.30442601697913185,0.23813046720986872,0.13319718920826498
71.95,0.22611016405706616,0.0855082632158667,0.3027863455369847,0.2408894099881751,0.13825956143373933
72.0,0.22385272973629147,0.08478556066859239,0.29928896116842585,0.2399412058969229,0.135803658518401
72.05,0.22059208032689506,0.08955997381677468,0.29042963395495924,0.23315686874205568,0.13814477044405224
72.10000000000001,0.22889676201702636,0.08773832344007025,0.2786153508994796,0.23902980172411767,0.1423931458262167
72.15,0.22923501587112613,0.07964518564744545,0.2602102455898315,0.2536843268280051,0.1478946081369584
72.2,0.2314929390992083,0.07818568755247983,0.25283118856540315,0.255960751539965,0.16142539125027186
72.25,0.22083980307728943,0.09152152575751554,0.2413225238799148,0.2598744923788702,0.16117514972430053
72.3,0.22300134151416703,0.09074353878448199,0.23010300893977428,0.25995567699433303,0.166685210666526
72.35000000000001,0.2218760246432651,0.08490980054119147,0.22286849456582222,0.256348909323927,0.17177481421343915
72.4,0.22405581298505967,0.08700672186069239,0.21583092883902028,0.24786686172025513,0.16120225349562983
72.45,0.22593831363324893,0.09181980840647552,0.2067259070724069,0.25183542761028727,0.16738846598088944
72.5,0.22438148500937705,0.10010385980185864,0.20536245739467282,0.2565880209583511,0.1664487544011263
72.55,0.22503444811976925,0.10385857716371238,0.19252417367942407,0.2625153802084339,0.16899257933273257
72.60000000000001,0.2195494311102564,0.1090175824444261,0.18032456487800314,0.26098183922958024,0.17652787375592305
72.65,0.21245177129782222,0.10291034165439154,0.17716070404277778,0.2660033019012116,0.1671386789434295
72.7,0.2053925375962591,0.09947800632152681,0.17012146696385663,0.2615043404173508,0.1788877782987671
72.75,0.20873582057772216,0.10023408902452703,0.1647942212359725,0.2620581880621494,0.18658839573780694
72.8,0.20566393107956144,0.10387110060486525,0.15443319729537774,0.2583682705669011,0.18710316922198478
72.85000000000001,0.2009739758029928,0.1059449405773345,0.14275717252527662,0.2618568778879143,0.19297570890099966
72.9,0.19506551291988622,0.10453879104779357,0.13674471957805925,0.2670826513084633,0.1949346874033375
72.95,0.19781180652914426,0.10534452885970048,0.13031933739155077,0.2673880557610258,0.2000762190025432
73.0,0.19079153872820634,0.10672555418277745,0.12805722823490467,0.2719748596266463,0.20165690154953292
73.05,0.1903583079302591,0.11424968176168505,0.11718102872401893,0.2788423781969575,0.21290262461845907
73.10000000000001,0.1865491521264069,0.10932705275438466,0.11390781856406083,0.2764261404586646,0.2253708435966306
73.15,0.18285722870547114,0.11377215009787146,0.10300460316024372,0.2736379902950519,0.23858920024452074
73.2,0.18114709503820203,0.12248809497519575,0.097264188587488,0.2775852081200424,0.23344301567842018
73.25,0.18075849607617514,0.12642825672583252,0.09361714751532298,0.2840127266477684,0.23017117354562847
73.3,0.17695224660557085,0.12786012227734667,0.0895895732613584,0.2856538246059519,0.23906392688917028
73.35000000000001,0.17868111067145548,0.12321776400193994,0.08708237074557183,0.29671821506906,0.25343033657838887
73.4,0.17286194414860956,0.1301801044741937,0.08202212452510503,0.29113737188564626,0.24832631899118218
73.45,0.16595299302056019,0.13452643745374201,0.08079930107174635,0.2951147778226673,0.2392999369347504
73.5,0.15985462872437345,0.14177371771997244,0.07323245492177724,0.2875010329534112,0.24515237197535605
73.55,0.14918941783375744,0.13436521546904484,0.07284865784392405,0.28573122081882246,0.23798218462241655
73.60000000000001,0.15144916351578164,0.13806312943977497,0.07371804692527681,0.27991189493666113,0.24038192307550854
73.65,0.151610297829787,0.13985392142330638,0.0720878903144378,0.28715380235596927,0.24063797168333537
73.7,0.1416832449920916,0.15324529792455294,0.06891568338586831,0.2786384172643377,0.2432442232188628
73.75,0.13704819530333937,0.1445136567357812,0.07568473763131721,0.2766010089363024,0.24358143321435377
73.8,0.13260106586170387,0.14014029439031683,0.08219812811289165,0.2800283638268859,0.24267649064247715
73.85000000000001,0.1318585986116235,0.14627854591524236,0.09795477315072525,0.2835415741301759,0.23843923920435484
73.9,0.1185343900039276,0.14657316639993512,0.10403556740732138,0.290251019886829,0.25330926584679736
73.95,0.11749118705570553,0.15525770376680245,0.1045206860921843,0.2847496501261171,0.2556487493561724
74.0,0.1086659001189008,0.1515440594401384,0.11183708512002893,0.2769993129281048,0.2775779009743808
74.05,0.10517563250639024,0.14817459358652071,0.12124167674884181,0.28247915840539,0.27012154432988006
74.10000000000001,0.10077660785952292,0.15440107618227752,0.1295715619783483,0.2862374999256244,0.28684076965086897
74.15,0.09749515017430911,0.14895548796971336,0.13816943289454833,0.2924481966920675,0.290222700352705
74.2,0.09524016948077733,0.14134523012387287,0.1480568774667149,0.2997890303354842,0.2944619204741081
74.25,0.08685240832333128,0.13836107542790438,0.15727102341658653,0.2955905052222599,0.2992896317553619
74.3,0.08823670356577758,0.13498394014602336,0.16826912341782968,0.2907124806194202,0.3064761189774497
74.35000000000001,0.07734073323420694,0.13026038704412374,0.1778182470268399,0.28284130713019173,0.31165892862171035
74.4,0.07678798663767367,0.13255034646777475,0.18675669138447065,0.28371383110879955,0.3064432894582698
74.45,0.07554385413315062,0.14284075403159052,0.19093778090426614,0.2895007458777356,0.3156710502765964
74.5,0.07139642383217978,0.1387482414768494,0.19513219993026143,0.2857943420242101,0.3234795640266155
74.55,0.06596096494544329,0.13744989941011473,0.20543880533429967,0.28587101906161155,0.33807927419283595
74.60000000000001,0.06808798572648286,0.14973217588714247,0.217013889320159,0.2837051214395975,0.3424524431847763
74.65,0.07134300380918368,0.1569234805604068,0.2223744761033395,0.2932472413146782,0.34365454905697435
74.7,0.07188667561073336,0.15288904585885743,0.23240773113517635,0.28552426782804863,0.34355285777119515
74.75,0.07684924897442867,0.15351395917283675,0.2415695667149434,0.2948822245162759,0.34951772870470316
74.8,0.08304533356065742,0.15843639863823802,0.25245182658775167,0.292211013579688,0.34745068251660943
74.85000000000001,0.0850459181187561,0.15953674463212128,0.2593701863959834,0.3039741717169194,0.34749093480734133
74.9,0.0921035067929216,0.17389598884768134,0.2621904536451424,0.295703872879447,0.3480267614998704
74.95,0.09521828540747947,0.17746295099161108,0.27301474441047824,0.29741346752850856,0.3504281492059419
75.0,0.09570776187818235,0.17535921664490053,0.28199071496251166,0.29790099908641104,0.35863416113378394
75.05,0.10323937139999663,0.18455125509650028,0.2866578256539452,0.2999758470876391,0.3615352161822049
75.10000000000001,0.1107666198301725,0.18609762706640245,0.2936758538548039,0.29024076322959147,0.3629799477282738
75.15,0.11547807987213438,0.18958981962593116,0.30237242642961504,0.29126486711577904,0.36734453343271506
75.2,0.11587027549651799,0.18677368522286075,0.3101979354320054,0.29676254011336295,0.36935859956192374
75.25,0.12017403635183772,0.19504858055381738,0.31202047791240545,0.29150747149065037,0.37518849534583526
75.3,0.12557026296853985,0.18983924635678298,0.3269280478686692,0.2879372621927575,0.377077390763976
75.35000000000001,0.13377311387866264,0.18537769495565118,0.33001687211083114,0.29354210944900905,0.3832189815379215
75.4,0.1410421579932906,0.19053175904029407,0.3394202355000788,0.2904822614579236,0.37910754381328027
75.45,0.14687865551666565,0.1946421702155113,0.34772964122436606,0.2909529418745987,0.38859369703825136
75.5,0.14293479706063253,0.18527172151611007,0.347369561238292,0.3038197706190535,0.3959517174695411
75.55,0.143277887266979,0.1870505672822441,0.36021619587405834,0.308804166723634,0.40020554334716135
75.60000000000001,0.14374971545466955,0.18649982812900867,0.361345415588169,0.3074928380891795,0.4071298311864891
75.65,0.13990709585660074,0.1873779578852804,0.3662936437863555,0.31495682787743434,0.4122484074981618
75.7,0.1353107466561729,0.19741462154733994,0.36824578881140674,0.30968529301213854,0.41236993798351257
75.75,0.13371836463625422,0.18500085283669063,0.3698789126042113,0.3146700958588701,0.40916441532259173
75.8,0.13333095190905647,0.18351073672002696,0.3754293036332443,0.3054406035956709,0.41140652670997474
75.85000000000001,0.12785563017013818,0.18380398746212526,0.3843767069070808,0.3078326584410242,0.41288970985726064
75.9,0.13252394033513415,0.18703073915352394,0.38652049139765726,0.3039800310535861,0.42014151548388057
75.95,0.1364869120581612,0.18712648002753957,0.39040097363656495,0.302496254258825,0.4191473612335784
76.0,0.13855862543446204,0.18142081701644672,0.38535782626875614,0.3105861300405512,0.42244049770921
76.05,0.14648960835983754,0.1772333200412656,0.39412958832512923,0.30889592851446657,0.4234594845177804
76.10000000000001,0.15089985194490396,0.18148936139927058,0.3940903190609368,0.3042265247707135,0.4188779861688108
76.15,0.1567358913720071,0.17435528428088687,0.39400759593065304,0.29273670388398654,0.42175397229323314
76.2,0.16024705804897402,0.1684846654686383,0.385995866536458,0.29197794527770715,0.4268992543167806
76.25,0.15927052648524048,0.1600167901289898,0.38675028192940064,0.288324567464509,0.42787330149639546
76.3,0.15579936799520785,0.16122886914320195,0.3815140499904238,0.2802991015707062,0.42638553064909324
76.35000000000001,0.15521693770956757,0.15230885691795804,0.37740545901374034,0.27658094626786545,0.42417415353370297
76.4,0.155199887843803,0.1455957833459484,0.3908077706769339,0.26731781789049813,0.41571370440318234
76.45,0.15221238089025604,0.14647444795785786,0.3941927675832562,0.2737775620988473,0.4212521942976958
76.5,0.15301435698365742,0.14504303576514724,0.39527401545808205,0.2772096372667339,0.41914780295652365
76.55,0.16056400034933382,0.14018876822962364,0.3953022196889611,0.2712207576351069,0.42605435626339583
76.60000000000001,0.15871846048317,0.14221518890867108,0.39592907045999404,0.27870246388401076,0.43120480295015007
76.65,0.1625372664632596,0.13094409825373415,0.39028456047837307,0.2780466920566111,0.43161860848676614
76.7,0.16620701160577434,0.12348635189772632,0.38403455676562515,0.2749185100180702,0.43070326742537746
76.75,0.16652446262671816,0.12089050572079381,0.3703257472485022,0.263409031189463,0.43314329106774935
76.80000000000001,0.16165705556890353,0.11339957232792262,0.36293043053789864,0.26624599526442033,0.43131374058958877
76.85000000000001,0.16465813229860077,0.1052782597225811,0.35637608148014993,0.25220321230448794,0.41917333513449123
76.9,0.17324731271474383,0.10094730195163516,0.35237677360131053,0.24233969089413523,0.4110688523625533
76.95,0.1644911985845576,0.0956908467342564,0.3458843585512178,0.23431738259402918,0.41759057912304154
77.0,0.16100753302800622,0.08728561959633035,0.3482948494921332,0.22380760988207687,0.4156970158820429
77.05000000000001,0.1570043141785587,0.0852298953014646,0.3498954454210471,0.22901841003124226,0.4070189579586612
77.10000000000001,0.15415159450337776,0.08618698483442516,0.34520234517407455,0.22761998175128212,0.4087934549000053
77.15,0.1536777312439806,0.08377998777350318,0.34618028213416624,0.23180945366458452,0.4147563111922566
77.2,0.15999613120456035,0.08774398448334222,0.3341095908810375,0.2347476499356484,0.4131815698242895
77.25,0.15687123260257663,0.08122101671732537,0.327574932637703,0.2293822672042052,0.4141170861516602
77.30000000000001,0.14832331277963298,0.07142406801407676,0.33025662603376693,0.2351628714368129,0.4085362611932631
77.35000000000001,0.14250268561724336,0.07757459041044625,0.3346326034696845,0.21973174970705858,0.4100084165376505
77.4,0.14468256098003313,0.07406935807862053,0.3245603745568722,0.21911705487707062,0.41810125595712777
77.45,0.1422213925938119,0.08038423520718514,0.3215300924806916,0.22247118852019596,0.421343136909699
77.5,0.14244094109840003,0.0840570558465342,0.31583048848473666,0.22534268569399454,0.42062912768014843
77.55000000000001,0.14181688600099315,0.08534767567477566,0.30442049595428705,0.2205049207310742,0.4195567187180739
77.60000000000001,0.14496621805216361,0.0827302307407531,0.300219773681658,0.22015462122463844,0.42005204104739335
77.65,0.1358158390767213,0.08757800782926496,0.2840808481015868,0.2114063005093722,0.4187623025926722
77.7,0.13202902341082412,0.08344611423178919,0.27671306872981216,0.21140574412698931,0.4160277491641476
77.75,0.12277605166842116,0.08319170583844857,0.2713754174373214,0.20783470363716963,0.41709684843877975
77.80000000000001,0.11761911416935394,0.08283535635345005,0.26986845281096855,0.203757113022043,0.40903663466283985
77.85000000000001,0.11051289610656698,0.08084228369451771,0.2701758156411524,0.2061336220951142,0.4165224599831012
77.9,0.1084590184286042,0.08584074858415049,0.26237144454454525,0.20723255775114036,0.4163211159373591
77.95,0.10678882405644216,0.09252357926242558,0.25016406964761567,0.21292613041993216,0.4203853023863758
78.0,0.10750115255251774,0.08512391756257487,0.239960414424443,0.21420943273044776,0.4132217354091474
78.05000000000001,0.10601500700848418,0.07793197492003182,0.22731431214016565,0.22088945877007127,0.4118133643464789
78.10000000000001,0.10109170032106458,0.08217798741638452,0.21963428986122238,0.21731938470567366,0.4176523036785681
78.15,0.10119610102006946,0.08692730178680025,0.2191532353711586,0.20735081676790737,0.42407177734053103
78.2,0.09934754614006973,0.08801061613567371,0.20476378574155363,0.20854532324156014,0.42234894218032126
78.25,0.10333849889601125,0.08853861532830651,0.19381027360458902,0.19759815480832715,0.41914528516841465
78.30000000000001,0.09490710375726939,0.0887614932588271,0.18891957768426923,0.20936214943579448,0.41873117691804845
78.35000000000001,0.0976319781348724,0.09644945643575518,0.18768994648723822,0.20449710298363222,0.4156181076188081
78.4,0.09015823357364998,0.10627690544145044,0.1710909779008776,0.2085867294565013,0.4253980230644562
78.45,0.08347409084661908,0.1070232662662786,0.16869766556822938,0.20706549211518016,0.42054864788020146
78.5,0.07909770897224881,0.11354598611438016,0.16511107431369046,0.2086372734995312,0.41732586120188375
78.55000000000001,0.07390236173871761,0.11858134154402357,0.14967236359202254,0.21464498868674217,0.4266978881759642
78.60000000000001,0.07205807348509671,0.11787292583906767,0.13645227617589847,0.217252683503476,0.41391718324752774
78.65,0.060364103206901644,0.12414377156156317,0.12758089445175586,0.21326780748732696,0.41408341508334057
78.7,0.05337741134404112,0.12258324210471407,0.12165569373795705,0.2280997144860508,0.4146527396418058
78.75,0.05497011912687733,0.12097499963853223,0.11704842306897711,0.2279604119128583,0.4006978672195715
78.80000000000001,0.04815879851287363,0.1236565010518748,0.1070900608165489,0.23312840130931467,0.40002540478616583
78.85000000000001,0.043066349132913385,0.13244622592653496,0.09821190674808518,0.23512648019224575,0.39468362614191277
78.9,0.039056700271405766,0.135288611077913,0.08489027821278529,0.23632148051927437,0.384602735179695
78.95,0.04284616301150862,0.131708291609242,0.0798443534738339,0.23305343439520532,0.37442210824024463
79.0,0.04589419266693098,0.13404603308528482,0.07699132786297287,0.22386109036842491,0.3611996348226505
79.05000000000001,0.05027971673170504,0.11824628322376157,0.0663783213630109,0.22560248826464802,0.3549540767658811
79.10000000000001,0.04928396302177908,0.11825417147300156,0.058138803943684744,0.21579130973493077,0.3417640895068352
79.15,0.05267708055803609,0.11236939078109529,0.051753242643408366,0.21777401658078432,0.33339780928144086
79.2,0.05587082007308834,0.11745835704506213,0.04962976869852703,0.215959998000922,0.3309787817265965
79.25,0.060151413496743696,0.11188419292855983,0.04324204993650375,0.2081731833094707,0.3332231990748973
79.30000000000001,0.06095910996161898,0.10538781749936671,0.03944871360632253,0.20851006017519744,0.33022600456920426
79.35000000000001,0.06342495219791221,0.10579263158932671,0.03342681189913986,0.2095029479339647,0.3287712698389896
79.4,0.06863023903464524,0.09989950642059602,0.032544450901928215,0.19906127556369693,0.31675812900654227
79.45,0.07255011716703152,0.09215436926934231,0.03493187441403761,0.19966933647318927,0.3221953860268617
79.5,0.07848298272397326,0.08811655236860383,0.034435031121274357,0.19997156562675306,0.32048361974061235
79.55000000000001,0.09125096454728289,0.09227941145590497,0.04234730549402994,0.20185260922878476,0.3210558631247245
79.60000000000001,0.09341880334878108,0.08663916137031283,0.049715519981785215,0.2031674988738023,0.32662704880549187
79.65,0.10066521249387002,0.08245450404439712,0.05620696415709276,0.20423512333801525,0.33294379630276394
79.7,0.11209818105367418,0.07793153260496985,0.06099804065776577,0.21672246416058855,0.32416793097356866
79.75,0.12112539316015439,0.07313208875870726,0.07589947075988372,0.21427733730699497,0.31537108922436957
79.80000000000001,0.12721227472982594,0.06665969906547001,0.08453726173943844,0.21410839730408823,0.3017449006556703
79.85000000000001,0.13054705978746522,0.06642944590761529,0.08942984692415731,0.21622229760542092,0.2758530418633012
79.9,0.13847703586291096,0.06374760552635238,0.09918006589428652,0.2227115078128353,0.2629634011572274
79.95,0.1451587163782921,0.05447387545977587,0.10678663628166296,0.21392360322397527,0.2682276366440374
80.0,0.1493382175249697,0.05447648588146218,0.11140281138476345,0.21181363526642133,0.26253117250429037
80.05000000000001,0.15597059939023653,0.05060662752231828,0.11649800052881171,0.21719694643635318,0.25266562477694593
80.10000000000001,0.16549879383816968,0.042269814321184894,0.12591373263753722,0.21416675681921385,0.2545034195749813
80.15,0.17584310355582938,0.043743328816642654,0.13894598168370373,0.20723288340222676,0.2498902283643482
80.2,0.18860524964362285,0.03653456358357309,0.14075511050694556,0.21293335851327685,0.23586661066351253
80.25,0.20362834679431416,0.04004606661285831,0.15037639569181077,0.20952185441039073,0.23965486396834815
80.30000000000001,0.21224786378869043,0.03943096508508547,0.15531958056505937,0.20173043504950147,0.24102332508898275
80.35000000000001,0.21780449676467065,0.03782391419339601,0.16369621802138173,0.20113858310715468,0.24615818441297388
80.4,0.2240232453887355,0.03700588179520187,0.16583134166811192,0.20223865853159878,0.2364298153636666
80.45,0.2285301904653626,0.0344197472823929,0.1695817683364517,0.19986059140811466,0.23215015029618324
80.5,0.2267915591848535,0.026364294032140058,0.17652850309406765,0.1951940302679625,0.22980655024735996
80.55000000000001,0.22768781565598142,0.016976726328344533,0.1846617009430184,0.1897004840928501,0.2302083749986231
80.60000000000001,0.235629493474467,0.016116161090670086,0.18556185708327258,0.18439785107518236,0.2268521813818024
80.65,0.2432007397744591,0.00689788475773876,0.19024011403247065,0.1857441341332184,0.20929456345549297
80.7,0.246290610033311,0.004367741195274334,0.19372852026541335,0.16919793801457353,0.2069513672383622
80.75,0.25069397606436755,0.013740673743031557,0.2076665915279679,0.1691859461505828,0.19952970179251447
80.80000000000001,0.25047648932620964,0.011912174549231706,0.21478294499682346,0.1652026511052739,0.19359209140568215
80.85000000000001,0.2524421248227156,0.020312063978620704,0.21976467092645768,0.17231595177689,0.2005380189488625
80.9,0.2542769709374844,0.018018691378545976,0.2175777932646708,0.16939007694355335,0.20819454244264216
80.95,0.24787645719287582,0.018785346857849824,0.22647053763793593,0.16457951095351453,0.20440925408117935
81.0,0.24498375367327707,0.021684762173503295,0.22675903433919786,0.17523379548115559,0.2010041912847844
81.05000000000001,0.24985839606987773,0.020755249219159423,0.22798601616347589,0.16567934996560818,0.19413123801356577
81.10000000000001,0.25957993965938614,0.02944451494412879,0.23126060416527786,0.16198737184524695,0.1829340300967152
81.15,0.2534165736262643,0.032993015346721145,0.23485977693569376,0.15998374202490215,0.18355701081831788
81.2,0.2520318598768194,0.03317400294450927,0.24189017791154166,0.1575668044396617,0.17837840384862677
81.25,0.2572859773589365,0.04083327902396346,0.24761359208050973,0.15116695288425647,0.1683472165934914
81.30000000000001,0.25921843124691984,0.051451718926630224,0.2507651674665514,0.16108826792646244,0.15792140342291178
81.35000000000001,0.258998708065038,0.06134831220613277,0.2558200228753641,0.16255509797156537,0.15852482410185806
81.4,0.2616291035520237,0.07340840109401088,0.25866166273597874,0.15856970015431046,0.15158922581381717
81.45,0.2589412590458499,0.07735266822066447,0.26594692838292255,0.16154333168729737,0.1464000318454075
81.5,0.2586633123623437,0.07634283166238474,0.26647214410167513,0.1645831210315573,0.1377118732029066
81.55000000000001,0.2596121394543955,0.07188817556591313,0.2577930080615929,0.16623443792256443,0.1404940124661772
81.60000000000001,0.2567851979863782,0.07695112716713198,0.25358616936530365,0.16796555729730347,0.13310780733157307
81.65,0.25542729361979194,0.080307453624882,0.26012438708995456,0.15994900987643104,0.12728287292725546
81.7,0.25764751410510556,0.07705608354998855,0.2587989317056346,0.15701313290961835,0.13008671082708648
81.75,0.25660394878619597,0.07913730106930099,0.27187902045638834,0.14838481489335373,0.12832888682779203
81.80000000000001,0.2583614654628799,0.0768324437577772,0.26540487830302345,0.15531697722887305,0.12414905814827362
81.85000000000001,0.25719622727126995,0.08729711972393522,0.26184099486484586,0.1444168612600036,0.11897923225125163
81.9,0.25220188200223104,0.08563683026207003,0.25892012164416234,0.13724920399597856,0.1152803260439212
81.95,0.25619503053841414,0.08893190709007895,0.2652083691154174,0.14311354523089306,0.10720650025194388
82.0,0.2537586118728738,0.09087039046159358,0.2644308714089417,0.1376559701680374,0.0945642690425882
82.05000000000001,0.25592798896572927,0.08728398624141921,0.26121253200119454,0.13282561902243015,0.09286574222210348
82.10000000000001,0.26204036265683006,0.09707843454469227,0.2529124237223778,0.12751641347374962,0.09144828810098181
82.15,0.25744924615017906,0.10062202993636256,0.25647686969575423,0.12122541677188171,0.091203007268717
82.2,0.24981380697818856,0.10204981709937454,0.25908365597878474,0.12780782403940324,0.08283436096359231
82.25,0.24034957977711238,0.10938282205109202,0.26348697469839183,0.12023482940271242,0.08238134961006002
82.30000000000001,0.23862530801522486,0.10803971636166668,0.2649311086393612,0.12960582083091923,0.07590342950010133
82.35000000000001,0.23411606727636253,0.10507181942284075,0.26087996208265546,0.13106981879862192,0.0724912749886166
82.4,0.2299227715113265,0.10512298968286896,0.2619639327232926,0.13707192411250071,0.07212053241980464
82.45,0.22562645929298575,0.0999616378379962,0.2558497914287956,0.14377394650991865,0.07291846035964945
82.5,0.22146919216477529,0.10478165362334863,0.25097210776270185,0.15431279855184557,0.07602246045062164
82.55000000000001,0.2149633849203429,0.10554487681883314,0.24434159043722684,0.15456503446659775,0.06587113435862636
82.60000000000001,0.2146370226005915,0.10804824468912075,0.242643178774772,0.16075310365482853,0.07642786558514163
82.65,0.20432495468721787,0.10792298149741437,0.2439161602711588,0.14697906656874013,0.07678842869293492
82.7,0.20440046908749934,0.10437871569997215,0.24401099602499068,0.15445873198737461,0.0773067208176674
82.75,0.20335435714955352,0.10823331309522571,0.2387799032533976,0.15693022076174515,0.076917909137409
82.80000000000001,0.19087696143045804,0.10995244017281043,0.23172387028221997,0.14840872724248624,0.07520725813611237
82.85000000000001,0.18153903368512675,0.10581948537731323,0.22172243352362828,0.14576114094196158,0.060790332897001934
82.9,0.18894210617806464,0.11303146208765547,0.2179783806868748,0.14117120884459866,0.05177231200936921
82.95,0.1862284777857047,0.11589055019488227,0.22161856155102755,0.1377398076682692,0.04671080420609744
83.0,0.186254845840703,0.11209758913280558,0.22390626575594547,0.14359991446896156,0.040351859539663755
83.05000000000001,0.1767348723349844,0.1110964418253753,0.2254788222836273,0.14615495829504696,0.055392900191773065
83.10000000000001,0.169006237019204,0.10998589085502472,0.22514367655908707,0.14631132511372288,0.05486379813284762
83.15,0.1640094517089919,0.1019773157147828,0.22613059929056248,0.14106400626417898,0.05746110110060131
83.2,0.158244235364407,0.11075910521532403,0.23006421725515885,0.14084574113177586,0.057629877928434076
83.25,0.15008851002065682,0.10666027063519273,0.2282602310162484,0.1415606700055371,0.059505091712249714
83.30000000000001,0.1481828789199821,0.10153166486536551,0.220689270514703,0.15219818349542075,0.05850467071058164
83.35000000000001,0.13963278962520292,0.10143787070095342,0.21890597800472927,0.14311088302875108,0.06148325589903204
83.4,0.1318485073181093,0.10052819076525041,0.2099534457330517,0.14318848584358168,0.06236267095018407
83.45,0.12358886922438662,0.09767735083903309,0.20683885616748166,0.13527665370432274,0.05888413963109153
83.5,0.1225845123330416,0.10049888837333071,0.2016564527328765,0.138885672452824,0.055981919457445836
83.55000000000001,0.11869316312606473,0.09235962366580229,0.20066185323847519,0.1295931382924591,0.04880132727592698
83.60000000000001,0.11124069819997941,0.09423717978035702,0.1946665472325934,0.12905831411586227,0.04879985374387067
83.65,0.107123469749501,0.09201753646057464,0.19414775440224494,0.1169387444173998,0.06829890468535593
83.7,0.10553329691177019,0.08994585494497184,0.19209227422523104,0.12000016443352728,0.06805786050979638
83.75,0.10743295531955743,0.09233226829341389,0.19345236097544513,0.1150546736263649,0.07618841490390502
83.80000000000001,0.09563798588145865,0.0878033404258637,0.1827826488032766,0.10846728009227458,0.07751529101176077
83.85000000000001,0.0893752948644039,0.08252327107484941,0.18152092839759543,0.1053875135924839,0.07695897445420191
83.9,0.0906780395070016,0.08877052098147015,0.1830651873632715,0.10474818495526825,0.07514723593749012
83.95,0.08338064868902538,0.08333336426544288,0.1829086109334254,0.09906494907849976,0.06882475255139944
84.0,0.08625662668843802,0.08363964598167341,0.17565822049803903,0.09907241282129953,0.07067039766284391
84.05000000000001,0.07674386928490368,0.07660181353455932,0.16170278426920603,0.10489867977790107,0.0707226975766714
84.10000000000001,0.07150771506318013,0.07508343044833757,0.16246080863964849,0.09636612035075201,0.0797658271397091
84.15,0.0641765984887063,0.06764873344038766,0.16783069269627143,0.09849551810851936,0.07759921412921324
84.2,0.05811202135974277,0.06809234412023582,0.16212512164653034,0.10073644829689811,0.08055347266140814
84.25,0.05486826577850026,0.0677382463689249,0.15819673766920583,0.10450431846876239,0.07724121925010805
84.30000000000001,0.054919450324124056,0.06810415321434993,0.1478526383053872,0.11042373378141149,0.08378087876357627
84.35000000000001,0.06083145987117,0.06269391795184538,0.13483535463355037,0.10454838229101716,0.08127303986902196
84.4,0.04947341090942007,0.06139753246191937,0.13101657494503036,0.10267639840755637,0.08305936570875373
84.45,0.04340877228782169,0.061326865426323575,0.1304732898880901,0.09988793710475592,0.08715170914779538
84.5,0.03989653328616309,0.06308401610791928,0.13225169480912383,0.1052325575566531,0.09252513445675066
84.55000000000001,0.03899469170171769,0.06369735645419582,0.12707040496971253,0.09895170618740844,0.09445844075887616
84.60000000000001,0.03838966267021235,0.06413968191579483,0.1254337118407078,0.10204402962499179,0.09714152476712984
84.65,0.04463414740219042,0.06825612383134813,0.12248392963669008,0.0944615540357834,0.09022511326794808
84.7,0.0414074345237737,0.06826061190456052,0.11843452783402131,0.10798204343719486,0.08537832480361804
84.75,0.04405044968084912,0.06328351103324069,0.11884574194059261,0.09545738069736913,0.08148986555897321
84.80000000000001,0.044735825407023026,0.05638337052816612,0.11504204333824715,0.09893808238315228,0.08731416793537806
84.85000000000001,0.043164922249472354,0.05158629214325229,0.10775836250476227,0.0989859649732282,0.08877450256439647
84.9,0.04344073946410822,0.05901586874089291,0.10473773174954573,0.10499262484459938,0.0801256992261248
84.95,0.04367754165014619,0.0601374922980405,0.0995168102376762,0.1065319454948264,0.08118643998276726
85.0,0.045440270798575835,0.059702310094833136,0.09503128509124308,0.09473213163754027,0.09060357368973876
85.05000000000001,0.049099159094863856,0.05910067259889474,0.09532848451867298,0.08926425941765319,0.0856991713677391
85.10000000000001,0.052222170212860755,0.06462507754311728,0.09340593130111946,0.0912699994504579,0.08885609145282783
85.15,0.05491050042869305,0.07121118623077426,0.08996911260999657,0.0921465538248913,0.09726557380497937
85.2,0.05100107135819257,0.07835463648015253,0.09215208246788247,0.08735040754271214,0.09416371953329031
85.25,0.048872809558178916,0.08579344605458544,0.0930021966544172,0.08130883618419384,0.10373133745809315
85.30000000000001,0.055454193764148986,0.08949612903904171,0.08942635950580592,0.08272422480002314,0.11055001212303187
85.35000000000001,0.05420531845057329,0.09506513143588995,0.08598459486982046,0.08195396260339043,0.11033069549043793
85.4,0.06317567758930943,0.09837814300903529,0.08074502442949631,0.09621462288186503,0.10888358057777835
85.45,0.06415091920236261,0.09592558673692611,0.07668396170876592,0.08737617115284428,0.11013102343115874
85.5,0.07212396177629506,0.09568495093372409,0.0708650186115038,0.10106469839386721,0.1185967191240317
85.55000000000001,0.07574566820316897,0.09214987378440208,0.06287863007699239,0.09353289227554341,0.10141093635949995
85.60000000000001,0.07076532216658456,0.09152192723127607,0.05612249607609545,0.08932561100125347,0.10454451910098973
85.65,0.067843340970413,0.09285443034926846,0.05001126925936476,0.09892708118536356,0.10113497632249713
85.7,0.0692306390106076,0.08842699056864171,0.04377709698179659,0.10706904517432213,0.09261439129502828
85.75,0.06980633442079172,0.0919050814562613,0.039360232850609585,0.1097649695237076,0.08353470745863385
85.80000000000001,0.07123065738447844,0.09788820614099346,0.03498013863259678,0.12247814731801379,0.07903336548375456
85.85000000000001,0.07385502638803029,0.09562543963450844,0.02842096820096227,0.11960553918158402,0.08246282181121461
85.9,0.07694985075905875,0.09412473693010513,0.019152913500284363,0.12328614582808878,0.08615666441793995
85.95,0.07321110929212576,0.10678407631532998,0.013337541177909876,0.1279445664143616,0.08954637022160863
86.0,0.0692987044828856,0.10519740900636279,0.017916789367400477,0.12419803121468158,0.08479398598733053
86.05000000000001,0.06806244004407379,0.10766096356547901,0.02185252960419204,0.12732647570270877,0.09053601581668809
86.10000000000001,0.0638389027448709,0.10036774367814265,0.025346811788451665,0.13041806746078305,0.08862599180392458
86.15,0.06980889307330643,0.09822518976263958,0.03060676433403023,0.13689623804519752,0.0748130363735677
86.2,0.06824464680160768,0.09507306154196736,0.035829335527663465,0.1391406368029273,0.06513461312456173
86.25,0.0650172617384158,0.09662997305224885,0.03993877166549251,0.13540898326602083,0.06721672631879577
86.30000000000001,0.0631191041278279,0.1088539917057278,0.05000582397861278,0.13158798628435234,0.07031901503580583
86.35000000000001,0.06430521659188214,0.11323106573767852,0.05724178515783958,0.13390672536691114,0.0663792260062503
86.4,0.0665176546721471,0.12045915496563311,0.060724531265213544,0.13172378148136507,0.06463880026241618
86.45,0.062496063958661696,0.13489428354344118,0.07525165437051402,0.12731138518567833,0.06994562835345765
86.5,0.057730794755657636,0.1307162800884239,0.08672870718334703,0.11829062304143759,0.0682733168710511
86.55000000000001,0.056339441085205666,0.12972971974890063,0.09679592645340669,0.12526448718920472,0.06576908061595121
86.60000000000001,0.05586236415222391,0.13660535130837415,0.10318734845102473,0.12278043058771018,0.06097966558064164
86.65,0.059150193325751464,0.13752047529570793,0.1092682005401892,0.12272476806671974,0.06429303701452439
86.7,0.06002319918608376,0.13738714665862684,0.11946863164473845,0.12259844833878934,0.05067778118655943
86.75,0.05092713791882407,0.1372029383863558,0.12745948839702934,0.12406342854046191,0.05137282403061552
86.80000000000001,0.05654845501663865,0.12454912133835541,0.13601793207680254,0.1227631471686298,0.05213322674861958
86.85000000000001,0.05304543858046199,0.12402714052943845,0.14275624589393418,0.12954498198444245,0.05497363928553571
86.9,0.05037154172090584,0.12674394742240147,0.14929000795451733,0.12385961660781888,0.04781806782532076
86.95,0.0495476732108295,0.13070655890117852,0.16138173318312654,0.11366504815456012,0.04574418674378099
87.0,0.048036321259093996,0.1400230721528428,0.17070362060096764,0.12384635061644074,0.04028127776793428
87.05000000000001,0.04567596379879473,0.1414993202566351,0.17857256242706687,0.12187529394491298,0.03720692063996485
87.10000000000001,0.047494063839668255,0.14413910827673973,0.17753738007928088,0.12100181968600598,0.03764216973811513
87.15,0.051482062900496776,0.14368547196122342,0.1876356753089781,0.12313797466028349,0.04405186066156035
87.2,0.05780290394632669,0.1503549965371073,0.1910839369416919,0.12147385521766531,0.03725271617315436
87.25,0.05521964294433667,0.1497601664353825,0.20313623103305944,0.1147689660126741,0.04271927745193054
87.30000000000001,0.0583655556379971,0.15263929702267529,0.20553260575146168,0.12129147907010703,0.04148639649808108
87.35000000000001,0.05511144813182625,0.1530807603402319,0.21424279240074845,0.12272244341429969,0.04409763307712441
87.4,0.0478326651821337,0.14876496400496508,0.227177030309641,0.11997936436483413,0.042221543813339445
87.45,0.057250391050968824,0.15783917408322692,0.23541790620004535,0.12041331774443208,0.03579096528507428
87.5,0.060639569838737785,0.16233299221242165,0.24400053564804342,0.12545130643226707,0.0292013446130041
87.55000000000001,0.06669786568016917,0.159653948235629,0.24606546190272566,0.12158686951737745,0.024307042023726327
87.60000000000001,0.0629605352959261,0.16324520696123077,0.2575600834945037,0.12792382470135083,0.03299399472280592
87.65,0.07201567543756039,0.15848829780158954,0.2670956676438216,0.12749058542737407,0.028138301571451366
87.7,0.07543572699639164,0.1554167378501734,0.2671451123209956,0.13695169462233706,0.007427197662160893
87.75,0.0801698805473219,0.16100420799468393,0.2685197191466598,0.1262170909870514,0.0067445411131896345
87.80000000000001,0.07266712076593732,0.16809099996805213,0.27345836131112794,0.13166056983280297,0.011265383033079881
87.85000000000001,0.06816532751164574,0.16314078498855134,0.2781672674339895,0.12611946299901391,0.008033485732229909
87.9,0.07330333116514544,0.16448477021585317,0.2908390437512621,0.1324641375692914,0.010140084552575621
87.95,0.07285261702730972,0.1550943906409623,0.29245066494709104,0.12755851558069142,0.0056689151887153524
88.0,0.07976735999188954,0.1563779237985047,0.2974527501394767,0.1282110156823924,0.0026361496634670746
88.05000000000001,0.08018322827498267,0.1599388816889397,0.30114062507349215,0.12707301161001733,0.012116643451240798
88.10000000000001,0.08965652953716335,0.15112112012324802,0.31109722614562546,0.12872513615830772,0.01890196216585582
88.15,0.093496876550287,0.1530061364549761,0.31369263557825605,0.12639419064851898,0.02312455935278602
88.2,0.09755777343435831,0.15793365780270285,0.31642330088141957,0.1296110543377382,0.02358551556495612
88.25,0.09455165501611772,0.15714750514603013,0.31733964940499787,0.1357875636403512,0.02941780460680719
88.30000000000001,0.08870213144497893,0.15674503840859547,0.3248590135465834,0.13546011608846334,0.03975010176150999
88.35000000000001,0.09127536177137223,0.152466878540705,0.33327368099096677,0.13374804967382017,0.03912477830797395
88.4,0.09291939629746843,0.14411320447566078,0.33387889685748867,0.13367320761418314,0.04405361496202147
88.45,0.08971599522959808,0.14502783294362664,0.33933521928892957,0.14031030238424044,0.05486881673479707
88.5,0.10018835854056504,0.14023251379562973,0.3397563392344351,0.14964870048715948,0.05220628086624556
88.55000000000001,0.10032599020503265,0.14257313650265246,0.3350906957106579,0.14516391037749946,0.06010800435052176
88.60000000000001,0.10501984234602524,0.1337761682813096,0.3372625718511045,0.1392257998904446,0.06150120371324931
88.65,0.10570381381983733,0.13191585229413674,0.33931240135957935,0.13432978318598568,0.06673103132543505
88.7,0.10917203616837479,0.13284736594183014,0.34139411717929924,0.1362476839984349,0.07754274664702596
88.75,0.11655392084020141,0.1364979629503561,0.3344339971963389,0.12810698232027556,0.068074860709746
88.80000000000001,0.1214485818590158,0.11923839213841027,0.34138617015494765,0.13087325564483596,0.06832428993189925
88.85000000000001,0.13095236161815896,0.11961743371119513,0.34050131860477456,0.12965960900528534,0.08141248191582635
88.9,0.12876608553465327,0.11670401423318522,0.3531739823968969,0.12240787215125118,0.09207241253091789
88.95,0.13579748838197378,0.11504713159243736,0.354869061554046,0.14245157206353978,0.09217542733962258
89.0,0.14761445619554175,0.11490916854847989,0.3565201989214994,0.13082719537735282,0.11618802793919902
89.05000000000001,0.16189017649313647,0.11114435028615818,0.35901543596715246,0.13046713397820464,0.12046656326909555
89.10000000000001,0.15835546704612977,0.11021926697678304,0.3556517221551288,0.1336502218546214,0.14165079509202486
89.15,0.1643218984658893,0.10622963312086063,0.35489805730080304,0.13359942018893303,0.1428195016170818
89.2,0.16404036532312402,0.10181320480877377,0.3612785681351315,0.13282999105593374,0.13486200223552294
89.25,0.1683160602780567,0.10593315405418936,0.36239024736051556,0.13056536252042705,0.13982005263752328
89.30000000000001,0.16716041572343845,0.09613286404213221,0.366611467041924,0.13718867534431697,0.1440890230073158
89.35000000000001,0.17268967117005196,0.09458544325475958,0.3660337551375182,0.13711396982059304,0.16358520422144168
89.4,0.16974822796900327,0.08723652510356734,0.3643803045341276,0.1449976464272944,0.17207076006654679
89.45,0.1789561935104048,0.07879286957841994,0.36707282552800724,0.15224252033486632,0.1638996274786276
89.5,0.1782350937574755,0.07747720125215786,0.36643971873182696,0.16049676499804846,0.1709597593739238
89.55000000000001,0.17923964164254044,0.07516257944116445,0.3683613427415452,0.16694616220064848,0.17373664405545028
89.60000000000001,0.17423486396373913,0.0651797388868118,0.36934762853453645,0.16299074839357738,0.16736416536635748
89.65,0.17796487178427914,0.06873610613225152,0.3715177348769646,0.17065214231561518,0.17593975560087585
89.7,0.18321380084552213,0.0578088943907067,0.370981580380084,0.17572485660993165,0.19232965989265693
89.75,0.1843407892888068,0.06186765142245695,0.36394753396831975,0.17518281080670828,0.19736359841199538
89.80000000000001,0.17918450218160756,0.057173977006048725,0.3585450386630938,0.17463211386120356,0.2157650275375409
89.85000000000001,0.17752452587457676,0.051106683423085775,0.349372075347952,0.1706387848525487,0.21612587989389156
89.9,0.1743591216457707,0.0574054426132106,0.34273678886224873,0.17377733843091597,0.2016026989502917
89.95,0.1795048740507383,0.04579504167042305,0.3403580285199356,0.18085886268869164,0.19976230969959072
90.0,0.18850327384554078,0.05570506492282822,0.340503155796686,0.18591004685229054,0.19365005768937973
90.05000000000001,0.18420691802788494,0.050655029950029185,0.3410803592223307,0.18318008040779143,0.1995929294635409
90.10000000000001,0.1865956519845584,0.05013423845544669,0.33763550368937134,0.18780900409828338,0.21612743393033326
90.15,0.1792197283872262,0.04293900971341421,0.33051754928451815,0.18438215942952438,0.22756068188587666
90.2,0.17492104500276176,0.04057213673135982,0.3322607886907302,0.18856954145237625,0.23716623804111142
90.25,0.1723462274451371,0.04148583389437191,0.32918861457172677,0.19665364453218437,0.235354219674206
90.30000000000001,0.17986198457802954,0.03738522499901317,0.31309233347333476,0.19561586545647425,0.23644767272097608
90.35000000000001,0.17421245908066557,0.03935519909017634,0.3057616897141675,0.20159290394795573,0.24856009569533094
90.4,0.17726361804046128,0.045596700097928676,0.3022774623796063,0.19652308637528032,0.2501610211963989
90.45,0.1769070875084755,0.0484797020087519,0.29342795150943857,0.1973472482356943,0.2521386529754813
90.5,0.18189687509196134,0.04580163439117214,0.28705056475582735,0.19003228514529336,0.2580071558933369
90.55000000000001,0.1799839818725484,0.03491823017515371,0.2802285813805892,0.18668095604193952,0.25846022056202644
90.60000000000001,0.17532445239910271,0.04306260297954188,0.2709805866759773,0.18408153766449653,0.258309297297389
90.65,0.1682908218841079,0.0397123206215298,0.2711128485392004,0.1781109326453528,0.2592994060250298
90.7,0.16565943744714037,0.043328304695947145,0.26116914252749435,0.1801703289378729,0.2608154842828918
90.75,0.16386704558266235,0.042267293412661014,0.25341141467484724,0.1773410019259057,0.2648804871353968
90.80000000000001,0.15972207039033243,0.03836465936544776,0.24031818711893194,0.18345759783754015,0.26774573235900084
90.85000000000001,0.1562770461471208,0.04329914371870162,0.23388426100278042,0.19121396196512705,0.2726157894078582
90.9,0.14245630926244798,0.044596849842007145,0.22090168338352542,0.19491869514625534,0.28046773128393004
90.95,0.13771507876024308,0.04333458641542502,0.2043430920273624,0.19885653801111472,0.28139622874392617
91.0,0.13379714934194245,0.05345113731287591,0.19747772759458032,0.19168736435527767,0.2841121527688382
91.05000000000001,0.1392856152616141,0.06101281499756057,0.1942633873381728,0.2055324624977497,0.2824370900226787
91.10000000000001,0.13247506301833462,0.057007981895836814,0.18781352771725796,0.2095947256038619,0.28368914662846345
91.15,0.1263350502979055,0.05969895747114607,0.1803300469408322,0.20495410722115012,0.2930899627735306
91.2,0.12428242562010293,0.062033151246381014,0.1734320351513797,0.21045656596903833,0.29295424316124846
91.25,0.11960697045840415,0.06086094188992569,0.16606220174628428,0.2190090626718839,0.2966767448887085
91.30000000000001,0.11713033386917275,0.06453886834038675,0.15918753947933617,0.22232521697205332,0.2943435807000902
91.35000000000001,0.10893064013324957,0.06966031001774625,0.15040206076307233,0.21230747463346789,0.2927074034415898
91.4,0.11315384672402479,0.06861225691725645,0.1429190136758366,0.2123150412032956,0.2960933291844908
91.45,0.10420302130621463,0.06816979881636592,0.13523638875432664,0.21655131271965053,0.2983742538979356
91.5,0.09904819404751117,0.06757781233675011,0.128718031783941,0.2239460622005343,0.2982890988663429
91.55000000000001,0.08755883757670241,0.07549014778325987,0.12549521695400082,0.2144460625969582,0.3059199783448828
91.60000000000001,0.08647209575000112,0.07450086086006528,0.12058794084780246,0.2134513683931454,0.31907506051841755
91.65,0.08696121868685418,0.07523472673904089,0.11932941012279351,0.2107480328373354,0.3280592894355462
91.7,0.07685524148369802,0.07876635080331336,0.11734415620468742,0.20935113320655935,0.3423912668564514
91.75,0.07213878342815193,0.07836652279986757,0.11117075168734256,0.2110456737218051,0.3430455667723325
91.80000000000001,0.07099514987783423,0.0826131843169052,0.09939398717038277,0.21562788771303196,0.34361804597920176
91.85000000000001,0.06909782581152091,0.08578286030517364,0.09241042280250453,0.2116066611275979,0.35541013396611437
91.9,0.06480109950424037,0.08542930499493333,0.08497965227847255,0.20929955036036127,0.3594776306029757
91.95,0.06468300150921061,0.09334013488557924,0.07661668947487175,0.21368267006624364,0.3685671137679681
92.0,0.05975665461671063,0.09999999869562742,0.08162680756357132,0.20831427096502353,0.37546775596507426
92.05000000000001,0.05105032846337654,0.10005761378323308,0.08711786780648867,0.20958234321457236,0.3805556787581174
92.10000000000001,0.04873562624968496,0.10643288222480254,0.08849440418437277,0.21953997138065387,0.3969871167217818
92.15,0.04262752789804162,0.11061536708356713,0.10388725496722684,0.21584803038559175,0.408867373116723
92.2,0.03713328616223065,0.10282223870064136,0.11376226584424777,0.22290305034113633,0.41404930974650045
92.25,0.030542613092305847,0.11320894346408383,0.1234638569099033,0.22700032422020494,0.42145993210047733
92.30000000000001,0.027488624150510513,0.1137340743131347,0.13420761429698785,0.22851900060706104,0.4275592728703781
92.35000000000001,0.02556868686735699,0.11696255023847907,0.14312472042375599,0.23757119482292785,0.42583139635847284
92.4,0.016934868196885375,0.12659567585663112,0.1435482417351107,0.2576972011857448,0.43341088264143973
92.45,0.010966155665607255,0.12637120813585317,0.14548345072926464,0.2520707559293701,0.42242587604167225
92.5,0.004620764937187359,0.13229881778790373,0.15362951851299503,0.24315026832995446,0.42401056261600967
92.55000000000001,0.010546473472682885,0.1344451831689551,0.16082008477866538,0.24366974879810657,0.4257582785840852
92.60000000000001,0.005954674709873769,0.14041098306835062,0.1720187581618072,0.2421481981263855,0.41450077874383195
92.65,0.008576056774634093,0.1476972892089437,0.18156117777955363,0.24504012960186117,0.39957400860831005
92.7,0.013726548950846644,0.15745125839427832,0.19044744477163517,0.25268227025195883,0.4200065022532282
92.75,0.010376734793258317,0.15563550256652722,0.19943035572984497,0.25171593095452877,0.4221513498544334
92.80000000000001,0.020927587313147786,0.16845900203651884,0.21698532487052616,0.2584600917231886,0.4313754896165967
92.85000000000001,0.0240429230676693,0.17781306996435287,0.22313103908158144,0.2527385222857397,0.4361798673732643
92.9,0.030636418456870512,0.17739126840591532,0.23177771227098146,0.25568727346206804,0.44085881856366055
92.95,0.040537454696970676,0.18796554374650667,0.23457923139037604,0.2589804369245814,0.4505204729128222
93.0,0.04272039604344067,0.1941719095108957,0.24302193791204657,0.26374020123082353,0.44551466244796384
93.05000000000001,0.049443812810395185,0.18742086820687642,0.2472502635471534,0.26670642470359357,0.43975682406069605
93.10000000000001,0.056722898682258494,0.18926115305390387,0.2569141856927725,0.26104479638633715,0.43941434688436165
93.15,0.06324676047586858,0.19863746019803505,0.26220108166879974,0.26060735540386787,0.4438849503855222
93.2,0.07376560126737677,0.19491287600070809,0.2608785571586545,0.2577418503157823,0.44914751929903385
93.25,0.07002423568148611,0.1971820542541181,0.2723803968270551,0.24816177802135336,0.43899620584536664
93.30000000000001,0.07262541359207696,0.1915778226028099,0.2815533184644033,0.25467786908565015,0.4332805830218519
93.35000000000001,0.07216715724286524,0.19805382243489922,0.27980252291630353,0.2491216606723284,0.42749968426815943
93.4,0.07075453342506369,0.200031134812516,0.2851392985114944,0.23849943723280873,0.42091936274411634
93.45,0.0811109669306923,0.1980835238594611,0.2896396242534953,0.24130975241538827,0.4167061905682031
93.5,0.0955536156376894,0.20052579643413634,0.3015940530260412,0.2449083781821603,0.41540441212714285
93.55000000000001,0.10258320025170915,0.2078450266666441,0.30668625717581166,0.25264800428895406,0.42209315373362266
93.60000000000001,0.11032294728938769,0.20898989064876114,0.3133753207643772,0.2533800153372519,0.4245082687359077
93.65,0.11770775354451034,0.21424835205238188,0.3185755263021072,0.25955699751788885,0.4289675966617971
93.7,0.11871959749560987,0.20893839216395182,0.3231697926186356,0.2510242205632237,0.4269792996382848
93.75,0.12977379914405907,0.2090162261635009,0.3322701025819863,0.2515957244808659,0.42428022238147484
93.80000000000001,0.1368105055856115,0.21129550899048974,0.33763992267244086,0.2632510195577135,0.4201461698676621
93.85000000000001,0.1480074852949916,0.2236671167808294,0.3547136371144142,0.26165411941871664,0.42208680120955616
93.9,0.15928360109192868,0.22543666337754006,0.35783000146338645,0.26966935506542294,0.4329208092211254
93.95,0.1660134625288801,0.23010892649372375,0.36621294158475864,0.2770352300545905,0.4335730926230421
94.0,0.17761312985503908,0.23027490006567758,0.3637389628906177,0.27682744390631187,0.4341134671185058
94.05000000000001,0.17955574488599346,0.2314439802040876,0.3691762137601145,0.27673080790480514,0.4326556959414312
94.10000000000001,0.17659101820991932,0.22399996525520655,0.37471787721023003,0.2800944732764924,0.4367367896394765
94.15,0.17286694899933183,0.22884081877799375,0.3811956336232384,0.2865510763994802,0.43888653259959776
94.2,0.17483641578210513,0.23145358423784193,0.3866254941708239,0.2818797759870271,0.4360605210573907
94.25,0.18142168888812893,0.23634374592613563,0.3955947010000942,0.28888978159566314,0.44575040082645173
94.30000000000001,0.1880839027689469,0.24768302659455496,0.40445338724199037,0.2943330386630114,0.4483091589492827
94.35000000000001,0.1953278414055929,0.2419844060636967,0.40954597234500667,0.29740102932290025,0.45656844810339314
94.4,0.20239026530923432,0.255074268597389,0.4032430362243417,0.30346446493993495,0.46906610400677645
94.45,0.2097485448632336,0.24426823163153055,0.409059486345596,0.30039214099289974,0.4706774795407274
94.5,0.21032039337112804,0.2570672757160812,0.4140845593420853,0.2973226821008731,0.4679851701739156
94.55000000000001,0.21560427846400937,0.2526552110209413,0.42228534727960426,0.30909244491597077,0.45977285754473324
94.60000000000001,0.20883920443079498,0.2551127706138383,0.41520711550040357,0.31814318743894543,0.4726801632927662
94.65,0.2002746116882691,0.25539170436067044,0.42269140747056555,0.3148831246744546,0.4624474534827012
94.7,0.2052327838886735,0.24995024879844194,0.4221158501475866,0.31740865469033736,0.46728653737621273
94.75,0.20860722333016848,0.24836367177425167,0.4141626260325111,0.3254114047402594,0.4772744108090043
94.80000000000001,0.21198994752304853,0.2446010067404331,0.41701623485522926,0.3221779304252944,0.4705719206565403
94.85000000000001,0.21177525804176348,0.24753239209518785,0.4231793178106134,0.32976222841093006,0.47272312814911327
94.9,0.2124789765786027,0.25379516866795243,0.42301427519492224,0.33580282195392136,0.47880316597211536
94.95,0.21344468259118823,0.25491151391781147,0.42223420936336203,0.33264855532053067,0.48678368535241295
95.0,0.21254095351586708,0.25922656356186924,0.4211230563800566,0.3446913715574332,0.4867675313265053
95.05000000000001,0.20948084502768663,0.2662285569493107,0.414294561354875,0.3440595296254128,0.4857959531669106
95.10000000000001,0.20849790998109385,0.2694815557829236,0.40859001392872807,0.33871902226529127,0.4858730225736371
95.15,0.20924216925285025,0.2646148589634685,0.4028347337641781,0.3359466184300324,0.47776094527343366
95.2,0.21616297109795068,0.26230218832342583,0.3965685016344919,0.33922828565365665,0.4707136853856294
95.25,0.2111453401594573,0.26207179495095306,0.39317586063640464,0.33923307563898286,0.4644125400999788
95.30000000000001,0.20778330434132544,0.256391114968153,0.3888275792239963,0.331656375371498,0.47431050636809413
95.35000000000001,0.21000742251725726,0.25197480634704505,0.3871839690912141,0.32592860213555613,0.4717883232363315
95.4,0.2090466270003451,0.24261494377207754,0.3810065981313185,0.3262070093580924,0.4803608670823692
95.45,0.2149690730445119,0.236309838119594,0.37016037443524624,0.32943434244895187,0.4769974537414028
95.5,0.2154898118077316,0.23863095170470572,0.3690702379781225,0.33236292601681183,0.47505888752081055
95.55000000000001,0.2136236953173905,0.23924678454799186,0.36199768456740583,0.3422364003852987,0.4781508512810305
95.60000000000001,0.20920830386211522,0.24074343230013667,0.34705393431137593,0.3407979523389186,0.47508877895850093
95.65,0.20225591648076655,0.2374369385316478,0.341470353423116,0.34140321533251916,0.4666698930145315
95.7,0.2008398433239476,0.2425704161754304,0.3382966535084169,0.3412623191051326,0.4641468209859463
95.75,0.20259970639513325,0.23197908458907265,0.3282351363778974,0.3418196854105576,0.4655381960921889
95.80000000000001,0.19474014930916747,0.2342138876044279,0.3250024764130762,0.34213706581120645,0.4591336215087097
95.85000000000001,0.19147649103432182,0.22684896959685014,0.31594782571342067,0.343277510412488,0.46562386472765105
95.9,0.18880628090728743,0.22821000776077205,0.3012732704194352,0.33639222638450156,0.45034123208104676
95.95,0.18125980560366511,0.2189437342986119,0.2891969452371785,0.34113884726990834,0.4420525888299
96.0,0.17632826920255829,0.22167553339145216,0.29299013486522346,0.3329225500583532,0.43808999980731395
96.05000000000001,0.16606070336410844,0.2151334989781418,0.2894795066469785,0.3326351399314596,0.4350752328226403
96.10000000000001,0.1637280982066683,0.2159989729519681,0.2823785812035336,0.32799410626305636,0.44615527452099873
96.15,0.155462657152939,0.21397732898640415,0.2806735408858498,0.33665732860781444,0.44278457674563504
96.2,0.15248902212445462,0.2205245199730331,0.27103155504208143,0.3282124424328838,0.4559033899068648
96.25,0.1517765219489848,0.21669231696051539,0.26100903163680933,0.3357504395532908,0.45454737365409476
96.30000000000001,0.15135373984585185,0.21087438974612369,0.25678211160967623,0.33346130675255203,0.4538929135879875
96.35000000000001,0.1541310479707969,0.20861734456314993,0.2446805467335424,0.33317362198786876,0.4526611851742439
96.4,0.15044973690709665,0.1998552627697072,0.23662809971784884,0.328483074406191,0.4584136915889961
96.45,0.14812219938307522,0.20316423848539106,0.22958518469815584,0.32032364687094134,0.4632029393398832
96.5,0.13722464064351514,0.19825649264220568,0.22106522199818904,0.3222582683400895,0.4573987186643382
96.55000000000001,0.12902721421721075,0.19596478531106457,0.2181531571824924,0.3147563312327998,0.45565364673971076
96.60000000000001,0.12876875871780527,0.20318814546447875,0.20641622123053194,0.3254732263896495,0.44372895605347057
96.65,0.12596504874755288,0.20452826132451757,0.2009030203673583,0.32859385817176934,0.4276329843584697
96.7,0.12074484461802648,0.2059218625864811,0.19060020028781094,0.3257320424231453,0.4218300286035337
96.75,0.11777213941744923,0.20906214547135085,0.18407093991230428,0.3181802087797544,0.41930614588031784
96.80000000000001,0.10649439319911394,0.20870514328230896,0.16910965779915207,0.3218961639542,0.42626108749603314
96.85000000000001,0.09522572850751221,0.2156854359339132,0.17060648440868012,0.3265850143783116,0.42935728643335275
96.9,0.09129510706134113,0.20802035398149443,0.15949996436947084,0.333457682966267,0.4325984783353579
96.95,0.08816122961210547,0.20289627762735607,0.15386501301775496,0.33873360296089344,0.42182943727820055
97.0,0.08235403232624294,0.20755213211935183,0.1438800734065851,0.33911455857386835,0.42686500113362125
97.05000000000001,0.08155491118013877,0.20440019449493488,0.13136361651594144,0.33682009864495777,0.4249231205546878
97.10000000000001,0.07787401975926025,0.21265527548749147,0.12381139549792573,0.3453008148524183,0.42950871984757494
97.15,0.07044017214000343,0.2174377394306686,0.1254269100157956,0.3465898724338377,0.42738593930300556
97.2,0.0636144822418989,0.21588384535592042,0.12682823310381502,0.34986589130733264,0.4229764630577746
97.25,0.06241017931945322,0.21943696793922324,0.11804172842492881,0.35761268613415526,0.4303221353007409
97.30000000000001,0.05512604795865096,0.22315380178562894,0.10952804457427945,0.35235540817936617,0.43261648716497375
97.35000000000001,0.04956305413512454,0.22168786662060197,0.10145168999255473,0.3482232289966388,0.43860128047119107
97.4,0.04221136379017677,0.218678284771453,0.09499358508939963,0.35475822856095257,0.4260233117125915
97.45,0.03493444281716562,0.22769837983453328,0.09018991725206367,0.3537449288992564,0.42105067385610406
97.5,0.02172378732746038,0.2293480414292166,0.08983659102224485,0.3531703447885199,0.4232234272486259
97.55000000000001,0.015935076262995257,0.23154913446794306,0.08708944508407378,0.352729266021143,0.4082494115797564
97.60000000000001,0.006200266653077122,0.22397764100121204,0.07835605377262264,0.343215595230676,0.41522494245934993
97.65,0.007986156049910648,0.22169931700780696,0.07345800986100381,0.34200325417582966,0.40878720238353866
97.7,0.0055054701944673885,0.22371100729446503,0.06783941255053552,0.3396774398561661,0.3900859392366591
97.75,0.010700415623640637,0.23082789820810734,0.06580488730189162,0.33848035007193156,0.39157471110145087
97.80000000000001,0.013837243466148423,0.22822969851104366,0.07006678019647679,0.33395797118237414,0.38456664297370113
97.85000000000001,0.02319735361269576,0.22420517436893064,0.065405947249888,0.3234707523530194,0.38855150409412836
97.9,0.028084085807124202,0.21472360741970253,0.07113734159397365,0.31895985242473107,0.383601049261102
97.95,0.036125411226628025,0.21431882197599986,0.07700793162492883,0.31406207487311694,0.38606900404817274
98.0,0.041212037276769406,0.21715957092241195,0.09033992108590366,0.30542309160742903,0.3719326694023873
98.05000000000001,0.05072888344918153,0.22028286162365746,0.09502716813767963,0.30774776898707307,0.35903153627266915
98.10000000000001,0.06021908004467189,0.20768051773400784,0.102686762988893,0.3023644497457874,0.3456207705968626
98.15,0.06996169936620635,0.21263203896077879,0.11297685841299349,0.29789978457540284,0.3450789156679791
98.2,0.07772961197572444,0.2213618815064811,0.12180718720873478,0.2947994070810169,0.3394626664874332
98.25,0.07800263098901287,0.22365236902602786,0.12999261341875984,0.3096315075711388,0.3442205657490962
98.30000000000001,0.08422388419769945,0.23120608076933846,0.14279983099945315,0.31075626880460056,0.35318866634056456
98.35000000000001,0.09282012680887242,0.22471371041771065,0.14435947636973245,0.3221387363250096,0.3477043459399388
98.4,0.09143684590959655,0.229086032476978,0.1436528136699764,0.3217693580705931,0.3469566437318707
98.45,0.09622421005366558,0.2263191797177689,0.15748598480007467,0.30889337337432893,0.33734291214822765
98.5,0.09905096820129897,0.22582795084629934,0.16203747982011749,0.3086177802925388,0.3326093448628009
98.55000000000001,0.10519255588197995,0.22555300463350292,0.17054648350815035,0.3061428305092976,0.31701803125618444
98.60000000000001,0.112760060166702,0.22005104843249768,0.17780450077145282,0.30526326195065867,0.29307048917762146
98.65,0.11630251720179632,0.21523125396952794,0.19523397702259224,0.29614142065467297,0.283715057908078
98.7,0.12036636688859678,0.22097775394373767,0.20534904775437637,0.30149770097826634,0.26951731944294866
98.75,0.12835950903753462,0.22336729738698244,0.212538382542159,0.29883770073330296,0.25461120205480914
98.80000000000001,0.12781843923055528,0.22291099327884037,0.2202990086123874,0.29847609524300356,0.2325331742712742
98.85000000000001,0.1315553641338685,0.22384367564214974,0.23063259603045785,0.2977839568169192,0.22328000367534
98.9,0.14336102692491534,0.22589131293617928,0.23815996521956911,0.3066185347851879,0.2208205250623173
98.95,0.1465714653285504,0.22931085550748073,0.24449043850445154,0.3011659640982176,0.2189617040840923
99.0,0.15494749113162057,0.22856465724743033,0.2492971015820995,0.3077327169043658,0.21169121105057198
99.05000000000001,0.15531849584553487,0.23204636768182965,0.26089144975968775,0.30564663220582344,0.2130884815675698
99.10000000000001,0.16162874257288865,0.23705999447164125,0.26556651240127954,0.3109948020872223,0.21707217391255626
99.15,0.171806824388871,0.23520540596906808,0.2640238853451728,0.3158440427711162,0.20613869623130526
99.2,0.17218593150197617,0.23532574364454237,0.27690929861673325,0.3116083205606217,0.20156205247364506
99.25,0.18159854168711634,0.23418183832738737,0.2876842107578002,0.31670871897526504,0.19587483606182202
99.30000000000001,0.1876975950838332,0.2413411209708056,0.2971884989934351,0.31266890624002897,0.19610209145671137
99.35000000000001,0.18959700922116385,0.24090770558661778,0.3057649835609139,0.31235621593609547,0.19426668100688194
99.4,0.19752505767913853,0.2379698488121059,0.31942004496990273,0.3168014771614161,0.19332756793380076
99.45,0.20040343600493976,0.24487982988587556,0.3216109874347079,0.3157650143272959,0.19133627938476788
99.5,0.20481080763530574,0.2445595442541757,0.32722213568670816,0.3179044642987773,0.19865978281204003
99.55000000000001,0.20304857093774725,0.2510222668389654,0.33512791763775385,0.3192809720290129,0.19809138920698838
99.60000000000001,0.20926153244699114,0.25284400170125054,0.3393880343848039,0.3250463145141458,0.20762864440774767
99.65,0.21301856021734777,0.24762038497322206,0.34211622901920286,0.3225510335525487,0.1985114177703715
99.7,0.21173155876306135,0.25443748729146964,0.3365647254337056,0.31686650069239464,0.19844067630315465
99.75,0.21732778333223335,0.24498984076808317,0.3454203450412391,0.31674057088829777,0.1907616065822107
99.80000000000001,0.2173782045380145,0.2449482607186263,0.34702870853434303,0.3168754643179452,0.1834929762457938
99.85000000000001,0.21989175237188296,0.2476895189688124,0.3479011642925296,0.3169751914100674,0.18231631701924902
99.9,0.21738725341533466,0.24635123104059448,0.3465714049408726,0.3196617342965116,0.18798066949389328
99.95,0.22490564900417223,0.24784104594001244,0.3580051183823506,0.31227158868263616,0.17777535238191636
100.0,0.22219010477239975,0.23949990598236723,0.3646901144594597,0.31834814852634624,0.17931656272457128
100.05000000000001,0.21852261866355407,0.23533674701501997,0.3564122458844273,0.31286012602515095,0.18038663234771013
100.10000000000001,0.21092264907252561,0.22783929426072638,0.3602908666232093,0.30172986245434263,0.17890234605010688
100.15,0.20708284460139748,0.23215800215515336,0.3681361882706068,0.31030558880742576,0.177300050650709
100.2,0.20543493569811397,0.2386881946178778,0.3632619979613343,0.3127637565220652,0.1734810742144498
100.25,0.19544071481032796,0.23603390777847247,0.3619507550217814,0.3098874227604332,0.16040967598768227
100.30000000000001,0.18925637218205693,0.2291801870600519,0.3607409382254332,0.3100887908982725,0.14709022302178576
100.35000000000001,0.18500324277734523,0.23259165266691453,0.36324247477511173,0.3124948987551144,0.14433868160071114
100.4,0.18378380472149525,0.22822358206590618,0.3558475157162365,0.30725276179269756,0.1526687016128053
100.45,0.1770031503255251,0.2245367950931904,0.34535332471337926,0.3063050670377745,0.1532453631082051
100.5,0.17472876555405556,0.22097692544305803,0.34757183913868345,0.3024728554963499,0.1453749692973684
100.55000000000001,0.16676993758853828,0.22142758898643564,0.34696898814745347,0.2897860464437846,0.136415300545626
100.60000000000001,0.1685773095296254,0.21147017950413322,0.3423924892504862,0.28005909284539,0.14767714929647158
100.65,0.16112967021717242,0.21449252631147517,0.3475065118460355,0.28058079709187245,0.1433424119923127
100.7,0.160524314599596,0.19877951830283075,0.3525218685564339,0.2710067332842567,0.14875772070615037
100.75,0.16030085441145234,0.1926294730648058,0.35103284924235995,0.2829801789643581,0.1456335389376538
100.80000000000001,0.1591998819425237,0.1946075983560031,0.3424341836125104,0.27728098149070324,0.14385546041281033
100.85000000000001,0.15291166411261772,0.19104229329888525,0.33919036289543947,0.26088385805163833,0.1394111677372695
100.9,0.15255330700567024,0.17871504429397791,0.34444764719955506,0.2549442517508096,0.12920336909051472
100.95,0.15277938901500154,0.17775956765683387,0.3482903852636906,0.24866200332468533,0.13361777340436615
101.0,0.1496576854300906,0.17517913795706885,0.34085011012513056,0.2528257728530934,0.1284696310756417
101.05000000000001,0.1484775607897798,0.1708260207745317,0.3422187832586892,0.2488613854683467,0.1319390114210841
101.10000000000001,0.14610597870903305,0.16632986634186958,0.338411726469083,0.24544029917279164,0.12570540958803422
101.15,0.14612939667397704,0.1620834724964333,0.33259605694531336,0.2460924520463839,0.12815723996788536
101.2,0.14812197084679407,0.1674661851601747,0.33200616628677837,0.24095373455690838,0.12410205360946835
101.25,0.14674531371781757,0.16917735775608994,0.32180795388598404,0.24028014039745516,0.1202294270316763
101.30000000000001,0.1430325253252541,0.15858679240201767,0.3243037029345739,0.23875127333456123,0.10929206011659848
101.35000000000001,0.13824125667691045,0.1571623929149651,0.3261817896726568,0.23205673555560574,0.10417477854919464
101.4,0.13356235897709814,0.1681445509342053,0.3205156264074543,0.22361267144792146,0.09749911598497123
101.45,0.13629437128231492,0.16597680234607015,0.32435634309932776,0.23066622255578517,0.08899516343842678
101.5,0.12748953554800121,0.16802060366132787,0.3114771994014279,0.22741736751466646,0.08756527443786936
101.55000000000001,0.12163520866283961,0.16131455178076223,0.3153200099621001,0.22500166275836092,0.08477005175502443
101.60000000000001,0.11538560311537457,0.15930493724731512,0.3101448339706147,0.22501413772031334,0.07667666557235954
101.65,0.11243725054590341,0.15903234982817382,0.3153571436191269,0.2211789498697554,0.08166648078089978
101.7,0.10449556303265595,0.16110036811994435,0.30646418459861613,0.22468527469281727,0.07967886806723866
101.75,0.09807784475315706,0.15843855839145993,0.2927502656713094,0.22404871586947103,0.07720475370619476
101.80000000000001,0.0892874416467731,0.1638637009760561,0.2951775490929084,0.23156561657713345,0.06098336548016914
101.85000000000001,0.08439262458342832,0.16190256761398367,0.28902492301313715,0.2178141111174189,0.05935367933839483
101.9,0.07804354576019626,0.15865613247977195,0.2847477780112476,0.21726706589121983,0.060627333119135055
101.95,0.07120505567188767,0.15901605631573335,0.2906450565710386,0.22211677915235778,0.05202451724475097
102.0,0.06387013482774305,0.15606542173716978,0.2884426713909731,0.21722916300936523,0.05046495058847997
102.05000000000001,0.061824959224713184,0.15562767259759638,0.2845640582921082,0.21776024489911694,0.046849727170761524
102.10000000000001,0.05300995534637832,0.16061341488429437,0.27958926718964466,0.21142940185660047,0.043960029242924296
102.15,0.043995107561662486,0.16640602120413023,0.27661479964980945,0.20615901714828128,0.036601223191523806
102.2,0.04470182899059121,0.16395879378815065,0.27423357933306863,0.21814666473805597,0.03228375648685744
102.25,0.04148029673398175,0.1617933761001752,0.271360452403852,0.2066413931013,0.030378598677171326
102.30000000000001,0.038281325544396796,0.16745133693790812,0.26741951385505397,0.20402200075028562,0.040578695218293444
102.35000000000001,0.03555037880552047,0.15637240701842325,0.2680802399751066,0.19854961805288576,0.03584378464123429
102.4,0.026502728638624618,0.15068411303116797,0.2649060943974687,0.18710144595755504,0.05134115881795271
102.45,0.02070396990421329,0.15051149543483577,0.26443460195512875,0.18914156861465678,0.05058630042427379
102.5,0.020965670452495536,0.14620316932214877,0.2644600263812245,0.17866193409448713,0.05871227415082913
102.55000000000001,0.02017949284126248,0.1450134370594877,0.26401335079052674,0.1708582343202526,0.058975417664850587
102.60000000000001,0.029220224240651724,0.1414091519204978,0.2525188940922682,0.17411580027171203,0.054885864961367936
102.65,0.03275082137972879,0.14390127414018444,0.25071981233618973,0.16658269584687554,0.05753062614749003
102.7,0.03554513184627619,0.14446697743182033,0.2499787736942285,0.1676601697047683,0.05905259618066565
102.75,0.04716785228408217,0.14698047117321814,0.23905719628560188,0.15856091657690483,0.0590254834859688
102.80000000000001,0.05499943603223789,0.14305898748164553,0.23612127972948124,0.1642337214581269,0.053092841957441614
102.85000000000001,0.06721320294490325,0.14264969134917055,0.22911328355922692,0.16043960036498128,0.04308807048068208
102.9,0.0599557825344283,0.1428387386412494,0.22795020630986004,0.1664378196278368,0.046119587523914034
102.95,0.06824907121430857,0.15238666330283693,0.21994844190879698,0.16766671301611408,0.05343284844106223
103.0,0.07792517283820061,0.16200620894943024,0.2150764796666119,0.16458681701618658,0.06525530030478756
103.05000000000001,0.08056125610655707,0.15817072081708097,0.20305371341544895,0.1567314104456627,0.06162048189191217
103.10000000000001,0.08218829690819078,0.1651380819165026,0.20534848983858048,0.15408384001472802,0.06839890701763782
103.15,0.09454914061620698,0.15914191660631424,0.2107314629057556,0.14703613447720174,0.08193837299986234
103.2,0.1025502941078905,0.14749025390149278,0.20877632678481836,0.13715827709842598,0.09838903171507575
103.25,0.10336935227050466,0.1446079901957115,0.20579728691366614,0.1248625539110067,0.09883974601503956
103.30000000000001,0.10523711224595837,0.15112670623469035,0.20896808041020418,0.13353458491909762,0.1032930889812541
103.35000000000001,0.10742293856588564,0.14931752423643951,0.2102511411981823,0.1261681977695772,0.11192086253157468
103.4,0.11002125181344365,0.14790035104388585,0.20790441326948575,0.12481069786446912,0.11187871759467075
103.45,0.12285807470273831,0.14391993693463878,0.2030233709972935,0.1286089364185437,0.11108476265186941
103.5,0.12017595785990001,0.1407279405474205,0.20166884930768067,0.12255977046662371,0.12475355524362827
103.55000000000001,0.11713611162396816,0.13067945606787726,0.19682831184215094,0.12281323825413275,0.1286766093762021
103.60000000000001,0.11894232374046149,0.13028153251523347,0.19866268067364667,0.12490641989253963,0.12843652745694945
103.65,0.12350390310655936,0.14123451524119057,0.1935747281787599,0.1291395394052361,0.1387376938046599
103.7,0.12400513609059602,0.1326460420175285,0.19221854441469022,0.12833223220365092,0.15004372727271081
103.75,0.12592642051375488,0.12837728243456145,0.19452097783804198,0.11680220639997554,0.1679990790275884
103.80000000000001,0.13281162544240427,0.1175771747974339,0.1914187938954005,0.12000761670558821,0.17632689497789125
103.85000000000001,0.1400076680054597,0.11891097463336267,0.17708214765728963,0.11638775477991935,0.18488868198391004
103.9,0.1373788238420312,0.11730107532734849,0.1729493885133344,0.12096162422064846,0.18114554514150924
103.95,0.13736004780854155,0.11464346813461782,0.16490136233650426,0.12155982016304094,0.1841395041674254
104.0,0.14155207084984658,0.11375649540143669,0.1604333417823842,0.12527197520294178,0.17899048165338163
104.05000000000001,0.14332471725762447,0.11424468453982656,0.15933465601964336,0.11328774319786071,0.1745631640478316
104.10000000000001,0.14789127695761403,0.11473805087058278,0.1626963449544164,0.10932607477323392,0.18668752084966786
104.15,0.1515053179457759,0.11618689368268345,0.16460618119903828,0.10320049776348554,0.18722908310035732
104.2,0.15268433352430402,0.11497387411662072,0.15964891464002057,0.09406945437095654,0.19815982268823243
104.25,0.1585200847365728,0.11785644078947607,0.1603386647338351,0.09143370062551308,0.19769425090648454
104.30000000000001,0.15811908663375615,0.11459150930940967,0.16473938791700884,0.08138668007218836,0.2036678606727828
104.35000000000001,0.1568949376931723,0.10881445537558868,0.1609998962268131,0.07653001699083756,0.2138672639030607
104.4,0.16247213465112098,0.1155389283081149,0.15722666416487466,0.06579692517176171,0.21790253823995828
104.45,0.16047918528515506,0.11292116829140234,0.16030656559171966,0.0626538305723931,0.22549249089619963
104.5,0.1636077390689223,0.1170899539173898,0.16214456155745643,0.05492337655338224,0.2419310285236052
104.55000000000001,0.1663858001878294,0.12189297677681042,0.15840731185693932,0.05180693303440276,0.24747492623186432
104.60000000000001,0.16698026717939396,0.12013191198287572,0.15347024556820546,0.047054909529985645,0.25341038097785895
104.65,0.1680991636245168,0.10448313611824969,0.14654825975571165,0.045007500432858186,0.2669078915903484
104.7,0.166318806505643,0.0995824206988925,0.140452991537523,0.04516251634090977,0.27212843213511845
104.75,0.173627187072472,0.09515721427389319,0.1336842156278962,0.04042398814872801,0.2801309925669096
104.80000000000001,0.17615679919090238,0.09392018517438613,0.12943996305372873,0.054886702118167666,0.2816237465523825
104.85000000000001,0.1757345221186695,0.0843621069160609,0.12379356223925986,0.0628164895454126,0.2809296253760666
104.9,0.17469545658262786,0.07878703949374077,0.11783509878856349,0.04614889159989466,0.2764280674296976
104.95,0.1718113079475998,0.06820597756256573,0.11532067378417338,0.05208929918982688,0.2782304109830371
105.0,0.16473622953546596,0.07508246641651789,0.11186814628366991,0.04862072760544681,0.2731276467460416
105.05000000000001,0.15970721099996069,0.07597012175322068,0.106564956417413,0.04561994173931226,0.2784332892272309
105.10000000000001,0.15858401514193937,0.07646046053356481,0.1018876140126601,0.04899199926982804,0.2848930844351622
105.15,0.15751234678893458,0.06952888191616992,0.09479127607880768,0.04820347670454783,0.28177306177602524
105.2,0.15351054900956865,0.06855336604168336,0.08225859508138654,0.04977445529870582,0.2881596708242723
105.25,0.15246946572301673,0.06435179189708046,0.07763392289754385,0.05791815212198466,0.2927701046505402
105.30000000000001,0.14837338126869368,0.058356477152676466,0.07004468058747214,0.05840967797611385,0.2814876735906019
105.35000000000001,0.14512566239630045,0.05021501591003374,0.05451307896944046,0.05225243258066644,0.2765291230033625
105.4,0.1397110134405511,0.043347356225698276,0.045932807769129794,0.06356493730152911,0.2717371049485066
105.45,0.13965513011811556,0.03884716117012544,0.04100410314706872,0.06978433972109707,0.27423479050616745
105.5,0.13080187492541656,0.04652896202267623,0.03195634312166513,0.06823594546021439,0.26992187651573923
105.55000000000001,0.12451448240251424,0.04765276363531368,0.026831521058521917,0.07089678200675416,0.2684013310849674
105.60000000000001,0.12344036989648981,0.0461972826261373,0.019165115643465357,0.06601795833834938,0.26440298550676716
105.65,0.11869943455435876,0.049640848473396046,0.007915797545914838,0.07335092982357605,0.25877250036390415
105.7,0.11259484617048503,0.059120483514742694,0.005508273723626602,0.07843205783286872,0.2566086395269045
105.75,0.10749392529761477,0.058444496508264734,0.014057660713460162,0.07758696632398938,0.2547093002371767
105.80000000000001,0.10295488210408738,0.06207629001226477,0.0189500729399871,0.08580307844379458,0.26688728385545424
105.85000000000001,0.09563084159852243,0.05858287796674608,0.03217365254513676,0.07962729419128046,0.25608796131435063
105.9,0.09083291157256944,0.061196787859425957,0.03886992139390007,0.08013435673887907,0.2577098319586504
105.95,0.08371617487107838,0.06455729950347856,0.05135540829268134,0.09289494315728343,0.25957057342203443
106.0,0.08656729880719641,0.06572331266733346,0.05826496173026814,0.09870634716341228,0.24842821449682317
106.05000000000001,0.07824945742457788,0.06428204259948464,0.07031164989844056,0.09846134738264975,0.24592202142099198
106.10000000000001,0.07659990505008633,0.06329330811324925,0.08072193159181003,0.09523699116687909,0.24787148177989599
106.15,0.08365775462041826,0.06827640577148732,0.08265883420611146,0.10724314642747612,0.24159851984622627
106.2,0.08271691111671686,0.07063397588347785,0.09149413165131555,0.10346874817740633,0.24535927002161564
106.25,0.08517419118282958,0.07332503406235515,0.10053350323153372,0.10497023897140319,0.2359686171662033
106.30000000000001,0.07885585730193476,0.06991371751400938,0.10500785112440193,0.09978106532225733,0.22881445456541435
106.35000000000001,0.08063943391972077,0.07948534758046043,0.11605815840015583,0.09843405609437353,0.22801771516407787
106.4,0.078905816848075,0.0762781937776613,0.12379005881421555,0.0872982366628575,0.21992364431596254
106.45,0.07405226521010143,0.07773311363851171,0.13167592216546267,0.08899965714381285,0.2145657215501419
106.5,0.07007734639143436,0.06951759796367155,0.13891288131043514,0.08800270857213699,0.21923048407549622
106.55000000000001,0.06098929537226314,0.06591983306067178,0.14091256700609084,0.08251800337785282,0.2187821300252399
106.60000000000001,0.06452502802098924,0.06302410934284514,0.14240809682685093,0.08060305489299273,0.21885461707578466
106.65,0.06244069106684272,0.05509089169632759,0.15148380881222695,0.07686389771731861,0.2238620282277061
106.7,0.06141089142039112,0.06731236553834027,0.15791847626130834,0.09474895811525177,0.22044477341634267
106.75,0.06212141439632863,0.056446854386579516,0.1635765226815458,0.08689335319759633,0.20527633003079923
106.80000000000001,0.05400776296211767,0.059022391222521654,0.17380426585764874,0.09503404084636956,0.20553425203390374
106.85000000000001,0.05396517178515398,0.04924582396848391,0.18024537826777606,0.10359875462554356,0.1946661842648719
106.9,0.0620950224441674,0.05579028113578381,0.19252277424667588,0.0985598227192914,0.18072669015810944
106.95,0.06125685867270606,0.04519485793737787,0.1942695641017328,0.10670991501739248,0.16989524918002594
107.0,0.06121965540252489,0.044299738997271076,0.20090201374123245,0.1109361139318805,0.16562113402536288
107.05000000000001,0.07094634212795427,0.02348361623635166,0.20423735426412865,0.106473208837833,0.17221082308460764
107.10000000000001,0.07081179279172237,0.02938234710686918,0.2037089622877286,0.11950621753402096,0.170748311542923
107.15,0.0625527768659952,0.031737214607821966,0.20355380436861772,0.1247834433759153,0.16441411268633474
107.2,0.06756317614188634,0.02899723576892307,0.2126899932131857,0.1242194572334235,0.14891749341889457
107.25,0.06251228382512551,0.025270677547336876,0.218357151884348,0.12674346985637802,0.1525622957508444
107.30000000000001,0.05701174762211079,0.014661851177784638,0.2244939119629969,0.13006923091243466,0.14874581746672202
107.35000000000001,0.05743907300842788,0.014683618763995479,0.22835641379162727,0.13352471980196004,0.12191190836366089
107.4,0.05919213941567176,0.008590789074642917,0.22327432954162638,0.1314158152456691,0.10680262657186541
107.45,0.06399216193062134,0.02012701158516571,0.23055870488909203,0.1325466717706925,0.10676602725071352
107.5,0.06220687329444067,0.019201750235672995,0.23712547890421715,0.13686948786225026,0.09995141802857616
107.55000000000001,0.05975645292520761,0.010721106547412514,0.24962703214912338,0.13622800394505047,0.09413589084087502
107.60000000000001,0.06145514403428432,0.015180040507593877,0.25530779631292216,0.14191007131583896,0.0805210873574706
107.65,0.0619971830605615,0.017752243717336524,0.26513397115789783,0.14142132402170204,0.07816655523756476
107.7,0.06130598353217106,0.02157076765874508,0.27293095265693873,0.14054660073003938,0.06292192590272339
107.75,0.06840523680580969,0.013207383972855063,0.27383174470900706,0.1510904417913784,0.053475456415024374
107.80000000000001,0.0745381461545535,0.009650281315222317,0.28098522991277286,0.14542134091241685,0.04460792911035706
107.85000000000001,0.07395702259288148,0.012705695899242666,0.2832877489299683,0.15134129871771937,0.03871603670741663
107.9,0.07456002811703491,0.018466538334397944,0.28499545512084756,0.14178378304459957,0.04157495495700236
107.95,0.07995062356156095,0.021842024502714216,0.2835579933240685,0.14185011439585568,0.03083827025255013
108.0,0.08991032169150728,0.02966468786196002,0.2726108009848863,0.13739930522888577,0.04075307547375296
108.05000000000001,0.09821061168921111,0.031258529511033736,0.27337422931072597,0.13614314580191766,0.04762429652949527
108.10000000000001,0.10318938261161892,0.02917874636908862,0.2800343754097577,0.12993513398050613,0.06206265982072704
108.15,0.11086242619305928,0.02869723879800463,0.2840565504352123,0.12395156804839257,0.06127564974277971
108.2,0.11878836517126422,0.0211211283816286,0.2868891514080468,0.12871189367578753,0.06215075889258622
108.25,0.11488969440274434,0.030388408351758153,0.2878431865425275,0.13083552129936632,0.05597810741971049
108.30000000000001,0.10926409128363739,0.032196779492222175,0.2902950044515372,0.14225179937059543,0.057695938563874775
108.35000000000001,0.10852449577203473,0.0299615779910727,0.2944277607922352,0.1538636765994615,0.054916584104050876
108.4,0.10390100803007732,0.031088767070364755,0.29099161513250527,0.1542744265757032,0.0679289243723826
108.45,0.1066245578113199,0.03211311968102121,0.2834024442634965,0.1597398669715241,0.07101747159146589
108.5,0.10813748841715921,0.03367819437543534,0.2847890665052115,0.16289213711000555,0.07971212035057886
108.55000000000001,0.10860357203459067,0.04191463899871797,0.28779277327559444,0.1711039435234433,0.08425917245419821
108.60000000000001,0.11676729672641456,0.04054592900956928,0.2797403169811541,0.1745032496514828,0.07157508415497231
108.65,0.11582015065589193,0.04461018670012613,0.27501245128381924,0.16980807536467626,0.07968275090549531
108.7,0.11322857704741274,0.05126773936671385,0.2806079285253025,0.17420201428119322,0.07529531205244464
108.75,0.10965014189796257,0.06499793907185411,0.27501018501641245,0.1720875849370752,0.0823637191008522
108.80000000000001,0.11140391157613208,0.06865256468899567,0.26449090542689313,0.1802557651506464,0.0928627779539119
108.85000000000001,0.11388869583649187,0.07039516937715712,0.2672754027837106,0.18207367389074208,0.10681807432518933
108.9,0.11552863008874177,0.07536253620155557,0.2614807760097782,0.1822739809725599,0.11460729216356276
108.95,0.11705473084872045,0.07502411702364396,0.2603591029911581,0.17914013084104374,0.11741675925326497
109.0,0.11133502915605278,0.06953231318538115,0.25449379791748017,0.18219723828850531,0.11273048786480351
109.05000000000001,0.10555495807593387,0.07738468249245849,0.2562042899557585,0.17397459300699777,0.10678860317851596
109.10000000000001,0.1042551659452544,0.07682038923653316,0.2524713512672625,0.1865846318394197,0.11672933039716897
109.15,0.10559433269808194,0.08581395662634615,0.24142256072850546,0.19262855326713987,0.12258443545319869
109.2,0.11053256722223279,0.08762183797248226,0.23266968480878875,0.19784395364028295,0.13208323468614025
109.25,0.10711427806698308,0.08856327457480413,0.23190514147067362,0.1979208705607975,0.13647204094219145
109.30000000000001,0.1065671735366965,0.09359638312503493,0.21942552651559666,0.19106167683514333,0.14770605096200856
109.35000000000001,0.10989147734907126,0.10122072792371582,0.22386928370754094,0.1987298927949601,0.14615041344039034
109.4,0.10898192296553276,0.1071321600165698,0.22169441681306468,0.20311523698694844,0.13344575319903218
109.45,0.10192313117373036,0.10675507547548015,0.2109501930335403,0.20267000495186385,0.13061696312641524
109.5,0.09839094791762767,0.10352944471579842,0.2031410877199753,0.2051034396205207,0.12057247330478568
109.55000000000001,0.09300027396123485,0.10891959843815267,0.19967889245531692,0.20858481692341663,0.11191664266833663
109.60000000000001,0.08874997216338863,0.11070160958091031,0.19621818047621256,0.2067447351483966,0.11449463952896666
109.65,0.09800512662628656,0.11213373458331045,0.1885064321069262,0.19573674527811646,0.12516791860120777
109.7,0.09505010337611021,0.11369776384563168,0.18100512424908846,0.19269649286755167,0.1240504002406366
109.75,0.09552231450866515,0.11953128561348125,0.18212287299459,0.19202022500610308,0.12889815897904294
109.80000000000001,0.09461319408553454,0.10884217987316058,0.17190896884314283,0.198486306277198,0.1385787122366376
109.85000000000001,0.09661480909837074,0.11289752532935098,0.16097865884508336,0.18987718242297594,0.14442762581667937
109.9,0.08865199852302769,0.1154640873566825,0.15436213643354316,0.1912027586639327,0.13548062878923517
109.95,0.08222488787608966,0.1107519676671302,0.1464479330920477,0.19407823128575727,0.13245798752582036
110.0,0.08274455952984244,0.11189815955068226,0.15236559592818433,0.19485330240125678,0.1297540687158713
110.05000000000001,0.08061379831564537,0.11498315070271131,0.14222536472234967,0.1926374170351163,0.13019309563095924
110.10000000000001,0.07755806810645657,0.10709756205226469,0.13569360653595045,0.20215238813264297,0.13563098351738895
110.15,0.0775967828656319,0.10960670527542155,0.12576262988249334,0.1935272924205959,0.1464501740891154
110.2,0.08433341980660994,0.11070427595715461,0.11313375420509651,0.20032559622296625,0.1460317138688509
110.25,0.07640510540670266,0.09972485761809366,0.10908804289927748,0.19437647130607802,0.14863361637730546
110.30000000000001,0.07761815395512858,0.09446351652214392,0.10382328181703324,0.18770047183131364,0.14903918634381405
110.35000000000001,0.07844903730241867,0.09153467817893876,0.09287702813920015,0.19160859959438814,0.15365036870093313
110.4,0.07608059614627644,0.09377514112113228,0.08627912916533201,0.19140091316446672,0.15511212383076523
110.45,0.0684715564944059,0.09033200815788431,0.07737885336725882,0.17729176432770635,0.1556480813350897
110.5,0.06272304494670107,0.10136462825586182,0.07122866495468164,0.18243929421878988,0.16054102279222815
110.55000000000001,0.06319949306820148,0.09492737235638689,0.0618028822671448,0.17377378949109812,0.17395468368713538
110.60000000000001,0.05344238165743654,0.09047736407043447,0.052180942352018665,0.19030626436456338,0.16689790020533854
110.65,0.055942103051403104,0.09404153289777074,0.042599127910101654,0.1776867158215934,0.1624801007613385
110.7,0.05602486793869722,0.09117228487289848,0.03853180539662174,0.1918634493665961,0.1602380220221499
110.75,0.059052040877879255,0.0968507454900418,0.021796576474167145,0.20295244530546183,0.16283288143083371
110.80000000000001,0.06097936087414016,0.0954311477871209,0.01553986248169644,0.20296472890329423,0.16709590487840603
110.85000000000001,0.06737851069320766,0.0862297219284181,0.021353661988563605,0.20729701560995337,0.16482125119803284
110.9,0.06484638184786357,0.09295558067474612,0.023655945494475767,0.21624394587586337,0.16171888429055056
110.95,0.06669534787119494,0.09877794762928095,0.029183274981168374,0.20102993828783913,0.1662798766792033
111.0,0.061190313002653186,0.09308285621585802,0.03195081390781671,0.20618813681619458,0.17392158092219695
111.05000000000001,0.0586363614804722,0.09185884692558302,0.043105926266063556,0.20908795535441993,0.17219951665856476
111.10000000000001,0.05775248284546401,0.09674371958183275,0.05026801246924536,0.2120010580386501,0.17979511627839156
111.15,0.05947515403296884,0.09863941038791121,0.05170094962723698,0.20252089633865927,0.1810507896026055
111.2,0.06318147026676074,0.10028765980851531,0.06436758626080323,0.20908886268960206,0.18628918604974284
111.25,0.05710882429631221,0.10626349887527695,0.07410038601231526,0.19538504845929291,0.19148000692201617
111.30000000000001,0.06332276320420861,0.10450923153322604,0.08562728618488383,0.20163558080939029,0.20384692276566005
111.35000000000001,0.06807135174261739,0.09358993375375171,0.08840622310820162,0.1961645643634223,0.21094593061105962
111.4,0.07007428261950327,0.09408054133732634,0.10211594906753199,0.20131293081434173,0.20703642405857442
111.45,0.06593039182207723,0.08705441824055363,0.1083186815732716,0.21016664640579585,0.20292792004179375
111.5,0.07447698711795248,0.08270933702298612,0.11728811438322356,0.2027810873136347,0.20301759410342746
111.55000000000001,0.0714448824473531,0.08445622536247481,0.12440591875387225,0.2066307767870269,0.20106711839498909
111.60000000000001,0.07178288658127092,0.08380778167018663,0.1340590251433946,0.2115611979583939,0.21291775790943215
111.65,0.07431765954099369,0.08047203604616446,0.14736741432924685,0.21034804473778915,0.2127957771948023
111.7,0.08583690909534074,0.08137588545347042,0.15655739838882676,0.20761180521088116,0.20687775482074922
111.75,0.09600416678848639,0.08745421147762295,0.16912827321835588,0.21242904840406093,0.19693017336384408
111.80000000000001,0.08864717928551404,0.092029051169731,0.17381297308115987,0.2194297618146643,0.19271155417094973
111.85000000000001,0.09350801744920857,0.08956417717543082,0.18672238592047938,0.21027562452083484,0.18488954226158347
111.9,0.09893568884141266,0.10046201723587617,0.19723463528615648,0.21747200976685802,0.18117674397906114
111.95,0.09653696382967028,0.09869040179524914,0.20190402315049893,0.22062518823237845,0.18552385428772555
112.0,0.09924337553493835,0.092482138630724,0.21244190603061,0.2173586415310646,0.1908283133138386
112.05000000000001,0.09923638186117814,0.09368156860627491,0.22118493404246037,0.2286662152202777,0.19792069732494763
112.10000000000001,0.10413584690451164,0.09041675957778211,0.2240284974758301,0.23250832895318632,0.20427517981832294
112.15,0.09943244813963104,0.0877253665511873,0.2301658466788971,0.23147060915253448,0.20105871786917134
112.2,0.10228825816318188,0.08137373600764677,0.2404699252248169,0.22885587209978417,0.20412550634903912
112.25,0.10613026926759957,0.08569033007431771,0.24272104722524632,0.2337586079644796,0.20449259561236013
112.30000000000001,0.11210696492237922,0.09271010739177316,0.25299777848364347,0.23189830411316795,0.20002214847385924
112.35000000000001,0.12072429146181764,0.09995758481725298,0.26003223047776214,0.23252263117402053,0.20963883257397528
112.4,0.12817913649049414,0.09881455008996418,0.26890141636019593,0.23257087445957886,0.20965135690145656
112.45,0.12982214588675747,0.09335713555758665,0.2693986647592845,0.24709783473876654,0.21372989327097905
112.5,0.12737228535793169,0.0881557950380674,0.2746861831637815,0.2526646376413773,0.2161654448447921
112.55000000000001,0.1304697398006865,0.0951346280046203,0.2770865469355636,0.24093125911827484,0.20901075431409383
112.60000000000001,0.13337094507772565,0.09912084179205283,0.29123812340129834,0.2371723373416007,0.205671935813072
112.65,0.13940495572636255,0.09642751265376283,0.2953497120644048,0.2386759017474314,0.21965317579825755
112.7,0.14538245385733978,0.09902810345910834,0.2987086314058868,0.23817968469621084,0.22396472672605744
112.75,0.15024809909971984,0.10382498198395528,0.2993012644202737,0.2463930467355186,0.2237669820485671
112.80000000000001,0.14762724283596304,0.10752396582682947,0.30443946781696146,0.2451888088608929,0.22265803110119337
112.85000000000001,0.14740866283360274,0.10998202321456396,0.306008258019412,0.24474313996040534,0.21953451133589158
112.9,0.1588498779113125,0.11025680673206023,0.3094725879602332,0.25902144735099425,0.22126454525896885
112.95,0.16175242247319818,0.11779576020711312,0.3129730616404544,0.253762868445266,0.2171435108158785
113.0,0.16756127143464286,0.12401998906497022,0.31302214564163755,0.25483862957608294,0.21717053514389514
113.05000000000001,0.16796420981459395,0.12987965253226633,0.3049969308345068,0.2484281749419196,0.21936755230920074
113.10000000000001,0.17232270722389187,0.13132131740979708,0.3129814337291054,0.25420737519775144,0.20634228621650572
113.15,0.18032181885351967,0.13391707720544554,0.3161117098719171,0.24981042069866696,0.21111378916426987
113.2,0.18717480277565277,0.144249519090338,0.3224897097818267,0.2474800230260259,0.20995490484731133
113.25,0.18654768402499455,0.1483962054455619,0.3170965360731586,0.2570335690053598,0.2102640379429173
113.30000000000001,0.19252827195132677,0.15129873740125158,0.3238893208456104,0.2567118822452187,0.20994286552939523
113.35000000000001,0.18509674298528034,0.15261814991848513,0.3259591683307594,0.252499400696567,0.21681240425038772
113.4,0.17788341771364702,0.15428605092268025,0.331166098325646,0.2642448340047862,0.2178679093460827
113.45,0.17557326891743177,0.15351056832180784,0.33249792940419975,0.2682460534297,0.219852855046286
113.5,0.16621239570786028,0.1585871178457939,0.3330017822637056,0.26734555770764207,0.22971784173532303
113.55000000000001,0.16794301558847446,0.16205467717612126,0.3299249200257979,0.2712598725354761,0.23116074902671704
113.60000000000001,0.17005389374998273,0.15297527399815405,0.33049073182568256,0.2724731302660239,0.23226316251692516
113.65,0.1723594080544779,0.15002334338099277,0.3214721916300889,0.2720631470120099,0.23907459243345522
113.7,0.17348377067820164,0.13923833606770392,0.31596114385324026,0.2660567285043211,0.23680317111598204
113.75,0.1759274709420714,0.14151081664654483,0.3253634992019711,0.25767142077170535,0.2374950200208991
113.80000000000001,0.18113856423429336,0.13161444784011656,0.32216578338956675,0.263303340928733,0.2409606561132193
113.85000000000001,0.18724343914275945,0.13631692200201198,0.31393799602558703,0.24914070744614975,0.24140149451957504
113.9,0.18136495942525424,0.13646910504175244,0.31062268182912295,0.25612255285800534,0.23438565490394397
113.95,0.1824249577706969,0.1394723388777722,0.3103603367458772,0.25580585256078237,0.2308677415627955
114.0,0.18561943831232652,0.1407517003777617,0.30857424922914606,0.25474851726233144,0.22893833473055417
114.05000000000001,0.18720651473217673,0.14507812373959741,0.30015139583563255,0.25381074452123104,0.23618858414698324
114.10000000000001,0.18980405223166333,0.1431441427333358,0.30765796584214045,0.2522649858446004,0.24193600542239388
114.15,0.20100518631470077,0.1444187036128402,0.2987729606942912,0.2551934440648524,0.2368886080889576
114.2,0.20060270141985495,0.14183861360715744,0.29793570810607684,0.2563262952923976,0.24117483660970812
114.25,0.20795216579083498,0.14646890529790238,0.29125661485695686,0.24805512561086998,0.24267842194753733
114.30000000000001,0.21069540388714503,0.14925090504450048,0.2882263915712251,0.24563995605374925,0.24000011235960755
114.35000000000001,0.20591435469262936,0.1462583054046779,0.2820157915807958,0.24550150006288113,0.23510917701204176
114.4,0.19995667961669708,0.14836317784148165,0.2838808508177638,0.24257627627035724,0.23431183689183593
114.45,0.19736756731256827,0.14868957199657862,0.2789285602751091,0.24240451145252842,0.23147817918067318
114.5,0.18927190174479674,0.13865534795170598,0.2818226969592255,0.24058885142018696,0.23503497901567597
114.55000000000001,0.18802148909154082,0.13977199971658993,0.27137230491274644,0.25199012155230044,0.23872263880791647
114.60000000000001,0.1910709794967629,0.14183760230232925,0.25892209522908766,0.2501055890056798,0.24078104200098505
114.65,0.18509404874397006,0.14376249533734797,0.25801042432314936,0.2400591873487034,0.22943482190485506
114.7,0.18334904672792876,0.13989853551560413,0.25309244855577073,0.24121971837939618,0.22842114932768287
114.75,0.17944684503142252,0.14213825562904317,0.24788752848755208,0.24598314114865183,0.21886359737429625
114.80000000000001,0.1772177463688507,0.1480008258249373,0.24377380745822513,0.25375220410828825,0.22064537075095159
114.85000000000001,0.17788902877800739,0.1467565503810409,0.2391494089882525,0.26087791086361745,0.2186696900937753
114.9,0.16713469039403656,0.1430850423486453,0.22435265263696139,0.25414766260620736,0.22680373749282545
114.95,0.16067329550193252,0.14430170591726696,0.21786383897124134,0.2579930559186185,0.2238781764767306
115.0,0.1527461511119426,0.14673467819472047,0.21130915350418836,0.2518423239507565,0.22911521980899485
115.05000000000001,0.13900395842455446,0.14768289579843322,0.2003432817558299,0.2523125314245726,0.22286712793521726
115.10000000000001,0.13152977630030824,0.1510971883682186,0.19543186965083198,0.24701213461516686,0.22069513621009307
115.15,0.1300544272683266,0.15239344785771194,0.18982291450820868,0.24834288086688908,0.22594277767257184
115.2,0.12725253323302468,0.15061941574825996,0.19094968257161402,0.25149041909918257,0.2361211718340616
115.25,0.12741148501120098,0.15816484888339244,0.17678449332779828,0.2541345617440681,0.2380266204840955
115.30000000000001,0.11995702804564558,0.15933139981017133,0.16420624726668737,0.2577735862551168,0.2313176609825991
115.35000000000001,0.12336172026172999,0.15787955069644571,0.1581114473012885,0.2533982094813024,0.2289052174114443
115.4,0.1244870108250118,0.1612472863276633,0.1537240165085574,0.2600923758168688,0.2276013472776396
115.45,0.12306245578332389,0.15784541680796302,0.14782751693754062,0.26388858879164223,0.22894989649071082
115.5,0.11543938660759241,0.1626301543245722,0.1411493156191269,0.2503855773405359,0.227062774170507
115.55000000000001,0.10839898404826054,0.1616917018237792,0.14109723837511318,0.2558603351478799,0.23766182628025578
115.60000000000001,0.10037038469677421,0.15612190561232128,0.13736360274869505,0.2512421217915512,0.23962002732776505
115.65,0.09673522253785187,0.15289887697142301,0.13316753502115225,0.2421391977370942,0.2436461826568035
115.7,0.09611961063649467,0.15076190604627446,0.12652495031216998,0.24307297533916247,0.2627487907460692
115.75,0.0924130555567601,0.1511487540502809,0.12204096693595953,0.23783763363477095,0.26173756952630456
115.80000000000001,0.08890451566208724,0.14562907841993952,0.11375903540014398,0.23070733514473313,0.2649505279766216
115.85000000000001,0.08797877424847306,0.14722350435602274,0.10199323553496754,0.22611862008553363,0.2571039180556247
115.9,0.08772476871593521,0.1526903550591245,0.09943461232767563,0.22494798699213547,0.25352862846629703
115.95,0.0803105074716814,0.14880938032538613,0.09358840268930975,0.22181255452465282,0.2503452966192666
116.0,0.08129052026639833,0.14160680515796814,0.08495779156439273,0.22914280635957346,0.2543634552918847
116.05000000000001,0.07872582425474309,0.1488490464496413,0.07945717609904368,0.2353001011183002,0.24875677785516076
116.10000000000001,0.07639453508620259,0.14515867724026554,0.07269075203082714,0.2311766327604892,0.2502921482362271
116.15,0.07156490343503788,0.15157145661112584,0.06588983246593157,0.22675423923891155,0.2496080913737582
116.2,0.067994390491068,0.14153521700016325,0.05355358891496117,0.2396759861179586,0.24479230744494657
116.25,0.0727920577207588,0.14671162261051565,0.04743688807091616,0.228097808475522,0.24507361755274035
116.30000000000001,0.06731156799746804,0.14344986676170993,0.039907155188872605,0.2326251599680639,0.24037313727468093
116.35000000000001,0.07004853555336091,0.13750452286382203,0.03560224502961348,0.23389687651703162,0.23663357811959765
116.4,0.0694803044560858,0.13983702649230015,0.02372688796747501,0.22986866216645596,0.24358210207592979
116.45,0.06692493087299048,0.14212142982451334,0.023478554827746273,0.22301826925236196,0.23983123140863885
116.5,0.06102405360525608,0.15058749461031404,0.03165694716451704,0.2222969622215332,0.23733266179588458
116.55000000000001,0.05967441625095637,0.1534926275075601,0.034095423208999776,0.2231655389445438,0.2266861569655067
116.60000000000001,0.06063634035246796,0.15602006255256703,0.046134540284129444,0.22473072393196994,0.21926551481177997
116.65,0.06077637838206681,0.15965758168686647,0.05209513035002779,0.22580673504778115,0.20711324845286289
116.7,0.06037283928782294,0.15886892650304335,0.05258960030772445,0.21456977783423986,0.19502881281910053
116.75,0.060528124992835004,0.16019825096408272,0.05092527002756123,0.21036231856834983,0.20555560050399066
116.80000000000001,0.0589682670255774,0.15715948497262894,0.052414592218584695,0.21344225657470733,0.20016414132948807
116.85000000000001,0.05759785719806652,0.16567464149793557,0.056660692020326565,0.21899258931464988,0.1927104646940396
116.9,0.06003879965863156,0.16527279297905204,0.06430215398814841,0.2254515157631096,0.19853648951594327
116.95,0.0630223455688877,0.16745835621771968,0.06766407567972918,0.22725474031641998,0.1956025827247677
117.0,0.06743228699577752,0.16686844847775245,0.07553338495701303,0.227376970147558,0.19819212625749885
117.05000000000001,0.08014665825259276,0.17588440216645462,0.07702818834301552,0.21385894704182415,0.19662993087219394
117.10000000000001,0.08475145949165774,0.18217832005217172,0.0821608338145679,0.21732107446755775,0.196773797808993
117.15,0.09007040738069348,0.18502467125579744,0.08918432748214346,0.2197981177830018,0.19840600554859308
117.2,0.09996037368101542,0.18583610141903797,0.09521881622798556,0.21565805477327019,0.19277270386472972
117.25,0.10079490491573923,0.18049555350781188,0.10814848262538308,0.22561834490915253,0.18901005019817874
117.30000000000001,0.1037111306367803,0.18414554928083054,0.11306116205159276,0.22122085261529703,0.17361265596706846
117.35000000000001,0.10395445230139268,0.18433983081343475,0.11398632987153215,0.23395713121465608,0.16639355582194656
117.4,0.10797975882728947,0.18894792027574664,0.12102755085964055,0.2388804070639453,0.16910442940595788
117.45,0.11676045554986546,0.18519199428666258,0.12284149588238993,0.22358407464878519,0.165566963613944
117.5,0.11972010217212424,0.18927128967871043,0.12306691571633868,0.2208043133034584,0.16936315936450752
117.55000000000001,0.1243500507441391,0.19585761802614707,0.12616568399019135,0.22826960157364878,0.17119930811202408
117.60000000000001,0.12285610418060564,0.19479214879047793,0.1260151462146911,0.22620808909195228,0.17776554385971557
117.65,0.12849295385153503,0.2003153757435987,0.12735278226216704,0.2288170508448285,0.17175770260721454
117.7,0.14110648249608662,0.2007652007265581,0.1342620805950506,0.23434790210779663,0.16638811083587804
117.75,0.14721938384799169,0.20367962349153695,0.13617465257956357,0.23342526047177797,0.16655763269091983
117.80000000000001,0.1519522226094952,0.2006883528861638,0.1365202375863231,0.23686031409081415,0.17266919964135038
117.85000000000001,0.1585019612809251,0.20730360124740846,0.14688490728551382,0.23072865572577964,0.17420637342937764
117.9,0.1662057373766383,0.2087241340876522,0.15253013604065926,0.22745344323151717,0.17342398507508924
117.95,0.16146991742347103,0.2118184935836772,0.15415396223388306,0.232078872155349,0.16342839319528873
118.0,0.16713126328536648,0.2176176104933064,0.16149006630517773,0.23769029075516182,0.1673052792199868
118.05000000000001,0.17084728619453976,0.22222590503917333,0.15988857836762652,0.2270894793713526,0.15169641293147762
118.10000000000001,0.17919933254322856,0.22470802257446842,0.1716169585356742,0.2241030986545717,0.14993064870036163
118.15,0.18400124444847088,0.22996254698116622,0.17104100943154135,0.239040953240495,0.15167032711602335
118.2,0.18546481336818235,0.23823208660002654,0.16908291127588326,0.2387071349145364,0.1614812620165024
118.25,0.18300641093577416,0.2399727635334603,0.1782719452971021,0.22943933425267488,0.16733105229012518
118.30000000000001,0.19029955415115915,0.2437966978150815,0.17845684720698382,0.2325843464471244,0.16995938037893812
118.35000000000001,0.19187862391004643,0.24168388012197847,0.18997253646527845,0.23570481407310037,0.16930180367833986
118.4,0.19307369100870744,0.23395732779989598,0.19926181948032404,0.23005772299907068,0.165539238086397
118.45,0.20039399662849344,0.24350708467466622,0.1893492246422338,0.23800501098254317,0.16780425719275652
118.5,0.202164694433332,0.23711717059371135,0.1927361822707558,0.24004365907775213,0.17418859866097103
118.55000000000001,0.20021072092453773,0.24672982288316367,0.1919795520391046,0.24025979609110543,0.16254341009511586
118.60000000000001,0.20375326246056502,0.2469916826326467,0.2036093571080778,0.23580000802541223,0.15954554018847877
118.65,0.20692652286110247,0.24208352853696755,0.2047881045337575,0.25223535346608067,0.15541844060821963
118.7,0.20995404077808144,0.24728547266029416,0.2067749468976653,0.2508385839548584,0.15419251101049766
118.75,0.2190710121195064,0.25078767325821294,0.21099075063587724,0.25151243966636544,0.1454768646241963
118.80000000000001,0.22666553375507426,0.2528339245671527,0.21256420352146482,0.2476430278772118,0.13572359316225457
118.85000000000001,0.229150955353958,0.2525965155137776,0.21791427879837297,0.25698522725602,0.13236390903628875
118.9,0.2358945662343155,0.2527294344942347,0.2215209639022444,0.25521058915145955,0.12199616908746747
118.95,0.24114576212726863,0.25948977823896857,0.22590818498727197,0.2581136784587863,0.1198643464688798
119.0,0.25147488923466155,0.2691472701557206,0.2307317926521441,0.2641896193717179,0.11652158548533323
119.05000000000001,0.2532939481908325,0.2721244880626555,0.2255481058327364,0.2617288433285872,0.1114773961821678
119.10000000000001,0.25619882583546283,0.2792160016086221,0.22586328887996482,0.2576975703877678,0.10984296936882182
119.15,0.25829037805353944,0.291008432976524,0.22320978391221286,0.2560112453582931,0.10712288874943873
119.2,0.25098842636220164,0.2942743934186855,0.22907646403561888,0.25186410027059203,0.10772265237659558
119.25,0.25442530610022623,0.29262998978119803,0.2278365764900839,0.25388402410940397,0.10380230187603756
119.30000000000001,0.25174476982184524,0.29454689189624805,0.23699135176809324,0.24737414096827837,0.10993442476329884
119.35000000000001,0.2515509579745982,0.2996730961590967,0.2403544151250458,0.25902119157489173,0.10619086115222734
119.4,0.24834959836898907,0.30518528259545324,0.24480615223141725,0.26185168650100904,0.09277579404118057
119.45,0.2505558025191885,0.3036213409680709,0.24902221301527017,0.26486623006901294,0.08949092181159346
119.5,0.25179066366124925,0.2994759950965667,0.24590832942387492,0.27706937092189465,0.08587393716052444
119.55000000000001,0.26119115290771244,0.29831303531302644,0.23930637522215442,0.2789647869480539,0.08775508759084052
119.60000000000001,0.26496613029445215,0.3010026424934366,0.2357245689994545,0.2788298005467895,0.09837889944092999
119.65,0.2707838973010739,0.294735843236528,0.23247732452797687,0.2764115686872561,0.10527922053447264
119.7,0.2717415787380579,0.3041853889610746,0.22758068321752556,0.2870093855857204,0.10856438172024938
119.75,0.27841923905791477,0.3028913014905078,0.22305188948741836,0.28636491293629374,0.11330052231148573
119.80000000000001,0.2768567312976204,0.29761835451904683,0.2254648942415946,0.28720831782472434,0.1231121092323822
119.85000000000001,0.2833830673799436,0.29649305663378756,0.22052430929727146,0.2858142403062008,0.11826522893561903
119.9,0.2879195696165751,0.2972911940473537,0.22046578821818885,0.283634646293917,0.12296602907226517
119.95,0.2869374780682641,0.29992429008054217,0.2222541544996553,0.27083751427039243,0.12435899590634793
120.0,0.28452262771598974,0.2951518077595644,0.21259605671899828,0.273984298868344,0.11487419755505604
120.05000000000001,0.28362691760104325,0.292284977544057,0.21115315622660305,0.25909127750048083,0.12229606928960773
120.10000000000001,0.2810249334963321,0.2869060799091282,0.2062227301854348,0.2510946381502275,0.12881842829353932
120.15,0.2817344440266261,0.2883086342287822,0.20675094355612902,0.24961110357514366,0.13721493733832296
120.2,0.27966919819581615,0.2878472206295193,0.20869231131712604,0.24131069349778778,0.14329349232329447
120.25,0.2715055526670238,0.28715824406608825,0.21201620077212202,0.2485818489460125,0.13665687020255063
120.30000000000001,0.26172119524662696,0.29161483170025065,0.20207332046694298,0.2486755530190505,0.1309983200001746
120.35000000000001,0.25260361662661635,0.282378887911836,0.19402595889129431,0.23815098742455593,0.13401263721227014
120.4,0.24534640701672494,0.2796305883114376,0.1917956599195268,0.23595330809463333,0.14566172787983092
120.45,0.2378302142390092,0.28258419406560126,0.18322207135517202,0.23965240438030938,0.14768679968849996
120.5,0.2333748319166781,0.27745680183846255,0.18029044508458156,0.2369804445140872,0.14511543938509588
120.55000000000001,0.22568770355244824,0.2778627235653713,0.1745425052214532,0.23178577187176896,0.14945878698609424
120.60000000000001,0.21347369503282523,0.27882640742607745,0.16626370491909623,0.22693386775026025,0.148422470578417
120.65,0.21289364678834904,0.27245124043257263,0.16665311486946074,0.2323117349799331,0.1580384023055111
120.7,0.2069799235104642,0.2718148242237426,0.16976198175822782,0.23103896635778007,0.16445399670510377
120.75,0.1996688385893953,0.27142167762645775,0.15511683803941884,0.236264173592267,0.1575017421855193
120.80000000000001,0.19800988329265468,0.2688577880765765,0.15571663663463492,0.23775541310452272,0.16715151736605594
120.85000000000001,0.1918511618239385,0.26907118636498384,0.1642589494178649,0.2363627703309891,0.17427377651145207
120.9,0.18885014751814122,0.2661945508634185,0.16379958405193573,0.23919582071480336,0.1735477915842919
120.95,0.18326187193541346,0.2670054549748594,0.16652111917273874,0.2404905676158586,0.17495848741042236
121.0,0.17557707763375507,0.26349151697810885,0.16945185557171244,0.2338412731051768,0.18382781625552388
121.05000000000001,0.169050970139434,0.2579157223867322,0.1719625999916397,0.23896101108915976,0.1775005496854938
121.10000000000001,0.16116165474284525,0.25469032145602466,0.17282931742899074,0.24388064684045246,0.17380053363527076
121.15,0.15607265828132946,0.2483410811758022,0.15947911110281765,0.23605368242406766,0.1801523026381416
121.2,0.14706570305601607,0.24939181943778838,0.16382327897403928,0.2278006164211267,0.19057574017211285
121.25,0.13856075767875844,0.25205682758639825,0.16306123010807524,0.23532738858971872,0.18431490953991894
121.30000000000001,0.13065077128341632,0.25497180194578506,0.15487385725952196,0.2367364872525715,0.19069712684701023
121.35000000000001,0.12211926897606996,0.24918222667700288,0.15378422805772343,0.23161119081765788,0.18644188026492628
121.4,0.11495139329430523,0.25218137368159915,0.1516966539286745,0.21842673021954082,0.1914830164925548
121.45,0.10838085614153847,0.2535643084535814,0.15262981077587828,0.21416181229512585,0.20654077073883334
121.5,0.10441016399116343,0.24802432809074873,0.15132205171242272,0.22079855066448897,0.2104484413323134
121.55000000000001,0.098781722905886,0.250855494003672,0.15318687648219148,0.219125757800365,0.21587965321064673
121.60000000000001,0.10353157160795884,0.2532667591474711,0.1548139367168039,0.21758369917095535,0.22886683540936237
121.65,0.0910151966414372,0.2549143418271116,0.14908253390153478,0.2223707649919892,0.24404031688877614
121.7,0.09095680140576781,0.25614003459069934,0.1474779824886457,0.21918499317855702,0.2415007689378888
121.75,0.08279424912697197,0.2530416550607379,0.14936123580200866,0.22395714168132744,0.2476535722195044
121.80000000000001,0.07769532041483387,0.24759883216093545,0.15518186422151561,0.21236342845339728,0.2491519512975518
121.85000000000001,0.07373989829996971,0.245894458133952,0.15791320179001778,0.2184822494021284,0.2518247624793537
121.9,0.06775405473967666,0.24780773287808017,0.1580606098824602,0.2123285818179279,0.2476719659985197
121.95,0.060597623356136825,0.2441260269884455,0.15547219759828745,0.20964495841239825,0.2630082424230304
122.0,0.04731232102623882,0.23767475287738343,0.15983191228075144,0.21679267496067306,0.2760709853936298
122.05000000000001,0.04178799892268508,0.23819738854986577,0.1643657206067724,0.2166248961872795,0.26550424327551114
122.10000000000001,0.029592813974760674,0.24235183351214254,0.16460914337155066,0.21519937781119314,0.2681457369379011
122.15,0.02815976641115186,0.24155443101278795,0.1586827612316752,0.2197401583497995,0.2795176605318082
122.2,0.027866729672168387,0.24398489181985375,0.1574311287701966,0.2257593901409964,0.28323693844425857
122.25,0.019139311494281247,0.24864753081185334,0.15881360640381353,0.23657005854924015,0.28308013531288423
122.30000000000001,0.014049283430309142,0.2574589850069498,0.16744643898629177,0.2351873094802231,0.28672394904204995
122.35000000000001,0.012709004126051159,0.25316097637380297,0.16773459941082058,0.23569541524667914,0.2895380459308659
122.4,0.0160324820164785,0.2586777004230983,0.17123230035437154,0.23884663711430643,0.29054210278308057
122.45,0.011324476490216322,0.26062726843978634,0.16820067627172514,0.23672409692105587,0.2943765701627905
122.5,0.012626522732385086,0.26301339967465526,0.1685167982043441,0.23592679559207913,0.29566679923168
122.55000000000001,0.011397753667665579,0.26533885641593224,0.17431875364178478,0.22730435144178693,0.29957121521665864
122.60000000000001,0.0124456440795787,0.26991622664585435,0.1835187871824982,0.23623978535795725,0.30217947070325923
122.65,0.0197526923292225,0.26645917444457273,0.18434454479552173,0.22869979601073354,0.3168195462565074
122.7,0.023317957459727163,0.26861542832246127,0.19748136630465302,0.23179930315446118,0.3190109614592452
122.75,0.028951620025053647,0.27568113040578324,0.20452471916512213,0.22925966420297375,0.32697973023614485
122.80000000000001,0.03039340089772267,0.28219046141516796,0.20579721933696263,0.22118696005652103,0.3342231974963913
122.85000000000001,0.03597353475539714,0.2884207168860781,0.2133151022878238,0.2157187216195471,0.34114265020752765
122.9,0.04165569740705214,0.2969037935498806,0.21679615971073793,0.220895286074939,0.3524877518480964
122.95,0.043471537682249047,0.30420153078509826,0.21747659799260483,0.21968827422858214,0.36051992121843157
123.0,0.050871629138711474,0.2978352405462903,0.21322414294329162,0.2189525299479488,0.35421525061534714
123.05000000000001,0.05973592655156262,0.30004721453158495,0.20615433690580823,0.22420835398764774,0.35992431985904777
123.10000000000001,0.0654598068446468,0.30661940775358054,0.20150293543262188,0.22325226369464674,0.35529173034587164
123.15,0.0733903963318444,0.3147401028765124,0.19781053234720017,0.22451482701411804,0.348641474015705
123.2,0.07965324225930237,0.31325237725370125,0.19517121394916892,0.2279168898077076,0.34453213714653413
123.25,0.08473551012701977,0.31090432058472683,0.19564796721071215,0.22282543178800193,0.3440769708113633
123.30000000000001,0.09103789015262748,0.31251835077337464,0.19772786652840874,0.2187837177781187,0.35112046191176366
123.35000000000001,0.09627193006122173,0.31603591694123173,0.19239742707355117,0.2251985795188688,0.3573789495958827
123.4,0.09701806220717518,0.3046328610054676,0.1864482010725042,0.22284524251060614,0.3566602691141467
123.45,0.10832128239315852,0.3108927582851965,0.17532332019223887,0.2169456642239043,0.35254625147623536
123.5,0.11144401115501265,0.3142203573472326,0.17191486408433032,0.21836714408683314,0.3501901092117156
123.55000000000001,0.1193021979259281,0.3055676343150793,0.16490854408440295,0.2230371469753173,0.34593144371218615
123.60000000000001,0.11982749375774748,0.3121706796329253,0.1596024604282443,0.21470409821762515,0.33899986806817484
123.65,0.12025555132644436,0.30448178133915516,0.1522260566655675,0.214926996388656,0.3353625406674275
123.7,0.12895467611310105,0.2953138912880492,0.14360036233932832,0.21110570869026285,0.32419755953369755
123.75,0.13849487048223966,0.3036091392751281,0.13724326321457517,0.2182364320853037,0.3179072221342437
123.80000000000001,0.14439471891198374,0.30811520289482497,0.13350912816717914,0.2249086204818012,0.30566590017791295
123.85000000000001,0.13883621942076263,0.30978915322475825,0.13440599341079945,0.2348963859457471,0.3037868706918947
123.9,0.1471393047664593,0.30712234272469,0.13810091905717192,0.2311726298421428,0.2973892697444239
123.95,0.15156185979731837,0.3091230028133423,0.14120716737181685,0.23938964640764346,0.29626721858587185
124.0,0.14632041966817363,0.3029739473275947,0.14982961903878225,0.23881492232009235,0.29205901815908347
124.05000000000001,0.14874282045055615,0.30902943941026,0.15374989203642214,0.24268360394314306,0.2861987096387348
124.10000000000001,0.1488792323379095,0.31960885972035136,0.1556877659566102,0.24402250736997808,0.28928704544094747
124.15,0.14566088819925033,0.32236937668092036,0.1621527723419282,0.24956499917668343,0.2959090612148829
124.2,0.14654226110759444,0.3219444045953056,0.15920140821019982,0.2504412853139016,0.2995535901349804
124.25,0.1468219325580736,0.3272531471318921,0.15895236647417235,0.25338950295635776,0.31145751961265594
124.30000000000001,0.1425807379344492,0.3306691159123055,0.1609998854647149,0.2578692340498696,0.3124565316135906
124.35000000000001,0.14699749193319162,0.34101144548764173,0.16383362505002014,0.25565715324904675,0.3231589458654012
124.4,0.14615200170085965,0.3440042911423747,0.16486818241386123,0.2604485403813937,0.32098603186447217
124.45,0.1498275033360367,0.33984511815641916,0.15587364484949742,0.2653980845779593,0.33496226312968397
124.5,0.14736524598474168,0.35144839650981435,0.15266856187007322,0.256592899057687,0.33245412970986504
124.55000000000001,0.1499281567775173,0.34775186798405444,0.14573522810562914,0.25695714284488685,0.3313050940088266
124.60000000000001,0.1548743857428932,0.34278459302918424,0.14008740068155687,0.2474725648510344,0.32958149226440503
124.65,0.1498731428412637,0.3458987131371947,0.13636538525908612,0.23518474026816036,0.3323013467022916
124.7,0.14824446125939514,0.34605710893466957,0.13358673613154942,0.23849435505574576,0.3259073372161402
124.75,0.13766461184896236,0.3417023775733017,0.1362079482088592,0.23480887527198213,0.3319157776768847
124.80000000000001,0.1376282459092528,0.34204600096906906,0.13342424250426427,0.23643238714225495,0.3322623858976055
124.85000000000001,0.13578444752517807,0.3415849332130693,0.12872030689566263,0.22375457672413987,0.34007350472058445
124.9,0.1324043947962523,0.33245701107347186,0.12479753074333175,0.22433440593998455,0.33141396404181955
124.95,0.12852696971971986,0.32715496703072233,0.12134978199174856,0.21690914387085497,0.3343040382983768
125.0,0.12786051742085122,0.3275657658300111,0.11633100359694663,0.21586332258321247,0.33940292982069836
125.05000000000001,0.1266584647589181,0.33054432714185733,0.1130323271348491,0.21309104086449301,0.3355605826905556
125.10000000000001,0.12023769791825192,0.33442313042866434,0.11398330579654388,0.21263514610918238,0.33223238036585834
125.15,0.11139682739917298,0.33320852068704154,0.10867564776494028,0.20618163614575014,0.33157865664758834
125.2,0.10732404794612554,0.32021449757902715,0.10404394168352862,0.21274818646495025,0.33261257952995466
125.25,0.10326959977568916,0.3253921641924923,0.09750640341711783,0.19679187120042727,0.3313986119320137
125.30000000000001,0.1029336696804786,0.31981393983036827,0.08695042769605713,0.18836618703017216,0.3276589070395784
125.35000000000001,0.10545545581359596,0.3185126982254682,0.0835173241468358,0.18005304612427775,0.33526713518911067
125.4,0.11331013037258307,0.3142744677972232,0.0740434450107803,0.17412135897118203,0.3307514093176598
125.45,0.10929922996325961,0.3105488427652361,0.06739388567530073,0.1653945087831718,0.3250642887330872
125.5,0.10915940316990509,0.3011317796672427,0.05619974228880373,0.14612316971260814,0.3181592627551112
125.55000000000001,0.11715076945940177,0.29408424853389376,0.060390228284075094,0.139129208112733,0.3300183242062716
125.60000000000001,0.11775924841781059,0.2918018459925716,0.06300145788202226,0.14246312823204454,0.3252241529323438
125.65,0.12111731988118937,0.29882351983570465,0.06485850521702945,0.1447956693692493,0.32568316091531074
125.7,0.12490703372365247,0.2989972100272046,0.06745218672753417,0.1443475801946298,0.32989912019360484
125.75,0.12384493739411373,0.29348400975751715,0.07982340336006608,0.15254848815543212,0.32583557393501533
125.80000000000001,0.12913725258875874,0.2908098265427898,0.07695048012718783,0.1429679944275409,0.3206556650240224
125.85000000000001,0.12087393485504339,0.2868840889024467,0.08175532778393606,0.14563324376552045,0.3194055257364874
125.9,0.11475567528785002,0.28315468819996886,0.0913205472240764,0.13837231594858287,0.3039876059894228
125.95,0.11688528689399111,0.27451670583070775,0.09491219220913998,0.1329352599624723,0.30557459159340267
126.0,0.11508037279680476,0.27948246319890513,0.0983079030155146,0.13084569190710127,0.2998466158226069
126.05000000000001,0.11633780731390408,0.2744551389563284,0.11403300694453673,0.13048389797896456,0.2942059814568786
126.10000000000001,0.1197919491487042,0.2782825329751437,0.11860243137552001,0.14394647323768983,0.2867519643776053
126.15,0.11334800581993039,0.2762336589482664,0.12759498948751347,0.1465455303095152,0.27418898931022756
126.2,0.11743259766561284,0.27032062146325425,0.12594401825838955,0.1431050388807148,0.26831056627258393
126.25,0.11181397681816913,0.27201419409428834,0.13567381967903322,0.13494361629573698,0.25526159773155493
126.30000000000001,0.11135104738369601,0.27298110498948586,0.143756337068892,0.1348093920653115,0.24442044343893643
126.35000000000001,0.10618224772600045,0.2675852240084391,0.14564209640499773,0.13815666663830928,0.2422624639248503
126.4,0.11411091809838873,0.26749572151616857,0.15004302007437761,0.130557280897315,0.2292463370538541
126.45,0.1224519746498992,0.26351561654917854,0.15908081193592974,0.1203710213798628,0.22910802047939285
126.5,0.12453970661328352,0.2581775523905625,0.16403866364555847,0.10508940522603384,0.22528888144177459
126.55000000000001,0.12327839477221386,0.2559432940081779,0.1788613501725954,0.11204602987491873,0.2180345240369669
126.60000000000001,0.12142430847833338,0.24517153975347103,0.18217515115215271,0.11103244046357427,0.2164758168793368
126.65,0.11555842359486856,0.23829577850457,0.18978308767049712,0.11722041749786095,0.20438088243636002
126.7,0.12010891908198312,0.24269203739836498,0.19615050497897937,0.11433379580645327,0.19828926934376623
126.75,0.12135115489967886,0.2469049727402089,0.2046052516134316,0.11780023141525582,0.1962566463943969
126.80000000000001,0.1211557490367926,0.24319940193789705,0.20489682685033156,0.11282080687107485,0.18902053322720655
126.85000000000001,0.13214736974772828,0.23424353747308838,0.20343622021365657,0.12548416783823377,0.18596994980604872
126.9,0.13106488650929318,0.23771076436486727,0.21060222355668654,0.12171821875523978,0.18092609549512692
126.95,0.1327698321206507,0.23042655198723178,0.22108357491089636,0.12614245504427068,0.18308272565433306
127.0,0.1364545366362913,0.22521727228495575,0.2236696614754961,0.1253597059208593,0.1809368956329211
127.05000000000001,0.14606771599824397,0.22128561140967842,0.22062329849450482,0.11747066128998308,0.17884804531623794
127.10000000000001,0.15009965657571006,0.22751448853424483,0.22552599163780523,0.12021029377268416,0.18350335707924473
127.15,0.1533647374675026,0.22689749467197604,0.2324882816221846,0.1246053713467463,0.1898587127640492
127.2,0.15788134524324396,0.21318665553397392,0.23542166133311218,0.11665988740959742,0.17646721030555834
127.25,0.15782955724226846,0.22783682973176625,0.24475685062215377,0.11449263152943179,0.17092843528041843
127.30000000000001,0.14992700077735335,0.22617775829590125,0.24944001686064834,0.1098987128573582,0.1584889686097032
127.35000000000001,0.15606071898041485,0.22616779603386516,0.25076695026002516,0.10320084219325432,0.16117495479559088
127.4,0.1656369520173067,0.22796516088118965,0.24410472479339573,0.11249345457332938,0.1510661421371063
127.45,0.16081855175285242,0.2232458302640812,0.2541372209990018,0.11320478145463227,0.14899887137845097
127.5,0.15234708397251012,0.21700620581666233,0.25253420217498285,0.11289337329684655,0.13329548610129868
127.55000000000001,0.14988471309914952,0.21146795239095137,0.2507380251194534,0.12457858386378616,0.13118161481801008
127.60000000000001,0.15679164130526788,0.21485600435615176,0.25229601481093317,0.12544552776202528,0.11703281703063637
127.65,0.1484604518399487,0.2099383524596585,0.2509396628244558,0.12621863895511454,0.11264765770509776
127.7,0.1521932768627471,0.21009291799415278,0.24957310602883714,0.13154682186283648,0.10723686486986989
127.75,0.15067203499082718,0.2128981978348615,0.23870833057154378,0.14229560033861552,0.10185036124544032
127.80000000000001,0.14944881163339738,0.21037178752716684,0.2390916595681006,0.1563860553170541,0.10062859621517987
127.85000000000001,0.14754168578553048,0.20220975711633227,0.23866702865596706,0.15453980941553527,0.09878655097032736
127.9,0.14781069838688254,0.21113324975534653,0.23982356294357335,0.15788320309753556,0.10070703465564664
127.95,0.1430428971949196,0.21858278161943198,0.2333550001253515,0.1510263170903784,0.09633908180855114
128.0,0.14375182416174648,0.20711578061605926,0.23109960363410334,0.15813172958174093,0.08614929473355566
128.05,0.14236195284155276,0.21823849298942508,0.22453048361982522,0.16823435494361536,0.08517611372618
128.1,0.1390095274638402,0.21923819267666655,0.2263884055580854,0.1653779856881091,0.0808242424753676
128.15,0.13751930957883712,0.21638499747930773,0.22383780389397828,0.1645045740457961,0.07146087443738777
128.20000000000002,0.13938179870758968,0.21272472846339494,0.21751361620087034,0.16409553451888478,0.0672041501883524
128.25,0.13360820302286028,0.2153493304958325,0.208649098910811,0.16993941090934658,0.05876272923502528
128.3,0.12548903729755548,0.21114000774118583,0.20176852549297503,0.17044514680793635,0.05023055674226883
128.35,0.126737459021668,0.21611741547244853,0.19980905025598605,0.16855964893934178,0.04284652866776128
128.4,0.12258763147082842,0.21621352436422292,0.19801095168916494,0.1732033950027877,0.05092748333036693
128.45000000000002,0.12831464209592433,0.22119939900031127,0.18576000944232596,0.17322725859454471,0.05186755345821166
128.5,0.12346917087445203,0.2301082689139714,0.17586759032524418,0.1837889475750473,0.04545216252735003
128.55,0.11503602864136743,0.23364651064357608,0.17532785723650682,0.1945183557845543,0.0363423225223834
128.6,0.11150276240800744,0.23468463611786872,0.1764973747396181,0.18846565307162524,0.031345007252989894
128.65,0.1043672889199402,0.2262906390348817,0.16878917480726832,0.1908446272692711,0.034375538192467525
128.70000000000002,0.10364766570740944,0.2457772628846686,0.1664229056079626,0.19895921752381227,0.04611259155640502
128.75,0.09810173182326337,0.2460975469550722,0.1681318297793878,0.19766825948910663,0.05117749732168967
128.8,0.09105321207837777,0.24240720520264333,0.16320901644720404,0.1949332752239435,0.05814424524090822
128.85,0.07933762120151128,0.2423596137755399,0.15196187985012163,0.1998176007331456,0.05745353884217762
128.9,0.08111283694231346,0.2414793694571665,0.1513030794812231,0.1957599793131122,0.05576775432221351
128.95000000000002,0.08303930945032108,0.23225280843797447,0.14913704106395265,0.19972875693647474,0.06701111139114937
129.0,0.08353774440588897,0.23132923489696539,0.14715494875632615,0.20128685611009628,0.0536037035888088
129.05,0.08565244356180587,0.23749469803887407,0.13559152734424,0.1989978567633829,0.06318369721072904
129.1,0.08206838218807491,0.23634784450330049,0.13337472397427097,0.2130056619446268,0.062444617050635434
129.15,0.07553639436657895,0.23979979807906426,0.12694735479341282,0.21283545511076424,0.06210983063372737
129.20000000000002,0.06695969335040163,0.235169857193281,0.11571261500532681,0.21300282737742982,0.06773828340074459
129.25,0.05539654864143341,0.23952499082856038,0.1137947780133273,0.22451123293086295,0.07336240296076069
129.3,0.05275026682256458,0.2330718438323304,0.11028408589049152,0.23818048276139256,0.0669252142390657
129.35,0.054282941686853686,0.23083705866929805,0.09831589458982094,0.23279100618670368,0.08752664430471743
129.4,0.059480056664624144,0.22014232755496574,0.09554142561917323,0.23427264900778846,0.09363604575499639
129.45000000000002,0.044684761243809226,0.22037724810267376,0.09608904212464366,0.2354137519898047,0.08939701353491546
129.5,0.04386050325770005,0.22844188370470989,0.09348443115547445,0.2236857942168308,0.08513767683028964
129.55,0.04036849493184929,0.23056985143020767,0.09033250599921752,0.21544047658116974,0.08911375713412055
129.6,0.03285096645509163,0.22358472591119205,0.09092073405523271,0.22104124331032582,0.09528443177895464
129.65,0.029294063280654987,0.22876313826317962,0.08454930997435353,0.22647714219813603,0.0923179914356337
129.70000000000002,0.029449469719801977,0.22903949210170393,0.08254467735739957,0.22378335421323617,0.0959464739828995
129.75,0.02061900635968556,0.22048481186284008,0.0763803224256148,0.2290526998615646,0.0903440621312284
129.8,0.013672095859097688,0.2185963809428598,0.07709961181476671,0.2280498353371428,0.09401646020335694
129.85,0.01475966716560344,0.2212526369496985,0.07470415527044218,0.23029775052734208,0.0957526558544005
129.9,0.019397223187302692,0.21908259075969652,0.06770279101153041,0.23878113103212054,0.10149658360858634
129.95000000000002,0.018989449633420315,0.21749193364149422,0.06107843663042789,0.2420041602348557,0.10328335800364534
130.0,0.025840931321874396,0.2181919920658379,0.05725782216431182,0.25483585236850065,0.10158823464369406
130.05,0.03540863996827415,0.22443069189917178,0.05872336675219875,0.2619801499076684,0.11078556403384585
130.1,0.04159399111117855,0.2190647463543494,0.05679004912265131,0.25956868253912313,0.12638619204525586
130.15,0.05320209363931966,0.2167483590933798,0.058399860985609925,0.26187653749484285,0.1285852908009042
130.20000000000002,0.060457564501209426,0.2099286933433345,0.06361332753417548,0.2654494248258214,0.13682697693156856
130.25,0.0666478306696983,0.1997087201383281,0.07078155245444596,0.2601023268978802,0.14038916926653466
130.3,0.07369942270526068,0.20022965166704873,0.07777133704667959,0.26681047312590067,0.14886040094928332
130.35,0.07821112475528366,0.19877955526937383,0.08979275551451273,0.27597701225279936,0.14613471661310712
130.4,0.081014019661642,0.19810403600499585,0.0957987660836686,0.2694644835920729,0.1419528215555466
130.45000000000002,0.078752425599715,0.2002428638097726,0.09932721296367822,0.268841802821487,0.13700739800771602
130.5,0.08311561263756219,0.20062023496602882,0.10182888423747628,0.2828439580565325,0.13726209086707541
130.55,0.08126849332401394,0.19722735042247175,0.10698290693073971,0.28741728694952445,0.14733459540058286
130.6,0.09379044431854237,0.20395952115163368,0.11259818257512864,0.27989685624824884,0.15207259520605554
130.65,0.097075054838801,0.19936639199155376,0.11577218523183527,0.2852142191408422,0.1544282776901574
130.70000000000002,0.10390258372949371,0.19727196885312162,0.12076106411098005,0.2887844556144684,0.1596617596779038
130.75,0.09975240650942276,0.19526503804793538,0.12495955409511278,0.28985375812719283,0.16663489758788105
130.8,0.10598989003024231,0.19869224003019859,0.14046150979021305,0.2796108436385774,0.17032193413796995
130.85,0.1096613670068702,0.1968107559415476,0.14816732048956316,0.28954949440866323,0.16937493659840128
130.9,0.1174614797510484,0.19605243475532314,0.1536679668676785,0.2909996191011824,0.17881581253601495
130.95000000000002,0.11304726275309644,0.20099549754198404,0.1666528976058366,0.2921353942659647,0.17523402736290505
131.0,0.11281092018587406,0.21037864059680958,0.17297626169388586,0.2994583354852951,0.18031741360716774
131.05,0.11395088689370132,0.20516296723082936,0.18484170991925045,0.3104157766629568,0.18748424762043414
131.1,0.1207857169734232,0.22161460876194453,0.189217224873257,0.31462614165859965,0.1963081009803092
131.15,0.12011471773905905,0.2221310484773364,0.19765276226726827,0.3211111543059788,0.18686648947379073
131.20000000000002,0.12135194770706975,0.22037952885285178,0.20085543958815313,0.32162734458245834,0.18396638184824873
131.25,0.12336900273524945,0.2224363453462182,0.21357168965796341,0.3304077046539452,0.19611318679778583
131.3,0.1263431481227209,0.2305217314983922,0.2247048417249718,0.3371581428299384,0.19122761596931764
131.35,0.13321173831804836,0.23625019100045935,0.23354056174895374,0.3349939838794786,0.19971169137732256
131.4,0.13184083576945796,0.2373422215169005,0.2450589279944395,0.34005127119178385,0.20950951415006316
131.45000000000002,0.13754046807616394,0.2434136909780135,0.24802349268862517,0.3364777761672246,0.21734206633762254
131.5,0.1447645484158201,0.23924191202516354,0.25652745797374504,0.3413350843305117,0.21902331671837888
131.55,0.15004556830458646,0.24487992173855103,0.2602090923793766,0.3399873668917642,0.2094140624398061
131.6,0.1604043589155456,0.2571217310302024,0.26711229558425076,0.34358060549303115,0.20529010137149795
131.65,0.1587123229133007,0.25134448160080086,0.27294010038225236,0.34312925493249946,0.2170114510273495
131.70000000000002,0.16853676136422746,0.24775217596349083,0.2740290051306608,0.34833198644276114,0.2274312821761763
131.75,0.17343443833373348,0.2498256995500528,0.27616701693285656,0.34455029657475916,0.2301569020281122
131.8,0.18253810577778504,0.2465197991395259,0.2848406479215772,0.34751568718573633,0.22989221962814632
131.85,0.18003871417586312,0.2523960447911082,0.2878016011343044,0.34152816552674875,0.2366709356096611
131.9,0.1799757744330376,0.24304666375871872,0.2864278282917896,0.34660728950878633,0.2291697520511703
131.95000000000002,0.18924169643768438,0.2426889855693814,0.29079377250661365,0.34562434403275993,0.222966863513031
132.0,0.18231404599227102,0.2445259577420526,0.2915533155131542,0.3497097603329585,0.21949890302306477
132.05,0.18126975180640745,0.25168697455293854,0.29480696998900935,0.3513616623411819,0.22653590576033333
132.1,0.18460400298130966,0.25552838420863627,0.29224381490276163,0.3479824105630415,0.2259561213546833
132.15,0.18378209479948732,0.2631499575232263,0.29309051250762846,0.3550220184461509,0.2283291046875018
132.20000000000002,0.19275131107614396,0.26293167873857076,0.30042497852674693,0.3564278181595044,0.23959817934849087
132.25,0.20115514341802085,0.25935395556634583,0.2938815309523873,0.3591746322318162,0.24241656642019602
132.3,0.20410491017905366,0.25952117789480056,0.2928313133326852,0.35761905948474154,0.23773799262759282
132.35,0.20815157847982965,0.25937285444559904,0.3046456658050793,0.35980581939510675,0.23264275790962852
132.4,0.2162326478836373,0.2627946414440031,0.30296592949914286,0.3593049690867574,0.23315289016829333
132.45000000000002,0.2197564792027911,0.25356901353233635,0.30546323288433747,0.37363832781319334,0.24057607376323373
132.5,0.2241142409069251,0.25548157603097454,0.298898734534545,0.36824132407061483,0.24310171748352627
132.55,0.22331187981201348,0.25453212581855905,0.30205567062338257,0.3734927846452837,0.23405973072700478
132.6,0.22270342713468796,0.25969841887760026,0.30176067729285155,0.3740674200493486,0.2435008997250905
132.65,0.2190730661870391,0.2593969626560116,0.30243838858730276,0.37963589641166334,0.2536980841413943
132.70000000000002,0.22480106915951012,0.2549003540363902,0.2927927558054411,0.37715924749856894,0.25798524918727395
132.75,0.22804042706800828,0.2598988442519056,0.2853225959424398,0.37843883635713,0.25643166020754027
132.8,0.22855837822145303,0.25701653557695625,0.2812494125912719,0.3811604587333419,0.24814630241174443
132.85,0.22762400045844555,0.26729992979553224,0.2800716978219421,0.3841824360080961,0.24185899147987155
132.9,0.2257502027913068,0.2666871984912014,0.2860196008798578,0.3846186094729521,0.24911785839052045
132.95000000000002,0.22230031923809554,0.26823532083799145,0.28096232308406344,0.384215889632751,0.2610794561988261
133.0,0.21366240176567014,0.2741821886573464,0.2835286349052261,0.38413050272156773,0.25751572594244815
133.05,0.2119401547083088,0.2736428436663184,0.2711930463184373,0.38896835961089105,0.268806175270413
133.1,0.20928029643150714,0.2783334800093909,0.26541251791453746,0.3865600360795331,0.26683014640316244
133.15,0.20798326647375892,0.28081685157645064,0.2551327568615697,0.3872180744751782,0.27023486913357186
133.20000000000002,0.2007963431691104,0.28090722605887547,0.2529654957563625,0.3847969082988405,0.2620430744557642
133.25,0.1998752641588907,0.2889760906365874,0.24486600129121278,0.3924320702529719,0.26945134852974506
133.3,0.18460913022576975,0.28135522806521085,0.2456490978128519,0.3922107543589867,0.26323101380415037
133.35,0.1804214983072804,0.2848450061649781,0.23955633626137826,0.3937170310783837,0.2709683440815575
133.4,0.16999095602241468,0.2930454914336098,0.24276382868647586,0.3846431407926965,0.2717958372670991
133.45000000000002,0.1610764888709316,0.2897020992181975,0.23419024238289368,0.38209878821143844,0.2796228942813888
133.5,0.1555632208037821,0.28846339387693315,0.22372018458343376,0.375078285565033,0.2804354511876773
133.55,0.14640063879273627,0.29366599625152573,0.22104987119713787,0.381252530423701,0.28871977865784215
133.6,0.13952927557476702,0.28815142216361966,0.21338377180939075,0.38327675332861205,0.2962390278238834
133.65,0.13357399717172208,0.29110016689389556,0.2180533126905102,0.3784676971140508,0.2871756763751617
133.70000000000002,0.12405137745617369,0.2864989828653982,0.21875874339065637,0.3784245239745543,0.29505191277080506
133.75,0.12150580763840467,0.29032939545208575,0.21788386939149224,0.3787350667697452,0.2984019417890369
133.8,0.11440073305175427,0.28815108358817115,0.2156424803691362,0.38045526858990514,0.30776882605447453
133.85,0.10934310253764525,0.2967821794615436,0.20228448719402461,0.3727602334907957,0.3012878709430526
133.9,0.10246208676122529,0.300655415425845,0.1988791700977205,0.3850490379965245,0.3044491235904927
133.95000000000002,0.1005372851982352,0.2993307389109621,0.19293260809738433,0.3795855033837934,0.3062663914262665
134.0,0.09939993218654519,0.30837670855295407,0.18562393755407622,0.38576927759457585,0.30130347405502333
134.05,0.09880945670970369,0.30580891778762603,0.18115661020303717,0.38839494855255263,0.3070251102306872
134.1,0.0958005410972011,0.3037059059438242,0.16487097824165428,0.3839258925089037,0.30421815164585153
134.15,0.09239611753570415,0.3071457408575063,0.15888030511702475,0.3853149015957888,0.29952967494613475
134.20000000000002,0.08126786087639251,0.3096620158545323,0.14949557314796538,0.37279950810126294,0.2927017740998997
134.25,0.08207733616908437,0.30108740262396544,0.14714502684230743,0.37707675683139563,0.3003697593489726
134.3,0.0858565725007717,0.3093785385511563,0.14834372436285387,0.3655737464809201,0.3034235260778604
134.35,0.0798665090951071,0.30996059694095063,0.13701158597915553,0.364250097879815,0.30932374970460497
134.4,0.07875584942480529,0.3188886846329363,0.1310771103298706,0.37697220157141725,0.31202567331766384
134.45000000000002,0.07630604213621839,0.318246778465703,0.12197236541145096,0.37736318699629356,0.30879278660059617
134.5,0.07832125624570757,0.3139377866572726,0.11371545405548299,0.3690938315979288,0.3013197220982303
134.55,0.0797631416733313,0.3172147099857331,0.11137489341451329,0.3649415573682273,0.3039018668586572
134.6,0.08138812816074385,0.3200728425719782,0.10542561192042338,0.36137147153522314,0.31304987768760034
134.65,0.0748527876592901,0.32169140620589665,0.09923357646231055,0.3678857362405451,0.31110061567485403
134.70000000000002,0.07079839715589563,0.3226737222422464,0.09399874067568721,0.35683937468437166,0.3095482946423701
134.75,0.06688477702724685,0.3276242947325297,0.08664277372768908,0.3667766118120084,0.3193328077785784
134.8,0.0603151126851128,0.3296510288426729,0.07888883472811725,0.3667465069114247,0.32318190442449135
134.85,0.05868645446926573,0.33060911727388953,0.07167654882116707,0.37587435514151263,0.32791140450947726
134.9,0.051498204240979645,0.3297446660034908,0.0682744517383061,0.37573076552408907,0.3210449869551316
134.95000000000002,0.05015934077699514,0.3339575328609186,0.06445785740299087,0.3724729571534413,0.33041024601669206
135.0,0.046689207363363384,0.3351827871771355,0.05959748213551161,0.36781394607131324,0.33983995191018807
135.05,0.04602506280065452,0.32450839993424985,0.038313808612447924,0.37865355293021735,0.345295899630222
135.1,0.033250617744066235,0.33018482962208223,0.03352389408788849,0.380278122816245,0.3454414449241906
135.15,0.03860867846166889,0.3408595414250932,0.025711496142973578,0.37472816418798965,0.3487046804676421
135.20000000000002,0.03935682092356223,0.33330765507294086,0.023997915693483036,0.3817631696483574,0.3430651257334766
135.25,0.03498111842259497,0.3402569415062429,0.02811694972762703,0.3810664589822639,0.3396109456848802
135.3,0.04085623237827793,0.34284353413058544,0.03169259662788766,0.3756932256894484,0.33613831414354334
135.35,0.04260098443000756,0.34627884960807187,0.04171591303990583,0.3817603737461866,0.3218249188915433
135.4,0.04349119997782134,0.34868997082754877,0.04887655361316203,0.3812641187081506,0.3174678203015308
135.45000000000002,0.05000652122421695,0.3508894460432087,0.05374932314438307,0.3890968857346319,0.32260642019801944
135.5,0.052754654681499764,0.3497714229594524,0.06547017648466916,0.3880467244233899,0.33093842261180334
135.55,0.054264314914670715,0.35430467381135017,0.073956345299636,0.3944211815544971,0.32512628393887494
135.6,0.053012242228036466,0.35254248133875493,0.08098870881281942,0.38683945105205303,0.33109594586612406
135.65,0.05629231727585939,0.34956484841991914,0.09289771230293858,0.38905243541300566,0.3266136097170825
135.70000000000002,0.06562751347338816,0.3487618994813944,0.10385214278859131,0.38798328172815877,0.3216131924680715
135.75,0.07322056177133608,0.3460998338598168,0.11690652346787224,0.38795362570291825,0.3237469582138784
135.8,0.07165142864378694,0.35371167709295787,0.12499610721434691,0.3930389692725295,0.3248188649178389
135.85,0.07612921910733482,0.3479020673784674,0.1372972171375878,0.39060616464890735,0.32938005895749034
135.9,0.07832000218189865,0.3504640534911752,0.1422368882747486,0.3997881858772976,0.33203888631232
135.95000000000002,0.07932907345288186,0.3486546211497309,0.14840420042889546,0.39941992991379194,0.3281250162152861
136.0,0.08225638175554824,0.3431480057470332,0.15405950085081221,0.39899724255235525,0.32330119220879694
136.05,0.0918058138729147,0.3423801358804142,0.16538145657161873,0.39650186080791927,0.3189189963944239
136.1,0.08982763709929122,0.3405548303188036,0.17248187400897452,0.40408909206020954,0.3095630148639942
136.15,0.08819903420279476,0.3376620920039963,0.1788189525689775,0.40671098044161735,0.3115752621218541
136.20000000000002,0.08544594384013239,0.33970056417896766,0.1876199110454883,0.41044821637965323,0.3008048641532858
136.25,0.09064825704969333,0.34591551333343334,0.1904931836176394,0.4063732080158464,0.2865206948054143
136.3,0.0870550051968489,0.34528686803237235,0.19511586467512224,0.39715287260221366,0.27646377342886674
136.35,0.08568137560652059,0.3390445350960501,0.19829624988895517,0.3970353417609317,0.2867795581585025
136.4,0.09082931957901491,0.3304728650022545,0.20308644642933651,0.3972813795014353,0.27785391971525164
136.45000000000002,0.09394664776926824,0.31560394647806084,0.21064488541439982,0.4041603135201354,0.2745516907890381
136.5,0.0948474112107009,0.31926927763684176,0.21660659994944303,0.39183995778983094,0.25689379588427164
136.55,0.09933039979183424,0.3142923212098349,0.21760150371866938,0.39854045811832706,0.25447950618378684
136.6,0.10485335751466132,0.30329143212040893,0.22720127168567245,0.388902678878078,0.25764454654722224
136.65,0.10570847680681972,0.29987842115409497,0.23227856924633672,0.39250600906724864,0.25040492578939927
136.70000000000002,0.11249606093992782,0.2977102166958289,0.24425061604967477,0.38773952534624206,0.2517463555582637
136.75,0.1167392175834546,0.2997310756202445,0.24598907816283155,0.3885067659860141,0.2405530997523718
136.8,0.11793493516673702,0.2992474878684548,0.2536440327974071,0.3888739799078549,0.2361856580710544
136.85,0.12471413191181352,0.2879323502762475,0.2614327275497209,0.3860065551187457,0.227201366122867
136.9,0.12685388637947,0.2840740219422924,0.2675759044091696,0.3860483822773252,0.21178329193346324
136.95000000000002,0.13372819670427896,0.28146299478403786,0.27438063395185464,0.3891621905630681,0.20649507314359697
137.0,0.13445153369096915,0.27659828290164695,0.2883232031344123,0.38798464960260287,0.1945525774053956
137.05,0.1387699578330978,0.26494916941578694,0.2890164791195719,0.3943118002918274,0.1871976438757461
137.1,0.14020423484615835,0.26511753186962994,0.30071893062368593,0.38618208420160977,0.1793805463971801
137.15,0.13483615063530083,0.2602527539851381,0.31448963181461814,0.3847582131759794,0.15672578443693264
137.20000000000002,0.1329920927366095,0.2657233508795228,0.3169813461111324,0.38954166065427787,0.13307899658357916
137.25,0.13579039287081449,0.2628123070202619,0.321448047752343,0.3881612800432376,0.11114160031768165
137.3,0.14091818862672473,0.2644743599378049,0.3159319322576028,0.3925279647660183,0.09370801647179677
137.35,0.1401421054745733,0.26610919132169797,0.32215636044134255,0.3896894233250188,0.07118292676786048
137.4,0.13824773534008944,0.259648906329312,0.31991494469531706,0.40198082626051884,0.05746074081172043
137.45000000000002,0.13967525051056204,0.26336895989168374,0.3194635180989714,0.40357938986885744,0.03962812313132913
137.5,0.14120139460825198,0.25916876758786717,0.3264114489251101,0.4026925530289723,0.043482627051382776
137.55,0.15064620412938173,0.26073562738578526,0.3282253688112352,0.39928593823906255,0.04674724987877858
137.6,0.14889966815852437,0.2582236957346189,0.32560250859474366,0.40244234890338865,0.044082739839560625
137.65,0.14666255020165772,0.25266573902830247,0.3335661233657608,0.39625705447120374,0.035357049871850205
137.70000000000002,0.15774674656043777,0.25570405254545225,0.34389323946767986,0.4002134878996605,0.02366858507911014
137.75,0.1659254565145335,0.2667700188711563,0.34337227278654514,0.3992669201329345,0.018937559859144446
137.8,0.16891423028554156,0.2640873245032684,0.3375369836498838,0.40628276126152474,0.014923871596595317
137.85,0.17322677810368434,0.2610323571298752,0.3465346174384712,0.40375507376908404,0.016680570932164594
137.9,0.17359976327951698,0.2613953202094838,0.352814851786393,0.39280874007903926,0.00957808595866841
137.95000000000002,0.1716572493401739,0.2583451670354012,0.3476784244662974,0.39307330997934364,0.00131581932846612
138.0,0.17482774489614,0.24705960462378113,0.33863109990615714,0.39042330736482833,0.007975216367338403
138.05,0.17085271206027475,0.24799340118725272,0.32939356422956706,0.3837205393256202,0.008130643687605963
138.1,0.16858430085352402,0.24820949636408454,0.3277181183058549,0.36950617071421865,0.012370060468297342
138.15,0.16961279844788898,0.24399850857753355,0.3225497085252484,0.3647490359364975,0.01584365675556087
138.20000000000002,0.165921379940252,0.245768975021428,0.31836799709326663,0.3638038651399586,0.014476801628806222
138.25,0.16216213403745947,0.24917170843189076,0.3129564669638639,0.3665603801357201,0.018417934870822564
138.3,0.1587492000965531,0.24787141753857567,0.3139911357954961,0.36068273890449687,0.029087652171936308
138.35,0.15738766272718646,0.24406900047827393,0.30689945936961727,0.3671759020726135,0.031248550085350296
138.4,0.16074685101192437,0.24019586247031224,0.29984503939302515,0.3547416468815033,0.03272499049556697
138.45000000000002,0.16490905243006837,0.23195242008238964,0.30085564791706465,0.35315035464742445,0.03450185032500218
138.5,0.16313565795128512,0.2307364657861499,0.286447560217661,0.3410022508632071,0.0323466927354893
138.55,0.15880593900863382,0.22492411149153058,0.2758175752800925,0.3336896291119477,0.038873984428942895
138.6,0.16260245436601115,0.21572421810736508,0.2638865326411475,0.3222861319948708,0.04060228766740077
138.65,0.16340641678400467,0.20703020763437507,0.26196726987594376,0.3149344993614752,0.0607613330622508
138.70000000000002,0.16804641824810942,0.21025182843359025,0.25323931629037394,0.3072025626038531,0.05587759976225411
138.75,0.16386133709354062,0.21268382110903236,0.2507186015637954,0.30237814174625227,0.06117107546338533
138.8,0.16368831883293378,0.2065557239681404,0.23948249140642364,0.29149723025119384,0.05695895003937167
138.85,0.16570320254968487,0.2038246029303992,0.24023671368748115,0.30393433822084504,0.060356801774465375
138.9,0.1629765321717819,0.2163919127665115,0.23222308071821765,0.2983229778618435,0.06075765420406317
138.95000000000002,0.1711259049488025,0.21142712084485807,0.22058425488447062,0.31051792825830093,0.058534894206158046
139.0,0.17184895869938982,0.21224790878343297,0.2085392141061633,0.30467029575621213,0.06309277945526699
139.05,0.17635468957574119,0.215635521788137,0.20950431513966855,0.29155320584671945,0.07071373340862842
139.1,0.17193546922590988,0.21926687237544035,0.20247905405829011,0.29475936898836086,0.07727374309855001
139.15,0.16326928167115692,0.2162862336211871,0.19091775841172262,0.2927496641033811,0.07782000969371802
139.20000000000002,0.16540061863661307,0.2062671767561928,0.186467614416745,0.29047542106055824,0.08931314711330446
139.25,0.16987652601263228,0.20877558109979721,0.17555283868827992,0.2872918312577692,0.09995065616621818
139.3,0.16704709350085553,0.20319253056638079,0.17631273667455058,0.28528212826593474,0.10746072744210973
139.35,0.16556568469735222,0.19410539401120552,0.17778865627745005,0.27506234388750733,0.11227474679216763
139.4,0.15854182079797216,0.19007254253050027,0.16733243202714745,0.26298347408484557,0.10397489178114735
139.45000000000002,0.1571143282272572,0.18807856882423768,0.1632163622814167,0.25668838039540837,0.10757711172478882
139.5,0.15782293338445313,0.1871757735442688,0.16407617532687524,0.2528410967815328,0.10580255542068225
139.55,0.16299068757812543,0.19177319833846293,0.1556263562772293,0.24513904130865424,0.10690654174276373
139.6,0.16453966654127813,0.18594000092901034,0.15023640014387488,0.25187795517682665,0.10712600666645486
139.65,0.16331645739321035,0.19241440711320965,0.15178155312829908,0.24797306826818488,0.11805291003213868
139.70000000000002,0.16028855931878935,0.18611488811972787,0.1534859672868349,0.24960536011184212,0.11891958767141006
139.75,0.15752096464456256,0.19087608185838228,0.142742701121395,0.2505558315104677,0.11882527689203905
139.8,0.1605352012230774,0.19049256300469342,0.14640383869344173,0.24278785857555757,0.1148512829286496
139.85,0.1621426392379984,0.1915587818327777,0.1389810064572637,0.24400267024875716,0.11874889934462486
139.9,0.1660527485172758,0.18622543781315926,0.1322002769720401,0.24353159561695037,0.13009099494012996
139.95000000000002,0.16520530971937641,0.1927511741202842,0.12878574656979877,0.22651761081613964,0.12702576465337115
140.0,0.16306864391719597,0.19273186236983184,0.12296005793972355,0.22583874307002186,0.12930852366440976
140.05,0.1693215214177849,0.2060022242752578,0.11478395100723893,0.22525592447383225,0.12748185824651245
140.1,0.16419073769096265,0.18983568355178315,0.11249270953012143,0.23351381013658287,0.1287043254642069
140.15,0.1634037742404542,0.19885055668875548,0.10476791064832049,0.22941610447849367,0.12560337167245567
140.20000000000002,0.17483360471550052,0.20350907411652958,0.09797808256583657,0.22523677534598893,0.13872589572329996
140.25,0.18256238814175008,0.20387953733810704,0.10027059846870359,0.21832461097170253,0.1515424130505608
140.3,0.1822150653647112,0.20516204208437777,0.10096556127579813,0.22273463242380148,0.1506947434363798
140.35,0.18481291818592877,0.20509094305789746,0.10588787334794895,0.22070831398332597,0.1550005748282495
140.4,0.18259616407748935,0.21068206008923687,0.11205978901117633,0.2127647163189181,0.15535322740887617
140.45000000000002,0.18447359454411025,0.20462977663867013,0.11268009738998189,0.20167604044023718,0.16362375331734913
140.5,0.1849050267690484,0.19834347133966945,0.11668465200532427,0.20287921285282,0.1723978077900976
140.55,0.18127452181099216,0.19635862652866806,0.1168250240946413,0.200017360090113,0.17098974838693337
140.6,0.17746183581717498,0.19238893064636242,0.12247908111007559,0.19329627926798873,0.1647322264796558
140.65,0.16971405712197615,0.18595235903554,0.1264166622816232,0.18517598551625544,0.1864447329458186
140.70000000000002,0.1663838585683228,0.18099149736182868,0.13489338769092052,0.19326799803747313,0.1860038786768219
140.75,0.15496485892597528,0.17999026886414177,0.14284944572690417,0.17958428342137564,0.18485404117810667
140.8,0.15768773984680837,0.17950127799692547,0.14315595314636928,0.17980087198291322,0.19304317475331473
140.85,0.1532943851882752,0.17890805044232677,0.14908850303416588,0.1835474037461291,0.19945919183282393
140.9,0.15490012159508315,0.17676470220317625,0.1555013561590658,0.17787854612003506,0.20312616429270924
140.95000000000002,0.14638914727126096,0.172273749576155,0.15731518144123943,0.17251579070538425,0.20611933746082498
141.0,0.15652629253007547,0.16569550889201437,0.16025790126260975,0.16779626737584996,0.21304600150869787
141.05,0.16190552139356035,0.16777350969592328,0.1601068041547672,0.16817290135054871,0.22069071771146848
141.1,0.16796334704040294,0.16526957397684516,0.16446116640519598,0.16438325174906132,0.21547470389412468
141.15,0.169607615353407,0.16098957799201685,0.16417057366408785,0.17101530927241626,0.2156379447137943
141.20000000000002,0.1653594403414423,0.15154855613771429,0.15751215288000472,0.17208703229290878,0.20347283781674116
141.25,0.16628025736643287,0.1587097568600532,0.15597425817506066,0.18150352533637662,0.20232388573061583
141.3,0.1653268996942043,0.15518018061400982,0.16297573543211633,0.18149685274059835,0.20453044106067497
141.35,0.16862785597951965,0.15321188775801828,0.16319159206037037,0.17849340289854063,0.20447897809534743
141.4,0.16116332072491138,0.1426124582522897,0.16820990745219092,0.1795782234656001,0.20653123786425764
141.45000000000002,0.15694548617749812,0.14525584329525668,0.17232456355213396,0.16920306603011936,0.20161964494527884
141.5,0.15896269348455777,0.1459070374316001,0.16911447606183522,0.17121906210352167,0.19606277665615143
141.55,0.15444339701305848,0.1354921410303595,0.1708605112569005,0.17208809356581883,0.20490637375410878
141.6,0.15347426360236993,0.1358649215299373,0.17049525774895288,0.16912341473610093,0.20830546316628495
141.65,0.15168162727093934,0.12558010530163569,0.17944013543112286,0.17200472105232736,0.2138970719857141
141.70000000000002,0.14758463422402268,0.13152524578543606,0.19171896904844174,0.16504385116270148,0.21050310289456717
141.75,0.14693707451572371,0.1261659124637212,0.19197904681995787,0.16548821951518508,0.2198459731209436
141.8,0.1493295774132219,0.12460187744310858,0.18827837025609748,0.15525120998175154,0.22184113006908207
141.85,0.1536602217111031,0.1260692451929575,0.1899738480219963,0.14820545125114903,0.22429997705208277
141.9,0.14848510142653934,0.1144517798732838,0.1862677563477417,0.13879946247323624,0.22725660946528906
141.95000000000002,0.14529192973329763,0.11468660297428135,0.17926940642777586,0.13789501487342343,0.2273721709442298
142.0,0.13486077554478268,0.11598224700996979,0.17146483836778273,0.13578677598189579,0.22237755391038433
142.05,0.1296146554650184,0.12477976529198735,0.16640104411128012,0.1391486447305415,0.2134166874017441
142.1,0.12565626767008264,0.12340968005542834,0.15753027603255762,0.13788241458496214,0.20739778098725023
142.15,0.12817474965830442,0.12052650292161282,0.1547646761748252,0.14192876231826848,0.21508871456208586
142.20000000000002,0.1245301314973465,0.12150667210571399,0.15188405825322404,0.13370924902013379,0.2146668928961343
142.25,0.11679701300275519,0.12692209541677493,0.1430322408732799,0.1289199731083188,0.2097181294865326
142.3,0.11996856298815783,0.12357519999413372,0.13766691680425708,0.13725144019476965,0.2095844698846708
142.35,0.11528901947870614,0.12282159457589618,0.1304543067478112,0.12879210083296616,0.19518661230560885
142.4,0.10361083297284827,0.12107730742368097,0.1276805779747347,0.12564022093776506,0.1875083536868292
142.45000000000002,0.10206041849576922,0.12274660216015483,0.12890487929510577,0.12323613848484465,0.1792459296493957
142.5,0.09798491165745335,0.11813626274220272,0.12905229857218867,0.11089845583221455,0.17683013521856622
142.55,0.10162465053116197,0.11515338867630596,0.12254706784972595,0.11146846841925205,0.18456126311156365
142.6,0.09635639302302484,0.11062739968381181,0.11992460729227887,0.11342787104401338,0.18895063559602504
142.65,0.094714795776202,0.11150278014919211,0.11324516702921286,0.12040192002228332,0.18960333206829752
142.70000000000002,0.09191875506611198,0.10818128776534208,0.11149084370927606,0.11728366166391277,0.18778873209855587
142.75,0.09066529862043113,0.10389737426952979,0.11115642890532357,0.11343706934018029,0.19491839822883275
142.8,0.08945264740425901,0.10414360646132473,0.11614588835142826,0.11851533431341636,0.19709412948676838
142.85,0.09684789730838864,0.1056640024076186,0.11055329208669214,0.1282875952471511,0.1944123240445269
142.9,0.08843475363017955,0.10357876622875706,0.10411210286916199,0.13057266360490183,0.18462190910783086
142.95000000000002,0.08046233123486765,0.1073465160845525,0.10977271621404239,0.12099921609209804,0.18522928366153119
143.0,0.0778749245935091,0.10712108025897625,0.10885597850453982,0.1250669240377488,0.18671371114998792
143.05,0.06889322869728395,0.11335711760941097,0.10966527241272989,0.1268391386527737,0.19609982575532534
143.1,0.06813233907361284,0.11252303679719008,0.10159090079242244,0.11177473948251192,0.2052901961607418
143.15,0.06258652401696337,0.11447757086960177,0.09944998846648774,0.12403010869284216,0.19926097753745886
143.20000000000002,0.05992013584814756,0.11301554161067828,0.10281969846455687,0.11917288142695269,0.2079322289310378
143.25,0.0565602906773647,0.12671432595507812,0.10864417491358419,0.12097761756326987,0.1952725797352818
143.3,0.0488631859274505,0.12680098703960227,0.10707881730317935,0.11621856439756474,0.19637019944402265
143.35,0.04249128190039077,0.1283182549284584,0.11608728723815133,0.11247408769730073,0.20540208202090962
143.4,0.03549398208119601,0.13710961428999435,0.11512413835482005,0.12744132787030607,0.20031301617455538
143.45000000000002,0.03321777220316721,0.13808627595829176,0.11567685520041622,0.12709713804954512,0.20426340954096264
143.5,0.029391668461606228,0.1347969023527635,0.10945434858038447,0.12742397219338905,0.19731768654419646
143.55,0.027400698202037336,0.1443501648610642,0.10675664171820815,0.13341934671421957,0.21030656107282816
143.6,0.018152227325495207,0.1468119035487466,0.10753109545636802,0.12073962546488926,0.21150961863139853
143.65,0.014617681348227026,0.14961042868099936,0.10471840364108108,0.1175932610235574,0.20264146775732778
143.70000000000002,0.013281225290923517,0.15263491297517476,0.10921631969696387,0.12089523933709473,0.19945523613536828
143.75,0.01224441656660395,0.1495076209304166,0.10581557695166714,0.11255912918384457,0.1969146373558846
143.8,0.023424898503525655,0.15249668541096129,0.10461540198997948,0.10538735309997625,0.19338341316456464
143.85,0.028168271532386747,0.1504849873039877,0.10514289016507981,0.11189969592305889,0.18988622574279165
143.9,0.038502580603280316,0.14788028201055833,0.10589126406972155,0.11032542399847972,0.1940071384091648
143.95000000000002,0.04462647768250152,0.1545895435345311,0.0989419452801552,0.11458121690804886,0.19535320361258643
144.0,0.048068865424634455,0.1563262284564423,0.1064857391977197,0.10552149227635008,0.19099845185686634
144.05,0.05538841192974662,0.16045597970336167,0.1001530425709599,0.10743869733626066,0.18966712274067848
144.1,0.056868091400621296,0.1620811050870589,0.1031709041829485,0.10298068348610323,0.2012217072540796
144.15,0.058595097774601465,0.16215216299373153,0.10832266284491315,0.10023758806618074,0.20439084719957787
144.20000000000002,0.06520174866641507,0.16055707126644098,0.10803166730480698,0.09599117486968498,0.20463871170481707
144.25,0.08006162369893788,0.15649326747633524,0.11600179970051408,0.09827590060816782,0.19567615960359336
144.3,0.08268980143378275,0.15976435130905992,0.1184661364099766,0.09703988889773091,0.189851955623967
144.35,0.0832576333730891,0.15745704419457182,0.12651687473608367,0.0974863134285988,0.18762208635524352
144.4,0.08840922635812502,0.1603937660802022,0.1334750029330289,0.09355564283058258,0.18565052732417336
144.45000000000002,0.09775715581870442,0.15721183552184623,0.14396460084650592,0.09949149914267628,0.16599136300053463
144.5,0.09315953251843209,0.1616129811467323,0.1545053568301892,0.09859821637272333,0.1619367710781419
144.55,0.09529418803482416,0.15881970720159616,0.1605057320329283,0.10418925500857522,0.15413782104610685
144.6,0.09886891888631924,0.14929617940439244,0.16491869223652728,0.10639440317749539,0.14293448856382304
144.65,0.10145018271250045,0.14651538984471366,0.167865921345947,0.10686055488818469,0.14203772150114596
144.70000000000002,0.1009527227976705,0.14304740056731768,0.16585704143942856,0.1160688991796046,0.1439003964964193
144.75,0.1065455796602825,0.14328526213757445,0.17510420429609205,0.11454095125370058,0.13421206290964724
144.8,0.1139102833532142,0.14517244327475812,0.17901524144929426,0.12453997669316313,0.1291061913658987
144.85,0.12417177442576807,0.14283788503851158,0.1848121994342952,0.12211417562921097,0.12567846940637972
144.9,0.12439462106473989,0.14213898709225867,0.1850506675398213,0.12987958314883846,0.1317182703097587
144.95000000000002,0.12367299937754526,0.1371756809308169,0.19269119135720908,0.1176835099264892,0.13152056343393456
145.0,0.12163940865947995,0.13864834302809248,0.1994955695562126,0.12375228614103607,0.12350462255933124
145.05,0.1273061432917762,0.13454608100638918,0.2078581987928233,0.1236358148194665,0.11274100473764219
145.1,0.1291048929431654,0.13406634845366777,0.20613218143095388,0.12918349629352543,0.11173679824023948
145.15,0.133039542840194,0.1387601380024145,0.2111527170380472,0.1254399305941857,0.11078034113046413
145.20000000000002,0.13553532186563877,0.13998652521616775,0.2099853824346469,0.126012446433891,0.11171442882355008
145.25,0.1381436855892492,0.13291867395429768,0.21116378220493018,0.12536066600871248,0.10374336325590873
145.3,0.14514648173141498,0.1352473263569134,0.2201281388745531,0.12647425843774374,0.09499440583380285
145.35,0.1531429585506645,0.12990631214111323,0.22501615262595906,0.13106670434218778,0.09215312959203595
145.4,0.16063352906421388,0.12111184849977048,0.2272074651179121,0.12642403989115159,0.08621461270167721
145.45000000000002,0.1638044622080421,0.11173367117883841,0.22055138580937547,0.12618266512136844,0.08455000060217727
145.5,0.167796379543679,0.11442599563144126,0.2188609438951229,0.12509800232965404,0.08277310433357181
145.55,0.1681351331485388,0.11953109815387788,0.22894412215975604,0.12400192946286868,0.08059885786827768
145.6,0.17476340654299233,0.1109136684500522,0.23450706193532453,0.1235061409469634,0.0778379481398034
145.65,0.1788757675492891,0.11705240651996503,0.2389739103938648,0.11999164169507068,0.08766779830658675
145.70000000000002,0.17851529700943874,0.11737215231135041,0.23822081103663084,0.12092236170310315,0.09832809548860656
145.75,0.18401623347234955,0.11247175572346632,0.24021092553308085,0.1222203340722199,0.10840238662780825
145.8,0.18662074572615422,0.10851078644849999,0.24466845381956742,0.11653774685335852,0.10011233071109112
145.85,0.1913848090523815,0.10847855092565216,0.24949933231110155,0.11507859431897484,0.09159934863665774
145.9,0.19091059898198887,0.1026748106673923,0.25822503222709886,0.11807716142158958,0.09385404197578469
145.95000000000002,0.19134441446212933,0.10189681533108055,0.2598386238352394,0.12586323630430005,0.09302880704468101
146.0,0.20157663994857147,0.10415570100258197,0.25671241119608684,0.1216803944953623,0.08350127190801271
146.05,0.19841473268671828,0.10330045121543531,0.2615114822091137,0.12887741312125622,0.0746059180683327
146.1,0.2029950678220628,0.09527223750243194,0.2660632682809426,0.12686741336620597,0.0697867521050537
146.15,0.1970225429716462,0.08837436844936668,0.2631389664192525,0.13253785146576752,0.07070910264685852
146.20000000000002,0.20394428250525334,0.08726945603036297,0.2538176224562573,0.1325749195281294,0.06398042074975663
146.25,0.20978987124264387,0.07474243066457867,0.2491012246903815,0.1372016315130161,0.05671549099233636
146.3,0.21158762685532653,0.06612524457297178,0.25331524053670534,0.1341106459025077,0.0507785616439638
146.35,0.21211436020014726,0.0636479622713228,0.24963856426648173,0.13447061885996617,0.04741984562192198
146.4,0.21108523752800393,0.06384174295442971,0.24676619562304564,0.13981313426685044,0.06032782398315689
146.45000000000002,0.21533228845969607,0.0608496438648822,0.2531901049172811,0.13690734443182428,0.07333917521712195
146.5,0.2237062713241661,0.05996380404499441,0.24868231563017548,0.14368143890760096,0.07887792791609723
146.55,0.2308829496840722,0.04983162764590599,0.23968140274535996,0.1412121166513801,0.06875740923787041
146.6,0.2318103374607205,0.04835119257098671,0.23028219868296257,0.14212603326064543,0.057765520048720036
146.65,0.2278646626066682,0.041640255530095864,0.22331012495415442,0.14215761828403448,0.06537458153544021
146.70000000000002,0.23006219725762256,0.03276822773372736,0.2172112314478054,0.1407778973026051,0.06877096823559191
146.75,0.23159841602373177,0.03091432416627946,0.21620600994331993,0.15719975400825628,0.05952605824760302
146.8,0.22515649584178046,0.02762334709292377,0.21656866729299698,0.15988236775985956,0.050414860156422915
146.85,0.23036235825063991,0.022438196207028447,0.21155206902162008,0.16068904649767976,0.049693766374555595
146.9,0.22419325035679566,0.019527978205801877,0.20652517228994832,0.1683535774548679,0.04040387431188714
146.95000000000002,0.221356877376586,0.02027234819154966,0.20451337180402532,0.1578751908365042,0.05000443686701193
147.0,0.21351153452659735,0.016357828335291476,0.1984789897051645,0.16534077185991541,0.05303294112419379
147.05,0.20889800212605153,0.019011252846161914,0.20070209099014372,0.15895790199588142,0.05266150894253483
147.1,0.20292564845198485,0.01919276291711525,0.19699092276764352,0.1607816994197379,0.03895111258205442
147.15,0.20138676915239725,0.02515520742665619,0.19890685779083686,0.16154170583007457,0.020601785450484536
147.20000000000002,0.1999498424913326,0.026474457640937955,0.19152945671788157,0.15361333894428852,0.01457621133963058
147.25,0.18797277614028854,0.01955028847229212,0.18508787281595376,0.15621786752709196,0.01414715631096217
147.3,0.1957988913477008,0.023184592681381764,0.18272706858877685,0.16824644138010034,0.01758367959903757
147.35,0.193164418336256,0.018587895798709037,0.1700106340388232,0.17549251142015945,0.015585802358265479
147.4,0.19051994305078518,0.017361679353243363,0.16499857484062497,0.17161148840011614,0.014769955568732267
147.45000000000002,0.18413648979339237,0.020381399130491636,0.1644683061258812,0.17673050355052303,0.01710916139360376
147.5,0.17924173023455542,0.02552000389002196,0.16376196055095615,0.16648048818068137,0.018167371993233497
147.55,0.1748304700571972,0.02411312376830763,0.16111686897633604,0.16068682129744308,0.024407144553879555
147.6,0.17074232832666889,0.035063877966572204,0.1588348367780327,0.16660051590097952,0.03578378955990023
147.65,0.16641498335524632,0.027664475476284627,0.1504079403647821,0.18267304151289096,0.04172941831251718
147.70000000000002,0.16684758990624546,0.030071255632996993,0.14356861575019153,0.19115289559093376,0.04435761516676278
147.75,0.168411311658077,0.02389533680121637,0.13221872971317114,0.1977653538506129,0.04740726438736439
147.8,0.1562763171786595,0.013301553887284849,0.12656041841387417,0.20156028992816372,0.050329246583903545
147.85,0.1490982769041399,0.014982666073545547,0.11554400958258364,0.1999146974961243,0.04980486169983805
147.9,0.14351131081988117,0.016275910631697737,0.10480432717687588,0.2096804062502823,0.05119088414265474
147.95000000000002,0.14238468263930598,0.008118634031721623,0.10180369676399327,0.21432827742140736,0.057967996848619155
148.0,0.14266630235835287,0.004451445849547844,0.09721479718373822,0.21352022475496074,0.07667836821477117
148.05,0.1375810256800419,0.006212793074697654,0.09032804060596245,0.21182584244473152,0.07939649142452286
148.1,0.13023683710722636,0.009593048700236204,0.08802172735726613,0.2118507183244196,0.08500571281045005
148.15,0.1200019030188411,0.018239423627842533,0.08257483792154842,0.21011361595911854,0.09433737908815545
148.20000000000002,0.11169064375031634,0.013233039807273772,0.07204350403991512,0.20269857604706434,0.10332197275636457
148.25,0.11177137041842959,0.018790881912787466,0.06540128816781353,0.2124189560318162,0.11308224094886775
148.3,0.10564661510087307,0.021681282258565915,0.059064632612852504,0.21639063488849763,0.13035038437408117
148.35,0.11038583228795897,0.021794940060432023,0.05482124620912403,0.21955847262513922,0.12568063138507857
148.4,0.1070046717582799,0.02428827906855809,0.043410014901759185,0.22590871179733021,0.13005342603328193
148.45000000000002,0.10302442802220398,0.02624253619574148,0.036820012811799044,0.22634801219051406,0.13846728977864411
148.5,0.09465441109867814,0.022744755315276834,0.03685216850677213,0.22353880002397059,0.14028508712017737
148.55,0.09536636564593244,0.018916461483543312,0.026223764530090145,0.2268704554128998,0.13985021669108474
148.6,0.09148099445637754,0.020571159339064053,0.016781737038218156,0.22880016402950876,0.1398385437920858
148.65,0.0819018985666661,0.013498106732849261,0.005747088417718221,0.2385837152689643,0.140712164798853
148.70000000000002,0.08022759666173905,0.016207689408335692,0.010199174373644645,0.23756663372533934,0.13431929375751706
148.75,0.07752186521364918,0.02671037368669394,0.010701329015529788,0.2363982552123452,0.13973174959663748
148.8,0.0760909829800493,0.02898004044020696,0.012808903105697243,0.23266663041346325,0.13766331753913005
148.85,0.06701994220370953,0.03186300732982158,0.015895731345284183,0.2343947026237344,0.13476709411991164
148.9,0.06572439226885111,0.0352464535246709,0.0280142370960768,0.2280742198429669,0.13955268949576252
148.95000000000002,0.06093666274012264,0.0414809534770425,0.04098441620403219,0.2190008630784942,0.1423324196199771
149.0,0.05572875640484723,0.04199323428584323,0.045406308936055725,0.23762343859160429,0.13755756214902887
149.05,0.057624941296391965,0.049134038026956074,0.05109483753066661,0.23234141739671135,0.12888125404382322
149.1,0.054123816691728666,0.06280639065888682,0.058592262819458986,0.23259785505139774,0.12281809003026024
149.15,0.05146782965700022,0.06284911280478797,0.06061603506726929,0.22037763480964134,0.11781871866912069
149.20000000000002,0.05762365224130878,0.06319296044031206,0.06885962308976488,0.22280395288811441,0.12849946064374856
149.25,0.06673290409459977,0.07783875055783966,0.07223276619027812,0.2185943963734952,0.13483223330654837
149.3,0.06787271940806325,0.08342833553260036,0.07773616443856476,0.2193446637308528,0.13744304547191005
149.35,0.07430240571740439,0.0884772136166774,0.08657082924130087,0.22454342724216578,0.1405568531263347
149.4,0.0832169981597804,0.0876883217163373,0.0939093317126854,0.2270759088237677,0.14869782375417295
149.45000000000002,0.09207407224170114,0.08528685535593783,0.10281595482031883,0.2252900496196018,0.14813477830425895
149.5,0.10406384614392815,0.08806353119655008,0.11309382686288745,0.23593724391331986,0.15838018761004669
149.55,0.10452585959966323,0.08108819248516613,0.11566548106685742,0.24075792043568747,0.15941854775566272
149.6,0.11216993755580455,0.07956478048027768,0.11973427884317259,0.23462023371839247,0.1427464555081145
149.65,0.11779820663336261,0.08600266447784442,0.1296396069399925,0.23372466445847315,0.1424015772527313
149.70000000000002,0.11936833627753553,0.08922008263872686,0.1372845967848418,0.23934209502394105,0.14686305427705154
149.75,0.13479525795073993,0.08987738378567942,0.14492565453615006,0.2404810824606475,0.15465773378494613
149.8,0.13591231157764214,0.08297445854808248,0.148040727654756,0.24382627944273988,0.1467741494067673
149.85,0.14375105811675562,0.09056137694027336,0.148493317478063,0.24531618033743285,0.1506633232802145
149.9,0.14520644214688663,0.08640803341985999,0.16434834006843752,0.23513728919450758,0.16269174135029893
149.95000000000002,0.1518308063199241,0.09011781805597115,0.17126892159661405,0.23648620374597526,0.1726014303085867
150.0,0.15669334816275843,0.0977250153648897,0.17564317678084265,0.2332236304236352,0.18440093718234787
150.05,0.16124405657144622,0.09605561678918093,0.1796139067145392,0.23965759579632184,0.18697113047165884
150.1,0.16602098525828302,0.1046107412434686,0.1878622446189356,0.2338735684272395,0.1846157631866921
150.15,0.1728552162220715,0.10160551740662221,0.19993343205894742,0.23477197799439944,0.18255512380670505
150.20000000000002,0.1862555654274315,0.10805479401988553,0.20339864424998833,0.23814570264497362,0.19286661314340417
150.25,0.19000967526608378,0.11532256394088398,0.2055054652349764,0.23837544723265267,0.19329218370252332
150.3,0.19684669903487478,0.12083648202493676,0.2137517214254149,0.23472494895336218,0.18875624243736452
150.35,0.1977978418509994,0.1257361591446979,0.21561280362382143,0.22998394243366457,0.19167622622306232
150.4,0.20937173874661574,0.1252630000526856,0.22033081535099125,0.23262886933293597,0.19544909820317147
150.45000000000002,0.21615987785902663,0.1280633793539181,0.227099430810486,0.2339608279896596,0.19927191074830206
150.5,0.21879490553327374,0.13767241935601585,0.23414128072791815,0.23488925011565745,0.1951207221539029
150.55,0.22743718719319272,0.13932794975125976,0.2383611450196684,0.23256487062825765,0.20497911295607088
150.6,0.2344977968333798,0.14820747137725027,0.2532842249132065,0.2392569278887113,0.2086137802053672
150.65,0.2343737862807917,0.14976248208171658,0.2630182306539714,0.24060328205802087,0.21600044724817002
150.70000000000002,0.2372074000442055,0.14792624756721054,0.26719265143067783,0.24674875851149766,0.220604488942058
150.75,0.23880288720929735,0.15941544465439209,0.26464723043416444,0.24782743011371575,0.2268271684399532
150.8,0.24572789830402422,0.16251923534101909,0.2726996693198856,0.25767109732843,0.22480095176872267
150.85,0.25283297374893127,0.16699328563307989,0.2764535356920158,0.2568405988013042,0.22958825282832185
150.9,0.2609020346705572,0.16361134887397863,0.28246864895371904,0.2561127664446033,0.2319621637750505
150.95000000000002,0.26321806405082226,0.16439866767402836,0.2893172974119176,0.2509015339190738,0.23323968877832454
151.0,0.26776229668526047,0.16616039286144849,0.28661827463673795,0.2566268831068071,0.2474403396589368
151.05,0.27152505094155416,0.1707434122283875,0.2877899478744819,0.2590107523820987,0.25091135488090205
151.1,0.2770505104705209,0.1657429090364455,0.29128303214168233,0.25587053150529254,0.25358306947096
151.15,0.2837319751998326,0.15741524388984046,0.28791632810226614,0.2529150474728244,0.25904796285861115
151.20000000000002,0.2864050777601836,0.15772710907479687,0.2933545496146903,0.25114094344249605,0.2665767345141435
151.25,0.2885031732958295,0.1551496185668103,0.2919142568555335,0.2583612532728152,0.2633104670164411
151.3,0.2903928772655476,0.15486403623466108,0.29078828140537744,0.25597944090056063,0.26221070246500267
151.35,0.2885115343882944,0.15488180307331306,0.29481758044276557,0.26245347757758447,0.2607238271884326
151.4,0.2914973023634898,0.15240587368527062,0.2926439634827933,0.26254332586154266,0.25868691668320193
151.45000000000002,0.29576064978157796,0.14675349066620397,0.2909713917522502,0.25860748091986663,0.2628652057892922
151.5,0.2979043049648321,0.14751498996576246,0.2948248295225528,0.2602063341753388,0.2595404807742706
151.55,0.2997851508215715,0.15448664010653787,0.2895818960001226,0.2635185540744187,0.258380914709553
151.6,0.2980454596586579,0.15310094259796095,0.2911780133184159,0.26719008277977085,0.2567715352313032
151.65,0.30154131107444543,0.16168864073694453,0.2898767819404516,0.27348663161530523,0.2606299839487867
151.70000000000002,0.305171307018465,0.15844243599003566,0.28852971715257375,0.27755336151525956,0.2620382388421544
151.75,0.3084623369649697,0.16251541764148794,0.27957125800603777,0.27269119465377334,0.25953514797169425
151.8,0.30868428054206687,0.16628539577173618,0.27841638012012765,0.2709948102590557,0.26112564100784724
151.85,0.31328601688089636,0.16348089029899798,0.2766428331596924,0.27518053116601315,0.2593598861057556
151.9,0.3111320403068798,0.16443551564441275,0.27529985315199895,0.26864171797290914,0.2594972761321783
151.95000000000002,0.3060640712018871,0.15880023934263776,0.2725435734898282,0.26792981979355956,0.2534739643336457
152.0,0.30304529823095644,0.15425198730083906,0.27194183272314965,0.26611333309971114,0.23785275910244566
152.05,0.299724915047918,0.15965399590282467,0.27104287698749724,0.25528333652241675,0.23970780223966043
152.1,0.29832934611608175,0.15110746597890154,0.26728538236564536,0.2574031530889567,0.24731124918053923
152.15,0.29694628745985985,0.14659627039137557,0.2665856884096767,0.25141617802886657,0.2414484279160949
152.20000000000002,0.2951150657889324,0.13829964897532906,0.2612331886299846,0.2532174112935178,0.24897502532194363
152.25,0.2858100604823092,0.1377088108164458,0.2580576459709983,0.24909972458156243,0.2500693572355334
152.3,0.27919918360778545,0.13933416997680612,0.25604013944390897,0.24889311005447923,0.24981536980097935
152.35,0.28250739358384064,0.13201861747678711,0.25362157562200044,0.2538808351667286,0.246396645497473
152.4,0.276181692791247,0.12941661131163848,0.2508384533754694,0.25414413829922267,0.2494635872243588
152.45000000000002,0.2695717122157328,0.12891126176539477,0.23670849587534795,0.2473504726323484,0.2520670336642366
152.5,0.2643987415228416,0.13704412710863423,0.23230159253536986,0.24592436403405218,0.2477186237670228
152.55,0.2553945808359005,0.13371300207965364,0.22529126908929642,0.24578283064402112,0.2537474810423665
152.6,0.24194911918138795,0.13209384390334733,0.22375698322768142,0.24295201763481758,0.2427572607516486
152.65,0.23578383639721098,0.1251887182439924,0.22341948826995595,0.24323534373481953,0.24339678226006567
152.70000000000002,0.22535806967132346,0.12491849019911397,0.21570850998715038,0.25056423593378657,0.25097685138239884
152.75,0.22443823059224555,0.1244285908402559,0.20442463561143204,0.25676496883660965,0.24932218117112878
152.8,0.22110986788678189,0.1298433390968309,0.1975739270486426,0.26188175440641476,0.23992054493973866
152.85,0.2157178093499606,0.13648504942580322,0.19707426982889237,0.2576943050051431,0.24203054865709112
152.9,0.21137624077358186,0.13038725981683547,0.18658763448819707,0.25649400041079745,0.2410171871504002
152.95000000000002,0.20322041034046653,0.1365757008924203,0.1791045762830098,0.2568080816000551,0.24111175928284517
153.0,0.19356824721401558,0.12380068266105977,0.16721659140480832,0.25370931450912826,0.23565444503191055
153.05,0.18563138496705361,0.1220620383018935,0.15936708556870835,0.2595771799266424,0.22536082648027156
153.1,0.17356653848112236,0.12423815598688855,0.1568748273003702,0.2520932015661151,0.22006366451671133
153.15,0.17226595257288663,0.12978615537647653,0.15156090150513515,0.26008076103605,0.22685766557913137
153.20000000000002,0.159201089399669,0.13799243927292298,0.14664711718124218,0.2556328582098733,0.2253776980243425
153.25,0.145981567737198,0.1404782744414906,0.14475986723060316,0.25731970679992505,0.21694361309408527
153.3,0.1302157599936621,0.14353034640375611,0.14610048517223245,0.2511900586874135,0.22490931196805145
153.35,0.1284582793659118,0.14715427682216312,0.14191355656748653,0.25132363229881366,0.22797795618174355
153.4,0.1309662157468999,0.14290464117064192,0.13021244572556034,0.25502314266837695,0.2228004288071752
153.45000000000002,0.1276414051447259,0.1485312027063446,0.11919734631642989,0.2571424995917867,0.2232470110774507
153.5,0.12753831513551972,0.14467324102125304,0.11019882663792058,0.23973846322568051,0.21534959031116271
153.55,0.12233649491912137,0.14089111602145427,0.105794997837763,0.24839196166112615,0.22514402216439294
153.60000000000002,0.11877756755442719,0.14660369018396363,0.0952530196804672,0.2434402983701125,0.23374652755728034
153.65,0.12150388769748005,0.1470991939258609,0.08954575846661716,0.2542826851181075,0.2376443082736384
153.70000000000002,0.11600313998125328,0.1512071215635255,0.08143811879330583,0.25776526426060375,0.24196952740348404
153.75,0.11591445838545941,0.1539601307862963,0.07133105505177743,0.24992289792530037,0.24649431819866174
153.8,0.10910533463927581,0.1612543027847239,0.057024437140543505,0.26496616842700554,0.25687044257610697
153.85000000000002,0.10603647819543707,0.15990632168129035,0.054874692862986026,0.26674906318625224,0.26066330514650166
153.9,0.10053678202096893,0.1588194882980267,0.04728170814624101,0.26242005646761063,0.2651248388393577
153.95000000000002,0.0929865353042808,0.1658982782226749,0.04420324857177373,0.26351990328645825,0.26141311974499565
154.0,0.08493081916475854,0.16501029219370408,0.03553788775313245,0.2693347045424502,0.26028102673188896
154.05,0.08301821134787263,0.17266606218716354,0.027364016147355542,0.26967459800894733,0.2502073059465817
154.10000000000002,0.081644413705828,0.18274978208082407,0.029968665441035724,0.2713077539353152,0.2464091634116803
154.15,0.0781505547428724,0.17717662944149812,0.028727218879092978,0.2717205069071808,0.2420694771466385
154.20000000000002,0.07017157922180188,0.18284804170935562,0.031246663396644624,0.2765278224910742,0.2267238427865144
154.25,0.058420291611840515,0.18318205135169283,0.04303096910754871,0.27640619339647926,0.23239407302641085
154.3,0.053055691336203345,0.1879587230578963,0.050793650667243055,0.2861015445104034,0.24345995352340963
154.35000000000002,0.04534856063218506,0.19408785425420322,0.05953262745136385,0.29149036332184153,0.2489905906925808
154.4,0.03881880609749834,0.20289277385926074,0.07344769847138787,0.286665373062788,0.24956719300236277
154.45000000000002,0.030339907552090754,0.2021338208469482,0.08570816953157658,0.2871853382365018,0.23882368437611778
154.5,0.024417462089457678,0.21332305008403532,0.097072403052785,0.28787268052703385,0.2391455265804791
154.55,0.02167776190079691,0.2085218627421455,0.10281836871410795,0.2918540982565629,0.24527535217414972
154.60000000000002,0.021397755563121616,0.21491581158262688,0.10455218959501521,0.29511730151753135,0.24592506896560343
154.65,0.026975508455273193,0.21529977795876473,0.10674574963913566,0.28134349898073335,0.25446364486949646
154.70000000000002,0.02675406459092617,0.22671558574237108,0.10958334773181791,0.2923714897335027,0.26144646441571906
154.75,0.02333837531619381,0.2317473602043201,0.1138449860823769,0.29769023172080555,0.24516431223307722
154.8,0.023514709529554218,0.22535175466174026,0.11955645543666087,0.29431890482230927,0.22983643141307578
154.85000000000002,0.018073625989456416,0.22740562153552143,0.11662199484219259,0.3018427573922033,0.21871318318891422
154.9,0.015232348661556558,0.22738247473203896,0.12784606934473547,0.3045928499512136,0.21773580362913894
154.95000000000002,0.008971790972169573,0.23907268410346363,0.13710060812619118,0.2990413806487782,0.20455095979848195
155.0,0.018664025722924298,0.24225894479927151,0.14686133398659598,0.29894167963837526,0.2109470349052739
155.05,0.023415764358772354,0.2472461282543069,0.15309135814715738,0.3040038840460041,0.2003778251361764
155.10000000000002,0.03215383646425372,0.2507571667950162,0.15489874785464214,0.31431320693426407,0.19285890403163136
155.15,0.04151589457580055,0.2538874164690319,0.15710790309840703,0.3004479081807902,0.191191658265633
155.20000000000002,0.041385839020758666,0.2609504047228442,0.16144084565784947,0.30011511679623454,0.2023160233624894
155.25,0.04244174349969339,0.26309884661492533,0.16761925041478873,0.30696146916760175,0.19221760740617283
155.3,0.04495487020514091,0.2639679352532406,0.17234636304091952,0.3026934229735559,0.17259878127176576
155.35000000000002,0.046033356873153415,0.2640432778969562,0.17656517251098944,0.30055300707484967,0.15759082769856952
155.4,0.05183870890923574,0.26814917596349025,0.18318144543644374,0.3019626286482876,0.15588012831886616
155.45000000000002,0.0522433495025345,0.27142782573151303,0.18710626210847334,0.29811375269013296,0.1380200788996063
155.5,0.05472969582009668,0.27671812831648873,0.19251025453962808,0.2920366102974868,0.12014628194662329
155.55,0.05639879799447612,0.2750069768373181,0.19271234853764982,0.30491125021923554,0.1211068611030724
155.60000000000002,0.0631839050614777,0.2867594267447032,0.20069790476812316,0.3036536567817315,0.12413209407300982
155.65,0.06671744006795553,0.28921539971686927,0.1995621203986685,0.3011223898855325,0.11467973928877599
155.70000000000002,0.06376282900986871,0.29166109804880497,0.19476726798793326,0.30994353823376714,0.10830270747950614
155.75,0.07164158100860246,0.2927913695582139,0.19567696503640597,0.30700181665277204,0.1172879277934382
155.8,0.08266735389096236,0.29140971261092136,0.19767952940914468,0.3118960630398031,0.12310704548990437
155.85000000000002,0.08510110941319056,0.29400127487033806,0.20297467827393575,0.30954479746013486,0.1254761536011523
155.9,0.08566620723874167,0.2922636605065841,0.2085979826259612,0.30177152142668456,0.13391471675503777
155.95000000000002,0.081023142373645,0.2915163120561311,0.21691615751989837,0.30857892194033376,0.1313832110152147
156.0,0.0785146504869725,0.2954235031958877,0.22129129334558828,0.3093220026996184,0.13386300272467183
156.05,0.07853533457801809,0.29238688723853895,0.22544306125081856,0.3120763516894792,0.12691534059089093
156.10000000000002,0.08316603773201753,0.2926977356683333,0.2231236675962639,0.3129312934845012,0.12537024582882383
156.15,0.0841564998161351,0.29916697383248336,0.2370693600088905,0.30156511659879387,0.12756792714981616
156.20000000000002,0.08038862772734277,0.30155854056655645,0.23826702935960659,0.30345431221879987,0.13225876311584034
156.25,0.07514332903171791,0.29980370840705667,0.2357839547115537,0.3067049148295867,0.12296545123252288
156.3,0.06879805682843228,0.3087285232488299,0.24329320243561206,0.29844173200296986,0.13487110267339708
156.35000000000002,0.06452340913748157,0.3094955636990647,0.24599036564806592,0.29623365388653616,0.13160961935593782
156.4,0.06194262657554907,0.3089344185302483,0.24601928754725333,0.3010217523074676,0.12253542281900719
156.45000000000002,0.05805652900285642,0.30977724986420224,0.25156884935010326,0.30811223342047034,0.12262887137984968
156.5,0.0512653306160616,0.30802285875109064,0.25573077912828,0.3077803126638263,0.12312106010175497
156.55,0.05161764637333497,0.31418501158312045,0.2577181361733584,0.3138637579120181,0.12512245506833644
156.60000000000002,0.05420158121293778,0.311084111588418,0.25027904043165566,0.3129052436508536,0.13214766623180194
156.65,0.056767384106720734,0.30825771529596513,0.2539786442355791,0.3129047606102738,0.13512784576320752
156.70000000000002,0.053283728134038595,0.3098624897885371,0.2424390937523258,0.30538294086086787,0.14453425274351048
156.75,0.05785894548499899,0.31534907604289986,0.2442411958488753,0.3179462835442185,0.1402132352117604
156.8,0.05229846082204407,0.3197656184158775,0.2468854740317269,0.30267842299526837,0.14784261768857057
156.85000000000002,0.04983248377397132,0.3133853767787991,0.2424827579809371,0.3052830387994804,0.14637411477051057
156.9,0.043668259197311717,0.3115892474017636,0.2368509850146805,0.3043800409793748,0.1459120140846006
156.95000000000002,0.0422355700870192,0.3067869550665505,0.23375346033321914,0.2978637999409293,0.1538206770101067
157.0,0.04829906484308524,0.3013190653320273,0.23777356121188326,0.29715533387670534,0.1563202694182685
157.05,0.0465113856377215,0.2949114204129526,0.2365154537447662,0.2925214161683392,0.16132589073635023
157.10000000000002,0.053655427846637065,0.30090022254342863,0.2258437837747919,0.2845006913029925,0.15573839976087958
157.15,0.05924340269583066,0.2972793800144961,0.22858440377042274,0.2874516540333696,0.1687125581664402
157.20000000000002,0.06259675357934377,0.29756535995030214,0.22175449761229735,0.27812128818379306,0.17691607764197897
157.25,0.07094900458352925,0.2903897554522183,0.22106769761528594,0.26966803931244016,0.1810707673935352
157.3,0.07009017369511973,0.2943845163102579,0.2253409332834993,0.26786384775018857,0.1852238445136621
157.35000000000002,0.0653697502810517,0.29371683634256207,0.23106452945202424,0.27250725789586366,0.17727897151078323
157.4,0.06228811005124701,0.28725865886771057,0.2259903271322664,0.2840531277891182,0.16791340052134204
157.45000000000002,0.06145253841777732,0.294012188848673,0.2148515225768264,0.26996990903064405,0.17835115685740055
157.5,0.06006533154925636,0.29427622115997576,0.2098102108718931,0.2658003911930437,0.1872511075180274
157.55,0.0615128108703624,0.2857979998000364,0.20135603120417067,0.26033374866787407,0.19099375177971456
157.60000000000002,0.058561814012674,0.2792056372772825,0.19687976306501853,0.24358459197790336,0.20401955028145485
157.65,0.07106771880318373,0.2769425506771234,0.190917168844818,0.23129779232764228,0.2080240918785873
157.70000000000002,0.07575783031421975,0.27104650295346094,0.18807075782283095,0.2372084171443539,0.21644541588071942
157.75,0.07904564300047125,0.2640458915037914,0.1884065304491765,0.2314346000460474,0.21955912613556522
157.8,0.09207610037344034,0.27027601226646936,0.19030607123833185,0.23012658807118333,0.21807677949427534
157.85000000000002,0.09294186129129323,0.26067483030511135,0.18412482987264728,0.22925485823312913,0.2194418189220308
157.9,0.09803688606132001,0.2612436388499482,0.18485711782760514,0.2224148407410863,0.22274764032883698
157.95000000000002,0.09684600696591082,0.24940263365564563,0.18862867631779515,0.2178386351982461,0.22872951887837806
158.0,0.10538438718342309,0.24555192543671658,0.1785004741714663,0.22478321802834442,0.23178386428446682
158.05,0.10451360991290815,0.24591571484648336,0.17424235049551237,0.2211392559033253,0.2394108889134004
158.10000000000002,0.10322974572410183,0.2413510038148463,0.17148187645598356,0.209578900431526,0.2501030855213586
158.15,0.10935728462320086,0.24070030006790444,0.17145451453439595,0.20887478787566088,0.248466385481467
158.20000000000002,0.11584493423936096,0.24220055177326272,0.17245130471392975,0.20397488661927202,0.2548828484875056
158.25,0.12218072794699744,0.2468306886992802,0.17441631878301683,0.20680483795268947,0.2578828057464814
158.3,0.11952651856782467,0.24660346263767435,0.17239376417627547,0.21565152938658183,0.26012123515119984
158.35000000000002,0.12670933117818273,0.24713999850251228,0.16620412027625658,0.21233711911572292,0.2633684634544296
158.4,0.13069287614454134,0.23649035666017018,0.16864398697255878,0.20458170417921495,0.26423105827980925
158.45000000000002,0.1262057783651114,0.23635000474956194,0.16442951915431203,0.20856832715245732,0.2676835479547052
158.5,0.13274145230802467,0.2283498765679075,0.16638155031254262,0.19862117375066574,0.2758159424553692
158.55,0.13347980843479051,0.2321408026502401,0.16056234975945297,0.19258921966546494,0.2771557765263362
158.60000000000002,0.1440703837156038,0.23627940365395175,0.16014952638244734,0.20456433564056675,0.2917910453680064
158.65,0.14772110900398214,0.23336379286777761,0.16171170057620188,0.19809264425604114,0.2985174591614264
158.70000000000002,0.15003698500267082,0.24060722367627055,0.16029204581215825,0.19086011312563958,0.29503090468056864
158.75,0.159272247067586,0.24023641202067125,0.16669898097816682,0.2047496200513932,0.29239487761404714
158.8,0.16144777162673316,0.23417266367804312,0.17137259482257544,0.20470957861729558,0.29201150607632803
158.85000000000002,0.16758293964402185,0.2349199031912794,0.16634692668261958,0.2115846909162153,0.29689922265380414
158.9,0.16251979031064517,0.2408247292473689,0.16872994065898964,0.20861962147587093,0.29960379239432966
158.95000000000002,0.16559322606636584,0.24530050055151098,0.17139495779534306,0.19752587048982442,0.30554109883137603
159.0,0.16825253418808458,0.2481596713797587,0.17383364121238098,0.20102000812135423,0.3071130401634139
159.05,0.17110551868605914,0.24922539844258376,0.18228428255104756,0.20042096560827408,0.3040893892745644
159.10000000000002,0.17535685129225287,0.24721653999627125,0.18480545203520696,0.18726583636145047,0.3144302483814298
159.15,0.17723054741753624,0.23971563317246644,0.18447121059554084,0.17894945915898447,0.32693097873126153
159.20000000000002,0.1780879828695714,0.24840325332957272,0.18559895403153676,0.1780620001886004,0.3187044581783106
159.25,0.18246381652307683,0.2463848047055118,0.18316559819967085,0.17572805994591384,0.3192694158405365
159.3,0.18813690201004177,0.24454479141378624,0.18614565963568216,0.17998536716791663,0.3142283286468506
159.35000000000002,0.18740374841957064,0.24714936322081846,0.1858029988824796,0.17819871800683712,0.32095464223272185
159.4,0.19127272933506373,0.2435348282931915,0.1814269635638981,0.1805948140209206,0.3230688605541655
159.45000000000002,0.1955558532528803,0.25311832659422007,0.17951871789456872,0.1680201298014369,0.3205819282910221
159.5,0.2030893695460307,0.2539024311632263,0.1822037507462982,0.17865994936869456,0.3208889104524357
159.55,0.20998354781994324,0.25273734072546705,0.18704721128038532,0.17670810199541123,0.33557517714383284
159.60000000000002,0.207981155610707,0.2545176780654084,0.190734574970798,0.17118798738883362,0.35455667845513344
159.65,0.21336252794079089,0.25691251664061676,0.19519691878828754,0.1659295176049914,0.3629131919037912
159.70000000000002,0.21706119664395468,0.25806447669905896,0.20075173600230434,0.17132040565920242,0.3706902939969878
159.75,0.21687945149308224,0.25051204918707254,0.20396391788399004,0.16667875314569092,0.36983486230896545
159.8,0.22120376137680686,0.25006833547336854,0.2027231894056734,0.15627179362573126,0.37313757331437275
159.85000000000002,0.22342858129745996,0.25414126724506747,0.20581157970591027,0.15188937532492722,0.3778784268919329
159.9,0.21713932745326928,0.25922517161851893,0.20356869149203427,0.16369080121365068,0.38493969955054813
159.95000000000002,0.21638229483918625,0.2584967219625578,0.2086281682496037,0.1689466623811813,0.38148041173452474
160.0,0.2242007046276396,0.25930447838900805,0.21392921113917912,0.16489903309965778,0.3851732329334469
160.05,0.22641926264971673,0.2619531246324471,0.21764974433379375,0.1671552897153058,0.38743212629902635
160.10000000000002,0.22413423423639345,0.25985521504839915,0.21809830778045006,0.16606859844724076,0.40000550879019436
160.15,0.2287470023195753,0.25285721322236526,0.22967447479821462,0.1542582618160207,0.41087219778844863
160.20000000000002,0.2276143729916446,0.2547863835797397,0.23366210025284317,0.15241304575223574,0.4310549484570865
160.25,0.23174074934363464,0.25469457576129645,0.23967302885394473,0.1501709093492673,0.42607593566619517
160.3,0.22684660883188995,0.24683319876340673,0.232589277002198,0.13880238053205682,0.42946032591321304
160.35000000000002,0.23023052742161515,0.24966786386154993,0.2349782340131301,0.13472502841366943,0.4325974009485303
160.4,0.2292030438944637,0.25290882465178965,0.22823897281522948,0.13937338949736608,0.43590598837975203
160.45000000000002,0.230650020187943,0.25052171962843417,0.22642884436937033,0.14319516095340581,0.429038976233031
160.5,0.21904196866378345,0.24161703152123046,0.22464640768141358,0.14122135287992493,0.4337122215942578
160.55,0.219935401254662,0.24563854797461984,0.2230429930046435,0.15491496074585015,0.4450811373303227
160.60000000000002,0.22520852117568144,0.24117176318207795,0.2262362644088104,0.15448314856241313,0.45621660131048686
160.65,0.2230519085002626,0.24072671758971118,0.22679308062235434,0.15025911508924605,0.4504436499847359
160.70000000000002,0.22571180035963298,0.24031592597892143,0.23013434863246482,0.142203346793078,0.45634513117624964
160.75,0.23461045134696942,0.23559689873800674,0.23548026010483725,0.14161052560515625,0.4578418767584879
160.8,0.22766178168858706,0.23308448358733572,0.24372106979257596,0.13101993667267917,0.46181639290345167
160.85000000000002,0.2245102069436835,0.22547450108779987,0.24451970405715026,0.12389021890531653,0.47010963059897626
160.9,0.2185268175353047,0.21998481828128041,0.2447645069010936,0.12239895762482345,0.47722103708566016
160.95000000000002,0.2144480844768204,0.21922415992736505,0.24557580692636005,0.12458021029559956,0.4756378714324281
161.0,0.21481991120414362,0.2260911963078774,0.2464846745750534,0.12439100683743096,0.4835489786888966
161.05,0.2162946277890474,0.22407726898909372,0.24944005567388966,0.11726322912205801,0.4857230890706041
161.10000000000002,0.22235610568742134,0.21763551182336185,0.2456562238860735,0.11302751405568685,0.4882771049845522
161.15,0.21807207798054162,0.22186291583898565,0.23651043493894156,0.11023624923280609,0.48961490308500843
161.20000000000002,0.21375609395768222,0.2167552339965901,0.23368209962953704,0.10413158086310746,0.4877429980187654
161.25,0.2142302794842978,0.21086477816542154,0.22599359212815834,0.10102407136250653,0.49421978435752245
161.3,0.21269899835996764,0.20780342016745904,0.22978668884575323,0.11374404873782976,0.49139633662773163
161.35000000000002,0.2044027199754093,0.21098006276369835,0.22631025731205714,0.1076982318240316,0.49067202380958963
161.4,0.20511219696673694,0.20493609948650052,0.22901164525198253,0.09936557711449612,0.4859081913914464
161.45000000000002,0.2052264764626523,0.2070069651809006,0.22815666926029643,0.09592684833780814,0.49559862143999084
161.5,0.19898177083766452,0.20436840317316177,0.222470083202673,0.09504421943240333,0.4995669445635224
161.55,0.20236255869330536,0.20625185541522992,0.21516717414297756,0.08735404993127724,0.4996060837400887
161.60000000000002,0.1955981734665727,0.2049623510129363,0.20618126230359055,0.08774729986424284,0.5006751851327619
161.65,0.18860271512331875,0.19436957143645334,0.20581682802143678,0.09037282951174956,0.4967265155176551
161.70000000000002,0.18977571094615098,0.18995617833784711,0.1982055286814552,0.08959940739093827,0.48920258117577703
161.75,0.18877577878013835,0.18992348663567588,0.187677016163102,0.09211101723660708,0.4806009543001542
161.8,0.18239472393471748,0.18332068344668453,0.18275156842106324,0.09137293785756269,0.4786430194632551
161.85000000000002,0.1790776461975976,0.1762491258974069,0.17766576132676734,0.08797345697960489,0.48294404939624797
161.9,0.17188246803112542,0.1758762682419171,0.166228438843197,0.09636898378484998,0.48196231844200593
161.95000000000002,0.1666099920304796,0.1681102351285934,0.16538597760416043,0.08958982608994928,0.4819804891237741
162.0,0.16356090815383878,0.16474651107157018,0.15997948073773358,0.07929330304178211,0.47991032765294034
162.05,0.1522801410860751,0.15913101892584117,0.1550983838303138,0.08738614586513567,0.47472750414101605
162.10000000000002,0.15305077632837982,0.15792410877777777,0.14216226178333544,0.09443492656951066,0.48062445285825417
162.15,0.14738447219194298,0.15654135179931067,0.140379631068611,0.1041215200282715,0.47442033893628205
162.20000000000002,0.144348211497854,0.14633910089521848,0.13549405588958854,0.0863420391424396,0.47836486606267237
162.25,0.13979505828038075,0.14212632330045818,0.12805931204376816,0.08279855128136021,0.4803461394596319
162.3,0.1345700959807385,0.14108049549833512,0.11862269055030605,0.07928053857620097,0.48468357540341434
162.35000000000002,0.13281562938705502,0.1334928074824687,0.11596686155176354,0.07249035187519243,0.4881705354169462
162.4,0.12834431000636407,0.13998253718779452,0.10692297765564361,0.06221489680710799,0.4865083801317473
162.45000000000002,0.12477191939350697,0.1436332890832371,0.09465057196028002,0.06168529346826529,0.489207468537734
162.5,0.11921237295602376,0.1484024715320454,0.09115025037212007,0.053824865641324895,0.48404920307121174
162.55,0.12187574288267447,0.1515785339460139,0.0813599949425992,0.05343638768821839,0.47823440597885025
162.60000000000002,0.11959685669968603,0.15191875669555907,0.07470624863743368,0.04588287565228762,0.48185235588485237
162.65,0.12113775415343395,0.14881577802237766,0.07266857313168536,0.045652062298517634,0.4871607432588155
162.70000000000002,0.1192076163579328,0.144084621364792,0.0584794842022115,0.03547535065455345,0.4845966575223821
162.75,0.1160449164759597,0.1395593374470974,0.05063286752855489,0.038692396644238645,0.48151938365232627
162.8,0.10752497634569777,0.14875570159327867,0.042456297919274716,0.038875475598897605,0.4799686721623415
162.85000000000002,0.10915701396255434,0.1474329536559541,0.036222874814399016,0.033817812610063745,0.4860483416932733
162.9,0.10137523274157863,0.1476879377381078,0.03341716409623503,0.024660761508815066,0.4809245890461413
162.95000000000002,0.10063103324564271,0.15041543585433045,0.0289144892206316,0.01636861868620591,0.4902009632739132
163.0,0.1043225171978235,0.16022986340116838,0.018812583798897428,0.021717316903767166,0.4891406084277187
163.05,0.10531049032931934,0.1602183655575032,0.004193095201471943,0.009480161301631942,0.48695375322507445
163.10000000000002,0.11145015815977312,0.15987236459581167,0.007633613549118713,0.011434279824928159,0.47906464415171035
163.15,0.11348347890043385,0.14891107492804295,0.019172852684553408,0.019725678428251354,0.474453954214123
163.20000000000002,0.11604706473064018,0.13927330712866418,0.026668729409136716,0.025809176855781272,0.4732014046665095
163.25,0.11849733939450037,0.13831769484225237,0.03424840657100646,0.03127509273257356,0.47260738540600816
163.3,0.11541272210708568,0.13608068367182638,0.043787811134160796,0.022959472227207914,0.47310719071744284
163.35000000000002,0.1208794828952618,0.1369282224734037,0.04812362570977363,0.02738792033327236,0.4642419215650962
163.4,0.12475569293534554,0.13301736751824125,0.059184819323591195,0.02148351175859932,0.4610367816599558
163.45000000000002,0.12849575183529016,0.1303715339941916,0.06380269931535278,0.025435963792908207,0.4668871905136563
163.5,0.13696144759445006,0.1341519917553416,0.07870889799724583,0.02156529493735818,0.4664863047843488
163.55,0.1441155600442895,0.13831922784255166,0.09335533228719456,0.025894306586407238,0.4654366196142219
163.60000000000002,0.15021369603381235,0.13589557941452682,0.10469565367921138,0.022676299889047447,0.45396964570140586
163.65,0.15445913506013423,0.12601786711998486,0.10655559260200753,0.011165298909467656,0.45953155194035483
163.70000000000002,0.15784016391311623,0.13668554201265432,0.10785938994896514,0.005083437442919271,0.45938479937134863
163.75,0.16174355968002924,0.14613507745241744,0.10915291334859846,0.017139932691061132,0.4565964982609379
163.8,0.16821996749818824,0.14251487924135822,0.11377248629848832,0.008852906653389734,0.46632778012714365
163.85000000000002,0.17194130389549758,0.14792873277628302,0.12859342519445022,0.008219312303195508,0.46392268923033014
163.9,0.1721540103773048,0.14865416735800221,0.13996857778671662,0.012267631430573408,0.45510332478414944
163.95000000000002,0.17930598813094667,0.15202629249037183,0.14857078282384656,0.017331794286485958,0.44211097218894707
164.0,0.1929657224291468,0.15133445833780382,0.1535639296644181,0.014462475895127775,0.42992575310710923
164.05,0.20506453921743273,0.15718336380500397,0.156224406996271,0.011993244076626327,0.4242987965982996
164.10000000000002,0.21501440308224531,0.15242501919637622,0.16434279161745693,0.0062016718508396415,0.4184406815492021
164.15,0.2217939133689901,0.1570218518753393,0.17481353232789873,0.016136767632649564,0.4195854809493462
164.20000000000002,0.2227290470178756,0.15654749163093085,0.18312183225485867,0.014439376564257329,0.40691701146733295
164.25,0.23253451018810806,0.16172942215934882,0.18798138106406617,0.007069661343348985,0.3925461121684156
164.3,0.2297203320459401,0.15540873545897058,0.19039956681040676,0.005298217117971852,0.3796777014680349
164.35000000000002,0.22504130475342954,0.16350167331908547,0.18846203829114794,0.009096490211375905,0.36984968901978316
164.4,0.22848250601653625,0.16624939139195374,0.19491419659891826,0.00344245809021927,0.3675836849189018
164.45000000000002,0.23617890824498475,0.1721603851982389,0.203706581947534,0.00687314468267232,0.35340744533451507
164.5,0.2418187691604988,0.1694949012387239,0.21055295496482201,0.007837283755157144,0.34526394972039365
164.55,0.24243623513310986,0.17818524759638305,0.21316580023036974,0.0025002160927603853,0.3223412207144592
164.60000000000002,0.25541805200558537,0.18187758038173207,0.2138021821958683,0.007316666790819486,0.3180352964205765
164.65,0.25854597699784365,0.18741633849886977,0.2162375425383746,0.007632101708572302,0.31166703919609046
164.70000000000002,0.263502203025216,0.18781610481153624,0.22445010701212542,0.006997941781139746,0.29900597039442917
164.75,0.268264451148108,0.19474833144371223,0.2341205481916024,0.005512840212856148,0.28155829687133127
164.8,0.2708895633529135,0.1931546701010033,0.24170868264790743,0.004977729188905564,0.2809732617275932
164.85000000000002,0.2738407113839646,0.1936261816504796,0.2558682187210034,0.003146345240526648,0.2800209200497112
164.9,0.279810187081299,0.18311363079873613,0.25997336621543726,0.009469114092701358,0.26155927937750567
164.95000000000002,0.2826729846875114,0.18245696339957024,0.2639087108736563,0.016294004345701215,0.24652048273848648
165.0,0.2831188715242443,0.17943232446031437,0.27126999501890936,0.018869755013239977,0.2343459274645298
165.05,0.28799618094159846,0.1784355124175203,0.2773764048610919,0.020332651766799468,0.22320225557789178
165.10000000000002,0.2900940298711001,0.1783965111822864,0.2743160981048728,0.021851814225988857,0.2137559973994226
165.15,0.29791791807543455,0.18243255765422797,0.28319869091686467,0.02405902328548209,0.20266337100618795
165.20000000000002,0.3066506687715227,0.18711457304677345,0.2878005293602596,0.025830349649656838,0.20482130210020433
165.25,0.30779416665653897,0.18529857497052965,0.2882945890551616,0.029789815191259627,0.19879086357320225
165.3,0.312122094285168,0.18604098079292541,0.2879986574080155,0.02801297501686225,0.1948020435169792
165.35000000000002,0.3092175282111936,0.1805547650112156,0.2919871656523042,0.029061778814453768,0.18686506703504566
165.4,0.31180242706617484,0.17489207851719796,0.28521174953531225,0.030017923054108338,0.18351326625043216
165.45000000000002,0.3142445548015657,0.17671920681004283,0.28597345223854753,0.02923307326944143,0.17318812432183275
165.5,0.31517171027815294,0.1779421145685348,0.27633975981432063,0.029841327117142383,0.1644853213630709
165.55,0.32037817370537575,0.17948002206761374,0.27555489892145335,0.025640266059457108,0.1585829980074273
165.60000000000002,0.3128280432944316,0.17775334198200676,0.2686382170615938,0.026659900278395484,0.15120129672466615
165.65,0.3158207545893524,0.17819429283299296,0.271545930704193,0.02316782538431683,0.14920157421539318
165.70000000000002,0.31111527314984744,0.18223056547330385,0.2725425555423087,0.016322857193717462,0.14902207271007956
165.75,0.3071389267474862,0.18637272903739194,0.27116530708183506,0.017942373459952306,0.143644069354481
165.8,0.3101261827319578,0.18965788963807956,0.26295931873483197,0.012678290474684762,0.13826937029754982
165.85000000000002,0.29729951334111543,0.19292631789403283,0.2593548835370249,0.01741584204208643,0.12248044818547442
165.9,0.30429926343855,0.19339102427405222,0.267029428469664,0.012357125088252997,0.12575133600347366
165.95000000000002,0.3069779494499601,0.1929845550131927,0.26698208401584916,0.009468179478820412,0.1370756231218781
166.0,0.3062410500167236,0.1951026951776172,0.26408925706477276,0.004620099369284154,0.1435521195031791
166.05,0.3066900260952655,0.20009915703647804,0.2649834861424704,0.010574672867196138,0.13885968859595507
166.10000000000002,0.30616556009722895,0.19940106959941253,0.2644224867737497,0.007066368254758619,0.13309764967851406
166.15,0.30364175420188994,0.19744511092156328,0.26198757959774605,0.015280651994049113,0.13506905322026655
166.20000000000002,0.30854240115319725,0.20675115373877972,0.25708851102785885,0.012213481949080895,0.1467371987699631
166.25,0.3060533928225707,0.20544869530463059,0.2579847729581537,0.0054443469528447485,0.15070661616715664
166.3,0.3030105617371756,0.20195812400753618,0.2546145418334253,0.009981999606889827,0.1521598920273766
166.35000000000002,0.29429121207705705,0.19768545512144856,0.2522582416437397,0.012610817750563405,0.16075598913082184
166.4,0.29505383400277413,0.18977096657024134,0.2507243943385519,0.02144506494297394,0.1620750784460423
166.45000000000002,0.28513171862853554,0.19328176103789116,0.24260915964559054,0.022406068471946292,0.1550960468346273
166.5,0.2919459718596754,0.19346041310642234,0.24009125095059938,0.021371506435484453,0.1455103001340265
166.55,0.2892482105486556,0.19087367479799758,0.22818971796496743,0.027110890704896633,0.13573998759457723
166.60000000000002,0.2853495084726946,0.19656562042897546,0.2242722963604362,0.029426461786536996,0.12140126757255384
166.65,0.2724212146377362,0.19395713596676573,0.21325859793537055,0.028191635294162756,0.10642145828269782
166.70000000000002,0.2652621013216896,0.1966773201625546,0.2012384872721401,0.037142369068559965,0.09267346766182404
166.75,0.25988884341206775,0.19281877005455697,0.1921226058696434,0.038257133764802935,0.0914224732384816
166.8,0.2562071770250068,0.18619294562954464,0.19316315169162043,0.03573467552418495,0.08431321324503786
166.85000000000002,0.2571291304560059,0.1770446166476171,0.1869464757087014,0.03327466403471785,0.08253471313537622
166.9,0.24865493967997349,0.17708231545189676,0.1897637591621983,0.0362736324531919,0.06921440047188124
166.95000000000002,0.24039868936970876,0.18236914463031123,0.1949011520851635,0.031554041502665976,0.08114155105508732
167.0,0.23224478395658896,0.1876072210744461,0.18026976354147697,0.030742906996471312,0.07737598246682136
167.05,0.2329531609008763,0.17888407997909062,0.17338691165099954,0.03151977467111001,0.08407926137781634
167.10000000000002,0.23274772466624613,0.1794402147046949,0.17395556162644843,0.025255661422752474,0.09315053275897976
167.15,0.23371577395922916,0.18679771086625474,0.16573589848353548,0.03173334573657177,0.09932161722337
167.20000000000002,0.2300312769098397,0.1795698980837308,0.14669982739185683,0.03748623992596251,0.09176033308270792
167.25,0.21972017696308418,0.1764813592047343,0.13750250691214141,0.050178945074657914,0.08218099296056312
167.3,0.21761444948146422,0.1733913215569517,0.13378557559309123,0.05144775972310792,0.0764311109323645
167.35000000000002,0.19868029019633923,0.17545154645698255,0.13010245801479134,0.05309601485092467,0.07228973163245017
167.4,0.19604219353703117,0.17312319294820205,0.12454385378082213,0.04817662571129016,0.0674171162882789
167.45000000000002,0.18861764835721018,0.161641010668529,0.10934227627073737,0.05215643651652326,0.0712099962859148
167.5,0.17602912662200743,0.15737849475116458,0.10492316829947616,0.06298740711825317,0.06095695254512158
167.55,0.17561944099088841,0.16246731303956757,0.10144133454496003,0.05661440593899614,0.058302454074321865
167.60000000000002,0.16697562194362423,0.1645887672771273,0.10051267664201519,0.05527612608955156,0.05382783825353216
167.65,0.15791212369614394,0.16014759211874854,0.10233474221442743,0.062462672491190765,0.06345233891199402
167.70000000000002,0.15483771506047947,0.15529894666706495,0.10299106313093205,0.0582698928862033,0.06495142162460742
167.75,0.1545165096666032,0.15842163446541352,0.10544367043883644,0.057296997306591206,0.052308936622234105
167.8,0.15111862862434045,0.1550820918621547,0.10084181357773875,0.05213927559609231,0.044420532754062714
167.85000000000002,0.14835173066566312,0.15105670728670778,0.10400578133325543,0.05344200614960538,0.05489928964872609
167.9,0.1383508245925596,0.15125034302629864,0.10823901294187593,0.05208443314929938,0.05747003252972671
167.95000000000002,0.13877945466890462,0.16010880961014318,0.10007107561663164,0.045598134607488225,0.06608690672683536
168.0,0.13937688328819683,0.15178928410044235,0.08897532559747212,0.040427315076201634,0.07091234684915294
168.05,0.13595560716039756,0.14427942403364707,0.08934977564343788,0.03823821933537306,0.07237849437950036
168.10000000000002,0.1259926304486123,0.14422443144068653,0.09017056928873289,0.032012777855878555,0.07889345160035259
168.15,0.12188738766791778,0.14875336767362396,0.09141171141322571,0.034775020061252125,0.07862350506328995
168.20000000000002,0.11069214541274303,0.15027783036374862,0.08923042188921626,0.032862784037312964,0.07616205249222865
168.25,0.10729666319838768,0.1492665715485002,0.08803115058319906,0.038915661288930925,0.07525784290624961
168.3,0.10270405798052593,0.14700093270638856,0.09041361337137448,0.032905384998094214,0.07808051568502215
168.35000000000002,0.0922608954885779,0.13933247690237524,0.09250659076543041,0.04524871225561139,0.08633797216965301
168.4,0.0910285791959784,0.1330747658029451,0.09752221177448751,0.04336631266354026,0.0935367671709994
168.45000000000002,0.08056946329653443,0.13575087361983276,0.1059665555136718,0.03074350733586933,0.09185488996779487
168.5,0.06991393606448132,0.13846679706887863,0.10724604480468107,0.050268185374439035,0.10187422866712091
168.55,0.06903569626548647,0.13443653103951114,0.11392006048010571,0.053491412283665905,0.09574455928504921
168.60000000000002,0.06823643851204388,0.13877557584835076,0.11181558355048016,0.05736947683638327,0.09612996041001508
168.65,0.0649327701905706,0.1415546960490681,0.12239885266610488,0.057948374721452624,0.09360839764438154
168.70000000000002,0.05976187433321895,0.13414823103982906,0.12510792334895054,0.06795956185476805,0.09918685684023465
168.75,0.05985188717150276,0.1370242519752226,0.12659456195924673,0.08068405870822853,0.09421148848847925
168.8,0.0591651609349959,0.14722690654649032,0.12928126842490498,0.09192688175577261,0.09387371326786338
168.85000000000002,0.05940130293743291,0.148801582039396,0.13388799013683947,0.09027297516754236,0.09599652234011935
168.9,0.05513689193333691,0.15586972014367229,0.12686756858912168,0.09162019969635837,0.09818505755171109
168.95000000000002,0.053853324126108465,0.15115941865320393,0.12719012739593588,0.09837923003297763,0.10497179062816948
169.0,0.046936149194811275,0.1521136153566574,0.12722623838690042,0.08940245928973042,0.1238400699005026
169.05,0.042660251769159496,0.14891030056051513,0.13388105562615796,0.09967536040583759,0.12681855058119013
169.10000000000002,0.04234797201373481,0.14603623852262004,0.1346356539729054,0.09553175400859472,0.13843267852491073
169.15,0.043763498128036836,0.13635055187554346,0.1343312333357859,0.10306365396963992,0.13861648917593056
169.20000000000002,0.046511219670821495,0.14138611434366402,0.13969724287915652,0.08274319537163906,0.1428230801213153
169.25,0.04845558432173753,0.1296053836413976,0.14166231513915323,0.09584102267416361,0.1488149454153837
169.3,0.05812752210908531,0.13309560867703527,0.15150062261244515,0.09273106374638761,0.15298035379176034
169.35000000000002,0.06191778240117879,0.13011434773863567,0.1474203142481158,0.09349301879845207,0.15698317913278356
169.4,0.06831859115201525,0.13926535659046585,0.15599454534529833,0.10027543209789845,0.1659483307022639
169.45000000000002,0.07323047339971027,0.131681330984047,0.16374500744620124,0.10141066853177956,0.17204003833649512
169.5,0.0832916439382902,0.13563381638826882,0.16319064751447623,0.09459837861498578,0.17620362156641647
169.55,0.0882014002566189,0.13708429026115107,0.15756076651220072,0.1024780370541855,0.1715624956951049
169.60000000000002,0.09340709065592426,0.14306375124381754,0.16060201025505982,0.10611834175001507,0.17607611138532017
169.65,0.09767789324169772,0.15027504582278658,0.16373444634703124,0.08876468679718569,0.17720742831957537
169.70000000000002,0.10118384925910874,0.15890340139544,0.16840470707435679,0.09089257841324942,0.18247321890993998
169.75,0.10066603164343393,0.15867324149970824,0.17481795186888013,0.1013725856091015,0.18263656644446277
169.8,0.09997394771992832,0.16078191635627215,0.17902361861566815,0.10015452975380952,0.19797716548387553
169.85000000000002,0.10353881893464738,0.16160381260705056,0.18248652155115438,0.09709973923778406,0.20112847536339518
169.9,0.10837358042577518,0.15839139065212296,0.18066548928048726,0.10098950078459215,0.21220631327317602
169.95000000000002,0.11193453413888994,0.15452751728331005,0.1858288474248484,0.10908869296403272,0.20317440874848472
170.0,0.11735637710651413,0.16176740649319682,0.1845484839761063,0.11143851480395917,0.20992453864393504
170.05,0.12395958019224008,0.16145952101647948,0.18247115785143656,0.11218253976613377,0.20860668843712485
170.10000000000002,0.13125413243265568,0.1728983978346341,0.18961556357210993,0.11308984458907588,0.21122650258467704
170.15,0.12958261371043922,0.17538760289839084,0.18739818184093768,0.11844809461544618,0.2136803651653586
170.20000000000002,0.13484690330164517,0.1730684835093688,0.1981574531367044,0.1274257811347723,0.21796457953215145
170.25,0.13889857006940096,0.17779689328625958,0.2017235806812741,0.1215724295029227,0.2124882563991028
170.3,0.1448815207428644,0.17399988650076303,0.20164507379278118,0.12130808303473425,0.2170514156244712
170.35000000000002,0.15077438857799957,0.1738827677510075,0.20098624238893126,0.1310687248350712,0.21698877062862004
170.4,0.15463233335074283,0.16670687626602124,0.2003683722855139,0.13030403669498092,0.22176101336115894
170.45000000000002,0.15481058967910594,0.16463790788114066,0.18982326710602812,0.12204575946769741,0.22027882978435054
170.5,0.1516820207341351,0.17237909989888792,0.19066064819176806,0.11572249040830744,0.22525632955524355
170.55,0.15777319804288364,0.1749319537872706,0.19741227349560236,0.12055642501047575,0.22795507287051084
170.60000000000002,0.15701985741797692,0.17555543351385663,0.20498986519861262,0.11812868860921522,0.2264342159828832
170.65,0.15977184448009304,0.1787014021501069,0.2029358176795859,0.11985757655192587,0.23152120930957243
170.70000000000002,0.16043760173000976,0.17991997706661933,0.2042235195033196,0.11577596212456663,0.23181567211355786
170.75,0.1634840845640009,0.17615917348856075,0.19856625954793228,0.12886747754235878,0.23639252944564237
170.8,0.16543440407841264,0.18454087758274718,0.1859290532818442,0.1283215723680834,0.2307352768254925
170.85000000000002,0.17117125101695196,0.1905877963176109,0.17892773462955375,0.1311952845412187,0.21848173769124438
170.9,0.17301316730342486,0.19605882575402003,0.17331581938186985,0.12536530608230137,0.20860375012319285
170.95000000000002,0.1756164968173927,0.2019870979559183,0.17200266882431603,0.12727774902509548,0.20531585741871625
171.0,0.17386650526243172,0.19403103559823187,0.1781566492737548,0.12282552721682764,0.20680030701997484
171.05,0.17684195097297223,0.1933229023398444,0.17948875769065548,0.12458273369046152,0.2107057376362581
171.10000000000002,0.1743308677698479,0.20523682096327706,0.17832786734930928,0.12412411806467483,0.21043653313628152
171.15,0.17059749047070644,0.19773962103542025,0.1697594691622089,0.13880821009407937,0.22195188666307109
171.20000000000002,0.1664085623087288,0.19990419958543068,0.16660421218022003,0.13944723846367224,0.2290165341451042
171.25,0.17188930039956266,0.20877584076707742,0.15938362477612777,0.14909443666044728,0.22446489200706563
171.3,0.1759541859230035,0.20776553392053276,0.1609186884558824,0.15485569214040426,0.22040911796795631
171.35000000000002,0.16846112242253297,0.2172934998777877,0.16368698655676062,0.14600730479665844,0.21690095754697641
171.4,0.16309264987602445,0.2124444305162703,0.15496999247338075,0.1417275760791868,0.2254353443051085
171.45000000000002,0.17462146745455523,0.20737817887771018,0.15155895793226412,0.14691471456761446,0.22097600287406555
171.5,0.18347209064141523,0.21201509609827873,0.15896770317751702,0.14643846379764233,0.21990502992956162
171.55,0.17820228743988784,0.2148175919517945,0.14654337289077998,0.1453591214796277,0.22468521914404815
171.60000000000002,0.1743987074458068,0.21834864593898343,0.14592155315443972,0.14684491288711018,0.22394123533900556
171.65,0.16846335876623872,0.21805327103550998,0.14734509896573905,0.14443641929622003,0.22459307153491215
171.70000000000002,0.16388454410184372,0.2120511746953869,0.14477223885261767,0.14927481492437739,0.22760418830500895
171.75,0.16394164444301465,0.22117056397195486,0.13997961074548704,0.14660508215166632,0.23378706394739956
171.8,0.16377197660500645,0.22648961864462688,0.13478180926599387,0.1478236886109095,0.23375043159605022
171.85000000000002,0.1637632236414371,0.22890841293879602,0.13116566527308302,0.14225027844309981,0.23787959308692638
171.9,0.16249852871112241,0.22636388222705273,0.12779262835065067,0.14919421405116653,0.23888809377766984
171.95000000000002,0.1623610578476722,0.23170713960307115,0.12420430988222958,0.14433772937066783,0.23314646178409487
172.0,0.16183096662668378,0.23541870959683836,0.12067661852900244,0.14260091893002846,0.23440874957841054
172.05,0.15580160936570223,0.2326345317608161,0.12370327366731072,0.14852398921320814,0.23553228450411573
172.10000000000002,0.1555466306251598,0.23740427129343608,0.12027297437526925,0.14576550768840146,0.2325575329821491
172.15,0.14892385085678966,0.23831494829047076,0.1202063892242987,0.1523849102301426,0.24111281068545773
172.20000000000002,0.15005674751337283,0.23820571522538928,0.11240126750798742,0.15233057493288737,0.2447228635471154
172.25,0.1422071578071081,0.23722214997115806,0.10824397231303164,0.1448598542878733,0.23773946377163035
172.3,0.1399124728137887,0.24005817598574944,0.10459644468626698,0.14444016361051643,0.23502706039048213
172.35000000000002,0.13012677246836896,0.24617234539542573,0.09988172698741664,0.1470917399085391,0.2384159714009522
172.4,0.12149901925820801,0.2377120196538353,0.10648572451730702,0.1540376038945162,0.22440481617104496
172.45000000000002,0.11824600108923354,0.24025569137539307,0.10282318003507902,0.13688753540040657,0.24094183208036768
172.5,0.12178095143941303,0.23309439001456203,0.10733255112082507,0.1448754311575284,0.2540127658407559
172.55,0.11898822515863958,0.23277327920942895,0.09538312056094497,0.14774598608806291,0.2542112172672501
172.60000000000002,0.1202968997685775,0.23185907685721954,0.09322621407898854,0.14126814694354922,0.2535635274846063
172.65,0.11416568205870867,0.22740911206542502,0.0892241137936811,0.14491227934166226,0.245425459513962
172.70000000000002,0.11623210651993507,0.2318206967250675,0.076086973115749,0.1506758385635732,0.24005453393806034
172.75,0.10495083286562719,0.22734913299675863,0.07087650509875792,0.15680212523615278,0.2524814163268599
172.8,0.0973990732255428,0.23695645913047167,0.06566121940944752,0.15175114258831623,0.25501558050964274
172.85000000000002,0.09296569022806696,0.23633430295032842,0.05422831799267107,0.15507148537454613,0.2509879192087607
172.9,0.08696489904042312,0.24054862913107805,0.06324450780764236,0.16037871824272906,0.24470566433683108
172.95000000000002,0.08807975646842942,0.24148254985928347,0.07371468695843326,0.1625340109373969,0.23796796163419195
173.0,0.08743745632376936,0.2511776342902233,0.07323477165872622,0.17296791243382567,0.23394365714070783
173.05,0.08165686331315458,0.25084819065029995,0.0768398185363996,0.17580740114358964,0.22612226415389194
173.10000000000002,0.08359090577901622,0.25582633081444844,0.09115112629330405,0.18623093540086963,0.2318947617231466
173.15,0.07542371353613493,0.2557116852868166,0.0976017228128635,0.18809589631998827,0.23325467112761467
173.20000000000002,0.07365400893333603,0.2642951962266987,0.10011745227383524,0.18563255522994987,0.23500015752256395
173.25,0.07781713981667576,0.26237504997835764,0.10575841857587859,0.18836386718570286,0.2467995442226796
173.3,0.07303800482483347,0.25745381041417487,0.11575494469302437,0.17956761778427205,0.24245158303924658
173.35000000000002,0.07778842512132458,0.2732228368465854,0.1232107655809823,0.17457866690783294,0.23311735630317604
173.4,0.07926113452760945,0.2741871216751912,0.13192239090148378,0.1789517520332506,0.2316843664668514
173.45000000000002,0.07149743183175125,0.2806383943832952,0.13776077690726046,0.19082270535004503,0.22366731055040795
173.5,0.0713014272709086,0.27853915003216784,0.14239543403147834,0.19350581341048664,0.21084272656756398
173.55,0.06562666557244656,0.28529183349473664,0.15036763482700413,0.191203628513666,0.21293953930199153
173.60000000000002,0.06933016594201205,0.28719701513108814,0.15585295259742915,0.19498476064650147,0.20608518387192176
173.65,0.07771135081884836,0.29681933198383387,0.15643243159594308,0.20158371561540303,0.2098160339570605
173.70000000000002,0.08392613893452462,0.3004007010742136,0.1543157474576038,0.20576106192048677,0.2052010468740213
173.75,0.0884098863070238,0.2930748299833595,0.15420374132372294,0.20300415974084488,0.2075801217591174
173.8,0.08890383523692183,0.29477328564258964,0.15471596861331693,0.1946267102542712,0.20600448252166143
173.85000000000002,0.08932890407076811,0.2946489757311795,0.15461673893115974,0.19261385865800837,0.1932012729893731
173.9,0.09665782645555956,0.29359578168733125,0.16248878297643926,0.19423094601604338,0.19271812986778647
173.95000000000002,0.10330243033542202,0.29509571153282754,0.15331368688625682,0.1991173751913642,0.17975092338397541
174.0,0.10687290807887921,0.2943161461238178,0.15321585817144723,0.18856801702453005,0.18453737517061397
174.05,0.1108725995649526,0.29938734510641046,0.16177996133746003,0.18477036146720868,0.19288302586374603
174.10000000000002,0.10658477917034637,0.30873817942753157,0.1636026094873086,0.17884771977084465,0.1944303469885123
174.15,0.11523144166208514,0.3051220371146546,0.1651249230848682,0.18700538065733396,0.2057965423254995
174.20000000000002,0.11348230073581624,0.3046155231251988,0.16478312066252443,0.18269969519825743,0.2031525924017467
174.25,0.12301939517239041,0.30475999846449764,0.15844124613053795,0.17228201638216742,0.2017952543677617
174.3,0.1289154194119616,0.3000922369099348,0.15780422638600988,0.16338353474061665,0.2111587904191065
174.35000000000002,0.138349623817005,0.3014621326411083,0.15766044812666993,0.1518073142022619,0.21419604993549404
174.4,0.13760490268279602,0.3046280867373164,0.15775692917077924,0.1470636571725165,0.21817405535594178
174.45000000000002,0.1418759554460702,0.29782045483048636,0.16121859334744332,0.15791131663734184,0.2190399841945487
174.5,0.1423647612803503,0.2981214345275077,0.16305610562456047,0.14826426885635963,0.21936254554355114
174.55,0.15001009299221424,0.2976620439740261,0.15869223555090128,0.15266956529079925,0.2153641737610581
174.60000000000002,0.1472201369417098,0.2990636283521625,0.15845650734941652,0.14772003979603568,0.2146598433403301
174.65,0.14826252338896465,0.2964030583679323,0.1649911975480282,0.15055828621321515,0.2171652687319753
174.70000000000002,0.1545956314413212,0.29806256464354774,0.16285588422779051,0.14208481279697993,0.2237742082369024
174.75,0.15212544246495766,0.29915960517942003,0.16137769992896966,0.1382974417293916,0.2283795756812568
174.8,0.15748195641128485,0.3030348618908695,0.16859025441505796,0.13345585952730002,0.23124796617709018
174.85000000000002,0.15756249609688563,0.2919994727277998,0.16373862347866588,0.14040020905744158,0.2222868078914083
174.9,0.15765904561576174,0.30257905284873016,0.16924626475524598,0.12663925714505928,0.22599568408795004
174.95000000000002,0.1571259587756089,0.29956049928215767,0.17690050476209027,0.12865198308653497,0.2250858794297447
175.0,0.15974386738216662,0.30577140377212353,0.17938897208477506,0.13931311792940454,0.2293240860078347
175.05,0.1637763485140684,0.3059971557275112,0.18200756750185085,0.14828940631881946,0.22063866863821793
175.10000000000002,0.15617352335802362,0.3180673571344904,0.18223756961466045,0.14483426156553456,0.21999162660357036
175.15,0.1590813384956342,0.3161551695353634,0.17951962406325575,0.15520680919252877,0.2189241359283609
175.20000000000002,0.16144475824389812,0.32070506039504376,0.17963752539760264,0.15568906247911682,0.21902809791195338
175.25,0.16326983392982156,0.32251627122974685,0.17908761008884516,0.143474078912555,0.2242216144875378
175.3,0.16712785409987432,0.3211280294688466,0.17290447612641274,0.1533330999048698,0.22606970955052186
175.35000000000002,0.1734979390442315,0.32785098165355214,0.17327186643449227,0.14327749282221913,0.22369690534462322
175.4,0.16444876390012655,0.32964949857138787,0.1710350922555563,0.1507301251732723,0.22594003037756194
175.45000000000002,0.1593314108573449,0.336480813066423,0.17174362930789222,0.1702861229399522,0.23031557129534977
175.5,0.16228794334077248,0.3379444670762506,0.17632012589926244,0.17571751349040773,0.23729751110851063
175.55,0.16316051844251375,0.34660774351136964,0.17717011107263003,0.17447545809397566,0.23223535918541563
175.60000000000002,0.16278517741390572,0.3405300667845381,0.17333824925090452,0.18037863202028684,0.22793476224606657
175.65,0.1596471135870316,0.350245687586986,0.16866764794038105,0.18832071751210283,0.22640871859703268
175.70000000000002,0.15372691901627858,0.3539023544806061,0.17160451323356493,0.17501719519580286,0.23549907742209503
175.75,0.1535039471800254,0.35746575533759944,0.1748137814005501,0.17561275317230282,0.22618045093075717
175.8,0.14794077874841025,0.3596855857988472,0.17597691674520727,0.18052142603954818,0.22669217949022966
175.85000000000002,0.14126635840278476,0.3662899863771618,0.17141585168282258,0.1714918968158985,0.22247463604844311
175.9,0.13042884293412454,0.37166851087371655,0.1718015190745386,0.17415481357884535,0.23127190755843638
175.95000000000002,0.12827894809850693,0.37928619668107083,0.17398678442015456,0.18466555085345857,0.23352377027152044
176.0,0.12293773849227303,0.3840582530203533,0.17846160032421934,0.19116224519219158,0.23433872350648974
176.05,0.12085932195014848,0.38287146483510814,0.17343289764198877,0.1970943298089129,0.22972847214061148
176.10000000000002,0.1208187411256098,0.37837438334935725,0.1702996003471295,0.1957891278594579,0.23195711560720045
176.15,0.11566380292737648,0.3794157694461263,0.1738140823993591,0.19380388272246699,0.2340097711469823
176.20000000000002,0.1073473693464931,0.3839510866678375,0.17237735985667707,0.18139799419508548,0.2335202468793231
176.25,0.09897964648831745,0.37791937703370215,0.17332312735440075,0.18521526011639985,0.23599884394421541
176.3,0.09435910532617928,0.37803358480157334,0.1661563072786003,0.1851958038448361,0.2379464146948686
176.35000000000002,0.09117836031804695,0.3857332800067615,0.16703658997002302,0.19305975740642525,0.23712637724148966
176.4,0.08532592591208434,0.3806724277423578,0.16598940948451385,0.19875657394977103,0.238143523051694
176.45000000000002,0.0835994343341321,0.3851774497796977,0.16929547655472035,0.1994091272640188,0.24057019083242856
176.5,0.07767439879792186,0.38409099907477606,0.17049691059640387,0.2056437701473179,0.2396673359085244
176.55,0.07042490974701339,0.38667567041838524,0.16826182251068772,0.2040560480604271,0.23839284253811258
176.60000000000002,0.06332630139208928,0.38941636405860947,0.1608290340168588,0.20880431819460446,0.2391014604181656
176.65,0.06076084599242943,0.38333599652104483,0.1599943487618498,0.19965798548632338,0.2464988483605963
176.70000000000002,0.05688798439730299,0.3791099289630349,0.1554837351832809,0.19996947935033485,0.2505157972047528
176.75,0.05281098598997642,0.3826319879049331,0.15628003217569347,0.20169565513437304,0.2463404517884197
176.8,0.05495836392605015,0.37798529768634664,0.15539512312973183,0.20313475380741208,0.24688855695456455
176.85000000000002,0.057034222813670855,0.38384670497396767,0.15054417700475894,0.1981402508781309,0.2589026574861485
176.9,0.06592906408480488,0.38422352834979073,0.15408192665367787,0.20355888331613067,0.26826864056291827
176.95000000000002,0.06988649205117342,0.38033555363835514,0.15136358486610635,0.19922559133211107,0.26486889936273583
177.0,0.0660413230565048,0.38146873146899435,0.153350678312533,0.19795989551057586,0.26781008386450345
177.05,0.06798534865286762,0.37810872468675777,0.15098771008307607,0.20107244163892818,0.27159175194895463
177.10000000000002,0.07237088222298342,0.37838745843264915,0.15440579843108396,0.1879170388159788,0.27379375536534606
177.15,0.07721181093880464,0.3714104393355221,0.15092789234104548,0.19537542252031434,0.27001386611850364
177.20000000000002,0.08466561167069106,0.3643910904303755,0.15945622298538945,0.18735791570310703,0.2764862813477551
177.25,0.08611620156423139,0.36915848722530203,0.15240304154105053,0.18865536322883686,0.2626589511992338
177.3,0.09492034571044561,0.37687205514982813,0.15151668977986463,0.19031465326321528,0.27054685623537206
177.35000000000002,0.09757772847472874,0.3615791657091239,0.14922127603214977,0.1932997485425357,0.26998187213925245
177.4,0.09802208329796826,0.36923066173988073,0.1466557782327698,0.19289858802566245,0.27437578155082276
177.45000000000002,0.10143836100130256,0.3684083048706217,0.14669676787391703,0.18988418712335983,0.2779945870588088
177.5,0.11405044028752151,0.36277215441790234,0.14632714718957612,0.20106365982992178,0.27506011693857324
177.55,0.12543499178808273,0.36373464859585375,0.1418123457526248,0.1997204804048858,0.2759611181266151
177.60000000000002,0.1370171064066394,0.3677227177839377,0.13842090952474015,0.21176074472275383,0.28195946734765626
177.65,0.15085099496788426,0.37258245680892904,0.14303526231696873,0.20890548667147502,0.28019807090524973
177.70000000000002,0.15441861482717023,0.37372743857132906,0.14501393026653175,0.20959817705720954,0.28865689283436163
177.75,0.1607889380827061,0.3729138880283749,0.1407060430359404,0.20884123696369444,0.2946548078535821
177.8,0.17265677554880268,0.3674548622616613,0.14956925696304102,0.21449441627947818,0.29089133355855495
177.85000000000002,0.17563083863035675,0.3608367997436696,0.15350471896156773,0.20781249607589156,0.30069507693610303
177.9,0.1856785082554883,0.35181859605685023,0.15868773654846557,0.21033323520681468,0.3073620582990021
177.95000000000002,0.18739094444998972,0.3533568129441671,0.16270000950850902,0.20435868130577178,0.30892206857143023
178.0,0.19315194014473208,0.3415915275732713,0.16315845622788674,0.1980015589268001,0.30618080044440793
178.05,0.20008225987398998,0.3454242347055463,0.16363376470273208,0.20039458137057245,0.31519629379749187
178.10000000000002,0.2073815468364737,0.3475503746449846,0.16322412318420063,0.199436944948507,0.31168003020107926
178.15,0.21052908153972508,0.35195818811345075,0.16561428230602132,0.20219438092804848,0.3114824261720103
178.20000000000002,0.2159028121983484,0.3517790894089278,0.17077971237219897,0.20291590191550993,0.31273548761069164
178.25,0.2174196848079046,0.34033730282928665,0.1696935523025457,0.20348385702707664,0.31599541942869
178.3,0.22056513024210536,0.3438641319366594,0.1800418606587361,0.20293772221789141,0.3123641587335761
178.35000000000002,0.2243152001658316,0.3401423378905786,0.18495826983284855,0.19694653424934974,0.3209398340739391
178.4,0.22892247818841438,0.33726206056874847,0.18533382893171982,0.19548065245262333,0.3309884700290502
178.45000000000002,0.23140925490480432,0.33137262192953504,0.1836868412502797,0.19512488066665698,0.3297094519044594
178.5,0.2320139120413155,0.3288960893456716,0.1865366547827404,0.19025281029839275,0.3421196071280111
178.55,0.23618920509649557,0.33292623022163104,0.19346456317472324,0.19496894534805895,0.34561595927525296
178.60000000000002,0.2462267236532444,0.3270178152557254,0.1901635991848669,0.19004963084186557,0.3580423745130038
178.65,0.258022060118693,0.33529657560129406,0.1974700274880503,0.19755863457241488,0.3570499613813016
178.70000000000002,0.2637350154984198,0.3324194968132646,0.20311979266471272,0.1993363797738018,0.35037614592211963
178.75,0.2657724678160564,0.3354972043520003,0.20687572967772194,0.19181924642379075,0.34903598939591374
178.8,0.27166443836747245,0.32530504732608434,0.20849798084350352,0.19251038703362355,0.3527812168606236
178.85000000000002,0.2745943198220997,0.3283359769407192,0.20888055679444226,0.1857831390139096,0.3608271214884281
178.9,0.2792275739118326,0.3333319527867253,0.21220692899223498,0.18601864723920417,0.3704164357994061
178.95000000000002,0.28420437244927155,0.3348480241433524,0.21839304730337492,0.18412767337624739,0.3771741738473144
179.0,0.2847105307502121,0.32826494009680834,0.21619194318773158,0.18835120869869926,0.38018809120360836
179.05,0.29839137987573466,0.3345378224730663,0.21793321167855073,0.18632788218227314,0.3796399747166515
179.10000000000002,0.30808882136613236,0.33476795383077385,0.21665181838388192,0.18990944866691614,0.38508922566730514
179.15,0.31829451690564786,0.3335848243475096,0.21474981619096367,0.1833434087873885,0.3796579132356253
179.20000000000002,0.31726935101051457,0.3416124757725357,0.21378785561368818,0.20325547875353042,0.38037958528800736
179.25,0.31789776676892567,0.34784169499502576,0.21782188013420867,0.20549472899577556,0.38544571980374204
179.3,0.31581310364784665,0.3454893512972432,0.2199694344141122,0.2003374847515482,0.39145832316313073
179.35000000000002,0.3192484513336999,0.3465087397338231,0.21729542834972876,0.19664931780882314,0.39651434098597566
179.4,0.31641074411707787,0.35045598637736225,0.22586444065298478,0.1923468245840638,0.4007894542535368
179.45000000000002,0.31652171181507266,0.34832477501248693,0.23522262964997895,0.19583960100458978,0.42038182264703366
179.5,0.31426172953136433,0.35291401960881424,0.239763799859404,0.1963228006460314,0.4191140745917439
179.55,0.320508894656066,0.35405045918879513,0.24825832370438358,0.18848676590173546,0.4210692227663012
179.60000000000002,0.3108960525488333,0.3591935926151614,0.2525813652197094,0.19157323102974558,0.42621254231829064
179.65,0.30763605714545217,0.3634906979494002,0.25895212138623147,0.19082280462685833,0.4245017402548561
179.70000000000002,0.30720160901113597,0.37137986787992305,0.2530768332075464,0.1929176177947721,0.4430470195622378
179.75,0.29887298064966955,0.3635922933557866,0.26069515915356645,0.2009882863894589,0.44400267995699494
179.8,0.301561456567366,0.36862389022101033,0.2655373403293721,0.1981163079019009,0.45151516676881903
179.85000000000002,0.30356492501726084,0.3670608469240827,0.26936497529789627,0.19903730862259908,0.45754452405916873
179.9,0.3059133484528406,0.37692513955442924,0.27186531439998063,0.19572988230566127,0.4614909331069596
179.95000000000002,0.3044442155058124,0.379779141454971,0.27776559038603454,0.19623844123854725,0.464576199297498
180.0,0.3035775826770074,0.38595592213272334,0.27370261210006547,0.19766652016909664,0.4772306954032195
180.05,0.2980468080016757,0.3806617737319359,0.27245067050762556,0.20242774167480074,0.4791740236018923
180.10000000000002,0.294216946551829,0.3791464339574651,0.2666597097492898,0.20741145556579424,0.48487755592844717
180.15,0.29650527502124874,0.38205212168208263,0.2666183172457507,0.20953618073483032,0.49025938655530443
180.20000000000002,0.2898316988873168,0.38480246782821864,0.26592461908812876,0.19868113015136185,0.48962762751409583
180.25,0.2913631024641596,0.39340827778466086,0.268112201345029,0.19710053849552364,0.4873039097018532
180.3,0.2881005783748664,0.3988869715901704,0.27070859947648296,0.20953792136918262,0.4956360117196936
180.35000000000002,0.2856736285840404,0.4021948786960589,0.2707293168225773,0.22096919316807356,0.5060768220399529
180.4,0.2763178885028039,0.40879696210447763,0.2634152566450734,0.21881909191135404,0.5107902439115706
180.45000000000002,0.2744613812046477,0.41792276324946387,0.2667770710668737,0.22429761306350957,0.4981381537703504
180.5,0.2714717678812316,0.42491560876740536,0.259208640184588,0.22013584812077017,0.50920375693577
180.55,0.2572441438895172,0.4340559993107678,0.26068044203835794,0.2278843187308199,0.509890823488791
180.60000000000002,0.2543594146933988,0.43350944007351616,0.26147080890797364,0.23662251760681893,0.5046110581383741
180.65,0.24897603934519863,0.42971656007008446,0.2537273591848581,0.2339823148534384,0.5076334770249505
180.70000000000002,0.24544053010356331,0.44320326730062615,0.24370297013885067,0.23106320806328381,0.5199312363541486
180.75,0.23952995779936287,0.4404635273193954,0.2390690590278684,0.23827924328208272,0.5147648526032105
180.8,0.23283688859979015,0.4384135217801363,0.23250746008671933,0.2441325167372626,0.5166543808024588
180.85000000000002,0.23140521060768932,0.4390056659139134,0.23165573213752197,0.23387272835946935,0.5129739920210644
180.9,0.22899560096364677,0.43886883931312093,0.2340003323087481,0.23428325156260296,0.5163215426985024
180.95000000000002,0.23086508304481843,0.44011695702152553,0.2343370875238492,0.23544404691276558,0.51986660947391
181.0,0.2336031705745676,0.4478410851094741,0.22261751281006473,0.22587571654684493,0.526994682710377
181.05,0.22901023495678838,0.44976307278782784,0.21410311933399756,0.2333573898683052,0.5275367123047499
181.10000000000002,0.22272354762440275,0.4405857192378647,0.21476535076545655,0.2246137242775368,0.5230913366092029
181.15,0.21633776054873222,0.4418803456607869,0.21027334129368225,0.23232299423867636,0.5323260515529483
181.20000000000002,0.2102932840903706,0.448907241953066,0.2088544320797018,0.23383448700640602,0.5365621970221872
181.25,0.20772877888900537,0.4491222983191942,0.19904582005471386,0.23153807485776376,0.532950830063094
181.3,0.19642238739294698,0.4481174241217349,0.19392382016548718,0.22704259080040945,0.5375235131376384
181.35000000000002,0.19680640092830495,0.44422313053376206,0.1857636956713195,0.2274586071957065,0.5379108533331101
181.4,0.19130981256189714,0.4462035083786785,0.1788302587712398,0.21837138178304613,0.5341684480128784
181.45000000000002,0.17876992722850585,0.44864337989518577,0.17291030954748313,0.2120870055392803,0.5254525277683973
181.5,0.18014883977959034,0.45225097817421206,0.17130154181347043,0.20724593177416806,0.5271759370226919
181.55,0.16811532801551612,0.44642734085948843,0.16737604854577193,0.20241001688897253,0.5317966511985643
181.60000000000002,0.16323089205050828,0.4555496639873592,0.16100098107629984,0.21299291585974411,0.5321092082660792
181.65,0.15335507091550685,0.4619680391336547,0.15584109903939466,0.21669926912060522,0.5328893251885611
181.70000000000002,0.15068712246484367,0.46603886240246817,0.14891591304038757,0.22845680730770856,0.5333308374494993
181.75,0.15173804196612112,0.4609326395599189,0.13773441585099921,0.23183314337650418,0.5282426622159802
181.8,0.14800597882952932,0.4653866857814817,0.13012981569824675,0.22779477959612282,0.5304303769046989
181.85000000000002,0.13473585387306267,0.4551976596725456,0.11784756703994408,0.23280666454359947,0.5269366386280985
181.9,0.12677591219327666,0.4615070252464951,0.10807529722279033,0.23242429174629947,0.5318216802345987
181.95000000000002,0.12216650253804938,0.46277880682260675,0.09112113942071902,0.23641543400834703,0.5207693008283066
182.0,0.12104446490897883,0.45832671401726827,0.08714997140847829,0.23533746240287942,0.5076765672032092
182.05,0.11717483523008636,0.4625141680909121,0.07378818877527361,0.228627918225672,0.5036179479503942
182.10000000000002,0.11367205113208272,0.45702619654242393,0.06886213895140385,0.22569029088031833,0.49945812048730764
182.15,0.11958766785962646,0.45312940702942395,0.06102617797584113,0.22560056034144887,0.49816154382708644
182.20000000000002,0.1207671699705756,0.4591917505405174,0.0594585562897228,0.21730458762902535,0.49254491024938557
182.25,0.10873428965447997,0.46241468720225953,0.05283566383874736,0.22282658158563687,0.48768330938449556
182.3,0.10721167854750954,0.45552525455735055,0.04901235436817801,0.22427521960691582,0.48419557909680205
182.35000000000002,0.09860651857978465,0.45891770912512764,0.04612538966358513,0.22407910663227493,0.47262543948909497
182.4,0.0942791383695617,0.46323836886650455,0.04237015547672739,0.23310169101186784,0.4667473153489669
182.45000000000002,0.09553587845408308,0.4652668096552671,0.03468831788293581,0.24071727064193446,0.4617627773624525
182.5,0.09233008018106068,0.45924619097648867,0.0323201338423758,0.235577912867044,0.45879695950447535
182.55,0.09123184364835527,0.4539579211098259,0.0315984555747074,0.23190157493207125,0.45958754143881325
182.60000000000002,0.0972448429255809,0.45866398359355354,0.02902819212777392,0.2213528861349698,0.4483481961305885
182.65,0.10040031921368937,0.44812458442104636,0.031221294990893555,0.2178286750929602,0.42625490181786285
182.70000000000002,0.10841370652455788,0.442333639186064,0.035551975081413584,0.2186679181891436,0.4180704301478377
182.75,0.11323405332854118,0.4421214523430227,0.04576334556382508,0.22234782985141605,0.4090980210838883
182.8,0.11324805779702701,0.4415226494774671,0.06061624958895774,0.22480749203360853,0.39935403967959676
182.85000000000002,0.12479691578164546,0.4423210638520218,0.07530342106233424,0.21590475937850376,0.37891492113928743
182.9,0.12687500696448462,0.4339265873599124,0.08496357596889342,0.21362132697906122,0.36664046803382644
182.95000000000002,0.1374111303323091,0.42545499459273817,0.08859549478133573,0.20332485770997935,0.3551365983968187
183.0,0.1365476767871954,0.42225294677306413,0.09673167989252884,0.19479027744026836,0.34410630145296156
183.05,0.14395972491907724,0.42235547320967837,0.09623505959841876,0.18925870990130939,0.3336851677805651
183.10000000000002,0.14317018371917298,0.42162817460954016,0.1082228802139474,0.20187699544192933,0.3373780561096345
183.15,0.1433573806951698,0.41591369645052795,0.11640190630121511,0.20666858658170384,0.33820910373319446
183.20000000000002,0.1492489352283784,0.42028940505521994,0.13529298539348744,0.18890609607908737,0.3271874660331217
183.25,0.15805734600018187,0.4020812990545788,0.14611844525462206,0.18475576504287564,0.32247998240687614
183.3,0.1639466660687922,0.40180329323777764,0.14889109678074236,0.18158497064960036,0.3160177752660709
183.35000000000002,0.16473277993347615,0.39927704687615356,0.1583419967352589,0.17935350146897258,0.3043376093424977
183.4,0.16088554286573883,0.3954508088132919,0.16297085091061123,0.17038007561179427,0.2817522289516781
183.45000000000002,0.17333182650020784,0.39321325369044396,0.17509493666142223,0.1653038837152035,0.26918617443254667
183.5,0.17612590011695506,0.3867302796045129,0.1836057480795932,0.16607206501757985,0.26084444193727363
183.55,0.1850047973522159,0.3790675841733273,0.19448090830920348,0.1607173805963221,0.2564098048651764
183.60000000000002,0.19268817589631324,0.37388448729093515,0.2024736755720207,0.16419165627183782,0.2503730574896907
183.65,0.19242597240091514,0.36815924862041427,0.2137928274371753,0.16471846227042974,0.24161672163917153
183.70000000000002,0.19513826023182404,0.368103686885508,0.22376606209686173,0.16273452464598429,0.24665911493451548
183.75,0.19559103589219218,0.3633471829600539,0.22819264987844856,0.1556733896322287,0.24250674852160856
183.8,0.2026283612095092,0.3547634811908065,0.23955005774157395,0.15624850267642235,0.24831822798441103
183.85000000000002,0.20417306209891298,0.3599918695528566,0.2571711747877713,0.15374262597676883,0.2439054520026333
183.9,0.21091588627378446,0.3642134513398851,0.26615797990518514,0.1525735401541398,0.24390010445474788
183.95000000000002,0.21413330837967862,0.3523685498473778,0.27425458140633063,0.15624862868658257,0.24017895943086445
184.0,0.2181956778941351,0.3484644804534854,0.28275485149686336,0.14909592410351788,0.24185359298808123
184.05,0.22991630858434967,0.3479686592275968,0.29208980060049955,0.14253586525922576,0.24206297306572766
184.10000000000002,0.23388115384295918,0.3347342240509879,0.3004660694108936,0.13655334591633903,0.23769291384688312
184.15,0.23129971141186323,0.32273061204173925,0.3049435619354215,0.13715958984784155,0.2380295848479106
184.20000000000002,0.23731671101494894,0.32415792680545774,0.3032423955941373,0.13285286788660836,0.23356450525071462
184.25,0.24802033414715652,0.32533338870551687,0.30297332844124747,0.13456054220247338,0.2328617471943091
184.3,0.2524806809456287,0.32577548866212835,0.3079338881740606,0.13609606014197018,0.22796198478408902
184.35000000000002,0.25538522774711175,0.32064157946698535,0.30264777301609364,0.13315492589064226,0.22126455753115187
184.4,0.2561053955947841,0.3182265123749229,0.2934127907551459,0.1316701424146819,0.22088649916003564
184.45000000000002,0.25814174119671945,0.3260914283559514,0.30164029312512697,0.1339264576865617,0.21937157934107826
184.5,0.25533556230862514,0.31999329156720885,0.30452898518582305,0.13888525094871157,0.21615006218541924
184.55,0.259737531615383,0.31658256964721876,0.31256896123374317,0.13953670549837227,0.2258031364819104
184.60000000000002,0.25703311337343354,0.3165584703246281,0.315332566367705,0.14034104270503478,0.22616494198358658
184.65,0.2527537148625842,0.31831371912430695,0.31477185252315065,0.13908193602213667,0.2230770130769167
184.70000000000002,0.2476318060191684,0.31607710617858703,0.31329517865757234,0.14480414185033225,0.23099360941733785
184.75,0.2531491995690196,0.31923593041618237,0.3123237625599844,0.13922830875766337,0.21705290596702656
184.8,0.25063428720471426,0.31807757169181133,0.3095523893688947,0.14093199354191624,0.20104593314848027
184.85000000000002,0.2531575399843197,0.3183745231031535,0.3177698499552018,0.14426477968342258,0.1902264321508801
184.9,0.2591568593951622,0.3173849918074808,0.32346557962685185,0.14120078677123868,0.19889331477808708
184.95000000000002,0.25376579901403534,0.31865733034518146,0.3211318847641543,0.14450098680949353,0.20967693881687927
185.0,0.24200621008541406,0.30954163320159617,0.3172739013001278,0.14822681066049545,0.2015267458772728
185.05,0.24808377640608975,0.3198218143138421,0.3183121355139633,0.1360199955998385,0.18547739679981848
185.10000000000002,0.24693045597795915,0.31328337418626795,0.31677613577219327,0.13573154938034468,0.18035366506050404
185.15,0.24668914446535822,0.31245403310362235,0.3058329444543953,0.1389295534017926,0.168020821993543
185.20000000000002,0.24181948955243926,0.3164072164661075,0.30681214200387313,0.13148698752003088,0.15906856672858463
185.25,0.23811705607290917,0.31551933245094793,0.3093181974369592,0.1348272915086242,0.1669263454581319
185.3,0.2409070941687793,0.31185343871800353,0.3014402854517415,0.12808935245416855,0.15367896164989406
185.35000000000002,0.23491695802396417,0.3079452071817275,0.29647400061473983,0.1302089450243737,0.1534221255497254
185.4,0.2298562885666608,0.3064798212806392,0.29015473915403756,0.129564074820729,0.1573460757498069
185.45000000000002,0.22185079846035863,0.3104574721524002,0.2800795133978375,0.11411255231731086,0.15913326825593999
185.5,0.22461270924756058,0.3077403847860073,0.26863457131557783,0.1133147666421298,0.1617924924155128
185.55,0.22164449872903863,0.29999626251867045,0.2641566813547338,0.10939247616515664,0.15415857348418402
185.60000000000002,0.22242247058476816,0.2855349343172194,0.2586403064930497,0.116407897182794,0.14767877407824903
185.65,0.21456649857306626,0.28495863534908333,0.25226283854000203,0.12239679199669047,0.14608436864817975
185.70000000000002,0.21421753137604913,0.2943908475550992,0.24363137379534372,0.11708563003280371,0.1370157543918046
185.75,0.2061775814690135,0.2825051228756853,0.23856197654628739,0.11763035938975486,0.1297080990100941
185.8,0.20519993767830552,0.27279399209326677,0.22839504763207405,0.12646925613569784,0.1180107329483906
185.85000000000002,0.20444288641635236,0.2736965987881253,0.22358204526637454,0.11797825982123429,0.10920563818016189
185.9,0.2026927521007506,0.2759880355052857,0.21768844309736707,0.11356895861165699,0.11657106816701551
185.95000000000002,0.20015554996461754,0.26689027702278895,0.21138135120146068,0.11218584066474253,0.1104629396230288
186.0,0.19869110709782986,0.2646457767271798,0.21893821832820257,0.10916207123061046,0.09829809032245058
186.05,0.18912992065579023,0.2552839402438663,0.22284327641588872,0.11166035147223902,0.09090323424424215
186.10000000000002,0.18656966865522212,0.2685440861919853,0.22010369418872286,0.10713207577497957,0.10405097978754878
186.15,0.18959627039222543,0.2660384606782747,0.20899257481757302,0.11547918647887195,0.10781241450884152
186.20000000000002,0.18573830352902979,0.26884577565615814,0.20688026795922443,0.11853538111847757,0.10932473357953544
186.25,0.18131070236756622,0.2683288982039444,0.20134878801100664,0.11668420991490638,0.10309384186455603
186.3,0.16474185080376794,0.269788740868622,0.194966689692249,0.12692122913157072,0.09210923519080692
186.35000000000002,0.16527547790962177,0.27525195936844177,0.18642503243277958,0.12767166765930904,0.08709339488161409
186.4,0.16778691162511117,0.2801209652080424,0.17509666730807383,0.12608814340643143,0.08477508863632194
186.45000000000002,0.16599181746607453,0.2759797206222714,0.1672216354449403,0.13225023361329794,0.089105869912008
186.5,0.17055184205573404,0.27103038067725344,0.15990815044719017,0.12602639049663328,0.09448529294341006
186.55,0.16133197914366493,0.2617292376957448,0.15343278482434602,0.12375666136022082,0.09451888446412228
186.60000000000002,0.15758070645818417,0.26176128912704716,0.15024399619295198,0.11503741690131367,0.09748442979765976
186.65,0.15516821863633382,0.2663845446110405,0.1418032252127849,0.1157758643797754,0.09254696504427815
186.70000000000002,0.15145674922429925,0.2680404602065665,0.13336275952490742,0.1158081467499176,0.10099679045932465
186.75,0.1458923013676982,0.2562355716940067,0.12863195308667838,0.12401782678580639,0.11797763601924798
186.8,0.1420045829633712,0.2560216170480713,0.11595785366486364,0.11009211621961987,0.12702490543078976
186.85000000000002,0.13407696214041623,0.25674248169046554,0.11000735458535732,0.11048469111047528,0.13733237953628447
186.9,0.12848003956906373,0.24743109349782508,0.1067624119456594,0.11469906361876808,0.13938577981237305
186.95000000000002,0.12302161554644053,0.24590659159680597,0.09615217556049913,0.11308102287372512,0.13366424443691333
187.0,0.11506010305927634,0.23743341545120114,0.08760397629344358,0.10711426785867663,0.13786967426138216
187.05,0.11669926986315887,0.2310155386385287,0.08170016518668292,0.11125520359556447,0.1456664439024903
187.10000000000002,0.10487409861643435,0.24068765387542643,0.08008819276797773,0.12188907804208783,0.14635689155428633
187.15,0.10209399937664616,0.23271583205382174,0.07570528957618891,0.1193974128403103,0.15599638157385964
187.20000000000002,0.10029370084053059,0.23011294205590468,0.0816147877892799,0.11951003540950231,0.15690471795602415
187.25,0.09108839759088552,0.2376081289590441,0.08358397771426104,0.12737246968999022,0.15845144171028736
187.3,0.09212695167973407,0.2347458372228771,0.08701496714595039,0.13036095920350443,0.16734581081895886
187.35000000000002,0.08465609993363846,0.23956476103195964,0.09277843234110505,0.12920986745757276,0.16523891725177212
187.4,0.08513009028649819,0.23640788602775528,0.09458068204513448,0.1399491951527611,0.17015312327370133
187.45000000000002,0.08200713592453608,0.24085946247650564,0.0954850704685142,0.15218956013452417,0.1660704570153238
187.5,0.07913403783048686,0.24482260405917164,0.09974585890313843,0.1511951322576917,0.17237126521045426
187.55,0.07089397937108585,0.23564902713898278,0.10022536440566907,0.14401686069838918,0.18224175147987803
187.60000000000002,0.06242614136334786,0.24483637885618242,0.10025681551490083,0.13571953507069892,0.1833859786019517
187.65,0.061553023559399136,0.24286309911336748,0.10733466035525512,0.145937740823565,0.18265446232449795
187.70000000000002,0.05777359201244269,0.24761801144480478,0.1200523796174734,0.14776424458541734,0.1846319895574438
187.75,0.05758130287229782,0.24634204122712197,0.12797795597983838,0.14543586530242544,0.18254054741238754
187.8,0.05571386927980835,0.2464518519410434,0.1380145844191031,0.156065214799778,0.18970007529811111
187.85000000000002,0.050228366713327095,0.24713047406468885,0.14452791923271688,0.16483046888816297,0.1854417943407097
187.9,0.04749158107012188,0.2504643590374682,0.14844511753368422,0.16237369777002583,0.18241201213152117
187.95000000000002,0.04437642132330112,0.25021978696363095,0.15785249024361653,0.16709765102127763,0.18902478142634607
188.0,0.04487647901609016,0.24811187661738066,0.1582427538990416,0.16874356448930675,0.1927253883043779
188.05,0.05167156280209625,0.24635798362501288,0.16232494203691408,0.1865921261379066,0.19934291435718565
188.10000000000002,0.048287497430474315,0.24699134348394175,0.16209909382778595,0.1802674495566569,0.20140313692587625
188.15,0.043864910533442415,0.24544173008527673,0.16764359367792664,0.1767539008138332,0.21172694484495228
188.20000000000002,0.044270270745243,0.2455247266270743,0.17209406415490908,0.1751200111173859,0.21820394683382052
188.25,0.04360665315826651,0.24229606694680694,0.17192729103568438,0.16979674306809045,0.22939168627761272
188.3,0.05207287811705348,0.24095304673870022,0.17720818078878078,0.16898085510621103,0.23369408917740642
188.35000000000002,0.05755668130592176,0.24087599573002216,0.1893432123610313,0.18043896156918088,0.24000576518348937
188.4,0.06461178054195497,0.2396131780286059,0.18962345051749072,0.18642059235998173,0.23428032841873986
188.45000000000002,0.0752110295194926,0.2428762865041822,0.19276738427905457,0.1776298747042632,0.23940490176611612
188.5,0.07598190029920274,0.24227840884112017,0.1999819116620745,0.17663916245760786,0.25208371423650566
188.55,0.07789661656649362,0.23705238953398577,0.1988603645663389,0.18511397078220118,0.24789138584093193
188.60000000000002,0.08120275028541958,0.2348523035552043,0.20616391573221815,0.18959887457066665,0.24600961772400776
188.65,0.08308093804750803,0.23329618854619333,0.20093064371761513,0.18769008939908538,0.2663381012038708
188.70000000000002,0.09332872549843212,0.23474700659901673,0.20895751455642117,0.1996373044413215,0.2697038837389483
188.75,0.09577227423703873,0.23177539971797645,0.21803617112144233,0.20534747880607168,0.2673050172103648
188.8,0.10433174009217061,0.23344341565526022,0.22170115510022012,0.20690514670718618,0.2693937362242267
188.85000000000002,0.10693477974044638,0.2338833482634152,0.22180152611990941,0.20901363382525529,0.2744943024164899
188.9,0.11000272460769273,0.23031916500739286,0.21957217952656927,0.20680589367824645,0.264197454607392
188.95000000000002,0.11432632139573146,0.2192877668127523,0.22133151210511565,0.20984473317588181,0.2635312251952254
189.0,0.1214404136901559,0.2233783761016485,0.22437252298016946,0.21133769729827284,0.2592697396539998
189.05,0.12548016583626773,0.22023211637137263,0.22192085555589797,0.2244896570483606,0.2612909996738366
189.10000000000002,0.12204815026623364,0.2218695942153415,0.22504664386638412,0.23470783366447068,0.2654151016544358
189.15,0.11972575281323738,0.23213553023593403,0.2296304541512527,0.2334332547364505,0.27210299467094756
189.20000000000002,0.1167808964392863,0.23631003079540105,0.2343944005137075,0.24061105822044102,0.27125963586179525
189.25,0.11408573310529305,0.24065932178692448,0.23598230679130325,0.23909362638934326,0.27366984802686306
189.3,0.11793474585341979,0.23527803934790872,0.2379327255578349,0.239056825830309,0.27336918827158835
189.35000000000002,0.12533186362302984,0.23120222354326944,0.23656615557715813,0.23786931727071536,0.27637571229887864
189.4,0.1338279585698895,0.22910015922313662,0.2300491320433658,0.23913825302406175,0.27914045210799515
189.45000000000002,0.14353874678580583,0.2352808948102809,0.22666191048886755,0.23739027221659245,0.2823015739970193
189.5,0.14485292680719858,0.22947436660523066,0.2237201850870016,0.2453572346975461,0.28614714100583943
189.55,0.15062618341979556,0.23114131709630045,0.22494669841173304,0.24032806771736692,0.2776579467963281
189.60000000000002,0.15635907226327458,0.21863550968853274,0.22336733291990798,0.2413792262835877,0.2788407793271588
189.65,0.15486832422365485,0.22344145148795871,0.2253808399109495,0.22992888109812676,0.27370436996956377
189.70000000000002,0.15977308118598949,0.2238595801688888,0.2245568599653679,0.23756723330281232,0.28640213513762003
189.75,0.15187780625467706,0.22601998638911108,0.22254741346563608,0.2385537902825152,0.2798933829567269
189.8,0.15099113923958488,0.22240172802736347,0.21568964583828315,0.2317792143736671,0.28229702602383994
189.85000000000002,0.15007199274970767,0.22794077351752134,0.21239456609160917,0.2305159930793764,0.2740312691900989
189.9,0.15548014407821373,0.22770125063837898,0.21732556599566905,0.2363383210035494,0.27552672560932784
189.95000000000002,0.15399086350529623,0.2215097426434033,0.21466927148272918,0.23628536296278907,0.2887222143473038
190.0,0.1502501366591222,0.218714771780751,0.21378465612604128,0.23953306363159696,0.2937963229293726
190.05,0.14700300946875505,0.21589888800091864,0.2087605485297867,0.24429378344199904,0.2916670487093375
190.10000000000002,0.14876824200695757,0.21973103789038703,0.20621777470517344,0.23896960399353936,0.2859640627559069
190.15,0.15274511186028852,0.21616807788617823,0.20598488445887211,0.2484498498431034,0.29500779347252654
190.20000000000002,0.144108458830139,0.220347604319081,0.19736346938814597,0.23872137770186483,0.30907301666450665
190.25,0.14123306993454554,0.22050768228606957,0.18980595834860925,0.24182048124840133,0.30871373245611217
190.3,0.13459201889001354,0.21935695620198623,0.18754253580111824,0.2375837250504442,0.3109798140742753
190.35000000000002,0.12321473894363921,0.22342583454490023,0.1845778490302935,0.2305872722901031,0.31286496113283957
190.4,0.12502389367915687,0.22040702782475177,0.17520585464529784,0.2410716541346803,0.320854167447417
190.45000000000002,0.11757031955689222,0.2240625179729163,0.17177523125407573,0.2508184916590448,0.3244158085397222
190.5,0.11936991691002936,0.2319836954250378,0.16156655342754273,0.2598210215883755,0.3249928816700059
190.55,0.11509665342516859,0.22864657283198192,0.15637151100938274,0.25341437955020407,0.33639567896129313
190.60000000000002,0.11088414079196833,0.24263922905575766,0.15352361086679076,0.2551428828128926,0.33140022440171435
190.65,0.11278045995830722,0.24126868505214003,0.1465163553837143,0.2503597967653862,0.32623702728406445
190.70000000000002,0.11572791302322379,0.23855846191440913,0.13937718226525642,0.2532969223347141,0.32669535378549186
190.75,0.11549631712509925,0.24718773811038014,0.14392953729932298,0.25261292163507876,0.33059375192027424
190.8,0.11927663924974129,0.24311637024474125,0.14046636312786068,0.25202372377982746,0.33275848777375633
190.85000000000002,0.11740410134205868,0.23939071867287856,0.13691747253584619,0.2541431480215674,0.34014910796342934
190.9,0.12002015300615228,0.23946512155797856,0.13150955248148388,0.2584563388751845,0.3412014699638966
190.95000000000002,0.11636429451497073,0.23756019023010913,0.12674871179991357,0.254559165019791,0.3374700448980554
191.0,0.10760944175354484,0.23882039120912793,0.11987905870792438,0.24716201658397505,0.33821061176072315
191.05,0.1095687933824754,0.24036456808416867,0.11703932365486243,0.2507551500093627,0.33569477702131945
191.10000000000002,0.10193360897073052,0.24018865455541713,0.10867432960012839,0.25599524295837606,0.33725971746517985
191.15,0.09994429747015275,0.2414411531716698,0.10437100348689984,0.2595301760426053,0.3328422566345167
191.20000000000002,0.09625436952125493,0.23975890056819124,0.09404767063165033,0.2557796190775323,0.3432382346881889
191.25,0.09766170618065986,0.2422290424693336,0.08802544075325043,0.2559798552750742,0.3465439486083265
191.3,0.09810845519349204,0.25178239186897516,0.09287407598837538,0.2661108371259101,0.33890096504225775
191.35000000000002,0.10576450208309136,0.2491167895658802,0.08881263741085256,0.26406584112266285,0.3425994156961889
191.4,0.10684511679391437,0.2542079307166439,0.08947253094125798,0.26787192610888966,0.3428216298812679
191.45000000000002,0.10643749833703237,0.2570015621120634,0.08539201349425221,0.25886226248875777,0.34640964376789435
191.5,0.10803906783234783,0.2608039850725909,0.08101807687950394,0.25946713518925507,0.33666207383272867
191.55,0.10600662637456107,0.27380685383325937,0.08303749020408609,0.2599758963828853,0.3345734732509546
191.60000000000002,0.10878057815975622,0.279270919532306,0.08741538569639723,0.2692666640169111,0.3267699741354733
191.65,0.10893584570554975,0.27738905306523454,0.08920051445939012,0.27089916260185487,0.3162866419071295
191.70000000000002,0.1039449817544432,0.26867030608319875,0.08710075002617407,0.271055754713772,0.3278154266329816
191.75,0.10169393465176474,0.26353155476699636,0.09231641247249378,0.2617250753792224,0.33083817980528873
191.8,0.09867126475915255,0.26040476672989277,0.08920941082123844,0.2577558746716891,0.32496660786419834
191.85000000000002,0.10233522429253679,0.2545031371174418,0.0880639926853628,0.25844464485714214,0.31039284124451333
191.9,0.09797657034561065,0.26664788869343686,0.08907047736723227,0.24555824333815618,0.30907223244832294
191.95000000000002,0.10049901339544548,0.26495323443604063,0.08798394787190494,0.24388820049341658,0.3090675683304586
192.0,0.09483969946426012,0.2708018762310078,0.09187500847920366,0.25285880451868664,0.3060231457540832
192.05,0.09731435452547446,0.2632652050687988,0.09873430986518296,0.24759321303715073,0.3030406470955398
192.10000000000002,0.10133865059776186,0.2578721707257631,0.10102557443444991,0.25125724992023424,0.2949845385641472
192.15,0.10615746340356803,0.2627934058054202,0.10299004207925914,0.2501922447880609,0.28902148753094176
192.20000000000002,0.11304477839419898,0.2639325349497143,0.1062547816622598,0.24406114274229088,0.2814780602892405
192.25,0.11475829553177948,0.2624908377896713,0.11095138059748655,0.25298571537859316,0.271180675718089
192.3,0.1191064193026059,0.26252529209986286,0.11610567572874335,0.25464590140332644,0.2808535616488324
192.35000000000002,0.12348847511992471,0.256167179271023,0.12875387310588907,0.2464287952406489,0.2676660458610404
192.4,0.12376282055823602,0.2612645346999491,0.13645646344753165,0.2461198821133575,0.2653099064793442
192.45000000000002,0.12511061085370392,0.2624399273040322,0.13952643433396947,0.24678032358721405,0.25552760267845803
192.5,0.11864739157031248,0.2620389150555457,0.1464090948506828,0.24572610107415255,0.24977347859961788
192.55,0.11700387404508276,0.2642970952366232,0.15070665188795465,0.24952870705317584,0.25598510453357226
192.60000000000002,0.12245585762802394,0.26923568357675937,0.15679881746181382,0.2521625521846917,0.24948174533955497
192.65,0.1277664422208684,0.2748252470098332,0.16593679407005518,0.25777152554576793,0.2329220598401278
192.70000000000002,0.1293203512383421,0.2785183826752863,0.1710830487604109,0.2657585845610731,0.23406369449557504
192.75,0.131839289448852,0.27156502229891033,0.17647660963157003,0.2692987575945278,0.2261508056029193
192.8,0.13997041673227098,0.27816538158357274,0.18334318910581465,0.2705822790786964,0.22167724171736644
192.85000000000002,0.14024955267509168,0.28070597564920163,0.18968521925542992,0.2770043075633747,0.21056700257410724
192.9,0.14150819705508344,0.2899985076639333,0.1864957274236141,0.27748178651813765,0.19618374770584698
192.95000000000002,0.14258411952692124,0.2868158817588649,0.18654770890133682,0.27650566411843147,0.19635123298295637
193.0,0.13770405687809098,0.2870698626366371,0.18947165304673463,0.28337471273525455,0.18936425633354984
193.05,0.13821873094793707,0.2833414849848069,0.18728833461664085,0.2827649680518273,0.1806250724888682
193.10000000000002,0.13531470813847074,0.28382107022459435,0.18457769815309844,0.2868475215426442,0.17543393697454812
193.15,0.13202013146477756,0.28503169758008273,0.19154644876533802,0.2865899776265177,0.16189728432998265
193.20000000000002,0.13034403717790158,0.2825533717010171,0.19916550151997633,0.2759933151433516,0.15587992260295996
193.25,0.1291676756725389,0.2849066570038117,0.20038182438582317,0.2836206903904838,0.14037003236868692
193.3,0.13511420390675385,0.28345826213151865,0.20405503077750275,0.27612565197023886,0.13605072835911
193.35000000000002,0.13018309394368696,0.27559797534790176,0.20625913080124847,0.27690604604149915,0.1356244892516102
193.4,0.14012094778314493,0.27444236944645106,0.21581577308270403,0.2656312116161266,0.14085126727634245
193.45000000000002,0.13749424781649183,0.27204427127369013,0.21682123955265312,0.27128372995457134,0.1363668631322744
193.5,0.13629596053428739,0.27521215299785523,0.2184421335971034,0.27497108679537025,0.13167668284479728
193.55,0.12850897508436002,0.279905308285689,0.22104886413596478,0.277126776522078,0.12977513466242965
193.60000000000002,0.1276184019621965,0.2815232650787122,0.22649703953605727,0.28408934860093704,0.12453873088710872
193.65,0.12971049211103286,0.28173764550407626,0.23223235751197396,0.28480072781107363,0.13071787261964327
193.70000000000002,0.1330903430602744,0.2817388441320288,0.24083117288924355,0.2800660788338071,0.12848395261137824
193.75,0.13129510741677997,0.29117637151236125,0.23867040881121387,0.2764956437296791,0.12123356708654622
193.8,0.1385410739453932,0.2836735558648739,0.24359448991165678,0.27055634337133927,0.12708093932015846
193.85000000000002,0.14106952622712532,0.2781476718470348,0.24749770770963203,0.27324961647400264,0.12799175977669638
193.9,0.13527208593736414,0.2753795144270546,0.2543629046333222,0.2748916540568753,0.12993867933625863
193.95000000000002,0.13692985508259725,0.2745735233660865,0.2604945387646281,0.27382226243449326,0.128425447181429
194.0,0.1309477857909551,0.27878712971575753,0.2623520503039662,0.29878680489548876,0.1343660810767031
194.05,0.1294217096820291,0.2848632264861327,0.25336431628249634,0.3005866893938165,0.13551379553800574
194.10000000000002,0.12580247260316538,0.2809688786765103,0.2508067400892875,0.2966232691562578,0.1319084673497477
194.15,0.1273649685007233,0.27842087118441616,0.24468864846313904,0.29293602497746685,0.13580389362130954
194.20000000000002,0.13805795222472084,0.2762404679622624,0.24391295707926708,0.2793050289841829,0.1489807760980377
194.25,0.1386154091837778,0.2666340197055298,0.25576512193022743,0.28135083021634383,0.1368905793953824
194.3,0.13255034806498758,0.26989898454114825,0.2514600681156247,0.293528008532375,0.14047187895521623
194.35000000000002,0.12718975965580467,0.267591225498458,0.2490140584595061,0.28959212925352884,0.13540855621435507
194.4,0.12030266056387066,0.2599635453371462,0.23744039011303827,0.29190236715250784,0.1317427065782418
194.45000000000002,0.1123433381178858,0.2533418332178387,0.23974711737889573,0.2847219851779004,0.1507394388990505
194.5,0.10976039786981755,0.25413278547337814,0.23833839098082654,0.2908018241636697,0.15964172145500408
194.55,0.10402981181481487,0.25630004935222583,0.24189254646216293,0.28707961288781897,0.1721129283347461
194.60000000000002,0.10366124403628754,0.2563033228679002,0.23167439278201532,0.2836063469630851,0.1709751723211845
194.65,0.1043717977652369,0.25064182656045003,0.22740173610863354,0.281447087088268,0.17651904278587807
194.70000000000002,0.0963420638236398,0.24294481584474256,0.22519805421129094,0.27632515524957585,0.17493715723388517
194.75,0.08640355657908114,0.2385606698900999,0.22569675271266612,0.27875599945747387,0.18093514331829239
194.8,0.07742973373407354,0.2449503245038131,0.21625701346641393,0.2780134478926891,0.1868321978422951
194.85000000000002,0.07305328453270468,0.24196121688550457,0.20970294548780608,0.2762089887676471,0.1923640537317545
194.9,0.06507452909017772,0.2535108411626227,0.2061877831924113,0.27451093450486047,0.20098463643349374
194.95000000000002,0.0552450465036047,0.2534100219113152,0.19814461157499877,0.27233914983349466,0.20676705092647826
195.0,0.05193741628405961,0.24599149678519674,0.18546503481383067,0.2751790365218677,0.21212091815599868
195.05,0.05001416285407433,0.24853427833706557,0.17931281972890636,0.2659108066737072,0.22127289986722787
195.10000000000002,0.05368462669782083,0.24240460509059675,0.16865808135309274,0.2723068051852404,0.2243214767514756
195.15,0.05177457155781736,0.24627477511709087,0.16853405103634514,0.28416265005276353,0.2261268397957198
195.20000000000002,0.0423263712717647,0.24823873381383033,0.15781916969095308,0.28533666767791305,0.22524209146658836
195.25,0.02998061599828924,0.25172306029624236,0.1482633710622203,0.281125563704855,0.23029233618897926
195.3,0.03309350746886203,0.24686354455492435,0.1345435325842873,0.276539164110274,0.23149340620633516
195.35000000000002,0.028601583869790233,0.24377890878448688,0.13405889251740566,0.2655823816236788,0.2321808512709403
195.4,0.021795010872020903,0.25121493038714676,0.12151954606281559,0.2711079416093452,0.23282920102812976
195.45000000000002,0.018544169602977067,0.2457393721360802,0.12098030641441233,0.27437783232329344,0.24893233215187896
195.5,0.017521114979478135,0.252836065079878,0.11720572139822098,0.2763482361128962,0.24876608616125634
195.55,0.021169107962494202,0.2537589836062793,0.1090043734484889,0.2736585489812051,0.2430586462982734
195.60000000000002,0.02410891186603182,0.25511720853467984,0.09624289192755786,0.2752833885200876,0.2453050892505253
195.65,0.02234169536848631,0.24901759407829316,0.09660509563506058,0.27899555994965275,0.25314982886576054
195.70000000000002,0.0226492101366067,0.259634927087332,0.09019409649744552,0.2713348513085594,0.2566216955644313
195.75,0.021149043362845423,0.2648019956495716,0.08303453967161506,0.27416583640785364,0.2489460386229671
195.8,0.0340592278621473,0.25940438728990056,0.07068970453979578,0.267551431537764,0.2570289792403837
195.85000000000002,0.04085463256140522,0.2644890923136457,0.061970254862649767,0.27027888476618744,0.25488310670466163
195.9,0.04403948646314393,0.26416814705079095,0.055499241549449185,0.2652377247753933,0.2581699540391501
195.95000000000002,0.057106651825021365,0.27303218653836536,0.04119655569899325,0.2607117542442498,0.25501492630587547
196.0,0.0663185073384505,0.271629362974082,0.033498901802259375,0.2593488558359564,0.2724106396718062
196.05,0.0742855466096772,0.2752053444571667,0.020462481700193793,0.26256130385260945,0.2753934219473229
196.10000000000002,0.07774788178690917,0.2744612483501336,0.021346142388610736,0.2695770481343225,0.28261019147498645
196.15,0.08512426019220552,0.27476956780509976,0.013149916086145816,0.265096958768096,0.28592814072560635
196.20000000000002,0.09604472547880943,0.27809722303777973,0.018982582131518537,0.25787585599168034,0.2873635031567545
196.25,0.1044703173251786,0.2741600915150515,0.022295005083659527,0.25754328876902904,0.29143273887629556
196.3,0.11363542319440634,0.2746767441101689,0.024359018404041175,0.2600022910202546,0.2867721994652306
196.35000000000002,0.11626654314739754,0.2861696514498452,0.029639363666669367,0.25335188546899945,0.28125719934379295
196.4,0.12343005519667709,0.28693131501305696,0.03216337332165218,0.25002234876502527,0.2814449037781942
196.45000000000002,0.12759758043672367,0.29461060629361596,0.03871880899140834,0.25805527862347055,0.2835707053571684
196.5,0.13210884871348177,0.298353329841958,0.04138341865241163,0.26191682780896297,0.2832128645978841
196.55,0.13674541403783977,0.2982715815287112,0.04923789862650698,0.2591048918741514,0.2801451047029547
196.60000000000002,0.14467903716497843,0.3021548792214366,0.06153979543544065,0.2574684110038437,0.28139657080344355
196.65,0.15130220895484306,0.302447212398879,0.06422544224581431,0.25470162434778054,0.28410052059283536
196.70000000000002,0.14835049714470855,0.30171710369940663,0.06872106181822624,0.25707139731887785,0.28917687696741995
196.75,0.1551843549855503,0.298807113119211,0.070405402338845,0.25443439275729635,0.3022450637234333
196.8,0.16309623126671097,0.306145560215591,0.07236825195032486,0.2576582401393306,0.30521525985363257
196.85000000000002,0.17013197322348964,0.30720467687925346,0.0874730878926272,0.2594691048375879,0.30855249610418206
196.9,0.1769275313101784,0.3098202939598202,0.09555096948498985,0.24603717808662945,0.3236048938664766
196.95000000000002,0.18586392000031252,0.30133211604333177,0.10251617789273218,0.2600709820885056,0.31665025800437363
197.0,0.19228449729823854,0.3099680585117857,0.10741005937885867,0.25873174941951377,0.31942830196883226
197.05,0.19835954918185306,0.3164506252078902,0.12119373504856477,0.25305527565213565,0.32641338440765205
197.10000000000002,0.2082397189930319,0.31552707432594546,0.12677199851461515,0.26396866630150295,0.32168213998199446
197.15,0.21433640363580747,0.31732969172461445,0.13302031087974692,0.2703110498665594,0.3229646386150647
197.20000000000002,0.21698304712086258,0.31598175164677994,0.14193005088746535,0.27211822712851175,0.33498243433490105
197.25,0.2214655699212916,0.3183995765931053,0.14577677106512205,0.27422792604263757,0.33715641994255746
197.3,0.23050092620429943,0.31368271179480817,0.14989954270024988,0.28223384060901546,0.3360746002330219
197.35000000000002,0.23205064329022676,0.3191695899391506,0.15098568224684092,0.2731455378194105,0.3322385016437516
197.4,0.23345931899255085,0.31887448938919444,0.15861259037979503,0.2764699906989141,0.33261082317545093
197.45000000000002,0.23727706983029861,0.3205743707487783,0.16569575105307366,0.2684732010750911,0.3475970127188073
197.5,0.2372334855941017,0.30935636069399564,0.17536241001954272,0.2759907890021894,0.3459669781709091
197.55,0.23604020640707907,0.31470488555897763,0.1855709168071306,0.25890856254260025,0.3478171756833637
197.60000000000002,0.24353670219279622,0.3129411097626408,0.1959526942090129,0.2566447781753034,0.3494562343522945
197.65,0.2429324454769653,0.316605806718781,0.20476197004558458,0.2462092632661786,0.3589714823246521
197.70000000000002,0.23736262736308225,0.3055179225545096,0.20783153731449394,0.24408797533589877,0.3623017587551288
197.75,0.2440184670486249,0.3062658549193391,0.2096719343846562,0.24564318528839893,0.3662289629932604
197.8,0.24865783057175436,0.3077633316510763,0.215818523615018,0.24578212384208775,0.3628153673052884
197.85000000000002,0.24970518082465465,0.30823195770576833,0.22287022070772816,0.24702488874350417,0.3644776344827871
197.9,0.2573913723090655,0.31465456686961973,0.23299037960691707,0.25294688439365093,0.3661942703673204
197.95000000000002,0.2663433173707698,0.3019257020292667,0.2383442291405555,0.24484311615295068,0.3777660242231924
198.0,0.26111887590242244,0.30029431247999444,0.24161174854913914,0.24194248914980446,0.38060137811601136
198.05,0.2638849771094475,0.3063664930967405,0.24549274961294368,0.24007164931644118,0.38560369077210593
198.10000000000002,0.26372889953862094,0.30114355823503275,0.24973932455207679,0.24003815898700262,0.38595803949071616
198.15,0.26211041832547494,0.3071976098992411,0.2558274289663067,0.24237413150055898,0.38645896825644904
198.20000000000002,0.26292112758259134,0.30437228749825673,0.25539484741574503,0.23095168259030233,0.38920576176186805
198.25,0.2632264915508755,0.30062881251122153,0.264594822256766,0.22640068243894657,0.3934217717677654
198.3,0.2612833844334471,0.29862795368220507,0.27101582313947126,0.2272198115816353,0.4079520987436197
198.35000000000002,0.2508058330630679,0.2992112383410317,0.2838047655609675,0.22698626999432703,0.41558529984444464
198.4,0.2503855542132328,0.30585144507701995,0.2957770706291062,0.23204908944495065,0.43280659043215736
198.45000000000002,0.25306624609343753,0.30437772870695196,0.30505032313802016,0.23188150327880963,0.43443987826653513
198.5,0.2486383956639306,0.30287124337830573,0.31634152700386015,0.2388623190542578,0.43332172781110706
198.55,0.24985104602824124,0.2972919183287268,0.32175675370962886,0.23571505530893946,0.44031068312162136
198.60000000000002,0.24871508039032322,0.2901810136907708,0.32485234626129544,0.23982697595298744,0.44239702066929354
198.65,0.2485959671667876,0.28743849542537964,0.3240913804759179,0.23969539895042707,0.45349144136129804
198.70000000000002,0.2468691585723198,0.28764138275999834,0.3211379878350695,0.2322419259169108,0.4598615042549096
198.75,0.24561277034860404,0.2946506551729249,0.3144875031571211,0.23561487907300674,0.45479215545860074
198.8,0.241203320912088,0.2920600972613925,0.31040499696479446,0.23744506566070608,0.45894696741583535
198.85000000000002,0.2461461755697104,0.29392072312774,0.3089673309501962,0.24367411448395598,0.4701001883346095
198.9,0.2358808235716169,0.2920582178127752,0.31462765986288066,0.23824838339677734,0.4648815168003817
198.95000000000002,0.2383568461722699,0.2833937608309155,0.3157098086642872,0.2449169557790694,0.46530527109831427
199.0,0.2337083292766009,0.2832515149588256,0.31628435045469155,0.24597780665517327,0.468903942790763
199.05,0.2380591025372541,0.2756687625889824,0.319151847627115,0.24314531521493055,0.4749893951586617
199.10000000000002,0.22870905385192608,0.27835912937543744,0.31527036268684927,0.22992369920052189,0.4837403358195816
199.15,0.21794257071815742,0.2758784647306628,0.3148780145065467,0.2348725019318903,0.4854091588183325
199.20000000000002,0.2188269253894546,0.2731469069639661,0.3065367605017671,0.22673818196652593,0.4901371148868327
199.25,0.2149191676013458,0.2655384628235276,0.2979821940715617,0.2216124066093634,0.4917405838196441
199.3,0.21576592226470587,0.26038534154431164,0.29156754602725715,0.22572816599390405,0.483235971881686
199.35000000000002,0.20310081594669702,0.25709800124400584,0.2813071161317105,0.22179348498167673,0.4887594229757331
199.4,0.19934870592761542,0.25360616330281477,0.26459859552518566,0.22184837202833116,0.4853862364337187
199.45000000000002,0.1940212460789227,0.24254587450320642,0.25382357894249064,0.21431389938333448,0.48280304565648374
199.5,0.19477881582382497,0.241640369870989,0.2429770220889984,0.20879560710432912,0.4804487554665505
199.55,0.1865934911189414,0.24467030459589692,0.24017462449611618,0.20692754418967466,0.4690676372111915
199.60000000000002,0.18238749856319253,0.2475819631168281,0.2260833484342566,0.2073966207080063,0.46495400492539224
199.65,0.17080987867616898,0.2425518642292436,0.21336424559499495,0.20248599128060754,0.46587970415044544
199.70000000000002,0.1712122603497096,0.22798271665878048,0.19684080738279194,0.19586311053121086,0.46307307455270574
199.75,0.1640360246381679,0.22371712503340793,0.18790618137747034,0.1779243441181251,0.4615658099370031
199.8,0.16100386295747643,0.21803691609990403,0.18463847423597562,0.1778771536923182,0.45682427188263774
199.85000000000002,0.1547788570867022,0.21930417413714315,0.1766421844100185,0.17490036477558593,0.4568074089117106
199.9,0.15498241218847805,0.210972921247129,0.17248540380949295,0.1651745603613213,0.456019252011597
199.95000000000002,0.14832935992599236,0.19797488807510774,0.1692910367427011,0.16279242692058526,0.4585086780323956
200.0,0.1485643037555842,0.19722938389013006,0.16190556779071288,0.15569847368866063,0.4538581674173752
200.05,0.14986597164202053,0.19885907208234213,0.14808794859267455,0.14818491976250198,0.44687772357123223
200.10000000000002,0.14363735062224853,0.19714655092363986,0.13908688313130463,0.14981511228976346,0.44276343778339017
200.15,0.1445199464059083,0.19221258837670616,0.13382933594425142,0.1427623811138304,0.4389997714369544
200.20000000000002,0.13918500327985878,0.1949400936338767,0.12635359155771703,0.14394441465565108,0.43933679848482277
200.25,0.13902751096622917,0.2003722747573619,0.11479917559429774,0.14290897901390218,0.4368002648784115
200.3,0.13655226625461667,0.19580129179622885,0.10736241772571967,0.14085444495626628,0.4428014143459438
200.35000000000002,0.12970810085587936,0.1912396443129282,0.09798589947280391,0.13286253102278858,0.43921709332239156
200.4,0.13026164832733486,0.1949085160999149,0.0914823033369122,0.12462554323851224,0.44484994024491153
200.45000000000002,0.1328053318566038,0.2013318896566346,0.09077108846703012,0.12097995087159912,0.4404002118859175
200.5,0.1322866405528479,0.20719171371851547,0.08513817776747792,0.12399597312875857,0.43839040642749694
200.55,0.12571582931554948,0.20625320212366913,0.0818754888751783,0.11148608667606155,0.43962811465927004
200.60000000000002,0.12852224817538752,0.2083000760420775,0.07955076180520862,0.10556896924830524,0.43697481578220204
200.65,0.1326822605581248,0.20590959061148073,0.07782340724066343,0.09874063326880823,0.44579003263189365
200.70000000000002,0.1388537785014985,0.20777053618344357,0.07489797730741024,0.08806300233404313,0.42376594445740684
200.75,0.13571454531174207,0.19681704220002788,0.06388689813393772,0.09442797243516118,0.4205626442494272
200.8,0.14049829212767914,0.19432953958640706,0.061829985975256685,0.09039754743994342,0.41109504762744264
200.85000000000002,0.1450750132244047,0.19556125515669892,0.0645587894892227,0.08893681377026746,0.4099071824260458
200.9,0.1461288500011246,0.20158767538819972,0.06993358400587969,0.085035922220309,0.41269238851846307
200.95000000000002,0.14926759605581913,0.19104790870673324,0.06402127249143683,0.09081639365415559,0.418156316812636
201.0,0.15316880862663207,0.19046977559168965,0.06195420272822865,0.08304331681297297,0.4184580230934585
201.05,0.1522558030110648,0.19661590132297385,0.06051611328441044,0.08977263812004439,0.4133485298638811
201.10000000000002,0.15726187185230547,0.2010895302076461,0.05910485964753022,0.08171739553489472,0.41339231254394115
201.15,0.1653959518039671,0.20697567696196842,0.05816626078727177,0.10222376257204754,0.41000191276653336
201.20000000000002,0.17143096712923617,0.20621630530124,0.06042222602071064,0.09780506701391332,0.4051999345599485
201.25,0.1791510188384806,0.20442565305621596,0.06646584446149643,0.09497804259033364,0.4026301046530312
201.3,0.18239237318112003,0.20945095352004534,0.07646267187639859,0.10852943876175729,0.4059189937618339
201.35000000000002,0.18612831315601688,0.21315498989008796,0.07597974030042307,0.09964265879599006,0.40114927571627046
201.4,0.1949241720907413,0.21111618281105574,0.0738914338354798,0.11285031330208076,0.40611760524018053
201.45000000000002,0.1961157037485997,0.20892569415414614,0.08041352181195482,0.1099074219539802,0.40573975912644494
201.5,0.20375160120745475,0.2167574208913619,0.07742751976775428,0.11082289054709887,0.3932180302272778
201.55,0.2130583901455733,0.22167940310880704,0.08457569015814839,0.10222766491037731,0.3898333252384272
201.60000000000002,0.22065773660333263,0.22392423612987605,0.08858406186932782,0.10259066366979343,0.3948048071145226
201.65,0.23171816008283314,0.21999120682369241,0.09588140662942217,0.10458675317361037,0.38740336834140704
201.70000000000002,0.22840711528706695,0.22200211621335217,0.09926139256741497,0.10007464890788957,0.3792089336556942
201.75,0.23760424718837367,0.21450023336240118,0.10447446042051924,0.1049278215939695,0.37945847305295594
201.8,0.23922026182577855,0.2210470174213304,0.10404811711170132,0.1036787510642688,0.37751302329556763
201.85000000000002,0.2405108670936871,0.2177974606597246,0.11211101742116267,0.10416100260255126,0.37339533989126517
201.9,0.2463741249197005,0.21757410448781414,0.1228530332903997,0.108109457383761,0.36478431138811357
201.95000000000002,0.25291561004852336,0.21624254612031357,0.12651818901564318,0.09583501191976829,0.3640409601379938
202.0,0.2621416872553187,0.21439845236635097,0.1351989013776174,0.09860365730708763,0.3548464634295447
202.05,0.258142073760843,0.20390232748634743,0.14398005411115286,0.10717416078124482,0.34921896548447795
202.10000000000002,0.26681601999005294,0.20707518678094033,0.14833428908298396,0.09314371461448472,0.33635996529059853
202.15,0.2655546096809394,0.20606431704410005,0.16055263515332024,0.1012132375027331,0.32548181604595866
202.20000000000002,0.27160415754846146,0.2037299748295851,0.1668658209076545,0.09884405554549469,0.31180737258818014
202.25,0.2897917168236381,0.19549379064028016,0.16895815272979545,0.08384607781285894,0.30319212087303254
202.3,0.29736755720399694,0.19825532090298834,0.16951777880581212,0.08292440961449206,0.3037188326111926
202.35000000000002,0.30230343983615404,0.19459315480858827,0.17697277209100878,0.0904284751670552,0.29902508525026317
202.4,0.31031326455302394,0.19741273506810583,0.18577474472292474,0.08072778263406617,0.3008147712336836
202.45000000000002,0.31183743383927603,0.18545444285483317,0.19009650918663334,0.08371723624783571,0.28343768237828487
202.5,0.3150997621222163,0.18870235542307784,0.1918424866306267,0.08229892321127834,0.2761466917197858
202.55,0.3188268578010996,0.1867662493217496,0.19217790987070088,0.07155616542131012,0.2785554712038967
202.60000000000002,0.32437240346020096,0.1788142355490512,0.20101775332123223,0.06701090818104667,0.28143663726514206
202.65,0.3241210276203603,0.1751300393967611,0.20040428444153646,0.05961002584652049,0.2662810456906237
202.70000000000002,0.32683777298733696,0.1689196480159823,0.19349942978176668,0.07212500152405267,0.2586474310397788
202.75,0.3273718586712278,0.16965630316377206,0.20249181978968167,0.06949894796885968,0.25278174390153646
202.8,0.3297296615904225,0.17047221297946719,0.19769726677920255,0.07275840883416324,0.24558571105879612
202.85000000000002,0.3368843630689912,0.17190267916533875,0.1995260125790831,0.07507731043049093,0.24532328172194895
202.9,0.3433119377581122,0.1672650817103639,0.19975828630566939,0.09150543345352063,0.23902593170694003
202.95000000000002,0.3432953832867517,0.1656543972580375,0.2049552020886734,0.08417125813808701,0.23442969652020373
203.0,0.34456790312865815,0.16441207394256938,0.21514730876229235,0.07726884691556002,0.2264079941148594
203.05,0.3451982266361286,0.15734711611812205,0.20635960662776703,0.0790614650693243,0.21822819080009448
203.10000000000002,0.34383735687158035,0.1589140524567544,0.21296854119573752,0.07012738905392078,0.20862886311174986
203.15,0.34456460484315343,0.1563419805539321,0.20790747343878258,0.06775332783313211,0.1972558742174329
203.20000000000002,0.33926745738459296,0.14584713933772253,0.2065693661960038,0.06549827077352349,0.18118914297248812
203.25,0.3455249452850758,0.1528513280156236,0.19702637467223247,0.06974834400803985,0.17654424162082685
203.3,0.34913355814058566,0.15367431837840026,0.19981519702413178,0.06595862481623292,0.1744482389878519
203.35000000000002,0.3496240988373314,0.14658175749535818,0.19082007955002614,0.07181974198676429,0.15915359995449943
203.4,0.34853841996818474,0.1408350278790731,0.18571660850596172,0.07453325618798429,0.16144579438922238
203.45000000000002,0.3390571933697166,0.13973052401896144,0.18411059193776805,0.0813524696686653,0.15616772411769608
203.5,0.35046819450465677,0.13495605116657897,0.18595170686274146,0.08073094166792615,0.15449290865228238
203.55,0.3499531096561172,0.14574312392584252,0.18338040053537574,0.08517927896284791,0.1551266172391126
203.60000000000002,0.35421540110167793,0.1410745573119364,0.17564350426401046,0.08915513975691218,0.14876012267390568
203.65,0.3487799852083063,0.1330233736387676,0.18215309318869727,0.08906456441954438,0.15561926490937672
203.70000000000002,0.3422227107862467,0.13617666285469882,0.17996995460406592,0.08549042092988812,0.16275363237313784
203.75,0.33242607889227876,0.13781076620209054,0.18591633604206323,0.08586241661316592,0.15767254798658914
203.8,0.32332461935516166,0.14017897725724537,0.18881756015711484,0.09039179150520844,0.1544157551005948
203.85000000000002,0.31815051607748696,0.13750482388159338,0.19202084445978662,0.08370114030701885,0.1667313520921024
203.9,0.31756046973040086,0.13283719169018518,0.19099058734488003,0.08138685165419453,0.16167284459726405
203.95000000000002,0.3157108105424271,0.13028163554210817,0.1866078374308339,0.08730783060992386,0.15225707702887156
204.0,0.31559820042375264,0.12224599034950429,0.18025657385145286,0.0926538822154911,0.15732189166308264
204.05,0.31727149076648664,0.12632571232689652,0.17466495276141772,0.09117642072086715,0.1544518393498827
204.10000000000002,0.3074909242606663,0.12459459426293198,0.1702430742799052,0.09210850485466862,0.161528604364106
204.15,0.30586635555494296,0.12567760008324785,0.16271135222489355,0.09528595761215758,0.164714392152485
204.20000000000002,0.3063226352693821,0.11888239585059229,0.15919019454541952,0.0978383586377359,0.17030518388613608
204.25,0.30672809105312754,0.12360510942492466,0.15905303277254954,0.10021923358577062,0.1697681822118319
204.3,0.30100239934089756,0.11545583404447045,0.15473772369519861,0.09629185916934509,0.16275999526119378
204.35000000000002,0.29106717771085944,0.11489238705412724,0.1515711499733357,0.10732481892338419,0.16872304581667225
204.4,0.287898189211921,0.11956161546821166,0.15036215955804508,0.10304211140286831,0.17475450514770444
204.45000000000002,0.2925953016104563,0.11660182940155508,0.14743987891449178,0.10743824224959006,0.16770419912825263
204.5,0.28228108810760927,0.10941703175296547,0.14891182167607694,0.11760451636725268,0.1634170797478284
204.55,0.2715944205738643,0.11448426132243328,0.15025187429711112,0.11626272529684727,0.15189326217758073
204.60000000000002,0.2776144210882923,0.11283044917831887,0.15104938138156923,0.1083575998673288,0.14846985421192097
204.65,0.2701630003561737,0.12569430804404486,0.1513180394466043,0.10472987202491771,0.14263613693297117
204.70000000000002,0.25856820743667097,0.11971322670493675,0.14509797978271205,0.10252982288846309,0.1418751624226337
204.75,0.25329167010694303,0.11814717196049868,0.13504273810725448,0.11494958526677079,0.14053152969087876
204.8,0.25384189964444503,0.10992543983040134,0.13007990949128323,0.11580974183467614,0.13010580947379477
204.85000000000002,0.2465688121336326,0.11267259592723815,0.13123057939070454,0.10828156952479187,0.1176956169360178
204.9,0.23064039545519976,0.11095342838036538,0.13494967117603884,0.11238765505087456,0.1246054656901879
204.95000000000002,0.22530260130709365,0.1162828005700201,0.13343717109749484,0.11321998177650772,0.12745813261485256
205.0,0.22067534020658505,0.11680140123650908,0.12784433950936797,0.11174686961092091,0.1191529643013049
205.05,0.21265614955361423,0.11207535198044795,0.11968927209565391,0.10740698549471844,0.12253189327413545
205.10000000000002,0.2114656904695359,0.10423342763775313,0.11681797471503126,0.10890258613175002,0.11487914985715005
205.15,0.20115438346247236,0.09824244800697957,0.11444416323016,0.11381108617906005,0.1075594600400829
205.20000000000002,0.19606352339727162,0.09266174208112186,0.1167564994717145,0.11100515239928667,0.09906288218490181
205.25,0.19523497667795278,0.08669670196579411,0.12217280536215055,0.10967178840017892,0.0964392256922557
205.3,0.18776953853020628,0.09518306593888395,0.1271721626460307,0.11177104045450502,0.09935675533791116
205.35000000000002,0.18451452226131265,0.0992007836002738,0.13469874051610295,0.11577908742351117,0.10105437824445801
205.4,0.17439435936017766,0.1103334846875312,0.13772799980408873,0.11317861422065163,0.10708509731662649
205.45000000000002,0.16591505068281998,0.12057023809117552,0.13654042097153324,0.11455581132951619,0.11138213733957876
205.5,0.15549778844353196,0.12686899230501025,0.1272355206938507,0.10964823301549595,0.11139694493821857
205.55,0.15124831609456188,0.12734306359481215,0.12695457644399327,0.11111226661689148,0.11116967432632381
205.60000000000002,0.14595380644593434,0.1196010611519953,0.12380642455140253,0.10685908818074073,0.09529803893188814
205.65,0.14668247367184045,0.111010602604105,0.12712078286557185,0.11266209434647861,0.08948616645285494
205.70000000000002,0.1403745294702346,0.11250890018988914,0.12506011473285417,0.11880701778603917,0.07930372405857007
205.75,0.13211261207027888,0.10964923356820487,0.13282616803686073,0.1103496480008915,0.0755725357632836
205.8,0.12514647402160706,0.11335406880403441,0.13765218533759424,0.11657386860987921,0.06206585556362675
205.85000000000002,0.11685305409237348,0.11396010207838021,0.13896810756280845,0.12429916931252885,0.058497371555878454
205.9,0.11583744257655865,0.11413331350240005,0.13838004555271163,0.12741039385404532,0.04657882896243262
205.95000000000002,0.10986379478402558,0.11212943185793739,0.14611220770559546,0.11969019544206685,0.04313057843177618
206.0,0.10700665095152015,0.10304515809906074,0.14980791903946367,0.12498007692588606,0.039384914943577744
206.05,0.10627819000050048,0.10728071082726066,0.15419602470977595,0.1316086916268736,0.03241841041977536
206.10000000000002,0.10386159663368032,0.10450706805741664,0.15423472538788632,0.12217785843064437,0.01872166528806489
206.15,0.10062459641567284,0.11039768681609084,0.153812519398302,0.1265270796106285,0.015028158682978554
206.20000000000002,0.09604782434345718,0.11327744296944929,0.1628226383256619,0.1229481954330572,0.011481041800805388
206.25,0.09896206399785372,0.11089181895099536,0.1705007012728259,0.12986935121892645,0.012347299752970949
206.3,0.10316081849483358,0.10734195834274496,0.17443323184852222,0.13348513012517205,0.005501705718984311
206.35000000000002,0.10822446870906792,0.10805702691296067,0.1768434316004385,0.14100641779587902,0.014667656629754578
206.4,0.1066925680220903,0.1141346390775771,0.17711427427701235,0.13748026773836167,0.009317876135564413
206.45000000000002,0.11086590421098917,0.12100803272391386,0.180322035143009,0.13263768479877916,0.005570525984991189
206.5,0.11931299971103002,0.10938843655169628,0.18728859224289612,0.13167723634740439,0.0068092348273951
206.55,0.12330957811010944,0.11678636963681757,0.1894251958073576,0.14206753301273808,0.008366240194892922
206.60000000000002,0.12824128622162778,0.11331111368349832,0.1939441207708634,0.13502035283126343,0.01244842612378686
206.65,0.12945999210567327,0.10698437553130215,0.19711509475890981,0.1450193017448241,0.02218097034964597
206.70000000000002,0.13509980911989977,0.10482120757527164,0.20656753774308992,0.14850926944965312,0.01974637801582082
206.75,0.13947277907545752,0.10824513412813194,0.21603073136934423,0.15276695005927243,0.020829135651538884
206.8,0.14568915872085908,0.11139039798346596,0.21745897115105445,0.16352127328416682,0.028376361875117537
206.85000000000002,0.147048516884245,0.11729258144886406,0.2187263810492188,0.1537672068193712,0.022212765788424384
206.9,0.14355205112248923,0.12052312987836006,0.2314094192604253,0.15798286660037916,0.01875113638292727
206.95000000000002,0.14985693254632698,0.11764068984616588,0.22522429936973773,0.16152595095015826,0.03297386869372024
207.0,0.1529456791232453,0.12394475173308048,0.23353860570340057,0.16317221160745457,0.03297106424121176
207.05,0.1643311216295355,0.12499385420635747,0.23867888639787035,0.15917188789839132,0.03357919421434101
207.10000000000002,0.16068820820374913,0.11948788012485366,0.236600570228385,0.14715186290194207,0.0379271911694667
207.15,0.16847990480398553,0.1322463705471242,0.23974019636910074,0.14774918755976552,0.03884740686477959
207.20000000000002,0.17063030094896364,0.12755893879680794,0.24274838645774569,0.14541818751021693,0.03059628084876443
207.25,0.17732727831425457,0.1386126101903447,0.24693195493567413,0.15090274848818633,0.03133398396412033
207.3,0.17580943829906848,0.13446456209204943,0.24732798198567352,0.16021700765120253,0.027605165319842383
207.35000000000002,0.18083211105111918,0.14208238364646433,0.2503530286561651,0.16108092481323583,0.02947283759132152
207.4,0.18894350671708715,0.14175818902100704,0.25445834036595494,0.16010511148639597,0.03923481653389743
207.45000000000002,0.19039953005268748,0.14449808252699567,0.25510091817955727,0.16449772464006598,0.037548948202661164
207.5,0.19421279642747352,0.14403031284384327,0.2501067194728658,0.1675964637422819,0.03847187468581943
207.55,0.20342145862642935,0.14579941758667272,0.2485222367451374,0.16464972047500567,0.033560844348260996
207.60000000000002,0.20181316993413212,0.1437826867886977,0.25267272054430795,0.17153416227346324,0.03374409375662721
207.65,0.2124515776987919,0.14738395532932352,0.25843125083125784,0.1677672116045659,0.0515318995721611
207.70000000000002,0.21803135879393537,0.14019533067987072,0.25517496996633054,0.16775603883855325,0.05468098676298448
207.75,0.22326196388009079,0.14845422146984807,0.2515535018810203,0.1703108555242026,0.057848381026080614
207.8,0.2255785011125378,0.15043460348404078,0.2498193161913957,0.16209564904957371,0.06346476356950835
207.85000000000002,0.22858576817727344,0.15159327704677852,0.24830227188939955,0.16688969888193073,0.0662439072614952
207.9,0.2293666650781418,0.15145441352936523,0.24018537632128753,0.17557769585377112,0.0632541606338823
207.95000000000002,0.2340761267761802,0.16249184390930624,0.23897410156722193,0.1756613300264164,0.05979213203227764
208.0,0.23072566032197228,0.16148947975071595,0.24265821291540185,0.16796905158440809,0.06059521123284713
208.05,0.23798491664739382,0.16139796774533785,0.23667942290749014,0.15859634843949397,0.06765033741058274
208.10000000000002,0.2366371577992532,0.17197142060889858,0.23042445294932157,0.16514859690447695,0.06324863460111356
208.15,0.23194936597435897,0.16783039795159455,0.23288048927104954,0.1544701623375352,0.06165935469289611
208.20000000000002,0.2340753950183269,0.1638532496487201,0.2350215004299162,0.15513606049620346,0.07017129925989866
208.25,0.23889257468027825,0.16114996032932255,0.23685866457247567,0.15318021792155193,0.06979589726285014
208.3,0.25049702002492313,0.15354330997530222,0.22606106365995518,0.16158333540240166,0.07022906546353036
208.35000000000002,0.25922060279090425,0.15723555304489603,0.21507650115125368,0.15624988095755324,0.07090899672212955
208.4,0.2599452438528294,0.15569694707125797,0.2121109615821958,0.1551285960923887,0.05970555860164547
208.45000000000002,0.2617105791037404,0.16320709109606796,0.21354968573539573,0.15217995157493197,0.05802294118500158
208.5,0.27054817076032817,0.161457158478162,0.20572989991400792,0.15019244035528045,0.06063677713414288
208.55,0.2743556223939565,0.1631921425840926,0.20672985111079928,0.15187782655665713,0.05633135199068701
208.60000000000002,0.28084883869992766,0.15618808975671244,0.20699573302109953,0.15044662159639935,0.06570501871429876
208.65,0.2873706738649669,0.15025167203743978,0.20031475645140367,0.15729774936894617,0.07207227289710401
208.70000000000002,0.2854736575013597,0.1484434777720983,0.20053398899546696,0.15859631014409864,0.06032481403635241
208.75,0.2839380907465328,0.1482228348611154,0.20268598961396386,0.14711587029894418,0.06851653039252739
208.8,0.27185255055490243,0.14457516183260946,0.19811860962676583,0.155707763896451,0.07284106610846211
208.85000000000002,0.27094395248377273,0.1442058241539534,0.18972743822053498,0.15678176857002935,0.0715889537486255
208.9,0.2748594374792803,0.14319095672794013,0.18834754458795577,0.1562392005545736,0.07645791166621653
208.95000000000002,0.2725207478922947,0.1383041904582207,0.18514031433716646,0.15768843218625164,0.07491035175193285
209.0,0.27109227294501054,0.13224543423021465,0.17374687582649184,0.16956593910053308,0.07811928693912774
209.05,0.26496959383042384,0.13446234718743144,0.1685351410744579,0.1634476277507308,0.07236377312402215
209.10000000000002,0.26781874410827233,0.13047103536022506,0.15621420467874442,0.15546489598762703,0.07299780012174253
209.15,0.265948140809524,0.13447951573002426,0.1480588273258556,0.15500274272530826,0.06774786267626048
209.20000000000002,0.26936035793186525,0.1358322908227882,0.14466347103730842,0.16715008098010226,0.05637772997653946
209.25,0.27536171500733847,0.13111437576829177,0.14143673051661138,0.16150943963797623,0.0506174851500997
209.3,0.28353212440041,0.13047843028000602,0.14208715283140871,0.16657640990095476,0.045885214346226416
209.35000000000002,0.2847969965935464,0.12523535043925701,0.13564172218427129,0.16983407512471463,0.04277806348617334
209.4,0.28304742133103916,0.12257778088538772,0.1224733142433464,0.16823169674331215,0.04568283233361757
209.45000000000002,0.27702121963021104,0.12266625658886406,0.12070132614671433,0.17661008014592938,0.040095397474139864
209.5,0.27297934143007296,0.1224839215840126,0.11676889213767057,0.1783318353381524,0.032434660436336804
209.55,0.2665189611192797,0.12377506167338545,0.11876745141598477,0.18822688941801552,0.035847262706621585
209.60000000000002,0.2653030685643896,0.1239015915288189,0.11236826427009326,0.18890111215532737,0.031033595570841555
209.65,0.2638680045561739,0.12172985397319178,0.11249607097720866,0.1818493818345808,0.04132316001499448
209.70000000000002,0.2637586053750942,0.11680089810465889,0.11055869764612157,0.1858558475515021,0.0386594348167373
209.75,0.26292200393939663,0.11310491758671849,0.10684945488592801,0.188107410938764,0.04737691470576338
209.8,0.26125617120589806,0.11709190133153259,0.10050134042541453,0.18264561912464716,0.05609547932535256
209.85000000000002,0.25912707107891875,0.11877427895568322,0.10099619069569593,0.18048642157955352,0.04945888863310984
209.9,0.26172965675975224,0.12187796886826399,0.10034573900423857,0.17421748703991793,0.0669266793590426
209.95000000000002,0.25800561847323616,0.11598199335733006,0.09779525589526053,0.17109377152449767,0.06763572578975885
210.0,0.25826845953086386,0.11670133933249284,0.09561611011576292,0.16682911178317014,0.0738091034908572
210.05,0.2543938552389457,0.1121380769861984,0.08872215602037249,0.1760423570515949,0.07716100275899504
210.10000000000002,0.2424916924793829,0.11590609430436304,0.08770297810767946,0.17686595310973927,0.07740728973507822
210.15,0.24453296138113195,0.11809147613237629,0.08317359890165826,0.17802090935092643,0.07948347709150451
210.20000000000002,0.23954359891715762,0.11707844488918234,0.0747261618698233,0.18614001210330255,0.08728029272932919
210.25,0.24999724287548905,0.10302954490833342,0.07778105311208017,0.184027395102241,0.08966297463984675
210.3,0.2476297847048651,0.11496345994593254,0.07878893795683341,0.18679277166725713,0.09762156619454532
210.35000000000002,0.2491725490216841,0.12097787473440297,0.07848695438986875,0.19258583677801472,0.08635300438282165
210.4,0.2432871099605366,0.1273057128422208,0.0775128760343496,0.19775421915806443,0.08693808548315389
210.45000000000002,0.24344572624873134,0.12295822268480551,0.07364883534365116,0.19679107117048036,0.09422447052474957
210.5,0.24084051912387325,0.12307155061949385,0.07277344596788295,0.18786100187420932,0.0958487511499148
210.55,0.23590748679555096,0.12028352031222435,0.07373455952470105,0.19347398921042053,0.09763800587361549
210.60000000000002,0.23784122127757756,0.12246445064486641,0.07780999630371496,0.1973139391160082,0.09713190162797655
210.65,0.2308220828320295,0.12203901087602918,0.08678200596867937,0.19639516093652462,0.0917100195179324
210.70000000000002,0.2247537015337406,0.12226812911997118,0.08711047691532996,0.1901903827557184,0.09499015249577968
210.75,0.22021141277360554,0.1199177255028295,0.09178333403018743,0.1964433965367153,0.09555462893559924
210.8,0.21407751606082998,0.12107739781291048,0.10577554684396896,0.1852438353027345,0.10126025766172404
210.85000000000002,0.20839047000262345,0.1223986667285015,0.1178049330382438,0.19185572021971803,0.10007150003675593
210.9,0.20505507739486895,0.13264470997072644,0.1254737710659306,0.18903978006217428,0.10182042266631733
210.95000000000002,0.1939835948353627,0.13641695270672566,0.13515282486829217,0.19272311548590448,0.09811292107858086
211.0,0.19989716260313736,0.14335088726456174,0.14522762148708526,0.19278707893770244,0.09619267061453951
211.05,0.1957620338291135,0.14337162400697762,0.14818698244699324,0.1980498982676548,0.09929617897535196
211.10000000000002,0.19144708481887407,0.1441003756334717,0.15348810041967043,0.19389196691617988,0.10613393860588327
211.15,0.18507505042178715,0.15652859412434347,0.15641869886245424,0.19077512069636035,0.10423601321292848
211.20000000000002,0.17930329334835723,0.1631434389763823,0.16181778061290442,0.18729890909278052,0.09654711263029397
211.25,0.18202827416802997,0.17232183707625592,0.168855729469749,0.18322564165639577,0.09199343339705877
211.3,0.18184285966363994,0.18547082174627283,0.17721214550199446,0.18253774515602017,0.09613519643138894
211.35000000000002,0.17927500421322687,0.18418566570172,0.18273587434421018,0.1852941282765946,0.08965073702327592
211.4,0.17884478131336018,0.19245725163908112,0.18612508483332219,0.1920253866290382,0.09362483012952623
211.45000000000002,0.1770598676864809,0.2008935493908657,0.1885893358186011,0.186109267122216,0.1007815836524153
211.5,0.17110973425838436,0.20275029972912872,0.19131768030696555,0.18722973920500965,0.10202369298115775
211.55,0.16572098390869358,0.20768526671525803,0.19041835060801318,0.17842329028341794,0.10026339078628142
211.60000000000002,0.1568950934618661,0.21848647762632353,0.19348293225033267,0.17953142039595596,0.10278682232314326
211.65,0.15218746554123141,0.22444954881441623,0.1925355520543905,0.1812020703340367,0.1079707607683093
211.70000000000002,0.14990405613906796,0.22683060501160165,0.19372756148960912,0.17867431260486386,0.1120098361577369
211.75,0.14677203525622054,0.2270552627272418,0.19766832867697687,0.17894117388392544,0.11932862281251
211.8,0.14616106498178208,0.2302897945776639,0.20818431764340942,0.1775567095593012,0.12350302070780336
211.85000000000002,0.14064636327564778,0.23062593470578574,0.2131258313793068,0.17913249955817634,0.12313233756084972
211.9,0.14905112925194364,0.23618996719286944,0.22113141995040475,0.18862855467679251,0.11819100908930237
211.95000000000002,0.14936746693233896,0.2414272649149525,0.2147350702896057,0.19401480088069753,0.13249730848044633
212.0,0.14124069312632137,0.25969281592782867,0.21771343892070077,0.1887554544205526,0.14422364133551976
212.05,0.1369804823670731,0.2684061951253329,0.2155156868603076,0.18695505461605422,0.15098280674486503
212.10000000000002,0.13420609814438964,0.2714917740693892,0.20748274552178297,0.18249496745490026,0.15219564320767967
212.15,0.12748225008062453,0.2781062602154426,0.21249947951981213,0.18225226577848225,0.15255517585053624
212.20000000000002,0.12006532491120916,0.2829099248905831,0.2067100090409994,0.18629915977322042,0.16107560659308204
212.25,0.11877661003589111,0.28856618572144294,0.21536107699709553,0.1907238275256605,0.17118945497157942
212.3,0.11408593922183469,0.2923047355462599,0.21904868346529358,0.17579630838798466,0.1763108258831293
212.35000000000002,0.11096724546673346,0.29339164397262363,0.21202702159277192,0.17758419539089457,0.18350914167278662
212.4,0.10639470148612819,0.3013696428096483,0.2101914641909878,0.17099520705998206,0.18029131414486216
212.45000000000002,0.10429023981632116,0.3031916079724738,0.20858337758741233,0.17363222565237282,0.1976581017444101
212.5,0.09740262324066296,0.30219476451458543,0.20999987493091377,0.17831841256859873,0.19422732614486932
212.55,0.08370457032211734,0.3096169561156097,0.21787127920609922,0.1845883598403196,0.18972829710527156
212.60000000000002,0.08720070425388948,0.31327677816388694,0.21626490261446563,0.19315703335202034,0.18912474457629827
212.65,0.08411750425285959,0.31919408039388525,0.21811182745552762,0.19044101742018368,0.18929195215250388
212.70000000000002,0.07904423900095346,0.32163717992779933,0.21846170241224847,0.1885585054054079,0.1831230597297441
212.75,0.0783728483061351,0.3208357822351836,0.21510232267908017,0.18714885797677144,0.17707860522810215
212.8,0.07643798091249698,0.32927666080741097,0.20737480506435338,0.19042807416354324,0.18762542184022435
212.85000000000002,0.07316445713529336,0.3314295915493684,0.211796614110061,0.18918841799920652,0.19696431233946382
212.9,0.06497460533378693,0.3307294092917286,0.20979416245661273,0.19292560703368214,0.185579316882172
212.95000000000002,0.057497791452895894,0.34224600647376996,0.2167646746651692,0.19929328900377657,0.18495159753115276
213.0,0.05521691446059462,0.3427910762885532,0.21113905492979557,0.18918910046245796,0.1882779776924186
213.05,0.051818228635741106,0.34339000920827784,0.2148077478622387,0.1916578395746571,0.1916080472608713
213.10000000000002,0.05161810451051568,0.34745356642441655,0.2116564482527833,0.19097780235032533,0.18753221820601257
213.15,0.04684942371816847,0.34870761602925626,0.1994510975264385,0.19971233798401491,0.17965229447074507
213.20000000000002,0.04402643013572746,0.34352101649669703,0.19692637830312357,0.19097851633949062,0.18380331048923804
213.25,0.03940710564550873,0.34453294662800765,0.19471077529446693,0.18546804708968415,0.18034837166253084
213.3,0.03836029560342592,0.33593144112696605,0.18393127745820118,0.18424964009639366,0.17517967282447072
213.35000000000002,0.033612969867271546,0.3336897134032717,0.17690919559219104,0.18536736251942953,0.17516102023715455
213.4,0.025735412294586837,0.34020989544681407,0.17788947897786486,0.17775513248189073,0.18781304147896813
213.45000000000002,0.025009630190895284,0.34415977280906246,0.1779098349350699,0.16906544564550932,0.19390276006959287
213.5,0.022748785165282597,0.3509969850293507,0.1791944471071337,0.18168728975798468,0.1910430678005148
213.55,0.021349019332906023,0.3463919221786117,0.1755886325800869,0.1920216272610605,0.1884374043267573
213.60000000000002,0.015355035107088409,0.356876013771383,0.17164691557685965,0.1892761958618569,0.1970752392622478
213.65,0.011889761584892635,0.353856903920542,0.16964856107599266,0.19681500878687766,0.19523210826454848
213.70000000000002,0.01703083709062866,0.358313510742252,0.16378588355816148,0.19031579750078118,0.19379576564008175
213.75,0.016924396144568355,0.36325116766896604,0.16260243587205706,0.18353884756605357,0.19393900015372506
213.8,0.019255893531283,0.3584112719591984,0.15693810001720193,0.18622926096950357,0.21175229602495657
213.85000000000002,0.01913731784782473,0.3648711331388893,0.15584880674603444,0.1810358609342503,0.20696541453173603
213.9,0.023399861211622883,0.35482797638708236,0.1529132941196463,0.18475249923310755,0.21478522730051847
213.95000000000002,0.03432478914728542,0.3577284300948101,0.14475283492495708,0.1931675425504724,0.2101355608250659
214.0,0.03711471170621829,0.36133434538713477,0.1419573594762334,0.17989791732094365,0.21647256465253326
214.05,0.039342313760441214,0.3617727787443813,0.13759165778721966,0.1909199167087395,0.2283982589629808
214.10000000000002,0.039441537746441505,0.35947405699267093,0.1355728615127949,0.18985479140115236,0.23025544117175525
214.15,0.04504948271309561,0.3618090797290749,0.13220470945937396,0.18743299165413654,0.22886479552652844
214.20000000000002,0.05270728387729344,0.3616735052911237,0.131402913028035,0.19365512351387426,0.23366258980762758
214.25,0.05957806451543251,0.36396888349180456,0.133237430439665,0.20101811060313918,0.23831330713817975
214.3,0.0676108055334154,0.36960000872769155,0.1275252473682831,0.19740727431208785,0.23909769458693833
214.35000000000002,0.07707723622760168,0.3662351553959445,0.13616939520104648,0.19571902100694166,0.23968734030009745
214.4,0.08767775409529402,0.35412207922233774,0.12469224100084504,0.19833547934383708,0.2440183534305732
214.45000000000002,0.08851600950524867,0.35457931090695793,0.11717913109403368,0.19223091221141667,0.24361661914058316
214.5,0.1021244192290493,0.3560956319090122,0.11829181333169411,0.18808031863188862,0.2543481051532513
214.55,0.11524837316824776,0.34802420408634743,0.11506917454232353,0.19330327981394516,0.24965826723492873
214.60000000000002,0.12042609106922086,0.3385501733916099,0.11390894246180035,0.18325823541554714,0.2561354816301674
214.65,0.11667797884668593,0.33996347079583483,0.10865003571638901,0.1802785680241483,0.2632874537574263
214.70000000000002,0.11733681552742338,0.3378926532867833,0.10077091847441862,0.18350082636094817,0.2646042474374949
214.75,0.12398537240854897,0.33583536216196685,0.09854586036365354,0.17997185302866386,0.27799960826973097
214.8,0.12099806488365922,0.34143008620081794,0.09265385111187145,0.18807179122985446,0.2866569756243617
214.85000000000002,0.12245608813837003,0.34010380065062934,0.08832804827005862,0.18749704118045066,0.2817766268449665
214.9,0.13179042811935093,0.3307434327578139,0.0804585442173858,0.19125765548719448,0.28840590170717223
214.95000000000002,0.13859198633529718,0.33373712579654496,0.08054205409668055,0.1926164990923683,0.2875909005889557
215.0,0.14679639013416904,0.3351763099759189,0.08210671519383611,0.18660839830648798,0.2930871390412686
215.05,0.14910637702919596,0.3314613626102963,0.07701809904193933,0.19122941407230984,0.2874723874889307
215.10000000000002,0.15709142122436295,0.335845582059307,0.08146751626713887,0.18665647768024946,0.29032377790611263
215.15,0.16700251348620182,0.33308295591903336,0.08230520218729197,0.18911958024286785,0.2883053434671337
215.20000000000002,0.1749690615688337,0.3279348057997132,0.07935736685506734,0.186981922789825,0.28367111529756595
215.25,0.18284768857735662,0.32964150854767843,0.08514146322532126,0.19481137025941417,0.28826923001688737
215.3,0.18801391913198695,0.3274257750044523,0.0906110610593401,0.18320222144588844,0.285955355162396
215.35000000000002,0.18913705111519027,0.32960395632841766,0.0875826931397259,0.17845060514398906,0.29095993387389757
215.4,0.19936287032194064,0.3209407923326925,0.08973672762773045,0.18485507881205818,0.3020693454662954
215.45000000000002,0.20539831310932652,0.3271136476154671,0.09241193404726217,0.18589177539257404,0.29847300559361806
215.5,0.20966347315579598,0.32073943558984425,0.0952297782661793,0.19361308537498656,0.30846292309615087
215.55,0.20748930198021368,0.3181844172064072,0.09720551914497612,0.1936254085030866,0.313553136616308
215.60000000000002,0.21506963354872566,0.3147710626223474,0.09582320458490971,0.18916070462556886,0.3110088674426498
215.65,0.2231132255386108,0.31422891701404965,0.0941988583088789,0.1891444696182859,0.30854412884071525
215.70000000000002,0.22841597272611391,0.31614520125365375,0.10305060782614466,0.19663131397213732,0.3106469284500016
215.75,0.232031550935478,0.31191801969605254,0.10269210988381709,0.200266480827966,0.32492777852520865
215.8,0.24065423629028887,0.31457109337206746,0.10512480901939074,0.20094021689194438,0.32860358018577823
215.85000000000002,0.23696621163196155,0.32056178753160713,0.10803034590556995,0.19065116258213627,0.312790426413587
215.9,0.23589307956598884,0.31784999612528037,0.10678138992448494,0.19871552685848579,0.3114970746354108
215.95000000000002,0.24301327400406142,0.3130802430077697,0.11129441174955965,0.1972573615316632,0.31502461212483496
216.0,0.2485929162062177,0.3189294571405322,0.10893776110260908,0.19576412755425682,0.3170179309989009
216.05,0.24938654405152955,0.31544309167405804,0.1116581461592125,0.20285962617518474,0.3327586981019677
216.10000000000002,0.2582859039213305,0.31344935662809137,0.11624222393351921,0.2013553790329673,0.33610589652532735
216.15,0.26120342363814836,0.31271839234362064,0.12717061671430005,0.21199960670531426,0.3396620013163759
216.20000000000002,0.2583940960896718,0.33208675722434694,0.13933170345143014,0.2114210379778572,0.3483390430232356
216.25,0.26384494077451853,0.32929016490428487,0.14573019729463066,0.21397423990457567,0.35922825770605965
216.3,0.25858644197390057,0.3312685243609088,0.14625221230713584,0.2153852694171483,0.3636601861278592
216.35000000000002,0.2648544527527189,0.3277150628945101,0.14779079516887197,0.22051750220075225,0.37987700449516937
216.4,0.26243963856511954,0.330550361668874,0.15822017105400582,0.22289640875547811,0.39328946394438186
216.45000000000002,0.26924766971696834,0.3309756262152763,0.1630057923282025,0.21990696354057157,0.3938583257854039
216.5,0.27562592269827235,0.3349913567517429,0.16952840890569565,0.22032063823600817,0.39153475852401104
216.55,0.2823670707660955,0.32943649004291387,0.17368592411946282,0.2171350111432205,0.39220260775749144
216.60000000000002,0.28183872610632965,0.3303404803661471,0.18649573178181453,0.2166374782109024,0.39524178281234135
216.65,0.2886799078877962,0.33584584735374096,0.18577263771437105,0.21481860985015203,0.4031241249756083
216.70000000000002,0.28885186941935403,0.3368880030317021,0.18186626915058862,0.2113979546176547,0.41013458342357806
216.75,0.29067689860618556,0.32389101342815535,0.18157845299616582,0.20874993408478798,0.4080681138547143
216.8,0.2869846355274822,0.3350917297925953,0.18065809927248083,0.2015898270661957,0.40206577807380905
216.85000000000002,0.28648728175016497,0.33891534015654884,0.18189890394583946,0.20171547968215822,0.4172505088392639
216.9,0.2868789796583289,0.33584648630804476,0.18395845544398368,0.19992045380068246,0.41141952610019317
216.95000000000002,0.2846962039746028,0.33812160882092,0.1882517171677106,0.19620347820442074,0.41770736426347405
217.0,0.2827135045190657,0.33934996231985937,0.1930222359064806,0.19529344147776087,0.42756559878995354
217.05,0.28353745289367477,0.3350434378535036,0.19692006534926357,0.20253165152554187,0.4380303433994861
217.10000000000002,0.27367987206142314,0.33625450075605756,0.2018863350637954,0.20074655131215102,0.44535990809500314
217.15,0.27886466861229503,0.33626836249789843,0.20885029608373215,0.1994746677756689,0.4468106460988729
217.20000000000002,0.27938910425422736,0.3440383213300426,0.21004435311583428,0.20271517687375104,0.44513164206729944
217.25,0.28048567576762473,0.35002624258433823,0.21319888795766453,0.19642948190443696,0.44256353661164066
217.3,0.28215463418403436,0.34709990509643807,0.21514109567710873,0.20905805261712307,0.4464918331668495
217.35000000000002,0.28362879136821856,0.359075295281043,0.21641266483071903,0.20838162133446114,0.4357943621518674
217.4,0.2869560499932271,0.3584221477134841,0.21587593878157516,0.20254758557257105,0.4534657025696203
217.45000000000002,0.2802080160826663,0.36452096550653335,0.2204679685850052,0.1939013817902586,0.4506873197320983
217.5,0.27979418467685163,0.35953805334475497,0.22207277257520966,0.1963970688918439,0.45234064144878255
217.55,0.2840626065004728,0.3464713450780845,0.22125497387579446,0.19548057919472525,0.4615221970663281
217.60000000000002,0.2797196594638176,0.3461704352945835,0.22098376714606532,0.19963015849399804,0.465025024198552
217.65,0.2786307930831105,0.35431329476804085,0.21953054950856984,0.18999568936151098,0.4665094233935948
217.70000000000002,0.2745594452322474,0.35276213900592085,0.22148027714486984,0.19719740339585348,0.466463324197402
217.75,0.2679908739586837,0.3508825624233103,0.22341554405569436,0.19905509631936788,0.4654789243342207
217.8,0.26251316676241065,0.3580133654015093,0.22542205058488682,0.19664460080045734,0.4751498571109923
217.85000000000002,0.2564428825490208,0.35812915313825733,0.22311745357285973,0.19719467296148688,0.47679787459423484
217.9,0.25047718122805135,0.3473719198050916,0.22667043776730217,0.19649416166068664,0.4779100731937763
217.95000000000002,0.24828130142761157,0.3466672500999894,0.22536910359785603,0.1891720547571645,0.47854278422839397
218.0,0.24066944871974344,0.34560818334441124,0.22275887847061243,0.19443648535791191,0.478029887779344
218.05,0.23951901165011472,0.3405186451778749,0.2229529883624991,0.19348665137851748,0.47518435614274634
218.10000000000002,0.2372757582768598,0.3428334153785213,0.2138522649474293,0.19216242267878095,0.47908462809303026
218.15,0.24436958326331604,0.3417590831946074,0.21223906831308173,0.1870427360446903,0.4820499928275465
218.20000000000002,0.23647976606085044,0.3332162370039736,0.2136210871836373,0.1832677075981395,0.48072923112565386
218.25,0.24086342754913925,0.34057626770537064,0.21475206038412953,0.17666953895410978,0.4694279893419557
218.3,0.2373033365817217,0.3398107841572724,0.21599543538896215,0.1808700914243652,0.4659165074377426
218.35000000000002,0.2354275754179498,0.33823792544340964,0.21551896887591318,0.18536784093435185,0.4721391483429823
218.4,0.22850525091199383,0.34116724443398616,0.20714474491150114,0.1938727263097466,0.47559306799030643
218.45000000000002,0.22333120398183715,0.34014921540928994,0.2063001258878786,0.19402343246736814,0.47284129299881666
218.5,0.2265094405931968,0.34780172684513083,0.2032385265481178,0.1972905421020634,0.4631704647546507
218.55,0.21756708404067324,0.34905581461955876,0.20232338889795426,0.20613371162500788,0.4564554543362934
218.60000000000002,0.20972446013042503,0.3547052804753684,0.20556388710547713,0.20296856969543914,0.4629588660324268
218.65,0.20645553028872324,0.3537604349979045,0.19778988240867315,0.2015073672010812,0.4669078761481371
218.70000000000002,0.20148308864958467,0.3536648318694519,0.19174972787997088,0.20192176787402005,0.4715893317673526
218.75,0.1979527214269929,0.3627752072494498,0.17895921811995164,0.19409467618779447,0.470882257416863
218.8,0.19446750193546206,0.3643809865142105,0.17300503334050385,0.20711565870889984,0.46663335109547494
218.85000000000002,0.19662807696756532,0.3653360594989586,0.1632670858765971,0.20529526062248996,0.46326262891445835
218.9,0.20155907184594424,0.3664764377099741,0.16152418236745358,0.20847794563139724,0.45560519521775483
218.95000000000002,0.1998162561213676,0.37188071166548053,0.15717946244850584,0.21436914076098088,0.46469475482736694
219.0,0.19559307629387207,0.379608011737114,0.1515162951609048,0.21970689848746708,0.46050799395697684
219.05,0.18713827822404486,0.3724515568918464,0.14324399669685947,0.2236725794225658,0.45190561733507384
219.10000000000002,0.1811235823769941,0.36600011313003755,0.13725710242496197,0.21711345101252577,0.45322088857997994
219.15,0.1753807883254883,0.36976115560575373,0.12727103684825453,0.21268950213532378,0.45451680739927147
219.20000000000002,0.17897347648923412,0.37096966136704723,0.10728874989884109,0.22119692243849226,0.4560694666248816
219.25,0.1749685679878274,0.36087783783881494,0.10326180115941204,0.21599882158074624,0.44040316613931996
219.3,0.17134220912569484,0.3605664973308994,0.09962936350418931,0.21074431304536884,0.4409782263633032
219.35000000000002,0.1699373447454929,0.36079656455711234,0.09517851102286473,0.2119397350246983,0.44485710372341647
219.4,0.16685288016722083,0.35402617398868036,0.08395153404252464,0.2114122418433658,0.44074361417076136
219.45000000000002,0.1661085865576299,0.35511345707318875,0.07586079112614977,0.21296150141144646,0.4324983905095816
219.5,0.1672141750853049,0.35827330478496944,0.07550884752965019,0.2159681877644269,0.4312153719325937
219.55,0.16533505378830013,0.35698636595845806,0.0686094236078703,0.2200969688717531,0.4361235740677194
219.60000000000002,0.1641917256046475,0.357422270596051,0.06718217461049604,0.23124197201153754,0.4336233650921556
219.65,0.16559694521249682,0.35871831979405466,0.06514331676968724,0.2301771692485753,0.435921613449396
219.70000000000002,0.16430146585297628,0.3638550160926156,0.05855550528343265,0.22542983332230293,0.43424681425166767
219.75,0.15911482755998527,0.3594938203617991,0.048575719647528326,0.2243010623511597,0.4294510308204477
219.8,0.15442047910421358,0.3576224963988018,0.0452482181468051,0.219329844938138,0.4209690295928428
219.85000000000002,0.15678938476132853,0.3507045981128843,0.04760458971842084,0.21775980687227922,0.4126240160045141
219.9,0.1576713340878042,0.3501091660759131,0.04398960079784633,0.21532029851317241,0.40768890508382405
219.95000000000002,0.15814976511235412,0.34883451521860837,0.048810838283912715,0.22591390307843956,0.4009109274735716
220.0,0.15189079197839214,0.34423810631190693,0.04891852212126758,0.22840696223350562,0.4008236869700698
220.05,0.15459960668625303,0.3468279562605368,0.043408954400978944,0.23020032416341474,0.39718520005515845
220.10000000000002,0.15895103107500586,0.3527121177588386,0.04582832705124723,0.23247350125806496,0.3961631179033672
220.15,0.15880765319207304,0.34596941927089625,0.04447119268906506,0.2306077104712203,0.3927911936635805
220.20000000000002,0.15694780503887845,0.3405979533341407,0.05273273818036502,0.23056432287696726,0.3978151557324625
220.25,0.16034956749591542,0.3456134585199471,0.056445872784822035,0.22482368369707667,0.4009324443901004
220.3,0.17331616864272084,0.33949557880067016,0.06668623994438214,0.22496587507506466,0.40193351357371604
220.35000000000002,0.17248890055737995,0.3337023953667116,0.07430612162296098,0.2280057427898717,0.4013986578439608
220.4,0.1805214146863239,0.3261699211942028,0.08160925660478605,0.2272591902111246,0.39009485281083783
220.45000000000002,0.1902613755116985,0.32948250491830694,0.08919861822980307,0.22809570014367123,0.3813901462469873
220.5,0.1930630526589465,0.33899540666740036,0.09800106490893648,0.22288530193559472,0.3681567748670259
220.55,0.19358209484842773,0.33446711675026636,0.1019126877566631,0.22559088887516143,0.3656081296234171
220.60000000000002,0.20262997904086547,0.32942104231665037,0.10921159888700263,0.23179484589311766,0.3594051871522486
220.65,0.21000596444894457,0.33542538553698664,0.11527162792287252,0.23045127113915215,0.3413650770751061
220.70000000000002,0.2104112409939196,0.3415617825622239,0.12065764813538304,0.22206462297333548,0.32006821339933506
220.75,0.21239368468647493,0.3375051780812315,0.12254257106097231,0.23093041052164914,0.3175558846009731
220.8,0.21745338713821563,0.3359802312038625,0.13522424064379712,0.22741095998268032,0.31117332101157524
220.85000000000002,0.2170918771723092,0.3398078071769049,0.14122118367003558,0.22764928785761754,0.30634179407603007
220.9,0.22319138619600828,0.3401264268703901,0.14694929522516573,0.22573694195027968,0.2936942510611852
220.95000000000002,0.22665847137936093,0.33217875883960574,0.1570323026078993,0.2309099394834226,0.2840465333312939
221.0,0.2402101636455846,0.3338624413511543,0.16669007674885333,0.21740816598499274,0.2841469242974456
221.05,0.23938969124979145,0.34288975056772,0.17492777700760342,0.22153303294068252,0.2745438282844967
221.10000000000002,0.2487377913954744,0.3304601689015983,0.1837724763795874,0.22430729042517644,0.26020682216462476
221.15,0.24656619580386857,0.3218989294264128,0.1856568618154708,0.21059223058070436,0.24630600257681354
221.20000000000002,0.24674052250658207,0.32619442326690257,0.1985144045372316,0.21069159777030771,0.23448680775242797
221.25,0.25534704452649826,0.32309456353766447,0.20547996109910538,0.20271655689732287,0.22113218821474842
221.3,0.263603025344564,0.3195823899206075,0.20818699623686357,0.19527947952897998,0.20718810846184313
221.35000000000002,0.270574318833741,0.32418229375894886,0.21332146756833334,0.1913915245012892,0.2135725249794446
221.4,0.27070853821060237,0.3272104895167886,0.21354134190070895,0.19426769286170667,0.20885954687284053
221.45000000000002,0.2703536798544581,0.33262644903353716,0.21429097349987344,0.1888781882997038,0.21452238195067364
221.5,0.2762594411853007,0.32158953976660026,0.21784621118021275,0.18738422998537604,0.22000613013912154
221.55,0.2794756526365016,0.32443672572477156,0.21864591589288587,0.19318340460707537,0.2131757586054903
221.60000000000002,0.2848634464401884,0.3294323983824722,0.22356873632476995,0.19594084056552394,0.2154129329970611
221.65,0.28236926236242516,0.32327328802308525,0.2257772899446736,0.19820898036690351,0.21390688128587784
221.70000000000002,0.2915323945499665,0.3239343991605627,0.22588150282468616,0.19524035656406502,0.19598477992017618
221.75,0.2926622203111841,0.3308752338664571,0.226577609618847,0.19666723603368874,0.18809734798619296
221.8,0.3001701167785234,0.3325922438206765,0.22527145396000894,0.1951498444788298,0.18912957688070084
221.85000000000002,0.30233348602890275,0.3307397699831091,0.22725042370337986,0.2064686088628084,0.17852541908372255
221.9,0.3057538630169423,0.3368015648143574,0.23258404626128087,0.19424751403929305,0.17163205971577253
221.95000000000002,0.3117670280074168,0.3270021783563272,0.23892226036207648,0.19774620195519899,0.1674518579765854
222.0,0.3143078093632416,0.3215567339038361,0.23758547533203903,0.19783358595031977,0.16987860382482492
222.05,0.31606536015477643,0.327828535567173,0.24615148745597834,0.19704460873391688,0.17041015227305412
222.10000000000002,0.327205108257634,0.32785435956129805,0.2507647820695277,0.1951080765273844,0.16499306699536537
222.15,0.32206949196809637,0.3333465373356077,0.2549514816494118,0.18749599578611822,0.16074479696293933
222.20000000000002,0.3252984519711952,0.3256730798611709,0.249877513232844,0.18861233846221775,0.15916626520231203
222.25,0.32577689113836716,0.32925615809385705,0.25096666500864745,0.18787929110389415,0.1522891009520749
222.3,0.32690185938062155,0.32894402538980094,0.24521118421127233,0.1863450307096236,0.1521818403715117
222.35000000000002,0.32422910029163743,0.32361397492315197,0.24843275774998508,0.18398882061794272,0.14349526071452595
222.4,0.33484103500039114,0.31987137959016704,0.2445203020629751,0.1863255678445858,0.13697173302305754
222.45000000000002,0.33746020466330096,0.32439099860357573,0.24793788777061151,0.1848427058084017,0.13649676160561075
222.5,0.3380129054818159,0.31889701471440957,0.24982687264384348,0.1802630267503075,0.13054018386260158
222.55,0.33918819633710434,0.3203269719049572,0.24789141973334552,0.1815523313804318,0.12010617739810994
222.60000000000002,0.3395992145005534,0.32038127173509273,0.24649145237741912,0.18555508343461818,0.12226186732269556
222.65,0.33384897876630787,0.31888502345740305,0.24253890887737609,0.17495271726032832,0.11210361131936937
222.70000000000002,0.3406932099512508,0.3184739864510942,0.2398449641539447,0.1753999230953997,0.10825525602329382
222.75,0.3412878157417768,0.31635686412034786,0.24858415622356594,0.17988311241305086,0.11260312163432508
222.8,0.33498275543787037,0.319230017357119,0.2512956809714514,0.1821474884829386,0.12815960152305572
222.85000000000002,0.3272004409259688,0.3185905107865721,0.24962995221979212,0.18636238772066654,0.13459920190735977
222.9,0.32003890969453996,0.3191185166476884,0.24435362364506769,0.1744885310898773,0.13418681925718134
222.95000000000002,0.3238515227278471,0.3179248609676427,0.24144610068144784,0.16671655034640762,0.12776648986976288
223.0,0.3223373064034427,0.31683224715668096,0.23000974655757755,0.1659822367143787,0.11906613199109829
223.05,0.3141226069656882,0.30482339854199764,0.2162578373865403,0.16343163362866805,0.1112353030389054
223.10000000000002,0.3120094210789146,0.3030397320721141,0.20859081730598808,0.14290135797935144,0.09202459077442234
223.15,0.31359773773450417,0.3007230011423366,0.2015831523201289,0.14836894427154873,0.07742622810094435
223.20000000000002,0.3150718479094612,0.29610441500228174,0.19733529574165323,0.15266707241469907,0.07001976515546401
223.25,0.32051910165172076,0.2963331137570109,0.19016919398804272,0.1564903940958282,0.07152841627029459
223.3,0.32228815169575237,0.28717437495444853,0.1885422356148072,0.1508535229533097,0.059869096536996125
223.35000000000002,0.3179289119519698,0.29354389014654003,0.18182911386873102,0.15003035861629785,0.055229460982930904
223.4,0.31957323386915776,0.30455160349662835,0.17539304123653063,0.15446232313928007,0.04187046627745705
223.45000000000002,0.319382657305491,0.2971410524322329,0.17522530709397272,0.16218696122678705,0.022977334613053155
223.5,0.319062372924511,0.29536887512454923,0.1726984378235006,0.15910830760070138,0.013643257492934789
223.55,0.3148079267100669,0.2963531465764156,0.16705053567005473,0.16269746777738947,0.006666198003692981
223.60000000000002,0.3087779869225701,0.2911874185381399,0.15974854804027463,0.16085077166785827,0.01659951706716125
223.65,0.29437501435295477,0.285122439817465,0.15230474772054522,0.15618843610149635,0.026709347424828837
223.70000000000002,0.2834652026467084,0.2781799787837426,0.15457750050301314,0.15628340385965878,0.0431262634893817
223.75,0.2821132056405815,0.27761474451529616,0.14751322446097334,0.1513276013257809,0.04731835018798306
223.8,0.2805512767895585,0.27779169712230284,0.1418107067826096,0.15074164252821395,0.06687978795120278
223.85000000000002,0.28047311974861827,0.2819215037276752,0.14071984643980354,0.15312375397804992,0.07986402919147059
223.9,0.2792529831078194,0.28589828387433935,0.12579722217816017,0.14913486979085583,0.08973007378490787
223.95000000000002,0.27862296781930845,0.27144176225258204,0.11753511334648735,0.14099812393447386,0.11527979848119443
224.0,0.27839496728618984,0.26663648437997167,0.1156265569804426,0.13051680332600427,0.12443972195211642
224.05,0.27796428272487933,0.2577483344630659,0.11174693233350877,0.13492181040767134,0.12495608800355931
224.10000000000002,0.2808005245193471,0.259895721891083,0.11480275673845354,0.13783491872365297,0.13314990948775146
224.15,0.281705148159703,0.2581906837063805,0.11393893448268741,0.13921555851709286,0.13370215703351362
224.20000000000002,0.27752783338445797,0.2556023869553539,0.11036072567013558,0.13229227187705406,0.12396105343548236
224.25,0.26872365016203464,0.2549194507860289,0.11253117177348892,0.13932715989226874,0.12551215162360646
224.3,0.26374217401365635,0.2480602065429527,0.10986530154370969,0.13926266582975091,0.12234906964224071
224.35000000000002,0.2553678676829314,0.2519558242361797,0.11312868052497684,0.1403469872896499,0.1262306114192144
224.4,0.2550442450600544,0.2547601364919507,0.11974466267982557,0.14367839841967847,0.12351383307085426
224.45000000000002,0.24277706513784245,0.2501619102358314,0.12654794766848515,0.14919931255305416,0.11916877563565055
224.5,0.23950606220033024,0.2568034335725341,0.13042309682562886,0.14691890030172214,0.11936516219110849
224.55,0.23104393665346634,0.25190766568936857,0.13048844656507538,0.14649835840246028,0.10922155786014415
224.60000000000002,0.224971268045109,0.2550808068400793,0.1273568691858099,0.14983027183397887,0.11889256385741379
224.65,0.22230945717452677,0.2484933978958191,0.12357357003108244,0.15559658069163498,0.12435328619849494
224.70000000000002,0.22241524946860117,0.2427979803729473,0.11394587644650339,0.15054973105477226,0.1129421750639607
224.75,0.21264632557122826,0.23620531529090638,0.11693113781195456,0.13489226665221782,0.10962501475534843
224.8,0.20285181503562685,0.232466606908801,0.11241698291457508,0.1231578069515796,0.1032430382150974
224.85000000000002,0.20013271083894651,0.23470829019091488,0.10695292695573654,0.11458895479001548,0.10610212207276269
224.9,0.19344063254054766,0.2240319473582106,0.11271401389201009,0.11114390436157763,0.11364751114004588
224.95000000000002,0.18754466226854324,0.21836017436202015,0.11369381928428289,0.10718422262127415,0.11163096086137678
225.0,0.18128663581258367,0.21572824906879493,0.09980199905975558,0.1007820383528283,0.11937567245826312
225.05,0.17686706550143788,0.21174761523610755,0.09648196403643378,0.11077928600299751,0.12352927820843203
225.10000000000002,0.17168752011508734,0.2108554354220229,0.0936523352093494,0.11210392386029115,0.13208907308477238
225.15,0.15853756539055855,0.2106812617100763,0.09445699556972924,0.12222475987625211,0.14593921173888985
225.20000000000002,0.15147884533049827,0.21157616154233302,0.09795275623703671,0.11382532493149417,0.15602154142265265
225.25,0.14314810640332562,0.20942607702231375,0.10103296951973334,0.10163433884569711,0.17000447144623068
225.3,0.14294532957775227,0.20398676475490538,0.10069522524911818,0.09160767378911569,0.17308578077038286
225.35000000000002,0.13730854814105525,0.20020339091630743,0.10352860518898305,0.09359086207866982,0.1749449691693415
225.4,0.13757277155852302,0.19294426276102508,0.1075146769148684,0.08861959104678904,0.17426105783398724
225.45000000000002,0.13402374313722257,0.19257157414120968,0.1174975035187431,0.08857639864957137,0.17077574140796797
225.5,0.12679867522814303,0.1913608847202806,0.12072253883690612,0.09310899555293917,0.16833997169090317
225.55,0.11606512105567704,0.19197232541855264,0.12727525231923054,0.1002494193790428,0.16561731650950035
225.60000000000002,0.1141218787771193,0.19883358183600264,0.13528043717132332,0.1044585663340294,0.16533325452485442
225.65,0.10936555416681822,0.19832602961065415,0.1415696247191517,0.10355929711812062,0.17143389100996428
225.70000000000002,0.10271487271641527,0.19539636389334983,0.15732215943396793,0.10929554431649076,0.17842690431709635
225.75,0.09229238667159521,0.2012635060013862,0.1688897235474401,0.11136636703004661,0.17709695921705337
225.8,0.08407997504610135,0.2010591394905884,0.17414170153360814,0.11736824388695298,0.18504624180597773
225.85000000000002,0.07823798472972603,0.207844686369096,0.18190272635819926,0.12692052272381588,0.18236271071911514
225.9,0.07122643125849791,0.207136541870081,0.17921339693584543,0.12710182423086827,0.1862380009031067
225.95000000000002,0.06825142741665062,0.20942640009563687,0.18713584351133414,0.1324858944673446,0.18763396658669654
226.0,0.062034577897250524,0.21174463129570212,0.19152777987903197,0.1366089717044214,0.19226782299233938
226.05,0.051898270159785924,0.2156585738105803,0.18809621705355833,0.13970564331844304,0.1960501382278361
226.10000000000002,0.042196314969223964,0.2134234576673171,0.1954449034948074,0.14767105371545408,0.19951291372896388
226.15,0.04588475705134564,0.20323557110818344,0.1996335122611956,0.14293256775999952,0.20655823677344157
226.20000000000002,0.04037843941622819,0.20743102410342726,0.20730654198611212,0.13391900004661586,0.21457233773570195
226.25,0.030473672876792687,0.203221447218655,0.2106362742633298,0.133649304276765,0.21502764623186654
226.3,0.030819248516473975,0.20169796241558588,0.21391362737731495,0.1295675173173125,0.20780359860099987
226.35000000000002,0.030245951847812425,0.1945152408357715,0.21104601952721957,0.12473538656159525,0.216198931158904
226.4,0.027264359178563152,0.19530193995492703,0.21493728453043248,0.12314975709552582,0.216184949898259
226.45000000000002,0.029929604438639606,0.19241275256168347,0.21181690741664316,0.13612976684418795,0.2192934584787457
226.5,0.029820600517572658,0.1965703427232667,0.2181337621610915,0.13262571086983324,0.22158177984495672
226.55,0.03207161419583218,0.19465470302024818,0.22147496577584969,0.1375823687207447,0.2105224155154192
226.60000000000002,0.0385832274292387,0.1921187402865789,0.2246075444158934,0.13139686685357876,0.2193972785698352
226.65,0.04240574315263563,0.19831503157765298,0.23273130805816972,0.13391017227500857,0.2255542669523384
226.70000000000002,0.0444829909089302,0.1950524250131893,0.23201591048238393,0.1335429294019814,0.22870282779579876
226.75,0.040863497436731934,0.1963861547157469,0.22825383536599148,0.12023292414794275,0.2300018072102862
226.8,0.04536475510500632,0.19338800181459467,0.22872341586675987,0.12514618828510585,0.23221431050668964
226.85000000000002,0.049543987820965175,0.18936428219928636,0.22825298903140592,0.1296401507178948,0.2367219145594674
226.9,0.04955991699035531,0.19127054750990494,0.2282127608481514,0.1283755250259228,0.23999946863521832
226.95000000000002,0.05510821828158783,0.19205213718595823,0.22709686091478973,0.13237761764121803,0.23633441484817605
227.0,0.05082788491238931,0.18956124648558464,0.2289512933821429,0.13634407131317955,0.2305410725800508
227.05,0.04481961825076229,0.19949007789878367,0.22546338907325106,0.14192379895477397,0.23637617020571816
227.10000000000002,0.04639244550567496,0.19703769532867088,0.22868309130383213,0.15070416021898042,0.24306755073854724
227.15,0.04841009161961231,0.20043216452052554,0.22825335391088122,0.15633421501644146,0.24840687540972511
227.20000000000002,0.05175734970977756,0.19977167704343907,0.22923219165064623,0.15969844078831913,0.25184954966188444
227.25,0.052631845987242375,0.19649349415599482,0.2258447835101379,0.15806557504762536,0.24698269529136907
227.3,0.055300248990772495,0.19478241162867402,0.22473233403406628,0.15281669872250433,0.2532391485182925
227.35000000000002,0.05460412823047093,0.2009003120979503,0.22845191556474595,0.14989576004828156,0.25688446015440997
227.4,0.04995345359032881,0.20022248494167563,0.22524761022620754,0.15903272740644647,0.26042949559508444
227.45000000000002,0.044619683220443615,0.20630268844185867,0.21350048472231403,0.15468466259872915,0.2593269209949032
227.5,0.038966880822029475,0.21454031235421972,0.2028014074302606,0.15981406349186467,0.2615614578803102
227.55,0.03730230072397353,0.2140329692680939,0.2015852919970917,0.16727432063509406,0.2544363500465452
227.60000000000002,0.04088443326742695,0.21871414421253013,0.2105578373135704,0.1663158199398689,0.25732840914769023
227.65,0.04173606836762322,0.22296947574728135,0.20482233335902758,0.16536108904343616,0.2592067942649617
227.70000000000002,0.03912452333062813,0.22335314945917525,0.21323241613461597,0.17751322367277597,0.2650546863692143
227.75,0.05263706089986468,0.22975684807021896,0.19920650204086973,0.17921791886227742,0.2720596447511978
227.8,0.05486092657041217,0.23506512540946514,0.1903713806656676,0.17845825729307874,0.26130961086793825
227.85000000000002,0.05908579206521259,0.23323643672104583,0.188678558261283,0.17145985573557396,0.2583535500559391
227.9,0.05764187924642212,0.24563744203543472,0.1864502456517625,0.17795214752477995,0.25951628093573226
227.95000000000002,0.05476431144619294,0.2506504322254231,0.18743332683681088,0.18091830855723154,0.25104187575386677
228.0,0.0516101849878322,0.24726390726946917,0.1744048983677485,0.18212155394166635,0.2525414357487045
228.05,0.05775501887564452,0.24451883710496852,0.1729070040183286,0.1833257263117883,0.24934778334534355
228.10000000000002,0.05951524376499196,0.2512366893156916,0.17526288078271582,0.176137373367855,0.2570700030781758
228.15,0.05785525560781744,0.255745487726199,0.17147331165265378,0.18212108217402212,0.2638503627033644
228.20000000000002,0.06057111704328798,0.25766586951457776,0.16328252821027567,0.17836824393315825,0.2769199144288828
228.25,0.06603542854528842,0.2667733371253167,0.16062595864539592,0.17923063409243334,0.2718678276495386
228.3,0.07231714154220725,0.26983226798123333,0.1614753863056079,0.18925318305808808,0.27064251429707387
228.35000000000002,0.07829711472354485,0.26994034576418174,0.15717050702959368,0.18748484715481145,0.2742856205469651
228.4,0.08521583393774669,0.2698512766853878,0.15650217728105623,0.19060436033884498,0.26903033435294854
228.45000000000002,0.08602673792505354,0.27300289742073414,0.1500774947425331,0.18080659244114558,0.2771114753551399
228.5,0.08946925543497215,0.27682924800524056,0.15178717529539648,0.19037054057400848,0.2694266271929997
228.55,0.08875111146177972,0.2732088030696892,0.155850138255093,0.18821592287206723,0.2725665321000046
228.60000000000002,0.0915986214052482,0.27100997782116354,0.14566898618510793,0.18601882792687546,0.2718318512800332
228.65,0.10172430652276963,0.27559561544210076,0.135469127659228,0.18236409619956243,0.27655546882888826
228.70000000000002,0.10852070267869764,0.2745794254301814,0.13516955462914235,0.1944673679496379,0.27149541003361943
228.75,0.11015996393673802,0.2830597751611659,0.13444926715230845,0.1921521836550833,0.2642765681586479
228.8,0.11535823612318498,0.27918864274170974,0.12744602895557428,0.1984312882859462,0.26100682458525326
228.85000000000002,0.11627365663636097,0.2909017809096949,0.12750164629727145,0.19263778659958722,0.26284995236572656
228.9,0.11833294874468335,0.28734104194685867,0.11719811761026429,0.19818775319716664,0.26709629565713433
228.95000000000002,0.11872375368295615,0.2901662132198669,0.11626678126365142,0.1982556760443572,0.2609481612853004
229.0,0.12562125536434812,0.2890817890908817,0.11347066170232324,0.19531001080432495,0.25560939045313036
229.05,0.13391920077337974,0.2971147804589982,0.10700028902041053,0.1886248026858933,0.26026148121077597
229.10000000000002,0.13668548169882008,0.2919867377112229,0.106522180788585,0.19205052420231508,0.264058622482394
229.15,0.13984225968438196,0.29206083728740906,0.10331843576709433,0.1882520411751911,0.25982645399992166
229.20000000000002,0.13909350693911307,0.2898054933324655,0.10203949570970827,0.19089035184468828,0.2525153111146541
229.25,0.14487297996319212,0.29301075458599424,0.09413906591589369,0.18500333601977517,0.26222257925741194
229.3,0.1402944608242436,0.2904404553945308,0.08414255129016189,0.18680013712187662,0.2631260156976009
229.35000000000002,0.15040720647477038,0.28845401612719035,0.07485230958175598,0.19070048698577943,0.2618535339647155
229.4,0.15103398554308672,0.2919965249927391,0.06230087567409888,0.19744963827874085,0.2605836732380358
229.45000000000002,0.14930946217476154,0.2911040312891045,0.05880059062702188,0.20418002365004964,0.26242285349244865
229.5,0.15377785512432718,0.29354462936956094,0.054616648413203,0.21535068851008324,0.2625175426124677
229.55,0.15965246895518026,0.28709305087075127,0.05475901088735432,0.2102048109831949,0.26859211354890977
229.60000000000002,0.15580847581416934,0.2933052221937972,0.05155031390460791,0.20836435897219144,0.2589932107301833
229.65,0.1605904902177752,0.29039096169750667,0.05228000893012721,0.2145670445193613,0.2513033470047078
229.70000000000002,0.16853995907552125,0.2892217505541481,0.05435920498394828,0.21523195473533926,0.2619034466322449
229.75,0.16520016257690617,0.2892407790320772,0.0629890908373286,0.21682117732620745,0.2595126948220534
229.8,0.16663375666602429,0.28501440860781374,0.06800687780519954,0.2149612215521104,0.2627396768964282
229.85000000000002,0.16715647533548814,0.2813898927672551,0.07345695588771987,0.22406648176336702,0.2671435344130651
229.9,0.16345987790840222,0.2841716280195536,0.0816064074354748,0.22237238308259857,0.26386320387022055
229.95000000000002,0.1666768344863709,0.2807313151238989,0.08945536079284123,0.21583620976979587,0.26618717913248585
230.0,0.1724569867033857,0.284102915174025,0.09242001011511093,0.21427048142347846,0.25846627554590595
230.05,0.17036722440449784,0.27635405468926044,0.09332212777934594,0.21687565270752981,0.26571802789776466
230.10000000000002,0.1789424484202253,0.2712581812743035,0.0982616891366143,0.2238856401587682,0.268256695208306
230.15,0.1836371444280423,0.27433813530896156,0.09733479380591153,0.21945731298158935,0.2720498635309966
230.20000000000002,0.1917113452662825,0.27724648803009,0.10324784598048815,0.21949329092820583,0.26331907899306617
230.25,0.1979374797481976,0.2758614125636906,0.11139758675168526,0.21701950816364263,0.26109352568629834
230.3,0.19436986995636876,0.27352459348072766,0.11294891242325321,0.21603891251483195,0.24721908317546173
230.35000000000002,0.1985539136787014,0.26947247226641985,0.11736374259707066,0.21554991309128682,0.24534674546158036
230.4,0.19803616594829698,0.27066877726679256,0.12653578844507213,0.21773546460304694,0.23716752426101087
230.45000000000002,0.20217482879833604,0.2686726240326308,0.13767348301863488,0.22686782788345564,0.22685403301706508
230.5,0.20685212569067246,0.27005187242950623,0.14572666263079934,0.2328927273079759,0.210812401995239
230.55,0.20288067259022438,0.26685868090793075,0.1466159353924227,0.23787086027738846,0.22521774600147293
230.60000000000002,0.20129238210941697,0.27089368242447953,0.14604826977845956,0.23838756994772248,0.22152466218331002
230.65,0.20175710524836057,0.26968295291903227,0.13930437015924435,0.2281355143517958,0.22592287010138598
230.70000000000002,0.20170108337647155,0.2598893002801386,0.14047396362651882,0.21638278671232128,0.23274593255730788
230.75,0.20690169222231272,0.2549108090490021,0.14113614795890458,0.21687404411495576,0.23088915827737924
230.8,0.2148090940649062,0.2584348100190444,0.14466630623592938,0.21557955809039014,0.22428650625642707
230.85000000000002,0.217150915115513,0.2629504661671985,0.14905418623894448,0.21398489740843085,0.21944629167657492
230.9,0.22401009393746762,0.25359420186946313,0.15150552417149424,0.20499945881985,0.21642358786569765
230.95000000000002,0.22469035266399615,0.24669941231426562,0.15451953775607016,0.21389468744720194,0.2061703134896916
231.0,0.22757557712836868,0.2577231813883739,0.164664262774197,0.2122480785123964,0.20557973386423897
231.05,0.22474112371671137,0.2531376952486048,0.15854589675028344,0.220304041515191,0.19094507532371924
231.10000000000002,0.2275015111839629,0.25416040178107907,0.15930653074034604,0.22249215103382133,0.18512476479079146
231.15,0.23170875908722519,0.25154083875106953,0.15769354167252428,0.2157048026317826,0.19023043588203162
231.20000000000002,0.23638184036818982,0.24436684551566207,0.1583300407431059,0.20581452340495637,0.18771730399365882
231.25,0.23474331287757003,0.24766304312492224,0.15987735738389142,0.19556791251386968,0.20201814053842204
231.3,0.2363732229316838,0.24323125382569866,0.17095189556979232,0.18544239361831322,0.19540039692559127
231.35000000000002,0.2424955300333522,0.2393800881188586,0.17339846018955557,0.18394167456939645,0.18555844969720378
231.4,0.2385039792169779,0.22689837699840318,0.16775731627214233,0.18797234615694533,0.1873448303907917
231.45000000000002,0.23066731544295266,0.2213973577637238,0.16982062304026746,0.18346416549574274,0.19118647531452235
231.5,0.229926810872251,0.21741140909043535,0.167759399728728,0.18455827595656138,0.18426444095957384
231.55,0.22346897257578552,0.21275271254258268,0.16753980717717573,0.18992314075954053,0.17614539231831072
231.60000000000002,0.2233000052064184,0.20983235704962708,0.16528822600884874,0.1900194231370353,0.1780456645152305
231.65,0.22328279655595212,0.2022647274949783,0.16609772764592953,0.18760915726921457,0.1852252370940436
231.70000000000002,0.22251091023358432,0.19262758134661997,0.16230959873617554,0.1759552688224921,0.18855615081458404
231.75,0.21856224350534836,0.18873160270142939,0.15917918499452816,0.18350827884232765,0.19548438593128825
231.8,0.21213105050001718,0.18663579349245846,0.16387004174809428,0.18563783187553703,0.19066552765489378
231.85000000000002,0.2106564045959408,0.19566673892821057,0.16846112444000833,0.19278632961060388,0.19145998702108283
231.9,0.20640069420620513,0.19301938639108887,0.16841632897339232,0.19782931792675099,0.19185689866144423
231.95000000000002,0.2070539156006772,0.18415405602538645,0.1677079769022044,0.18908354599666674,0.19535733745909806
232.0,0.20550724349097685,0.18486362209863472,0.17611832362992902,0.18560487677509144,0.19783294238290255
232.05,0.21000824903273443,0.17961255612652818,0.18185781144206462,0.18554538739563006,0.19686296328709102
232.10000000000002,0.20850519152212757,0.18573011353896887,0.1819507292817833,0.178068338166327,0.19184944965788978
232.15,0.21238079582605776,0.17668598669181626,0.18788883829615796,0.17559361347151747,0.19032786525436676
232.20000000000002,0.2101374647921874,0.17967797292148016,0.1908083884963747,0.1725241413391817,0.18000444220812692
232.25,0.20679547838186335,0.18003644904754168,0.1919004794738218,0.17604895021049213,0.1776590616794779
232.3,0.20099374255180721,0.1826140535345943,0.19755651731729332,0.16848787151657085,0.18768043080237487
232.35000000000002,0.19318351274894235,0.17064821236404273,0.19344830366983817,0.15491379540173209,0.18313704823985905
232.4,0.18920202793949686,0.16921899233860302,0.2025302230489326,0.15312270071787562,0.18349153247841885
232.45000000000002,0.17995593396239887,0.16543188101852854,0.20320239243143867,0.15283956974163093,0.18769816958934138
232.5,0.1756579748657019,0.16621626851473775,0.20921005864719353,0.14880842198287586,0.18934193679370015
232.55,0.16246696871534586,0.16650458403833845,0.20742895016376164,0.1434525409363831,0.18337539763147132
232.60000000000002,0.15586254902943583,0.1677768250291879,0.20771132601406886,0.1506200410336971,0.17236300763458295
232.65,0.15128825648635563,0.17664401379156983,0.21066523427989378,0.15738154069940424,0.15782168725240778
232.70000000000002,0.1506346349521013,0.18218206329097184,0.21526109016468672,0.16236199349451935,0.16243029726049904
232.75,0.1397333324961567,0.18461978883593202,0.22130947039317297,0.1657971189910765,0.15847518017066742
232.8,0.130395978409518,0.1835116212478196,0.21471771029830009,0.17162627285508772,0.15097316222258214
232.85000000000002,0.12439946966546843,0.1884224560740624,0.2245311252814848,0.17120372453455637,0.14624071481482515
232.9,0.1246217013785449,0.1881043608894086,0.22402905898381884,0.173242977068897,0.15646409591559188
232.95000000000002,0.122283909673821,0.18931971612270831,0.22392154616715287,0.18443035031028793,0.15017043987628031
233.0,0.12228846483899335,0.19110508005435586,0.21982012669772166,0.17890908105291745,0.15475576066549782
233.05,0.11526730767739697,0.18691722429460006,0.22190813017912156,0.17656468893486302,0.14967672524004857
233.10000000000002,0.11405073432120454,0.18367316177866555,0.21890685337903595,0.17833280035943047,0.1511222524397142
233.15,0.10756867037084666,0.19002801465729488,0.23135485157569305,0.166286691542256,0.14408374139026872
233.20000000000002,0.10777585350067442,0.18535106190102682,0.23507361301134647,0.18139370486565856,0.1376374136533937
233.25,0.11029480674549279,0.1861405167916747,0.22638165896154164,0.18777424939770826,0.14675197541326804
233.3,0.10132363650217703,0.19325862706385963,0.23366169877701345,0.18184152776076623,0.14698113247147496
233.35000000000002,0.09658791357918066,0.19672015906153653,0.23578863871018568,0.18239905169068354,0.1559847127489063
233.4,0.0938565880584279,0.20286291217031896,0.23602101935896705,0.18450887655080425,0.16473100826854908
233.45000000000002,0.09330332697357818,0.19947200412573393,0.240141967731371,0.18702841742257117,0.17464036298678343
233.5,0.09173869080752857,0.19672590047286867,0.2504364252819148,0.1719612120922203,0.1809205161786489
233.55,0.08154947289175098,0.19658022459313004,0.2426894954869807,0.17044907974648496,0.1899175569220223
233.60000000000002,0.08460768749049888,0.1954709741939492,0.2402817178779315,0.17007935263356982,0.18736498311651945
233.65,0.08738980647983803,0.19568058594653076,0.242090364486632,0.16310284611401868,0.1922884718038002
233.70000000000002,0.08723348789983754,0.20527738952546054,0.24031455472359067,0.15644331135023062,0.18495905762610593
233.75,0.08113157861065481,0.2062240852644917,0.2385977629604878,0.16098100915789149,0.18461538717416714
233.8,0.08149516466977327,0.21350406782559625,0.24192730289030046,0.16859499999180463,0.18528612351354945
233.85000000000002,0.08181347562346832,0.22276979700866117,0.2428053681388367,0.16840759476453443,0.1883932084843659
233.9,0.08652498528038095,0.22503637388295689,0.24464128791904097,0.16590909792149586,0.19862102552816924
233.95000000000002,0.08561583233516047,0.22253773583501366,0.24257649346689367,0.1652202151340259,0.2053114726427556
234.0,0.08858856508053384,0.22133060748848388,0.23775921526761984,0.1791122548863928,0.20169502880882323
234.05,0.09454093225171746,0.22769302221456172,0.2398503464920191,0.18170867060663848,0.2015434013312437
234.10000000000002,0.09784023390124245,0.22534900120332935,0.24654634715849594,0.17600526168504552,0.20738761502951922
234.15,0.09746081300876588,0.23007562012185911,0.24761323033290855,0.1743107969879149,0.21364038964906917
234.20000000000002,0.09334591470157157,0.22362430634876593,0.2460753495773397,0.17620367510943485,0.21527376992575034
234.25,0.09835106193607257,0.2229563840791812,0.24685475686556377,0.17441566309139384,0.21189404797507125
234.3,0.10409492030654961,0.22579564635309443,0.2489417480258966,0.17003254196977727,0.21897952855206185
234.35000000000002,0.10963692819310211,0.22184424949747295,0.2490618375105252,0.17068197845498076,0.21489631330823783
234.4,0.10834405915287236,0.22677124258868883,0.24804687893112431,0.16811380266767997,0.2148597469875356
234.45000000000002,0.1130803486408153,0.22656871663523134,0.24771592905657905,0.17184440021347214,0.21870241842676452
234.5,0.11407278274822762,0.22506674196168036,0.2482278574695744,0.1745926851438345,0.22554203782342191
234.55,0.12109481999163792,0.22757052232291228,0.24534570409791248,0.17238806136972226,0.2348969117743921
234.60000000000002,0.12270503072514134,0.22945870492655338,0.24694129188945144,0.17657500468347406,0.2308961659366131
234.65,0.13082953875742018,0.22908909159338578,0.24540329506797562,0.18137777728422352,0.22552269705065145
234.70000000000002,0.13783267457742848,0.23201889306683976,0.24436210550042373,0.177534667970247,0.22921283584782512
234.75,0.14225735733005412,0.22323397852202215,0.24115171102646368,0.17296802042022594,0.24029522576060888
234.8,0.15215855147021248,0.22190015583889078,0.2436863899593953,0.17268908031873162,0.24353807975186653
234.85000000000002,0.15427175522545677,0.22112613787658403,0.24802925116353303,0.1785278978725609,0.2372940480824018
234.9,0.16564195422922912,0.22619324469812901,0.2527689295510871,0.17780595125767254,0.2513894334080971
234.95000000000002,0.16898266619991484,0.22012421181144232,0.24433912992429477,0.1726746501071356,0.24498150072815503
235.0,0.1729474542613583,0.22426279574244126,0.2388890456481689,0.1793269217290002,0.24700317543188396
235.05,0.18574527696744775,0.22514123282763768,0.23453782916385363,0.17777560687129934,0.252160015458138
235.10000000000002,0.1979468793063003,0.2207950777987804,0.23837019753438374,0.17860538711211196,0.2585918772806709
235.15,0.1980436231840665,0.21980886687313791,0.23487768465861303,0.17329433561301819,0.25128679484346045
235.20000000000002,0.20685552297315288,0.21950603077182354,0.2353774811676324,0.18040922205243773,0.2510075189085564
235.25,0.20984210958836857,0.2225577109845331,0.22785173132038306,0.1742370777621213,0.24121373278741795
235.3,0.21128446706199702,0.21800453141048828,0.21678857986001393,0.16750474103572152,0.2415553345907281
235.35000000000002,0.22145903839895467,0.2191184051087705,0.20788546707391303,0.17742727120444893,0.23786046258003052
235.4,0.22440663914717157,0.21661591984882514,0.20381245063642336,0.1748279399007926,0.23059864261334592
235.45000000000002,0.22759175901848464,0.22495687403653744,0.1991163133088914,0.18030795989012424,0.22658891391825853
235.5,0.23055611814742225,0.22354369853380487,0.19734582612602292,0.17853136614532183,0.2227609054551343
235.55,0.2323737545931592,0.2181481710126393,0.19496632225430977,0.17804398056129805,0.2285959829975366
235.60000000000002,0.2409450524561034,0.2190611605527053,0.19783963016952313,0.1841226464542808,0.22824736710953603
235.65,0.24531439212124959,0.22382623089656437,0.19315848372750455,0.1786178667950769,0.23709469598243862
235.70000000000002,0.2435928438057283,0.22588724214946548,0.18511936125853024,0.18797921510120383,0.23856396431619395
235.75,0.24345144610618225,0.2193269352054843,0.1843172664027392,0.18381342483340785,0.24004498264224813
235.8,0.2466148933595908,0.2228936148394664,0.17992204989072294,0.18107088977306443,0.24088083200440297
235.85000000000002,0.24242713031714,0.22796381003514604,0.1761846315200888,0.18297048352868076,0.23409534365346774
235.9,0.24625302444325667,0.21209442646089283,0.1758226567129634,0.18669517597389204,0.2310656569761465
235.95000000000002,0.2510466529125851,0.21915596963268497,0.17390802543471065,0.17760405416499073,0.2228914591641941
236.0,0.2623771023369898,0.20846303113523904,0.17686335825570162,0.17098393547448273,0.23131135936087266
236.05,0.26077512339042586,0.21312511976970444,0.1746721547543035,0.17022453646108016,0.2307155484320093
236.10000000000002,0.26722555570018175,0.20757353594719996,0.17141255605981603,0.16921193067304455,0.22984556684214622
236.15,0.26869408467613,0.20426039080316502,0.172322465746345,0.1666742892354452,0.24519258235791894
236.20000000000002,0.2723287941663891,0.20864378264448832,0.17023078534393934,0.15622691935397706,0.25033234603012194
236.25,0.2767390941955767,0.20875002395248338,0.16508543670833137,0.15101981194510175,0.2619142435565365
236.3,0.2785481539904227,0.21004457537973825,0.1563843772609386,0.15726595632980786,0.2596444173025666
236.35000000000002,0.27422793343289265,0.21165769702153317,0.1487699030031998,0.14897450773303786,0.2524485147961532
236.4,0.2752911527054127,0.20625900649030215,0.14773505397875866,0.14130940262628638,0.26126466464713255
236.45000000000002,0.2759322402027824,0.2045843509356024,0.1306145760612542,0.14816454836471446,0.2585209392636515
236.5,0.2832382615876082,0.208089185769549,0.12487198885317617,0.14703065018692424,0.2509640696182147
236.55,0.2809288527440031,0.2064579538816899,0.11970252049431006,0.14428719786154082,0.2550663699639508
236.60000000000002,0.2798518380698984,0.20684272470767684,0.11324518884055623,0.1461506530354369,0.26131424119571994
236.65,0.28026327836347176,0.2095062901000384,0.11039120356915662,0.15863024607772955,0.2701165478460976
236.70000000000002,0.2862404321541595,0.210491271556849,0.1059367819549909,0.15515651478785117,0.27898558365735165
236.75,0.28131292424122634,0.2173198737740186,0.10465978384450124,0.15722079680656295,0.2937606402567193
236.8,0.28477313020883144,0.21622314925837552,0.09965298080854025,0.1589553134514667,0.29367013733443625
236.85000000000002,0.2786349597418384,0.2215509887203971,0.09885733558947787,0.15988916831678757,0.29629604555561556
236.9,0.2765167513330647,0.2210476351120326,0.09906734637071973,0.15997524133782406,0.30277459501960513
236.95000000000002,0.27864664561566893,0.23538229512515152,0.09867759944775477,0.1415002336732345,0.3014964519230472
237.0,0.2844122336070346,0.23574092354848492,0.09846492298136707,0.1497859456551464,0.3125895999386082
237.05,0.28412501715415134,0.23541538930307315,0.0916046421445364,0.1533546781219503,0.3168611247561647
237.10000000000002,0.28515502076609395,0.23921852643738747,0.08621493374792347,0.15633729338661057,0.3213644675527976
237.15,0.28380297527248743,0.2525233314129619,0.08019158839502638,0.1562174086531799,0.3228194130661842
237.20000000000002,0.2739552817335577,0.2550852174555456,0.0742278732554972,0.16499661502873259,0.3288006558996915
237.25,0.27569995400895553,0.2513590311816737,0.06911286475089912,0.17537455783261138,0.3236597949271777
237.3,0.27330105736688065,0.24690861916445564,0.06516482917731904,0.1843223243020744,0.3273924575922215
237.35000000000002,0.27770707519440857,0.2405762376044239,0.058187146389312425,0.17765935905188954,0.3330560286041165
237.4,0.27162686594719215,0.23637558387928667,0.05707040451885067,0.17905690543403238,0.3294548335833091
237.45000000000002,0.26815988605543994,0.2454607279260815,0.06135180376594269,0.1724052484989601,0.3258961435310804
237.5,0.2629584542841262,0.24913212076721497,0.06391816075299146,0.17777253472144547,0.3383393788690463
237.55,0.25917040336766894,0.25509046623961973,0.06506104175021016,0.18593181221556287,0.3370270034096916
237.60000000000002,0.25062669195503606,0.2578564599700708,0.07081049556481762,0.18604323773776715,0.3455999555426887
237.65,0.2515627564798514,0.26038989350721975,0.07092095552557293,0.19335380932731866,0.34929727193404375
237.70000000000002,0.24607448208384836,0.2582709644996473,0.0726172653046454,0.1974469353078688,0.3563188943153749
237.75,0.23652016872167533,0.2658244027070135,0.07348832533414455,0.20282507307396858,0.3543573023048877
237.8,0.22765697307134125,0.27624112561998415,0.06938579968065817,0.21292913080593856,0.3688619942588087
237.85000000000002,0.22575188327656592,0.27605210688272835,0.06895668891799539,0.2182448402554338,0.38560699955854794
237.9,0.21950622780326665,0.29126411673473135,0.06178683692810794,0.22568404098784753,0.3717868477021631
237.95000000000002,0.20504560985501144,0.29409531845890174,0.0655680429184414,0.22692676351105895,0.37744948211247153
238.0,0.20082756828159018,0.29713675315930516,0.05972571295523037,0.23621093088495962,0.3746215650886171
238.05,0.20037643178871023,0.2880019333241421,0.05978375949891083,0.23071544036574296,0.3722823450520183
238.10000000000002,0.19280671013175477,0.2894196263804041,0.06051235417440913,0.23542686123029358,0.37001133955026144
238.15,0.19071076725662361,0.29130105875899637,0.05954153883515801,0.23893097625497847,0.3711504876668081
238.20000000000002,0.1820622258530354,0.29539777349255547,0.058591337171071955,0.24354525686472728,0.3743630152893276
238.25,0.18332245291125146,0.2969372774536542,0.06787575083592834,0.2376054593288018,0.3693492874338228
238.3,0.18279360220690108,0.3058215619158777,0.06692499549085637,0.237986492100076,0.3695398525907323
238.35000000000002,0.17536803099339712,0.3073911702713494,0.06307997332259846,0.23583870443817864,0.3763503161158229
238.4,0.17457701135201992,0.3045560308762787,0.0620003041202204,0.2334739221633409,0.38494272802374085
238.45000000000002,0.17248844109168326,0.30027674249658703,0.07603062281167201,0.23384612335490895,0.3927277163100297
238.5,0.17651455790517598,0.3076718875571338,0.07717179727799861,0.22814971555227462,0.3867160120976644
238.55,0.17351929402679606,0.3065464070524856,0.08643645663927799,0.24360787311073492,0.37318435329131827
238.60000000000002,0.166447127432335,0.3130277995352428,0.09002107223635494,0.23648768826825833,0.3681618745768719
238.65,0.15710984514739035,0.3158882047893922,0.09015902634896032,0.24238636316999557,0.3599798846807103
238.70000000000002,0.1456699951984588,0.3215462814439597,0.10049371934339793,0.2420383235231654,0.35789998233633136
238.75,0.1439772583969604,0.3121336988476841,0.10579187543035477,0.2337146546579417,0.3482607751306837
238.8,0.1406927607222539,0.3105291103675605,0.11483832051471024,0.23237502512418468,0.3447366059012565
238.85000000000002,0.1405791950335901,0.3062913548444214,0.12494880034130754,0.2306004920804826,0.34558798604981056
238.9,0.13539549117039598,0.306836881149565,0.13480826522323577,0.21980725631370546,0.3444089624022895
238.95000000000002,0.13335221973536138,0.3065117829145838,0.14301830238187183,0.22100431389675484,0.34151892976147163
239.0,0.12203046528816462,0.3033364554208686,0.1494017033726633,0.22365667358084834,0.3409715083267124
239.05,0.11628936562474047,0.29982233901190597,0.15684637785112074,0.2246875503650512,0.3367785758207619
239.10000000000002,0.1023669214461878,0.3046148412386704,0.1698820939011781,0.21716230704660938,0.32123238474074167
239.15,0.09607985913664584,0.3014488219866068,0.17471574681160415,0.20165426207703244,0.3176199624792627
239.20000000000002,0.09431214154473547,0.302931147755951,0.17929956992016344,0.20600115130278096,0.29386951949631207
239.25,0.0911511184217983,0.2959192424186318,0.17984997287308968,0.2131225973755416,0.28924131492076455
239.3,0.09119787819342058,0.2954157781614227,0.18539781386907958,0.20986391738459845,0.28949426403936207
239.35000000000002,0.08461163224113613,0.29365709917238836,0.18694907783169765,0.21436728953770842,0.2919421552132741
239.4,0.07406096832428039,0.29843737968640033,0.19124973596775005,0.22210288529479494,0.2796722255946388
239.45000000000002,0.07047863415375108,0.3003899402824947,0.19018949594657852,0.22345862795599547,0.279086753625129
239.5,0.07573015183518175,0.30384752956250305,0.19940445432610923,0.22019677136204904,0.2680265299250931
239.55,0.07686356722532543,0.2996409216655292,0.20004711339038228,0.2238511696387735,0.27467049613131445
239.60000000000002,0.08238124760505795,0.2956042311731334,0.20329095688405277,0.228146147211927,0.2797902318964103
239.65,0.09089072879651046,0.2893011207241627,0.2108728697760783,0.22630351368231857,0.2710364811237112
239.70000000000002,0.09711354688048707,0.2917706800937589,0.21359312735641103,0.2217509396267326,0.26287917600566735
239.75,0.09890826870807443,0.28616391488391485,0.21982711163434987,0.23067114943086636,0.26707363232868087
239.8,0.10095168488067884,0.2889355987393159,0.22009349878760223,0.2242458481888682,0.2637549395700482
239.85000000000002,0.1076110354792762,0.2854327640642788,0.21808120560726257,0.2364298180768773,0.2548831892376773
239.9,0.10966540992040917,0.28212607446128074,0.22192705462177287,0.23989794627526326,0.25815056557488464
239.95000000000002,0.11507246854788478,0.28225532548836146,0.22357521533703936,0.23622416117525363,0.24989785088777752
240.0,0.11815482273778657,0.2844607156034472,0.22866114145975988,0.24953256271035648,0.2442339006536448
240.05,0.1246429495752871,0.2773504115909903,0.238836517920729,0.24923547096831017,0.22521891019189016
240.10000000000002,0.1272196092947841,0.27198781413101214,0.24262366193734924,0.24517221184242957,0.23031715408379935
240.15,0.13455839528973515,0.2792316252571099,0.24779131656264156,0.24680787009020166,0.22509090771131696
240.20000000000002,0.1442426150283518,0.2717184730349436,0.24356722851291043,0.24530950361885598,0.20431172848200244
240.25,0.145802222578686,0.2827596609691552,0.24910413735757103,0.2475096172589039,0.20208015991235678
240.3,0.1495629144389416,0.2738153213842688,0.2500967891307771,0.25111183744132454,0.17963649193664813
240.35000000000002,0.15528222758845356,0.273896806091975,0.24022838789235287,0.24997096299020777,0.16579340877030327
240.4,0.1638083346668668,0.27163988887713636,0.24592719054715392,0.24763813851983335,0.15953063683875504
240.45000000000002,0.17157617293703287,0.2584850884644187,0.24621635596725788,0.26203714871449413,0.13582326264814917
240.5,0.17287626898155303,0.257284525044798,0.24404288177750724,0.2668894131863147,0.12118605908148983
240.55,0.1714199109170836,0.2600345413566844,0.24144294313717488,0.26117100645209596,0.1024034511520752
240.60000000000002,0.18147743806806185,0.2599329923434926,0.23879405587843291,0.2647908034185452,0.10419102040951392
240.65,0.18354403477137354,0.2517061333496753,0.2440300720412872,0.25801619463062536,0.10457321763107133
240.70000000000002,0.18737923518066915,0.2489042376756633,0.2425695440587902,0.25266994768940015,0.11108013175587651
240.75,0.19102846018209999,0.2563209486975724,0.24064895516935123,0.25060942303623457,0.11062861587939146
240.8,0.2020248760111792,0.2570154168421215,0.24481474612750567,0.25500603023061064,0.08855465911455797
240.85000000000002,0.1990866352462232,0.24741004930243587,0.2439951132697,0.24929702285183505,0.08366422070458414
240.9,0.20321903746783962,0.242831225116341,0.23639010191811666,0.2461778699130983,0.08513469866573825
240.95000000000002,0.20755600026621127,0.24063507817405408,0.2394145869414436,0.25455629852946016,0.07767336020821408
241.0,0.2153808323421703,0.24971935806145446,0.23889673043806994,0.25808443337996373,0.08062224746777631
241.05,0.21770037545744783,0.2437398562298323,0.23623741541991636,0.26089266539951717,0.0749384101358083
241.10000000000002,0.21732567107119816,0.2477117259101008,0.2344965354610814,0.26089920935733574,0.06772221548512429
241.15,0.2221987506628743,0.2451210100758161,0.23252859572458337,0.26078659612294997,0.06544571012966549
241.20000000000002,0.2196670650135001,0.24192525591258782,0.23544483473156344,0.2596959018715208,0.04822784468517579
241.25,0.21986467132443097,0.23913479156809925,0.22758114716289424,0.2580657636475575,0.046246167055152415
241.3,0.23165538200060667,0.23650925258072408,0.22564052933941825,0.2602613600235555,0.0487893407675477
241.35000000000002,0.23747444192521722,0.2391820094877514,0.22561984563160614,0.26198222706038815,0.04269763998690224
241.4,0.23950673610776627,0.23662300655773996,0.22095571962374375,0.2684109765510432,0.02362494814411121
241.45000000000002,0.24277892292780262,0.23558781942773754,0.2116470323336091,0.27352608298927444,0.029264694408792265
241.5,0.2466693088242808,0.24131203125666825,0.2083564007161986,0.27577517490166253,0.02844131071491765
241.55,0.2516843660719503,0.23983123228386038,0.2093943880730395,0.28200547598919384,0.022653109925059648
241.60000000000002,0.2493141955907962,0.23761080203978652,0.20602939378040364,0.27488935983570295,0.010918347963270209
241.65,0.24440740499754623,0.2361094858333576,0.20727620390001503,0.28979434608516375,0.008277508675947424
241.70000000000002,0.25023740577833864,0.24357000452761732,0.20408000797504505,0.2868733565285094,0.011772754190953258
241.75,0.24788913108103916,0.24282490766562947,0.195457117685518,0.2908212248315282,0.0053297692137151175
241.8,0.2453502965639376,0.24411156652034569,0.18934762143077663,0.28810246142599794,0.008565132489819799
241.85000000000002,0.25105513938434726,0.241395654924952,0.18404738112726668,0.28412492842245807,0.016387158333879773
241.9,0.24863918655057562,0.24024230454399323,0.18173477507616442,0.2872373167678519,0.020669688811658524
241.95000000000002,0.2509182753742841,0.2331352467390236,0.18016869099293817,0.2767061688740433,0.02932542728645199
242.0,0.2502262949626947,0.23421089591853175,0.1824808714709066,0.27856994831489357,0.02784598037783971
242.05,0.2534215258321121,0.2326033170461743,0.16672662828716805,0.27716377119008606,0.03156913622643413
242.10000000000002,0.25732047966333704,0.23796635937732655,0.1584081416236396,0.27381601640225733,0.04466057074602882
242.15,0.25883867303168107,0.2379638970910666,0.14461307988353733,0.2820475845617165,0.05371261991457998
242.20000000000002,0.25831138865339026,0.24059952763591597,0.12591159463678014,0.27763728306638397,0.061665722429302704
242.25,0.2559372669967441,0.23465642274478396,0.11192461619915578,0.28836243822915913,0.07310197066241672
242.3,0.250042473376204,0.2394661578211698,0.1033473987767453,0.29203863391147733,0.08938806561661296
242.35000000000002,0.2481090563554399,0.2434468098970032,0.09914668513922478,0.28971737699843464,0.09502682761067532
242.4,0.2427716316966743,0.23844873185185342,0.09183414724579678,0.2931100084281363,0.09733313021094424
242.45000000000002,0.25275947421223444,0.244826368664369,0.08288329859138988,0.2993397319377355,0.08886065527661036
242.5,0.2539428209996551,0.2527028826493596,0.07450956492614548,0.29166039346624045,0.08694179860168894
242.55,0.2520719147509888,0.2545735387727317,0.06825917166796187,0.2998115768266994,0.09176940031651636
242.60000000000002,0.2513905386787499,0.25610758060889954,0.07869699667613554,0.3038621251245939,0.09861447287123755
242.65,0.24320822597517278,0.2561748260350296,0.08084100018610316,0.3067704143103002,0.08987343594334733
242.70000000000002,0.23684682077038183,0.2667094854582891,0.0750216844789417,0.31641477258143536,0.07656325914046301
242.75,0.24461951146543812,0.2688384361763778,0.07110939442777464,0.32434141446628384,0.08754023474287435
242.8,0.24385438250491817,0.2749155714108863,0.0643401577807552,0.31086987679117395,0.0914761427666923
242.85000000000002,0.2450974063062829,0.27029185633511443,0.061057979606805216,0.3145870923466393,0.10338644417630272
242.9,0.2476676346649381,0.2574916599235879,0.06580457912583225,0.3130649185784041,0.11048075540501459
242.95000000000002,0.24493102704371428,0.26206924121907915,0.059420508147414786,0.31439164752181187,0.12142387832795348
243.0,0.23968503499587435,0.26311726078152564,0.054258690021584885,0.3107580197972104,0.12990474782068645
243.05,0.23864556931508693,0.26970502131225665,0.055620785403097735,0.3211396655516547,0.14645963720109137
243.10000000000002,0.234979934823598,0.27127083742032004,0.05592178982396638,0.3300628377316866,0.1508427983761718
243.15,0.23179300326217492,0.2715351214720234,0.05688311820231558,0.33104508483121003,0.16911722562609083
243.20000000000002,0.2276598194069634,0.27029516162818507,0.06595465224835927,0.3267499460640304,0.16905098551530073
243.25,0.2274153013568465,0.2767150275165309,0.067232494237814,0.3296898295464185,0.16906494414873863
243.3,0.2270974929364825,0.2737654443906648,0.07614163038347556,0.33256889354433844,0.16488097790546002
243.35000000000002,0.221326380428288,0.28003403709443175,0.07658848757161192,0.3293419085566766,0.16749406173810288
243.4,0.21143934464029812,0.28073597572524644,0.08525671591431086,0.32773317253659007,0.1727039922300102
243.45000000000002,0.21312998259711194,0.2787665083062172,0.09421719560598228,0.33369548672722416,0.17681333573199431
243.5,0.21780069005305266,0.2808007317188711,0.10214378293394526,0.3301259896694668,0.18723895577845015
243.55,0.20867370052803985,0.28213943157064375,0.10563437042864546,0.3301468456429015,0.19338461883888827
243.60000000000002,0.1994435650670745,0.289082226685714,0.11192992982720426,0.3351937716965867,0.1875342717823985
243.65,0.19642825148368998,0.2977975208483433,0.11356513201639766,0.34188635148317503,0.19099756751782562
243.70000000000002,0.19900418670625966,0.3087071776776626,0.12194335643909215,0.3482505243992601,0.2031589346907656
243.75,0.19904921771832648,0.31219222424078696,0.13037471980683024,0.3495088564426617,0.1970732132254016
243.8,0.19994223778441395,0.3251799459985694,0.13985745724513549,0.356257753687635,0.1945722227460376
243.85000000000002,0.19987761557700942,0.33116503209701664,0.1524314314123843,0.37426730554753906,0.1938075586350423
243.9,0.19781187340435707,0.33777770888149117,0.15774204088141403,0.3750497752173957,0.1923800760357629
243.95000000000002,0.19768081247310298,0.34067440516924197,0.16496005041308068,0.3718431776103732,0.19238133376975824
244.0,0.19737675922474782,0.3462909309569257,0.17226249955430345,0.38356678008151474,0.1891283795759062
244.05,0.19023625756569057,0.3491351760768946,0.17924602600145018,0.37458017217354117,0.187474986844209
244.10000000000002,0.18009847623031974,0.34951070699160125,0.18457309382284248,0.3687548994932276,0.1910609815913938
244.15,0.18033639190171158,0.3517612601484144,0.18664843219208274,0.3690886765741908,0.1936091078619145
244.20000000000002,0.17655937557326495,0.3532215209053077,0.19113607577021904,0.36666424559155253,0.19405228239900607
244.25,0.1754637883721793,0.3565260336725061,0.19826347988793444,0.3711677626743612,0.1931549449459931
244.3,0.17289594102807843,0.36029392575428226,0.19950158183440822,0.36561083790353416,0.19660515616100863
244.35000000000002,0.17160689424082362,0.35847150879023665,0.20644204083766882,0.37055798078916996,0.19795119824022897
244.4,0.16771976920865053,0.353804449307773,0.20649081208606612,0.37138144740318263,0.2099423420217795
244.45000000000002,0.15984378100963234,0.3575614537034839,0.21377555112608018,0.37499322950316427,0.214638350383541
244.5,0.15655553725812657,0.3621878612863513,0.22242917715974578,0.36968207424809596,0.2171543209199978
244.55,0.15007055815575548,0.3584175394193165,0.23992661148705863,0.3713624452308889,0.22631017955561397
244.60000000000002,0.14993953572817328,0.3629258399583887,0.24212834539349318,0.3729183107080567,0.23181654782711103
244.65,0.13997265375379006,0.3581994148307948,0.2501084174029057,0.37623624263055044,0.2413480449073241
244.70000000000002,0.13873304416306503,0.3559885832029073,0.25013911412262385,0.3735933514433508,0.24109668847894106
244.75,0.14047688212126117,0.3630187274232998,0.25084827653371944,0.36619407128712045,0.24955256845118118
244.8,0.1324895176300172,0.3638849309125839,0.25378908485319157,0.37088526486790824,0.25455943757128385
244.85000000000002,0.12302033111256126,0.37108311529331156,0.2643268695707073,0.37200533328125107,0.25476666582627067
244.9,0.11883800046465479,0.37012050473495756,0.26715592489629825,0.3826062312610403,0.26389270698931233
244.95000000000002,0.10612562524671273,0.36346813786183924,0.26851922991900123,0.37437728464383674,0.26190245386890904
245.0,0.09761235711900848,0.36417295858333176,0.27086129901620204,0.3792038695874941,0.2634926797534725
245.05,0.09755096493594616,0.3579296090370854,0.27343492184892876,0.3799152191556039,0.27542195418059123
245.10000000000002,0.09785927541930237,0.36921207541600803,0.27788994144607704,0.3823821209661609,0.26920540722975667
245.15,0.08597264661586024,0.3723858236573157,0.28101388252065873,0.3754578319741086,0.278322045709018
245.20000000000002,0.08106841407263123,0.3737947289916138,0.28564014384123126,0.37515325647344266,0.2678670145013401
245.25,0.08030032292298216,0.37795734726288266,0.29043098328915573,0.38067608005266096,0.2704467914324559
245.3,0.07565479799379907,0.3781568927435055,0.29722603593612157,0.38058605731401013,0.2811325242628029
245.35000000000002,0.06831176997921772,0.37759341502726473,0.2925979483995595,0.3875351678423224,0.2808020245251105
245.4,0.06185608832508185,0.3819174368374652,0.2904459891758798,0.3762606263759095,0.2830288623911102
245.45000000000002,0.05858197642511785,0.376949956108037,0.2908086934933698,0.37431145358392903,0.28701141716229295
245.5,0.0615018483265766,0.37239549328021837,0.2903725277972682,0.3817968485714392,0.28807636288960775
245.55,0.05496868387054816,0.3657663496039327,0.28783448043846366,0.3858199631977048,0.2855452980574226
245.60000000000002,0.05482033414835265,0.36264796223349904,0.2854612701866271,0.38447505165594686,0.28572612592750896
245.65,0.05896921300738709,0.37241271373980334,0.284729711248232,0.3876516185805147,0.2824307615916624
245.70000000000002,0.056048245804615635,0.37087923410256424,0.2864546043888323,0.3871804656272173,0.2846162352176808
245.75,0.06421576443728287,0.36986801177674417,0.29063306621608914,0.38518973952278923,0.28771467040338194
245.8,0.06449098263492659,0.3717598464391818,0.28568891151081305,0.3809152406889946,0.2930840938606201
245.85000000000002,0.06492360816220226,0.3647957750520817,0.27856832276628896,0.3845438296584816,0.2901914549404553
245.9,0.0640135216524004,0.36408829385237934,0.27661948695659117,0.3871248089812787,0.2869841221105679
245.95000000000002,0.0706662293990546,0.3625787032445867,0.2806500019081015,0.3875315631654305,0.29104706060233276
246.0,0.07321626731511302,0.37142409945014415,0.2804074412537788,0.39260246402504606,0.29133690579379945
246.05,0.06986155909687816,0.36641537290720827,0.27717911051932675,0.395318662933155,0.2959928331569631
246.10000000000002,0.07261931482270151,0.36327349795699804,0.26463502781377723,0.39011299794070187,0.29265483228278677
246.15,0.06997811313681002,0.36842172878717594,0.26217826492893515,0.3979852489819884,0.293965619629552
246.20000000000002,0.06803683681137881,0.36503167593763164,0.26266720253348236,0.3990816852842085,0.29144105734623627
246.25,0.06228375147539436,0.37386324486691114,0.2543537204594047,0.4052417650524865,0.28899731222586217
246.3,0.05951121088934083,0.3773666624259462,0.25237784524672874,0.41059378661950474,0.2981124824980517
246.35000000000002,0.05560050039680425,0.3690966079826868,0.2427205414658196,0.4145685870003611,0.2977836674817891
246.4,0.04963583458974242,0.3739533099862666,0.23943292230208132,0.4133472304304162,0.29054327843046585
246.45000000000002,0.04541099083426571,0.36981847500823006,0.23905251584773526,0.41626049128259307,0.29027710472032586
246.5,0.047968450251892586,0.3683742296302583,0.2324309547063312,0.4218467716484941,0.2856011407820101
246.55,0.038265594345702335,0.36675436627986413,0.2293812188029767,0.42750208949647067,0.2938775500423009
246.60000000000002,0.031118640741843197,0.36175708649351945,0.22117944498062572,0.4287058454117822,0.3003383705777188
246.65,0.029012480762466895,0.36284742953341953,0.2172651986743118,0.4285797104992238,0.30060766415993523
246.70000000000002,0.02038393750004608,0.36148776161784774,0.21611651248121996,0.42631033696070836,0.29265629892752054
246.75,0.02376079284270865,0.3615872684478129,0.21000597118332853,0.41906290259188805,0.29693556666527593
246.8,0.019524806465755072,0.3576759096245382,0.20341764913045113,0.41413792020154083,0.3041222220959782
246.85000000000002,0.016118449451149024,0.35501570921406933,0.19325590606141235,0.42559132004741335,0.30301419079017194
246.9,0.012354719699034579,0.3617394903054129,0.19178343047392574,0.42192986303482016,0.2992126535505295
246.95000000000002,0.013760737788547037,0.3573184287352,0.18225657698109757,0.4321810396401052,0.2855324962564632
247.0,0.013667510136362937,0.36129933395675845,0.18025719874119422,0.4358066123039283,0.29768670379162265
247.05,0.013102935525328315,0.36656303662514483,0.17323146998536623,0.4360699327107971,0.30341112439831375
247.10000000000002,0.013776719662265223,0.3690462773138409,0.1689457999623083,0.42946833050984,0.3105920639150961
247.15,0.018747216951206035,0.36495472268213974,0.15567323348176937,0.4425720683376583,0.3189369796176015
247.20000000000002,0.017878288262667772,0.3637740430926641,0.1553287014516113,0.44790983232418824,0.31254129494039296
247.25,0.023797759118805946,0.3629774126057361,0.1512661819905109,0.431833997516693,0.31821761562258394
247.3,0.028940252907835844,0.35889124475844597,0.1393738922274951,0.4304206543670909,0.3249174677998654
247.35000000000002,0.03529762058823818,0.3541780523462974,0.12444960121925214,0.438119784465664,0.33429705365022705
247.4,0.037303307931953314,0.35315010277326503,0.12313680260015138,0.4423528340876413,0.3380928490602881
247.45000000000002,0.0338675667771276,0.35558461276595604,0.11582545591906322,0.4389501122665387,0.34669449972053057
247.5,0.03826666166578685,0.3579238112778837,0.10006957181441761,0.43841087317209126,0.3522873125868656
247.55,0.03930980581458786,0.35380854392651895,0.08919243973967932,0.4390934942759104,0.3524838605652519
247.60000000000002,0.04116781654104778,0.3587360685054235,0.07743554972669849,0.4353919810349142,0.3448992575776612
247.65,0.048890702370299174,0.3592284729461762,0.07565482193309787,0.4455600650012071,0.3448541846413795
247.70000000000002,0.05034549337792676,0.3714861097243324,0.07204050624991773,0.44541482643327485,0.3550959181289489
247.75,0.05399434771539362,0.36987849571694104,0.059752360629479945,0.4480146738704165,0.34953672219864734
247.8,0.055440597949131705,0.367499774026447,0.05249630900591212,0.4499835850387542,0.3466116620815083
247.85000000000002,0.06224617541243909,0.3669824000099832,0.048217553534937514,0.45112941768044607,0.3580856230326147
247.9,0.06396538328544499,0.36776906491483774,0.04477563458584944,0.4528715170391225,0.3657449009757409
247.95000000000002,0.07543112005660635,0.3714361939443915,0.04194768496344442,0.4554857147617104,0.3611689552592612
248.0,0.07971572461689871,0.37234329531652127,0.04177033206267592,0.448829465137283,0.3697042691501095
248.05,0.0871548405287017,0.3756961029270677,0.03401467292230938,0.4477454395425363,0.3692845368102859
248.10000000000002,0.09577141119966362,0.37637247642614297,0.02829072057668352,0.4444877940122328,0.3666453048072072
248.15,0.103492608518508,0.37944534345980574,0.01905520938635983,0.44776081672414375,0.38128418373563516
248.20000000000002,0.11360976113408497,0.3822439219788909,0.01756344216600412,0.44764915321755583,0.37141073331865904
248.25,0.1208137861731139,0.3866214431498003,0.02133421095120107,0.4565473505239807,0.3764829557451715
248.3,0.12278645052501695,0.38713137084443555,0.02455364448276243,0.454269389817325,0.39177873877261515
248.35000000000002,0.14013168185843464,0.3899921960938434,0.03297864062551497,0.44673176808410414,0.4084970031959749
248.4,0.14312114690302252,0.3852773123333015,0.0369785435258655,0.456048121235983,0.4268912545268023
248.45000000000002,0.14803140765016576,0.38507579411758897,0.04356786055193119,0.45770682142996494,0.4221821460326527
248.5,0.1517227402604938,0.3932936994992467,0.059507470378110924,0.4453506725498469,0.4182594887037939
248.55,0.16245561508421633,0.40008259094778253,0.06465738852403577,0.4523881547132327,0.4112476674810356
248.60000000000002,0.17381357515763451,0.4050094615166244,0.07406318506370345,0.4526321636438889,0.3894717624885585
248.65,0.1740822157210245,0.40395211220139354,0.08885318915335194,0.45675647311416917,0.36879694342946245
248.70000000000002,0.1779395993399093,0.4105260204056229,0.09163361905740224,0.4499148161770437,0.35828290241619326
248.75,0.18291658016132079,0.4097786398884157,0.10938328754200113,0.45675017956123753,0.3270298054881624
248.8,0.19333983646525005,0.41536118380419357,0.11529350128152599,0.4574332817428985,0.3131733976586161
248.85000000000002,0.20111743662547538,0.41542024387774307,0.12610421852190226,0.459252425347082,0.2971438394986049
248.9,0.20932021382591043,0.41828348691449785,0.13529131304231637,0.4616096245106633,0.293068339618368
248.95000000000002,0.2131200472374927,0.4229386184169145,0.1476234337754813,0.4662016248228503,0.28740639022616615
249.0,0.21861728743685946,0.4298030678036024,0.15115761266712988,0.46701501075158025,0.28399393086399344
249.05,0.22759736592003024,0.43293937001032085,0.1580581346203974,0.46893164988598207,0.28019671876840035
249.10000000000002,0.22565863600783245,0.4339065439893534,0.17313331780957167,0.46848200756245434,0.27215532873322956
249.15,0.23114466928389876,0.4404266116608134,0.17874992595763323,0.46624773059435565,0.26412105533014363
249.20000000000002,0.23480029330006694,0.4456175870679438,0.17846959168233362,0.4644654543610317,0.2583883852509978
249.25,0.24072435073542411,0.43529106180252924,0.1779318610457263,0.46348096674594996,0.2602241279641948
249.3,0.24664831166527657,0.4308081664321062,0.18637312370477388,0.4565068841621518,0.2595891673527718
249.35000000000002,0.2521081455484832,0.42859192278193303,0.20385754812740398,0.45373249731231724,0.23739498828613634
249.4,0.2602819561628334,0.432362755444745,0.20949195512494986,0.44382418224409637,0.24469449351513747
249.45000000000002,0.2678401610642332,0.427074765128402,0.21381321736255113,0.4467163505438078,0.2397805106483273
249.5,0.26892845727944015,0.42576034878747343,0.22083633947712486,0.4438257939845519,0.241268533445932
249.55,0.2718885494377508,0.4274729453231043,0.22554507643077676,0.4361084749226344,0.23132692073480843
249.60000000000002,0.27517943038402354,0.42284180994819626,0.2277318969495233,0.44038246996483965,0.2415706322339907
249.65,0.27897946207755087,0.42755617171782406,0.2311302648482304,0.44179748885767994,0.23837659549229293
249.70000000000002,0.28375980157493313,0.4273009764121529,0.23822563718791906,0.4309965726606381,0.24017737530189437
249.75,0.2922114955210903,0.4296513661862535,0.24199027698966538,0.42439106748732514,0.2426693327911353
249.8,0.30525517251398565,0.42954569087429534,0.23896822955355537,0.42188138754726,0.2430620615423723
249.85000000000002,0.3080977963842866,0.42175177257842417,0.24798721467280405,0.4242764742776509,0.2528116636944988
249.9,0.3184250243238208,0.42159810305405626,0.2562580840721411,0.413956197965868,0.2599186751218226
249.95000000000002,0.3224293072401303,0.42358756558463867,0.25695237922177727,0.4077569363091039,0.28111474644007817
250.0,0.3290141513552185,0.4213116917790064,0.26345677836523285,0.39640383774028565,0.28345008059557303
250.05,0.33324265836499173,0.4258210666748565,0.26870996342473497,0.39968185938738354,0.28280730046622893
250.10000000000002,0.33374971823841615,0.41733465193059727,0.2716061148899083,0.39515204655004593,0.2803324222510948
250.15,0.33248331416429483,0.4157064519538081,0.26558527857369835,0.38865641611450624,0.2806175299992487
250.20000000000002,0.3362404156234892,0.42643370180870505,0.26849505913721916,0.3830040434452838,0.2751021970033024
250.25,0.32464349398840525,0.42086540023411845,0.2694281877625607,0.39293188008450086,0.26826928241803477
250.3,0.32035950876861946,0.4181394541659283,0.26847756100544873,0.3962144924574427,0.26347574977550203
250.35000000000002,0.3227599869727636,0.41538959376279805,0.2647570242348977,0.3832108643637651,0.2664673128037648
250.4,0.3231001465202665,0.4102177327609791,0.2713362302771531,0.37511802733916944,0.25623500465242
250.45000000000002,0.3205554922899581,0.3951601649798877,0.2726131309605721,0.3803317568645506,0.24425184638249414
250.5,0.3149701027233691,0.39133601504441595,0.2775300509801638,0.36435033500145686,0.22495291656147096
250.55,0.309296318019183,0.39782842594574286,0.278613277990597,0.36591307047310595,0.21602208728287167
250.60000000000002,0.30787492669288835,0.40226406920198826,0.2885568910631276,0.36873149630410496,0.20239907621622863
250.65,0.304988860414582,0.39941636766416455,0.285293354561209,0.37323478830689577,0.2024479369235585
250.70000000000002,0.3037750488618485,0.39642924332149,0.27964947208704144,0.37292907596083347,0.1988606218961073
250.75,0.2967030392700364,0.40365703166334554,0.28006492428410434,0.3715545971582679,0.18773974818973668
250.8,0.2867297797924332,0.41147870970827954,0.28410127129072116,0.3735470792738506,0.18191503618097796
250.85000000000002,0.2796962622769834,0.4108147606821316,0.2927208835338931,0.3770473777745778,0.177930677642029
250.9,0.2731826579864561,0.4144161204855739,0.29224079792028945,0.3830862582018437,0.1812108807867278
250.95000000000002,0.2704200791809692,0.4214732532190526,0.2920126344897072,0.3776986605755872,0.18371260894430655
251.0,0.26328102161532774,0.4170196850336931,0.2895173584859335,0.3777982059579042,0.1768593128533967
251.05,0.26119871938663286,0.4064993494261594,0.29272974314086264,0.3712499720935132,0.16648027890441378
251.10000000000002,0.25972555830499466,0.4084817466544223,0.29634754332803737,0.36741372586898924,0.16138587313328043
251.15,0.2613919816666173,0.4052771750988619,0.2982009253950892,0.37308648410335027,0.1496830123197886
251.20000000000002,0.25485841727443936,0.4097271521738622,0.3030173557158155,0.37680063779440626,0.1504098420328057
251.25,0.24959263156928346,0.41601648978061506,0.30130251988448553,0.37929518663181266,0.14337237783070997
251.3,0.24023553794795133,0.418187753655562,0.30362304628335307,0.39463981124181363,0.1478864160276814
251.35000000000002,0.2293023812240892,0.42601147348654045,0.3035421539417204,0.3984719448832765,0.15451566247778012
251.4,0.21313145201035452,0.4278017977091435,0.29800815723408475,0.40089896627879057,0.15420396778855508
251.45000000000002,0.2105781844834064,0.43438232415290456,0.3009410711378028,0.39987280083588145,0.1429147789405526
251.5,0.2071965221066541,0.4312067891659568,0.29966911493925436,0.399820427897185,0.13614197805264225
251.55,0.20099653112716534,0.4239073795809817,0.299314410552767,0.39555271223660254,0.1326887008238256
251.60000000000002,0.19644781496998653,0.4224084977259839,0.2901857542347574,0.3932562111387238,0.1275323751253939
251.65,0.18094704876244214,0.42574521354106926,0.28811520184874134,0.38822868699290264,0.12720853318225217
251.70000000000002,0.17782864074770066,0.4274988296877383,0.2861436859514285,0.3919044953777724,0.12241466490298274
251.75,0.180271485924396,0.4262085867956814,0.2811469954426589,0.3847800657343422,0.11778650654824573
251.8,0.1787131880365607,0.42370511376449144,0.28217854113839486,0.379656964490635,0.11419094314790457
251.85000000000002,0.172713719492548,0.41898435959830177,0.2727185755708948,0.3804718738970428,0.1053822001928508
251.9,0.15847354665198146,0.4167737862669555,0.2708498617137727,0.368069931725144,0.10999739032313932
251.95000000000002,0.15775232985593723,0.4106697162577652,0.2665080336763489,0.3670717966957539,0.10418793420576647
252.0,0.14984861962648274,0.4150092699206014,0.2578518129700413,0.37330077464079203,0.10656176061211739
252.05,0.13446857334038095,0.4194887789104996,0.25508146294614287,0.37282237188722744,0.1018358390617654
252.10000000000002,0.12384953238451545,0.41153443510737375,0.25253938057842407,0.3790191768991833,0.10051117882889919
252.15,0.11973961501556797,0.41671541173786164,0.24879580498219572,0.3645956520560733,0.0987679170347873
252.20000000000002,0.11385169484385137,0.41155134398030846,0.23888047988605157,0.3623496756484087,0.09499562101285462
252.25,0.11118209525212107,0.4146965451066925,0.24100797540274063,0.3537102131269249,0.09874723976850143
252.3,0.11105599679199935,0.4031156108075212,0.2326244222871891,0.36095618865816725,0.10654764283642935
252.35000000000002,0.11026029961191736,0.3933783092376474,0.23004068255448498,0.3586826457588802,0.09612810346202588
252.4,0.10623044303921184,0.38920442220285784,0.23357465570085773,0.35471548008108006,0.09874980172191727
252.45000000000002,0.09181775911837818,0.39072283561447013,0.22674883942930826,0.3546138272060152,0.09768970253629317
252.5,0.09170994678670473,0.3851203068212972,0.2199961067856693,0.35628097327351477,0.09798180234871293
252.55,0.0793950011672524,0.38846479851025617,0.21652178186848,0.35097292804237995,0.10087720194836404
252.60000000000002,0.07226323125336562,0.3846160819400389,0.20913199210028918,0.35736933852814085,0.10022178040348007
252.65,0.07731834688334743,0.3859130020217135,0.20028721010409653,0.35914081392858993,0.09511816090646685
252.70000000000002,0.07619919323052739,0.3958960952345659,0.19860058019721133,0.34889708586339785,0.09014276149194628
252.75,0.07147226364880116,0.3905036250433203,0.1882358745276013,0.35535130880460347,0.09579797893447033
252.8,0.06959375526728602,0.3868695022245801,0.185179175487333,0.35908141766020796,0.10011308117984234
252.85000000000002,0.06855777425888032,0.3878706480635821,0.17969695500484326,0.3658686497321966,0.10994714824212054
252.9,0.0755089487317851,0.39402133535142403,0.1716845847194075,0.36047343838886897,0.10285614854479753
252.95000000000002,0.07311487089517332,0.3815626332156323,0.17172060713629728,0.36450020207444683,0.10055298602689718
253.0,0.08369966969256513,0.38561136693353515,0.17086324199994685,0.35322342760551784,0.09897032368730344
253.05,0.08517094623224454,0.38907981062228114,0.16492544503875156,0.36158477462936656,0.09863539300466315
253.10000000000002,0.08342642368526806,0.38717473085500426,0.1552558568056268,0.365234432562482,0.10716607383577616
253.15,0.08846716585669236,0.3840579219839195,0.1483568481377156,0.37304711228600596,0.11797924842429364
253.20000000000002,0.09038890773233474,0.3846472779689793,0.14418539141963568,0.3683012464502673,0.11519302646145219
253.25,0.09216970723372844,0.3827211751422564,0.1424806001700458,0.36828706614049106,0.12310496511352748
253.3,0.103952039804341,0.3763314866584707,0.1402307458725822,0.3699423593698244,0.13472786962100003
253.35000000000002,0.10700668925253425,0.38268378539331577,0.1299278979915378,0.3607839295594602,0.1412423530535766
253.4,0.10945840961955626,0.3812478352300377,0.11711339038449395,0.35974329058720794,0.14956394246398474
253.45000000000002,0.12277583970901432,0.38367653722793377,0.11851195518322678,0.3668467815681508,0.15820171155598373
253.5,0.12945381794118543,0.38254335975205417,0.11151551662423904,0.3614174255814945,0.15817439379884257
253.55,0.1363285607374711,0.3891865993574269,0.0972316983092431,0.36025254782440136,0.16688509460238157
253.60000000000002,0.1516789821117637,0.3924979108630511,0.09441499582796642,0.35893568175483553,0.16260548369405106
253.65,0.15595078880053567,0.3985833898177075,0.09148848919269242,0.36669969269723174,0.163558372770383
253.70000000000002,0.16366172932820552,0.3938166498239327,0.08648649713056543,0.3671242240088984,0.17256958481972992
253.75,0.1762079226672531,0.40072533481682077,0.08772098934059597,0.3645399759135852,0.17359755216792552
253.8,0.18419189865343108,0.40013733784710126,0.08319851712584468,0.35756027512396676,0.16866857319841305
253.85000000000002,0.1886058636595165,0.39749247713908326,0.08366287403698566,0.35956983942116455,0.17822029731077935
253.9,0.20010913064649063,0.40600561160522364,0.08637056486068706,0.3700607966682954,0.18810499779328474
253.95000000000002,0.19646873536974377,0.39989317819907194,0.08636110379029224,0.37159687332521874,0.18982175487970593
254.0,0.19900913508727117,0.40291349448781444,0.08903219229452332,0.3705599936136526,0.19387034889834817
254.05,0.20513889728786663,0.39905951524068545,0.07787099475202644,0.36144234732442426,0.1948572918688021
254.10000000000002,0.21082940516850368,0.39503403244698,0.07884158448099808,0.3572123415930234,0.19962262231811737
254.15,0.2134188072306406,0.39817032452248735,0.07970957802538989,0.3498284130537636,0.19626033369871423
254.20000000000002,0.21440960727007294,0.3892447031225501,0.08590679415302753,0.3582394429516332,0.1963459141759128
254.25,0.22374890396446168,0.3935816995344098,0.08800080532411733,0.3531955183849013,0.19808859768075512
254.3,0.23556587359854186,0.3931281611173788,0.09373667797918993,0.34676251006199826,0.21191760357689526
254.35000000000002,0.24204292970372926,0.39658680462099594,0.10754614990261237,0.35254587211738153,0.21435442011680886
254.4,0.24744481581599834,0.3969643957953996,0.11105020430804685,0.3436529977666859,0.22202203841646834
254.45000000000002,0.25605380116659965,0.39448607237771544,0.11395950410908506,0.35011444203969083,0.21955500785566992
254.5,0.2571851393965281,0.39626190484000756,0.11998612171723796,0.3492485221348837,0.22950466625367577
254.55,0.2588838564822019,0.3900089093516236,0.12799003326297279,0.3371759121404643,0.22981218797477926
254.60000000000002,0.2657870528110705,0.38779946771559715,0.12852538836861793,0.3354595876916946,0.23155990919728545
254.65,0.2630441017372637,0.38749277990423264,0.1343028706924434,0.3271323399710954,0.24442181593670032
254.70000000000002,0.26418785319921867,0.38714805488548426,0.14115615315074195,0.3331244115669035,0.24851337953890554
254.75,0.2715726464817537,0.38273402692195924,0.1437812967350905,0.3366567447572306,0.2550844779285938
254.8,0.27551313826774393,0.38932602039716563,0.15224774330643429,0.3397122183516639,0.2484687753204455
254.85000000000002,0.2725664851902936,0.3949256834743752,0.1628852270670467,0.3376137168955635,0.24785973047169474
254.9,0.27374541638359956,0.38992295548318695,0.16686372820907325,0.3323464754162739,0.2537905778360561
254.95000000000002,0.27211666429644066,0.3940906398101917,0.16789115893871548,0.3260387080582341,0.2690346598275706
255.0,0.2737606551890564,0.3922055185033724,0.17527826754887674,0.3249813617057467,0.2710834018504819
255.05,0.2746397943956864,0.39577841163166666,0.17877530364338506,0.3302328030014666,0.2659436757914727
255.10000000000002,0.2673821473186593,0.4061339844463362,0.17958325857900773,0.3287652234005365,0.26363080587861626
255.15,0.2663545325193613,0.3974079346219161,0.18029855791784627,0.32131913355183883,0.2607028249411885
255.20000000000002,0.27089213208195545,0.39475805120990576,0.17314207158589362,0.3149954752267512,0.2662665815386122
255.25,0.2649455339367853,0.38397202193576496,0.17271565562197622,0.3125669246957339,0.27559887641399844
255.3,0.26309855041319763,0.38260711611055875,0.17128734268478987,0.31119608464890874,0.262371238888587
255.35000000000002,0.25802416007477735,0.38192540218233023,0.15904436008916847,0.3078030437067304,0.26447207398631817
255.4,0.2603453696667663,0.37885199477302894,0.15276051861247478,0.29312927806679107,0.2605460521380904
255.45000000000002,0.25745923058349207,0.37032296495171857,0.1428280090409405,0.2910677999479769,0.2564231688898119
255.5,0.26163170167742184,0.36033141851402417,0.14408026547706942,0.2920701682346768,0.2612739586035525
255.55,0.2605140310643987,0.352991273424018,0.1524277089299146,0.2896730456402856,0.2570459806742693
255.60000000000002,0.2595168833167125,0.34251480518201266,0.15286698488516276,0.2843995680905157,0.26473487799320666
255.65,0.25984659692620643,0.33865364863900205,0.15867579806434592,0.2930423466471145,0.2870937795076777
255.70000000000002,0.2629930406055341,0.346621537940683,0.1561569298333316,0.2934828378809271,0.2963233574125686
255.75,0.25238771797725496,0.339260003962961,0.15444482428977066,0.28961870093730563,0.29330136656124484
255.8,0.2516838223693664,0.33172143756289896,0.14844945627341175,0.2929786458718044,0.30448414230295723
255.85000000000002,0.24729834089430416,0.32913316574733525,0.14626159318386145,0.29276983647743826,0.30230939187945177
255.9,0.24995275537731912,0.3282991514064175,0.14772529316984284,0.29919962048821847,0.29744032317438646
255.95000000000002,0.24419868898457983,0.3263589629745222,0.14802396589090705,0.3055710062280735,0.30582980496667733
256.0,0.23798559221615098,0.3311808677821851,0.138681099292942,0.29481537004628744,0.30471041787430925
256.05,0.23438278988428699,0.32361727333765267,0.14360843359638706,0.299916970711978,0.3008494246360415
256.1,0.22801637024626906,0.32015177922576005,0.14095431155403493,0.3075290852225169,0.30348477441215793
256.15000000000003,0.22280972090895762,0.3272961446680588,0.13719794969497784,0.310737163000045,0.3025078075883614
256.2,0.21873071468438135,0.3301910911286951,0.13714167329238328,0.29730726929698764,0.3003362248031296
256.25,0.21254062443866817,0.3250322142519933,0.13599690760690153,0.2975990728716889,0.3069426546385062
256.3,0.21428805758380925,0.3164234868859936,0.13713835043553377,0.2945735270317789,0.30575995956012836
256.35,0.21581911734492326,0.30847812858761664,0.13123505040299,0.28934302765999814,0.31378318246997017
256.40000000000003,0.20450996960126336,0.30745563182387275,0.11711009420790733,0.28279443176448915,0.3137419787724319
256.45,0.19412865786301503,0.2984745520757866,0.11673109482030421,0.2760711820988732,0.3139510827942073
256.5,0.19121331542816652,0.29732811478933957,0.11011759750572006,0.26984473966952066,0.3100263504893649
256.55,0.18955729685231515,0.2960656026448727,0.10003033662899306,0.2659232922870512,0.31245707806027695
256.6,0.1872104695960066,0.2928379568048128,0.10013408948280225,0.2632315719389196,0.3129358485971905
256.65000000000003,0.1777544060261866,0.29021755683450323,0.091689692169923,0.2532139273347907,0.3116706264067378
256.7,0.18043139468888866,0.28967201382969826,0.08825819350825166,0.25530435644945304,0.3119806852833743
256.75,0.1798581571839265,0.27984922194472933,0.09105707782188967,0.23494429764988486,0.3164299746857216
256.8,0.17346833492839675,0.2732037112106672,0.08765405814069353,0.23615030605418783,0.3298203250896933
256.85,0.16732853902278558,0.27477994234406566,0.08076433749046229,0.23303705840742842,0.32663918960246713
256.90000000000003,0.16250007137154038,0.2669968009935039,0.08241460988997314,0.24165382870567242,0.32518392596935486
256.95,0.15979201310331118,0.27232361819903084,0.08481523193571247,0.23978161319519883,0.3342700630273914
257.0,0.15570904951728162,0.272289555667397,0.0810232775913263,0.24167221049012735,0.33760795413059824
257.05,0.1523864219208032,0.27604117596234784,0.08379398457975179,0.2384698970115498,0.3416933457778565
257.1,0.1450537960242366,0.2744020593017769,0.08469886543263704,0.23950339302615065,0.35852114504777055
257.15000000000003,0.1401092183690179,0.276979535512652,0.08651711408805211,0.2442578152507624,0.36203874489505755
257.2,0.13254190711902694,0.2841837121832533,0.07795863034063061,0.24627837729657556,0.35822192153149207
257.25,0.12827617010659678,0.28047467533592035,0.0754065333950466,0.24675300421083515,0.35031181348305246
257.3,0.1145986421307643,0.2841448568071898,0.06820279385649888,0.2445819670648128,0.34812920953945237
257.35,0.11530383198363918,0.28172120749232915,0.06176685062456233,0.24293540767593041,0.34676679161420776
257.40000000000003,0.1077454864193009,0.27778859802255707,0.05897035793762226,0.24298940514311895,0.3567908488738322
257.45,0.10174418291561026,0.27541210529073873,0.05639503867527234,0.2460353005324204,0.35254249364928375
257.5,0.09615736510109395,0.2776018517450813,0.058024301684087676,0.23928775193760654,0.3529467493976337
257.55,0.09174313209279361,0.2849237619200759,0.05565756734780307,0.2443177229367663,0.3617679938790901
257.6,0.09065625935079086,0.27486444265939247,0.06471649288024162,0.24788139112893687,0.35944068772474497
257.65000000000003,0.08378995610440863,0.27254198303144406,0.06735720476139423,0.23603235716541607,0.35852023081580414
257.7,0.0784654906385854,0.27299555183696617,0.06761014421596134,0.2419682292076434,0.36953576096229296
257.75,0.072529162370781,0.27449750915661364,0.07014250933145141,0.2445040177769456,0.3607436737147326
257.8,0.07113914140217148,0.2686339693171839,0.0795317062560671,0.2332445999609116,0.355238141097508
257.85,0.07025755893883116,0.2700919134144768,0.08381422208191446,0.23323814012597915,0.36195917116332477
257.90000000000003,0.07300234432634632,0.26572636415550066,0.08358691525176322,0.23277975445074728,0.3626655136026333
257.95,0.06820138639764052,0.26087597951887886,0.08532984163979904,0.23018830172290347,0.3513940186770815
258.0,0.07351293689912691,0.2669368290271466,0.09502712880705039,0.2243970581153152,0.3588298897341257
258.05,0.07423165318346038,0.25548019461161164,0.1013333019946897,0.22189682258051124,0.36411770937014193
258.1,0.08165108568112159,0.25497954507665777,0.10470752255592719,0.2145117968619122,0.3765902142022357
258.15000000000003,0.08407339688553112,0.25550922162801876,0.10938117848350325,0.208627861129299,0.38492288276046155
258.2,0.08291105768602401,0.2633371265222809,0.10982989217414278,0.2117009789230772,0.3798283808789078
258.25,0.08040143235711286,0.2588699579831978,0.11676288784551893,0.22249634169775517,0.3729926028687941
258.3,0.07280510903187193,0.2650414570940188,0.1228531480468259,0.21934288066024404,0.3851102973370867
258.35,0.06675228505907861,0.26344964665254256,0.13047323112859785,0.22045372715736936,0.38563955999507754
258.40000000000003,0.07459206075496844,0.26102353656910077,0.14111968476605524,0.21753225446416455,0.37814506639974516
258.45,0.07822610842820057,0.2566167829984265,0.14293952692298031,0.22353884056259368,0.36939269393513696
258.5,0.08215527647282397,0.2547925335984167,0.1368401938197792,0.22202365973234597,0.37077528099823653
258.55,0.08426587844591811,0.25293206593805617,0.1435740544448477,0.21574204315814358,0.3720821541357905
258.6,0.09095573454954498,0.2674451746170892,0.14267903534049572,0.2138109805495244,0.35669509669190796
258.65000000000003,0.09031170416296903,0.2605731731790079,0.14378383293227867,0.2237188164404982,0.3680977257382425
258.7,0.09106960172324856,0.2666045040734925,0.1591278929113014,0.2235491378914252,0.3593844937750161
258.75,0.09492628841588933,0.2652262656202874,0.15871900860963695,0.22203021445701154,0.3610309197765487
258.8,0.10493899809938587,0.2662044092430277,0.16368983232676454,0.21624869744924696,0.3451668849160265
258.85,0.10825640670969128,0.2614032715625542,0.16617215237571833,0.2165270780358299,0.3282421846082825
258.90000000000003,0.12156919257138372,0.26258855304338996,0.16575413702119296,0.21633139403097157,0.31706283444271327
258.95,0.12009131025879756,0.2600183557005288,0.17204976609502154,0.2120246306697089,0.306626921031852
259.0,0.1272809284693654,0.26136730007405284,0.18248975013351512,0.21854486560070102,0.3024837447931832
259.05,0.1337287721071352,0.258724716604986,0.1803233781096311,0.21638161862649802,0.30478031508105946
259.1,0.1390529245562714,0.26701039824717204,0.1875441730771403,0.2153668609673404,0.2973782067501814
259.15000000000003,0.1376667321778288,0.27705004190142246,0.1904860732557719,0.20907299522221245,0.2917914754763745
259.2,0.14844270673335827,0.2749936793300677,0.19263259516282,0.22242988610610823,0.28806279538615637
259.25,0.15513680192223928,0.28295322861046734,0.19381231248394198,0.215855154927014,0.2693059446182445
259.3,0.16333672188821485,0.2809751266913959,0.18722634945506827,0.22052498494815417,0.26628532673166877
259.35,0.1666690305522661,0.28524966218435466,0.19168340673811496,0.22105023514491848,0.2723856238797647
259.40000000000003,0.17761288664238797,0.2948630445821586,0.19245988820525473,0.23079043443517153,0.26266799229215365
259.45,0.1819424111990478,0.29350143396708805,0.1866966067369405,0.23570042925876353,0.24792090221722388
259.5,0.188212592191993,0.28361828816560164,0.1925424526631023,0.2391000967658579,0.23649201744754778
259.55,0.18173109856598854,0.2827807433005139,0.18974571656060255,0.2299723927576531,0.23080210335509754
259.6,0.18473570448963994,0.2918207063547444,0.1929508829147772,0.22146026429165414,0.21443911775300675
259.65000000000003,0.18711313693734377,0.2847790265814242,0.19724084359922733,0.21781645466833197,0.22027268953394194
259.7,0.19260580946796507,0.2784601894757698,0.19619938945994006,0.22089070646307654,0.20697728230062798
259.75,0.19818102609765043,0.2814707827693803,0.20275787024482314,0.21320196789738538,0.20651772831225607
259.8,0.20015496274522007,0.2784642552959499,0.206067455853065,0.21575595618669344,0.19364874955135963
259.85,0.20068914749811187,0.28277591920706163,0.2026829452544728,0.21498205326561476,0.18979882416999502
259.90000000000003,0.20688700902854296,0.2848638016736801,0.20511965406328792,0.20273285276509304,0.19434568043624253
259.95,0.21258906475008013,0.2835308490848163,0.20552859472866578,0.2108924009671414,0.1869022171567986
260.0,0.21621606459577491,0.2858155022040551,0.20629553093770617,0.2160450637484593,0.1776621847788611
260.05,0.21333980574706543,0.289488645187348,0.20787348749655934,0.21275968291291564,0.16625072082435294
260.1,0.21668059823381225,0.2882978102530626,0.20217685426228588,0.21909913313859966,0.15903016956053254
260.15000000000003,0.2163170739273768,0.28747758887971897,0.20872458383460218,0.22055281535799146,0.1605641566670937
260.2,0.22493921055179003,0.2889990920588572,0.20276731412697777,0.21515778792446552,0.15734944560792863
260.25,0.2233483859971513,0.29307187540721946,0.2038432571875419,0.20599115057314088,0.16063534121139966
260.3,0.2285732497349215,0.2886803997678585,0.20072924177981732,0.21294676602074994,0.15912372144993317
260.35,0.23159721767617208,0.28506696481776017,0.1955583131535866,0.2070660182920046,0.1560451657368074
260.40000000000003,0.23226115088975294,0.2836589823820381,0.20069176090978444,0.1957871246232076,0.15767612719540197
260.45,0.22776914551099856,0.2807055408866211,0.20497365872088852,0.2028995651047671,0.1558841313048766
260.5,0.22443383745239925,0.27694976894128637,0.20782330559921164,0.19743623869610374,0.15254875507396926
260.55,0.23176249448326317,0.27361113680894583,0.2092340130593949,0.19797836109948308,0.15217642352225105
260.6,0.2252890611179829,0.27821003120944665,0.21407218981489076,0.19198841471834,0.14830970802833396
260.65000000000003,0.22949806901952696,0.2818789664280654,0.2169127102076171,0.19413943087476654,0.14017951292594255
260.7,0.23414811195894145,0.28387040271266817,0.22272330068866072,0.20434018987688787,0.14034946982653007
260.75,0.23118851381319977,0.29561206788576205,0.221539494633994,0.19831432352153985,0.13454219613550336
260.8,0.22442052090580264,0.29109065461055367,0.22691005177110735,0.20148947072271858,0.13671997699066774
260.85,0.22000228860277504,0.2858622058673964,0.23101388905237347,0.20482298259190987,0.12923429054907415
260.90000000000003,0.22961743678050875,0.28063423611321375,0.22722713756499124,0.1976915393937995,0.11442212790628424
260.95,0.22314596346535018,0.28052343373476846,0.21817657887021508,0.1959177171660975,0.09486595250829209
261.0,0.22346301553695724,0.2869446572531754,0.20893435077934153,0.18863880506546332,0.0831732496961873
261.05,0.22753447994838832,0.28785649694894294,0.2052045363312958,0.19695876962466957,0.09646796439331448
261.1,0.23070880113432451,0.28141051119424176,0.19614262120205517,0.20326815268120976,0.09186217861914361
261.15000000000003,0.23454964958686536,0.28935491649756623,0.19731167859579282,0.19801554678488584,0.08425272418630939
261.2,0.23026548334103408,0.28239625878311153,0.19818093776051407,0.21097103265608833,0.08241307365002395
261.25,0.2305395914889675,0.2866247284924319,0.1953682665706812,0.20843302814407552,0.07099051222236945
261.3,0.23116527713024587,0.2787699759826958,0.19829031925718732,0.2024187490990838,0.06463516319058218
261.35,0.2297741505151414,0.2707816418086733,0.19729356415898333,0.21180282333705616,0.06095128971090212
261.40000000000003,0.2218392990288342,0.278046787998001,0.20129760025233429,0.21214902205157493,0.06120106313632461
261.45,0.2157156334597275,0.2735254090152773,0.20358069267279233,0.221520588050175,0.06145297147995747
261.5,0.21786704022192765,0.2658272941559074,0.20438623472435588,0.22103614132298194,0.06101648217926828
261.55,0.21861064469788508,0.2678381303016203,0.20432058763145938,0.21490785295491133,0.06040997914452915
261.6,0.21106285116838572,0.26621446386556247,0.20437569232260253,0.22161923144820314,0.07032387077796813
261.65000000000003,0.2117725141375138,0.26224277189981093,0.20234565221134265,0.22200049398516333,0.06990884407110647
261.7,0.20793316982755472,0.2541586943483603,0.20154299337663598,0.21561095031540917,0.06754126450314805
261.75,0.20630758177336306,0.254243026783732,0.20451910882523186,0.20762966371673308,0.07213401719879099
261.8,0.19804223145394703,0.24791621040800085,0.2009845541845887,0.2158686856452326,0.0743632501159941
261.85,0.20205179382487212,0.2418668556775393,0.20436529466669207,0.23320863228213323,0.07678563407929893
261.90000000000003,0.200721742943609,0.24523014853688363,0.20312201489446866,0.2415655983111457,0.07556497682435029
261.95,0.19576193202987266,0.24313239887635432,0.1979741673033294,0.2430692862823873,0.07916767235742272
262.0,0.18991149019139383,0.24698574307214358,0.19022604260396903,0.23966403341047368,0.07535491679869467
262.05,0.17747704280047918,0.24605978732156744,0.1793099595930755,0.24162354013052365,0.07254367335787493
262.1,0.17073886275015862,0.25105755821855946,0.17551149332020596,0.23647666404315457,0.0680715239408325
262.15000000000003,0.17032592300515026,0.24576679264320703,0.17113092500733026,0.24563677622478122,0.06390996397728768
262.2,0.1749026247217483,0.2483323889079753,0.16031776679314913,0.23916262164141847,0.07031417864903353
262.25,0.1724867969872528,0.24600699532934112,0.15211203127643685,0.2370361454273959,0.058158394274856015
262.3,0.17378770665048354,0.24050851023846936,0.1468842086466706,0.23757106485018006,0.0639067693234051
262.35,0.17110034488086343,0.24418600877181365,0.15080308312096366,0.234167711549796,0.06059179027037143
262.40000000000003,0.1600892967629403,0.24449534974967868,0.14926361378191855,0.24233411157613877,0.059430294044456024
262.45,0.1633388174362225,0.24724671619874924,0.15004808466753475,0.24249054941225068,0.07031329341796844
262.5,0.1665428328331536,0.25234342339750604,0.142685661385111,0.24386931217115038,0.06340404666257243
262.55,0.16459622754680447,0.24746140940385908,0.14067479510208536,0.2328024642069055,0.05410565006372748
262.6,0.162278394149221,0.23870538783254694,0.14433771428774178,0.23242058367307428,0.058252035658426425
262.65000000000003,0.15582292270992656,0.23308487909709383,0.14882877877367065,0.23692425192418615,0.058759518459856816
262.7,0.14814222961321283,0.2301203308197135,0.14907131424392894,0.23444082218711285,0.06827511831326064
262.75,0.1432716934302673,0.22777238207518155,0.14953771997889123,0.23096519840741286,0.07070207382031504
262.8,0.13958258845507981,0.22707243903728225,0.1582599522980679,0.23785533614174365,0.07396748745312386
262.85,0.1331704606947658,0.22493781158071058,0.15037974266810533,0.23739864832261262,0.06622518153840751
262.90000000000003,0.12845887333752815,0.2218482221844196,0.15782995666416297,0.2309260009664294,0.052616614927170686
262.95,0.12787183543617187,0.2207205259842057,0.15298546475236985,0.23139217828372172,0.0661873237357701
263.0,0.12150063803087308,0.21203488023964148,0.15606008820812498,0.22878827016976233,0.07482765819122873
263.05,0.11583148139262599,0.2102059822730325,0.15054472108877806,0.22209286912789608,0.07408588021664354
263.1,0.11377155698670734,0.1966961457154556,0.15395954396278705,0.23451006895282964,0.08453936228996138
263.15000000000003,0.111160427605946,0.1990723361432784,0.15525504753085123,0.22613870022024843,0.09306243273401972
263.2,0.10681708544762997,0.20425751090632216,0.153211152289718,0.22014080784273707,0.09002535554581352
263.25,0.09840884170408636,0.19669862761333165,0.15177365057997735,0.23107264743134595,0.09190768264794504
263.3,0.09813822767368509,0.202646554655554,0.1592762744637769,0.23710542263501333,0.09643028795744195
263.35,0.10171563071636597,0.2062864902948898,0.17770313743505628,0.24445625410760288,0.10003802646586156
263.40000000000003,0.09986206048523412,0.21289185362729124,0.18664831011822844,0.2449798369782007,0.09640644132904123
263.45,0.09520702155445049,0.213318455431117,0.1881381843596211,0.25973669658916054,0.11117479275777123
263.5,0.09290669717207392,0.22519558369012116,0.1918171367456099,0.26137126655793325,0.11210033742647224
263.55,0.09451689798724881,0.22069019066830753,0.19813136669777145,0.2579569134508716,0.10812100915804417
263.6,0.09391620183219332,0.20758281793487754,0.2012263599052336,0.2690101777105477,0.1104637227597774
263.65000000000003,0.09710959241699241,0.21288920959564664,0.19655290652703672,0.2521253974222603,0.10614305027507441
263.7,0.09758188006272456,0.2115002936433923,0.20053167488569668,0.24341233950428623,0.10455428380285901
263.75,0.10057670616325415,0.20648299461735606,0.20262438465817997,0.24561646328108336,0.10749781320646248
263.8,0.10008441405266065,0.20170979806940262,0.210121743439208,0.24590892939731848,0.11219082880803702
263.85,0.09816366197874504,0.1994159532339062,0.2073698877209892,0.24395685018134947,0.12371697303657272
263.90000000000003,0.0900246188732376,0.20071009240994045,0.20832988203183572,0.2495686215279134,0.11831828497819682
263.95,0.09301181687111958,0.19510980294166202,0.20443291498625285,0.24940354626332442,0.11099327069595992
264.0,0.09498385816059994,0.19733010659024772,0.2051539967749771,0.24781003839258753,0.1092106400879888
264.05,0.0880898477460859,0.1935691402914026,0.2007328493242784,0.24353480137029557,0.1093840104566427
264.1,0.08238122014428237,0.19927586092806895,0.19984186632390208,0.24240872182838877,0.10602811369716278
264.15000000000003,0.077488975950723,0.20066168461232306,0.20411176782923202,0.2546210759380999,0.10110767641904943
264.2,0.0838843582500997,0.20688586651935692,0.19713875169787687,0.2496601968875904,0.10955224523947879
264.25,0.08514832179461715,0.2023644504499381,0.1905077999788722,0.24390125046451241,0.1131684648692149
264.3,0.07933661895416556,0.2060023594548102,0.1845682954891275,0.24156988972461782,0.11293463173622889
264.35,0.07414461517827367,0.2054957324770256,0.1882538849215351,0.24287520844684338,0.12021836909849733
264.40000000000003,0.07881546770219061,0.21290150797347626,0.19155021554588925,0.23545509656716332,0.12293060237554142
264.45,0.08508333285109977,0.21100066368216563,0.19065033408385662,0.2312808483369264,0.11625508973712745
264.5,0.08754683707283767,0.22139275529743885,0.18932920216088575,0.23670079729305238,0.12413656020853181
264.55,0.08722784300375076,0.2197837811366804,0.181544086561773,0.24323748441164983,0.12550607283260257
264.6,0.09301628320045899,0.22083953472624973,0.18604859105134863,0.2512802441649212,0.1180846785361585
264.65000000000003,0.0918260810974697,0.22845562214102436,0.1764031785360889,0.24544880438124275,0.1169144527194926
264.7,0.08852981677743094,0.21824501290851198,0.17990195745785484,0.2470025451811998,0.11512961181401689
264.75,0.0875750753426948,0.21839973085661443,0.18013883586203724,0.24902405348219986,0.13309385815032734
264.8,0.07967509666929529,0.21772115020015048,0.1723007002975194,0.24789946261748302,0.14061211718358457
264.85,0.07589254635009406,0.22339301455293545,0.1694104405151988,0.23729079892348542,0.13743558471532263
264.90000000000003,0.07381681345294186,0.2207438055878882,0.16879077455193167,0.23719591328588877,0.1296370329404834
264.95,0.07042372269226346,0.2219733459583462,0.17376256394131506,0.23047807504020557,0.13123982217456728
265.0,0.06905951963272856,0.22583457800252082,0.168546052101401,0.2330258941073031,0.14362897720502238
265.05,0.061538043825287055,0.22995151696694452,0.16089852160763154,0.239532427078056,0.14307353157692865
265.1,0.04541362975604788,0.2299057266271539,0.16565590975046593,0.24493097290269714,0.1376049469969895
265.15000000000003,0.04587447922219241,0.2307228489842251,0.15988430101964926,0.2401960772706383,0.13881293360071956
265.2,0.04443109748661066,0.23020415929869104,0.1646465800422932,0.23350037064156168,0.148230908574236
265.25,0.04011806952010606,0.2333570410271501,0.157316266687643,0.23909447958231678,0.15319863092006206
265.3,0.035193933800500066,0.2318557674022602,0.153460135647071,0.2402940259041458,0.1551090910740378
265.35,0.027484117770114523,0.2356854258196674,0.15738936822403207,0.2439276498274973,0.15558934571073724
265.40000000000003,0.022127774383428896,0.2331022426968253,0.15217393222308317,0.2537370981032672,0.15886592174793449
265.45,0.014954414743952406,0.23046175407310682,0.14991837903645297,0.24564190132357708,0.15131596324080698
265.5,0.014172054495974824,0.23428286373593007,0.1490122998321037,0.24299250426907115,0.15745917876394944
265.55,0.010187183090247805,0.2379617668909365,0.13930564263913822,0.26047324985440945,0.1699674302003897
265.6,0.005518742241882568,0.24754516266928875,0.13466871833571722,0.2656194963327877,0.16535998633125354
265.65000000000003,0.008197154663158904,0.25332720039650136,0.13156139422821453,0.27423487171382754,0.16666194764756015
265.7,0.01223079973978663,0.2543430361480219,0.13099495189207835,0.2754521975130973,0.16634722311939884
265.75,0.02040179031425923,0.25421289203347713,0.12488228245243685,0.28426032962848746,0.1646590110239521
265.8,0.026568908463394762,0.2566426274231648,0.11610209548362152,0.2768780245828309,0.15966474807509978
265.85,0.03402609845165096,0.2658684637501247,0.11000800061339149,0.28266166530911196,0.15068106528668213
265.90000000000003,0.04197029529267577,0.27143474224059805,0.10495735246325119,0.28699583199695194,0.15382443240107455
265.95,0.0454886282954389,0.28236357434032816,0.0961988163201884,0.2883123258594123,0.15331970665844863
266.0,0.05215238240304375,0.28160945945175603,0.09777106019162357,0.2964580075096287,0.14436725492066707
266.05,0.05518768330387368,0.2798279879728155,0.09757356369327808,0.2925744727477366,0.14411472354152513
266.1,0.05058949866030964,0.28015982191037675,0.0988602828854967,0.2936929018787593,0.1478430343700484
266.15000000000003,0.05406746067129803,0.2836139018088031,0.0889863085655526,0.2846899653093536,0.15282551397432492
266.2,0.06246852166813214,0.2883453002392604,0.0910787705035225,0.2841785164448034,0.14824432135654064
266.25,0.07271717486005104,0.28983904295616697,0.08649273013834746,0.2817800345940066,0.15221723333723702
266.3,0.07382667619543763,0.28454804873996975,0.08313026482187597,0.2916119475496506,0.153022794481395
266.35,0.08014654916681398,0.2791199912832559,0.08085139301118753,0.28881724980114354,0.16461036543123794
266.40000000000003,0.08065346647988335,0.2785448344635652,0.07073278073914217,0.28274516363500746,0.15919298512593666
266.45,0.09122269750148844,0.27988113997086783,0.0635900660926906,0.28152058218561354,0.16284257718599413
266.5,0.09535613271594419,0.28384079953371133,0.061789846377444696,0.29389729817131166,0.15612942401935564
266.55,0.09172522762018469,0.28817717760741945,0.057688678330529757,0.297200356788192,0.1539131076724366
266.6,0.0920285437416238,0.2959598449607657,0.06179506411207054,0.30916661385884503,0.14899206304171053
266.65000000000003,0.08904489720497752,0.29671051771920987,0.06866895804160517,0.303748463535774,0.1482814540324299
266.7,0.09015855193177334,0.2882327441663213,0.07619664612805109,0.3048271824841181,0.1545995238479108
266.75,0.0900082788321463,0.29014028416716886,0.08130368617819292,0.30306224866532766,0.15577088295728997
266.8,0.09535157821497009,0.28636429504029626,0.08902118462149285,0.2968673764417217,0.1563106675832556
266.85,0.09800765936718006,0.2841227670194929,0.09039937756021198,0.2981290317122781,0.17132463232291323
266.90000000000003,0.09241960852293578,0.2831743877794041,0.08940874254981154,0.3063534747716161,0.1743610872700362
266.95,0.09104545782918932,0.2846772271644353,0.08992539089403905,0.3005592427643374,0.1708249012566149
267.0,0.09607624798914603,0.2877919667916562,0.09110386068628717,0.30898786095091246,0.18436423321304524
267.05,0.10501014436522886,0.28896072967698266,0.09351853521978244,0.30668414485232776,0.18706963794939307
267.1,0.11260936796947017,0.2882840929414433,0.10250555542553348,0.30377835051466445,0.2007201541653166
267.15000000000003,0.1186966653513714,0.2858808827738645,0.10861426006873565,0.3098746123597384,0.20321819325074622
267.2,0.1165070485665616,0.28166771569365423,0.116027063649139,0.32204594729010266,0.1955801017781416
267.25,0.11714099149771834,0.2914024263998129,0.11942343033760393,0.32022651400545615,0.19486716683180155
267.3,0.12159362363882088,0.2985801208881707,0.12433432359087178,0.3337321246111501,0.1842449390453166
267.35,0.12042395188759006,0.3000191842875074,0.1341939818075772,0.3291687766268811,0.17296267584190675
267.40000000000003,0.1275741555968937,0.30293369328726505,0.14435055840502498,0.3302249798083422,0.16977872666343405
267.45,0.12424157835580608,0.3091374572010268,0.1445385377898115,0.3330056875407094,0.16132766616052618
267.5,0.12912705632033586,0.301308815652745,0.14273043978179648,0.334618503910647,0.1510800289196274
267.55,0.13559283478503914,0.3044355143988922,0.15261215857493385,0.3247828161379608,0.14642623371017832
267.6,0.146518169139717,0.30001352396409764,0.1562773331746983,0.3289733728638576,0.15094244466625936
267.65000000000003,0.15113076251089677,0.29864835744662754,0.16292908915300586,0.33277533840386214,0.14411737833548047
267.7,0.1517141137222596,0.2948618264671302,0.16464955367355086,0.3360457754703114,0.14088753073736196
267.75,0.1548781859543133,0.2912181796463529,0.16721369221651797,0.3371125358636396,0.13391039013804898
267.8,0.1534908291077823,0.2995392860393569,0.1685488359408905,0.326527155993653,0.13022403468728536
267.85,0.1615248311104111,0.3004554076483122,0.1715703981847686,0.3345281014346363,0.131610146034108
267.90000000000003,0.16219367551280253,0.2963605366363975,0.17553890515175125,0.3395680981505408,0.14330604956079052
267.95,0.17213462023914974,0.2993449915556483,0.17915357160048853,0.3392289143885279,0.1247383723148931
268.0,0.1723969798996306,0.3037220183160322,0.17890903707135855,0.3437092958018569,0.1232969310147023
268.05,0.1700476881569436,0.3052451569660769,0.181508942594547,0.3436136333094677,0.11347444831461168
268.1,0.16858743704316043,0.3017070258594666,0.1852639346983511,0.34381604013770944,0.10835656977341465
268.15000000000003,0.1704910649079135,0.3057972417378962,0.19380223359233956,0.3341226842564475,0.10534674833803798
268.2,0.17083609890641405,0.2981758208041203,0.19714118674804934,0.3345139548576287,0.09673575945035598
268.25,0.1771603923051548,0.2991585670057935,0.19685520949122973,0.3301002175282977,0.08333244848437632
268.3,0.18030412343030516,0.2952678627076316,0.1906676835828279,0.33167527269665953,0.07863256072019327
268.35,0.18784306558800282,0.2800223172473722,0.1955379663088686,0.3282721742126978,0.0794026438457416
268.40000000000003,0.19592074368127177,0.2716178698662604,0.19362147934742555,0.31784714000998865,0.07410565962458651
268.45,0.20769279003187777,0.27258037991370077,0.19186083007329788,0.3164715748394293,0.07938339680763251
268.5,0.2100591284090749,0.25992413775903145,0.18565521329328255,0.3264389733143803,0.08818774121329918
268.55,0.21176702460157495,0.25882044019544437,0.1905077230756069,0.31791737270761894,0.09229201051747819
268.6,0.2168559736561454,0.25078684826522907,0.19049195216390916,0.30835918052117284,0.09188470918138127
268.65000000000003,0.22250543952568536,0.25479012621708086,0.18890274731557713,0.29367823823766415,0.09187157137943405
268.7,0.22835106460772753,0.24813271641104984,0.1899121325170684,0.28198387424544274,0.08585689775189172
268.75,0.2341945311261898,0.25825695152685185,0.19659929739715046,0.2848927781821902,0.09846125453064287
268.8,0.23721715171265,0.251164962983623,0.20012697879874053,0.27750374579714737,0.10628835056705101
268.85,0.2289272337799746,0.253305882246785,0.20285743221653982,0.2703048556365048,0.11167881565616136
268.90000000000003,0.2333834157555355,0.26013764521958077,0.20204341663623882,0.26760194141686994,0.1178205426704928
268.95,0.22559219576681802,0.2651415215820618,0.2061931715588319,0.27102638748030866,0.12542279986268445
269.0,0.21829110551044795,0.2585022840004432,0.20072012815915727,0.2753343339464711,0.11177219153766184
269.05,0.21603831656766,0.2628294935087519,0.20377800082984773,0.2734957194120687,0.11294745266505683
269.1,0.21668212676960755,0.2673555701186142,0.20587262297941603,0.2729409202525573,0.12062107171988332
269.15000000000003,0.22419774288052435,0.2640716037772404,0.2058670288998763,0.2740684791505351,0.12090318885361268
269.2,0.2279583308516912,0.2601672509702214,0.20624192540689137,0.27002504121795434,0.12449298760339148
269.25,0.2247775226316851,0.26348520005049436,0.21283915664182626,0.269492690539476,0.11245345719030103
269.3,0.22145391679127757,0.25935927856809154,0.21848127660403,0.28557770253566755,0.10021080142278181
269.35,0.21868378498896662,0.27017188308890366,0.216135892253447,0.28296273913830655,0.092254691874109
269.40000000000003,0.2290487098246983,0.2779893940464614,0.21085946315397375,0.2934620956906196,0.08946527262380805
269.45,0.23014772272455283,0.28166916356520116,0.20844645342083384,0.2872129852570205,0.0897235067627463
269.5,0.22799873135408788,0.28447089513111623,0.20427013699679775,0.29408668228924156,0.08953889036214048
269.55,0.22634672706542966,0.2864666859682887,0.20768866937053032,0.29739211610704713,0.0888990640517604
269.6,0.2208508874751377,0.28405814905772125,0.19819696742672935,0.2844202423420069,0.0789008671935983
269.65000000000003,0.21016968999053126,0.286098346401948,0.18878580976961573,0.282343359041648,0.07901969603425935
269.7,0.2049212229188728,0.2724604438378222,0.1905893212557977,0.27701150147889525,0.08142643106013121
269.75,0.2033186646588038,0.2747140538295338,0.1832302026131308,0.27200638152219003,0.08391592340727136
269.8,0.197121964318917,0.2782585463051237,0.18152739002833876,0.2704785326940479,0.0902336632319198
269.85,0.19738206533120342,0.2823166952469412,0.17936985095857585,0.25955225807418353,0.09656079975863638
269.90000000000003,0.18880046137510734,0.28372453389984337,0.18504272620551743,0.25370244537252645,0.0897458049154633
269.95,0.194594097055266,0.28569580326201155,0.1766259836507185,0.25102508571512505,0.10056129616582689
270.0,0.1928222405814151,0.28335080190487916,0.18033581418212263,0.2506264903968235,0.10215733121845898
270.05,0.1821067125756804,0.28695378558534884,0.1832492482640169,0.24620715528872686,0.1055040549232874
270.1,0.176324383280579,0.29190975318780193,0.1760312470310617,0.24296848061446635,0.10402555204397211
270.15000000000003,0.17626331678380358,0.2896937448076958,0.1739852250772042,0.24926610499418567,0.10202005445401618
270.2,0.17308600054427659,0.2957661887098202,0.17885600881953123,0.25045213322914717,0.10687930230525797
270.25,0.16284476886684118,0.2935831382072619,0.17506255629841624,0.2534501208272174,0.10917334126447942
270.3,0.1502166575638595,0.3038027918597216,0.17504792424136098,0.24368141012622777,0.11804337247321768
270.35,0.1437149007512742,0.31027982566532536,0.16852305859408423,0.26585484383576075,0.11655480134810646
270.40000000000003,0.14371150708611152,0.3130209606013471,0.16557210888639978,0.2552784698833816,0.11846868776949553
270.45,0.13918886288228183,0.3118810773975557,0.15649972696268882,0.2560685859224901,0.11800422519458634
270.5,0.1282271081925951,0.30871224436166633,0.1516251540325642,0.2573510324641664,0.11655898174988008
270.55,0.12328171106521568,0.307654238272351,0.14904319102468142,0.2548835226955227,0.13017648507504484
270.6,0.12047709485832654,0.3105699062915242,0.13909809251610578,0.24978270731591945,0.1429558165261376
270.65000000000003,0.10580082431802644,0.3029833836257498,0.13602817225966474,0.2627181228945346,0.14249661180258505
270.7,0.09832288629586194,0.30349210596636844,0.12731343709896517,0.25258520090101133,0.13476505265164768
270.75,0.0929959298896376,0.30964535458559633,0.124882114291279,0.2512476009405297,0.14205796741915216
270.8,0.08384498003288378,0.3056844771974295,0.11842802905364941,0.24679202409218823,0.15253074244719164
270.85,0.08283801091240682,0.3115268876832893,0.12254355579999773,0.2467927355839148,0.1495057434426318
270.90000000000003,0.07446279225072851,0.3025109682665739,0.11467689029454656,0.25043826075218456,0.14119681444768373
270.95,0.06949998670720955,0.3026080394498351,0.11464936008387196,0.24163144219036775,0.14363054424605892
271.0,0.06763708106702844,0.2962621138685558,0.11425214152179161,0.23676209728716782,0.1469187910011027
271.05,0.06907513552003147,0.29856756404462215,0.10719553110212841,0.23972432406352112,0.14151962059390755
271.1,0.06869648411792731,0.29138769282840754,0.09902447189745167,0.22980627934412667,0.14387607721499565
271.15000000000003,0.061537514755761046,0.29375930974519093,0.0910168638557968,0.21802625929478162,0.14925086510845836
271.2,0.059216541208851614,0.2857781148720017,0.09631752061968948,0.22494836736426452,0.15464818232335056
271.25,0.048495470954923174,0.2813755387861207,0.09416551361722603,0.22299275772401925,0.16092739671013775
271.3,0.046988465758018176,0.2755663133173356,0.09205655913664394,0.21749075588394934,0.16197392714633163
271.35,0.046922250107660164,0.2735276464963695,0.09635558136328133,0.21237008280176944,0.1638006333620728
271.40000000000003,0.04757593857938251,0.27767186158756807,0.09275736340912964,0.20715998860393398,0.16543239026523684
271.45,0.04319717375186988,0.27233160487845615,0.0857150191937623,0.21167215237711792,0.1696527355486737
271.5,0.03838758914402582,0.2768495966657565,0.08200493165601132,0.20927226633224227,0.17905152424056286
271.55,0.03911748234895708,0.2787982955466895,0.09170688276491597,0.21785458889965137,0.1893894664329509
271.6,0.03317978861042242,0.2770426688948794,0.0962210768695163,0.2056644896962509,0.1902133014767081
271.65000000000003,0.03236847365083823,0.2723891268667044,0.10486984045601601,0.20146188194271752,0.20514654951896513
271.7,0.031073560777768957,0.2685059489338702,0.11229733930372161,0.20616116951996113,0.19520539115663038
271.75,0.03664586159882794,0.25690579345137093,0.11746621616638629,0.20459216428537078,0.20475035639725722
271.8,0.04000601550631422,0.2587912075311106,0.1172282982532095,0.19401273168744368,0.21326897935375427
271.85,0.05617469945841966,0.26002453446218166,0.11943827808405967,0.1973204902167416,0.21873737108029115
271.90000000000003,0.06821425760806915,0.2554928978997582,0.12401369602719005,0.2014856368950761,0.21911320003297066
271.95,0.06865327589439722,0.2697733757904067,0.12566426653706653,0.19666531049483893,0.22304236053246343
272.0,0.07436551384703133,0.2618085856867082,0.12734845234974188,0.19918504234073697,0.2192227569630217
272.05,0.08200967836056888,0.2607142052112108,0.12364132591294116,0.1988884202351169,0.21564595970277767
272.1,0.09213882743194403,0.2628371979464221,0.12518232030063164,0.2063927152434547,0.21674418264720366
272.15000000000003,0.09823539212270194,0.26184508687893704,0.1281069652582877,0.2069214589472622,0.22617795246825514
272.2,0.09863897084135008,0.25018034631038916,0.12837957648986043,0.20616593142505876,0.22902671074534287
272.25,0.10871093203937307,0.2450623015866555,0.14389982279589164,0.2029552140286077,0.23040847826113703
272.3,0.11691025075582885,0.24677137022809714,0.15045771968323657,0.19230837589898514,0.23166695058505682
272.35,0.12320534944023341,0.2405738931064456,0.1539558634021129,0.18988339029724463,0.23485466587130893
272.40000000000003,0.12827412477346511,0.24257131643797913,0.15552937352763527,0.18934852154671028,0.24570549869649616
272.45,0.13405011064510863,0.24922759731769928,0.16182621273368192,0.18950836254245804,0.254846215498718
272.5,0.14196761070279454,0.24525757970613693,0.16570807223910108,0.1951451536187084,0.2575353184564849
272.55,0.14731727307980258,0.24899100256359616,0.16632758884893176,0.18949888774501616,0.256993741397322
272.6,0.15218216714830074,0.2421371421868819,0.17747067454955745,0.18986075593479332,0.25604510417898296
272.65000000000003,0.1569198775740378,0.2397950727649852,0.18455470003303107,0.1853677191682014,0.26802681041920384
272.7,0.16351421911588776,0.2405892849786536,0.18660716043659492,0.1818832794706724,0.2806145060689224
272.75,0.17386552836712216,0.24873354523934763,0.18915686073487353,0.17916228627384034,0.2759954907381547
272.8,0.18254070159100638,0.24352714314337479,0.19967433193006962,0.18246628195340148,0.28769454040378234
272.85,0.18219907855475986,0.24778656448697006,0.20504604681229224,0.17756847759409028,0.2952004935516147
272.90000000000003,0.1893815453096056,0.24848416927158334,0.20707579674750584,0.1775884527734125,0.2975703546660716
272.95,0.19455949663292552,0.25290666140953694,0.20846764439665064,0.17858027485288067,0.309359664385169
273.0,0.20426185686716536,0.2537825729542744,0.20683710376144254,0.17831456669145673,0.3046306225760318
273.05,0.2033059199517768,0.2509051075482222,0.20767380779346564,0.18105336596591315,0.3031291083085544
273.1,0.20620137897391827,0.25453879527518325,0.21178956145881034,0.18196426269974844,0.29752255825428287
273.15000000000003,0.20851061590301662,0.2480963763318821,0.21346346682422226,0.1820389460027879,0.300021984802904
273.2,0.21036699458949965,0.2585283098247278,0.21804897914438043,0.18052170914985533,0.29629022706844543
273.25,0.2182001621974236,0.25388503744853913,0.22082288987173088,0.18449087310608342,0.3034770375887472
273.3,0.23084986653953612,0.25980338814710713,0.22627889874081056,0.1877229610232683,0.298603918609478
273.35,0.2255905221384225,0.2571320390468042,0.22503532088676564,0.1875197530169935,0.30361405744356074
273.40000000000003,0.2332797066607802,0.2544068587631279,0.22420815190806087,0.18346524137156092,0.31371685155818996
273.45,0.23085176168741586,0.261654153543775,0.22386745874731015,0.1890397598354728,0.3064024550062278
273.5,0.23470855411761835,0.2669457653076932,0.2247522178492082,0.19293752591224417,0.3047895957206238
273.55,0.23723823781847297,0.26720209065636524,0.23135827714060891,0.18133167831775812,0.3012486601794084
273.6,0.23784174349723602,0.2699152324612806,0.23242537434418353,0.18984288822054593,0.311548450874599
273.65000000000003,0.24821644757195768,0.2741256018579092,0.23636124878462272,0.17810374180186248,0.30823364971407036
273.7,0.24924591309289928,0.27165559594158895,0.2360982489572781,0.17642489833768718,0.3101031947863089
273.75,0.24838798076396065,0.27622751862997247,0.23522139153813967,0.18085906722472553,0.318652769556744
273.8,0.24688872797494868,0.2784604850161062,0.2367126593872623,0.17321388003964885,0.31925240181490316
273.85,0.24817230029021603,0.2735763564390513,0.24206715127989342,0.17610685428421424,0.3142950398581406
273.90000000000003,0.2545372627460232,0.28335835053836644,0.25087468936984597,0.1661716513943832,0.32573798607143384
273.95,0.25912812027882465,0.2842772944107333,0.2420689783764222,0.15742891259697903,0.32964775471271784
274.0,0.2604501796250992,0.28640878422674293,0.23643625487514638,0.15371797003906085,0.3281479699601318
274.05,0.25748034921697516,0.28568981459639203,0.23067886543178365,0.15719501989323856,0.3283687022738596
274.1,0.25503388558862544,0.28072900372954246,0.22846453646268314,0.15789120541778134,0.3170240768853208
274.15000000000003,0.25228228908219763,0.28803850629585276,0.22753556871310868,0.15984064837084647,0.3219999344269813
274.2,0.25195652170107596,0.29328559695354556,0.23011692775970122,0.165664827827116,0.32131996675522734
274.25,0.2494667315266115,0.29178143985812166,0.21970670021363678,0.16450201681105125,0.32048686569513823
274.3,0.24515258948988383,0.2996456388243363,0.21480428618969646,0.16267561158717753,0.3207113862230746
274.35,0.24091091047821514,0.3099653005941639,0.2075508827225896,0.16831635640199763,0.31831607984092286
274.40000000000003,0.24091928432853454,0.3092676457850908,0.1963588351397347,0.16990063460286162,0.3259019601493872
274.45,0.24186431873196607,0.3102664054004308,0.1882350923924124,0.1622264074624904,0.33052499285389625
274.5,0.2404090772413249,0.30262345125693196,0.1747119519848895,0.16805634468725292,0.32267295821030867
274.55,0.2376331226243634,0.30094307756410377,0.16975900731566781,0.16647274636858356,0.31732497774770685
274.6,0.232950814768942,0.3067140378949187,0.1554893016545347,0.16987752442264492,0.3140388279972137
274.65000000000003,0.2263984036995162,0.32026327758310064,0.13820136462783694,0.17221276996392323,0.29822086897705047
274.7,0.22033980905444392,0.3177274193072036,0.12126492138430582,0.16825628349513969,0.29024719635099616
274.75,0.21458198312338655,0.32280132379658866,0.10681366841623413,0.15860517432846602,0.284859439884078
274.8,0.21853305885105512,0.3187920167754044,0.09631363329738217,0.14230375363898837,0.27499053480297747
274.85,0.21211165903391482,0.3124584259633573,0.08880138822482478,0.1480493629459536,0.26278301761339623
274.90000000000003,0.20219960379636198,0.3154107364236151,0.09129765381108494,0.14366891096667544,0.26198444371354274
274.95,0.20062117724468995,0.31439966386782686,0.07835990091945833,0.14996349676179485,0.25867710954038436
275.0,0.199119750211833,0.32001281446536256,0.07312403361349126,0.14674792396780353,0.2595260449610325
275.05,0.20240115543230583,0.3209825150769411,0.06489498592036212,0.15060469614811747,0.25630641009957583
275.1,0.20554219874389643,0.32377489794508274,0.06169190653525686,0.1403518486478517,0.2612038393294282
275.15000000000003,0.20992293082790314,0.31979105448101147,0.0664983360536015,0.1393702682487615,0.25323999229733674
275.2,0.1987849098757723,0.3285117497047476,0.06055836630928581,0.14350710487680904,0.25113648426292084
275.25,0.19540438023834433,0.33044793108289383,0.05032601024315392,0.14057636013870978,0.24483431468914635
275.3,0.1897356677727589,0.33147748562111684,0.049290655660756376,0.1274462322426112,0.24902560450712286
275.35,0.17406570240664018,0.33104719715752895,0.048615003682439095,0.1258140740344593,0.2409917209779152
275.40000000000003,0.16902523825750582,0.33430168222868273,0.04990113816253016,0.11590977617647481,0.2351945438605489
275.45,0.1646631103900429,0.32859561268819626,0.04081173306243222,0.11746376393349979,0.23865372250989475
275.5,0.16639400726158504,0.3165830325851603,0.03816699603611033,0.10467989035361656,0.22928991805768315
275.55,0.15279165985481846,0.3235628445307596,0.05080122591729758,0.10013207335342914,0.24136415515621681
275.6,0.14296595064798417,0.3202304573061484,0.056628104879112906,0.09344836649267124,0.24751386103168155
275.65000000000003,0.13914824335636142,0.3138440082113157,0.06335571299368156,0.08326074334336601,0.24742203986740707
275.7,0.13568274444705197,0.30386367478530024,0.06887860058539412,0.08421031081177589,0.2439288714370794
275.75,0.1273446725721505,0.3014961235950173,0.07184960440027635,0.0817388034537255,0.2415814561131663
275.8,0.13066188965652986,0.30247658802061267,0.08444261526008177,0.08701140437341126,0.24113420869700916
275.85,0.12476110974694253,0.30591525643366735,0.09142098057972195,0.09065895806386998,0.24399033487317134
275.90000000000003,0.1161893993619657,0.31066900220270305,0.09362740763753233,0.08267754603876297,0.24908902002130645
275.95,0.11917709243989533,0.3014486433680396,0.09914629440789613,0.08844335031057939,0.24721983603503261
276.0,0.11667766412529841,0.3052267344892578,0.10762311047388945,0.08768549960417438,0.2496182702139404
276.05,0.10596401859866664,0.29866228667305345,0.11542478883087003,0.08244137968788025,0.24404561447930673
276.1,0.10333356133485587,0.29574199927371875,0.113742664412423,0.07797326139925509,0.251069153191802
276.15000000000003,0.10035432058376928,0.2921572749516274,0.12483008783547841,0.08506822846096437,0.25636438332282707
276.2,0.09752607511706517,0.3041297689918894,0.14078048070803703,0.08517047199848592,0.24325203136140258
276.25,0.09216201904873189,0.3002224612309219,0.14365820446189664,0.07642258027989741,0.23415581762773716
276.3,0.08868718156608531,0.29724595693305167,0.15322976402464725,0.07368704699621016,0.23334808413967106
276.35,0.09103192363829951,0.3063957397067213,0.16255146978734755,0.07224480340342938,0.21513878977048823
276.40000000000003,0.08518645928516623,0.3043340579532184,0.16732845501670993,0.07383886249875939,0.20528469493125406
276.45,0.08584013402360724,0.3015789849717734,0.1728467056547641,0.08001995416410276,0.19357708965478448
276.5,0.08656131804646698,0.31235434093690867,0.17980743753809392,0.08560173845859304,0.1932080735855356
276.55,0.0781687664793958,0.31119025209598417,0.19380452533870007,0.09427865643428945,0.1820710994109686
276.6,0.07445440468752493,0.3000151261880321,0.1964907953096378,0.09585330349723033,0.17877805304948544
276.65000000000003,0.07491410147202816,0.29192016465066445,0.21278880819451426,0.09357277385865481,0.17100685272261448
276.7,0.0731104756172589,0.2925440575753922,0.22291065613078112,0.08715808764789996,0.1515059191832672
276.75,0.07280386905547256,0.2892066968107065,0.23292316294419385,0.08536448319118173,0.1388796293608224
276.8,0.07744337277114179,0.29088206221249324,0.24005359845734187,0.08838329158662649,0.11929565396005055
276.85,0.07827534624864746,0.2781154034880665,0.24566866685472472,0.08735798934637269,0.12743774386632004
276.90000000000003,0.08232923174553963,0.2726889379589383,0.25646960861850043,0.08415775739671279,0.1274719062792452
276.95,0.08091485936314971,0.27816711315304604,0.2665656972895364,0.07169839143270292,0.10620541327696763
277.0,0.08249496012203465,0.27156017893695,0.27480584093973115,0.07134591200682458,0.08892094023910184
277.05,0.08865807559238459,0.26689269065393334,0.2817532942211951,0.0698612458255611,0.07782423533596969
277.1,0.09172563117323333,0.2718740910104037,0.28733077428273407,0.060623346217185,0.062392287548415123
277.15000000000003,0.09031844635857023,0.263935936303817,0.2927063118975908,0.07233607695471869,0.04373670744489203
277.2,0.09401039748206907,0.2627390448139251,0.3001559626840785,0.07120354576619616,0.033140728831649424
277.25,0.08805357320762615,0.25388356634933745,0.3057014338403051,0.06764575201493567,0.013998693811890828
277.3,0.09223095523028078,0.25235075748450214,0.30429100079735594,0.07222113850576388,0.015176961465724363
277.35,0.09670658947243467,0.25171664517237524,0.31560976912772704,0.07187774873739732,0.020353527210234656
277.40000000000003,0.09974385488160421,0.2433613484613397,0.32143920498381734,0.07369466298333051,0.021349005192690156
277.45,0.10343038694422749,0.23760360239876727,0.31765454694459977,0.06083459536365114,0.014659501731337742
277.5,0.10695439484323206,0.24318314555247264,0.32345544516019187,0.0696171223011145,0.016416856259127362
277.55,0.11113508714734738,0.24546218285060328,0.3236988851411608,0.06671766707421468,0.02426786754666783
277.6,0.11487746668255373,0.23846562532470617,0.32570931467989794,0.0655665081817752,0.024082404212345386
277.65000000000003,0.11840271410694578,0.23005699418805609,0.33247457871621433,0.054154001640832214,0.016819223678345922
277.7,0.12398864952574348,0.22693636006557713,0.33837409785641576,0.06018939769733819,0.01644596433089442
277.75,0.12822470544492964,0.2326828878545709,0.3372565256494885,0.06613764100660674,0.034256131937412906
277.8,0.13402666150221113,0.2343991939138806,0.34586912353279414,0.07231242937069944,0.053730670235474655
277.85,0.1369530455024044,0.23070276587957078,0.34471728527156836,0.06483391190002256,0.061675533802346055
277.90000000000003,0.14564411682317638,0.22838621124898412,0.3460426771458579,0.0691451439713883,0.0688078322668726
277.95,0.15198009598115117,0.22443765560173237,0.34874862774283183,0.07049370912151072,0.07503251020559418
278.0,0.1579529829750678,0.21403635760734746,0.35163172991552066,0.06907468943144927,0.07569470641391175
278.05,0.1666233516180962,0.21808740660547352,0.34927515548379934,0.0678496155111645,0.08918486284273004
278.1,0.17020453770168611,0.21212338746981596,0.34917745697970193,0.06625534509377021,0.09105108700593265
278.15000000000003,0.17704343945116577,0.2123496026838604,0.3505160102148977,0.061805952498952425,0.09763244746661111
278.2,0.17885958643997804,0.21036771107674307,0.34914057793388403,0.06337601974506203,0.10381210294418008
278.25,0.1828365429659612,0.22003886001463654,0.35939302517684724,0.0688053014828236,0.11525975085655063
278.3,0.18594263155171326,0.21424631068783373,0.36140281135883573,0.07595000006440457,0.1295772532212086
278.35,0.19689329853514254,0.21407599402494296,0.36155386605371415,0.0818686133969614,0.13630284483498434
278.40000000000003,0.19766085330514152,0.2129972762663393,0.3687761200058294,0.07826709450821118,0.1364138938930058
278.45,0.1971243922620518,0.20293280926043022,0.3704335834776869,0.07451089591192735,0.14062178770257225
278.5,0.20218844572473696,0.20201673842380966,0.36097083489815307,0.06837670114122073,0.145857650686387
278.55,0.2089925101143066,0.20044573091611384,0.3574077646032823,0.0667792954654188,0.14579305095916073
278.6,0.20651347926613192,0.20163630780081565,0.3569886517708123,0.05372327929040378,0.14009363772945302
278.65000000000003,0.2114517943150934,0.20321604428207551,0.36085311961724004,0.058819540247974596,0.15522116036822087
278.7,0.21323772826770893,0.20613567238308578,0.3541347332241857,0.06063257398751524,0.1637671896443169
278.75,0.21512629066271566,0.2076637207120302,0.3569545766985394,0.06124450024242257,0.16237430035384168
278.8,0.22475155201706679,0.20467982879308266,0.3495287255328705,0.05377595052517067,0.16638980722768448
278.85,0.23054308664380288,0.192376973104705,0.33977806628084745,0.0647040470671487,0.1714796227949781
278.90000000000003,0.23226091433538848,0.18924224948396418,0.3337990370394673,0.07540786890284278,0.17972797242098712
278.95,0.23263863074476937,0.19419739504214234,0.3311767312733128,0.0777984853492175,0.19761505902211296
279.0,0.2358655103568554,0.1923565033421316,0.32637895588952914,0.08552771469834781,0.21102441574494904
279.05,0.23702271835099772,0.18247756226025755,0.31042414894976567,0.08193793004368663,0.2110178304044076
279.1,0.23873054144340092,0.1812869607205628,0.3079135598597984,0.08217924499558656,0.19842646389847568
279.15000000000003,0.24425383957313748,0.17286876768505083,0.30708968158232586,0.09114974761253908,0.20223383963477184
279.2,0.2433938070262509,0.1696200303178081,0.2986963734931575,0.09539572897007728,0.20804714247583223
279.25,0.2382043676356851,0.16708932272315397,0.29805834100735384,0.08875717170019196,0.2108509835223031
279.3,0.24443976583788604,0.1710197994531008,0.28134780348179617,0.09263998053519673,0.21519488553243007
279.35,0.23853196334501126,0.16936383751871156,0.2777842329866036,0.10360118704537186,0.2113283639683596
279.40000000000003,0.2352798859316903,0.17242630989967805,0.2649260287697158,0.09423562121110189,0.21161041282012247
279.45,0.24403487803985244,0.17855539124048592,0.2724076934727852,0.09900448222879125,0.21582491104005383
279.5,0.24248225891358988,0.1793547266560772,0.26166698778598785,0.09422023422141756,0.21140474894439618
279.55,0.24206345405852006,0.18587209463847998,0.2608461606998931,0.08598621105293898,0.21389419401381168
279.6,0.2352436525939088,0.18646864067413968,0.2558871822652513,0.08142029475588493,0.21479842041084965
279.65000000000003,0.2258277831539832,0.1890566768682547,0.2500806808957241,0.08706769017927962,0.2209667203816448
279.7,0.22892185929588854,0.19288901349924648,0.23887230988888766,0.08375726398819561,0.22996998108943206
279.75,0.22712826489000734,0.1829953460509809,0.23725099863079063,0.08195876561522769,0.2340880636888469
279.8,0.22507193530423042,0.18016968102271702,0.23619450295104008,0.07827780934973064,0.23342751313284765
279.85,0.22384233641718748,0.18243233622051797,0.22855888480950248,0.0891409940994614,0.23002971723519625
279.90000000000003,0.2225667447391861,0.18611853673435202,0.2129475195594193,0.07528977060444053,0.22623119104522735
279.95,0.22068816333465655,0.18950224419111353,0.21124228443376716,0.07697162426072808,0.23738806308881888
280.0,0.21867971239363054,0.18220765967522193,0.20180204457205594,0.07694053592995392,0.24086534685822195
280.05,0.2183460699984533,0.18509338363668518,0.19217707794715297,0.08958783761740279,0.2503675322398948
280.1,0.21673473567288457,0.18980986520759613,0.18980376523742626,0.07809261639219536,0.25497153486029184
280.15000000000003,0.2130964428604251,0.19775788197490518,0.17828302044496522,0.07976790243862908,0.25956911762082724
280.2,0.21546637020855555,0.1950193464659288,0.1651594801573525,0.0914074719741487,0.2654392685165972
280.25,0.21582101811218932,0.19183690664333966,0.16306696214798425,0.08914226140103218,0.27061537397320695
280.3,0.21047726182245566,0.19472314500979304,0.16016584276596815,0.0895581724926975,0.2890672349373474
280.35,0.2093803032115807,0.18947589787279567,0.15063674418348272,0.08519285754437579,0.30427283743943306
280.40000000000003,0.2011270907667506,0.1920954635336365,0.1330830541152176,0.0879139031260614,0.325073658353083
280.45,0.19380454510193995,0.19446807551221168,0.12603567573335836,0.09131365306537395,0.3288718846866123
280.5,0.19951983151411193,0.1940644195321816,0.11171452794584603,0.09394098630635375,0.3269224165740236
280.55,0.18918644095803008,0.20374800725846867,0.10700127344116211,0.10094267577464427,0.3278247073574953
280.6,0.18557087344909923,0.19892817977496413,0.09764427419542654,0.10191585169703524,0.33875978170639953
280.65000000000003,0.1815067656019933,0.19645756682890564,0.08765410022657337,0.10702713300333286,0.33964104920458765
280.7,0.17783759569490487,0.20177397821049234,0.08058666631925106,0.10298788734195068,0.342708060355
280.75,0.18077445297902758,0.20157478968134118,0.08640013977104188,0.1084255263085171,0.34766623190654383
280.8,0.1793351771054427,0.2011108496658838,0.08232150393960204,0.09745490552861825,0.3468643657652244
280.85,0.17940664608227405,0.20725157962196694,0.07880410210740646,0.09204546811672852,0.34994767138313293
280.90000000000003,0.17945858374524182,0.20007521768283798,0.07838425644583129,0.10144711225077875,0.35478924282659335
280.95,0.17975537866531138,0.20364131575861555,0.07252056617434816,0.10442937761250061,0.35516104227805473
281.0,0.17668711427457778,0.20975882346979494,0.07884363015259134,0.09680016014354993,0.3485477564267875
281.05,0.17383389761878199,0.20637834519146403,0.08946610229547268,0.09758984735691897,0.3452527582350942
281.1,0.16564605874876123,0.20414946079072763,0.09179473215927068,0.09890266813888691,0.35340072487360247
281.15000000000003,0.16600748286173542,0.20107410233506104,0.09843193135941439,0.09502140189450954,0.36417788339003077
281.2,0.16427526267751608,0.1960476492455331,0.10358544697820879,0.08915822455975188,0.37535722992401466
281.25,0.16113216318975632,0.1962448103245531,0.11560865884736116,0.09026481305348438,0.3908888023628513
281.3,0.15588663429462915,0.2057421997465242,0.11860570753406435,0.09195174978265715,0.39824172986013245
281.35,0.1477398738315836,0.19751308013962396,0.12531074429672198,0.08685597917222024,0.4001308912701696
281.40000000000003,0.14858792448612843,0.20718606803298645,0.12687340453066234,0.09643791069226572,0.41147881281050264
281.45,0.1535477456503288,0.21431741384855477,0.1372367094869141,0.11893019014198748,0.41394787031006175
281.5,0.14910684152870288,0.2123836124896094,0.15048324633018814,0.10812312341562977,0.40600892842967534
281.55,0.14982588029297994,0.21707903734460532,0.1679164195238565,0.10990203573375844,0.40531536139062313
281.6,0.13903754022379286,0.21996135789349247,0.1771049409831586,0.10999572001087397,0.42326389241768003
281.65000000000003,0.1342610571913691,0.2317188263716587,0.18790648704589963,0.11704235845329755,0.42813960070246543
281.7,0.11994084064098454,0.23018705929060085,0.1960983632809685,0.11581967954528086,0.43976928534443505
281.75,0.116898916113666,0.2279098936358037,0.20291453711666332,0.11967446145854128,0.4319165597494846
281.8,0.1169522210089562,0.2284334077661991,0.20739120907165173,0.12596126461149953,0.43001510100249896
281.85,0.11399163008756852,0.24033525473799736,0.20979284488190975,0.11870853019842507,0.4180383758825642
281.90000000000003,0.11049074548580712,0.2431683974221211,0.21722205520835647,0.11778341089405242,0.42414946391092645
281.95,0.10699740952030425,0.24606516925077798,0.2218961721077268,0.11744616156716257,0.4243126743603069
282.0,0.10460296539298157,0.24497091928061696,0.22891746477340355,0.11307850103517911,0.420943260008619
282.05,0.10157383949627495,0.24410899020115004,0.24161505187475793,0.11822656725633006,0.42061861546464363
282.1,0.09866140018861454,0.2458142210981632,0.24521990233926166,0.10356449384739265,0.42874551748280404
282.15000000000003,0.09014901394978776,0.24248307676723205,0.24775171159405118,0.10443140949858355,0.42539318847229096
282.2,0.09592229908864137,0.24817918038715053,0.25260377323507643,0.11163867918681504,0.4178503137854487
282.25,0.09355469045269985,0.24184194309225837,0.2575305685809223,0.12282105091142875,0.4172698389828836
282.3,0.08809013438148701,0.2455000228174467,0.2738098151208139,0.13134838210677205,0.41999751954237485
282.35,0.08314710161780982,0.24237663793440553,0.28302099365986616,0.1289538969251609,0.42677013183123225
282.40000000000003,0.07570413773556718,0.24346584953737632,0.2922809382707025,0.12454629136801929,0.4340674136471347
282.45,0.07040149252961761,0.24518031628306886,0.2963401210997285,0.14346574285696412,0.4368985614184114
282.5,0.07287146808541767,0.2402721638841195,0.29499226921673716,0.13171632624273327,0.4397125264583589
282.55,0.06760339080364686,0.24611533585443995,0.30084833070669326,0.12526597915784526,0.44397243710381273
282.6,0.0645265903128563,0.2423142456949662,0.3111552415743292,0.12467960762364226,0.44363321814992485
282.65000000000003,0.06522742188547685,0.24289570392024357,0.3256634572836095,0.12042745882467341,0.4417638214936846
282.7,0.06497793252810279,0.24022486970129123,0.3238171895820173,0.11236337922762289,0.4459717198952639
282.75,0.058279414588679496,0.23723232645081638,0.31521340756666094,0.12351142726368027,0.43344854165557667
282.8,0.05591993483452314,0.24257171376948772,0.3260940217524044,0.11916062297711807,0.4361338258202309
282.85,0.044857355087826734,0.25068857954616636,0.3356255945435071,0.1291047962712331,0.43399664786667347
282.90000000000003,0.04418806052590761,0.24699196386881228,0.34151671302927705,0.1318451559995784,0.4356461410144757
282.95,0.04537466621562046,0.2397583138731797,0.33865599398770596,0.134539796783799,0.4534260373803016
283.0,0.03413199699685922,0.2395976978454999,0.3470693155092334,0.13530199874305693,0.4475791223445285
283.05,0.029203384867899716,0.2418619537388211,0.3492617748793101,0.13570385177455374,0.4480781451644841
283.1,0.029731642995911765,0.23683662544495407,0.3516493424235384,0.13533107755388113,0.44955510519276015
283.15000000000003,0.030509913249741793,0.2404004405418291,0.35623255068980586,0.13943398882201807,0.44655020259075867
283.2,0.02938441016981914,0.2435943890047213,0.3553563510572351,0.13902510135854784,0.4508861222527019
283.25,0.03006508229247076,0.24203456829873898,0.3631144544498213,0.1505164539312649,0.44874607420160817
283.3,0.026451322199950198,0.2434096064184711,0.3612028997534815,0.15597909059161047,0.44404557695774827
283.35,0.022816537392213128,0.24483923054666115,0.35876654870276736,0.16634864149016534,0.45142576456798916
283.40000000000003,0.026456882634025406,0.2476300048721262,0.35801070790858025,0.17080102757129972,0.45233718985008103
283.45,0.031869043847134286,0.24684199163728884,0.3648968824324924,0.17062134311202565,0.4522696054318662
283.5,0.030784518351998576,0.24668342607375057,0.3653656348395119,0.16914867454971394,0.45226083100905545
283.55,0.029751399620085123,0.2506394432623489,0.36928811132447326,0.1791381816754238,0.4555591331917174
283.6,0.0235282605487189,0.25755692460100105,0.36375645829126485,0.187393183373038,0.4515776846032014
283.65000000000003,0.023056857527372136,0.2637605851384205,0.36163512609623877,0.19024416215811132,0.4538722421251045
283.7,0.0162199547845534,0.2655119783905476,0.3598966963256738,0.1901383817842215,0.4539047308084059
283.75,0.020313051039972833,0.26404612507107156,0.35499640119097164,0.1911037156946219,0.456222000660551
283.8,0.017016443286666627,0.2646685847376537,0.35486027579331936,0.2073087751769794,0.4542663469653309
283.85,0.02196619681691188,0.2682875191366895,0.3619223103558559,0.20003117638307413,0.4444661719830389
283.90000000000003,0.024676055934948028,0.2663547068203417,0.35655335590520637,0.20589359348337877,0.44479825413117463
283.95,0.025608293131003906,0.2718885664773831,0.350199474978513,0.2195030797616349,0.4573111495514871
284.0,0.03238917647987168,0.2673397782770869,0.34906482630505214,0.2220778092584429,0.4524684076345323
284.05,0.037982875618615464,0.27469366420454194,0.3439708500265987,0.22269479161789135,0.44394121045909163
284.1,0.04253478314484141,0.27482400138654,0.34316729280747144,0.22495936234196928,0.4453507387832989
284.15000000000003,0.04537058240984142,0.27376501648234663,0.330048852183205,0.22746857931436126,0.4474154568976447
284.2,0.04718681724477102,0.2721271414797593,0.3243182653139425,0.23134802494597834,0.44857496631077487
284.25,0.052255316933464475,0.2791011307015312,0.3223768780195674,0.23025084202101725,0.43631307069819025
284.3,0.05635209318374129,0.27572779840960554,0.32115449337888646,0.23806465841009208,0.43833786657795365
284.35,0.06052301430364339,0.28187510266320354,0.3139899362839561,0.23676353832054317,0.4375138725486367
284.40000000000003,0.07053664605055457,0.2884992183664214,0.3026912452932367,0.24536097494037382,0.43187814734804786
284.45,0.07347061535438805,0.29109791673683555,0.3009537503950358,0.2447421843323253,0.42817122681841396
284.5,0.07903116423547986,0.2917245850151043,0.2956412403040806,0.24911250656447834,0.41676048491823586
284.55,0.07584492961745119,0.2890509377648583,0.2913476807059514,0.26003464469924364,0.4102966912789803
284.6,0.08287847071119281,0.2999144868295904,0.2829783917167429,0.25215506305396584,0.41209896352938596
284.65000000000003,0.07877162151539803,0.3023728906285455,0.27737285501552916,0.2573212272452549,0.4124582926176928
284.7,0.08006156045385243,0.2982658930361154,0.2794462537534805,0.257089441801815,0.42609808611439653
284.75,0.08275198927467893,0.29265940330626794,0.27822459202806593,0.26095259570389934,0.43023971425899543
284.8,0.08529456243071278,0.28881680728939574,0.2658016276487786,0.25285466594111683,0.42900412502599766
284.85,0.07794789600990941,0.29226071170184004,0.2578058015810386,0.24763912811765218,0.4164194235099163
284.90000000000003,0.0814559975641201,0.2884821382615376,0.25381311362992526,0.2520430130795941,0.4124304031543197
284.95,0.08555332062215569,0.2891596600374687,0.25302996516310866,0.2546910656381859,0.4070426379743868
285.0,0.08788764671099404,0.29481745564737843,0.25127577493542197,0.2468112346672555,0.4197324796339709
285.05,0.09464377527751766,0.2878705031766243,0.2375304188934327,0.24314225645921217,0.42904671198825267
285.1,0.09487311748667607,0.2924376565575379,0.2268032909614822,0.2554006825624331,0.43742149416592996
285.15000000000003,0.09860849979126718,0.28997071132000923,0.21752029634747957,0.2551401686744674,0.4313802491259462
285.2,0.10763390821636454,0.2945277766470583,0.20994705011425874,0.2579264928704783,0.4272303274292465
285.25,0.11258316886245769,0.2922141262587997,0.20223526654998342,0.26888432937599316,0.43391634907441545
285.3,0.11856091299794828,0.2945930874238796,0.20008423780903453,0.26912883252508246,0.43155835475536886
285.35,0.1225779583910133,0.2927958533351708,0.19201239019613214,0.27578380259386764,0.4329654465401724
285.40000000000003,0.12513593471915024,0.2909428633932334,0.17735197572347586,0.28679767894567765,0.4281193882683964
285.45,0.12538996302613908,0.29965160301721844,0.17561567075921125,0.27948803515206166,0.43951805530369864
285.5,0.11864273103319908,0.3006245233516549,0.17568583533362317,0.2851117412656682,0.4519184645033399
285.55,0.1187298227285336,0.3020389494475587,0.16008134474138086,0.27064141179576284,0.44508869683465163
285.6,0.12831301915297333,0.29724370411436424,0.1459756833791309,0.2816812968712815,0.4401382590838657
285.65000000000003,0.13227494284650082,0.3053921212225282,0.13784109159069088,0.26713429119191845,0.42823275287212165
285.7,0.14012862662333037,0.30144116888985517,0.13609102852756652,0.27372009431449634,0.41243579615951625
285.75,0.14708316773495272,0.30746860018334593,0.1230867978971579,0.27533620450280905,0.40870490970599765
285.8,0.14827770925580272,0.31002824171536153,0.11989550907842836,0.2800354072398303,0.4021436803275627
285.85,0.15302368309537723,0.3021119261354478,0.10996726322940555,0.27475133934177776,0.40558500215138293
285.90000000000003,0.1586262069381066,0.3029803442755023,0.09807833748311945,0.27376321700386896,0.40887164295014683
285.95,0.1643550494188304,0.30442146380663526,0.08511800843601965,0.2715414096047076,0.39394895745006636
286.0,0.17505680142646868,0.3046624166010394,0.07212684868987494,0.26805234675033063,0.37039028128786905
286.05,0.17588227819555594,0.3157689928423785,0.06978444724140528,0.2746256890891178,0.35374510030835643
286.1,0.168781359058938,0.31550185271215625,0.05904632164629916,0.27847492533324913,0.3534748350150156
286.15000000000003,0.17828760140823266,0.31683556902783216,0.057374667631383075,0.2788120467635195,0.35616623170438827
286.2,0.18398027552150506,0.3144602248184103,0.05221014814063918,0.26647044556229293,0.356929930237497
286.25,0.18191273445793174,0.31379290068456356,0.04202287894523287,0.2700434518221148,0.36423053205697736
286.3,0.18181741354586858,0.31625394498979925,0.04192848769728211,0.2744627739677109,0.3688295515865888
286.35,0.186249885180136,0.3120821411314115,0.042716505020266096,0.2779363178488714,0.36477836377329054
286.40000000000003,0.18942716745613056,0.31541376227271795,0.04121345189182313,0.27071009937961754,0.36814994323141986
286.45,0.1935051023547246,0.3153368255440594,0.037958968553379005,0.27115865774418996,0.38006139435565345
286.5,0.1954900650454497,0.3075124635902386,0.034565719116699124,0.2673044713871617,0.38052753879691636
286.55,0.1974404178512492,0.3125271822691046,0.02830714708395401,0.2687754849277444,0.3900996753952131
286.6,0.19503987018387112,0.3081963607789249,0.0369293274505908,0.2693483931892487,0.38897655600778364
286.65000000000003,0.1980343769462127,0.31019559771233485,0.04757508062386385,0.2710476769975465,0.39050008133211517
286.7,0.1962352551411529,0.318500990650483,0.05334816376572896,0.2736224336769388,0.3867335749768613
286.75,0.1938321197188396,0.3202931827371305,0.06520393750278375,0.27024100140579593,0.3853209385533864
286.8,0.1892297295471676,0.3192077068471053,0.07131374342818786,0.27903371717971864,0.37467574336656445
286.85,0.1917416194859596,0.31668988923577623,0.0763338612196785,0.2791325589985984,0.3793089842402159
286.90000000000003,0.1878089884993981,0.31559565166871945,0.08095753867513282,0.2786984964075776,0.3819802862207538
286.95,0.18943399058367835,0.31459017753237745,0.08522828880430769,0.27234355017729206,0.3800669444436645
287.0,0.19307621799983626,0.3116343998188497,0.08839305100403838,0.2685058776378555,0.36945602718765946
287.05,0.1942496470606107,0.31286795119656385,0.10310846700346518,0.2785180374336138,0.351845787245534
287.1,0.19286186435846225,0.30549010378128055,0.11249188034857963,0.2853562706168505,0.3473527421857611
287.15000000000003,0.19312526171414066,0.3180634768945542,0.12450887873269104,0.2730479229079972,0.3373196186613695
287.2,0.1979410630157771,0.30395823881764444,0.1361070808976768,0.2861549772684392,0.3342549636086395
287.25,0.2032433044825737,0.31260988499073916,0.14583431514053535,0.28664469284134003,0.33176454279120093
287.3,0.202685607877172,0.32053732322384415,0.1539052516093964,0.27944839440286395,0.3359004652941887
287.35,0.1951745073117334,0.3225483944208818,0.16469358147540633,0.28680584545784826,0.34389994228108617
287.40000000000003,0.18712706099017823,0.3240964756039587,0.16528601611474583,0.2918689580312218,0.34739652964416623
287.45,0.18956348697458858,0.3200234419370467,0.17029479095551317,0.2882590332772483,0.3460215118989483
287.5,0.18757286559014918,0.3191103839927395,0.18009379189299018,0.283402061461375,0.33807419452154314
287.55,0.1900550583478906,0.3101552672505197,0.18752961827798226,0.28096492857422145,0.338680841939448
287.6,0.18581300094123032,0.31113226999790583,0.19134166909802722,0.28542050843041505,0.3290759324450184
287.65000000000003,0.18519614376183605,0.30620118012215536,0.1976985382778145,0.27873227258342015,0.3324928817600498
287.7,0.18248952134549334,0.2963916769215152,0.21210968555840062,0.2789559828012651,0.3148669753636245
287.75,0.17487512960217783,0.30173517245887344,0.21529734849838655,0.2828374385432413,0.3182219023955586
287.8,0.16965876658784196,0.2995177687942546,0.21872424746920147,0.28065354832753675,0.2954038314154302
287.85,0.16731603827771477,0.28753512813310683,0.22424579998436603,0.2758237307907498,0.28370814226053337
287.90000000000003,0.16669911771429322,0.2966211389046424,0.2315954855484283,0.25781728935499787,0.25804686943357924
287.95,0.16292100566396872,0.2884287930157201,0.2298616431512146,0.26379587752901573,0.23633802913152593
288.0,0.16269949305573875,0.29040095685888323,0.23302995672213617,0.2725163022688478,0.21861713998228194
288.05,0.15751921767657123,0.2894761095153557,0.23505306919913935,0.27557098843983696,0.211210760893881
288.1,0.1596900180385342,0.28585987196429763,0.22850983587435264,0.26593873345926494,0.20281296995363668
288.15000000000003,0.15830261131538007,0.28512531619285786,0.23432498766042262,0.2559312073114581,0.20098560707441931
288.2,0.1554211509199,0.27650554636348595,0.23653940902270493,0.252983316555141,0.2032032031539992
288.25,0.15637569635905035,0.26799604837828755,0.23803328761298756,0.2492935225032643,0.19134060112299361
288.3,0.16168960853342426,0.2677350634820171,0.24415120757986059,0.25357361967182895,0.1872553268506679
288.35,0.16072108401916227,0.2606816917882743,0.2480785530002953,0.2508937006908431,0.16769422421795022
288.40000000000003,0.15928464600566317,0.2592850817359187,0.23833475563736423,0.2467859104002981,0.1694583444127633
288.45,0.16150044502822328,0.24433468883327752,0.24418044035318848,0.2316692176200466,0.16930650549388881
288.5,0.16153262876305055,0.2327417711769908,0.2387441411941451,0.23793076328525056,0.16494945684417525
288.55,0.16185453652871806,0.2329004404471053,0.24075802804624927,0.23102749970347564,0.155618737153
288.6,0.16745321843521035,0.23164981473334767,0.24353547727146485,0.2292689695363861,0.15030396487783512
288.65000000000003,0.1579891574592869,0.22899807926822416,0.24396525570465077,0.22265238104863713,0.14076519989901795
288.7,0.14982019894153448,0.22364685007871787,0.24834774412365623,0.2195207904824567,0.13584396191208625
288.75,0.14658496869932575,0.21961494693523043,0.250719900473544,0.21839742091494133,0.12453752384165473
288.8,0.14617688509072604,0.21512058064229062,0.25896127223769416,0.22181837857371106,0.11902794456039613
288.85,0.13740850200093335,0.2175786462422807,0.2584614252414603,0.2193682050307051,0.11819742244016987
288.90000000000003,0.1322856766521393,0.21814281272850566,0.26054104968412783,0.20721513347158782,0.10205679427761555
288.95,0.12311690899122837,0.21266527800652438,0.26666352942677446,0.21054360601365027,0.10433387017762413
289.0,0.12237024067290772,0.21273981637055975,0.2613767983103576,0.20975208351084693,0.09460870909050044
289.05,0.11328421452548297,0.2140562396536727,0.26226237065291447,0.2046116945517517,0.07952085799564154
289.1,0.11572724122039078,0.21788078247249829,0.2677055350065007,0.2009963801231764,0.08035831698607157
289.15000000000003,0.11317610742042271,0.2059849357646561,0.2676291876744625,0.19400895671586202,0.07157725907259964
289.2,0.11745653686479965,0.20760023126981011,0.2664654235941636,0.1882519418956193,0.07067551750691899
289.25,0.10628511200806441,0.19591617031330888,0.2699392327026572,0.20600460493863226,0.06163833975719786
289.3,0.09749010044376082,0.20624095879249518,0.2694488595454608,0.1991028091180184,0.06108623427017461
289.35,0.09671447290207354,0.2074195062952292,0.2710669125876945,0.19362478077423304,0.05637069066532809
289.40000000000003,0.09805766695291238,0.20266013950271186,0.2730760425899158,0.20347643630470455,0.05026505384354159
289.45,0.09712835444083466,0.20773527713162285,0.2714158949061665,0.20828958410316506,0.04637733009810138
289.5,0.09307604374761096,0.21320503479341857,0.2645635636030389,0.2005081609614255,0.04453403669385913
289.55,0.09048693697995674,0.20991406034753013,0.26511180473652673,0.19711569358934908,0.04050942932952357
289.6,0.09417310833090686,0.20932674677168348,0.2636411352527554,0.1891635716278228,0.03691783909892304
289.65000000000003,0.08500771277738076,0.19657332850916645,0.25882588948914537,0.19436073128759884,0.0389712104641352
289.7,0.09309319541261687,0.20995875163610503,0.2677271621728507,0.18639392289355436,0.04429790351797981
289.75,0.08973257713610795,0.20482875032620804,0.2713676325393506,0.19579950427863768,0.035078242032675455
289.8,0.09145885506213718,0.20434002161743117,0.26635771186349466,0.18617518324089727,0.038400943916345735
289.85,0.09016481462368629,0.19813153565869432,0.2655063548391992,0.199835531498039,0.03551507057769769
289.90000000000003,0.08902182709315022,0.2057384040932815,0.2627615372619355,0.20038439813694547,0.038159985818830525
289.95,0.08815005724721406,0.21865158519858868,0.25836189538808463,0.1905786184377864,0.03790081310254416
290.0,0.09031945293254641,0.20991101299016052,0.2671848745966154,0.1850768166783756,0.03668121695805658
290.05,0.09812154662245848,0.20696903388384308,0.2650295613193313,0.18397637930799157,0.0444834310433271
290.1,0.1009386319308285,0.2120922729440047,0.2605129939718198,0.1818545736890084,0.05298738213394527
290.15000000000003,0.10776617672250502,0.2121961570454691,0.2593481427997809,0.18823864836911444,0.05173930779509601
290.2,0.11048244902305875,0.2003014964912335,0.252968461157803,0.18155324043974327,0.062406920307238975
290.25,0.11353179753872936,0.21229252460032608,0.24965195875365256,0.17968643620751307,0.0695993492923472
290.3,0.11797355271832786,0.2111426286150875,0.24256867535852406,0.18426083629877651,0.0707226680612105
290.35,0.12119594764775468,0.20845287724501418,0.24325020971632957,0.17964947971305065,0.06598940130223656
290.40000000000003,0.12355231820822159,0.21908244374673877,0.24299390935048903,0.18093880820441594,0.07139708696312216
290.45,0.12670813256837105,0.22144135132895112,0.24206372500811887,0.18412137451939958,0.06920084986303371
290.5,0.12524938219896645,0.22067195689078703,0.23900909251344662,0.18330180447408706,0.06389298977769155
290.55,0.12147758938300132,0.21920900403418178,0.23427429848787726,0.1734264429407052,0.07151695736205516
290.6,0.12217767989604977,0.21943501064912205,0.2318675688897264,0.1727515361655715,0.08400510248085029
290.65000000000003,0.12801026753551947,0.21856371876552236,0.23256736640538817,0.1731627530259838,0.09572050321056913
290.7,0.13080443009306444,0.22693438231055565,0.22921067373966234,0.16361370620210758,0.08495100563761239
290.75,0.13418013052152214,0.2236879808298542,0.2266304602366781,0.16324746473399537,0.09959297743094285
290.8,0.1346936777570861,0.22412192173731602,0.2205803371545974,0.16375482905350452,0.10007013310912419
290.85,0.14424475922170332,0.22686195960500205,0.2115210257721342,0.17234093701667627,0.10695792462830879
290.90000000000003,0.14615889494984222,0.22551614034425602,0.21478738549864204,0.1720486906302171,0.10123217097585882
290.95,0.1500521686772211,0.23642206496687693,0.21137810795164627,0.17465239966567328,0.09787262751845399
291.0,0.1593414089852705,0.23235858261728903,0.2117734372586643,0.17715323052626822,0.10046269264382475
291.05,0.16539191258347238,0.24117954873350864,0.2046335731902797,0.17142957503677694,0.09759802278503045
291.1,0.17160818627753574,0.2368832261006787,0.19684736735850253,0.16979406350650034,0.09973585891270002
291.15000000000003,0.18204174963630496,0.23820374525144541,0.19489925164274405,0.16649441838699644,0.11227833533407484
291.2,0.18880767997290435,0.23338998649617151,0.1920110183719697,0.16249348543339306,0.11390968122946281
291.25,0.197567322078911,0.22979701673223893,0.1916075585337186,0.16203299295885867,0.11392698030991627
291.3,0.20616138867372333,0.23752912495490014,0.19348491567056791,0.15967295229963432,0.11233671119761951
291.35,0.20699590119643932,0.23731783680014726,0.18500977858659237,0.158199254397748,0.11173832786761807
291.40000000000003,0.20846864811370672,0.23394208456696844,0.18969704618020974,0.14944179717585135,0.12040820466980658
291.45,0.20971647744795788,0.22555095131825836,0.18121404410405426,0.1438881884399526,0.11966835741460316
291.5,0.2168130884044137,0.22261665742749936,0.17684780234479616,0.13999355688586762,0.130012347695523
291.55,0.22622354612746506,0.21938017843358168,0.17611627005361374,0.12802922571716308,0.13457436600054226
291.6,0.22561072745110672,0.21575545559746553,0.16889294628846527,0.13310106036450628,0.1375808283362441
291.65000000000003,0.22763849526325955,0.217855871956941,0.16794218768416355,0.12604732487693865,0.14071032168308018
291.7,0.2311579563614076,0.21931051687084235,0.1614768142603885,0.11784950564974306,0.14621337208288956
291.75,0.24234277937202772,0.22112293937767546,0.15651448927713812,0.11936442714440247,0.14384092688093586
291.8,0.24619365981174252,0.22021062540100172,0.15019429567265036,0.11420485839325534,0.13465834410648667
291.85,0.25704922187912105,0.2171298680677874,0.14644428800905376,0.1184460023674381,0.1360810216458079
291.90000000000003,0.2562413176001276,0.21502428924860215,0.1525889641627046,0.10791344803625981,0.1434631212839147
291.95,0.25814122324625594,0.21414044138945706,0.14808042914350944,0.09908618558059147,0.1415668579532916
292.0,0.2578814924442889,0.215765481452502,0.15171230234107527,0.09992214114470448,0.1552927734250889
292.05,0.25865395994440443,0.2068781966575821,0.14971955581028695,0.098537370380963,0.1586292887048
292.1,0.2625218706381156,0.20576239122551684,0.14665550599911784,0.08984628939812646,0.15869147836705103
292.15000000000003,0.26315864704374486,0.2042026674186581,0.14167480945881303,0.07912649986796545,0.1574283702308717
292.2,0.26488937117797795,0.2063016314859243,0.14135229814400552,0.0796295579252952,0.1572135658083306
292.25,0.26598338157571927,0.2037255019803567,0.1451959722954133,0.08179205440584947,0.15780440471412807
292.3,0.2673905917851922,0.1948969998580232,0.14360703804135094,0.07597143989615902,0.1619076636406888
292.35,0.27262403585766404,0.1893541177098321,0.13941733899649414,0.05847201973765651,0.16047990766621187
292.40000000000003,0.27687568621136804,0.19004726917501244,0.14021976852354137,0.052963501301498,0.1602928036235224
292.45,0.28569643137530665,0.18103253042827794,0.13633181046443688,0.05200161815221424,0.152001883372713
292.5,0.2867327359836694,0.17710977022813018,0.13915337299267702,0.046486453808459546,0.14363180944032453
292.55,0.29046137541050626,0.1747257888205253,0.13490020414856307,0.05197168056665702,0.1512707622326601
292.6,0.29358431462002454,0.17690535411550481,0.12614460980258232,0.043324753867991714,0.15209040790763884
292.65000000000003,0.29690929756735607,0.1585938204413032,0.11524736607133806,0.042067465365435125,0.1453638304331875
292.7,0.29329915137656154,0.15236839555980702,0.10977931970860627,0.03159008611070663,0.1376531854061734
292.75,0.28559711247292185,0.14878654385462883,0.10722350140337164,0.03714887035413394,0.12760901052873758
292.8,0.28067779883112975,0.14089248303406046,0.09900875999994872,0.04070105198977424,0.12875083896320397
292.85,0.27864850637965416,0.14197406979975719,0.08892436537810396,0.04203545545022577,0.12942804337764452
292.90000000000003,0.2793254772678,0.13400788960149318,0.0868911557698563,0.04222765867721415,0.13237639097322054
292.95,0.28730460312873646,0.13552298319456815,0.08137008286831114,0.04686732732687263,0.1366454259756362
293.0,0.2834322451028862,0.1297349260405326,0.0819073635876337,0.037187540157525394,0.1493648224559026
293.05,0.2793610393315447,0.13834823329401658,0.08220416549171723,0.036842540519682936,0.15942120990517455
293.1,0.27585216975361343,0.14163154179719573,0.0772708952937921,0.04841506274080865,0.1656020308700924
293.15000000000003,0.27832868048879256,0.13931198215931087,0.0784204104460636,0.031169883175422814,0.18466135236689837
293.2,0.27821717770080895,0.1331982492136195,0.07245410182637531,0.029382144297031877,0.1760408602180341
293.25,0.27404785021925326,0.13258828870387335,0.06621022486835666,0.03130719204044169,0.16597178656021883
293.3,0.27370532770444295,0.12853465024483254,0.06434339303019102,0.019640859713861324,0.1732450919316386
293.35,0.27676940264533584,0.1212407416160063,0.05893957096810285,0.01791181455999826,0.17358420231012553
293.40000000000003,0.265210866004379,0.11566169702834907,0.05258834298944862,0.024399049182779298,0.1697473027028942
293.45,0.26105634784676846,0.12019213267823356,0.05130411017039306,0.026992817519827253,0.16166928157286767
293.5,0.2618580526970707,0.1116423405745633,0.04525686443484831,0.033472610927083826,0.17929930778797312
293.55,0.26281344848137084,0.11030799491273445,0.04307911902872984,0.044288774856029035,0.18920107238012726
293.6,0.24833564342697592,0.11914102055059833,0.04328242471223391,0.04713300355805954,0.19719693529730856
293.65000000000003,0.24600359788105622,0.10753306815358207,0.034112823209594134,0.04622559790383226,0.20870541070712637
293.7,0.24119470548249178,0.11140525670650964,0.030541227009991824,0.04110693969572332,0.2046507409649689
293.75,0.23725860690153078,0.09942074684150577,0.020420693087012276,0.053183234709767074,0.20734792626302861
293.8,0.22423794180720868,0.09866358324866531,0.011847417489089854,0.050361618698676607,0.21033564442924874
293.85,0.2305466795101089,0.09287672615044042,0.007618009566093898,0.054512440266395484,0.20612603094795307
293.90000000000003,0.22506590320311484,0.09261120326247575,0.0096046654357201,0.04677652372942512,0.21150586243193908
293.95,0.21583344173041494,0.0846457898717209,0.01652130184105381,0.0486022974673076,0.2091398915030857
294.0,0.21098637900348607,0.08466931141767539,0.02650830462514278,0.054809403536606224,0.20971752941266208
294.05,0.20207195236244108,0.0856690877420085,0.028433802333821923,0.050738777210329274,0.20998669605065554
294.1,0.19807553344429676,0.08266545067142306,0.029401677264512704,0.05611301761234423,0.20531943162996766
294.15000000000003,0.19641439729837043,0.08401622204115398,0.03565378070705195,0.05849709382431504,0.2076011348298779
294.2,0.19344383423833184,0.08502024887321565,0.04177171435795622,0.06303692538988778,0.21341615070588343
294.25,0.17926412818956627,0.08228337695418453,0.0491875539536356,0.06467031854655542,0.21075680530080076
294.3,0.17290499328688147,0.07772479362891901,0.05992305590164071,0.07505538435244755,0.216502606865818
294.35,0.16716328114855936,0.07851712544066307,0.062180973215312296,0.07245571728766838,0.2181841712527296
294.40000000000003,0.16307802093186832,0.076496750467621,0.0647038417020917,0.07936998425878534,0.2118333252886897
294.45,0.15612999261055832,0.08418840079842944,0.06813565346402423,0.08168655650214124,0.21420748453350463
294.5,0.15544446748231794,0.08840768121576638,0.0761552171695317,0.09356694632731401,0.21987297327090594
294.55,0.1505564901178523,0.08583087023793994,0.08096875740622304,0.09530269063846211,0.2334729364600657
294.6,0.1414536187269794,0.08969984637122201,0.08563939055870516,0.08474504049386082,0.23365667550208205
294.65000000000003,0.1358349150386155,0.09499766575579247,0.08925402238276284,0.08449391107397146,0.23094665682437646
294.7,0.13544935464703026,0.0983238125129301,0.09088631577870496,0.09236403778908289,0.23520424480115032
294.75,0.1323508468795318,0.09597317360111467,0.0980935645477315,0.09877604433328623,0.2424081105490599
294.8,0.13033073714511972,0.09784037779949027,0.10628436911825735,0.09497046712289406,0.23867001625689116
294.85,0.12683027193132698,0.09756662807168552,0.11517238408413646,0.08627942033820814,0.2473845003146737
294.90000000000003,0.12202329370042082,0.09506740018342405,0.11807029919966655,0.08423241649366571,0.244539026947488
294.95,0.11711420113106148,0.0989772165035629,0.12639293613841135,0.07890352382080762,0.24576350256816104
295.0,0.1197135194057936,0.1062490002180186,0.13254258236919475,0.08953053362636537,0.24604221401014356
295.05,0.11863683362521038,0.10581870699138198,0.14092024450084145,0.085802763299173,0.24124052358274473
295.1,0.1099724446012025,0.1009701344336507,0.15114457470564502,0.0861464814554723,0.24640217050546098
295.15000000000003,0.1031907863157587,0.0980181823430171,0.15446588108289616,0.0727593297072961,0.2448700033380311
295.2,0.09649533532760021,0.0969602271285086,0.16297617212383636,0.07416610344231203,0.2404478827178126
295.25,0.0909916668555341,0.09761290361100926,0.17423738273365785,0.06732845197165281,0.21380497522432182
295.3,0.08927158970016492,0.10453975574557132,0.17735966081585994,0.06742148426830888,0.21589811713602763
295.35,0.08784457371005183,0.09725775177094655,0.18722311966244182,0.07634069655936496,0.21238765803452925
295.40000000000003,0.0858227378426207,0.09811753526923285,0.1933794541369252,0.07597595747750338,0.19651477522340322
295.45,0.08557907275568111,0.10044219871790354,0.20136319383363432,0.08137422164679939,0.19154190045621272
295.5,0.08442220659295824,0.10207735979740076,0.20370941790012237,0.07517533376826374,0.20022642568175816
295.55,0.0879386696819189,0.11380717692709857,0.20224795196121442,0.08017655474010524,0.1996298068922445
295.6,0.09217193750113813,0.11371337018124514,0.212064422705068,0.08223022651794437,0.200799623325952
295.65000000000003,0.08802711081959019,0.11326516422829348,0.21521068517356867,0.08876156889461671,0.20355524496291705
295.7,0.09641313293326825,0.11433160955981041,0.22258629514725534,0.0846445143086339,0.19510838341346293
295.75,0.10029147340383739,0.11855875910710334,0.22866702300775996,0.08147108281387393,0.18299490833911575
295.8,0.101034786105118,0.1236038613958917,0.2325837635945925,0.0827864915267052,0.17354849045347295
295.85,0.09580862909041131,0.12222417149654119,0.23804236311478422,0.0907708663391696,0.17042887135834695
295.90000000000003,0.09932535007083998,0.12143020858708592,0.2437106015796219,0.08269676623629064,0.17441441797314566
295.95,0.10204408142833221,0.1259296279441574,0.24600210438298503,0.07957556794090996,0.17688437102766935
296.0,0.1123777404117483,0.11960787704748568,0.2472687395950425,0.09057002863123453,0.16870199918909376
296.05,0.11853412438188092,0.12570007511337364,0.2609993485435368,0.08310549993368159,0.15466945156474027
296.1,0.1265290080097686,0.12471328979533289,0.2712798460564571,0.07729248837107627,0.13674255839398913
296.15000000000003,0.1335504558914435,0.11603912747248207,0.2705434653340535,0.07588082455633505,0.1120716959374346
296.2,0.14286474416222728,0.11708729040039648,0.2732248030708746,0.07507404311716416,0.10179239795433669
296.25,0.14387706946752582,0.12451595020520265,0.2821470301615513,0.07202230671662195,0.10812858078289554
296.3,0.14841256471102304,0.12440546575335772,0.29281768492329907,0.06431563557510142,0.10820326676926421
296.35,0.1514332065077306,0.11690169932356635,0.2968674499191899,0.06756222329985195,0.09703055305590456
296.40000000000003,0.1610493609132266,0.1215988255791912,0.30031390049415285,0.06613998818841205,0.09115061081552159
296.45,0.17156533614734218,0.12294748685660666,0.30316356107347625,0.06185409715788546,0.08618510166259004
296.5,0.17795315861072358,0.11997616855381954,0.30498150909784516,0.06837987698222045,0.06389581068753072
296.55,0.1722464003534276,0.1155121906780899,0.2974844276050485,0.05787047796461206,0.059486580636523435
296.6,0.1822891104759463,0.11388806376384748,0.30080482268041564,0.0615250356736166,0.05164860665937064
296.65000000000003,0.19087705432032442,0.1085426102369552,0.29490676619728,0.06343143582620461,0.03358096493886256
296.7,0.19408914688622333,0.1165393137566376,0.29669438033542017,0.07006340590716555,0.030821731242775596
296.75,0.1974065873127898,0.12258693930732524,0.29788122946202905,0.059804201460356456,0.029630027416895896
296.8,0.2012056999226523,0.1264872234349009,0.2966349479897354,0.06776918219438266,0.013864988749296365
296.85,0.20228025573014707,0.12194952084169933,0.29221533766871544,0.06428047157177806,0.01237765243950947
296.90000000000003,0.2082348121043724,0.12332361172860262,0.30133349653746644,0.07020152059664354,0.00421211941010534
296.95,0.207750496517669,0.12266960331759613,0.3026384867644558,0.06825329682643706,0.016255607134296766
297.0,0.2145574410980239,0.1246452765030004,0.2981307989819261,0.06608458598450939,0.031102228772515016
297.05,0.21792197419017517,0.12859713212713555,0.30344107491195643,0.06880480442587308,0.054690019465946954
297.1,0.21729051141565145,0.13630377085073056,0.30500889602697145,0.06830299280202697,0.06761788779510046
297.15000000000003,0.2214980080542198,0.1292214273699443,0.3078767910734528,0.06463159466648388,0.06953210646650573
297.2,0.2236729055761781,0.120952364457356,0.30786517502524613,0.05767649618886868,0.07969633257776441
297.25,0.23015018482898045,0.11619875365972326,0.30844279048083423,0.053354671749275204,0.09502653461823002
297.3,0.22995636705938097,0.12773427787276959,0.3175660917539727,0.053691500736637546,0.11284684813548868
297.35,0.22831357684573816,0.1223462768913219,0.3115577658278795,0.05336113741724848,0.14400984913872156
297.40000000000003,0.23160942606036397,0.11643099270229862,0.3119298163798504,0.054026709130757015,0.15617822582787166
297.45,0.2317126903750041,0.10694820751619147,0.3058987699832044,0.05454493679243855,0.17290177834760465
297.5,0.23372837223830328,0.10754259637092099,0.3005984638633416,0.06456370161266946,0.17377940934737907
297.55,0.24826584411058703,0.10739264783874877,0.29320630252691965,0.059968488703527924,0.17948132689017873
297.6,0.2461775930064931,0.11607138187853407,0.28641231361226777,0.06330281098140325,0.1848270297459778
297.65000000000003,0.2435254186322482,0.1174459391468132,0.29027479506544707,0.06785168636583137,0.17202251578175531
297.7,0.24959612978253193,0.11295099221828485,0.2840386900104229,0.07029776884556246,0.16981953041872636
297.75,0.24486197605290466,0.11696157289294842,0.29422080596433375,0.069153722523683,0.16188594349000318
297.8,0.245640339177522,0.11613615228451797,0.2865668249637388,0.06235700096394536,0.1796942054451265
297.85,0.25534151905760544,0.11032752530386934,0.28498906536145746,0.05893570771468798,0.18138290607515628
297.90000000000003,0.25825303184662074,0.11363124025959521,0.27983950730338825,0.06170686914434588,0.18867856942810216
297.95,0.2509022816788925,0.11304707777441658,0.27496397764298136,0.06111593867395503,0.19433407048881973
298.0,0.24980208127849504,0.10896787341581657,0.2681353125798453,0.06420664364721927,0.1957067167438283
298.05,0.2546786529756243,0.10535387518538679,0.2594956972827515,0.06314807252932411,0.1985007643637238
298.1,0.24526335553755896,0.1016532854673545,0.2503028149337213,0.055909957391132595,0.19850379022340686
298.15000000000003,0.24547050663012795,0.10327422514118499,0.24539057468268294,0.055290614886254495,0.19375765881362997
298.2,0.24623101709768663,0.1007968787472942,0.2329772096722825,0.05488450520180984,0.19328388095288673
298.25,0.238206223959641,0.10796172171330132,0.2255183247726958,0.05815229894860926,0.19425593251482404
298.3,0.23994876413128044,0.10226440558257578,0.2192601369488903,0.0687308839402588,0.19390016293976733
298.35,0.24022400865758164,0.10406096222482189,0.22208580981249568,0.07082378882494335,0.188789478028544
298.40000000000003,0.2435846164754046,0.10637220876594632,0.21716025344120182,0.07175661639387378,0.19232180592487566
298.45,0.235883551509716,0.10860296364257292,0.20488262590616774,0.06857149239508135,0.20066015242510818
298.5,0.23252087594619408,0.10982914371413703,0.19906888445025792,0.06789959204296182,0.21171010043104255
298.55,0.23126921288179542,0.10665836144624843,0.18886375925678914,0.0682896630769462,0.22299729313699088
298.6,0.2349010663175888,0.10732274215485348,0.1826239857845744,0.07038866979921785,0.22184811433048096
298.65000000000003,0.23186942475885322,0.10747718655185923,0.17863351118618287,0.07288529924326863,0.22274548214970522
298.7,0.22861326636957274,0.11216173252976136,0.1683774145118148,0.07644790972165157,0.2183902085526111
298.75,0.22465446323721439,0.11445231586905467,0.1592059259709737,0.07824197578665457,0.2214566839740012
298.8,0.2266618864977293,0.11027012967921264,0.14798464738232206,0.08606944023865301,0.21927671204238589
298.85,0.218058327983198,0.11245498203953966,0.13854431105141038,0.08109806062729577,0.21419680379374878
298.90000000000003,0.2191917899472904,0.11845609129804961,0.13399366891635134,0.08553372474218925,0.21666374345167763
298.95,0.21482403316001802,0.11478968691651112,0.12177185100467686,0.09494961449569525,0.2184097208396601
299.0,0.21550707554746887,0.10953811126715664,0.10917408345392043,0.09594009352115969,0.2144415411171826
299.05,0.2068228015609608,0.11164979190972413,0.09529004122999926,0.09306297663086535,0.22758694046753258
299.1,0.2018608180152865,0.12055733163814927,0.09503609876549081,0.10104691824328225,0.2358893568126132
299.15000000000003,0.19433139008943676,0.11160463258659893,0.09535636313568988,0.09797661206809734,0.24563652283028706
299.2,0.18823715786039433,0.11096404591153983,0.0887026746612312,0.09343193206186107,0.24483231535294694
299.25,0.17434460311582878,0.10819232331448055,0.07869085404791105,0.09251626209704457,0.24600904053996006
299.3,0.17037846258323777,0.11420181899998459,0.07063842214358827,0.08881351634913479,0.2444385634848566
299.35,0.17450614379182053,0.1151252033473796,0.06751106586192707,0.09224985924691328,0.2362563629786186
299.40000000000003,0.1682430610400968,0.12734490578496305,0.05115969551413332,0.08512025578050583,0.23636914148120286
299.45,0.15621736635112352,0.124542330966959,0.03866449872168013,0.08883029475622199,0.24139753181098417
299.5,0.16016358593586025,0.12934641435028085,0.03001430119330344,0.09452230586447401,0.23536480637021132
299.55,0.15959890829904244,0.13426765801552104,0.026619064509395936,0.10521949576602153,0.2378981984187307
299.6,0.15657723806875196,0.13863183917298638,0.019400029105848673,0.09877890587071018,0.23911139524770753
299.65000000000003,0.14713612430119516,0.1322141057138728,0.014287071069718858,0.10390814972262225,0.23560765999518365
299.7,0.14957741857093196,0.1323705930969143,0.008354075601542853,0.09584013540554358,0.24168218625594115
299.75,0.1364622938135774,0.1280790594831383,0.009134118262528537,0.1021008209094873,0.24148977221584322
299.8,0.13266816010803267,0.12992516479923238,0.016203643471707795,0.11005166591000615,0.23883749722758538
299.85,0.12913284664712207,0.13152746334054272,0.015591266487100243,0.09728936415708131,0.23685785656907646
299.90000000000003,0.12208550078127585,0.12768631806195882,0.019806987294354955,0.09726359846987837,0.23259396649752137
299.95,0.11525661877073105,0.1257171547030751,0.02056662140054089,0.09513693409379659,0.2301752448972528
