time,uav2_fused_error,uav3_fused_error,uav4_fused_error,uav5_fused_error,uav6_fused_error
0.0,5.70442966351176,16.700510067363027,16.61592705025424,17.221322180573136,18.232051937016017
0.05,7.482886159128874,20.254370956035643,18.316919188692196,14.738379128550847,20.895675793514723
0.1,9.35491505509452,22.017327023223217,19.619852558960346,12.7056443693445,23.082409150773362
0.15000000000000002,10.73529797254918,22.913844477754218,20.466197452362664,10.962874278576049,24.83563437265242
0.2,11.670026612076668,23.35206365647466,20.94085584732683,9.494426053353157,26.154901814162013
0.25,12.275544564189646,23.56809026047581,21.145646405202864,8.313911390067243,27.066488844649722
0.30000000000000004,12.640219271463014,23.669045806668684,21.147923857951678,7.426427697736667,27.61693537769285
0.35000000000000003,12.847657855651484,23.722106343674195,21.00519017338085,6.792275216945453,27.881956751354416
0.4,12.944865215978869,23.74779477069974,20.760837963910042,6.33564539470499,27.930018526896394
0.45,12.965284746797789,23.760714310411938,20.438340898624485,6.020048544659,27.819810609356278
0.5,12.927892315884701,23.75946557651718,20.07256733543561,5.821226182445438,27.59407200056669
0.55,12.85879906243761,23.762978918927242,19.66543632020407,5.715080998049955,27.294795762313072
0.6000000000000001,12.76556376205448,23.749540533967615,19.232086946686863,5.678068670655842,26.930422029124404
0.65,12.650949599417405,23.74907218794292,18.778089357785728,5.667264578783259,26.5239959701468
0.7000000000000001,12.513556798389116,23.757377944829393,18.308792416055308,5.724075077957255,26.084754740604883
0.75,12.364722901840235,23.74759598795938,17.822021053966115,5.7960241336070055,25.608192664061253
0.8,12.195657461604753,23.738349346796543,17.326464342447068,5.911483330660596,25.10603678923287
0.8500000000000001,12.011946788354429,23.732326266229133,16.8223444204906,6.017930452890002,24.589587111314955
0.9,11.81045598381841,23.702481035707205,16.320068247051502,6.127872204457149,24.064395011351174
0.9500000000000001,11.594477538027801,23.68396644851312,15.817685164186198,6.256310314740716,23.54879687463213
1.0,11.372119581649098,23.63454886140528,15.31823071483109,6.381904520744257,23.024744838485507
1.05,11.163329812115121,23.600422027378468,14.823810381635793,6.519545835540513,22.506353062634012
1.1,10.95435054308748,23.56890428278113,14.333233722048092,6.6522151029410255,21.96810112796341
1.1500000000000001,10.755773494551722,23.525575959917912,13.847219838040001,6.782669101905572,21.438109438581595
1.2000000000000002,10.55397073744921,23.473733655033747,13.373877491357572,6.92477331347388,20.89862989339969
1.25,10.354919162876163,23.4254224286117,12.899837661849093,7.073585480951519,20.379717656598462
1.3,10.155799651793428,23.362308486082306,12.43898320145104,7.219414554205889,19.85005283404983
1.35,9.974289353164886,23.281867142976054,11.987999909784048,7.351354335164455,19.343016907364245
1.4000000000000001,9.777695016489698,23.200963573243502,11.558585956444716,7.496806501905815,18.838832635959267
1.4500000000000002,9.57335441901201,23.113896854448914,11.133791376889958,7.631690180877227,18.35742136872289
1.5,9.382725147241818,23.02953041951612,10.740903015112233,7.765214412696131,17.88132413943301
1.55,9.187682852628315,22.936769571941863,10.360114250457885,7.907553988644601,17.44317446413815
1.6,9.000307505559112,22.839837641809904,9.980072188687302,8.039767788419262,17.01652986293945
1.6500000000000001,8.799963724630567,22.73351837018394,9.611670734820615,8.169018406413343,16.592886047329483
1.7000000000000002,8.60366425919441,22.625305141708964,9.265189949179515,8.296553058219128,16.186435061588217
1.75,8.416032905662696,22.500979280958568,8.93966705640739,8.417590287742122,15.782811828560819
1.8,8.229832141321559,22.372508555994557,8.61972914487784,8.546583326815439,15.422198515895449
1.85,8.048881044979352,22.229593170951674,8.31269608062058,8.6644422041155,15.071124120944265
1.9000000000000001,7.891013121377948,22.08106040254019,8.021774458206941,8.777039284901477,14.745524018741234
1.9500000000000002,7.73673995086476,21.939699624384332,7.761880650244235,8.877723835329615,14.434478299748664
2.0,7.582654704088859,21.797268349664247,7.506539186240972,8.985870227996338,14.146936178821052
2.0500000000000003,7.446442982965747,21.66435598313663,7.255886514227578,9.07771882504092,13.872198691138312
2.1,7.329124438180712,21.51775037876996,7.01741811261202,9.160079004860672,13.605899246242336
2.15,7.208281724272557,21.363261066529546,6.79067045960134,9.24416318839734,13.36261001975805
2.2,7.092310944158624,21.20221634961147,6.593266240686671,9.322257798180775,13.131326770824511
2.25,6.97837663593078,21.044966125635494,6.40047028714061,9.390720693843592,12.92431753692274
2.3000000000000003,6.867028795189847,20.883468461713388,6.2240059985889085,9.455338647839275,12.724075096182968
2.35,6.755735773291043,20.73096620364491,6.053869026793098,9.504328961862152,12.539712874825897
2.4000000000000004,6.653402169052723,20.542609138821415,5.909148866210139,9.547118564698547,12.354922915645908
2.45,6.555485334311722,20.349202036322072,5.761332296059834,9.588793707852819,12.181813177442843
2.5,6.475568469035301,20.158935376606696,5.633514078863624,9.618518780118894,12.034336102736301
2.5500000000000003,6.393130302248157,19.96547872849647,5.52396660746281,9.648673636041424,11.89048787981909
2.6,6.325431558121614,19.7927349916813,5.406983283718891,9.657879818007322,11.775615524170377
2.6500000000000004,6.259866155983049,19.59541516036172,5.304518097448629,9.661328672800117,11.648202268295355
2.7,6.210437297927459,19.420401006878386,5.212742634832461,9.661133447126206,11.51400523786065
2.75,6.163672120292829,19.206806584836727,5.13239693795756,9.64606003716244,11.377525509675001
2.8000000000000003,6.119695867567364,19.004674371310106,5.060953060121449,9.6365130103825,11.244967854966125
2.85,6.083829199785758,18.799790288558338,5.003446771231806,9.615271661523993,11.099960170608334
2.9000000000000004,6.057981746230109,18.590872073054083,4.955387925502041,9.567169431370042,10.963183177837069
2.95,6.027187058459602,18.398929785646605,4.902198034381273,9.527998497435465,10.84659613460564
3.0,6.0068546940918885,18.194507822550772,4.868674462993542,9.47930754694135,10.74221900855523
3.0500000000000003,5.991921917232882,17.987008393742258,4.830293911498129,9.422342902565001,10.610203982385833
3.1,5.9745666275348235,17.787123578803005,4.800729097968499,9.362622972121708,10.521731972092166
3.1500000000000004,5.963798052069294,17.57478355001501,4.777987610595259,9.294719415782746,10.418342277012437
3.2,5.947240080218658,17.372457644784074,4.757766723961991,9.218878276260345,10.295011070607469
3.25,5.930030005013057,17.167779444896688,4.735102224876831,9.12793749442175,10.165683866625875
3.3000000000000003,5.922866628741897,16.961430267298628,4.719052140127381,9.034218451221198,10.044735447340557
3.35,5.916407090316388,16.76746757814071,4.706304695053053,8.932107214692024,9.891363337950128
3.4000000000000004,5.90909652435273,16.582824729366987,4.697454356635967,8.83260114598157,9.717041210639088
3.45,5.897487334341538,16.402075806780196,4.687005253510607,8.736852591460137,9.567860544135035
3.5,5.899557252771344,16.205534281336035,4.6781710222967465,8.623193974771457,9.444780750556294
3.5500000000000003,5.894112167539093,16.03046240287794,4.666186606897595,8.506056112232832,9.327321049404716
3.6,5.887955183178329,15.844465253727586,4.6588575763116475,8.370030150555996,9.186735430534295
3.6500000000000004,5.876729401203663,15.668031544727146,4.647781968073698,8.231663113271843,9.036519397245424
3.7,5.862091929132111,15.50567654889068,4.634773104803926,8.110386307964191,8.910069913410021
3.75,5.84275222330335,15.337286054332917,4.622393150003431,7.981478961973475,8.768455117453255
3.8000000000000003,5.839418438881607,15.200021480997759,4.604444507089679,7.846898375454978,8.64053534044976
3.85,5.8182701568569675,15.055056629702388,4.5791735846026675,7.7323105416876325,8.505959292412312
3.9000000000000004,5.7932706335569195,14.910638616605894,4.552155751899011,7.58906999300178,8.355269652175817
3.95,5.775246352856913,14.758283757738676,4.529350812133394,7.455791362244036,8.20623674332486
4.0,5.74714881407326,14.623977290821518,4.500902278340874,7.3300431018939936,8.06897624329284
4.05,5.725925774131762,14.473783277046683,4.471873227375105,7.1940001900628445,7.914184665831424
4.1000000000000005,5.711230633638099,14.331729107799545,4.428518137241593,7.051793295008814,7.797919108076406
4.15,5.674150530408433,14.20756779519506,4.381092515090486,6.923803522264977,7.67510614197956
4.2,5.655214655532681,14.068508090610408,4.326215248762241,6.793522781313152,7.535651373894198
4.25,5.633583934934286,13.93701317920121,4.269369182938163,6.67734746191744,7.353221126808424
4.3,5.600988222511951,13.80512886186183,4.200531434019059,6.573809171354627,7.154086919185479
4.3500000000000005,5.567256585849637,13.662340099895744,4.1277903012411565,6.469461387561134,6.997156198330668
4.4,5.536104770286488,13.531870637612458,4.052664973091364,6.372024852690202,6.837804822810885
4.45,5.4978492605108125,13.416104937147262,3.983884775890016,6.276360441001607,6.679484059036551
4.5,5.451725172960568,13.294739445353422,3.916343652616096,6.181817786509306,6.497996836079281
4.55,5.397601554006334,13.186912731885691,3.840522167831879,6.0995761508670565,6.313276110748648
4.6000000000000005,5.341423040461275,13.079583584629859,3.7680004343460403,6.005513398970693,6.1126940620188455
4.65,5.289242281792587,12.978929602120074,3.7020521520789327,5.9260431268646885,5.9138085617796685
4.7,5.236004616577291,12.894970463193339,3.636906358021982,5.85319605683836,5.713713343943482
4.75,5.190701198005577,12.789244697686982,3.5747724824623277,5.783581087460247,5.536481969039222
4.800000000000001,5.146806556483487,12.690811378737282,3.5067545349780067,5.712578811225464,5.3657678807836895
4.8500000000000005,5.104232163953972,12.607367858189852,3.4306853941120483,5.655778108566499,5.199167247282084
4.9,5.060108489222436,12.515725517688963,3.3540013590520354,5.603728043207907,5.030628888323188
4.95,5.01492628133611,12.41269128935505,3.28594385102952,5.54987558375366,4.861522410012372
5.0,4.975794966354381,12.321867193285723,3.2216879793631565,5.508159359850253,4.700522811927565
5.050000000000001,4.93953868528582,12.235952565396316,3.158320845522721,5.479245419559656,4.521536733949493
5.1000000000000005,4.897092025851162,12.144189380256284,3.1080761252193354,5.44922998089428,4.36562563087201
5.15,4.8624539914744265,12.073274029943189,3.0616666440274813,5.419156078684684,4.2054117374829225
5.2,4.823121930413199,11.983497676753995,3.024854732783619,5.396836372448643,4.037732150484351
5.25,4.798206787799007,11.90153589787663,2.9959141669266818,5.3662406390334,3.851439723390331
5.300000000000001,4.765719077670263,11.81537607598033,2.9699799568317364,5.347182353575664,3.7226584972880845
5.3500000000000005,4.746048051421407,11.747472668410447,2.941628594504202,5.340933185934993,3.5993638540508437
5.4,4.713964260990543,11.668492506875154,2.9270543661953803,5.332870308356093,3.4520215505259206
5.45,4.701774290113127,11.586334884664234,2.9185896007001904,5.322060576912834,3.3298957205984983
5.5,4.69117500090507,11.531823922668547,2.9078188221291175,5.311523543721346,3.195839271778657
5.550000000000001,4.670538371033497,11.461890885473087,2.8972764229336523,5.303121286994583,3.066203278970457
5.6000000000000005,4.662916624920724,11.383328883963895,2.8844024622032167,5.311768839970989,2.956684517999096
5.65,4.642636792153063,11.315999202034973,2.880252794785673,5.32211048524812,2.83692602488555
5.7,4.63649658679786,11.244618246240838,2.8866726865423415,5.319135495709981,2.7333890982640066
5.75,4.640549832317374,11.18598249107503,2.895086921533366,5.300253594921488,2.658416856471425
5.800000000000001,4.6372270550502375,11.107402151399638,2.894440617334787,5.29240424910962,2.61411657041637
5.8500000000000005,4.638996374798804,11.058604688944861,2.9006127502543495,5.288651425303932,2.5572427828880526
5.9,4.628501619797741,11.003803905008741,2.902930135471992,5.293123308191861,2.497096112234576
5.95,4.628576878196577,10.964682694553112,2.9094231222147657,5.30152541772816,2.4020146719975206
6.0,4.62378885182365,10.896629124447383,2.921300024176443,5.285635202588874,2.3193267637939305
6.050000000000001,4.627629736021284,10.8216962483893,2.9290652155843677,5.26396892602595,2.260970749835328
6.1000000000000005,4.627768406927346,10.761896658971395,2.9353748414963947,5.263834428490312,2.1955122651783587
6.15,4.627020347103772,10.725813894736307,2.9352774534761044,5.253699891030968,2.1405066415299023
6.2,4.633250785366515,10.685103048389346,2.937563436821877,5.241627312191997,2.0873903054487157
6.25,4.630811013375578,10.642294800482498,2.937998564199836,5.232583222986758,2.0346580011646345
6.300000000000001,4.6294411770669734,10.601120107202028,2.9443889667919767,5.238606986888349,1.9822017083658587
6.3500000000000005,4.627936333232924,10.561022734259673,2.945433607242557,5.227571815474181,1.924455760305411
6.4,4.632452853773596,10.522725921071372,2.9444753549791534,5.21077224960457,1.9009916829031925
6.45,4.623973194054971,10.486447138861283,2.9470493999956653,5.197925644859286,1.8673145310636208
6.5,4.619755433293659,10.449520353961343,2.945263081007693,5.174517381820783,1.8266261816018121
6.550000000000001,4.616663701299752,10.42771838173635,2.9348602903681353,5.140803972048519,1.803290327999807
6.6000000000000005,4.612438172707088,10.385118497577455,2.9307410310015385,5.122048100445367,1.7867661183735415
6.65,4.608339308447512,10.351206141149618,2.9245561066746673,5.107767325531553,1.7514078094208039
6.7,4.606127733040288,10.328776010750843,2.9250849854873757,5.097898980800278,1.742518993957775
6.75,4.605927322689655,10.306255915113562,2.9076570915116253,5.050995439182449,1.7274002625789975
6.800000000000001,4.595508476208276,10.289409397016694,2.911040148630007,5.021348214112158,1.7041969395004886
6.8500000000000005,4.584212099093948,10.274631549490895,2.905206585038412,4.9816522794749964,1.6772786639213342
6.9,4.578627699998114,10.264525780390464,2.8931412335604816,4.925248332595952,1.6489975924394447
6.95,4.576427175989301,10.260173197998341,2.881644152006075,4.870546222729152,1.6368410108777012
7.0,4.576031018788867,10.25737810753676,2.866212951908258,4.828733854087975,1.6240769074733397
7.050000000000001,4.567933676248509,10.249408949844328,2.8534129608301675,4.784887407522169,1.6195481804037823
7.1000000000000005,4.561805644184697,10.247079633616497,2.847496644813216,4.754478942402741,1.6032019104519817
7.15,4.549016015764595,10.2477751821704,2.8377300455844763,4.703129470387195,1.5897185145201762
7.2,4.541662803736907,10.259438421511156,2.8257526520330596,4.645424280943378,1.5722395987694757
7.25,4.533021041103615,10.248286451586518,2.82252566218007,4.590826543659647,1.5612656570721744
7.300000000000001,4.524339959071587,10.267778544303264,2.803068909642667,4.5222002518240725,1.5542392752880732
7.3500000000000005,4.5060231098664865,10.281134969495522,2.7774437695295853,4.462035175786741,1.55257821591405
7.4,4.50051610368036,10.278298606259606,2.7590373663145096,4.40326139981014,1.545501409041745
7.45,4.484527420575588,10.279723551789218,2.7472348453803654,4.3558793581665,1.5410485453071026
7.5,4.465052348798294,10.277535379071953,2.7418628699391068,4.292968051366432,1.5411100135344045
7.550000000000001,4.4472335876903095,10.28673274368013,2.7228299369935414,4.241721536106279,1.5405113202641678
7.6000000000000005,4.435483322470966,10.283392546462176,2.700124161254872,4.19156703809739,1.5404323597760834
7.65,4.41751090605009,10.278197776753883,2.6793693646147427,4.148472043770581,1.5455771666271587
7.7,4.403170591926142,10.276188155963847,2.6642154573727406,4.10543652773107,1.5464558174803824
7.75,4.387494593340339,10.274312524158953,2.6414356982464766,4.0591214318495314,1.5392035652357356
7.800000000000001,4.377374868745455,10.267175705228103,2.6160890352622928,4.021068752217118,1.5333861728407068
7.8500000000000005,4.366042741978289,10.259783262607218,2.595640772212865,3.9890592151765896,1.520678253441924
7.9,4.347109207333158,10.239243208586958,2.5641950323447134,3.9513674900237543,1.5129532680642903
7.95,4.329544424485602,10.218677417884894,2.5403829090657446,3.928388472399862,1.5072343789023153
8.0,4.3134413730543795,10.196513007414662,2.5224446642906457,3.8994148745648842,1.5050440237548564
8.05,4.300555269872817,10.161552847399566,2.4997972371935084,3.878069559103947,1.508338440858902
8.1,4.2800800967896135,10.125238343418372,2.4739659119571136,3.863660443665323,1.5022615709523188
8.15,4.2679534142968985,10.077596885532826,2.459306249292781,3.8509469158746183,1.4841842957300686
8.200000000000001,4.252038826145658,10.043509162227584,2.4352062609972407,3.8479263126178793,1.4860370049721623
8.25,4.236853039470807,9.989114316626553,2.4055632722306823,3.8352935319157506,1.4723905943615492
8.3,4.224713245520733,9.927304984283317,2.38487228529178,3.821546083733766,1.441958157932342
8.35,4.217544591264279,9.869590768685914,2.356715967066313,3.828594851357694,1.4242093570785777
8.4,4.204476408229548,9.806667953069264,2.332258484448922,3.837127952868369,1.4044021718155515
8.450000000000001,4.201589633826567,9.730820546219187,2.303690984246829,3.839364448035115,1.3890377634547129
8.5,4.190643962503309,9.628969783191028,2.277178803172715,3.8584894993498016,1.3732529189019222
8.55,4.187201454025215,9.520174339345793,2.253227874569746,3.8706829808065453,1.3616161109803158
8.6,4.184872583897193,9.442194431845808,2.227164017801188,3.8979883378882962,1.3675582397310706
8.65,4.178829860855038,9.358715956664103,2.2140623766353555,3.922106439511658,1.3542508920940215
8.700000000000001,4.1630484495188576,9.273669522321839,2.1927146008685363,3.931785824180979,1.3449610994109837
8.75,4.158601953631213,9.16943291544996,2.166234544152054,3.95602496648788,1.3366395977814294
8.8,4.1490037868593745,9.066287569507951,2.148714608514725,3.9879016945521024,1.319119668726925
8.85,4.147167400730167,8.939130691559654,2.13359754814136,4.006215020170997,1.2760019127174451
8.9,4.1365844336375215,8.844223396654222,2.113502281785346,4.034087643434284,1.26425277911995
8.950000000000001,4.125005062624481,8.730507171167908,2.1067440163982725,4.063960629294719,1.245088061294951
9.0,4.122005760858245,8.631757253201108,2.0912685471206514,4.084683966087918,1.2256474258789234
9.05,4.120040070924156,8.524815215945821,2.0857878727301875,4.11432371052437,1.212293941706311
9.1,4.111087840685852,8.413020156680346,2.082652587765838,4.129902889209766,1.2068267630410912
9.15,4.105766110393347,8.312730612161985,2.075308418091695,4.159523732790843,1.2056748506838766
9.200000000000001,4.097350736342007,8.197958765511611,2.0604337902090077,4.186246986585218,1.1945045879735277
9.25,4.079760615502194,8.086853589833755,2.0478563268186663,4.2078083052681015,1.1767580038614942
9.3,4.067993624251219,7.98860152554513,2.0324993744031543,4.248255491295196,1.151489583894089
9.35,4.060024118930365,7.881609174895966,2.0229228437827347,4.275375854551258,1.1457144277548457
9.4,4.052479232224218,7.78728449731361,2.015380781354022,4.29866412472255,1.1520329665999216
9.450000000000001,4.04228183458036,7.706328860265203,2.0180559235640527,4.323241164566807,1.1425820096058086
9.5,4.036285304317057,7.613328975733271,2.016513815972059,4.343727223903318,1.1320497761983006
9.55,4.01166388842494,7.541667580679063,2.005309477377524,4.357455856095622,1.1123049132769873
9.600000000000001,3.9963001449187714,7.478262363501986,1.9911698387121035,4.385907683922141,1.121299834966108
9.65,3.9795097451896835,7.417127976652544,1.9721987167705428,4.393042864122872,1.125538483778692
9.700000000000001,3.961673758586632,7.359348560749533,1.9556141636688182,4.409455270006745,1.1273906241655804
9.75,3.938747437293488,7.311583005868559,1.9341845179662283,4.427012122332756,1.135290296879499
9.8,3.909016828941166,7.23883846213557,1.9154841650997774,4.440141880906821,1.1463676748195843
9.850000000000001,3.8810642352158533,7.184466375161545,1.902875751258168,4.461677533331019,1.1590879743046263
9.9,3.848734300609884,7.1495496548595785,1.889232372500194,4.490119983329772,1.1693154958231273
9.950000000000001,3.814330511660137,7.119358586279639,1.8740577129080487,4.493999755197551,1.1641999822553175
10.0,3.7850544283428507,7.090073331693329,1.8661014518421275,4.497373653413956,1.1725881920147236
10.05,3.7557333657496406,7.056687889181173,1.8582109823715853,4.488954356886195,1.1867334171462849
10.100000000000001,3.7093082522248095,7.0472783450095795,1.855714579915122,4.4979166638376356,1.2031245343257226
10.15,3.672787827708205,7.036342758332051,1.8549909256193167,4.502292669151548,1.2019715728599163
10.200000000000001,3.6358761514222744,7.030697420790182,1.8459184892918805,4.489207371256587,1.2187191712102357
10.25,3.5885563172680186,7.017460062454914,1.8236100925498924,4.4844337478247365,1.2300052279334157
10.3,3.540436205926058,7.028156163913377,1.7928850425873704,4.48625958801747,1.2336956552656915
10.350000000000001,3.5008921128707686,7.024093806873742,1.7539896113054831,4.481713449972462,1.2427220321110402
10.4,3.455653986947553,7.020166334090847,1.7276274118728903,4.485686037430289,1.2474098380013696
10.450000000000001,3.4197930008567896,7.022000207902855,1.7051875931048084,4.497323269870596,1.2586627203691194
10.5,3.3766767414889034,7.018770663634619,1.6827303459459695,4.496952782579543,1.2761769432635723
10.55,3.3274352389885498,7.020079991559195,1.6578774501956903,4.48339781843182,1.3005327659784185
10.600000000000001,3.2796658852255502,7.046178903542119,1.6285122794969555,4.482956594191182,1.3205544884796558
10.65,3.24102084952887,7.058795373347783,1.6079274827409866,4.477088640853535,1.3246717005292266
10.700000000000001,3.1968272790373495,7.0694722700793715,1.5855821940277774,4.468649293200255,1.3342755234773307
10.75,3.147392684588774,7.097029041972312,1.5600403747452414,4.462601347159736,1.3510793996821666
10.8,3.1035518421348716,7.1102150640074555,1.5302991286632417,4.459425594624957,1.3652482557749845
10.850000000000001,3.060297979987476,7.129306555165751,1.5044174364929557,4.447156207374434,1.375078351996914
10.9,3.005992032771959,7.141775145291331,1.4806481427293419,4.42550202919844,1.4001636829439303
10.950000000000001,2.9440570729193056,7.161008865357431,1.4531291130161474,4.405131384666466,1.4203491523827403
11.0,2.8853056868587275,7.190562238904715,1.4235423499277244,4.385748462997021,1.424489757578842
11.05,2.8304887256713553,7.217153906169049,1.3956849211520304,4.364122521596371,1.4265984449815425
11.100000000000001,2.7884058557977593,7.228962690204501,1.370382597608459,4.350051938110308,1.4360271015344879
11.15,2.7350915045346365,7.265609315842595,1.3385850782314566,4.343814250292198,1.4363272235885394
11.200000000000001,2.6852556337768307,7.278538698638826,1.3109304198717437,4.306233580793919,1.4427712260806174
11.25,2.628907974876914,7.303326992644922,1.2859509721381295,4.305468470632855,1.451390412837407
11.3,2.5781058992272414,7.304993457369676,1.2481435095159932,4.278473826759613,1.4558469306896524
11.350000000000001,2.5349965323351995,7.301269215030006,1.2176175923728727,4.249477853572744,1.4579023519594119
11.4,2.4988383720647454,7.305520427957293,1.1891838186272388,4.2407282977175615,1.4475919075191255
11.450000000000001,2.4611461323909265,7.303655162185461,1.171884173186253,4.235970620349113,1.4380955968283156
11.5,2.4337382615654697,7.327387912868246,1.1413909622982812,4.230104286602494,1.4282839338138271
11.55,2.398394490344786,7.316612080906367,1.1281311197564599,4.20864753982923,1.4148514208256893
11.600000000000001,2.368883946467019,7.318373558763516,1.1189999348530228,4.196594247128932,1.4052854995798187
11.65,2.3256359795383954,7.3292216588433154,1.1057254533713223,4.182842208859441,1.4021442834667794
11.700000000000001,2.28246165955149,7.329359104574941,1.0904434727176628,4.152861046762277,1.3942590993143016
11.75,2.241323810360109,7.331053919225314,1.0784052528842965,4.1297257601418424,1.4009502943498193
11.8,2.218653386983836,7.324274000484652,1.0704330834923614,4.103898232301413,1.3970893766212549
11.850000000000001,2.2047083535166507,7.307626387373207,1.0638783051460425,4.07802148049851,1.3776463692034067
11.9,2.1862232550885,7.2967859651956255,1.0547050844880812,4.0652315904966825,1.3427366202840847
11.950000000000001,2.16598141168623,7.2832053678392,1.037718403497452,4.063262606866099,1.3006227822263898
12.0,2.144530683650126,7.243444531400975,1.0420842126669143,4.041817300791276,1.257843285113072
12.05,2.1269245635586254,7.220788827387708,1.0470855787815616,4.006652899136083,1.2350484819121703
12.100000000000001,2.1068660483527073,7.187659926984874,1.0432274450705252,3.9614499650273607,1.1817219723771066
12.15,2.090066332784683,7.167076059872292,1.0399381403143761,3.929943370568213,1.1340884374591518
12.200000000000001,2.075994423392927,7.150422045996024,1.0381192932668415,3.9115074956944236,1.046128105453706
12.25,2.062396983082442,7.1316127777466525,1.0300866975819103,3.8927351497014917,0.9382751907102471
12.3,2.0523332873703275,7.0952567403860485,1.0253473169629972,3.871498096548499,0.881154081806966
12.350000000000001,2.0460949862391127,7.074269315620115,1.0236619261872368,3.8561264779251716,0.8340082290508025
12.4,2.044608506345192,7.050597203347613,1.0254147066140282,3.844464097253245,0.8164330661681442
12.450000000000001,2.0429462556485736,7.01673724039224,1.0238810394962794,3.811341466089165,0.7847753638370163
12.5,2.0395965029872207,6.996901420941484,1.0269824405905874,3.7983584534685324,0.7462596451857741
12.55,2.046217195798887,6.959456277539786,1.0319918108814583,3.7544153037948327,0.6984202928777246
12.600000000000001,2.0491622689539666,6.923187670886249,1.0285000878249113,3.719862891935898,0.6587374887427693
12.65,2.0560956882657857,6.886960263916143,1.0353004746396797,3.698639365826916,0.6172039789017215
12.700000000000001,2.0612017371269262,6.854164411935768,1.0412983022343036,3.685553594314776,0.5861882309399368
12.75,2.0643218079249417,6.8058720735176985,1.0405185506930035,3.6690696869002175,0.5460107855166783
12.8,2.0688402022856582,6.757905679662615,1.0426640789604078,3.646318394246784,0.49349777679761747
12.850000000000001,2.078663286495976,6.713258871509102,1.0476493620866283,3.6449341319803974,0.4816874883818862
12.9,2.0789338509317874,6.663453904177135,1.053377993671444,3.6475336373501013,0.45157222969766614
12.950000000000001,2.0886516196694553,6.623358645793842,1.054103635255418,3.627177948327601,0.42337487398967266
13.0,2.0951314647261814,6.586831150869306,1.067463223889018,3.6094909736370235,0.38350565388114866
13.05,2.0914121265369086,6.562255843501934,1.081195529463496,3.588130862240011,0.3619599200097906
13.100000000000001,2.095734543927728,6.542917424132181,1.0917916107323091,3.5881534790779197,0.3317792636811126
13.15,2.095332869900392,6.514884931228842,1.0939090701346779,3.5619406769892676,0.30748338633622113
13.200000000000001,2.091309821011218,6.4887818305011775,1.0905321213692973,3.5493061660243104,0.28583455242066363
13.25,2.088657950555829,6.461675392546494,1.0996353500464797,3.5451988684754805,0.2913075453140918
13.3,2.0908177476917795,6.428111385270259,1.1088093358453228,3.52892542239732,0.2915290353995978
13.350000000000001,2.088524728367908,6.398293400802201,1.108927412207255,3.515540487037933,0.29779136363296793
13.4,2.0897967911901367,6.378082904164053,1.118938613003919,3.5006837030498485,0.3093551190221078
13.450000000000001,2.0808001966671927,6.356337806744236,1.127069285781585,3.4816063011422735,0.32061695924477074
13.5,2.074401254285681,6.330930017511056,1.1233617011576726,3.4747541331522727,0.33890330141189867
13.55,2.066381684293863,6.298235262658688,1.1188037996582227,3.464999742384629,0.3449499148241932
13.600000000000001,2.0614404283687544,6.267425177525344,1.1215650092529654,3.4494091103578355,0.3667020309266184
13.65,2.0504602344794116,6.2479028052061585,1.125183467044255,3.4405632268031408,0.4033489857770803
13.700000000000001,2.038068863415117,6.22758406015115,1.1254512026566013,3.41551980417014,0.4789419649575336
13.75,2.0161171085342917,6.2063864949663206,1.1232914475895397,3.409833393469558,0.5001949111260877
13.8,1.9990597822503129,6.184907573200555,1.1229479814437922,3.407026831265669,0.49030945143774335
13.850000000000001,1.9864711721110582,6.163854690595629,1.1083722942431833,3.390493999576379,0.5053357084432195
13.9,1.9700967274830956,6.145952613496697,1.1012112141891783,3.373724070758897,0.5586139286026214
13.950000000000001,1.9488444580617093,6.135048955105297,1.096222266473441,3.354235602064621,0.5834692630696766
14.0,1.9398664750120378,6.123801975704647,1.0854908626812443,3.339956561896517,0.5509177975257508
14.05,1.9225469233229173,6.1109101151428975,1.0737372188064922,3.340625547182223,0.5782164363307556
14.100000000000001,1.8974428278750732,6.088771997440256,1.0534402372175145,3.3346808253239595,0.61571848435058
14.15,1.8723408945860387,6.064273340905889,1.03350278879089,3.3349256066578272,0.6590878567504375
14.200000000000001,1.8378894266058083,6.037915800443058,1.0181110209587467,3.334760042279036,0.6526284297890252
14.25,1.8146631836970013,6.008496288023187,1.007295224386762,3.338359071478087,0.7163938629268017
14.3,1.7854833695327401,5.99676200716966,0.9808400080865257,3.3424007653333097,0.7493432471214493
14.350000000000001,1.7556789240392663,5.97437903177697,0.944437974401853,3.3414631325790434,0.7957894977137354
14.4,1.7339131951561082,5.958864191310511,0.9130662893520269,3.360256710728223,0.808408410672695
14.450000000000001,1.7017203541106145,5.930186575234618,0.8932646849361796,3.370749780281099,0.8654550339966073
14.5,1.6834630635740186,5.905802858077543,0.88214530637521,3.376111140601287,0.8960406476483163
14.55,1.666930602814099,5.876010381894626,0.8662486192917693,3.3716098538350794,0.901002259066974
14.600000000000001,1.6401950702322852,5.855110636953718,0.8338687690449099,3.3764883375578423,0.8610035717410112
14.65,1.6220956267535829,5.82558606141215,0.8022170919936534,3.399576821170922,0.7936941871054998
14.700000000000001,1.5909467601750646,5.803775510639516,0.7623779100451361,3.406250526756939,0.711741144016081
14.75,1.5720463197532202,5.77464457213884,0.7445273723004682,3.419387438930833,0.6714223639472163
14.8,1.5530678956445139,5.75419211282222,0.707523630979283,3.425569707990767,0.6047375993865891
14.850000000000001,1.5246113433093404,5.730892371367535,0.67169931851934,3.4507717583262276,0.5676292639011004
14.9,1.4988529364881324,5.707329321224286,0.6366711678593785,3.46816138532219,0.5771905298885792
14.950000000000001,1.4726694408424406,5.6798067976799365,0.6043985786625429,3.487309679809836,0.5911689838964816
15.0,1.4446335219957194,5.662290886308562,0.573948562785835,3.496377945297066,0.611315651593955
15.05,1.4231750908143832,5.639446649224256,0.5474158890423766,3.502992578704519,0.6210400958251183
15.100000000000001,1.388216306601709,5.613146071053028,0.5137424271235168,3.5146059728464976,0.6374547634959259
15.15,1.3692599901833566,5.58665714046303,0.49662180601584077,3.5346219550123408,0.6585452667265496
15.200000000000001,1.3373235990326973,5.564505403860451,0.4647139055793196,3.5383443356791844,0.6701146608716191
15.25,1.3132803631688705,5.536533726730246,0.451002720151736,3.5710097619852568,0.6803503409110796
15.3,1.309349824537597,5.511738260821783,0.43404723702412973,3.5862585001803486,0.6954146540872246
15.350000000000001,1.290546313626606,5.490221448232981,0.4143613155098788,3.597761973365601,0.7093371826726708
15.4,1.2798746452592031,5.472371695379543,0.4049974667176295,3.6147997906505407,0.7149407965669788
15.450000000000001,1.254587394590348,5.460065316371969,0.3938933696246566,3.630568324735217,0.7225240220831973
15.5,1.2458980486782467,5.453422626024105,0.38885992950771625,3.644759975398912,0.720994999483572
15.55,1.2385162303993642,5.420232160628006,0.3761314558609054,3.6501221457015975,0.7387236063240237
15.600000000000001,1.2296059756243733,5.393898704072769,0.37336988812630284,3.6649144962823326,0.7419465327621748
15.65,1.215565774211642,5.368553043066105,0.3505293695582485,3.663718764204113,0.7314181660198115
15.700000000000001,1.2133751345032513,5.3403458190863,0.3434801491962564,3.6758257984626908,0.7234077917564341
15.75,1.1962092504142614,5.320297408813895,0.34177671463137066,3.6941583775108424,0.7202404106811302
15.8,1.1904908854879253,5.29632891014468,0.3248063519836334,3.6992164661735436,0.7241440268647943
15.850000000000001,1.1769674337210854,5.2832170644471095,0.28825093563951343,3.711468521457071,0.7396274586352849
15.9,1.1673980083926243,5.259211034568503,0.27474597363682607,3.7236254959324198,0.7532184281266505
15.950000000000001,1.1559546958462112,5.2365559383266085,0.25967275589737504,3.7423678683079884,0.7676382032059773
16.0,1.1453416865460113,5.216681037102754,0.24669736256998628,3.7456843736681136,0.7780950399917994
16.05,1.142703153715311,5.192008694166118,0.23240266262990955,3.748310105226451,0.7717397861109948
16.1,1.1351189426333843,5.169858579883897,0.22736612396174324,3.7587513125801624,0.7581428057662106
16.150000000000002,1.1324898331839803,5.159450216234979,0.21414081235291813,3.7639384041485395,0.7553110996598517
16.2,1.1220395449774079,5.1418213285023375,0.20393960212972484,3.7770461397201482,0.7540036037348193
16.25,1.116187702226387,5.1118279522595325,0.2009450586535502,3.7857092365697724,0.752363819026399
16.3,1.111265564955128,5.06711259237735,0.1919387660478391,3.7967053372245143,0.7409445516661558
16.35,1.1100906387995093,5.0277933420543865,0.18903890626124106,3.818770727743448,0.7355681711324603
16.400000000000002,1.1041031452004415,4.995653029438238,0.18458905543916254,3.8378691507961102,0.7242012047578995
16.45,1.1020039871872036,4.960060987529435,0.17439473295814012,3.8376241244454388,0.7267592132593381
16.5,1.0948921082497374,4.933475734103904,0.17599763929445825,3.8483401027186788,0.7342056754457021
16.55,1.088839652803325,4.8987575098060505,0.16235189716284829,3.8361121811382373,0.7384258669879112
16.6,1.0833752480870966,4.872716687124362,0.15974082940108417,3.8477770206911366,0.7281366279534243
16.650000000000002,1.0748818401046345,4.838645459750571,0.15581665041791337,3.8456950636327374,0.7355446295203178
16.7,1.0720373294255596,4.818001887579322,0.14875353486190607,3.8522147263154474,0.7240882047654744
16.75,1.0658184193451083,4.812708554989146,0.14885244454308527,3.8406808956751752,0.7100341740504045
16.8,1.0638693894089088,4.8137899989880175,0.14202000886422184,3.831466292185248,0.6997377719219926
16.85,1.0590817907129075,4.79746074598945,0.1329361637101151,3.8270833230275154,0.7099081562340884
16.900000000000002,1.0564757798442581,4.775518959299569,0.12567199784193672,3.8169536715604813,0.7134960145943833
16.95,1.050159976181538,4.765577015791972,0.12420220894588274,3.82654801141724,0.7160587136718777
17.0,1.0422104364854419,4.766628078062982,0.11918974085103941,3.825585755448603,0.7179855783316998
17.05,1.0433497067124304,4.746690990230326,0.11753596632999237,3.831852496995108,0.7277879596362322
17.1,1.0409249905012647,4.730474034747864,0.11685472105715852,3.822737786541524,0.7429050154713285
17.150000000000002,1.0357468947409567,4.721710626102795,0.12268731183129326,3.8124691404718227,0.7360658094245746
17.2,1.0389073605918246,4.703006516130139,0.13574973092914608,3.793999012849385,0.7302450236751451
17.25,1.0472938187108218,4.702377242699858,0.14127696375255439,3.7813422751939423,0.7410982163094829
17.3,1.048506274661683,4.706121054841803,0.14010701884172194,3.7763220650784115,0.7393972443142636
17.35,1.0413015220604314,4.689600747459193,0.13676520126311192,3.7699626313847214,0.7448467065895525
17.400000000000002,1.0415878785145587,4.667677980572295,0.1339389709321809,3.7581431131492824,0.7529496360443608
17.45,1.0359002829240154,4.645860079784117,0.14020569657762927,3.7497246480107034,0.7591794764301485
17.5,1.0385850108358716,4.619102675072854,0.14881052791581015,3.7352787550590407,0.7440709119741601
17.55,1.039245062562281,4.603791139132532,0.1581834605447969,3.7422795082265288,0.7339971388385632
17.6,1.0300531710786764,4.593494573346172,0.17167075952613037,3.738156937719197,0.728690192089682
17.650000000000002,1.0251892999329142,4.583170905425105,0.18502031056304236,3.7115472592617134,0.7426512048442364
17.7,1.0215652989707378,4.571358382313411,0.20154770494147572,3.690853719467481,0.7544944034559725
17.75,1.0226385665836635,4.568276939297877,0.21495052430696568,3.682485550957894,0.7711554656042882
17.8,1.0221744330986688,4.555104013742946,0.22716447954112187,3.6612075388970857,0.7772747545254723
17.85,1.0272846388204318,4.541963929098988,0.2352029077409876,3.6647755814194873,0.7897389754860887
17.900000000000002,1.0253927025495702,4.517011831503852,0.24259852459747266,3.657279990728395,0.8005917986277231
17.95,1.024585426399693,4.507180292557805,0.24653050287739295,3.6663504072535265,0.8035556478838002
18.0,1.024403936531879,4.493898559690113,0.24967428440889838,3.6553625098843323,0.7798573890373706
18.05,1.0330445745805124,4.487633600349974,0.2513704276829069,3.6428888180453876,0.773596984248872
18.1,1.0283320257909576,4.487679815865865,0.25534897357963937,3.642328999237328,0.7621941035288924
18.150000000000002,1.0326190788526397,4.471420634364845,0.2705585987708041,3.6369416125476315,0.7540467274943085
18.2,1.0379600880072481,4.461001127546168,0.27834921077890235,3.622974154178559,0.7515166374880002
18.25,1.0413568232023722,4.43699741756737,0.2958035213880175,3.622592902831713,0.7547115187323614
18.3,1.0434777379835132,4.416967612067235,0.29840519833345314,3.6169741284083172,0.7613222178286565
18.35,1.0446031931438506,4.406144251867488,0.30429022253765897,3.6075386133767076,0.7639962769636666
18.400000000000002,1.0543670095568207,4.38730560440499,0.31058907576435574,3.5952105084579555,0.7652498886525161
18.45,1.0615243292807812,4.3660617858459325,0.3231039888584613,3.583320034818339,0.7698649597360757
18.5,1.064332030368581,4.36989370825757,0.33456243907242333,3.5680752065982086,0.773289384463156
18.55,1.069559475577406,4.3617209859464525,0.33457653648154395,3.5579352863873366,0.776265784017951
18.6,1.0785912786876064,4.359629006292685,0.3343231124142884,3.552259718504922,0.7824626129533526
18.650000000000002,1.0830145798505022,4.3559353049496154,0.34129011053107605,3.53198494405139,0.7839788417862611
18.7,1.0903920951255357,4.35222529290501,0.3481238793061332,3.5164787194765172,0.7819182956919245
18.75,1.0952316837330898,4.348380417487595,0.35278047884530234,3.508187740933196,0.7831377832533905
18.8,1.1032314588274639,4.345673962558628,0.3674380513029766,3.5111461239631745,0.7757839771501356
18.85,1.1135602761223036,4.338491542204556,0.3697272160181723,3.4856169654426155,0.782156994569588
18.900000000000002,1.1191951721733806,4.33939254626601,0.3683102067073783,3.4720578707669314,0.7888933737155882
18.95,1.1222683501776771,4.336266044004796,0.37366699989632646,3.464680633369112,0.7908100869559078
19.0,1.1173389716772202,4.336763091985573,0.37635045132925576,3.4608176277995066,0.802439841179344
19.05,1.1095677132512074,4.330245827899547,0.3705054600997607,3.440020629278632,0.8067329207903552
19.1,1.1080346511638997,4.329888954560631,0.36481521441605647,3.421753989177674,0.8070219228754687
19.150000000000002,1.1084911470816132,4.3320902758107875,0.36717421223489344,3.4095367319839522,0.8015461326538267
19.200000000000003,1.1033047282967914,4.321851564094083,0.3635397787382991,3.3960536757835333,0.7901496654709338
19.25,1.10285409529516,4.321328546319527,0.36329001632059066,3.3826047274358286,0.7837785717983125
19.3,1.106410504197267,4.313738600856014,0.35934080188544604,3.3923446773728925,0.7799902089216869
19.35,1.108758715318968,4.306868021388795,0.36375776721436137,3.389384599384293,0.7679920584775318
19.400000000000002,1.1126218908476762,4.304693721196533,0.35848655705985477,3.38824811735498,0.7669715319798869
19.450000000000003,1.118356507649296,4.305174654422844,0.34539266461871776,3.397235556148418,0.7544618902370088
19.5,1.1138228434527373,4.2933810038880775,0.3437507628343116,3.389334963144174,0.7405424269767719
19.55,1.1078653029037002,4.278176246086243,0.3354291064510929,3.3823249083964084,0.7293752695591313
19.6,1.1070761091749528,4.268317390991652,0.34183273962055905,3.383061873607804,0.7170485180624907
19.650000000000002,1.1073956854926825,4.259903005958381,0.3410511130836746,3.374083061303815,0.7109478729078604
19.700000000000003,1.1071240304484995,4.2406548910872175,0.3580381867191805,3.3676135007692234,0.6991481934711268
19.75,1.1062435195590294,4.237265386640738,0.341709611119799,3.36192566950792,0.7202036040550659
19.8,1.10702840846929,4.2236768313949655,0.3354922068198031,3.3402666028874832,0.7105937390486365
19.85,1.1100267871811793,4.224420091192572,0.3292738698807913,3.337374489364311,0.694952076761464
19.900000000000002,1.0983119029603903,4.220735241959534,0.3214924673525468,3.344778067947897,0.6831719964776645
19.950000000000003,1.094633599142976,4.20974224428143,0.32292317736363413,3.3339142599822944,0.6732598103633775
20.0,1.0776399651009212,4.200651131064547,0.3186397397486286,3.3367978144669075,0.655260055256288
20.05,1.053560379373534,4.18621293396194,0.30977175347432334,3.327796527672872,0.6447616627197443
20.1,1.0307354009899723,4.164026782758454,0.3090977150405732,3.32866159651867,0.6390304129994202
20.150000000000002,1.0096286429496883,4.14772410380348,0.29718644452924503,3.332220786967834,0.6317767149847995
20.200000000000003,0.9885405056722687,4.136089035840642,0.2950361679252634,3.3294818755897815,0.6081223073161178
20.25,0.9681413945926544,4.130992553959291,0.2990321869434053,3.337356877049579,0.6014042017671872
20.3,0.9500242121112676,4.118296904800071,0.30202517525069306,3.338244524865323,0.5967278863624363
20.35,0.9374701173790734,4.111425591174813,0.3037813213213375,3.3438371936983655,0.5839896840885133
20.400000000000002,0.9348947630536975,4.10453435290151,0.3116642555760931,3.3399799819366565,0.5835315042003855
20.450000000000003,0.9271020448472908,4.081313865441419,0.31086994385431654,3.3285729730744342,0.5920211913273848
20.5,0.9213718270528849,4.0636144017334,0.3055768043666594,3.321485904343454,0.5918410557038407
20.55,0.9068382750976299,4.050549313284379,0.29555648238318993,3.3075347549005887,0.5857506658042793
20.6,0.8904391215353195,4.029570879945804,0.28839989088482,3.29836412516806,0.5843206595267691
20.650000000000002,0.8673682877934148,4.00036643750396,0.28189037345742884,3.307679351723282,0.5697928851919755
20.700000000000003,0.8691677166058418,3.977394882667948,0.2798441965790544,3.306061927624841,0.5480229564672808
20.75,0.8606354874875195,3.9579102903959624,0.2851602122085123,3.3154169028850786,0.5338444128656956
20.8,0.8510034956766657,3.9373600165814753,0.2889041710633527,3.3110066018331454,0.5126924339285327
20.85,0.8395902002023101,3.922152484085403,0.2918214647480067,3.308729421085031,0.5079938113817486
20.900000000000002,0.8373793210927375,3.8922268254330863,0.2955695451552029,3.2978312608911216,0.5110217537269378
20.950000000000003,0.8243677336022553,3.875582462283409,0.2941231895514735,3.278412886340928,0.5131437331441955
21.0,0.8096889980460724,3.8539907947427867,0.3003404318581145,3.2584970541867793,0.5092729116680665
21.05,0.8012369168397819,3.8358593327369475,0.30203187659195196,3.2565178260675802,0.5104334530668156
21.1,0.7941268966788225,3.8092278093072816,0.3068271453032781,3.2446756660755174,0.5024911883205057
21.150000000000002,0.7937400714770486,3.787270237064472,0.30811811309961495,3.2311640550794913,0.5109897632207938
21.200000000000003,0.7863525592136333,3.767991241141965,0.3114493862718374,3.2155798825664754,0.5055188680480034
21.25,0.7719131617072564,3.745289864767686,0.3004686817075825,3.213503917727957,0.5133457822572249
21.3,0.7591872487823464,3.7194362173081688,0.29203284081005626,3.20434080862119,0.5145439911638022
21.35,0.7403960339648256,3.694471635832779,0.28807359051007353,3.2015432605151726,0.5093828166429256
21.400000000000002,0.7295892905584989,3.667476453116408,0.28539262405155147,3.1883681390732175,0.493673569524647
21.450000000000003,0.7240355980874357,3.641526835182829,0.2838938567895098,3.179813833918196,0.4979727532229963
21.5,0.7049851186653845,3.6178943496095743,0.2824137500062157,3.1619501592615844,0.49653213402514046
21.55,0.6890684159754653,3.5955333226111788,0.27970293185311756,3.1388415091929645,0.4949573488238987
21.6,0.6777252881481003,3.561474377078881,0.27739591579999273,3.1174200184337684,0.4904184605134407
21.650000000000002,0.6615099411254272,3.540271480300113,0.2813628613792902,3.0991948082484186,0.48226727572199896
21.700000000000003,0.6549659289560242,3.519502710013454,0.2775041274073497,3.081951618401424,0.4708165721103484
21.75,0.6448734988129715,3.501864213189604,0.2699968656996272,3.0794243449531753,0.4552997554460777
21.8,0.6310772217239431,3.4732762940813546,0.26915496343012624,3.058498445483369,0.44353486800086755
21.85,0.6211198015178426,3.4472079810795586,0.26631006182818734,3.0299333181579926,0.43689433569631503
21.900000000000002,0.6221141401347084,3.42513245699482,0.2650195030843949,3.025654180153758,0.4247688872288072
21.950000000000003,0.6291138080509984,3.390106920998554,0.26984747755571614,3.0242718059117757,0.42585432982297305
22.0,0.6255433369303525,3.3478511611357025,0.27711425917888866,3.0062411628249093,0.4191755674901596
22.05,0.6266983960256112,3.3045237369031226,0.28404908378380034,2.988850503643257,0.4030485435910831
22.1,0.6154402228989864,3.2705104598616197,0.29296667801492465,2.980309883176372,0.399390204716917
22.150000000000002,0.6021076153062563,3.245956784492991,0.3022600919803815,2.967393495982983,0.3956636871843679
22.200000000000003,0.5912034361315844,3.236587609944704,0.30262684741900486,2.9449371462082055,0.39156368683790266
22.25,0.5888479697010552,3.2337452912680873,0.3006714605111527,2.93073979922946,0.37563782071735
22.3,0.5924224678822424,3.2216587266112406,0.2988906133386694,2.9193325124079545,0.3736952358303379
22.35,0.5905538435426702,3.209383094468676,0.2980167557793032,2.8957364134048698,0.37375535350130723
22.400000000000002,0.590009829941874,3.1932752263553956,0.3002625427074306,2.8909014918376017,0.372107919449094
22.450000000000003,0.5905418064366822,3.1747242778586284,0.30098079342453726,2.884790318984023,0.3628767221844918
22.5,0.578179182531517,3.153451255168953,0.30447216797217785,2.878530559441112,0.36328561674429094
22.55,0.5748058896920938,3.1263123986941705,0.3109787666015976,2.859246140979279,0.35900511836902826
22.6,0.5692150340785235,3.088955382661534,0.313120521200366,2.8584460241478693,0.3622902357488074
22.650000000000002,0.5614131582768956,3.056118116788336,0.31924330955698227,2.8568574170727894,0.36359001199027485
22.700000000000003,0.5592428922302197,3.022815568138827,0.32051606088524426,2.8567535629433065,0.36339380640045477
22.75,0.5515709455992556,3.0061057289050885,0.3189319230886288,2.848288420635662,0.36799994640598055
22.8,0.543197763565833,2.9836489423230224,0.318178391296602,2.8281570109993646,0.36494667785031104
22.85,0.5322820643114186,2.9771109851472173,0.3182172985796325,2.8176034937048344,0.37857032807640084
22.900000000000002,0.5250871578501232,2.9625350128185124,0.32214088419815656,2.793549598465816,0.38896801722729313
22.950000000000003,0.5161837799999613,2.9571531591453843,0.3264351494992182,2.790843342911149,0.38363736457935377
23.0,0.5086264340765152,2.9577753747722184,0.3304952951675869,2.7842540227756647,0.3836710595869848
23.05,0.5089728363290936,2.9602209626482385,0.332732829529551,2.772501806058014,0.3924784702311376
23.1,0.5072191886094745,2.954249114333547,0.33814321211492904,2.767659133358068,0.3961033698449386
23.150000000000002,0.5111354834231527,2.94499749486604,0.3368042870938508,2.7618172244805934,0.41002684617864044
23.200000000000003,0.5259916276256206,2.9436887871019737,0.3295055396056476,2.762954522905084,0.40670053152429486
23.25,0.5290463711893855,2.950403234721944,0.3236582628846649,2.7544700787001886,0.40765042919307587
23.3,0.531008896634049,2.9509528442484254,0.32367816350608103,2.7423364593652884,0.4116435075774599
23.35,0.5244372102169023,2.9560330153728502,0.3258614880379374,2.7382812591388053,0.4236947095721747
23.400000000000002,0.5159709130529999,2.9361599474282047,0.32090725409442766,2.7296790591271245,0.4224002722971087
23.450000000000003,0.5117123378291016,2.9149331208530667,0.3192808557455309,2.73585555721395,0.4213137805634379
23.5,0.5087103972536023,2.907820211006093,0.3185526110044094,2.7422692126916477,0.4305663811481325
23.55,0.49863287186332506,2.882647123111009,0.31213104064851743,2.7427384821199734,0.44467574343190497
23.6,0.4871056134440116,2.8766982287248637,0.3053375035909448,2.746697932756938,0.4475343837964899
23.650000000000002,0.4771753553333362,2.867747188499391,0.3003894912668385,2.7462289657129344,0.457016970076086
23.700000000000003,0.46933741719849487,2.8565120172356258,0.2920142533568311,2.7394818359252553,0.459390607654482
23.75,0.45764773929032254,2.8540423331637887,0.28549103027018363,2.731876850416792,0.4588349146871457
23.8,0.4450738292406616,2.8471963116836623,0.2829207065026884,2.7242642880974715,0.4579856403540676
23.85,0.4357966500944067,2.8361783330229153,0.2729271578847279,2.7110581630113777,0.46755400655285406
23.900000000000002,0.43578047405619436,2.8281296980436603,0.26612007197060106,2.7050199544325584,0.473182000118973
23.950000000000003,0.4350526896764878,2.8236679441007166,0.26399124326288415,2.6898048364550498,0.48782877772056776
24.0,0.44115313130570405,2.810953865223353,0.2654331569349641,2.696644055669563,0.5012592641332628
24.05,0.4437074578449705,2.804174150042852,0.26146007296829243,2.7009095998594073,0.5112216325365553
24.1,0.4362681149126129,2.7938667883444643,0.2644465118044325,2.7104875742521877,0.5293663577866633
24.150000000000002,0.4243526399949805,2.786484902333449,0.2683842391961805,2.7251009984275,0.5492533172914397
24.200000000000003,0.42075253379569405,2.7704585268482207,0.2730822355968794,2.71807644090237,0.5607950236133503
24.25,0.425066807093358,2.7567833418433194,0.2719052926707589,2.726585002737806,0.5569090972959847
24.3,0.4163426259548043,2.7586915469689974,0.2688623710493231,2.739378262397014,0.5599561510571807
24.35,0.4072121377578481,2.756806345625572,0.26361173045029485,2.751501022054343,0.5503267718324748
24.400000000000002,0.40040492621919166,2.748520645232207,0.26212155127817593,2.746951025699016,0.5481401273529481
24.450000000000003,0.39860502032165085,2.7448430942160336,0.26170672298399306,2.7510702313031765,0.5398382153388377
24.5,0.3955088180850612,2.7339398852376635,0.2664761220774942,2.7573474938926292,0.5473454307273846
24.55,0.39519836218630455,2.7219120274959696,0.2680210615104559,2.7541029811433484,0.5505011468460171
24.6,0.38967985437347163,2.70725100741989,0.26170329786829943,2.7625577108587875,0.5481531458178678
24.650000000000002,0.3862089722325347,2.6950778531664623,0.25056808241992934,2.7856103341980214,0.5432344564800414
24.700000000000003,0.38462861450965263,2.688764643195895,0.2394060093383591,2.8000167551039152,0.5450482363636647
24.75,0.3882998390979521,2.6820056189187107,0.23513891172467483,2.8038180883500052,0.5436554883295306
24.8,0.38851552982190446,2.6654115653270134,0.22812613880425137,2.8070619231357457,0.5587569791737179
24.85,0.3945614116209329,2.6605622045521673,0.22510674544527653,2.8078504748308144,0.5540884903973864
24.900000000000002,0.3888969806199601,2.6451819334324003,0.2172235935975006,2.8153938285819264,0.5534528828173751
24.950000000000003,0.3791857644633066,2.639416824893264,0.20457220395405318,2.820621494824825,0.5512398946595838
25.0,0.3754387592079496,2.6237249632280633,0.1927227797488251,2.8164963146163062,0.5514120276962026
25.05,0.38198949835712687,2.619254652159378,0.18926549520321206,2.8186733331306177,0.5569370545237249
25.1,0.3897739898910912,2.5997505136735017,0.1847482513032835,2.815091253754023,0.5606189051684958
25.150000000000002,0.3933789581902182,2.597094827571437,0.1790854639674572,2.816991339993325,0.5609318264699635
25.200000000000003,0.39675794546291976,2.583864565247263,0.16757322832562455,2.8189886674842186,0.5626682451349774
25.25,0.3936102820692598,2.565895134511761,0.14704226042238158,2.8210550842153665,0.5676896781426877
25.3,0.3957829872685705,2.5568656888958112,0.1433481998201257,2.818832027301474,0.5694476144566302
25.35,0.39891133393401706,2.5436237941275617,0.14700051850876508,2.796060394283534,0.5859131371254153
25.400000000000002,0.4098869987114263,2.541980666563474,0.13251187651808993,2.7852374017265022,0.5938276115196632
25.450000000000003,0.40694851463196724,2.5360898895327817,0.14101874144284168,2.7824534760918973,0.5952893517050504
25.5,0.4128335211215687,2.525386149579071,0.14528138869635224,2.7802623021268906,0.5954629355890837
25.55,0.4166653082697126,2.512938691038752,0.14933986061509594,2.7689762618123925,0.6006851255671614
25.6,0.4233961777728406,2.5059431430381642,0.1546880783479881,2.766986080109255,0.606343880966829
25.650000000000002,0.4244281161675059,2.5003993962707765,0.1571517565586582,2.7658116914939646,0.6004096197361933
25.700000000000003,0.4261029044598506,2.4939449471444677,0.166061411185789,2.7497182407285004,0.6059405628581966
25.75,0.42425810496350846,2.494410363926158,0.1635181214072433,2.7546183496502334,0.5978469970618402
25.8,0.43194636944277437,2.4796039227894724,0.15534418893629523,2.748953257604157,0.6056969329722303
25.85,0.44379376091779515,2.454444283783769,0.14820087746781785,2.7480143256881813,0.6149671454135359
25.900000000000002,0.4527657478639324,2.4441396500768833,0.16107086830366962,2.7524658149888084,0.6000526981872872
25.950000000000003,0.4512754207474937,2.437123613760182,0.16237612687230388,2.7534494287028455,0.6101146033809021
26.0,0.46361628312446496,2.428619681304755,0.16920942407459677,2.752903962549572,0.6100517253759357
26.05,0.4693467049687233,2.422374396804721,0.16093952315760848,2.750853080447452,0.6191126912939182
26.1,0.474871074641161,2.40601072571808,0.17039068504959476,2.7463685757786878,0.6125283274740119
26.150000000000002,0.47724633847435105,2.396442382997489,0.20072957744590747,2.7424727981543593,0.5868945715110677
26.200000000000003,0.4839651552843223,2.3969379180425734,0.1872518363915217,2.74831058140294,0.5955956889566726
26.25,0.4808703868090333,2.3801564650548057,0.17958128042265062,2.746784750832559,0.5860342113581483
26.3,0.4914193625918021,2.365479160782409,0.1829681956423657,2.7607431374664726,0.5700439053618902
26.35,0.49447350908181786,2.363235552272702,0.18699842242482886,2.757472245399603,0.551382444105054
26.400000000000002,0.5051938166105696,2.365029929334449,0.1832379946676193,2.7594714086600094,0.5303294344101549
26.450000000000003,0.5118180355768472,2.376772768511612,0.19701233800301435,2.766665008040333,0.5080692666294137
26.5,0.5150094571068665,2.391473229286211,0.19703664567975818,2.7705869879967753,0.5009486821858066
26.55,0.5119256939640412,2.396886870664463,0.20215108994467826,2.7564653979296434,0.48442951053281375
26.6,0.510094463872144,2.4109504844179246,0.20309069087525608,2.751764624888767,0.46684244669165675
26.650000000000002,0.5131506387140689,2.4308687295984788,0.20243734017996542,2.742329553487944,0.45171064479310474
26.700000000000003,0.5105034422746455,2.428661583609244,0.21134502728112628,2.7413299073886663,0.427619852871935
26.75,0.516523488855212,2.441321443354606,0.21738867402108583,2.7362930293988534,0.4200582170286948
26.8,0.5180033079670069,2.453712527820932,0.227402694042971,2.741482482662404,0.4045639871764753
26.85,0.5190441306907827,2.4620613833348877,0.23547724997654804,2.7370026796566136,0.3864590840957531
26.900000000000002,0.51854362004528,2.4679101072379233,0.244450739417197,2.7193774635340104,0.3866081617120734
26.950000000000003,0.5252346680784605,2.4606505363182505,0.248809413809582,2.716201642805576,0.3893712191688933
27.0,0.5272277218542177,2.472626556599253,0.25899006746068787,2.704875929495164,0.3738546332671608
27.05,0.5245679427666929,2.4619074214613725,0.26539408680811855,2.7077105934190837,0.3824186196240981
27.1,0.5287107424086731,2.456738079792047,0.2708698096340429,2.7174446244402053,0.37971449922380246
27.150000000000002,0.5273130473384515,2.449794564591266,0.2751931717164307,2.71103562751338,0.38269563519619737
27.200000000000003,0.5362840354995257,2.437638970028733,0.279190244961597,2.7046532475145604,0.38608246628956705
27.25,0.5312787633358479,2.4258983952248214,0.2923114364232236,2.709900471576343,0.39031929474418287
27.3,0.5356946233887276,2.4234718758783655,0.30229558403338347,2.711416703505857,0.4013441083727644
27.35,0.5352730161498797,2.417667571574084,0.3123335224759293,2.7004408653968137,0.4042974821853103
27.400000000000002,0.5318398699665712,2.424050555482891,0.31594928078270845,2.6951291355512397,0.40486167652433713
27.450000000000003,0.5272357939347194,2.4257852336550396,0.3191249244340844,2.6843602979578693,0.40521735545652604
27.5,0.5283873605404303,2.4226414133474634,0.32228368471473084,2.6774767974233713,0.40346321903289
27.55,0.5208263383211211,2.4236150063808886,0.3239417138378254,2.6703162085595142,0.41272197573379216
27.6,0.5217990320017346,2.4299044709405586,0.3244536249957266,2.66514297658704,0.4196080329083698
27.650000000000002,0.5175035460663273,2.4270468355289294,0.3278429342305014,2.6706790903254727,0.4185312374415352
27.700000000000003,0.5172510844804359,2.423939333521892,0.32897663804505584,2.6588080997188954,0.4173554953468897
27.75,0.5102450485694769,2.4261762434563843,0.3281376370607038,2.6403480947745486,0.4128197345630101
27.8,0.5033136933427359,2.4159735631920767,0.3254873230573706,2.6421909334868374,0.4055933041490974
27.85,0.5061607312820869,2.412594151084447,0.32212565581727753,2.6438082333043167,0.3979521685227049
27.900000000000002,0.5031180155945294,2.4118780440353182,0.31001376345250514,2.6344086444800783,0.41099914292346573
27.950000000000003,0.5003286270421141,2.4091590211631964,0.30783162609364767,2.6333585315625783,0.41602612704424574
28.0,0.4960240682528799,2.3968947624756276,0.30960101430191656,2.62871253856855,0.42288183359617815
28.05,0.4941220056442456,2.3895704213715283,0.3130811668122091,2.6188965269095252,0.4226781858739301
28.1,0.48477911819211994,2.3892556403540675,0.321324279743043,2.6173062715282116,0.43885873075613835
28.150000000000002,0.4773052833091936,2.3777402229812457,0.32205797945251136,2.6046378930423204,0.44556354062361525
28.200000000000003,0.479802173328558,2.3599563254461677,0.3160188224589938,2.6086418816996693,0.45217126339349784
28.25,0.47587949528004647,2.3617275690515207,0.30844670552362435,2.6110691569921385,0.4445673046400709
28.3,0.4707547699581061,2.353973236768392,0.30852373441378766,2.604221702056988,0.43756604744321453
28.35,0.46208052123021326,2.338298103405009,0.3088665204295887,2.6080797161100073,0.44981534886806845
28.400000000000002,0.44964480170799775,2.328800944522323,0.30585948312842814,2.599546371912658,0.4530109176484769
28.450000000000003,0.44833367883506897,2.320298743838253,0.30903329581127864,2.59681089679331,0.45580476899917016
28.5,0.45430509728613994,2.299870545378344,0.30984861585538104,2.5953852663073707,0.4553449630639457
28.55,0.4513816903904503,2.2932727642162685,0.29766918272309784,2.5983054623645185,0.45167826255249344
28.6,0.4475074346541899,2.294080268512256,0.2771953633726011,2.595478258668746,0.4386537921975585
28.650000000000002,0.4479560210903051,2.2894289564229444,0.25467026099019424,2.5958385297180975,0.4280649885956459
28.700000000000003,0.4392305740785719,2.287234903538332,0.23824473986109487,2.604955739704932,0.41143359983967964
28.75,0.42548432805660386,2.2784148422943726,0.22215447296590546,2.6041288719669113,0.3915898081889951
28.8,0.4319733150619779,2.270316623632482,0.2109333681171846,2.606859149892283,0.36579896508258675
28.85,0.43327281940169876,2.265535088165643,0.1997259471046934,2.6038467139996,0.3498200890485168
28.900000000000002,0.4282468003446363,2.264325482438352,0.18494306351634748,2.5957786166039987,0.31839291915986395
28.950000000000003,0.42993982227778466,2.2701568612770178,0.17240824420851736,2.5932068073633214,0.30553288321793015
29.0,0.42424153953413596,2.267147586892658,0.16416161820802044,2.5896541036845107,0.28759762062687133
29.05,0.41587395091837526,2.2650895336353454,0.15479456358188529,2.587985630158086,0.2884771411736602
29.1,0.416494225959866,2.262209746471181,0.14595712718785256,2.5780834600262557,0.2664365670935647
29.150000000000002,0.40945102851623427,2.2637126491656097,0.1426164165631663,2.5795830343903354,0.24871502037802606
29.200000000000003,0.4046849921730153,2.2523457841294103,0.13654687022705542,2.574426410478158,0.2350144703826218
29.25,0.3982718093915614,2.257646206994835,0.12944046363158493,2.57463420241198,0.22104123152610383
29.3,0.39417734414366395,2.2462357678463376,0.1188024179732848,2.5929331889585905,0.20918263953929866
29.35,0.3991215939798198,2.240310314986487,0.10753000308660887,2.592213647167016,0.21810734061737502
29.400000000000002,0.3966801514097859,2.237354726620847,0.09547027765796466,2.5756227786454295,0.2222712347137368
29.450000000000003,0.3921468714532154,2.2276534940500947,0.08546213520354055,2.573124741592282,0.21862972324395633
29.5,0.38100352988907177,2.2337411943877576,0.08215814744464986,2.559044338564526,0.20620960381396664
29.55,0.3756903359069806,2.230525693955072,0.08103576209639614,2.550896978664457,0.20178135554728144
29.6,0.3702594290301673,2.2192076091288655,0.08962743851127429,2.5471869961250233,0.18956126258553288
29.650000000000002,0.37289459336434433,2.202698085638814,0.09631552154883319,2.5390045721599392,0.17647659107160266
29.700000000000003,0.37346491357892037,2.201536127083247,0.09601572144347094,2.545350712785513,0.1807433898802377
29.75,0.37165865054886515,2.186429118143347,0.10349444463370149,2.548653565070601,0.1833611933720952
29.8,0.3747812361999804,2.1786335209937246,0.11506610302412731,2.5412515571569507,0.19922713836583222
29.85,0.3811907018848234,2.1579746077589155,0.11940234029719687,2.546105301507784,0.21260644403271672
29.900000000000002,0.3835551704084521,2.13195623773291,0.12046742370704334,2.544938904574993,0.22737619777077783
29.950000000000003,0.38129096638379056,2.1152538104133,0.1188979827255719,2.548387900628477,0.22630478920661085
30.0,0.3779704596371004,2.096820240243436,0.11615114322441832,2.5553891456425095,0.23269090517011326
30.05,0.3728841629864794,2.0779879888653756,0.10919435173998492,2.5542445819818624,0.23827872505566014
30.1,0.37109013708605754,2.0616710844788195,0.10009754315682473,2.554614793709412,0.2410451935591137
30.150000000000002,0.3717085393235549,2.057262013791406,0.09453974285980549,2.546152935155678,0.24166457321735615
30.200000000000003,0.37455322207302644,2.0537871238451326,0.0953813169915319,2.546726345780457,0.2444776567775294
30.25,0.36374224967859714,2.0359507584483154,0.10224155853661251,2.549205652703041,0.23366261838430563
30.3,0.3450221054686755,2.039056958090819,0.11003225932363075,2.5579152609508236,0.2297686311461369
30.35,0.3369756167875575,2.018394528327349,0.10848969212273797,2.5624850985097773,0.2336725717522352
30.400000000000002,0.3356908580580325,2.0164656656229427,0.10685458196329625,2.5449918934367792,0.23720948463855548
30.450000000000003,0.3287029286360355,2.0053310386917795,0.10991871551991547,2.5608365981847045,0.23942623619495285
30.5,0.3170972624146522,1.9963333972740223,0.10562148076554229,2.559761590006685,0.24774548810763536
30.55,0.310033495360541,1.977922111050636,0.11271688226241168,2.5452794437664386,0.24909958140428592
30.6,0.3047125760522849,1.9740901142120857,0.11879258362178433,2.563708817975786,0.24970552963752815
30.650000000000002,0.3045568443589603,1.952210485699208,0.1317622095574251,2.5531936841224403,0.24990497174262918
30.700000000000003,0.31044030643197035,1.939491452868012,0.13281681717168983,2.5463674681984783,0.24994041815738083
30.75,0.3146089931701771,1.9308701078359174,0.13660992892622886,2.527931704927135,0.26654247360792543
30.8,0.3229314487775902,1.9251792577715994,0.15172121873429242,2.51986938502955,0.28325741577336133
30.85,0.32900741975240216,1.9112996008577716,0.1581635574526541,2.5248278548221332,0.2780265384031022
30.900000000000002,0.3331035659092917,1.8996674963456568,0.1655431150952978,2.524129984228085,0.27730450232900666
30.950000000000003,0.3420085436344079,1.8964155288141686,0.16156750168932066,2.5234705808971563,0.2726668661170958
31.0,0.344693251444213,1.8873593382924667,0.15779307217944072,2.5385112420406117,0.2723815903099711
31.05,0.34201880147876484,1.869674068582242,0.15363439323166153,2.525544527435202,0.2752608770974512
31.1,0.33920867677376043,1.859231157899371,0.15026606878068013,2.5160112078599517,0.26292307026189954
31.150000000000002,0.3366778747215735,1.8520928080305255,0.14378443570107927,2.513117928293118,0.26089067477361616
31.200000000000003,0.3356114124301295,1.8358743346451527,0.14380821584282796,2.505474510174864,0.24037978804588037
31.25,0.3314014947223923,1.8304405646325776,0.14385839829001656,2.5076453061185098,0.2159809035376194
31.3,0.3341454328440659,1.8234224054129562,0.13996796063696929,2.479630153185411,0.2046453589103528
31.35,0.32849255387742565,1.8217420167539642,0.14172172096811114,2.469384839456029,0.2016602681531799
31.400000000000002,0.3323390073692336,1.817640490835459,0.1454560797272968,2.4556601989516813,0.21169665151060135
31.450000000000003,0.3362954102855685,1.8095091433916441,0.14746707607055942,2.4445484713488073,0.22049964537232808
31.5,0.3351650274386318,1.8040187432160661,0.14115216395367258,2.4307563468031677,0.22724841034388135
31.55,0.34154714827965504,1.7966798094006056,0.14584960391705637,2.4320907336357958,0.23369657351836315
31.6,0.3476067082794688,1.791460676560956,0.14130393556158705,2.4224148535180734,0.22974894695951567
31.650000000000002,0.3576768356581737,1.7822872310244995,0.1458741607096668,2.416788798512529,0.23914294905971165
31.700000000000003,0.3636828670827492,1.7848875911624784,0.15412307812476386,2.419711509629977,0.24369591426669576
31.75,0.3717755850867504,1.7772122351884665,0.15132214897256166,2.417755944513059,0.23652345426707072
31.8,0.37486484184204866,1.7660890915980152,0.15656231249107813,2.4226859772482636,0.23565249996362508
31.85,0.3742513075120368,1.7525447650499433,0.15230092903080603,2.4065392993628225,0.24341635320769417
31.900000000000002,0.37826933240136024,1.7483299022154917,0.16247891824895191,2.4121670639502852,0.2574600226401968
31.950000000000003,0.3867667403852562,1.7527065798597985,0.15595592979060763,2.398869167348407,0.27144412217482444
32.0,0.38828036605962996,1.753046718774301,0.1573164931899019,2.3961631973465205,0.28492031796302086
32.050000000000004,0.39375723986612526,1.7430324572682836,0.15341795852846263,2.3925008256098446,0.28036238752120685
32.1,0.40133085823150816,1.7420870488662799,0.1619008175687915,2.390702381219881,0.27275350461815123
32.15,0.4074399630519294,1.7389588466562629,0.16565561942180537,2.3900638000741026,0.28717345218781776
32.2,0.41196668441866013,1.735274058208127,0.16178158360715644,2.3871912717796637,0.2824315925862887
32.25,0.4143955618563499,1.7343559021609913,0.16491447246072188,2.3800489271806513,0.28958033479421946
32.300000000000004,0.4268186462034031,1.7454637165803575,0.163395454456006,2.366404201616858,0.26505815010298645
32.35,0.428359782086578,1.7465511737380672,0.16643250838572504,2.367957977201149,0.2521564505720238
32.4,0.42812560740935784,1.7498620571844188,0.1661346583384853,2.356485227224649,0.25090819960594607
32.45,0.43599187019528307,1.7433037944135377,0.16863673511194963,2.3539686477459045,0.2550533104629494
32.5,0.4275142851518424,1.7538850242579553,0.15733981863497412,2.339937564265944,0.23834521276651674
32.550000000000004,0.43488691106890326,1.765862135532365,0.16136780567866243,2.3280500021967208,0.23062375863644932
32.6,0.43958225345521973,1.7573580930862984,0.1644336263033426,2.3223770995066926,0.2300625727285121
32.65,0.4350355528822425,1.755701168246916,0.16063349631821203,2.3193249404910103,0.24425603264938647
32.7,0.4307440934789285,1.7695169084289146,0.1501911143950545,2.304108599709283,0.25801933382504577
32.75,0.4269560721830224,1.7696395392323163,0.13710810945694396,2.2933066705875143,0.25232115572611075
32.800000000000004,0.4277002470931662,1.7626526967986174,0.14018628610624517,2.2823014557282053,0.2519317527023729
32.85,0.42105301336673956,1.7666188595710264,0.15198703914551595,2.273893604167039,0.24320096397842017
32.9,0.4150205320649807,1.7789827048900786,0.1508545740199568,2.265498624365582,0.2490835149588082
32.95,0.41534302977180665,1.7922957452201809,0.15544959892036372,2.257085914152899,0.25662866270900736
33.0,0.4257525324058433,1.7872585360479585,0.16532545195601228,2.243117442091983,0.2647431357898439
33.050000000000004,0.42225083284122483,1.7822811588708096,0.16119609557687226,2.221922713930539,0.26186346539403565
33.1,0.4247537518805077,1.7744867946415126,0.1621486099838213,2.2170013553841605,0.2692425583671516
33.15,0.4211127525625648,1.7730524077142387,0.1517662233599328,2.1974592332311724,0.27337977743653213
33.2,0.4141579227577481,1.7632139666750792,0.14430014123408869,2.2017832730077345,0.27599489060630705
33.25,0.4092371870541412,1.7420726848981132,0.14117027337565266,2.2027040310259123,0.2723759804030771
33.300000000000004,0.4024757419933837,1.73002136895991,0.14601949531261604,2.2047698148751205,0.27171285273748713
33.35,0.396595125029502,1.7255549583832226,0.14686670153097917,2.1949814718559884,0.2857283835866713
33.4,0.3956456875108332,1.7324030722024755,0.15226510924652062,2.1767838633625547,0.29066446376366567
33.45,0.3880975540864099,1.7329322442628006,0.15387198511414465,2.1715480336963533,0.2979508754078498
33.5,0.37347449083188394,1.7336641459530753,0.14646946203460126,2.1495145853348983,0.30949789496181884
33.550000000000004,0.3639839787554126,1.7261459196373516,0.13195956485410032,2.1281082516401186,0.3183630850902318
33.6,0.3478000538488207,1.7479889190630322,0.11049387919132916,2.118080171427331,0.3177186286266495
33.65,0.3355908412303855,1.7354672669122448,0.1148782116993991,2.114394192038378,0.32238663038649584
33.7,0.33553084488024193,1.7259387173516205,0.12402782094060566,2.1095840935314025,0.3269072656168048
33.75,0.32531521252315737,1.719771558283957,0.1227590523260906,2.1066823461207393,0.32992550189748254
33.800000000000004,0.32106830829076094,1.7077947189018547,0.12100906703343599,2.0936812163655696,0.3321250669468633
33.85,0.318272380358541,1.7105520049484175,0.10957836445806696,2.087326753146411,0.3314696008635221
33.9,0.3045002165194941,1.7159352518040325,0.10371357466354987,2.0833465187947926,0.34316658814297984
33.95,0.2892371844719277,1.7010655253007285,0.09411993669226877,2.073404112729655,0.34767583777795186
34.0,0.2717369178430557,1.7036408128129463,0.10633406172169674,2.079529108940914,0.36050466125877767
34.050000000000004,0.2571367605352368,1.6858515050072662,0.09742635673120288,2.0629212684906273,0.3699670152840926
34.1,0.2471625362626117,1.6828663777547501,0.0855426107735957,2.060917561148348,0.37869795576571336
34.15,0.2362630442467723,1.6816746450889326,0.07900719512399389,2.059259429241614,0.3782853673799492
34.2,0.22456117670673473,1.6791613730183286,0.07268300222776906,2.05622159281752,0.3806532745553228
34.25,0.20611278423349616,1.673013748103262,0.06405659997092605,2.048181410770575,0.3879242149984981
34.300000000000004,0.18530634797248507,1.6716199782913816,0.053741728084746705,2.049931145503196,0.3968110996980609
34.35,0.1739120424258038,1.6708892613422437,0.04506226130316323,2.0519742471628817,0.4064243805532474
34.4,0.15845484723221037,1.6546988300507992,0.03500767463210447,2.0506081627933996,0.4262561893557655
34.45,0.15734398634234043,1.6606896702831935,0.036134018008947166,2.0587601072183532,0.42786073636928534
34.5,0.15949560307427457,1.6560001673147682,0.038651570237177656,2.0523768599376098,0.43421005398579227
34.550000000000004,0.1580861940432476,1.644216613438193,0.04240923879025756,2.0503401050338996,0.4353652873909511
34.6,0.1615422995190707,1.6355115314295978,0.05931869456376803,2.047369219834148,0.43450836347182675
34.65,0.16123855126371622,1.625224510570884,0.08157384622685367,2.042381427080522,0.45366490331816717
34.7,0.15901471873159306,1.630577068889948,0.09432835168718058,2.05310813898849,0.4718047477372431
34.75,0.16069005809733267,1.63081187280749,0.10805755897330489,2.045265076343973,0.4958047911295219
34.800000000000004,0.16422078265598397,1.6162673831089598,0.11585804789409025,2.0429988993323738,0.5005801916550262
34.85,0.1745286892192965,1.6128659117188566,0.12288412098969602,2.0436442342870684,0.49891034613197455
34.9,0.17396936528934787,1.6095018170385147,0.12801768202283595,2.043635203244595,0.4907956486298419
34.95,0.18404504156885965,1.6125207824808336,0.14366183269308966,2.0397559108233554,0.47258787437602223
35.0,0.18727976886424738,1.605611950007302,0.16160253325409793,2.0356241590607325,0.4802100762463038
35.050000000000004,0.18264006653313272,1.6055323463761555,0.1655207956703859,2.0283061013821704,0.4708385627702234
35.1,0.18567036718023022,1.598920087857955,0.1719087293222096,2.027426159176856,0.46467031600988157
35.15,0.19115923464854673,1.5962127588482145,0.1783963966160871,2.0230098143324913,0.4549734275973423
35.2,0.17325882980225055,1.5916419619543154,0.1734298605808139,2.014163336767589,0.45290184863694
35.25,0.1680145230875805,1.5672542416492847,0.1862262521482135,2.008760567273416,0.4764323394808219
35.300000000000004,0.1617800662430738,1.5821534256395362,0.19715725274917284,1.9942941755562011,0.4842080501171228
35.35,0.15966731157900155,1.5811586256100123,0.2230124392680882,1.978811617578457,0.4910397480040599
35.4,0.15319483217869612,1.5766772914773295,0.23094284121978131,1.9775323446153252,0.5116467526181745
35.45,0.1457372247264217,1.5630686548695112,0.24006909427325693,1.9754635698141991,0.5301533720564001
35.5,0.1496232983498771,1.5630437473923933,0.2495780289884155,1.9787153665843336,0.5232678362438282
35.550000000000004,0.13923798606815485,1.5636636113460218,0.2574920391527673,1.9823364783438877,0.50620124697768
35.6,0.13227314182919053,1.5633211463208603,0.26286998796121086,1.9666183496202412,0.4987210399978287
35.65,0.12752726296768743,1.5668617483109095,0.263214965501518,1.9603011223107805,0.4889665701689881
35.7,0.11940999369988482,1.5812062141354417,0.2673216442355477,1.9525324947001947,0.46349924888024985
35.75,0.11210520103644751,1.5819739361041982,0.2743898392607327,1.9519907425950833,0.44086434551569526
35.800000000000004,0.10370865716374804,1.5793119242084912,0.28054399193841323,1.9554591789985134,0.42831046293070235
35.85,0.0995598168147066,1.5744261164575086,0.2916470977037646,1.954841828545981,0.4190619745441351
35.9,0.08469111327982205,1.5613482935261909,0.2961349716249882,1.951921907414181,0.41696148332459915
35.95,0.08180392326655597,1.5463914572479558,0.3075859374646459,1.9576712813289836,0.397104389868244
36.0,0.0755572558665946,1.5382512396809085,0.3159188309197229,1.9577137979482018,0.40125593637477946
36.050000000000004,0.07514896941411091,1.5317943652038533,0.31955499484550526,1.9472393559857823,0.39872625824591584
36.1,0.071758890364498,1.5247158873515598,0.321657212560424,1.952585977055,0.3824183160135097
36.15,0.06395984108470953,1.5155022529024824,0.3220141072759006,1.9605840036924518,0.3786913568673839
36.2,0.05933649163563966,1.5166298782433645,0.32414380847685986,1.9676397347203827,0.3706274835973144
36.25,0.05696566205918743,1.499520538158659,0.32933310855754777,1.9700066068491549,0.3721270312724351
36.300000000000004,0.05705989653389508,1.5094747712374066,0.32730074204951376,1.9701395902343941,0.3662165932792613
36.35,0.052934440768440116,1.508137054686478,0.33300036670685157,1.9730026735513235,0.3705658713724378
36.4,0.046666364848847446,1.496991511376015,0.3293206131405799,1.9783593463558606,0.36862679357815714
36.45,0.04499440058498385,1.4712059734865768,0.3362578293371982,1.9743518328266618,0.3588111740774764
36.5,0.04557344501403377,1.4545220606724747,0.33689852025861866,1.9760882009748928,0.36173742050776875
36.550000000000004,0.05072512424705968,1.4549364232440345,0.33621688839451186,1.9720957540148913,0.38571273872933953
36.6,0.061287994120628665,1.4550048428599656,0.334345431204886,1.9800010105753976,0.4157090157999718
36.65,0.0656487980212654,1.4534759777811517,0.34031184319191804,1.982502086869316,0.4265630559389269
36.7,0.06637563006965082,1.4720692728732079,0.3394674049426594,1.9776866457147222,0.43018850290243166
36.75,0.06841214348160407,1.4787142293944815,0.33460933105218726,1.9863822278583816,0.4342121795325341
36.800000000000004,0.07165290111744746,1.488281316846644,0.3403804070852801,1.974385215877468,0.4440719905206176
36.85,0.07463443258794528,1.4861005799482323,0.3408284287204747,1.9699950270306739,0.4599938714869632
36.9,0.07710968313560183,1.4914633580265622,0.342295281248655,1.9710297975000453,0.47374264345719724
36.95,0.07730270235188691,1.4921324517729082,0.34782263625885773,1.9846358846037921,0.46482724176414725
37.0,0.08863347568355452,1.479187145865331,0.35473416629087057,1.9906257100399196,0.47158126346520973
37.050000000000004,0.09546837680264125,1.4817607880181847,0.36987726669533894,2.000062289556861,0.4730810567445327
37.1,0.10057360722356606,1.4862179877170267,0.3654437363201229,2.0042826031984893,0.47416022134203445
37.15,0.10275367237109816,1.489277378522928,0.36306221687984275,1.9980644937118976,0.48378293333048994
37.2,0.11200862852175843,1.4998694327424997,0.3617676151806471,2.009113533310005,0.4872819930645412
37.25,0.11522467453013455,1.5060694846255807,0.35859283973789696,2.0082805983929406,0.500782808141245
37.300000000000004,0.11997728289777346,1.5023165564987047,0.34853305926685474,1.9885466551178252,0.5085336402104168
37.35,0.12089628489757118,1.5103123719783444,0.33821284538957447,1.991620171207199,0.5069211564979557
37.4,0.12386605232920712,1.4962068640430417,0.32898133768486154,1.976893307452473,0.5045160790344011
37.45,0.11943284202967502,1.4739532967007767,0.3170537161269241,1.9795821634335549,0.5152618376905475
37.5,0.11839236097529246,1.4655642663342938,0.31529668866635113,1.9894151043244974,0.5169326533718949
37.550000000000004,0.12499227746170527,1.458584391833637,0.31793857851565926,1.9892862587894113,0.5181819189614638
37.6,0.13445481328700026,1.4527534158684878,0.3169949618702323,1.985639299474685,0.5200828200531427
37.65,0.14925002723233702,1.444215078904842,0.3126721291802679,1.9837094398097073,0.5238012479226157
37.7,0.15383550254785283,1.4273373877068192,0.31831000402262377,1.9815556432752917,0.522500355619449
37.75,0.1549702177032756,1.421890581551169,0.30931588205005456,1.9839460459706533,0.532153115860888
37.800000000000004,0.15183053418557713,1.4138192138469878,0.2981749597105202,1.9854034134010385,0.5376243427518674
37.85,0.15940318254761537,1.4023470941031968,0.28254535972537587,1.9879688650324594,0.5440848481292225
37.9,0.17112368364938435,1.396204455263854,0.2783941733528789,1.9945593436954088,0.5327141642371747
37.95,0.16797186805210737,1.3819590507621486,0.28981182859946486,2.0015876468339178,0.5334443338326363
38.0,0.16136458294774586,1.3748328508896197,0.2896299375949054,2.0096880654426257,0.5259196544722174
38.050000000000004,0.15408747332597564,1.3628499755303067,0.2844349718972301,2.0090597881427903,0.5248347439831114
38.1,0.14604888382916797,1.3526396050949174,0.27985608889195707,2.012642110417647,0.5197062598269184
38.15,0.14877581625261524,1.3397859598143262,0.2842769363663564,2.016428785474768,0.5202074905086954
38.2,0.15256299506438345,1.331788449499205,0.27162731189069816,2.0156607484678255,0.5218107580734324
38.25,0.15409200603337514,1.3299834387836382,0.2649076131005167,2.017876956086006,0.5296980556940066
38.300000000000004,0.1606465996473571,1.323312714578064,0.25269653534589986,2.017360847285392,0.52332320656109
38.35,0.15189365542348793,1.3122363523860754,0.24635989854187548,2.0144502723025517,0.5169524074259942
38.400000000000006,0.14446834593800206,1.3150691131410708,0.22212036942992122,2.0248598654612455,0.5136453179779735
38.45,0.13977637079805771,1.3016340258447756,0.20749022517250412,2.020563626118082,0.5074613019025657
38.5,0.1403650778859566,1.2929868088635352,0.1993581351969823,2.020331191998285,0.503389062305533
38.550000000000004,0.14457966394048274,1.293155976039416,0.18165034275040054,2.033655459516114,0.5108256214148953
38.6,0.14692314899336217,1.2801964894779632,0.16930691804993883,2.0316856801571888,0.5027364499676261
38.650000000000006,0.13671756222085735,1.2810845071679655,0.1567675125678907,2.0365272240656314,0.4966830784405801
38.7,0.14399086587328475,1.282116457447949,0.1476793478485458,2.0213859642837484,0.48642025119763077
38.75,0.14530127215633779,1.2672749736464402,0.13496642145806298,2.013452657307359,0.48357832257488315
38.800000000000004,0.15373761482444845,1.2713422202594047,0.12316403972786584,2.021489443772637,0.4704936008674285
38.85,0.152620049155878,1.2660021491748736,0.10030653434522876,2.021470053620184,0.4642003291565275
38.900000000000006,0.1504701269795508,1.2458884152465786,0.08826984028556263,2.025660304656225,0.4575951205020655
38.95,0.14926186538135552,1.236370374788872,0.074249066263103,2.0333503016984094,0.4710539213745203
39.0,0.14766045371247824,1.2358309349309848,0.06191384784624848,2.0364912890163205,0.46703939742752937
39.050000000000004,0.1417523453502489,1.2322938402457937,0.04908904146705927,2.0312712803527346,0.4813257584191435
39.1,0.14621998542819115,1.2302356864763797,0.0336656431353943,2.033500851233573,0.4803873171838991
39.150000000000006,0.15191971835184792,1.2200747458389372,0.019220582849282904,2.041141016776374,0.47645722459239587
39.2,0.15057341854790904,1.2124856950153573,0.012163977180174267,2.04668130526973,0.47457527026848173
39.25,0.14887154508964698,1.2042952273656347,0.018459167692937893,2.0407459859121997,0.4592023639456692
39.300000000000004,0.15182017137157244,1.213325573599749,0.0066476150038977016,2.03673359633803,0.4528091581616118
39.35,0.1643147647968289,1.2188832523745805,0.009318052829916868,2.0381064350934843,0.4472225833845513
39.400000000000006,0.16747817324274689,1.2111253415316436,0.01096719060355644,2.0366064426030728,0.4413167141784846
39.45,0.1650908973796695,1.2172661327534071,0.018911280003068093,2.0378331952754367,0.44926288632092387
39.5,0.17275518109787102,1.2195758560308558,0.023324489574479516,2.0344845021533935,0.43332385171526366
39.550000000000004,0.1759420956161106,1.2134456161146785,0.032744553800960176,2.0228272440655637,0.4327672583516987
39.6,0.18301104284869313,1.2038346248238212,0.03372462989573985,2.026138981341428,0.430060775391086
39.650000000000006,0.1898382040343191,1.2006422909397765,0.03508902867747072,2.025412533787122,0.43715599626948753
39.7,0.20359892791176504,1.1916177775354335,0.03964455034647296,2.025742722575785,0.44123890745527616
39.75,0.2010656909630006,1.192847141088988,0.05283705880086833,2.0309976615794048,0.4348929611045375
39.800000000000004,0.20430426059616982,1.1869797431019062,0.0663557123508233,2.025267123988378,0.43600088344104193
39.85,0.21813221095894325,1.1879927208419816,0.06770286936011062,2.023760010903985,0.4280337422225481
39.900000000000006,0.2157498245841219,1.1916279614267378,0.06062857433790534,2.0213319675526247,0.4323158866146682
39.95,0.21058226357390714,1.2046224352044654,0.07617076083181257,2.0152286257432492,0.43484285002493706
40.0,0.1985595781510294,1.2139074934313914,0.08382666695534503,1.995535769485204,0.4403146564467222
40.050000000000004,0.19905502801168848,1.209537539418471,0.08461745853870549,1.9902756977403717,0.42529013228511425
40.1,0.19756404393156188,1.209030081232469,0.10288387996700346,1.9955845489717683,0.42627157016825135
40.150000000000006,0.194498032337242,1.1978908685757508,0.10870165918463004,1.9919853569081951,0.4213948934709821
40.2,0.18911432776001366,1.1950821616490752,0.11309901198531826,1.983776918086229,0.4316157525595494
40.25,0.18171407621016514,1.2014258153125494,0.10821778374677,1.9733807574249373,0.43903104842531615
40.300000000000004,0.17913851979884177,1.199007019942827,0.11806501208751577,1.954818483881048,0.44928864178876443
40.35,0.18035035188116924,1.2009370774226433,0.11969548506468214,1.9460316771355761,0.4479491039863348
40.400000000000006,0.17719619769303796,1.2133728844988139,0.12168828447553277,1.937732052959933,0.44928825189521115
40.45,0.17828643155289292,1.217352131408093,0.12136714349865828,1.9209893193246284,0.4586542088519361
40.5,0.1629666929158796,1.2093868709743425,0.1286480383725502,1.9003666171845992,0.45161331424427564
40.550000000000004,0.1690140519253483,1.2059297157650215,0.14145776975712615,1.9038627656383327,0.44882737460250377
40.6,0.1579540277346244,1.196426743538694,0.1489577986952267,1.9057807593120293,0.4338366205970254
40.650000000000006,0.15652000845721498,1.1986573112463106,0.15981107101549338,1.9049984450358306,0.4385688710202121
40.7,0.15000976112811742,1.1944744751890677,0.15999612829803833,1.8958386223023878,0.44909678768877515
40.75,0.14961054861064513,1.1919310345027074,0.1578446177750939,1.9008989974364314,0.4565274173713634
40.800000000000004,0.15241494915210327,1.1986784061054632,0.1635907199844709,1.892777197621559,0.4611108964674405
40.85,0.14792052814422457,1.2035763425777621,0.16640326639082698,1.8988017615156718,0.45412115151324084
40.900000000000006,0.1407920777385066,1.203352984562504,0.1765215737388208,1.8969140770589064,0.4542807484220481
40.95,0.14133522022937303,1.2026821700420922,0.18498887935081396,1.900232478789463,0.4261223639457034
41.0,0.1404842325705998,1.198563808137854,0.188441993188743,1.888647287192817,0.43301153956235855
41.050000000000004,0.13775179568743123,1.2011194214057135,0.19306420224535512,1.885864713866469,0.44084348128593526
41.1,0.1390885469666671,1.2018045608720955,0.1997453437525727,1.886243488098459,0.4471524338388471
41.150000000000006,0.13610230967649464,1.1999221014541452,0.21175017205283075,1.8852562837044122,0.4438298277291216
41.2,0.13139874741569446,1.1929597626905672,0.2130510309591395,1.877412510790099,0.4332052106394081
41.25,0.12523276714396434,1.1950934862520395,0.22817372930045246,1.8631424111007313,0.4390716188827545
41.300000000000004,0.1241903781814922,1.1877374855650207,0.2339489074243831,1.8540065442519844,0.43777911980411915
41.35,0.12552590322238064,1.18403832097195,0.2334771058313432,1.852092473147648,0.4415034816865074
41.400000000000006,0.12066595554436085,1.187070000034008,0.2367412459766877,1.8428772080003795,0.4454541362794693
41.45,0.10822178132222264,1.173460920760113,0.23656599611396298,1.8330836251347034,0.4537659675660436
41.5,0.10256732301357484,1.1743463055589682,0.24200301404201233,1.8294856969541848,0.45226539930338816
41.550000000000004,0.10187469057632319,1.1669768531730649,0.24845682299730718,1.826673646507539,0.44460220548759016
41.6,0.0995311798610273,1.17105315576663,0.2549238142792251,1.8201277575908923,0.42656236499761685
41.650000000000006,0.09113071228515289,1.1760530034868366,0.26621490282153826,1.8213585242808168,0.41350036444260047
41.7,0.09212602721650368,1.1763303498546935,0.2848802272762612,1.8126359835252814,0.40628313772632574
41.75,0.0891358256344,1.1949311853563742,0.3054371690677838,1.8112865352427057,0.4016032602538129
41.800000000000004,0.0783360228097546,1.1901842531036293,0.3223366811764384,1.8182966385905588,0.42085432311926635
41.85,0.07156094278760684,1.1782608629255702,0.3313234991132146,1.8276154454719575,0.4414843826285817
41.900000000000006,0.06583527437376083,1.1705120315668371,0.33715817556764477,1.841447476687396,0.460084831366009
41.95,0.0606155746382154,1.15814056922671,0.3385528048595849,1.8473441095087892,0.4762876515319141
42.0,0.05982522960749075,1.1399038919326094,0.33184083716219803,1.8511594557163769,0.4765787900552601
42.050000000000004,0.049997079556954926,1.1467947150207731,0.32358599068481136,1.8671549363713895,0.4694619058351753
42.1,0.051380451727759194,1.1451825472140111,0.32321775965174815,1.8580362992119743,0.4742001158434658
42.150000000000006,0.048319805341231516,1.1492920420543975,0.319382662451725,1.8515898810766847,0.4833355199789513
42.2,0.04593403260794284,1.1372507886164454,0.318781744377245,1.8464438772345808,0.4962314756312309
42.25,0.04336816376098674,1.128854888627535,0.31905111944604914,1.8482844072332,0.5026974066387866
42.300000000000004,0.04651030000094401,1.1258812988337477,0.3117310257258172,1.8423589744369477,0.49732547968180196
42.35,0.05212452459296872,1.13514086698901,0.3021642920103774,1.8464029211294244,0.504121183624738
42.400000000000006,0.048548954584731206,1.1347473322584434,0.2996599004389403,1.8468636148386341,0.5098784281305176
42.45,0.04908990863171384,1.139968696162317,0.29077636019120207,1.8425159284276773,0.5100900965083337
42.5,0.047151671134095,1.1438603135936931,0.2702781951956206,1.8481797491157739,0.5224351610287568
42.550000000000004,0.04803877889512828,1.1289281142745182,0.251526588985653,1.8459135652245835,0.5325929642608245
42.6,0.046571624405947504,1.1237697237089128,0.24058097074391116,1.8350842981659534,0.543135237167113
42.650000000000006,0.045851030873138625,1.1314778239198184,0.23126182835594655,1.8262718878791526,0.5508921911175717
42.7,0.04704269313720036,1.152037020103078,0.22567646440148745,1.8072160170665914,0.5655970222643973
42.75,0.05386606929100754,1.1589354478772749,0.2168606818883732,1.7885742473693245,0.5790150472022444
42.800000000000004,0.06436175308741461,1.1749097664051438,0.2044089390535751,1.774283324940298,0.5867643133957396
42.85,0.07097970028218903,1.1772147317474653,0.1903192393687761,1.759523919099916,0.6012582423182161
42.900000000000006,0.07769769250805204,1.198305977166002,0.18138225361598118,1.7440468160873437,0.5964778509309832
42.95,0.08841073952441447,1.2014447688228231,0.17147917406669735,1.7332838601190412,0.5919196142951206
43.0,0.0873766319431196,1.1950850820240757,0.15625862663423268,1.7300668338930527,0.5953431031324671
43.050000000000004,0.08479532901285755,1.1773532736803545,0.14922166780704282,1.7139575341528628,0.6030367119899641
43.1,0.08082257166091658,1.1795069189524734,0.15991792211189693,1.6937350302789729,0.6083123772684026
43.150000000000006,0.07605823558129801,1.1834137143262335,0.1641756760889868,1.7145382456221399,0.6095607648350796
43.2,0.06757492487506177,1.1716383923266138,0.1669284131052236,1.7080361062378089,0.6052650799979791
43.25,0.06179126023310991,1.1534348042571758,0.15673871986100107,1.716718745210726,0.5974209707904647
43.300000000000004,0.060526203338657214,1.1424694064128733,0.15125599881452556,1.7058748014933331,0.6019081201815281
43.35,0.055210521124677205,1.137778892956715,0.1447871739419665,1.7021972082828873,0.6081366107888834
43.400000000000006,0.05219083573368072,1.128611669051965,0.14136547706432762,1.687589145793372,0.6144487527204626
43.45,0.05020514561861963,1.133135685603637,0.13693691167090807,1.680444865863385,0.6213275588779305
43.5,0.03940466885085565,1.1291625477461813,0.13565730974597529,1.6725372885551728,0.6252460320171831
43.550000000000004,0.036627690541901146,1.1349385620383767,0.13466090575465103,1.662474094725584,0.6257298790555268
43.6,0.04214243589063402,1.1178985620791533,0.12653802639387615,1.6566023111029664,0.6277648326292128
43.650000000000006,0.04541295533482588,1.119339373599322,0.11454947392586719,1.648131266942128,0.6217595154587942
43.7,0.04471769685249352,1.1159891761395242,0.10314535529135908,1.6353267974987893,0.6337669460986316
43.75,0.03973331400070765,1.1041438474012615,0.08909297003436542,1.6312481725914547,0.634761911237005
43.800000000000004,0.04597599744431237,1.0887383251805476,0.06782601534621034,1.619965863164005,0.6476846548864464
43.85,0.04639481864968616,1.0746842705887913,0.039600237953719836,1.612068336646429,0.6589557359538954
43.900000000000006,0.04756479886454427,1.0576002730369505,0.01618162300668137,1.608699697453498,0.670597881223125
43.95,0.06212543884967692,1.048043278064533,0.016664297809840956,1.5991591478456884,0.6863118954539247
44.0,0.0824431279127456,1.038436002302641,0.03429317530372547,1.5785437824765405,0.697459530951416
44.050000000000004,0.0861251098997574,1.0211119237512245,0.0384220601747552,1.566313038953593,0.7248141310981916
44.1,0.09423751186334704,1.0057298004365183,0.029762716242811217,1.5628258744568566,0.7245609929655576
44.150000000000006,0.11309151810946828,0.9889172300426857,0.029080479368325987,1.554531305083214,0.7119092083891664
44.2,0.1307869264899047,0.9742264955069241,0.04508698220853012,1.5586612878241102,0.6823380081083011
44.25,0.14768148888354352,0.9656363000643355,0.04797498490551648,1.5518903596351314,0.6671177779936911
44.300000000000004,0.1559750158522939,0.9608758948251294,0.052357216383055134,1.5513367794206758,0.6460071293222628
44.35,0.16385742908365,0.9589464049708046,0.04883918341267427,1.5478014128614472,0.6389091941205353
44.400000000000006,0.16516631432009127,0.9452313496127462,0.06394503381007335,1.553737647525145,0.624905049840687
44.45,0.1621023725170878,0.9270751555418261,0.08229038098020026,1.549549176037327,0.6062780866833148
44.5,0.1513656733780047,0.9256230875926649,0.07890066144944846,1.5448139254563713,0.5844159804542959
44.550000000000004,0.1422338076177588,0.9127870254536703,0.08327802434938968,1.5379832801411049,0.5734545920296359
44.6,0.14797983210229257,0.9140496326934301,0.08654652948565837,1.5292853900704173,0.5535914809847308
44.650000000000006,0.15659886740872928,0.9104388409662686,0.08038988479063762,1.51245230819106,0.5469238194056534
44.7,0.1560880612845717,0.9065791071777749,0.08245034176134489,1.5067200889706993,0.5509362924534356
44.75,0.1582193827199039,0.900566259078547,0.09212783516665513,1.486790153507248,0.5449625899549366
44.800000000000004,0.16229951679370494,0.9032370572278796,0.09867247717382883,1.4877807063620636,0.5223773372922709
44.85,0.1769756672080481,0.8953282413548626,0.10848748165692179,1.4673342720941769,0.5271806808163773
44.900000000000006,0.17717175137592148,0.8922054073359872,0.11627596260017585,1.466807232814507,0.5227275455642001
44.95,0.18369513422383607,0.8927092112590184,0.11892930222358913,1.4585900030165893,0.5097147184789802
45.0,0.18947500994648017,0.8940457875624057,0.1249238745660012,1.4517161698061498,0.4969011103640328
45.050000000000004,0.19276286787782237,0.8981825896942569,0.12243195669239544,1.4505139519485981,0.49439833422692564
45.1,0.20132441632842632,0.8848420464253985,0.1261136822513153,1.4408033885224691,0.5059263119134483
45.150000000000006,0.2043928829867667,0.8837460547482326,0.12376731594544774,1.4435590421344764,0.5303275868555155
45.2,0.21106241860178612,0.8646143469475144,0.13356062814165381,1.4470897405106273,0.5605316054881219
45.25,0.21622428516836714,0.8565713987938268,0.14316911071810276,1.451435390216366,0.5696459603376811
45.300000000000004,0.22474583289774455,0.8516243709363122,0.14333841428176833,1.448097441192545,0.5707818895516764
45.35,0.22999078545238483,0.8586944170778613,0.1533380151696343,1.4493407447494635,0.5887794283088753
45.400000000000006,0.23229885019386426,0.8476311893245894,0.15569004640354867,1.4466047810642264,0.5952284165683837
45.45,0.2417876477134019,0.8452052240415628,0.15992195708694532,1.435063262511988,0.5869853572952135
45.5,0.2432896271550563,0.8310385156088664,0.16327760006239758,1.4299288882243026,0.6002581222246752
45.550000000000004,0.24695732674061155,0.8216804872652801,0.17775850354155243,1.436934280544344,0.6118735848537075
45.6,0.2473216924281433,0.8218268041905633,0.1828361757883319,1.4344254478793095,0.6166920281167322
45.650000000000006,0.25062433675502116,0.813601532519018,0.193140697327086,1.4255725693630117,0.6191683622718704
45.7,0.2530857302756133,0.8129332859835721,0.21054248020776606,1.430736796290688,0.6134191551197725
45.75,0.25887448061555085,0.8242906283931012,0.21496990936909768,1.4250703059967418,0.6161358064761291
45.800000000000004,0.25660531955933435,0.8179755406016398,0.21276354967215186,1.412023951041175,0.6088161550181286
45.85,0.26025029238664227,0.8131560454340443,0.21979886907495216,1.4112212461545273,0.6073566058569377
45.900000000000006,0.2595587041091371,0.8172022675218125,0.23069767898916013,1.4044128235729387,0.6047144794974595
45.95,0.25957666381180383,0.8190134322489178,0.23132966436548463,1.3950990950214572,0.6054826882380931
46.0,0.26169501613932683,0.8143473920603178,0.24298983459951587,1.377569763192913,0.6083376520112063
46.050000000000004,0.2565983513994705,0.8067779299494443,0.26023214415785767,1.3663598058002406,0.6122389186435523
46.1,0.2656158603823384,0.809349034868365,0.26090971421201653,1.36088245460376,0.6043008276306722
46.150000000000006,0.2663896778731639,0.8118880701736236,0.2641383107837092,1.364885611653244,0.6089869111983921
46.2,0.2691275564590237,0.8207629698389541,0.27622362357168057,1.369759645345789,0.6130282401333926
46.25,0.27264184242292683,0.8200557284834978,0.28376264319483907,1.359059667562329,0.6104983876113776
46.300000000000004,0.2729035318493978,0.8216181286761678,0.293149990492356,1.3420877261319626,0.6139201849711405
46.35,0.2814505941517445,0.820314093743913,0.31394981676717526,1.3378871934166996,0.6176661254813297
46.400000000000006,0.28232792081870656,0.8154762945447113,0.3361242095088377,1.343041444356862,0.6266108621869002
46.45,0.27780506325542703,0.8197762102274844,0.36449679385723954,1.342951701221817,0.6417777460714336
46.5,0.28507993145054084,0.8210956271155592,0.38429786385837933,1.3290753787245717,0.6539407137535266
46.550000000000004,0.279878119129087,0.8206151366614504,0.3993919358991636,1.3122415175004774,0.6635779980402018
46.6,0.287508955259677,0.8278862588787141,0.40033590379205375,1.2960635066679322,0.6713366971589668
46.650000000000006,0.283819625155542,0.8260331764214838,0.3954498845752926,1.2887446964183644,0.6781068142152455
46.7,0.2779793422438513,0.8391289714066911,0.384387333923527,1.2803951612886129,0.6651676526897452
46.75,0.2876465261546854,0.8390065784732662,0.36750230195625155,1.2694065705634576,0.6589602068367132
46.800000000000004,0.2924322171712289,0.838101479165991,0.3567454546418571,1.2695661830399803,0.6550937142676994
46.85,0.2986850672689121,0.8415562314055459,0.35947773028923335,1.27825956899875,0.647247115728517
46.900000000000006,0.29240244173515234,0.8380352602059498,0.3774166026872658,1.2678544781700922,0.6474218617193288
46.95,0.2954121385403112,0.8343806032639054,0.388422961964227,1.2727987721056162,0.6557579341119143
47.0,0.29208362709489,0.8377364999891808,0.385942158934082,1.2619004957563869,0.6645999523311682
47.050000000000004,0.2939213017412042,0.8419328750751595,0.3728229831755958,1.2575865926080074,0.6694276793208005
47.1,0.29436369821309344,0.8346489346331127,0.3631051194456617,1.2529865014017252,0.6689210628041231
47.150000000000006,0.2821342008033785,0.840222194713855,0.34998731032997366,1.2548233072320012,0.6490667153242154
47.2,0.27623615542989066,0.8490068376810096,0.3352467565568612,1.2584048050458376,0.6397216228413058
47.25,0.2678942471294854,0.8453672338976289,0.3142012919461569,1.2560518939687335,0.6231057562084609
47.300000000000004,0.2763267283787964,0.8467609993357742,0.29834008514393573,1.2662572282393387,0.6135210037754902
47.35,0.27046621572162666,0.8430687640176173,0.2876884888748184,1.2715922828558888,0.607456298773904
47.400000000000006,0.26537142180083134,0.8508624196221243,0.27032576071493325,1.2667231496648175,0.6029820035697329
47.45,0.2589850785603446,0.8512470910242179,0.2650243001131142,1.2743787643019668,0.6040918809245275
47.5,0.25272239848847905,0.8432455656766177,0.2623974444318552,1.2779561031705295,0.5933428320048394
47.550000000000004,0.24855171900047585,0.8410378285166684,0.25815085194231985,1.2816761296629726,0.586371762792294
47.6,0.24253946855635442,0.8369342593566961,0.23361150352321636,1.2753403417079148,0.5905443990923398
47.650000000000006,0.24265308083541817,0.8232113582644203,0.21377780090878934,1.2767147805057966,0.5733091039886838
47.7,0.238488319433233,0.8278799151628099,0.2123168778344889,1.2732996338875433,0.5674530870192849
47.75,0.2482348439130652,0.8270394384509574,0.21035457602539723,1.2724217810479137,0.5566224533619718
47.800000000000004,0.24722141939283857,0.8153014652223373,0.21671208380032092,1.2650873325565333,0.5440880952694702
47.85,0.2386983833864684,0.8056866698675216,0.22309171917644022,1.2599272241311659,0.5417447935119464
47.900000000000006,0.2337598998063644,0.7983259237027855,0.22629043503647522,1.2556413843797283,0.5595320408602278
47.95,0.23666410455194833,0.7888445179949787,0.22984694577281897,1.2607195120216674,0.5678011430683342
48.0,0.2378874427356389,0.7904213132438792,0.2368218350098185,1.264272083637795,0.5686685251871815
48.050000000000004,0.22998883954102617,0.7950494161489178,0.2399670091280014,1.263537588506331,0.5809406772164522
48.1,0.22938686703453648,0.7913626325887575,0.2360910610667299,1.25634299091213,0.5890045708046703
48.150000000000006,0.22747121797875472,0.8001682582138515,0.21884261417351417,1.2509222873501158,0.5878051667239473
48.2,0.21349667213609944,0.7944485470133874,0.2008755955528551,1.2350202759829592,0.5845343703033841
48.25,0.20981421633031322,0.8079238287698464,0.18156514951832084,1.2354944663062035,0.582562248392591
48.300000000000004,0.20529757987405908,0.8036772880496673,0.16260859601877337,1.207281564180183,0.5725825932773685
48.35,0.2075702709967397,0.8098322145986738,0.15271123913680826,1.2015070705636735,0.5686720750277373
48.400000000000006,0.20832411631333236,0.8174421858756642,0.14384423957044276,1.1946676341033884,0.5688550029981212
48.45,0.21069137890990872,0.8250320261245204,0.13934949344975017,1.1912492901529856,0.5683322963633971
48.5,0.20805565890862654,0.8217059815937598,0.13285972450311745,1.1829154868295388,0.5623307451300779
48.550000000000004,0.20055626240862612,0.8239127445689952,0.1260973959703833,1.1745040320989741,0.5545889957531376
48.6,0.19863019975077942,0.8351548011174718,0.1145470502400899,1.173125233446283,0.5450103031863526
48.650000000000006,0.195638624271707,0.8336905702063915,0.10761992752377904,1.1749605407594523,0.549659705070009
48.7,0.20101992651730088,0.825993165865935,0.10411098682848656,1.168614270087434,0.5495703955551728
48.75,0.2040995349805201,0.8086122436738108,0.10483887871348704,1.1554074558696068,0.5510846351429735
48.800000000000004,0.20013893878071537,0.8092567676920732,0.0964949593667152,1.1412358609936957,0.5486830277872873
48.85,0.19666924556752083,0.7972063996642508,0.08720704562583688,1.1518443926195827,0.5542256516180409
48.900000000000006,0.1929950151321116,0.7994473799423308,0.07937557303787424,1.138340275504971,0.5637388617883706
48.95,0.19346747975013023,0.7989206224561676,0.07327771268640595,1.1385061685718496,0.5643136155714219
49.0,0.1939237710920615,0.7960180517363716,0.06477432153411489,1.1409176540051176,0.5721752838792351
49.050000000000004,0.19245880523672976,0.7864806821079251,0.058673419584917695,1.1547541429808268,0.5779041456099958
49.1,0.19272037554936325,0.7831898356644353,0.055518707609921614,1.1522439612302082,0.5820821669821379
49.150000000000006,0.1896133972980561,0.7783001422913642,0.04995869260881895,1.1395066748651,0.5706745616650422
49.2,0.18831148169198975,0.7737096590998784,0.05001522014194226,1.1272294698637133,0.5642411432984502
49.25,0.18777346465948763,0.7898510389020624,0.04757748204771394,1.117045380355944,0.5643535562326916
49.300000000000004,0.1872663754992689,0.793711437510792,0.04594373511223869,1.1082782396835615,0.5685504010727886
49.35,0.18014653233744082,0.7904816744499946,0.05289506258522928,1.1011359930214206,0.568343379506438
49.400000000000006,0.17927906542808122,0.7833327937113056,0.0665762344122969,1.1116510952903687,0.5708386403656913
49.45,0.17343635467163432,0.7735694069600311,0.07217653242107701,1.1255591331021033,0.5582087567440589
49.5,0.16486826315708447,0.7632288649949628,0.07071953705465273,1.1313451886257047,0.5590724448589965
49.550000000000004,0.16342584091108336,0.7537593378427849,0.06851793128182146,1.1470383721499329,0.5461298524221084
49.6,0.16471269261397944,0.7643208883159962,0.06615417386390617,1.1460080931295937,0.5344344934262465
49.650000000000006,0.1679033328956322,0.7714985494837417,0.06185735039297327,1.1522806535531829,0.5322892493613537
49.7,0.17391303226965313,0.7709047755951214,0.054738783883690044,1.139325424354868,0.5125465415571925
49.75,0.1762069125034428,0.7566091174006837,0.048145587830396804,1.125479624423784,0.49773962648478626
49.800000000000004,0.182531473570828,0.7538968719436361,0.03416382730594349,1.1348888960655494,0.4828541488913191
49.85,0.18008226004039077,0.7439018305157069,0.023564595628392377,1.1341997133251425,0.47280336398811473
49.900000000000006,0.18894929473297176,0.7409277960245637,0.01523210193588856,1.1237603303329395,0.44621927726909005
49.95,0.19912282435715678,0.7274073753776309,0.017104759232451246,1.128469690411095,0.45948056114011193
50.0,0.20511787101592677,0.723236729151503,0.023278894779953686,1.118928603717451,0.4512508576170018
50.050000000000004,0.2133772114540328,0.7085757987623901,0.03839654634294722,1.1099571951124652,0.45324009124672093
50.1,0.21731244705928132,0.7098397348433592,0.053525511614468654,1.1103865054200226,0.42828967769499865
50.150000000000006,0.22138387746610547,0.698412975806865,0.06512411583243485,1.1067094137165607,0.4065710286524358
50.2,0.22634267424304957,0.6941173590113545,0.07768553100496157,1.0870430629928887,0.4119585814086963
50.25,0.2299576061252024,0.6937229031423695,0.0871703464082788,1.0791019501673051,0.4005573671406748
50.300000000000004,0.2327590316187316,0.6849592719050963,0.09084677204847215,1.0715760306533633,0.3693869057130993
50.35,0.22832059212336908,0.6770134562610614,0.10533949246239639,1.0702940948907498,0.35793739260708196
50.400000000000006,0.22988385933472888,0.6757669000675093,0.11877454494815229,1.0732318955460287,0.3736261963240049
50.45,0.23042449115786684,0.6681065038113655,0.13093135284249668,1.0623010349412125,0.3845430734169836
50.5,0.23760408885200412,0.6661294072433622,0.14161412028419607,1.058654091650262,0.38538041541865575
50.550000000000004,0.23906354398770788,0.6612655841221159,0.1535628675382115,1.0446407418620036,0.3625475933621016
50.6,0.24921979670575403,0.6713198888073775,0.16881209157692803,1.0344446976496988,0.31883600155896147
50.650000000000006,0.2610440498429865,0.6709552503784413,0.17392132799642598,1.020086425426987,0.26152492660328985
50.7,0.26677976999210234,0.6815717318230944,0.17871545882649553,1.0117853380679798,0.21991260149432126
50.75,0.2690432925262689,0.6856173879268753,0.19220642503963434,0.9946249070718045,0.1854285131568852
50.800000000000004,0.27330976262218243,0.6984037960697098,0.2028602731443171,0.9871002575664729,0.18526502727830207
50.85,0.27840257390844514,0.7034876789729799,0.20696240550866496,0.9685094436166074,0.1789437139974314
50.900000000000006,0.2864449763637151,0.7021012628534409,0.20441362657828832,0.9615491960049226,0.19146967231506662
50.95,0.2916934104594272,0.7044067103197469,0.21146841415074674,0.9617203945746606,0.1892956209290939
51.0,0.29896250554220516,0.7083759876153146,0.2218116676154021,0.9503993697124178,0.19015461010401236
51.050000000000004,0.31112935254745167,0.7069220501943205,0.22853082615854706,0.9514625533861224,0.1972116111875101
51.1,0.3192352439764693,0.7094125228845363,0.2294947895000903,0.955033141381193,0.18856408253331783
51.150000000000006,0.3272662925528527,0.7063684705746325,0.2316920516017021,0.9588459466284659,0.16550237270005713
51.2,0.3263893869775193,0.7145757141898861,0.2435582724928701,0.9630076927248201,0.18268288994126383
51.25,0.3287980902381184,0.7069630862707775,0.24615638972288462,0.9485542416778753,0.18637147792589143
51.300000000000004,0.3307275218778206,0.7050559304634353,0.2521434611203776,0.951187892555962,0.1663009161163836
51.35,0.3354750137882688,0.6995144853005208,0.25329909115728133,0.9478161421964971,0.16623939499214377
51.400000000000006,0.3426922613970418,0.7101311283881205,0.25607972532618467,0.9493211579807647,0.17343407185308918
51.45,0.3523657490876243,0.7139421505285746,0.26757203500450616,0.9478832628046392,0.17499566890333584
51.5,0.35821505215161314,0.723783598211954,0.27801674890474765,0.9400261136771924,0.18261030472225834
51.550000000000004,0.3618162797094187,0.7221617080718975,0.2869148680642069,0.9149456407723784,0.18299450197140713
51.6,0.37147327124666546,0.7261175099592478,0.28790270846581434,0.9103899984750315,0.19414941344174563
51.650000000000006,0.3644999144769047,0.7234629856696,0.28343319670189976,0.9027182106813391,0.19371475598356339
51.7,0.3596756333919302,0.7268484610008734,0.278581025434311,0.8899220283506373,0.1971589537884156
51.75,0.35788932199825024,0.7423119046507821,0.2724527410230111,0.8882135928057513,0.194809381583649
51.800000000000004,0.3512885564428686,0.7456103273774747,0.26651749800103114,0.8863967727415877,0.20772993707288384
51.85,0.3465378251577396,0.7424455087612893,0.25615116836984486,0.8763151803075341,0.23098969864631444
51.900000000000006,0.3525667445152752,0.7465413162028941,0.24421591478531837,0.8811253983516585,0.23285047109776616
51.95,0.35219239778393996,0.7476833369489592,0.23749993718688542,0.879991624101246,0.2228109654656259
52.0,0.36923208628329046,0.7396637123214391,0.22526627206304822,0.8763432183044607,0.24798108291923088
52.050000000000004,0.3662617367552231,0.7396236572996954,0.2166089150888173,0.8736424466273132,0.26075295648535113
52.1,0.37578942037691415,0.7298441407838738,0.20020732317251816,0.8806097210271953,0.29257150276255667
52.150000000000006,0.3857177552309579,0.7289259324822006,0.1858772875300091,0.8843281504198626,0.3031006852273841
52.2,0.38020427168333837,0.7221877932390048,0.16647399876637187,0.884331281087574,0.3379926635155445
52.25,0.38058721679416774,0.7067646963531662,0.15763039532216938,0.8948650714829954,0.3600526585034798
52.300000000000004,0.3683356365806624,0.6949397276088023,0.14286884412200482,0.9075316726018816,0.41187142474221095
52.35,0.35643697102451694,0.681340075513695,0.13820312888436145,0.9270702455348532,0.44302572466153
52.400000000000006,0.33940411468756915,0.6772208171217436,0.1336130082071649,0.9398861631695469,0.4747385654850034
52.45,0.3243945483197429,0.6777999715357708,0.11016983617637323,0.9384979996918242,0.4651249015195395
52.5,0.3049099530109269,0.6753405119224909,0.09024754107038682,0.942420166822217,0.470713579415599
52.550000000000004,0.3025041945541525,0.6672958544621058,0.07487183321510021,0.9392193135851765,0.4675687721204814
52.6,0.2838662583798917,0.6533512842742142,0.06318048306004324,0.9429056557760338,0.4406636009208797
52.650000000000006,0.27396748953697986,0.6517678416858048,0.0539411432408309,0.9432574739022211,0.47123866909475787
52.7,0.257399421199384,0.6543343178769052,0.05310051717338271,0.945815881305641,0.47654831469464365
52.75,0.25135511515964015,0.6569903883423994,0.05923908001413069,0.9475897576999925,0.4267947581975461
52.800000000000004,0.24347484363598004,0.6594518513374407,0.0649229533311154,0.9492976836132782,0.40409446885440803
52.85,0.2371217039563991,0.6542667882754463,0.06723609866143507,0.9432428645799161,0.36341694882203884
52.900000000000006,0.23225589990320034,0.6527350400404709,0.07642497983281857,0.9323424237962767,0.32980583988633905
52.95,0.21675747123610267,0.6591197188461094,0.08324374148547532,0.9255081178542436,0.31167855938984385
53.0,0.19121286394599937,0.6567322357644916,0.09183374595713732,0.9133937356062053,0.3056850399475883
53.050000000000004,0.17503028946141372,0.6579314787680749,0.1037553721334075,0.9062898181236526,0.32137771900397183
53.1,0.16627023366775273,0.6505853194190523,0.108379669551379,0.9025912282192377,0.32918545786073977
53.150000000000006,0.15519003618526492,0.6478099985477528,0.11106157004419447,0.8934666564674644,0.3295215298763523
53.2,0.14088575978332074,0.6501052956427438,0.11126606039100286,0.8762427128345696,0.355035957299401
53.25,0.14351708005354438,0.6420426680394116,0.1081924916885181,0.8747994402134507,0.3670601869216225
53.300000000000004,0.16142820436882893,0.637181249983055,0.11406718466144507,0.8743903968349589,0.36646724098253064
53.35,0.1500436954154771,0.6306681969331681,0.12199534788163212,0.8708852235006398,0.3950066942799143
53.400000000000006,0.14241017147542506,0.6288971885654733,0.12721652356661314,0.8742211987996676,0.4194885265118757
53.45,0.1447163066764911,0.6139070257252663,0.139957483071132,0.8773513239497579,0.4281242086432573
53.5,0.15017073468224632,0.6060022793107347,0.15300881538360828,0.883747878377172,0.4531161632968505
53.550000000000004,0.15525956013187792,0.6063443566609216,0.1555035579331741,0.892957379977376,0.4831985794477199
53.6,0.1349415721471431,0.6058919782152146,0.16500736384702752,0.8924038695590037,0.5176631091814721
53.650000000000006,0.11542336902694708,0.6144214646218904,0.17931129083209021,0.9046156446098419,0.528883160608117
53.7,0.09940980179515152,0.618313525330375,0.18701216900643164,0.8982899648737085,0.5137548668440194
53.75,0.09394000687904759,0.6243126776480001,0.20391078460335266,0.907182447832762,0.5021146820413533
53.800000000000004,0.07750786073927331,0.6154565336206427,0.2114107818326023,0.9008843686180219,0.5400349515646907
53.85,0.0714604152919031,0.6029855551847546,0.21225402765253445,0.9053974950404667,0.552625884372338
53.900000000000006,0.06495224071258182,0.5870095258158466,0.2207285745472453,0.8947281902530609,0.5585137854396817
53.95,0.061172073477891054,0.5839131279427437,0.22834590685230302,0.8750076094133887,0.5453218833018948
54.0,0.06018779402416302,0.5928881808501948,0.23650240366425485,0.8759533625056082,0.5305581523332499
54.050000000000004,0.05300611982604921,0.5905470164713962,0.2365425183815278,0.8641741043550085,0.5162869446914069
54.1,0.05091649531695868,0.5929751593214935,0.23839753651085707,0.8446957297724565,0.45703072247684734
54.150000000000006,0.04488630373685846,0.5965751716081997,0.24204586224561808,0.8370972951115643,0.4275167105179496
54.2,0.04383732532428527,0.600079775113619,0.24905381479075947,0.8216889117086994,0.4004180047942311
54.25,0.04846978050988705,0.5873219914896051,0.2539314606871716,0.8056164219487083,0.38906140225176333
54.300000000000004,0.04897831481092085,0.5849690509568062,0.2544583435987627,0.814725308287066,0.40396288126462127
54.35,0.03615771741160033,0.5900302186641232,0.2595828200987394,0.8210724774645808,0.3844697264990742
54.400000000000006,0.034410828294799155,0.5954547637116804,0.27142782318192465,0.8252435475991572,0.4035886765719402
54.45,0.03437385409425718,0.6019353192858351,0.2782808682438912,0.814147974675684,0.433640318459633
54.5,0.031580812759711974,0.5978963837900705,0.29024388280247826,0.8051431559330666,0.4389528012339976
54.550000000000004,0.028861112910010537,0.5926427145637913,0.29661132324039535,0.8030340498234732,0.4419894058579299
54.6,0.03114748117813531,0.5772717093464059,0.3010200737347528,0.7996593002361724,0.43746610334629077
54.650000000000006,0.02762039180679977,0.5743780747027589,0.31399731790792546,0.8047639168275335,0.43689203758341616
54.7,0.024503504817516373,0.5497147258281776,0.32337873142780527,0.79970262204968,0.420112940699604
54.75,0.018813745506837176,0.5347579381796083,0.3287143005550132,0.802255341365952,0.4192690571747367
54.800000000000004,0.024836198842105698,0.5143395676811875,0.3380270835178398,0.8049666419864999,0.40777593776696164
54.85,0.031181758603549912,0.5127061634099878,0.34854392830866693,0.8054098930675683,0.38248355377262033
54.900000000000006,0.02948500303107177,0.5121220308378991,0.36371772378988154,0.8003085245208154,0.3684815539285204
54.95,0.04298656825587758,0.5150316674012164,0.3640692173745528,0.8064088057824742,0.356945534927316
55.0,0.04918371250238551,0.4967429594500621,0.36768922603546045,0.7857062642863519,0.3602109773025004
55.050000000000004,0.052372164486336976,0.495469122881885,0.3757834047600177,0.7822004451467442,0.3512642430892051
55.1,0.04997233040451463,0.487823131916688,0.3760427695284042,0.7854253831507766,0.3316104136472986
55.150000000000006,0.05313198095815849,0.4818768441618323,0.37399080639359494,0.7793627969386824,0.32725040250782356
55.2,0.060572165421574536,0.47256649455775956,0.3682188896319639,0.7945911619412093,0.3162213602575324
55.25,0.06146259169920098,0.4671617047571293,0.3658733686546213,0.7954937383566308,0.3245588298996133
55.300000000000004,0.06911057788561199,0.46271245926911475,0.36771016961796527,0.7987641273528894,0.31573045939142097
55.35,0.07520041362091276,0.46129683956729717,0.3657143451937844,0.8054286016753284,0.3129343913446732
55.400000000000006,0.08166608294349771,0.4431956661454832,0.3638367584298311,0.8097185650886856,0.31191373760036367
55.45,0.09192507283395941,0.43755484935232625,0.3769971313500842,0.8193585105079514,0.3182229229278837
55.5,0.10367684334979031,0.4365892486153859,0.38161093736049145,0.8345029276801043,0.32514244182910895
55.550000000000004,0.10509669002716825,0.4265164299030509,0.3846357075160382,0.8486617742424415,0.322134074979907
55.6,0.10678018666808049,0.4177903882032909,0.38534589947631337,0.8493818314875186,0.3172632483050986
55.650000000000006,0.1113778694908109,0.41764646460186794,0.3785762086764453,0.8624031787565756,0.3178596107714222
55.7,0.11362622839192492,0.41332159015292746,0.37648417625965014,0.8686782419268271,0.305562769338214
55.75,0.11932530767871186,0.4068798008194583,0.37663609084736915,0.8678839296581179,0.3081213996072866
55.800000000000004,0.12728714222603785,0.4116345270874019,0.37744687384454906,0.8738506176121894,0.30659469470805034
55.85,0.1364880549289633,0.40993643430107657,0.36907710639698493,0.8602254058834404,0.3065948007869111
55.900000000000006,0.14494333447503752,0.40858302029297505,0.36560591601915127,0.8693809164757883,0.30523764092272393
55.95,0.14647593970195005,0.4153478698547298,0.3620432971753502,0.8596585705723606,0.3127975289257461
56.0,0.14189426092751914,0.40307244239442136,0.3533542731061383,0.8466372866549244,0.31634434241191506
56.050000000000004,0.14161992790634462,0.4001669520386101,0.34960352415029045,0.8506995422702381,0.30924918655287603
56.1,0.14204743313829332,0.39376045869411985,0.35500125945934075,0.8537620177048358,0.3069148643875988
56.150000000000006,0.13950493627354457,0.38980824989509866,0.3645523243422823,0.8468940165944142,0.30886538304837374
56.2,0.1371667885022737,0.38521947740010604,0.361841762058678,0.8372329668140097,0.31435501443503666
56.25,0.1434938038356584,0.3908883405038568,0.3592907997298898,0.8364827529384905,0.30678470081143144
56.300000000000004,0.15230564916837,0.39755361986374055,0.35249849570897307,0.8414922730188713,0.3117491936242519
56.35,0.16061622639825113,0.3985089268701119,0.3478419138318727,0.8412675743015032,0.29874235928820086
56.400000000000006,0.1699698921620171,0.39818945505190345,0.34749641536387177,0.8447876637894399,0.2962665139723993
56.45,0.16358662496775145,0.4014442241000411,0.3465183997336911,0.8487312034264982,0.29958716833553384
56.5,0.16202846730429446,0.39964551559172795,0.3414393424039508,0.8571516131779018,0.30260282034288677
56.550000000000004,0.17139572249847013,0.39415119834286927,0.33439559584338996,0.8532070206816914,0.30281580940407254
56.6,0.17873462168080947,0.39275015950982683,0.3335359849250044,0.857671143865453,0.30061928755734996
56.650000000000006,0.18892269366152317,0.38560684458969113,0.32897565037543486,0.8548127504746554,0.29721166644199054
56.7,0.19815298593317568,0.3812972825808534,0.3111916625162535,0.8444374432751812,0.305813741393795
56.75,0.2075583031948474,0.396592488683117,0.2908885422188824,0.842126508306869,0.29474400709090376
56.800000000000004,0.21453325182933644,0.3946294346001354,0.2737492573023049,0.8380622628627584,0.2992733961185464
56.85,0.22180741623812644,0.39162195527860505,0.25141790551261595,0.8371651033719093,0.28498206113741814
56.900000000000006,0.23188783755009051,0.38224510551383983,0.24195797292680907,0.8248114851125489,0.2604765090117205
56.95,0.24008293775737347,0.3810200643573777,0.23401318051122616,0.8194765931690976,0.24140969088409245
57.0,0.24519302948860783,0.37568200356031134,0.2231329564398668,0.8111243258758755,0.23713354358612432
57.050000000000004,0.25724100267100997,0.37028134183934075,0.21455301163486204,0.8049118523816106,0.23418535676736218
57.1,0.2581431293585565,0.37879136004796177,0.2016764225128033,0.8038002913208313,0.22766231060536254
57.150000000000006,0.26467827180343606,0.3734267098357971,0.19176551604823303,0.8050368415086991,0.22414544522267874
57.2,0.2701610509900573,0.38043040211503226,0.1866670550053698,0.809092985249396,0.2121335624308088
57.25,0.26682408557849957,0.3694478640235059,0.17910840668533468,0.8117448886533917,0.2135841845641956
57.300000000000004,0.25863316180585355,0.3605524379155366,0.1652070855135769,0.8116515930033683,0.20898123220676687
57.35,0.24758410742434644,0.3584028937743532,0.15206442045835394,0.8086742048240085,0.19880380866488986
57.400000000000006,0.23634971197071789,0.34663332581464734,0.14439236914721781,0.8045194767233902,0.17951765572424372
57.45,0.21857091241268828,0.3596208585743945,0.13771664089604302,0.8060434526550433,0.17542063385263376
57.5,0.21066978611421475,0.3570468633172188,0.12847914299402366,0.818518178267345,0.17397399974802155
57.550000000000004,0.20048043273380567,0.3594482207124583,0.11755179413190579,0.8074034926466405,0.17541134663353203
57.6,0.2007064047132963,0.3817229082492609,0.11194579442933297,0.8066876355101258,0.16324925190131057
57.650000000000006,0.19028690969370554,0.4050665566034792,0.09944840052692845,0.8019302490191832,0.16035955910413197
57.7,0.17719778363868896,0.4160917373120571,0.09384942665372852,0.7837059281899625,0.16035600567175112
57.75,0.16094074113813164,0.4235750406836843,0.08780396709899525,0.7764533816946275,0.1646966393563898
57.800000000000004,0.14825359631753648,0.42739971405531346,0.08792989170741854,0.7702253197591598,0.15690449823165312
57.85,0.14391709174520304,0.42665658301410836,0.08507821247510054,0.7791470023271768,0.1623960261045459
57.900000000000006,0.14031161374118767,0.41673647641023437,0.07672699861572801,0.7895227699846172,0.1653637343796953
57.95,0.13251532256225185,0.4199602998488026,0.07006978127060033,0.7895078426302541,0.1750056458854919
58.0,0.11503075942440406,0.43294990248353454,0.058582835430975706,0.788696730465927,0.18561510612006926
58.050000000000004,0.10709345801368127,0.4439642194132923,0.048288680737430804,0.7820885244299879,0.17573082029675008
58.1,0.1051510450710304,0.4535288265742734,0.051016067727232675,0.7750983839035197,0.16952624513041814
58.150000000000006,0.10712453748786248,0.4641200774347297,0.046292678316564737,0.776916741405848,0.1681028710310477
58.2,0.10181676311398288,0.4808202057036815,0.04089274686864118,0.7757634759019127,0.18522219276234078
58.25,0.0989242468341216,0.4942459010360551,0.030360602015362816,0.7723289001938181,0.192806889806346
58.300000000000004,0.08507361179215558,0.49603509316569067,0.030905513244747277,0.7633843666221284,0.18990890627191803
58.35,0.0824800498272284,0.49840083911391825,0.029516994480740903,0.7616195747968313,0.17660924275342235
58.400000000000006,0.07857553490271432,0.5066218649280116,0.016153497587199844,0.7528723823010642,0.17615249649460316
58.45,0.06625177147940121,0.521886147560156,0.018315157295942446,0.7580622549540437,0.16496934681239472
58.5,0.05476660686930937,0.5215183897325303,0.0239762153954698,0.7421573456867847,0.1608474219021908
58.550000000000004,0.050501484278816164,0.5192523961960489,0.03546931563511857,0.7295603972058036,0.16355568025772532
58.6,0.044662112540756735,0.5220492272943134,0.05274220118424608,0.7253031807359637,0.15071298977970488
58.650000000000006,0.04583737237735901,0.526932608961122,0.05443704904484316,0.7310981978194314,0.14352103465289498
58.7,0.036475436467824474,0.5328636660747027,0.07424076638811612,0.7110160037934267,0.14572713763486056
58.75,0.0375495446949343,0.5337882557594987,0.06588573324152705,0.7111945393828691,0.1366618892649865
58.800000000000004,0.04058701350198524,0.5402875510847632,0.06704165926417095,0.7220990639458303,0.14341789758650972
58.85,0.037192832775517,0.5430931228266775,0.08545144316463847,0.7126603890596981,0.15250162484095167
58.900000000000006,0.04234772372797924,0.5433092177152624,0.0947943924240114,0.7161567037852964,0.15152101749405716
58.95,0.05030239309875581,0.5414421459307939,0.09651217277949381,0.7130018328148514,0.1562614616488833
59.0,0.05330788118325351,0.5358429414738786,0.10452355149060892,0.7086670999897896,0.1888122153868683
59.050000000000004,0.060400918286542205,0.5289705882621267,0.1129282759364221,0.6983097859360896,0.2146809270220837
59.1,0.06368923185923646,0.5228199716172366,0.11822131878633077,0.6899526507217363,0.2114344930508183
59.150000000000006,0.06342604774099297,0.5313244507653218,0.1189379458827783,0.6781655535860638,0.21656982688748422
59.2,0.06595824396342007,0.5280128456808076,0.12217576033350258,0.6676053637074941,0.225105580170637
59.25,0.0649000540557145,0.5291787076177906,0.119928055107311,0.6586119671642309,0.193207933738045
59.300000000000004,0.06958072063826108,0.5398660535588655,0.1326990949132707,0.6555228087574461,0.19439375935903166
59.35,0.07316173028103053,0.5388824650418751,0.1375713265503408,0.6431929871493778,0.19780786642830397
59.400000000000006,0.07168057771215813,0.5393562180250341,0.1444016774012726,0.6494678344338318,0.15066060843345566
59.45,0.06870910808343846,0.5554312758984659,0.15307576568791456,0.631261934028464,0.14305591563902653
59.5,0.06694415877217542,0.550220646186224,0.16133948412295995,0.6241913390156582,0.13964106514453867
59.550000000000004,0.0658640897941791,0.5431540773733915,0.1662658669616034,0.6113724141243296,0.12468302181569946
59.6,0.08170028498232006,0.544554886290721,0.17781251337063947,0.6137179557393578,0.11506745660233686
59.650000000000006,0.08601196675992692,0.5443507413865363,0.18012105159946662,0.6112945150006728,0.1296921306355117
59.7,0.09150857126397059,0.5396456067494289,0.18708336329669542,0.6033698920834277,0.14034431607817482
59.75,0.0921511374960503,0.5381832884923903,0.19608287749205816,0.5967252907376503,0.14693767113849734
59.800000000000004,0.10238479259418616,0.5404441514435818,0.20025731250915985,0.6048779814651111,0.15802174073331876
59.85,0.10572175775620567,0.532822386512293,0.20535706637976744,0.5947119851172856,0.1594470720945733
59.900000000000006,0.11323612307172577,0.527105421097318,0.2062321988585264,0.5966925935322103,0.15947572694772508
59.95,0.12144824975970875,0.5284662323024248,0.2056058551768512,0.6053571141297437,0.16012242356393436
60.0,0.12127624232971862,0.5268624081819622,0.20805426156097498,0.595802162872433,0.1710127155136278
60.050000000000004,0.12626803595561514,0.5176546896855704,0.2086730305628477,0.5900112025019477,0.16349020564622727
60.1,0.13271012770344073,0.522904665473503,0.20575945015562325,0.5946007344927514,0.16625370132317427
60.150000000000006,0.14173888292141218,0.5188816936997135,0.20591892293090985,0.5920938965286687,0.15700864964143288
60.2,0.13894199298613108,0.5186324605505083,0.20920114959432584,0.589305526689862,0.14787974921025096
60.25,0.14562285562378102,0.5161069823060362,0.20809423834649662,0.5932629276273524,0.14664624815366412
60.300000000000004,0.14460929624624508,0.5166802542466642,0.20660341683956968,0.5925558077644175,0.14690601325275535
60.35,0.1604394892305386,0.5231971917817245,0.20706275572346886,0.5812487480413863,0.14632544214220217
60.400000000000006,0.16633855664979222,0.5233058466879684,0.21177932813567485,0.5857291948614909,0.15057633702175857
60.45,0.1850924123108335,0.5180610711580241,0.21502135528610652,0.5913489692640814,0.1641531223251506
60.5,0.18188518786788044,0.5145791561758363,0.21662073253429795,0.5848378065422104,0.16609828111207414
60.550000000000004,0.18074793998606836,0.5047078290985418,0.22286955259621125,0.577412942876738,0.14953911815089171
60.6,0.18322683377593213,0.510495276376462,0.22670186731472494,0.5778183145409495,0.15340479867194695
60.650000000000006,0.1896726245335061,0.499556295862315,0.2249391791479523,0.5813691975309555,0.1581771133959472
60.7,0.1885491252081857,0.5020017787799753,0.2206970425877372,0.5784145418637571,0.15206616724838087
60.75,0.19302401069962224,0.5124431411412651,0.2178845321146149,0.5901079788282471,0.15373117849339518
60.800000000000004,0.18474938019756024,0.5107693376851726,0.21771942664366195,0.5771797890674479,0.16078586876876286
60.85,0.1814298567631826,0.5243696005736781,0.20602992932933525,0.575231842769933,0.1534229234212301
60.900000000000006,0.17301224097018209,0.5239371526507902,0.19663828754321402,0.5743407742370593,0.15367935976313873
60.95,0.1761579270471954,0.5412450914506088,0.19088671429096948,0.5774279624614479,0.1758775475194439
61.0,0.16335145744649146,0.55192100720539,0.1908512756439678,0.5801973745969288,0.18411611146055945
61.050000000000004,0.16437021905440888,0.5603889430436465,0.18789360491089915,0.5633427505430959,0.17492633630023682
61.1,0.1666934200428912,0.5607896016012087,0.1887036119504226,0.5574376537109736,0.1704127594096501
61.150000000000006,0.1702643879381581,0.5653920817185927,0.19630485265306472,0.5537405402555556,0.17924482378521084
61.2,0.1750197511598596,0.5734790929508933,0.20170150257043948,0.5597564153497196,0.2003369241557759
61.25,0.18263652465989125,0.5636700895808426,0.20346789761057313,0.5520775911735752,0.21577276825831648
61.300000000000004,0.19010691934328078,0.5605840388963531,0.2052093880494839,0.5531808880013943,0.2323966545003973
61.35,0.19626342736948352,0.5680208656225383,0.20876577875556887,0.5436909373063001,0.22378784968184584
61.400000000000006,0.18842711998583744,0.559510274563359,0.21491140189207342,0.5444245496437117,0.20644383357740062
61.45,0.1848035075170023,0.5587936556362302,0.21953193917675745,0.5406084446529246,0.21532412583217478
61.5,0.18695707162746436,0.5468489197490316,0.23135258364128122,0.5430992443220978,0.23127220152467112
61.550000000000004,0.18500623065644964,0.5415089130101312,0.22939412327159225,0.5523973499023517,0.24241079463918505
61.6,0.1910305927409626,0.542193494047326,0.2257396588444859,0.5419469862239255,0.24917589369231197
61.650000000000006,0.18983224353877762,0.5356985116656358,0.21060911536097776,0.5340132521148928,0.2612227954514617
61.7,0.19451086029508005,0.5470423324856263,0.20241455462113236,0.5365550839117963,0.26666189868215406
61.75,0.19805752128712106,0.5521382656621499,0.1995316427125487,0.5171231380801387,0.2706597059382726
61.800000000000004,0.20889709063407225,0.5507958947361586,0.16978918721139302,0.5138461681291513,0.2688449067015923
61.85,0.2181001512826667,0.563072841900803,0.14962144307734807,0.4895238306458602,0.2784026799544478
61.900000000000006,0.2226071294521772,0.576048966921946,0.1523412581449323,0.48563892143576903,0.29108081673084574
61.95,0.21745870545947987,0.5735724735107627,0.14903055935031767,0.471872829934591,0.2985685524581209
62.0,0.20968443364857703,0.5624714369690205,0.13960535430227497,0.4712455022905339,0.3149999539727753
62.050000000000004,0.20028905240997663,0.5585878341536802,0.15530760846265562,0.4699010646817948,0.3232198537319786
62.1,0.20064089536415936,0.5456143926892905,0.16666661178743458,0.4779651459785417,0.3258293863517724
62.150000000000006,0.1901209055640817,0.5351628650794547,0.16701588931710987,0.48573828659023427,0.3287366947237169
62.2,0.18035482633587027,0.5337686134566696,0.16082206505356558,0.48468683897395526,0.3256531249833689
62.25,0.1761553345298741,0.5326078135697997,0.15468069401551088,0.48592327479577135,0.32703528006525645
62.300000000000004,0.17360887839736822,0.5355773187931402,0.16948047668351987,0.4756835957715799,0.33846579642720803
62.35,0.1612022310773633,0.5329378429295624,0.16978277950260992,0.483755054412522,0.3444311404917244
62.400000000000006,0.1518744880894154,0.5334161955278923,0.18403274930896713,0.4679392595437046,0.352717450753641
62.45,0.14195292517327157,0.5213160611384328,0.1927282496047005,0.4702881311565614,0.3518652082625196
62.5,0.13334608587720534,0.5156817049852823,0.20136487724490024,0.4756946539015793,0.34661219387946796
62.550000000000004,0.1389165194781766,0.5191205227842862,0.19988974265287573,0.46711388109296703,0.34173414332537344
62.6,0.1380098921649884,0.515691981647654,0.22054679282353074,0.4737755108799935,0.3491145130375573
62.650000000000006,0.1385930510182467,0.5147591134593434,0.22278460425122182,0.4793042249143168,0.3507852053399448
62.7,0.13665038612213845,0.5126490299933406,0.22173209661105775,0.4756496376286172,0.3460129949116169
62.75,0.12895925955387963,0.5120163885298369,0.20153911456499912,0.46504095725998285,0.3366110024007311
62.800000000000004,0.12224128904619572,0.5151331005258847,0.19338603761542056,0.4677373451695519,0.34275772918607667
62.85,0.1166688745984581,0.5144061234738462,0.20184584210984735,0.4806992740675908,0.3525032879775836
62.900000000000006,0.11625821818218214,0.511470887730891,0.2036001662559384,0.47936137934137796,0.34770374201044946
62.95,0.1168357424470311,0.5081281795381728,0.18763467788048102,0.4706849395738857,0.35308395280515203
63.0,0.11694673699500908,0.5101422297725489,0.18019058862827841,0.4747703132399418,0.36733362025259036
63.050000000000004,0.11853054862483678,0.5081498816718897,0.172623484914191,0.46523232684599347,0.3735662825188395
63.1,0.11021655783038645,0.508560162552939,0.16076752438280167,0.4578207386534957,0.3866523805579927
63.150000000000006,0.10530193203182378,0.5013846632498298,0.16659150201560885,0.4559937253754204,0.3945666830402141
63.2,0.10721288933955192,0.49693407255177585,0.16574562012060176,0.46564308008954647,0.40469580516442977
63.25,0.1084829319401357,0.5026752456797992,0.16646511628066205,0.4579476837124286,0.41882181780189526
63.300000000000004,0.10815575100865747,0.5130712206641439,0.158444035233083,0.46011814244300536,0.4363598905814197
63.35,0.11318715105353643,0.5052263605077212,0.15259916821697797,0.4640172329156348,0.4616833584059424
63.400000000000006,0.11479914121780396,0.4968450153599857,0.16036673980304536,0.465269441155576,0.4680412512002008
63.45,0.11593248216962197,0.5048897197504613,0.15871337032528726,0.46822471794585085,0.44479923081400835
63.5,0.11861800085289974,0.5081125570821805,0.15016984322247806,0.45188161267738514,0.45810886805878237
63.550000000000004,0.1192065086282812,0.5170988253806852,0.15615998361817848,0.4463489674334308,0.4771946912807296
63.6,0.11682157057149481,0.5138265376574392,0.1571322399022819,0.44203655842874734,0.46651417507011395
63.650000000000006,0.10904444592078438,0.5026627136748533,0.1661215878131104,0.43891081890520095,0.4642450844560895
63.7,0.09976668624701614,0.5143301382930646,0.16484882209288043,0.43809277849493694,0.4548271649593108
63.75,0.09718481093427034,0.5196311886001038,0.17194151627724988,0.4407406086958646,0.44229831238822087
63.800000000000004,0.09456391763047856,0.5136839792447265,0.17781909633256396,0.4462868625537772,0.43410406734534673
63.85,0.0910564850708303,0.5210747255921409,0.1873364395919771,0.4471146771124797,0.4245929813199577
63.900000000000006,0.08615220564901377,0.5247251263475236,0.19141389456933694,0.44699285087195817,0.4202746027563751
63.95,0.08706123717488329,0.5319507773313009,0.19581736437575337,0.45168717410075443,0.4098657166795199
64.0,0.08143777020604011,0.5388629349183414,0.1953855641672076,0.4452425860030894,0.40485862935689276
64.05,0.07567452115797804,0.5232298054331578,0.20124900283284952,0.45762602498818294,0.40768599386370047
64.10000000000001,0.07522351683972404,0.5185374128510615,0.19853757501201402,0.45542052081622153,0.3970305081064307
64.15,0.07117213472196114,0.5047014218438345,0.20231183125609192,0.45968822738133236,0.3792357839773643
64.2,0.06266044353755737,0.5004235440062523,0.2010804134699591,0.45622207076609905,0.36326166836949153
64.25,0.055014606102788646,0.48843187664009585,0.20154412791073092,0.4595610610255048,0.35834809254338534
64.3,0.04865872932776734,0.47329077856431706,0.19949020215456092,0.4595564367617501,0.35366335905340524
64.35000000000001,0.04041345909294883,0.45698339085327283,0.1998794647551841,0.4583517582131056,0.3544372961820782
64.4,0.036914212500998,0.44351794583482157,0.19286121892388217,0.4579669446788161,0.34855201743032066
64.45,0.04468458697424438,0.45432571078022954,0.1957041562901132,0.4631172474671667,0.3562918555977573
64.5,0.06157963854193868,0.4572462066594044,0.19804266675389878,0.45506514444942486,0.35574440759270276
64.55,0.06672688940254168,0.468671575466675,0.19381725615067485,0.449378402061651,0.3547401863418544
64.60000000000001,0.07882333700219962,0.4497122603793853,0.20104812652161438,0.4411057892889157,0.3651597103377019
64.65,0.08828023724630045,0.4591981301894385,0.20033877957192414,0.4586811524030239,0.37423208531127805
64.7,0.09300666922224418,0.46246226838838533,0.19781268303642616,0.45507801053604907,0.388746700336475
64.75,0.09773537161083845,0.4701195802020344,0.1900917191911069,0.45548744258931706,0.4076675640167777
64.8,0.10320973912523317,0.4627180825035142,0.2007219559862091,0.4483207462158057,0.4167130415693178
64.85000000000001,0.11220628777790308,0.4716369799638083,0.20110450189191875,0.43550475837392344,0.41277033189470524
64.9,0.11514799067565343,0.46566953953140033,0.20432046110549446,0.4294722427874054,0.4167683872764906
64.95,0.12089507273383347,0.4497819451570835,0.21344033814308627,0.4279491752653359,0.4142843796975643
65.0,0.1288163376931918,0.4661705858851529,0.233596695557847,0.43052857074492235,0.406714133845364
65.05,0.13696242528339636,0.47700722289139513,0.2348564954189863,0.41450276207642905,0.4042800738917188
65.10000000000001,0.1552721434842539,0.476126825020353,0.21994210014735666,0.40536494119739397,0.40561292893628464
65.15,0.1682272736536607,0.4693047882591947,0.21266098410001166,0.41184150346552423,0.39831665390989957
65.2,0.17323031046476375,0.4588255470916047,0.21247818086759265,0.4185885495651299,0.3970273735335246
65.25,0.16830965726599872,0.4621258562479895,0.21145413979572059,0.4196184949288941,0.40026268099367107
65.3,0.17131058375066235,0.4567544014149933,0.19978674065384433,0.4074969546041798,0.4025723563049165
65.35000000000001,0.18084875179469917,0.45246218226055135,0.1969750877913311,0.4197074815940089,0.4066787327620011
65.4,0.1877487024225589,0.4788406986991935,0.1914179543408892,0.42521389731948855,0.40690061477502176
65.45,0.19477841390324663,0.4683924234721801,0.18157983446333675,0.41345090685592956,0.4072187065986358
65.5,0.20450426161561994,0.4764627362265448,0.1758303377032997,0.4187254444825881,0.3961386447228202
65.55,0.21531055899700646,0.46611954726944127,0.16746937447321683,0.4216831545869573,0.3951536708369087
65.60000000000001,0.22462518622091557,0.46466141757680474,0.1563516047867224,0.423348491716444,0.38855121942114446
65.65,0.22598352667632904,0.4740771230817016,0.15056456827491532,0.42955503767006464,0.39411638652597136
65.7,0.2293232655454418,0.46045138759687576,0.1507476782312008,0.4351693399516763,0.3964612644822006
65.75,0.23753912834027888,0.4473031950553073,0.1576535602014125,0.438153996423563,0.4027533358036951
65.8,0.2294759314838808,0.4511937412852037,0.15865892235773912,0.4407725754762575,0.4109863827829718
65.85000000000001,0.24881073723305178,0.4593136236862075,0.15051362396097168,0.44619464238653134,0.41360847862484895
65.9,0.24798708375881587,0.462639859600144,0.1455676135002043,0.4345285822207472,0.4111164405483704
65.95,0.24733617276496858,0.4627699924795304,0.14124499963098125,0.4393877645780646,0.41824151104945834
66.0,0.25629545352369704,0.4570279589930329,0.12641652058062489,0.42126224428285763,0.4168593941405152
66.05,0.2624443823328679,0.45475231091244467,0.11186714232315734,0.423729788206181,0.41266773554920044
66.10000000000001,0.26587378854191523,0.45376879521344965,0.10578345452912546,0.42129954760501703,0.4101376406422903
66.15,0.2651494458735762,0.4467017261541267,0.10673020199124687,0.41835400797894595,0.4151099209480005
66.2,0.2702344154739957,0.439353530615389,0.09835243044818612,0.41868327356261337,0.4166775604012753
66.25,0.27340950215124504,0.4332133842226687,0.09865742689227533,0.41900913111419635,0.40894263204201753
66.3,0.2806808838657154,0.4379702125753062,0.10591508803640061,0.42379043430264957,0.3843014672743264
66.35000000000001,0.28012689228872883,0.43011042125930354,0.11269045809104537,0.41807806794209185,0.387202981381547
66.4,0.2826204126655006,0.44430721945840296,0.1242523178310768,0.4191643472829391,0.3913917000424692
66.45,0.2885312419343623,0.43879998283313826,0.13886783554657775,0.41296662016970626,0.39756686160623733
66.5,0.2925797460302547,0.4237122948342507,0.15566987292237924,0.4039945620331444,0.4045790823691796
66.55,0.2939962770934149,0.41612485798426185,0.15782684583885725,0.4013485241980101,0.42607158558897024
66.60000000000001,0.28789874659796105,0.41293930296786224,0.1479426154273441,0.3980268515056089,0.440423317732324
66.65,0.28773750817198046,0.41337229143626447,0.1326637783541591,0.39989699494646613,0.44357193399666195
66.7,0.2858862553376586,0.41059783711549225,0.1150545838490046,0.4018086550275957,0.44748531413952636
66.75,0.28384966448674687,0.40672072000916637,0.10106314847747389,0.3891885326637204,0.4290097017395062
66.8,0.28072806276526685,0.4196724238488429,0.09141956008029875,0.3873105929311164,0.41001485301956386
66.85000000000001,0.2712501812652957,0.4303554832469754,0.08280913408080517,0.39198636050712227,0.3995387442262395
66.9,0.262708147622263,0.43319013349954505,0.08493249214568378,0.39595693792611686,0.39539664453258827
66.95,0.2598703321551104,0.4419023669617757,0.09544387927918337,0.3941896187544226,0.38818941871875184
67.0,0.2594895860608945,0.44235655422217746,0.10514038586033732,0.38650056288472456,0.3881085234354292
67.05,0.2619972194013584,0.44374925412178773,0.11303405187460062,0.38434258383166786,0.4071469785837427
67.10000000000001,0.2673973648285971,0.4496742971301943,0.12045265780431809,0.3855199553444527,0.4163825349956072
67.15,0.2686963643842545,0.4473221727873359,0.12418248814493359,0.38363783874197943,0.4221198804784364
67.2,0.2631109522324077,0.4447526811756505,0.12107112677798615,0.38433086216274914,0.42295930869991394
67.25,0.2562205062086639,0.4497008090990466,0.11846698726452498,0.3812796193259238,0.4245487690157646
67.3,0.23713274628119696,0.45573590304781436,0.11555987190354527,0.3918651457971823,0.42568602808471817
67.35000000000001,0.22303958730035223,0.4621616500154797,0.10974367039489051,0.3901241497298087,0.42319771551112056
67.4,0.22206712455893513,0.46576513512428236,0.11891745365746437,0.3893041055015719,0.42079637594299896
67.45,0.2081639596747448,0.4587752767727025,0.1318020951403146,0.3943901021310811,0.4331961412211051
67.5,0.19966057566860365,0.44968092771717555,0.1400164319418412,0.4067814604002981,0.44261640842894195
67.55,0.20077476985581685,0.4423953801728216,0.14833860319304984,0.41227252955619814,0.4471714263068723
67.60000000000001,0.20009828407887906,0.42916786718296973,0.1646357066270694,0.42074626337911913,0.4575032273403036
67.65,0.1937037339363675,0.4125905699283808,0.17615163552056992,0.4227746608929873,0.47053811859790057
67.7,0.184734678739819,0.3972716546590865,0.1792802899113213,0.435014834927385,0.4852696530982753
67.75,0.18362490231897555,0.38323351831972413,0.18504725781176865,0.4358248846146549,0.4898707914935694
67.8,0.17741230561277266,0.3587306264205454,0.1799860532889255,0.4563593389056084,0.49182313134643646
67.85000000000001,0.16520951184769744,0.3430563237538642,0.1770186095409456,0.45442090936151347,0.4953392320513066
67.9,0.15705701066257827,0.33557263953076594,0.16238777120409192,0.46596691006171376,0.4920565553017837
67.95,0.14937082500552004,0.33771438652680524,0.14630312579447463,0.4674707953840817,0.4910951627549098
68.0,0.1403618848584296,0.35104867339081713,0.14343847969650975,0.4689133403869588,0.47965093179918544
68.05,0.14337974127902683,0.36290836334197457,0.1471361491289374,0.4584324318520605,0.4799821007951444
68.10000000000001,0.14488541573403482,0.363105447827737,0.14590717962112504,0.45117102219780897,0.47811848258678935
68.15,0.15089283256440914,0.3538685043962746,0.14556288978792975,0.4487133096491941,0.4812740658977403
68.2,0.1467677031989289,0.35624615731748166,0.14351542485357643,0.45543404371994434,0.48528178897174223
68.25,0.146819546882745,0.3593889658909527,0.1365657142225122,0.45561785045239994,0.4838148363221651
68.3,0.1387140489029614,0.36525094244484163,0.12684631321066656,0.45205097148907436,0.4793960492498525
68.35000000000001,0.13719617340889115,0.3630669805292731,0.11476232902835036,0.437698898278277,0.47636496261810723
68.4,0.13547348752538296,0.38135920140160484,0.10154031253357354,0.4433526907936546,0.46245683189259096
68.45,0.12976705522620818,0.3864526538552107,0.08451030594155842,0.42581950248306505,0.4378181318907264
68.5,0.12366541640385027,0.40700048929428456,0.07263679807465474,0.42426818569692043,0.3946429307135595
68.55,0.11866384173993307,0.4157814447910184,0.06443684347662759,0.4014896807068349,0.39206156803278885
68.60000000000001,0.11082605452237287,0.43446168625580195,0.04889040663679048,0.38798832617487855,0.3682153983305261
68.65,0.10088308485201922,0.43258562858855915,0.0522555605557426,0.3800947006802671,0.34925820470972935
68.7,0.09775415115474483,0.43832172543247766,0.057970144795977493,0.3783197467465713,0.3364284037022361
68.75,0.08906235549367647,0.45075708438658457,0.05771673044289154,0.3792059048659699,0.30263255369745573
68.8,0.08541401045757345,0.461291584576304,0.061231073673027055,0.3734949531262411,0.2825267940710267
68.85000000000001,0.08620889515534706,0.47124247734838787,0.07361033674283936,0.3810963443038943,0.23442629407923793
68.9,0.08069656112517706,0.47298923922552283,0.07349774700277156,0.38643489330863395,0.21522396201129143
68.95,0.07963701146210062,0.48032758702408673,0.08377288505416919,0.3891892116803201,0.18439775732751032
69.0,0.07656442120912972,0.4811071688498383,0.09048287143803048,0.38729175528645804,0.15440465778671594
69.05,0.0677989695676512,0.4865803007389463,0.10152459320530989,0.3793733942059722,0.15693022779458354
69.10000000000001,0.06740446809855007,0.4869280874321013,0.10805887382400603,0.36901095173831855,0.15003617239790973
69.15,0.06287704738508454,0.49626248407341494,0.11526661658930176,0.3663332112247517,0.13160292896950399
69.2,0.061494612506504905,0.5064592910693856,0.12418777336472715,0.3608604680237287,0.12340410214520638
69.25,0.05500932281452933,0.5132072894469925,0.12777785026927638,0.3653380648750535,0.12572194504165934
69.3,0.050726234469662,0.5217651645608513,0.13595243454397202,0.3632496971782568,0.11372856024859264
69.35000000000001,0.047937808734968286,0.5201354288128753,0.13621701413212306,0.36617210794795985,0.1210636678676833
69.4,0.043068880092801756,0.5106227678417996,0.148594808716024,0.37166521773425154,0.11637153382377757
69.45,0.04370788769444717,0.5068424514874337,0.15415638008001242,0.3746652232750274,0.11629988177233734
69.5,0.04591418559721096,0.5134316012096383,0.16265913724953557,0.3849018747067016,0.1230288830362151
69.55,0.044414438220130796,0.5133745590068715,0.16766194847650195,0.38337837050820994,0.13611637516878727
69.60000000000001,0.03800710014023535,0.5156241012955426,0.16906797124726247,0.3896717828262762,0.13952875858907435
69.65,0.042399157835548866,0.518437685131213,0.17596537632925036,0.3925608497564223,0.1461024618095915
69.7,0.04535132263748921,0.5232078024170459,0.18188001246928792,0.3853044310851473,0.15403692494122043
69.75,0.04812402412659562,0.5262814350475313,0.1811103728409814,0.38131767313575987,0.1565431853032113
69.8,0.04660184262002799,0.5196095324329402,0.19021212635019158,0.38317398804506125,0.16371075410792962
69.85000000000001,0.04833039085567785,0.5153273490522037,0.1962086319923009,0.3811340029288816,0.1603661761320839
69.9,0.05538165102162655,0.5083574198208874,0.19032762327074917,0.39133207134679354,0.15607885097003335
69.95,0.058995197414596745,0.5062856901199477,0.2034856555826285,0.3907880492369446,0.16939486887915783
70.0,0.06000937815784747,0.4972546850111073,0.21553100660901833,0.39299643106330867,0.19750027369620274
70.05,0.05897582928641307,0.49881978258086995,0.2087153098979197,0.3945957585613892,0.1988470670283274
70.10000000000001,0.061878446831690616,0.5057800705014575,0.2125034654923209,0.39276585865300667,0.190698036012718
70.15,0.06126249999578392,0.5099566117431993,0.21522557352308289,0.3939664256202972,0.19351197973855047
70.2,0.05990145505738849,0.5113191847149148,0.2227370123869464,0.3936518109696419,0.21790494756944942
70.25,0.05864547494948146,0.5095047592750409,0.22802785582051538,0.3851306910973663,0.191474080263227
70.3,0.05846308825266438,0.5033448927974741,0.2361777337189128,0.37837965286656533,0.19877970185928992
70.35000000000001,0.06093063167586272,0.5071405743904954,0.23326135965048533,0.37877543256625695,0.2533047497463083
70.4,0.06394992673763333,0.5106543313815217,0.22655751867581422,0.3897493723910709,0.289006616366462
70.45,0.06118925356064338,0.5029399502673706,0.214509625117604,0.4035104185916908,0.2893586541136289
70.5,0.06611193114375476,0.5013098911570585,0.1961356882384444,0.41389097298423777,0.3053205420950516
70.55,0.07222043982936281,0.48756164131523727,0.18551078910736338,0.42526116723293866,0.3444737781207838
70.60000000000001,0.08114749935460472,0.4855258790673167,0.1716909511896729,0.4336742468802014,0.4059556734655196
70.65,0.08119658190096658,0.4800553319392749,0.16792518924072797,0.4516681885547288,0.4252065342531159
70.7,0.0858806777458837,0.46665424294594626,0.1537511644273392,0.4592069443008875,0.40257414732990743
70.75,0.09779889059638863,0.4749116374325968,0.13731410572410713,0.46238941227450703,0.428154075821976
70.8,0.1046835729161773,0.4685063408719764,0.11967221426434331,0.4709949659418039,0.4499289219084839
70.85000000000001,0.10616502375228143,0.45246173399955336,0.10712842876266337,0.48953078576805814,0.44901468638580727
70.9,0.10394057527632822,0.4317650027064151,0.09169103085264213,0.49990273028491544,0.4525247294901885
70.95,0.11453288434439757,0.42083686684741467,0.06973283526085015,0.5074972565012015,0.4595072435362776
71.0,0.11520628645823638,0.4167401170921632,0.06689561793294423,0.5084845039451463,0.4457303950453559
71.05,0.1068224765918165,0.403897889043838,0.05271687336559958,0.5234191123781329,0.4678852791086194
71.10000000000001,0.11393896207600653,0.3809208098996906,0.04739470855537362,0.5384345645064834,0.4732229052257256
71.15,0.110698833785516,0.38068884578546125,0.05326792702793102,0.5594397030317957,0.47376234041657367
71.2,0.11750899652644685,0.38375942509088606,0.058636571570887565,0.5504708715577333,0.4725163345598841
71.25,0.1182255660843439,0.3747979611433786,0.048569154802490334,0.5504777393360439,0.48318360066659005
71.3,0.13177205768646125,0.3653227773847633,0.04817339228262831,0.5507676819556548,0.4799782818021063
71.35000000000001,0.13768659735843147,0.3509150232395265,0.053063401265998573,0.547099045423357,0.4882186845005551
71.4,0.13042660254206787,0.3558188976945282,0.05538663485265526,0.5502226218766981,0.49318274117548894
71.45,0.13128308560717858,0.35842732643218594,0.05779094550577193,0.5575983414078634,0.5073401217385594
71.5,0.12866162293201414,0.3689391650247892,0.05588411416947271,0.5469221516299244,0.512414865853514
71.55,0.11736901629972961,0.36916019428124014,0.05902438660721257,0.5462624506814481,0.5195507629969681
71.60000000000001,0.11215518237726382,0.3645041296651126,0.05091956733132745,0.5439473822841354,0.513929940344334
71.65,0.11238230457774455,0.3639410782474688,0.04956370436124021,0.5522239128124615,0.5166080274578284
71.7,0.11462599990683232,0.36361381819212457,0.04233670826303776,0.5554539004660609,0.5131443083671311
71.75,0.10926761694045348,0.3593212507367923,0.04923407126190055,0.5719661387768873,0.5222564585622627
71.8,0.10011115673194507,0.36360974153321496,0.06829369932877496,0.576311497384415,0.5413690147813709
71.85000000000001,0.08652385908259937,0.361782073279922,0.06915329696083844,0.5781019117918376,0.5443868041661267
71.9,0.09473646906634335,0.37176751449502143,0.0784901417212807,0.5718789095539467,0.5590588356043973
71.95,0.11223855119978435,0.3641653786440461,0.0896340664418079,0.586275016146496,0.5787262864474075
72.0,0.10021988533142182,0.37077510826292326,0.1079941641362841,0.6141762650564115,0.5942284968841229
72.05,0.10343059324690443,0.36788774122636425,0.10089598502144931,0.6032774423746645,0.5881478402391095
72.10000000000001,0.0916529526927516,0.3715665594243293,0.10671975126298541,0.5891901848742276,0.5798062693891142
72.15,0.09983051003091509,0.3710933732506228,0.11299970247353533,0.5785952419533504,0.5663201844360306
72.2,0.1001123452004916,0.3799016692460477,0.11486632018747563,0.5666015695039953,0.5607103189079405
72.25,0.10970817151030446,0.37383153998031127,0.12119851851020252,0.549004478886689,0.5642356806999899
72.3,0.10822350025289815,0.3706486889972749,0.12477791541822324,0.5407476502319317,0.5642925006872932
72.35000000000001,0.10586255130118903,0.3750572273558618,0.13467987757553845,0.5293500337088327,0.5583341732034827
72.4,0.10796606435772106,0.3740911261577746,0.1463410052897949,0.5184478331473156,0.5612036521086459
72.45,0.118269633809244,0.3652638385808951,0.1509376882174969,0.5161441926571908,0.5723246956898858
72.5,0.1208487236272596,0.37290290384204766,0.15729670435273668,0.5060324616248262,0.5659615051215602
72.55,0.11777230284992725,0.371961214289198,0.15798639308538232,0.48821518896721366,0.5572383461160947
72.60000000000001,0.1173659517293854,0.3793633369780194,0.16670495309182226,0.4916652780369487,0.5555973493116488
72.65,0.1129748067749963,0.38534672863425123,0.17303826919617646,0.49770720208877195,0.5511567317176781
72.7,0.1173002789353556,0.38469067574324645,0.1729595584891004,0.49908653106145967,0.562869693847737
72.75,0.1266784528640293,0.3814828749437867,0.17839884914716897,0.4960584300999546,0.5630793860289433
72.8,0.13113756333747756,0.3856306948454506,0.18730224544282437,0.48633204059200547,0.5656619298131991
72.85000000000001,0.13924575877377698,0.38568269792015003,0.19178264090166466,0.48752325063658214,0.5738351791277023
72.9,0.1450543768739351,0.3774713696274809,0.20460403015250522,0.4783005389240406,0.5830762877856838
72.95,0.15095212568774863,0.3815929916542896,0.21971536336920805,0.4771337022573906,0.5719775772313044
73.0,0.15741149346814814,0.3679069027770939,0.2300114256692276,0.4654305893071608,0.571281908145125
73.05,0.1597117873525749,0.3707816239924547,0.23950831253327717,0.4662961409611339,0.5545460881108034
73.10000000000001,0.1630395793798371,0.35258115572756915,0.24704065078661405,0.46779792367805073,0.542750276417213
73.15,0.16691411346487334,0.35256103190946364,0.24830012549498354,0.46558700611531806,0.550350617216094
73.2,0.16917736137078615,0.3499539600241769,0.2493187406284364,0.4621256340702322,0.5577231800568065
73.25,0.1730312897123329,0.35220467603305794,0.25865881941044266,0.44438859620817783,0.5630944696881468
73.3,0.17878938342273853,0.3522027122272079,0.2629737482441521,0.44490679938942007,0.5588823313472211
73.35000000000001,0.18281213040358466,0.35295018762603925,0.26594537007117025,0.4457179403209912,0.5582876385754068
73.4,0.1902148006162584,0.36382687791267565,0.2737462127455651,0.45521061529569673,0.562200632200477
73.45,0.18904543837457488,0.3575044486525283,0.2796233532968532,0.4530626348916056,0.578710951074223
73.5,0.1935111551907283,0.3721944760252153,0.2778894010787522,0.4582517774946548,0.5838082513190667
73.55,0.19727238832060498,0.3751738093532169,0.2774307802004938,0.45198539359559314,0.5677728358204607
73.60000000000001,0.20787872058184395,0.3780759032834743,0.2767416679540965,0.46002645195062947,0.540829799854381
73.65,0.21666617652720785,0.3598490440234965,0.2759320300484763,0.45684854539072395,0.5494752072443724
73.7,0.23065498359722048,0.3619821718263252,0.28343662246317053,0.4563477168324616,0.5605726802889913
73.75,0.23403973390688287,0.3593311624880153,0.2800992471606239,0.455273111362711,0.5548824047692964
73.8,0.23831044378931696,0.35208430884993086,0.2866018346387747,0.4591704720443967,0.5671823972961553
73.85000000000001,0.23530742160446647,0.35091147952773294,0.2862098562277041,0.45482588408692054,0.5595780158237692
73.9,0.23748875035046438,0.3646262175498874,0.28929187449552424,0.461651631669755,0.5474926948344211
73.95,0.25006843613279006,0.37925973025793214,0.2912840769979406,0.4527881273919822,0.5373601413697402
74.0,0.2510179302259872,0.3869164052076041,0.2952643332855281,0.45013950755000626,0.5291161476069038
74.05,0.253456773966132,0.39857545190265037,0.3047763086839408,0.4436582240402907,0.544287000163435
74.10000000000001,0.26326909133528886,0.3974594653490698,0.31887719767730005,0.44556926498341465,0.5535778685678343
74.15,0.2661906936291033,0.37578457667792525,0.3310155206833559,0.45914127455857856,0.563712638146309
74.2,0.27045366949456373,0.3515605609465446,0.34236967646497884,0.4567822509030271,0.5491183547950428
74.25,0.2693259269889613,0.31868273459217067,0.35580575598935055,0.47928050569046826,0.5314067792517441
74.3,0.2771184610871074,0.3025176961190601,0.36041071141100745,0.4956023477338805,0.5409692639712586
74.35000000000001,0.2801199307667931,0.28730634412854333,0.36351448217278876,0.5120739826641575,0.5366540924482976
74.4,0.287644464940977,0.26794921839751895,0.36648342343266527,0.5251184205006122,0.5336030873496089
74.45,0.2874466169401381,0.2726605435485182,0.3662969003043666,0.5440645892813689,0.5421927440895877
74.5,0.285199657588564,0.2749258356278979,0.368047324708556,0.535174807346245,0.5376135449252252
74.55,0.2771713388965384,0.2765708788438294,0.3678628647608476,0.5334215081359374,0.5358673509381124
74.60000000000001,0.2708225440301342,0.2717846653676714,0.3676017616562196,0.5166952679873845,0.5338777612036761
74.65,0.27687212325380794,0.27180593471171444,0.3637224820717591,0.5035403974609823,0.5401459413612982
74.7,0.28139860734265465,0.2768085576698365,0.35871572154343995,0.4928765948055476,0.5369693006065188
74.75,0.2911044908741489,0.2739664257179218,0.34591343788551837,0.48316085360604927,0.5494051236897204
74.8,0.2913596746202866,0.26535071323507836,0.3414810500039053,0.4786042752911701,0.5576847253411698
74.85000000000001,0.28958070363348,0.26376134711031585,0.33591626715341577,0.45657160282603865,0.5657486410204196
74.9,0.2886222243719855,0.28720411363430676,0.3296324543644261,0.4490051507852336,0.5729258808266525
74.95,0.286639804484526,0.2860714703359766,0.3282648510709282,0.44991553861789635,0.5680410201376451
75.0,0.28737560181297966,0.2770026533041094,0.33010662725852585,0.459302154714973,0.5746696390762548
75.05,0.2904199498481691,0.2718447641714745,0.3307085775659097,0.4573384714960266,0.5729421157642448
75.10000000000001,0.2914754907414867,0.2778933755627438,0.32871731183462977,0.4600871697529687,0.5840158685655888
75.15,0.288506164869586,0.28193767079801507,0.3210376355299824,0.45673212866655105,0.5878588098413235
75.2,0.2866233285851323,0.2824361329474312,0.3129112969509722,0.45515355796411355,0.5820156528791345
75.25,0.2876298743910078,0.2818578330162772,0.3150804035278847,0.46528002994108836,0.5680421180181101
75.3,0.2891857648370949,0.2753547894086121,0.32364948103433616,0.4743310264005704,0.5705604596805283
75.35000000000001,0.2889351026963168,0.26863972128571306,0.3236756996080302,0.4830790775612864,0.5708171577301894
75.4,0.2930030994065782,0.2620757687485514,0.31636048216858553,0.47703293033997485,0.5795198440847724
75.45,0.30050443242014885,0.25454929624306605,0.31458623350763143,0.47952319669063964,0.5845381080707428
75.5,0.3059267333465937,0.2543472384260033,0.3010502324342711,0.49063082689552023,0.5868160461843596
75.55,0.30915604470326163,0.2413075760580281,0.2957661134548933,0.4842117680247085,0.5862699072953831
75.60000000000001,0.3076373749435181,0.23483017129945502,0.2900113988811723,0.4899409038748601,0.5684270022210252
75.65,0.3070593768847834,0.2271835774657752,0.29122099685146846,0.5003713101620433,0.5664573543903197
75.7,0.30904525961504264,0.2254172019335659,0.29213450693036075,0.5025492515224868,0.5563198962193375
75.75,0.3055524877923136,0.20585642645381638,0.2894491669533226,0.5008718791904739,0.5597954494895029
75.8,0.29569591803091666,0.2074443360303488,0.2812555438291516,0.5133535690309172,0.5600815650468183
75.85000000000001,0.2881671970398813,0.1959008962743948,0.28181197911712114,0.5145584783738393,0.5493199801600019
75.9,0.2763669459286538,0.18285458991586054,0.28292007557096666,0.5160683535199861,0.5535279026145926
75.95,0.2743548176124309,0.1779429491269048,0.29259070577603236,0.5161929761979439,0.5451082288628677
76.0,0.2685630020744765,0.16718748356125787,0.28487797174128676,0.5212513398555757,0.5420496946673482
76.05,0.26080231958620714,0.16722307929442357,0.27898520338398125,0.5236816540865179,0.5415539184758773
76.10000000000001,0.26182810232495035,0.1700306540993715,0.268292533566123,0.5269671985814387,0.5343691744587313
76.15,0.2641443995375643,0.16572865922374433,0.26172998822085675,0.5177106628979123,0.5380081210936183
76.2,0.270268262311082,0.16400661142744313,0.25154196728497324,0.5209267391390141,0.5251882309829493
76.25,0.27344163082971007,0.1555645664384501,0.2516095685528978,0.5067013511241196,0.5096241163889451
76.3,0.2783219158902268,0.152953604672921,0.24621808862264818,0.508536291142535,0.5242877150192022
76.35000000000001,0.2784304962884421,0.1507100569137678,0.2347594682090679,0.5064688507560775,0.5347337536795793
76.4,0.2733537745612189,0.14747304394369054,0.21990249229784653,0.5052708428561752,0.5330246520419241
76.45,0.2659882522224011,0.1420421303295034,0.2163160071828302,0.5013897743240059,0.5290506779047636
76.5,0.26799625950552064,0.1464205923605257,0.2039171056801229,0.5003235449506296,0.5243453778078503
76.55,0.27008367068291256,0.14568188201617094,0.2110291408665606,0.49854309203917724,0.5078153562540382
76.60000000000001,0.2751563393709723,0.1350159835485912,0.19628720048893458,0.5085201277887524,0.5217465246285583
76.65,0.2824038433651215,0.12823781586800062,0.18898326527887874,0.5180216922130985,0.5310887600902472
76.7,0.29455339487942234,0.12816336224903543,0.18668723945271684,0.520596361770291,0.5215646153764594
76.75,0.30660458785392847,0.11684397878718794,0.1887005415125905,0.5220520440716613,0.5288706150941678
76.80000000000001,0.3066518852894234,0.11475006780176555,0.17741440633851416,0.5176645028478583,0.5293301620827786
76.85000000000001,0.3011434365266419,0.11670643461690197,0.16967120194696436,0.5233477657656285,0.5214359517582027
76.9,0.29632262920923497,0.1209976024685832,0.1617642006313593,0.5361135538616315,0.5238091863643255
76.95,0.29077981401690367,0.1181239591704832,0.14342196552774544,0.5159049353871311,0.5287679785423479
77.0,0.28361297052708834,0.11344426720380074,0.14277068243537908,0.5228075149501114,0.5282372709699369
77.05000000000001,0.2800208618097967,0.11769578066836639,0.1475764804923853,0.5197347593739008,0.5256390326703079
77.10000000000001,0.27791192146614124,0.12134310971258915,0.1368481280170079,0.5130837128550164,0.531689088962247
77.15,0.27430350149779287,0.12853489916405772,0.13268120362078142,0.497737486896173,0.5359847954677031
77.2,0.26894272092481986,0.13118443127398347,0.12256118042927991,0.4858975978611889,0.5432295698338223
77.25,0.25907162043249876,0.13950196165188758,0.12117838379578433,0.48663671523662594,0.5392230134035909
77.30000000000001,0.2549039685380881,0.13755695604431006,0.12102501524052829,0.47000029843166086,0.5440044295543219
77.35000000000001,0.2532259117393954,0.12879616350618586,0.11298359991885809,0.4832932228146224,0.5539053998018969
77.4,0.25443492445839094,0.12853187915470585,0.10259117018300128,0.48693810867465215,0.5543419535498654
77.45,0.25877127703954816,0.1280684871018532,0.09836157159996395,0.48692879854608306,0.5570659347863345
77.5,0.2566758004775116,0.11157038377112455,0.08776295298043768,0.4919041126709528,0.5551722364171499
77.55000000000001,0.25409699434734645,0.10528272000008775,0.07827743779547208,0.5013618167948738,0.5557215426525817
77.60000000000001,0.2488692529381847,0.09589990862650641,0.07394639777476669,0.5010041618868029,0.533047721072516
77.65,0.2498947283122854,0.08867858007813958,0.0813332308691359,0.5015377381370508,0.5173666100506024
77.7,0.250367837114929,0.07625891143778893,0.07284301482102691,0.5186372781293628,0.5064396679913851
77.75,0.2481199244736997,0.06746225095459854,0.0725816243023496,0.5250999576317305,0.49567658607152887
77.80000000000001,0.2356218985768166,0.06214325973433222,0.06733660881548822,0.5428013749502562,0.47133400649654317
77.85000000000001,0.22619197102025437,0.06183080971977664,0.08639990290117286,0.5488329025934826,0.4714442241539452
77.9,0.21458314346275803,0.05455523022853613,0.0916627568035126,0.5465347056419498,0.45422208668206815
77.95,0.2118702922395077,0.055724957997795185,0.0903618537460081,0.5529365637256964,0.44804752224402816
78.0,0.2099073428438754,0.05883958187525033,0.0991581655603871,0.5433678014390873,0.4510705905414105
78.05000000000001,0.20174806209154306,0.05653469291518527,0.11456651932621004,0.552209625327745,0.4471380682220994
78.10000000000001,0.20270857391986832,0.05062803294962818,0.10177540597153133,0.5497996930419452,0.4462024378188851
78.15,0.1945856281901786,0.05765546795969779,0.10253795511419288,0.5503078893156896,0.4346554944739588
78.2,0.19516677787614356,0.058262961536747544,0.10570167215836954,0.5634370800446197,0.43341746086433797
78.25,0.19674029114052075,0.05658297269584398,0.11911463593109904,0.5611027272180522,0.4251416367101521
78.30000000000001,0.19836005500360018,0.05117121239019239,0.12783402993321216,0.5563305988158859,0.41405542852676147
78.35000000000001,0.19687228247998165,0.0517032012544073,0.13233819624539053,0.5568873358813587,0.3952438330297997
78.4,0.19691172776535182,0.05222757133079659,0.14889831680781682,0.5519510212239718,0.39100330716981546
78.45,0.18905593513489205,0.0629440051827632,0.15942503996624124,0.5473826626029681,0.38036811612389143
78.5,0.18771606941503427,0.059718975087460255,0.17086944799663054,0.5474806211505898,0.3829702957420926
78.55000000000001,0.19341324358493708,0.06224980434170084,0.18791014228927833,0.5468123724648246,0.37757112364388895
78.60000000000001,0.20388359903312117,0.05705481954600525,0.18830537222089633,0.5569341254824118,0.3818685296768548
78.65,0.20067650320007507,0.05776988023397633,0.18785878813504076,0.5636033317962459,0.4034653995196237
78.7,0.2042339273571253,0.060479133902576566,0.1990562041115693,0.5494727561726033,0.3988304981971863
78.75,0.2064818697219705,0.05661777364010367,0.2058319847885823,0.5610666198630606,0.3908242132243741
78.80000000000001,0.21232111209208032,0.05022654248230283,0.20332931873607932,0.5668101946344325,0.37912603131406286
78.85000000000001,0.22526737547733372,0.05362476673665843,0.2011402443888303,0.5588343978195541,0.38764659292191167
78.9,0.23254520278573831,0.050398811520084665,0.20900173975907355,0.5443882043831209,0.3961667426944211
78.95,0.2353061768050733,0.05750739512434741,0.22350744603544137,0.5460711096128519,0.3884555909238241
79.0,0.23484707365357907,0.05719577855635094,0.2324354015072159,0.5481737292483815,0.37780968036692125
79.05000000000001,0.23702924550791452,0.054156338208678094,0.24192594215850377,0.5425313223040702,0.3809331235458699
79.10000000000001,0.2452161810215131,0.05265615455206885,0.2486765435380099,0.5403080209179165,0.3719251097838353
79.15,0.2548753663845113,0.06068746998290343,0.25490266558777297,0.5352570617003526,0.37553723619200896
79.2,0.2606337903315183,0.0741952997815434,0.25768414086639296,0.5359194554565196,0.3773577717643127
79.25,0.26739249391979353,0.08783799082565157,0.25658459464079764,0.5284673108895485,0.39067568621462156
79.30000000000001,0.2733499645370275,0.10877503320865568,0.2558606353362284,0.5220374535126536,0.3953791363625483
79.35000000000001,0.27548526639363036,0.11207155829326942,0.2528664448924768,0.5201865229471306,0.4042176267458261
79.4,0.27271774351563394,0.12054324138063181,0.2529973059281323,0.5188526569359411,0.4107268384316149
79.45,0.2741132778692478,0.12832494257928634,0.2511746809129504,0.5110464966128542,0.4184759480826414
79.5,0.2738464407935704,0.13068388344081314,0.24505439804435705,0.5032408467303324,0.4319936733346849
79.55000000000001,0.2812733716698124,0.1436543482830526,0.2493058973090496,0.49537369489658895,0.43849112512002036
79.60000000000001,0.28529863785119564,0.14654244060577684,0.2550924296276818,0.48894699714957834,0.44766924754942106
79.65,0.2900291264099518,0.14914164308778127,0.2578829755802269,0.4845573549235395,0.4549213525871766
79.7,0.2953412312753459,0.15507576610021556,0.2633752348848584,0.4807333598285831,0.456672599329551
79.75,0.3008348883676207,0.15584103384524814,0.26544639220068444,0.4782012076800086,0.45325865666042064
79.80000000000001,0.3057169730031504,0.1630873314903046,0.27962906616934824,0.4755102880850583,0.4571555263192223
79.85000000000001,0.311685932057955,0.1584360229094002,0.2906399105770217,0.46783640184545405,0.4491391141489081
79.9,0.31520033336408027,0.1677371853889576,0.2959462490853427,0.4756949040049507,0.45959909515178654
79.95,0.3143180915726278,0.1706809443225722,0.3005798386365721,0.46787398652278644,0.4786468040898604
80.0,0.3133171451155626,0.17924480184990715,0.30436977688460787,0.4531126259684832,0.48637240508613483
80.05000000000001,0.31484082498398147,0.1837018261229252,0.30684610668600937,0.44380267052632966,0.511030570570918
80.10000000000001,0.313887179679046,0.186151980512179,0.3101843848542175,0.42994113914880827,0.5424226795926936
80.15,0.30988082138981105,0.1967516824839073,0.3159601521050165,0.41861282311316095,0.5741333761793777
80.2,0.302249571339101,0.20413375138742548,0.3267526770031355,0.42830987433765483,0.5920264897923824
80.25,0.3023130456620324,0.21149986946875549,0.3285008338802851,0.42369164758344013,0.5789066006796243
80.30000000000001,0.30045239957126557,0.20369912314383154,0.31560370253118436,0.4285317126306208,0.560393373949935
80.35000000000001,0.2955684548883006,0.21256721920598975,0.31524821433995986,0.4324561680069988,0.572789274282737
80.4,0.28981228032692397,0.21830752445716697,0.3128107634618338,0.4324745485564544,0.571648563492654
80.45,0.27769248176001254,0.22666168393469163,0.315876997573845,0.4362893214442151,0.5743330685732225
80.5,0.26646870441499904,0.22457481522327055,0.3136843662602671,0.4498473994269654,0.5894643746947572
80.55000000000001,0.2556819946284729,0.22034507577770496,0.3149868492359204,0.4534875386538298,0.5906591113754291
80.60000000000001,0.24213375396859851,0.21596765426619602,0.2958689106332222,0.4581027879994259,0.5762751930918427
80.65,0.23252904958022383,0.22765154339740237,0.2875441608550616,0.4426978845453544,0.5798668022146859
80.7,0.2194851066889704,0.22911313835700114,0.2816146073240855,0.4237352751751186,0.5851148046969864
80.75,0.21014583206020027,0.22757971063107815,0.2734023614267854,0.4063170724131088,0.5935498626850075
80.80000000000001,0.19917976872520357,0.22827119676713092,0.27407032646145385,0.40891834688940515,0.6026749872207815
80.85000000000001,0.18791962085814956,0.24012988489421597,0.26057657350303887,0.41251860130691503,0.6061748603025724
80.9,0.18177213824702887,0.2362178243449307,0.24284971996036467,0.41610251380018787,0.6174833673943149
80.95,0.17430649315638252,0.23552736614080075,0.23901431833083767,0.4042129407495712,0.6264880842053888
81.0,0.17148117696429951,0.23126500500337902,0.22611543902650774,0.40336955840127425,0.6379538354943753
81.05000000000001,0.17310750938624528,0.2330999255803012,0.22426826053061638,0.4016981929149214,0.6537176801627523
81.10000000000001,0.17338679006362698,0.2286311000971793,0.2163611329046541,0.3946261586606422,0.6604529690451318
81.15,0.16907822401459105,0.23119701653719119,0.21044891295830714,0.39569747080500284,0.6654534884723181
81.2,0.1598487023713196,0.22824533677843825,0.19435174430312394,0.39986602516163994,0.661486534819411
81.25,0.1562865206179207,0.2129736762596324,0.18947015580017493,0.39361146080541076,0.6737066604452219
81.30000000000001,0.15124319096597702,0.2215029619549487,0.18608234878440427,0.4157184153781258,0.6817308183784607
81.35000000000001,0.14373517749404519,0.22408545769826568,0.1928060770772459,0.44113880217000506,0.6935613974748047
81.4,0.13182290822700773,0.21595550017222512,0.1822535531357946,0.4286998049473158,0.6863025694479402
81.45,0.1281558218894479,0.19826204540392942,0.15111773438846382,0.42023594786669444,0.6907014688197387
81.5,0.12299958118229277,0.20836724278110877,0.15532418054145813,0.4226161357827072,0.7024662247810955
81.55000000000001,0.12658578810663754,0.20881305887594948,0.1556158930813569,0.42604700456373057,0.7150816559069048
81.60000000000001,0.13315193204249862,0.20133591858979463,0.16031381063495503,0.43069049578342095,0.7181461150460478
81.65,0.13809203391172606,0.19664149339650344,0.16352388465975273,0.43449153104707633,0.7273975433056502
81.7,0.14599269316595812,0.19491257519688832,0.17252711204178983,0.4325531586936373,0.7236776416057578
81.75,0.150956483404987,0.17889112524303252,0.17148239483252775,0.4420051753223026,0.7210491045870769
81.80000000000001,0.16021452168123115,0.17457390492506475,0.1687516156419223,0.45379156298041623,0.725038156402567
81.85000000000001,0.16711846356982746,0.15879977313307878,0.17864957091248473,0.4603205177577225,0.7192601792599567
81.9,0.16970387275497148,0.15045330879702068,0.1849482989623688,0.44820374251218603,0.7131700099971922
81.95,0.17442634267587082,0.14622079972336294,0.18923231812358213,0.4471099243592172,0.70751274818232
82.0,0.1825184456694489,0.14124901704535753,0.192652217258222,0.45640496935685687,0.6976143907027201
82.05000000000001,0.19098618688665858,0.13219368157205397,0.1767577224166583,0.4678525377676334,0.689774000736905
82.10000000000001,0.18767343929961694,0.13324324261593914,0.16877357419460665,0.46309260890529014,0.6978522432891964
82.15,0.19517193514408276,0.13643626289232824,0.15452221029503316,0.46723171718212836,0.7035304462791169
82.2,0.19617379206391414,0.13000590234274947,0.1555788087898743,0.46018363844636745,0.7141887359308949
82.25,0.19785887388548884,0.12135419097011975,0.14867956569527435,0.45485448696901754,0.7190792825169181
82.30000000000001,0.20278961206408144,0.12846655559446638,0.14738519200111097,0.454570291198648,0.7318124146846032
82.35000000000001,0.20193996035842576,0.12598072041923467,0.14402075386986415,0.46099070047021273,0.7600103670386227
82.4,0.20344816768547375,0.12094557589752598,0.1500182394799376,0.464885917431828,0.7536523880925705
82.45,0.20945520096324244,0.1258279996007309,0.15620686970300734,0.47875984049357395,0.7598206294908383
82.5,0.2159874140977817,0.12778384272958618,0.15500849510293083,0.4729781726127581,0.7675434853859224
82.55000000000001,0.21981125228803686,0.12222026962356154,0.14629662014923536,0.46824035472308473,0.7590400088923759
82.60000000000001,0.2172480577828029,0.1177979711910029,0.13754613492233309,0.4789202388703284,0.748555935853056
82.65,0.22528313374026185,0.1275655070956373,0.14372098752231913,0.485246242487415,0.7493302048891937
82.7,0.22868526523018062,0.11999171388570512,0.14035323297918204,0.481023992114446,0.7474360896118251
82.75,0.22755129059192827,0.12317411498663247,0.14225737648976847,0.48566140050897166,0.7545207669490533
82.80000000000001,0.23538308147242176,0.11351080168677219,0.1487550189573112,0.48406720945370274,0.7489238306959438
82.85000000000001,0.23392564035822386,0.10814392231708832,0.1460306526049851,0.4845815732147385,0.7392494288818776
82.9,0.24189393172321388,0.09665944693124201,0.14376219084626082,0.4831315138340865,0.7553785918507181
82.95,0.24354685350012203,0.10648039092734227,0.15325757269398074,0.4769837205329201,0.7543942393442473
83.0,0.24984850796541727,0.09499132248026425,0.1537917587182648,0.4635578080818917,0.7499566816911881
83.05000000000001,0.2514198993396565,0.0882049370470699,0.1537623641739212,0.4655860322726471,0.737133278763427
83.10000000000001,0.2518281813541382,0.08294675937381984,0.1605854770007165,0.4561425216748939,0.728223352979172
83.15,0.2602246285861236,0.07065528937197785,0.16720942260939517,0.44911592483424984,0.7284591355581649
83.2,0.2595646198734508,0.08184290055574678,0.17565369671380787,0.4445821406816215,0.7566068952497418
83.25,0.2617918786683376,0.09021948577910491,0.17682310716080415,0.44777231553239166,0.7716881636811975
83.30000000000001,0.2666670697460165,0.0956848155750363,0.17514377099028022,0.4431239635264052,0.7666428614935397
83.35000000000001,0.27686597939525276,0.09919723043711018,0.1736252933923291,0.43861922329552555,0.7812686089511924
83.4,0.2799528956084609,0.09893681670321278,0.18312908277230228,0.43428770428405356,0.7950133322351404
83.45,0.2827476178370986,0.09851883123032415,0.18919799999544437,0.4342578976251289,0.7802724452037624
83.5,0.2838665111727882,0.09728604013534284,0.1859970917669837,0.43293726720271,0.7611548386539253
83.55000000000001,0.28390760848929536,0.09417830313047974,0.18337876012178117,0.41745419862582467,0.7460879790196208
83.60000000000001,0.28543513976405976,0.08718854449122568,0.17597804268279532,0.41473449519741695,0.7314172583534464
83.65,0.2983019956518625,0.08567167992488037,0.17020916305219744,0.4198753421429341,0.7175963816629711
83.7,0.3045358851877534,0.08548213885618308,0.17540978309650698,0.42610820267009814,0.7172230534909935
83.75,0.3073753896863012,0.08815587738624542,0.16905966867048144,0.4284129233779901,0.7130877665607588
83.80000000000001,0.3116060080451375,0.09040332687579973,0.170305944085448,0.4252967250002265,0.7169919992496872
83.85000000000001,0.3052743969178448,0.08582928372643774,0.1755299561811569,0.4180744483769097,0.7248770757495354
83.9,0.3091266644564807,0.09315438995987729,0.17553369985610984,0.41526295456816287,0.7216272494895916
83.95,0.31735446964307223,0.09503527049853626,0.1738345874420081,0.40125219110694194,0.7155322139896233
84.0,0.3174351365824959,0.10189697301843319,0.17169956550537807,0.4026107289779704,0.7144480550567004
84.05000000000001,0.31054952467616337,0.10109800910048142,0.16980952846524633,0.4040945612356511,0.7143812719652902
84.10000000000001,0.32063259703039976,0.10520346032497539,0.17586629472711637,0.4039908616115054,0.7198067747194892
84.15,0.3148223069849825,0.10395577663660996,0.18549683560093103,0.4015166224376711,0.7265100400004607
84.2,0.3133456060687681,0.12147858991042518,0.18622012176180178,0.4013777558975909,0.7236914896978178
84.25,0.3172051145045613,0.11841012408652397,0.1899002461382489,0.4015548799763705,0.7377250128877157
84.30000000000001,0.313705291931718,0.11405402460643754,0.19610077133533302,0.4057294445561534,0.7307903761152116
84.35000000000001,0.31381382672916275,0.10513469588345314,0.20617393832111047,0.4022609321594199,0.7410002862309025
84.4,0.30102751004147044,0.10072641631259545,0.21351185306575074,0.40322797890320444,0.7404063487302612
84.45,0.30715753516474154,0.10369827144841652,0.2195557677922763,0.3927722357517142,0.7423416795394342
84.5,0.3113676440734493,0.09967773456741583,0.21288870557400577,0.3767857033581112,0.7452813397635223
84.55000000000001,0.315493751344132,0.10191413221349874,0.2141464448587214,0.3868010657723156,0.7522527551084196
84.60000000000001,0.3154153041230067,0.10114623706941923,0.21074975400519816,0.37852264581611283,0.7491841811974657
84.65,0.3112783394475217,0.1024550898389644,0.20655076435575456,0.37321258947463815,0.7508192169420622
84.7,0.3110387045671415,0.0931917699107584,0.20012425541459553,0.36255918859746894,0.7419995851312606
84.75,0.3127671201821593,0.09026452002243553,0.201363503222508,0.36611520627301325,0.7529372544297519
84.80000000000001,0.3171640009500849,0.08801890740776978,0.20537692551051298,0.3634611116802303,0.7548142979640623
84.85000000000001,0.31702017201381966,0.08216929177389512,0.20878530324660088,0.35297203655150744,0.7576161711167345
84.9,0.319980776335532,0.0846835974925743,0.2093222338850945,0.34850028467597677,0.7570808900865109
84.95,0.31355930682970895,0.08965163791431009,0.20783290535121354,0.3425939836598544,0.7565960481321553
85.0,0.3045413170542851,0.09401102087511676,0.20182607351076334,0.3456262729332121,0.7539807803938304
85.05000000000001,0.29973559167382013,0.08576835293611285,0.20209550680450356,0.3484368068193933,0.7520563491469904
85.10000000000001,0.29259352119697535,0.08373170859102377,0.20385947641350619,0.3410228295532319,0.7488026897142749
85.15,0.2893634939960591,0.08628240130569437,0.19853336371153263,0.32653470768599246,0.7412845417085533
85.2,0.2966408381240425,0.08780516776435802,0.19255242556296553,0.3187299805282975,0.7470422308277945
85.25,0.28743407762706247,0.0766650772895389,0.1838255283028352,0.3285025626291391,0.7477270751130405
85.30000000000001,0.2892029965093142,0.05871968774347922,0.1725837653841171,0.33083168209364566,0.7232758535720645
85.35000000000001,0.28937585724795184,0.047985246613379676,0.1640625800906653,0.3274040644139516,0.7057376867509614
85.4,0.27984931891116416,0.04721477380481641,0.16770351151510515,0.3359574324123383,0.6918663173411501
85.45,0.2756616804604384,0.04091736089179565,0.17433523727074823,0.32562516184896123,0.6848176665831348
85.5,0.27182202250034343,0.043065736097173186,0.17733468940017275,0.3380953561153847,0.6879589674947899
85.55000000000001,0.27035658301934834,0.0385830623991682,0.19128518789932994,0.33210617490119015,0.6801751277029576
85.60000000000001,0.2547421824877424,0.03842598614642695,0.2100965160694164,0.33994641001460973,0.6938524520115597
85.65,0.25023340962769264,0.03177491134228111,0.2123996903753544,0.3535357655496402,0.711523122475046
85.7,0.24592461761576737,0.03012619401001203,0.20920861101861002,0.3388688355514777,0.7187116259817765
85.75,0.24491294525136648,0.02583166649261811,0.2060299504104494,0.34034170225104976,0.724992087793407
85.80000000000001,0.24820855635836142,0.02860490189024938,0.19562995301101363,0.3391096377119011,0.7157318190962861
85.85000000000001,0.24171962267835498,0.019967023444482434,0.18982557629740532,0.34165578986336814,0.7167212348293311
85.9,0.23844810026726335,0.020667783199079397,0.1857517940007648,0.3430438061586945,0.6911693995721081
85.95,0.24109471147910821,0.022514397846682497,0.18929320164721242,0.3384863604490432,0.6803815837349642
86.0,0.231927721998309,0.01968845256059453,0.18859220940805344,0.3419913689023953,0.6767645418343792
86.05000000000001,0.23245600071774467,0.013195947828360607,0.18048093289606473,0.3339981610723103,0.645774361068799
86.10000000000001,0.22840730756666994,0.016397328973884025,0.16828309133474462,0.3347448694793041,0.628220665827947
86.15,0.22727291794367452,0.02379411617155877,0.1631797397517479,0.33584296632205307,0.6143748033802058
86.2,0.22720668276918027,0.02667202235203356,0.15764965412244764,0.32751425981296495,0.6119017907179221
86.25,0.2204075301689701,0.02838003870811264,0.15013938194304943,0.3176591398868161,0.6036844252838347
86.30000000000001,0.21384977676004374,0.033969600251888256,0.14189674306578245,0.31844696502232145,0.5884643256207909
86.35000000000001,0.20875308510474488,0.04999198470471517,0.14389442443641876,0.3102672008128498,0.5771352161042553
86.4,0.20420056491928446,0.054224328085734554,0.14200925093878755,0.3247440975281565,0.5699758767909373
86.45,0.2039677901537595,0.056779683774339194,0.1492930072848531,0.3150234076333989,0.5715828610420345
86.5,0.1934246919587641,0.048682391358884594,0.14627587722158372,0.3138561181150155,0.5718054997617403
86.55000000000001,0.18803102371368527,0.04617510710737669,0.1464388801100381,0.3163469678737348,0.5681249989067687
86.60000000000001,0.19007898037735507,0.04378686468003734,0.14688304193538204,0.3246780261933434,0.5570999452135402
86.65,0.19128045053632753,0.04635541482108208,0.14130299933997195,0.3293172811340491,0.5479699342925051
86.7,0.19702809861877574,0.05322507367052715,0.14788858081653736,0.33083307044133087,0.5353007557276579
86.75,0.1967291705399435,0.059935681861751654,0.1466052277888975,0.3289558150663253,0.5432930740318785
86.80000000000001,0.20279542571710535,0.06829005539399968,0.151274340189678,0.33290473044484226,0.5328471208729935
86.85000000000001,0.2032865066606952,0.05777575137240572,0.1581596129379943,0.3280660430253966,0.5364666164790182
86.9,0.19501800171550573,0.06342204412343401,0.1650568329180838,0.32866832010350494,0.5501867560142455
86.95,0.1984668696107182,0.06415580668429899,0.17385251925589926,0.32811667824283575,0.5575981207606742
87.0,0.19916452025873393,0.05787110586782547,0.16782195780265807,0.33298470012339465,0.5672553456282102
87.05000000000001,0.19964935133758702,0.0619142964956244,0.1615878829153083,0.3360720827649342,0.5632547965005106
87.10000000000001,0.19730001830007168,0.06845389142452726,0.17109161271258325,0.3274677438925554,0.5540084038863932
87.15,0.19752487195458163,0.06190021318836809,0.17414923614980704,0.3356587951840595,0.5431383029031653
87.2,0.19430978614775454,0.0739974744141505,0.18301261930957233,0.3279941655323233,0.5358506150427129
87.25,0.20126454149162934,0.06623978217873867,0.17920370171455757,0.32366104205198054,0.5328996970571601
87.30000000000001,0.20486715174196846,0.07298987652608101,0.17509981617366813,0.31603194181933214,0.5309758737369483
87.35000000000001,0.20501954337849662,0.0753855301870622,0.18636642745366627,0.3068972826264412,0.5258526759381794
87.4,0.19986617932285916,0.0731282879924178,0.1903429489693442,0.30808757147325955,0.514773470895952
87.45,0.1963672023767359,0.07741876157525825,0.1913694773110863,0.30484673749242897,0.5019788200185027
87.5,0.1950298639969007,0.08759426749961262,0.19232941584539123,0.30395031302656356,0.49788869482385434
87.55000000000001,0.20022469427609704,0.08542764093045384,0.18571943011822928,0.30573988054387974,0.49630287988094257
87.60000000000001,0.20313546378326391,0.09058282405945602,0.1887535766459874,0.29835908820511536,0.481078917028569
87.65,0.20634196788910508,0.08490345064013623,0.19528399661440377,0.3015226033358335,0.4897374938464976
87.7,0.21032123918167184,0.09467281477935549,0.20676709329578022,0.31039194499164924,0.47342595737769466
87.75,0.2092612692539465,0.10278975618018396,0.2057780918516041,0.31172082372435966,0.4611565295299266
87.80000000000001,0.21785690008572187,0.10204559676816635,0.20905644484840744,0.3152449410515575,0.4512692533673222
87.85000000000001,0.22205911875135198,0.10198200597080707,0.21037869436170312,0.3195796830005223,0.42876898482429293
87.9,0.22926348146175876,0.0961085106951017,0.2062760489300532,0.31079371707650055,0.4223554693672501
87.95,0.2401105709641765,0.09605959441935868,0.2039030824101547,0.30312820834430204,0.4131752561107118
88.0,0.24614126154698185,0.10929984306159791,0.20826290991695917,0.28689610357461787,0.4113422823682858
88.05000000000001,0.2514172726929064,0.10846096179196513,0.22421389490127344,0.2987586024643812,0.4184976093107351
88.10000000000001,0.2506712587669498,0.10580892727434392,0.23336659574409832,0.3235891269444135,0.399933010722068
88.15,0.2572033320733977,0.09776866759930863,0.23097344791017732,0.3226172294366953,0.40060645388942834
88.2,0.2627131857560436,0.1055189593118149,0.23476777722889466,0.3257880159079528,0.4027931955904489
88.25,0.26172130715595227,0.11909167067803962,0.23229936075664265,0.3268743871062793,0.3997609372366512
88.30000000000001,0.2669121887481063,0.11582452226611152,0.2378897772515098,0.3297047402898345,0.3929125902360135
88.35000000000001,0.2770093975282805,0.10462005070729713,0.2481293226115516,0.33020981852729503,0.40340157740292587
88.4,0.27738017358792816,0.09959419676537211,0.2530888057830885,0.3239127285444426,0.39214296439215435
88.45,0.28980177472760976,0.10838924519915875,0.2562783271202347,0.3221953926974235,0.3784509077369283
88.5,0.303959998383142,0.10831566712748461,0.2538822018312049,0.32436420340863154,0.3805327458094204
88.55000000000001,0.31307723193719217,0.11207514270283866,0.25078172914449604,0.332871674187199,0.3829668890491419
88.60000000000001,0.32010445426581685,0.10422836242529107,0.2478863966365499,0.3394083885013177,0.38399280775505634
88.65,0.32488327702844966,0.11902740754534671,0.24609617500168812,0.34692973684314743,0.3903733543115217
88.7,0.33452445078648624,0.09613833563473259,0.2561646611663908,0.34752302896365095,0.38760705902540077
88.75,0.3332646264572307,0.08902904701918407,0.27018727196853426,0.33372765864034715,0.3868644186742229
88.80000000000001,0.34385441185024124,0.08757045478969243,0.27374783793698815,0.3451326250075453,0.3911409216395545
88.85000000000001,0.34361767645596153,0.09077420256347066,0.2634284547178284,0.34904302139915927,0.38638535746472796
88.9,0.34930813237790914,0.10153615636112376,0.26792196570877524,0.35168147512432824,0.38080678557475145
88.95,0.35526929716702715,0.10774162654885243,0.27244243268494717,0.34906482721734133,0.3930532068115263
89.0,0.36446113629891835,0.11433538090138193,0.2817795690494473,0.3541821311880992,0.3884357145050841
89.05000000000001,0.37214718400988905,0.11632443150836011,0.27746814954689786,0.35380975114436325,0.39392546199504663
89.10000000000001,0.37529140715108217,0.11314932577910287,0.27539229369976664,0.3569873533592472,0.39463004872665697
89.15,0.3744854624701535,0.13290934029826057,0.26964748476620737,0.35477749269338527,0.4010009166259609
89.2,0.3783010139070158,0.13614520837224164,0.26459478010591303,0.35875456719614846,0.398579523362759
89.25,0.37697425577932453,0.14703894223943312,0.2589814343654712,0.3610581407012992,0.405874177009123
89.30000000000001,0.3787392611044583,0.16384983099075254,0.25007167515624606,0.363527069842776,0.42021325935515663
89.35000000000001,0.37781212459920743,0.15987080308166035,0.2579097821772554,0.3751431458718422,0.4294115055582017
89.4,0.38008788934004567,0.1586672850840088,0.24339836857133737,0.3695071764949958,0.4366860832939959
89.45,0.3811051070784893,0.15070733413946324,0.2508336982923181,0.366184322880061,0.43964400726978087
89.5,0.38745671090346606,0.15255942271677295,0.24541287690792446,0.3671981364129702,0.4381348466884256
89.55000000000001,0.3787347148445297,0.1689078389667428,0.23927794103137454,0.3802135722368536,0.4439500579634564
89.60000000000001,0.3795318808584651,0.167883771425102,0.2487554660576355,0.378710848623524,0.4454243056287541
89.65,0.3860412635908702,0.18165016296259684,0.2315693171857017,0.37864019341867894,0.44260305459518956
89.7,0.3767482305463442,0.1842413285604963,0.2344022516153009,0.3748317134104671,0.45390573751393665
89.75,0.3669137271397884,0.18422764027110183,0.22931792649031488,0.38348342653161754,0.4635867866469182
89.80000000000001,0.3686207130972179,0.18057375427777464,0.22042840423765084,0.3856449135026114,0.4752777250087079
89.85000000000001,0.3635253363931561,0.19154699016841978,0.21097042798120857,0.3832517178740377,0.4711838234157426
89.9,0.348601707329093,0.1821890604168798,0.20618855619700835,0.38525318888463816,0.482817684715524
89.95,0.33989937414337096,0.18024928736155146,0.19208956618898415,0.39853308038545693,0.4936500861021441
90.0,0.3320470633788055,0.1796924477282178,0.18476332905460924,0.4038001368137682,0.4933008829076656
90.05000000000001,0.32857410156609296,0.18368359076956967,0.18204826564624474,0.39894752573863634,0.506734833507224
90.10000000000001,0.32598203082681726,0.19549357310199883,0.1684973443580936,0.407077081256665,0.5234170198307455
90.15,0.3198556849747951,0.20063183065590337,0.1561076122082971,0.4287566480068249,0.5411611894339845
90.2,0.3230748977840643,0.20163835876031172,0.1514687019508726,0.42852361771767317,0.5633156243925359
90.25,0.312598502133631,0.20730398291137148,0.14167060309959206,0.43867049348789616,0.5791639665270896
90.30000000000001,0.3020424553504934,0.20934954948026677,0.13368778847502008,0.44571158746644257,0.5833591760775328
90.35000000000001,0.28958398914517963,0.20782320392273948,0.13275329610860348,0.45966287735467354,0.6051623534415651
90.4,0.2831031541251728,0.21868137514038594,0.12723468264381646,0.45993946699742594,0.6014918571852435
90.45,0.2864726100904905,0.2230326302037692,0.12680376938876034,0.463889137637867,0.617163093346616
90.5,0.2959984561957728,0.2207855323677986,0.11864175257446136,0.4761143431971808,0.634001555002854
90.55000000000001,0.28162525966436663,0.21917282916882333,0.10693357609439633,0.47451415190592405,0.6529267128297108
90.60000000000001,0.29015989150573696,0.21890981714460517,0.09973763800792423,0.4544023708872497,0.6548117625127649
90.65,0.2725427400611174,0.22089993870822278,0.09685196618551728,0.45398515383238547,0.6447195880504051
90.7,0.26426321094881894,0.22820962585505683,0.09274041814501373,0.4506656169788,0.6284562535042902
90.75,0.24715451685185072,0.2312704594543073,0.08763862543493166,0.45582527801688977,0.6243841281100467
90.80000000000001,0.23612042580482367,0.23065721056243657,0.08190370546580422,0.4588053720455267,0.6260017036536003
90.85000000000001,0.22284792298806272,0.22354796633450047,0.07199453620372641,0.463462732593717,0.6106864750178918
90.9,0.22820048438179236,0.23056367052788138,0.06082147176057338,0.4844466769438564,0.6029267069502391
90.95,0.21322721814962903,0.2333050126757757,0.03687860843794466,0.4831977911835195,0.6000221199537249
91.0,0.20086858386611212,0.2288611439890258,0.01751788990228715,0.4674459511419091,0.5875563040223192
91.05000000000001,0.17503665591248857,0.219020816387842,0.009710763047462993,0.449413510692056,0.5787007912944531
91.10000000000001,0.14868667358435914,0.2253578508856298,0.016853612438395744,0.43785410980778916,0.5720330952753928
91.15,0.12210610485311604,0.2155691066128937,0.022417481418503103,0.4228129570333465,0.5328586653503442
91.2,0.10329285941727022,0.22188366093179002,0.04148903368416884,0.40925541962088935,0.49531421985737756
91.25,0.08489353631714636,0.21434265518051007,0.05833638270429187,0.39141883971264513,0.4750781955605436
91.30000000000001,0.06559994157095796,0.21101014561737616,0.07953629520734737,0.37204267972029476,0.4258549010005534
91.35000000000001,0.06349626502221396,0.19604823090045134,0.09617956609346198,0.3594908265736482,0.3948451261484741
91.4,0.06199391151041314,0.1829298055008883,0.11400391687440356,0.3433298646491274,0.3825227891054403
91.45,0.061669454161406116,0.18386758561971236,0.11940694751506656,0.314057464894975,0.3766225575353292
91.5,0.05436370645416076,0.1825640565436031,0.11979132448385298,0.30408555968366935,0.36487945424097984
91.55000000000001,0.04541382390979123,0.17078599125187952,0.12375842060283156,0.28428394097819837,0.34823033504975515
91.60000000000001,0.039745974366150835,0.16510961331416732,0.10904250574060816,0.27415400991731875,0.3548844765069279
91.65,0.03543215061975775,0.17152790767530648,0.09073792640885878,0.26875155821209296,0.3607138034123245
91.7,0.02919658768326651,0.17255707971425102,0.07322941336005315,0.2650262258998407,0.3618191605784882
91.75,0.030271345193583366,0.18362232106664697,0.05226918143550621,0.2710540262156655,0.37631301467665407
91.80000000000001,0.03894641980168189,0.19209951139497017,0.04603645689243255,0.288754266563393,0.3972326278512642
91.85000000000001,0.03286297744211094,0.20649293659322804,0.04771383373209924,0.2910052129700119,0.4246510588639745
91.9,0.02860283715870562,0.20818578831588794,0.05333320335759639,0.3006183125677953,0.43809247551025793
91.95,0.023663964402288264,0.20626957218190728,0.06308948726334086,0.3010266966944301,0.4421126348125996
92.0,0.03779185382367891,0.2068395520624985,0.07612145895908033,0.3003913402945653,0.43360622730003684
92.05000000000001,0.053541183920515566,0.2080532833358697,0.08201030985685474,0.29403022560488035,0.41291059397566177
92.10000000000001,0.06397239644545814,0.21263081140693665,0.08626245707646549,0.285253088725079,0.41051665985791924
92.15,0.07676207921615102,0.20888769919047456,0.09067538186600446,0.29433020199638255,0.42092539886902397
92.2,0.09491431184782816,0.2087316294481481,0.09323589997585689,0.29497532499667933,0.4372087747444762
92.25,0.09497588853727275,0.21205604067896705,0.10022897837379156,0.2956879144318832,0.44893903648218747
92.30000000000001,0.10653937408281804,0.21576040471351252,0.10295031406224235,0.28417563117237565,0.46991204222223704
92.35000000000001,0.10113193453914333,0.21100502216175013,0.10618465601535701,0.29020954840528107,0.4744984790050575
92.4,0.10342376267780329,0.21694510940853987,0.11414546942187964,0.28428817998685446,0.48403384458588067
92.45,0.114388998546733,0.2130315053429102,0.11918378597571687,0.2834319019144666,0.5098944784179366
92.5,0.12682988469805223,0.2166844194192282,0.1192777702209694,0.29103585704195023,0.5060279736795483
92.55000000000001,0.14671844056213754,0.2201632399244569,0.12807556690365934,0.28828884831296,0.5171154026791639
92.60000000000001,0.14969786446852681,0.22677703687088757,0.13618116383275417,0.2830419851680869,0.5149562316865094
92.65,0.1538823651950031,0.21891807458589163,0.1472178313278918,0.2915924115992119,0.5063812343967685
92.7,0.16642257459360926,0.2239407051856171,0.1557169213748969,0.2979823812700046,0.512913146131297
92.75,0.179039196335181,0.23240996958322638,0.16287266440708822,0.28808815701777646,0.5228464609841007
92.80000000000001,0.1887213468521714,0.23632619580185235,0.16921316215753066,0.29233665907484985,0.5242776499872661
92.85000000000001,0.1943866988255627,0.23661201537789125,0.1788325997848554,0.30004135327536013,0.5299187010468855
92.9,0.19903666952296575,0.23900111584851885,0.18682862771320707,0.30109766777848684,0.5358188778646943
92.95,0.20322146689969425,0.25055950780588143,0.19936672634529504,0.30809827032933096,0.5417174437721619
93.0,0.20711257384861512,0.25419701925104815,0.20505127206147072,0.305604187410252,0.5313084039592924
93.05000000000001,0.21432724808778902,0.24543429672658984,0.21148987658024637,0.3048289848433262,0.535845481661405
93.10000000000001,0.21927778481540544,0.24964515161174686,0.2157031330101526,0.30283314885564744,0.5358463546232187
93.15,0.22755760380536072,0.2520512904090398,0.22210154469996712,0.3110328230946794,0.535733189193022
93.2,0.23064482501935,0.25253521938846496,0.22976766227707063,0.31533868498304385,0.5200509054335798
93.25,0.23028764001629182,0.2532040773593451,0.2410146728246397,0.31325985579534815,0.5135623715915255
93.30000000000001,0.23385978412877162,0.2596151730881352,0.2496441752387784,0.32568564098290576,0.49776375777372384
93.35000000000001,0.23517226500010505,0.26464480572480686,0.2527896639371865,0.33902083854945464,0.49742423468555697
93.4,0.2406066023372078,0.2657532869141475,0.2613967056086713,0.353736949166546,0.48459684955887034
93.45,0.23869755394464784,0.27129215495743897,0.2701895959456005,0.34573019471393907,0.4786227975238431
93.5,0.23645115979348025,0.2837581713830289,0.2722760783667913,0.35401929854466446,0.4807211107728828
93.55000000000001,0.23039093636371458,0.2754095877850212,0.2833570161293843,0.35517805908719224,0.4758170376664882
93.60000000000001,0.2302941470234623,0.27757550186565916,0.2830454753423744,0.3451929465384544,0.47895536123598653
93.65,0.237155760118576,0.27061970106046573,0.2946814280228076,0.3379422851356772,0.48331186723690794
93.7,0.24463265287015348,0.2742484475622564,0.294142620990225,0.3449586150077856,0.48763819214179965
93.75,0.24621963424921967,0.2756940563084009,0.2938288320360694,0.3565849916588237,0.49024460832335465
93.80000000000001,0.24729632965510634,0.2746148770395264,0.28733478872776946,0.3521831660024851,0.4961480822912123
93.85000000000001,0.25683243626311114,0.282218182856041,0.2863705434297883,0.33976951200084177,0.48891544346955934
93.9,0.2668800646633983,0.27785236785344025,0.28492887256483596,0.3316081196888314,0.49147893169180273
93.95,0.27920697959554264,0.26937461632551546,0.2802287960344233,0.33489952458635325,0.49081877245251426
94.0,0.2851770540726866,0.267975150049323,0.2726292346781868,0.3292288546921243,0.4948181885148707
94.05000000000001,0.28958272639575305,0.2580764236204732,0.26463475286543736,0.3301138798615902,0.500006580554549
94.10000000000001,0.28707947412452783,0.2596600688114211,0.2621395968347526,0.3203556774318045,0.49911402940215843
94.15,0.28253769801332845,0.2620205244674706,0.2597030726105414,0.31657676804738183,0.4925048291399367
94.2,0.2860140073697033,0.2555502527649805,0.2546288934133715,0.3242027203422011,0.49429083884789277
94.25,0.29585771599603006,0.2555589125140152,0.24902851427025025,0.3028102787304259,0.49561790159480623
94.30000000000001,0.3093580566856651,0.25019797005054667,0.2373781265724125,0.2973632895546724,0.4953009733474903
94.35000000000001,0.31562567596148405,0.2410111512814828,0.2343323311424815,0.28795806461174867,0.4778018324079935
94.4,0.32015925421240987,0.23460639101290745,0.22512462568500924,0.28619934572171507,0.478219089146535
94.45,0.32415399106885373,0.22413777827388814,0.22389315634893586,0.2656774472991569,0.4745589721226908
94.5,0.3325208592707191,0.21382851186569563,0.21588503550235208,0.2508209436917099,0.46132937405674396
94.55000000000001,0.336932632667253,0.21230354436443036,0.19740247565111846,0.23794428939507298,0.4650192100186832
94.60000000000001,0.3330221800045958,0.19743876537099583,0.18160849548885385,0.23003031814078737,0.4646573524892503
94.65,0.3318462002313303,0.1980915811985916,0.1807426481259802,0.2149163093303358,0.4498299115798829
94.7,0.33824701616316216,0.19042963742551633,0.17561304539691885,0.20605600960975004,0.4527414089958447
94.75,0.33502597834849074,0.18495943858599373,0.16851306669157207,0.1933677428101692,0.43553118226081594
94.80000000000001,0.3250248680797308,0.1851962885872593,0.17298416157654797,0.1858347683450272,0.4224643901772304
94.85000000000001,0.3095327233757528,0.1951065673476711,0.1683277424680075,0.19727554916211434,0.4185490662545184
94.9,0.2796396967459298,0.20292968395271632,0.166190970449542,0.20692632620198878,0.41610459664751404
94.95,0.2541555047053106,0.1947502883566601,0.1555144849681089,0.20815104475553634,0.4312306778208387
95.0,0.2277031578695814,0.18759865874857734,0.1561806305774554,0.2077503491907377,0.425522263437489
95.05000000000001,0.21832004367556085,0.18721680111730862,0.14493604950619496,0.20088992498175043,0.4240704011129174
95.10000000000001,0.21964633328622396,0.18511017227659043,0.1412535130032916,0.20251207902951257,0.41595884693029067
95.15,0.2265656581942528,0.16917860026224116,0.1438648804157372,0.2013942427997252,0.40292026982733237
95.2,0.22654275731474752,0.16799007884447073,0.14173681833441112,0.19364788376607445,0.385524920613638
95.25,0.2081262734962866,0.17323868170191065,0.1437655519104878,0.19614033148494225,0.37564589015943467
95.30000000000001,0.20020158006832112,0.16763560303071035,0.13219936784084718,0.20331914697349113,0.3656694408670143
95.35000000000001,0.19325495817965357,0.1507649831271827,0.12846246803474556,0.20207651175531635,0.3635892124853973
95.4,0.1832924822888346,0.1504728530386807,0.12813339449295655,0.18744035794461059,0.35479739977079305
95.45,0.15832015293187482,0.15338159121706307,0.12206190846514443,0.19509349055055902,0.34608992513656556
95.5,0.14167291817008745,0.15537816691531936,0.11340827438880556,0.2020061322532317,0.33351699238041654
95.55000000000001,0.13849615873484492,0.16220596323603603,0.0996868546525697,0.2066049206881965,0.3232664056487571
95.60000000000001,0.1336896401282406,0.1586344683574736,0.10468708147151565,0.21556710372450483,0.31672599410347907
95.65,0.13760325600081977,0.15808153048941984,0.08786534913706658,0.2106238356936307,0.3110359616870063
95.7,0.13857196558446963,0.1595990375404491,0.08434701915783022,0.21445904374901384,0.30385106713571836
95.75,0.13517582802086117,0.15591491225600984,0.08593602185199974,0.2121271126017401,0.2989467803729804
95.80000000000001,0.1385927729725783,0.15337966978453638,0.08775833174565222,0.2069698565393551,0.2894438623843471
95.85000000000001,0.13278652606006935,0.14499791701634815,0.09032025433643098,0.20521842672653814,0.278937520795142
95.9,0.12477583371767963,0.14006695492440602,0.09216347713662894,0.2090790655871782,0.2826859211538074
95.95,0.12494116644857131,0.12856034858792048,0.09686152217485128,0.1980168440707155,0.27740834898545524
96.0,0.12104916386262254,0.13812282785239194,0.097411783407616,0.19918288618840108,0.28607939701609153
96.05000000000001,0.12065527809212451,0.13424928689889193,0.09309482051458122,0.20846942125021117,0.28848997106828445
96.10000000000001,0.12037879793379995,0.135028766217468,0.08619595568880895,0.21217496726318247,0.28754577214036403
96.15,0.1256781837828745,0.1197208532422194,0.09372878824218252,0.2116813243138715,0.27300393804190765
96.2,0.11825389908740487,0.1253814108777341,0.10045537961632713,0.2064444161316048,0.28789227236446435
96.25,0.10651593046252934,0.1273286295164797,0.10531825021846822,0.18929567748800652,0.2914709976163374
96.30000000000001,0.08297705301235313,0.12676479015500355,0.10746886610219386,0.1858596382870085,0.277540171218387
96.35000000000001,0.07218495661009611,0.1213666223449154,0.10598044629381895,0.1918488638861826,0.2923821753378736
96.4,0.0572830181255513,0.1179749246416105,0.10532884102959568,0.1929897292075013,0.30226908193413005
96.45,0.05533289577962952,0.11735610077893158,0.10287864634408295,0.19365843740785368,0.3018986138720772
96.5,0.05037875086187001,0.11140292149473961,0.10800097950887476,0.19923207926276987,0.2968101983329101
96.55000000000001,0.042828945339712945,0.11018713176350406,0.11379789331948911,0.20133239621646426,0.28642358306876753
96.60000000000001,0.03689519332210197,0.10365974993477824,0.11631537862774874,0.1983641399194713,0.2505885194699452
96.65,0.024664749968068285,0.10392260077694612,0.12046918230728447,0.20172049486116603,0.23408982943384765
96.7,0.008739540752601352,0.10666634606133753,0.12023773221741228,0.201901125745786,0.2352403032850073
96.75,0.007313213495683768,0.11077918573431562,0.12392829068643449,0.2085429516081849,0.2381694629694899
96.80000000000001,0.008972994631890897,0.11721950181585712,0.12394547317078304,0.21977287054084543,0.23499715471071114
96.85000000000001,0.01585513617094526,0.12666388027491787,0.1317812304345757,0.22029732023281842,0.22118410428582758
96.9,0.01769016561039012,0.1172465396567678,0.1349830477482361,0.23129029481603,0.20947430992768334
96.95,0.024743369035657336,0.1158909632721468,0.14587778008825592,0.23116383382663735,0.20535958272775537
97.0,0.03441773913930832,0.11709806774508251,0.15897910910283616,0.2345582135944176,0.21501902271408807
97.05000000000001,0.03896465969709486,0.1051704336245812,0.16475153429373335,0.22007957502913697,0.22899997579736242
97.10000000000001,0.046422841632097485,0.09879181156926531,0.1731691776593292,0.21442316209357673,0.24375909450770492
97.15,0.04644204460726492,0.0923584867775176,0.17804830650859127,0.21394664848657394,0.25096369558894754
97.2,0.04256859552076073,0.09035553417696979,0.18418638059849496,0.21033748119553436,0.26377851108629086
97.25,0.049657647355617666,0.08681192203640521,0.1950441804540437,0.19786498870639505,0.27853050750081204
97.30000000000001,0.05534701694008997,0.08817358469173375,0.19759763300219474,0.1783712763309048,0.2895263977875061
97.35000000000001,0.05990438155298598,0.09395465680856356,0.19504054440668014,0.1746376646786308,0.2964182073223159
97.4,0.06640261341698948,0.08416861603946994,0.19705664870327824,0.17748201072582742,0.3034337599529943
97.45,0.06767254872202967,0.08860845556578027,0.20493878914838168,0.1714445186866837,0.3109205096261353
97.5,0.07434739206035011,0.08283199070498759,0.21088687857301316,0.1671912516521532,0.31205361613376065
97.55000000000001,0.07877194078511857,0.08415089891947668,0.21443558566127147,0.16529305779847858,0.3202406562891627
97.60000000000001,0.08475482396665085,0.08614275694273917,0.22129900557035406,0.1575475944801368,0.3360414531696384
97.65,0.09169731244380686,0.08184758971799773,0.22164052340649526,0.1493434904885756,0.3368872562532862
97.7,0.0994414970027771,0.0824485207321401,0.21837178082487374,0.1340074031646513,0.33698344215526393
97.75,0.10132596931490417,0.09095903988611857,0.21205011854341552,0.13539582809507686,0.3472656209818422
97.80000000000001,0.11664614480705338,0.09531205751295078,0.21110637293275805,0.14545524423391237,0.34573070466006905
97.85000000000001,0.1253553362877453,0.10137715820846092,0.2113779375752264,0.1456276338876611,0.3506179920305479
97.9,0.12852358666662098,0.09810501001907376,0.209924188538795,0.15397153783654097,0.34453543394566566
97.95,0.13315461958643793,0.09269315374139617,0.21512048500318676,0.14938062762384968,0.3410585304695525
98.0,0.13380682749323544,0.09010720616478339,0.21567629216455403,0.13429582250085448,0.33767535018451206
98.05000000000001,0.13967502293346323,0.08759893912021363,0.210678952256902,0.13941553903902162,0.3520616367495253
98.10000000000001,0.14646395806133394,0.08500890565080146,0.21142513017033696,0.13272741025304874,0.3477004909181684
98.15,0.14860135069038719,0.07504662781438134,0.2145645513522051,0.12282385323600226,0.3519940553028823
98.2,0.1488025456042579,0.07282622300304402,0.21603552670492893,0.12547281090055326,0.36464312901622603
98.25,0.14695127082737283,0.0826937140302694,0.21508183162092737,0.13033730867068183,0.3690117932952881
98.30000000000001,0.14477159690652378,0.08760061000958637,0.20808598652595103,0.1197291829551837,0.37166526999662125
98.35000000000001,0.14189732146476366,0.09013523903710217,0.20220884207571999,0.10947183271832926,0.37178631606065404
98.4,0.13827075069000094,0.08334489721155108,0.19954414433371928,0.12054476117722122,0.3787039969214655
98.45,0.14729668057240872,0.10994061492942443,0.19260926469151676,0.100725709427186,0.3823641409751264
98.5,0.15413504703131395,0.12196961347493657,0.18755955126338564,0.10390894045230281,0.37826577250694055
98.55000000000001,0.15698907146665056,0.11345266918429243,0.18024536612899345,0.10481958348506794,0.37247762293885134
98.60000000000001,0.1607858137537795,0.11721038525082995,0.18425564687864626,0.10905558711938364,0.3762180593931531
98.65,0.16164386729882355,0.11267817915891823,0.1921101378527813,0.10999804368102431,0.38203459375538845
98.7,0.16645230418992457,0.10371096053748505,0.19780523973029213,0.10835300412307766,0.3844673802330802
98.75,0.17790155070270908,0.0953307608801173,0.1911425162034017,0.10760926699621066,0.3853239744445332
98.80000000000001,0.1940007985309189,0.09203928048177024,0.18039225794676267,0.10699000291638112,0.38449825496990514
98.85000000000001,0.19944842567423438,0.09123825162223607,0.17354558449861376,0.11310110643772821,0.3900259254199476
98.9,0.2124497634099822,0.0867857517484421,0.16755351834267423,0.11902310230650968,0.38994121511312413
98.95,0.23098619245888158,0.08695157544198796,0.16075955595309696,0.11070771390492286,0.39142355438404475
99.0,0.2530255874340575,0.0920470380575371,0.15982910295898092,0.10727712921023401,0.399485747890639
99.05000000000001,0.2591659792081863,0.10847148491027835,0.15882646647368565,0.10528558496671211,0.4105784619515557
99.10000000000001,0.26029185055676896,0.12137419015307295,0.1555027606585958,0.09618744715952919,0.4271245282614389
99.15,0.2641092212106371,0.12145351043714508,0.147715966521137,0.10061343942276463,0.43307261527178165
99.2,0.2691943709949613,0.12390514057925267,0.14042587727006686,0.09182270691561849,0.42670836554345715
99.25,0.2753843815902196,0.13513288853353803,0.13694246836686574,0.10178607073360582,0.4318538155858297
99.30000000000001,0.2752281052119062,0.14486022925831454,0.12836850813442627,0.11545147313754321,0.4262491674290557
99.35000000000001,0.2710291710031523,0.145572111365575,0.119400015382693,0.1083733956332141,0.4336981325729599
99.4,0.26483648774797747,0.14255654886736766,0.11550557296605143,0.10677362195510244,0.4624815043295323
99.45,0.24615248714405707,0.1337885958396331,0.11163385898736627,0.10546134385602217,0.4782148306321808
99.5,0.23462562631963704,0.12830509877395604,0.10718394482436701,0.1149770209359559,0.46979778753010665
99.55000000000001,0.2321429586752311,0.12951263890854173,0.1017546944756157,0.10810248383692236,0.4718735207377641
99.60000000000001,0.2272402911239143,0.12806359808402226,0.11151686597978619,0.09679760348059005,0.48362476755916
99.65,0.22106547590476364,0.1367180798242871,0.11763050527398317,0.09431846756679815,0.4930715049104707
99.7,0.20600710568511857,0.14216497991435129,0.13025722268127884,0.10300818248207892,0.5072829453281846
99.75,0.19112087302414235,0.14721637769062712,0.13797499076169928,0.11237802037454461,0.501329315164028
99.80000000000001,0.1848336357443707,0.1362319255642398,0.14378703134589665,0.12397521671018924,0.5018609859022832
99.85000000000001,0.17244515964446241,0.14216255769033156,0.14976608164382707,0.12601864418064862,0.5123297877011496
99.9,0.16612172884300136,0.14182262656278913,0.15571096530873543,0.13867273978742742,0.5261344171065928
99.95,0.16321595781412293,0.14442299037361103,0.16565263815651368,0.13915589905590023,0.5357088428800495
100.0,0.15430202629969547,0.13573030445754697,0.17085550887520728,0.14701130448741695,0.5387986581128608
100.05000000000001,0.1522727170659968,0.1383189231318105,0.15919058719738508,0.17005515746959848,0.5393583227540758
100.10000000000001,0.14967273673198334,0.1337891869900852,0.1331738270790662,0.17806363821925894,0.5450404298340668
100.15,0.1467618080288084,0.12576804146656817,0.10620523774960164,0.18582440066900835,0.5483042002540652
100.2,0.1397781207314791,0.11735483944837838,0.08670749618841563,0.17331668614148413,0.5497315834431526
100.25,0.13835247952320404,0.11832341777663133,0.06556648408787996,0.15808773727935663,0.5659324765173877
100.30000000000001,0.13698436873379902,0.12416183225826714,0.04137860263674413,0.13854587199202278,0.5780360692310811
100.35000000000001,0.1412949524041973,0.12674640307980892,0.04339896299429323,0.13954052882543141,0.5940400632486993
100.4,0.1460337587846067,0.1330581911905042,0.04527035479758214,0.12767920661511048,0.595808022084054
100.45,0.14620580769957614,0.13503587703945763,0.051826144399115315,0.12668002683806256,0.5990757386656913
100.5,0.15131130385299996,0.13381120779557537,0.04296172328961758,0.1381597629413577,0.6044393330812404
100.55000000000001,0.1515308311723564,0.14140285917401146,0.053780109996560896,0.13826350207893984,0.6036234651489726
100.60000000000001,0.15387295859048306,0.13680226502250964,0.0689028865569893,0.13265566635992476,0.6063723985861751
100.65,0.16119186864565438,0.13671961165650023,0.07067644064985047,0.13611620256830081,0.6089976782765752
100.7,0.1599855254177018,0.131198579472639,0.08050549473114331,0.1481324387750361,0.6038750329939906
100.75,0.15371902204814492,0.12906780112424496,0.07610509054955514,0.15526773944593567,0.5931578137393057
100.80000000000001,0.1441572120253624,0.12732639106456553,0.06508469715448863,0.1499390330108057,0.5917941562618634
100.85000000000001,0.13110351667579231,0.1257789794126643,0.06339186795527525,0.14365559765033364,0.6015075281329345
100.9,0.11791399699134075,0.13536349735114833,0.0681787888902462,0.13257740026566855,0.6009895991308045
100.95,0.10296635822130323,0.136810190505045,0.07231161837877047,0.13552581743376407,0.5979512665101324
101.0,0.08936951699337006,0.13203158747238958,0.06694391337633797,0.13893518768709412,0.5960921941704369
101.05000000000001,0.08494268355908041,0.1323825129085577,0.07238786159518693,0.15021559685805874,0.5911188844563549
101.10000000000001,0.07721301596950794,0.13077741417150768,0.07999141740021964,0.15865291513725668,0.5912920057082738
101.15,0.06255919768022751,0.1409174712204005,0.08912997067189565,0.15954824453252603,0.6046748480994156
101.2,0.048403693782399025,0.14262687398534124,0.08248551852411592,0.16351491749568497,0.603570585589121
101.25,0.03574252626601057,0.1296030026370258,0.07961140800945658,0.15804438597656073,0.6188293224439727
101.30000000000001,0.02212520243718373,0.11700128532652224,0.07923741635672935,0.16470910781222708,0.6198825264130332
101.35000000000001,0.006423613195260372,0.1112628322915201,0.08441050097583218,0.1578120830284674,0.6255937244423546
101.4,0.007323899391281909,0.10747139379790495,0.0814149486173092,0.15529048100949255,0.6139512370170773
101.45,0.017594320810719155,0.11070660002184687,0.0916559088604197,0.14003904091840874,0.622947846478299
101.5,0.02149897558682088,0.10864815093847932,0.08718853361192638,0.1459698119789769,0.6142052539850976
101.55000000000001,0.020800041796606755,0.11414448285653325,0.0845240365096018,0.1395401736747749,0.6202936347588183
101.60000000000001,0.023789463049296064,0.10879054292160885,0.0922398591119134,0.14063383398853388,0.6167169458396692
101.65,0.02560656706345981,0.10839695362730245,0.0965296115486336,0.14743029860866247,0.6207771256323145
101.7,0.03195969470791465,0.10554813421729084,0.09293281849184608,0.15610821611767475,0.6130193689493242
101.75,0.04184035986647521,0.1000953787465118,0.10063866273268245,0.1458734069172604,0.6110657823024707
101.80000000000001,0.05037791535189833,0.08818678177838887,0.1064941340278832,0.14357137937071726,0.6039653334539883
101.85000000000001,0.059924508842615805,0.08272918353525326,0.11926600303772354,0.1315238241791746,0.6044812496750583
101.9,0.06645246752002053,0.08278113446632195,0.1258186234841162,0.12412484678624183,0.610515191046605
101.95,0.07025589462039843,0.06920428625584951,0.13392030882428724,0.11753674715317615,0.6196789051709886
102.0,0.0791072687618877,0.06373151826760122,0.14130381935029906,0.11397760276061093,0.614651376284498
102.05000000000001,0.0839782755483356,0.05339262052802787,0.14792103706178367,0.09829556154395575,0.6080930560958058
102.10000000000001,0.0819372263080359,0.053907806871006,0.15801130548100184,0.09843763234306968,0.5933800979874136
102.15,0.08901125727353872,0.06338232855454268,0.1658404385752337,0.10277936368561108,0.5800450624903983
102.2,0.09242506856020506,0.06461182160451523,0.16619255980702052,0.09600214222088621,0.5628475610037922
102.25,0.09313542370654088,0.06520961009788528,0.16824842167171167,0.09537438211734023,0.5611209635785528
102.30000000000001,0.09742033200629376,0.04378254731201692,0.1741219853982624,0.10512704075199866,0.5637067464166388
102.35000000000001,0.09982821067722368,0.05485252337976473,0.17907282064509167,0.11401281113163726,0.56077842300649
102.4,0.10148783171582086,0.061049140951206664,0.17896214366592544,0.09583094580116039,0.5598378719454212
102.45,0.1140176235960172,0.061468539343015015,0.1758233923603738,0.10917049989385744,0.5439814086450511
102.5,0.11497594524438536,0.05207850530343998,0.17461019254545831,0.0995710835329207,0.5385881843033357
102.55000000000001,0.11347439757906562,0.028303644577378693,0.17644115976174954,0.09728783634366724,0.5434220767586895
102.60000000000001,0.1241258625373192,0.018238366713800167,0.16618067975693981,0.09218874445127247,0.5364724714566488
102.65,0.1337738995332284,0.01572008657198788,0.15696316668567803,0.08889050692370219,0.536072492201391
102.7,0.13489832653548853,0.03221272538169213,0.1512681129205178,0.08666031569703007,0.537261935367027
102.75,0.13791703109304868,0.04600032181301009,0.1556925271220801,0.0852499393433408,0.5354577147610979
102.80000000000001,0.14387986728653518,0.06752730233714477,0.16146355798240902,0.08725663227357196,0.54048425138919
102.85000000000001,0.14025209589150447,0.07066008400197701,0.168518856181995,0.07727121417774854,0.546769431076485
102.9,0.15052900533291835,0.07353450277882846,0.1710049978873173,0.07419850669263771,0.5420097522033236
102.95,0.15445997601532624,0.08012035680788142,0.1616320794750984,0.07290783025669056,0.532526418719828
103.0,0.15886579561759914,0.07988661117363731,0.15805655528188972,0.07736665908348338,0.5296933423618536
103.05000000000001,0.15282805281186912,0.07173419978978768,0.1557243150374155,0.07925759542014066,0.5265248665191073
103.10000000000001,0.16134331632239032,0.061378201980910395,0.15741398789665917,0.10069201558577523,0.5300618638733522
103.15,0.16436307414128895,0.04814767160714287,0.15706673361500614,0.11178840126551129,0.5294206717908766
103.2,0.16838224180370828,0.02725299497023824,0.1522130786543032,0.12395871028292857,0.5322485740915297
103.25,0.17626902751199192,0.047223739777551045,0.1529605480815793,0.14856863501530085,0.5418551019284905
103.30000000000001,0.18590911383557038,0.040534444914174655,0.1575721034939625,0.15669314769628018,0.5396492994799432
103.35000000000001,0.1925056635224428,0.03576849787973067,0.1593135828904298,0.1598055711933983,0.5425613997137089
103.4,0.1958915868866263,0.04438735854226431,0.16016900429454772,0.1534150669250203,0.5534104062396675
103.45,0.18573336925219136,0.04967901296613294,0.16077755006174957,0.14859437694229627,0.5503899771628281
103.5,0.19139408852024756,0.04043052767941481,0.1689959188547627,0.1526065519854236,0.5470602898145754
103.55000000000001,0.19592615271741165,0.021529958975557678,0.1705241297573613,0.14543626893596537,0.5551581292098865
103.60000000000001,0.19096265922364583,0.028481570429445113,0.1697233907414509,0.15021095310554203,0.5581396682991683
103.65,0.19502330391451772,0.034854430012997574,0.18039746134999793,0.13536809631172558,0.5554454796569008
103.7,0.1841580064234589,0.03818392660363264,0.1991374871162045,0.13858975665675421,0.5630433930656082
103.75,0.19141006636499883,0.06481021949801222,0.20978806955374904,0.1307684042983182,0.5705416595275571
103.80000000000001,0.19349075564528734,0.05875441001759904,0.2068018890272725,0.11382641288777624,0.5829561064929327
103.85000000000001,0.19887867511377863,0.057170629127318046,0.19509828703914942,0.11231090014748435,0.5847690397185763
103.9,0.19634611386157422,0.0593832642332064,0.1853209948607492,0.12215284626337289,0.5839275797790809
103.95,0.19027354365897642,0.07960018014279717,0.18575804460098577,0.12762815056660698,0.5694513699530017
104.0,0.19647506629591963,0.08440778528171622,0.18758295938131195,0.1169129234770092,0.5818044400815799
104.05000000000001,0.19245045487641363,0.09319501186523542,0.17410292998311366,0.11043195782736481,0.589619793517549
104.10000000000001,0.1926367953386458,0.09932295814950068,0.15242094564947173,0.1151449777824276,0.5758266880000574
104.15,0.1929427664259191,0.09676238466682772,0.14135665676530618,0.13174224898393763,0.5615740950653806
104.2,0.1943049220572062,0.09977200251805567,0.135930707447109,0.14346061727929343,0.5423176654830597
104.25,0.19880026322293842,0.1065570644970117,0.12659651451394915,0.13491788253162038,0.5304102302541557
104.30000000000001,0.1913837455114081,0.10856473245391256,0.11381246964800883,0.14272147694152115,0.49818557467623775
104.35000000000001,0.20502590918752425,0.10272600329321034,0.11604048558876598,0.14387982480456807,0.48503843603922814
104.4,0.20884269115285595,0.10040239456184484,0.12080491464112601,0.15692931042623323,0.4679945309781488
104.45,0.2049451798608757,0.09951484377636527,0.12602338575308983,0.1622780095407998,0.4554744680948038
104.5,0.19526300673116295,0.11873013749789173,0.13331388479900574,0.15989202535053237,0.4609752135256838
104.55000000000001,0.17909704496567783,0.12460894627859509,0.13034956334906478,0.15890110676795283,0.4608618563519522
104.60000000000001,0.16928630936756775,0.13363412096654675,0.13259003137215758,0.1497354421519792,0.4404873970211969
104.65,0.17164044961678457,0.12878907673656598,0.13545029169427433,0.15735675283918546,0.421000375625553
104.7,0.16547751677319725,0.13340865277875125,0.13966841458792095,0.1531318097088851,0.4102351117853778
104.75,0.16923624691536832,0.1409674379617994,0.14139309785790974,0.1537887846356937,0.3950386482938175
104.80000000000001,0.16545133077697388,0.14696623893499144,0.14524819481653298,0.15846458310059536,0.39910724147414695
104.85000000000001,0.16447963973426102,0.1507136340310492,0.14796071081075507,0.1632366663093108,0.39888921077139683
104.9,0.15993611445025138,0.15466211855673276,0.14975798883785502,0.15657045609266346,0.39415222801855154
104.95,0.16278752045715755,0.15808450289061116,0.15296877023081198,0.16791725587304218,0.40497478498708467
105.0,0.1620378998166912,0.17020546738189013,0.16619811097992893,0.17617011692312035,0.4108039211763425
105.05000000000001,0.16395957983254558,0.17332026934572906,0.17414000836446425,0.17629645554069645,0.41809155488923555
105.10000000000001,0.16643185514192468,0.1782158178938119,0.16999068722694313,0.18081102128275098,0.42653908297527915
105.15,0.16552524375428151,0.1935351917780125,0.16934823739395707,0.17682305723161504,0.4184374409648824
105.2,0.15503190010727422,0.19424146789792612,0.1752052725122225,0.16720931945762924,0.4057229497572486
105.25,0.1530627860232293,0.1919809618288302,0.17478559910239902,0.18147051597769676,0.40272671359970896
105.30000000000001,0.1543387581920141,0.19710853661793756,0.1768816432347266,0.16707961769040258,0.4070544235305598
105.35000000000001,0.15129008923264745,0.20334488727083305,0.1828334047910303,0.1596415739676802,0.40011907137034997
105.4,0.153945382172241,0.18588235559893876,0.19583071676752795,0.15291826098098885,0.4017507395197997
105.45,0.15318727283449257,0.2027126688035391,0.19897685245381763,0.1393914225206337,0.42446489360291245
105.5,0.15427395106186814,0.20778018631229092,0.20325124390546048,0.1357637291130146,0.4259981326602446
105.55000000000001,0.16179797252399739,0.20896513760663976,0.20307935019378906,0.1331688513726633,0.4162092138697164
105.60000000000001,0.160647974747509,0.21337637887255395,0.20604743093914624,0.14988904255592417,0.41976690196507505
105.65,0.15162114447360814,0.21734015376084959,0.20275105788203382,0.14535763291216258,0.4151149777902678
105.7,0.14570792563588572,0.23936964636227667,0.20286729199178827,0.16313328889266268,0.39702074676383414
105.75,0.13805919234341393,0.25426205369123606,0.19517421635546303,0.17003004443093644,0.37883746323957734
105.80000000000001,0.13427540715954414,0.26563906990292474,0.1926423559504539,0.18628428466916314,0.36463443463675516
105.85000000000001,0.13103972530867178,0.26187400594589266,0.2013707329276653,0.18307165997723884,0.36132201126422386
105.9,0.12223544236297544,0.2536699204536788,0.21196404181750064,0.1808473512495159,0.3500640610621496
105.95,0.1137545990845582,0.2525368189254729,0.20926278778408183,0.17314856965437375,0.35127865935272656
106.0,0.11370702188889364,0.23352251750250158,0.20582551847559571,0.17868785766304557,0.34641748766265684
106.05000000000001,0.10811603856779875,0.24140586062616373,0.21167374862269994,0.18140411631236658,0.34719031976328396
106.10000000000001,0.1038871395667035,0.24653284632493472,0.2139019427161471,0.1858928676045156,0.34413420368078734
106.15,0.09252664244847332,0.24230822043827357,0.21439241166525952,0.1845228651509515,0.34794551421303627
106.2,0.08134268767538871,0.22384499398023916,0.21914869250593622,0.18247924312792682,0.3470816363663872
106.25,0.0857630733825042,0.19641646492998716,0.22924727447686466,0.18263239291931593,0.3640320805296883
106.30000000000001,0.0907291573973265,0.1845388302504557,0.22585323612249794,0.1891473333893607,0.37278558273626833
106.35000000000001,0.0847222190949421,0.17337368488195157,0.2322675685945429,0.18633156161702194,0.3703640969716104
106.4,0.07797973401753548,0.17220759222185428,0.2302282123197589,0.19236651673423952,0.36522884450219206
106.45,0.0726937952717001,0.16092434152266089,0.24349841903443165,0.1891543921484628,0.34859563904306345
106.5,0.06204843149008602,0.16104700516188758,0.23125351645384262,0.19498029067495254,0.3287137894163129
106.55000000000001,0.054643609010485185,0.1722821154234005,0.23438357801963064,0.19824822531628247,0.3210546602311596
106.60000000000001,0.05908427559720183,0.16529770036037297,0.23776984044523675,0.2007900868131569,0.32090651112474594
106.65,0.05524899035857578,0.15413499824099822,0.23303364876613342,0.20711418394704886,0.2980546484781456
106.7,0.047278001138906706,0.1410047233122724,0.24066591008812785,0.20864822080253514,0.2579437056789833
106.75,0.04847859380244053,0.1301204620447243,0.23351693214705616,0.21358769845968564,0.22995766145177288
106.80000000000001,0.04868281386774599,0.12323608508002808,0.24437060434771932,0.2149001900665905,0.20599992685721882
106.85000000000001,0.04176428460317461,0.11836321979601246,0.24432922758030395,0.2205990091340862,0.2027459142452991
106.9,0.04885855711492252,0.11674876142365977,0.2486771379457977,0.22038992798806056,0.20523268958318783
106.95,0.04682330916512697,0.11263435766072599,0.2601225345850817,0.2245716104698508,0.21970215630925097
107.0,0.0502671813420479,0.10974850958691877,0.26317984227416197,0.21976895860787596,0.23247894670573158
107.05000000000001,0.04622220225959068,0.11688693840375898,0.26537317753978046,0.20045494736850106,0.2381819266373359
107.10000000000001,0.04534481966030877,0.111466719585581,0.26341515376317465,0.21044459573364457,0.23688744895761663
107.15,0.04960729338433107,0.11847845415730579,0.26125993786074087,0.21403531602723197,0.23593185135681266
107.2,0.054794529624952334,0.11887038659649352,0.27972364959664814,0.21772873408518625,0.2421353924182111
107.25,0.059583218245364215,0.11462932403479993,0.2850885440066106,0.22658951173672226,0.25108863527493824
107.30000000000001,0.06727638383223844,0.10927601684691923,0.277950128215313,0.2355362237399476,0.26175737861020903
107.35000000000001,0.07844041411510705,0.11002465402236526,0.27525389580928333,0.23272296977396273,0.2580747450504103
107.4,0.09105264524474786,0.10824617575779212,0.27360996030457707,0.2321705459691499,0.25891380907283523
107.45,0.09395887223996947,0.10609811203167979,0.2633262259910596,0.234835645292266,0.26333171685853285
107.5,0.09507281632214708,0.09826474937889283,0.2575937332974193,0.23616040110584854,0.27587830631841215
107.55000000000001,0.1049101772308585,0.08982673095449498,0.2563405050577264,0.23773897904671654,0.3006374489389315
107.60000000000001,0.1123569560163439,0.09237700442778117,0.26196139890286074,0.23589120811968037,0.30831520907233106
107.65,0.12338031864504882,0.08937321877994671,0.2540998690226641,0.2299128109914249,0.3068028230941781
107.7,0.13471751710919927,0.0994571004491043,0.24892163378037102,0.2403162590938106,0.3065011482364874
107.75,0.13417233068918882,0.10172320342282128,0.2460938930349804,0.24068993005365524,0.2869271790254607
107.80000000000001,0.13555996538788723,0.10621031278780144,0.2361951901360022,0.23308930783509746,0.29553569893749904
107.85000000000001,0.13914465670522408,0.1111072137755448,0.23607679409276602,0.24278838198726932,0.2980048747792684
107.9,0.13969720083440978,0.11385393641985869,0.22751683617057616,0.24821403412600718,0.3024115708548144
107.95,0.13873766363904294,0.11071258359947192,0.236940616816369,0.2478840451644837,0.3095848833784361
108.0,0.14480819429108238,0.10327998798608812,0.22792395634709814,0.25224844802928426,0.3087342111787754
108.05000000000001,0.14953770998319427,0.11243893625340232,0.22912662228359143,0.2432844951457298,0.3342014570773748
108.10000000000001,0.16120977912417292,0.10709334974148452,0.22585685391562615,0.25079094084051656,0.3439676008685252
108.15,0.1742646288832688,0.10462939341437742,0.21755692748095637,0.2442967560893504,0.3071568312640256
108.2,0.16785206038735268,0.10366336397321997,0.21286131914092493,0.25326007480395074,0.2899244527697345
108.25,0.1687892603715583,0.10762522588636857,0.21262597089354682,0.2526374727425799,0.27533557914044576
108.30000000000001,0.17139538905692278,0.11070418048661226,0.21116972500966263,0.243989544598628,0.2772570087135575
108.35000000000001,0.1711801050291998,0.09964670686047788,0.20408059143404753,0.24995504008318092,0.2976836324968487
108.4,0.18869353331921443,0.09657458113277954,0.20083011556445157,0.2586642996983773,0.2985257208185939
108.45,0.1889499635613282,0.09948609195533341,0.19441609353328937,0.26295630419523,0.280604252698901
108.5,0.18728684894966666,0.09281580403391289,0.19145645562488114,0.2642791217328625,0.2733131203331017
108.55000000000001,0.19406455646388987,0.08168921851587793,0.18833365625760337,0.2692209755721926,0.27188805872706895
108.60000000000001,0.1944245072328936,0.08032350825987908,0.18882192724462926,0.2576111639703991,0.270114298973001
108.65,0.19319737001481513,0.07666804788962871,0.1993162016426344,0.25529847041222675,0.27178285428206844
108.7,0.20580343185677627,0.08140593641948894,0.1985085967116755,0.25561541770788043,0.2806205385812453
108.75,0.20268384676465312,0.08331125847153364,0.186722514892232,0.27411433061437573,0.29429102966859927
108.80000000000001,0.18972476536978028,0.07839730489754933,0.17755951452814706,0.2829532892378235,0.29861314026092955
108.85000000000001,0.1983981313990516,0.07519210951004587,0.16363505828365435,0.28681369199500817,0.3092220247877072
108.9,0.19878493113459134,0.06744331850397657,0.16108035673377488,0.27956314493148887,0.30284611694649965
108.95,0.18690887932322822,0.06675715871952047,0.16437680144233144,0.2863263384729727,0.30644281584426875
109.0,0.18488109187047386,0.06693245522223149,0.16080433067882105,0.28450598766648655,0.30918128671715234
109.05000000000001,0.18148117039978579,0.05955084217441502,0.15087880668734824,0.27580991086897266,0.3063779316144958
109.10000000000001,0.18055626586603324,0.06357996501731279,0.14529120688425617,0.2861689201784059,0.3185504251858486
109.15,0.1759237847578498,0.05259948379857631,0.15131090640293587,0.2825600944356629,0.3133489707551704
109.2,0.16246441583455418,0.04567867825660267,0.172510016557032,0.28461838404176215,0.32041008739315396
109.25,0.15883766709341549,0.04994424808481696,0.18045853248903385,0.2813288504372718,0.3315939333809407
109.30000000000001,0.16454762013591948,0.05220967011261168,0.17800440842912893,0.2846426491489055,0.3391822338843838
109.35000000000001,0.16622290476632892,0.04417434722362549,0.17369738189964554,0.2797924790880774,0.3326539155229197
109.4,0.16009239773248016,0.03319724244473278,0.16919728604480513,0.2800356218290501,0.32942696683532413
109.45,0.15743049609582163,0.031527105735608706,0.14947405551280823,0.29569818081350385,0.34416907628837634
109.5,0.15758674597219643,0.025166514467499967,0.14030463061170367,0.3105348765957198,0.3715837260030236
109.55000000000001,0.16719286100972344,0.02644965816663475,0.11633275404211307,0.33512800404581344,0.3846958450117092
109.60000000000001,0.1707158627536085,0.02164153520464075,0.11407591556933872,0.3459969973440831,0.38463874360926104
109.65,0.17169217789960628,0.023881305023625864,0.09743184515789333,0.3414253066162562,0.3944256780384621
109.7,0.16452761955458892,0.03277353401867219,0.08253384735178518,0.3344436939417123,0.3969643879822193
109.75,0.14649282489714455,0.04676837239078819,0.08523920078462842,0.3377527128186472,0.3993574191219409
109.80000000000001,0.13512410834367056,0.053275094472303795,0.0918076598284526,0.33839889878913937,0.39828057515934706
109.85000000000001,0.11730745861729207,0.04200320106066693,0.0835721500367605,0.337347984016583,0.40041681266232265
109.9,0.10608347054004603,0.04746484342754809,0.07065013051537736,0.33115982588365583,0.41340053472539784
109.95,0.10146080331635447,0.045969459850263926,0.061016288470940726,0.3246803131982026,0.42291327359803604
110.0,0.10122968024584696,0.03645538567774512,0.0534079684502941,0.33511947985783747,0.42681724187872394
110.05000000000001,0.10517710481432527,0.043498725969749366,0.04997841137473926,0.3253099100846796,0.4209364462121588
110.10000000000001,0.09730644904768468,0.04536401746664623,0.05194147185649383,0.3362218760613831,0.41823176867860234
110.15,0.10609353461246733,0.045730540403549964,0.06466870835291182,0.3355029840113087,0.426681213432539
110.2,0.10696008768205485,0.03287898751413436,0.07447676836624777,0.3612920712594365,0.44405863823492703
110.25,0.09522428746010826,0.04041232909167978,0.07316605095403886,0.36521975835877324,0.446417205768598
110.30000000000001,0.08977180021704577,0.04261357534574444,0.06250277358221472,0.37097595043004167,0.4511578000543946
110.35000000000001,0.09397590007909502,0.032950958291115544,0.04732804259864779,0.3879450629926417,0.4532592942202855
110.4,0.10176946071456015,0.03301928667255693,0.043646981635213876,0.37360880219644155,0.45033527308738774
110.45,0.10788661152996305,0.03232851209941601,0.043015781918468346,0.37006166661659534,0.4501512659076118
110.5,0.10788417092134998,0.0312693730148019,0.05483366386959249,0.3663344846850042,0.4510916957341737
110.55000000000001,0.10149833789698356,0.021597784724658526,0.05561534680086067,0.3507973215069789,0.44827307593671223
110.60000000000001,0.10081472076074968,0.015409976135943868,0.05921261289108646,0.3555147080925191,0.45089342886693995
110.65,0.10697258997005187,0.018710218373856367,0.06173854281695894,0.36380603131599576,0.45248840027477916
110.7,0.10456397843713794,0.011815617533408831,0.06130426195842138,0.37690175847666113,0.44844846432667423
110.75,0.10763289936570294,0.016916194844430046,0.06179853276426103,0.3606937818084149,0.4587088732235869
110.80000000000001,0.11129215287848554,0.015871867929596332,0.06924247499296529,0.3510180594624405,0.4744547036464974
110.85000000000001,0.1201869550704786,0.017297105480347484,0.08250806420534738,0.34491400342621187,0.505791848296392
110.9,0.1213671601777207,0.02846236949043473,0.08983349408949141,0.3391045453794928,0.5184625084884054
110.95,0.1214624782606084,0.030844091216133386,0.09083588930916557,0.3429511790167102,0.539703649683873
111.0,0.12572489417926286,0.03422148152631467,0.1070102672874594,0.34844982325171814,0.5635552767937642
111.05000000000001,0.1325487808607838,0.027716330957021994,0.11612279088157906,0.3498113230454137,0.5868082955016473
111.10000000000001,0.13295323344248064,0.02875833347023705,0.14040303073822855,0.35010835077599595,0.587946289339646
111.15,0.12693062076805595,0.02911786555713714,0.1420311205268831,0.3595932917897677,0.5996666235267267
111.2,0.12692956158035057,0.0254491533290219,0.15337527787536953,0.36324363152396116,0.5969414906962863
111.25,0.12560775266664145,0.028900955920129017,0.16337570879033364,0.36944390972896507,0.6084084702236507
111.30000000000001,0.13226640710691512,0.0434579885285709,0.17469823136052834,0.37896629805917414,0.6060406597529058
111.35000000000001,0.13376143043314997,0.05342723330191354,0.18159501636111045,0.3852756086576655,0.6038339889745384
111.4,0.1319083420647669,0.05439230414891301,0.19086140472963173,0.3873211650748819,0.6146063716672817
111.45,0.13106340477694575,0.046311382415912955,0.20313631194189202,0.3892341955673281,0.6294056049959638
111.5,0.13689308863967015,0.060861274291955904,0.22409427773586602,0.4005283591019114,0.6451979256603866
111.55000000000001,0.14154534822682235,0.07460466196836757,0.236125570097761,0.4042804820391313,0.6520479355074812
111.60000000000001,0.1357799542757618,0.083607601415923,0.24801688409280725,0.4064111964767574,0.6667061132639446
111.65,0.13508217382154453,0.07683213411128435,0.255726805853547,0.411580683208452,0.6810626310223387
111.7,0.13906754625395862,0.08561269398450569,0.27046253137941834,0.4107664645942846,0.6852565664078547
111.75,0.1357182386608665,0.0891539483813927,0.2797150498741943,0.4174473754408681,0.6909376709196019
111.80000000000001,0.13221076334096452,0.07611493019755644,0.28465157020107296,0.41469474184090793,0.6866434890708821
111.85000000000001,0.1355899963960097,0.07600790218811679,0.2880481477985771,0.4180010315379129,0.6920247102166687
111.9,0.14089840256142544,0.07248767414209971,0.2983396917969679,0.41272060134315053,0.7166721599235144
111.95,0.1398077223008615,0.05774712889102916,0.30286349085402386,0.42310241547814764,0.7269102414607035
112.0,0.1408330301407172,0.04749573065140168,0.3070624820995936,0.4180062932672102,0.726825412749679
112.05000000000001,0.14574555917319015,0.03169742692508397,0.3201616955644562,0.41324437423100063,0.7240459366370733
112.10000000000001,0.1492281575130191,0.03316245182705677,0.32417460855077046,0.41430639554594867,0.7124247914362379
112.15,0.14948573057408424,0.01598876221756272,0.32730253513812535,0.41822262110499125,0.7159707743013789
112.2,0.15481666869677455,0.019195032722309772,0.3260632893729754,0.42301403201531024,0.7062871400367413
112.25,0.14985757337736602,0.012742064817067368,0.33377036251874653,0.4159644659115609,0.7143109226229009
112.30000000000001,0.14686613513054925,0.0138277776379941,0.3426078678358337,0.4081937105460395,0.7247881552313471
112.35000000000001,0.14492498706850615,0.012113255967416324,0.3481443794492201,0.41083230267416315,0.7374999924672392
112.4,0.14528842728875987,0.016434059726036825,0.35131870630875206,0.4122348286345753,0.7427194054937054
112.45,0.1434181450976141,0.011682943477923603,0.3611320215397595,0.42161361283365617,0.7440903113897529
112.5,0.1403171372751703,0.010827111560871308,0.3692137328992319,0.4107202282374464,0.7580583099440932
112.55000000000001,0.1440362788589021,0.007024669185258472,0.37216768953780005,0.40402207441412535,0.7698795654064321
112.60000000000001,0.15147640306591223,0.00448261862691242,0.3732931609380556,0.40368388295765834,0.7714664228845612
112.65,0.15603411948974388,0.01145771913584008,0.3716437892180841,0.4011017981435184,0.7738063833823956
112.7,0.16379767837344203,0.02751318699397659,0.3805628255912898,0.4039242988485781,0.7705882237682633
112.75,0.17192953392472918,0.03962228508366223,0.39210498146736716,0.4007481779763694,0.7748809951167894
112.80000000000001,0.1810843522415973,0.028261745825395874,0.3899006200524499,0.4035323647537613,0.7750127138448255
112.85000000000001,0.18844047182027965,0.030606370919906777,0.3948949852524031,0.39759996829947797,0.7772781832623747
112.9,0.19358173846239596,0.024414281220539406,0.39633736229912114,0.3931032395978881,0.7723146290538897
112.95,0.19150193300577809,0.00672919997019594,0.39151394057628325,0.40267454784523393,0.7717239715818731
113.0,0.18460992052211617,0.013152733107748617,0.3929388502143841,0.3902871334761193,0.7744229390143106
113.05000000000001,0.171177459976519,0.010864108045567734,0.4168579897896771,0.3924975271279717,0.7625388611520137
113.10000000000001,0.15902256330549938,0.0012488696058849174,0.4259272524217535,0.4075898424663156,0.7635396938397832
113.15,0.1553089651165623,0.004270064843837163,0.42454538467968167,0.41703984809622674,0.7697379564008299
113.2,0.15369595526606666,0.007353604730405246,0.4240775780785713,0.4165415519280227,0.7760595280010798
113.25,0.15122553720733112,0.008583287920109145,0.4119292680227376,0.4211547959356541,0.7779408690257933
113.30000000000001,0.15898266333849656,0.0052220303961745635,0.4106555821206094,0.4198821123001509,0.7668580050018203
113.35000000000001,0.17484908390936652,0.013165927241153801,0.39614957179798127,0.41216871014253226,0.76373753861624
113.4,0.18911222155780885,0.018166519255262623,0.37577659409956465,0.4172931448256925,0.756247553741171
113.45,0.20937765745127127,0.022481988062949623,0.3654153331806032,0.4130339895362376,0.7499677813298937
113.5,0.22334566333122297,0.010251796450500386,0.3565669569792533,0.4078197050153061,0.743615218163726
113.55000000000001,0.23013736130080667,0.006610868034074601,0.3486352988245095,0.4053518929742003,0.7422664684206945
113.60000000000001,0.2298626703110082,0.007068481624137432,0.3360137385900853,0.40593505194701224,0.7386106505112741
113.65,0.23176048373980623,0.010304888739883979,0.30820937688570743,0.38914661135630163,0.734891428596429
113.7,0.22624736826976494,0.00965261419766348,0.28608929304227526,0.37110864229548424,0.710324668567271
113.75,0.2187141252326114,0.019931821861582728,0.2710510882254473,0.35653383741242833,0.6942628405695066
113.80000000000001,0.20859679698451114,0.0268230137245536,0.2728632953356571,0.34884578808102557,0.6830240981212153
113.85000000000001,0.19443158969614502,0.028397514993727172,0.2623188769758957,0.3414250093354777,0.6848962367639561
113.9,0.18373652973874333,0.027714092747477072,0.2498451991974199,0.3476631169087925,0.6860401672367487
113.95,0.1829481460338985,0.033662874150399716,0.25617187354970455,0.3448605149911623,0.661192512362161
114.0,0.18315407482193335,0.02699563522351532,0.24484456486022887,0.3375305344292099,0.6561184971999956
114.05000000000001,0.1914573638400665,0.022801520036458845,0.2291734269170773,0.33970947239236693,0.6497213326205646
114.10000000000001,0.19425784887911962,0.016519136402839397,0.21551001788313706,0.3423411268130878,0.6455521653908348
114.15,0.1960120115249629,0.014467958955897437,0.18927480263702037,0.33208125626261875,0.6529993858286114
114.2,0.1968362440089161,0.022618193294067855,0.18264061796192815,0.3218146570556303,0.6404478131259242
114.25,0.19503942293533988,0.02947715971444663,0.18208480135833857,0.314286971020335,0.6306787656090083
114.30000000000001,0.19074888070892343,0.03527481601107012,0.16944322874961207,0.30721768251596543,0.6180070984280357
114.35000000000001,0.18443170230938502,0.04298293133597262,0.16917992858634873,0.30584378361999537,0.6035380080220132
114.4,0.18467593789970435,0.049538614506829635,0.164217843289486,0.29876153755901325,0.6006646070056482
114.45,0.17905477713346266,0.056176041640489824,0.1724681519153303,0.29737476368851506,0.5932724402816749
114.5,0.1754998905802166,0.056275227729435315,0.17108703395598293,0.2859834009139357,0.5985764422831846
114.55000000000001,0.1632425474132798,0.04865642108998029,0.1633344929104154,0.29417231255771487,0.6033356987781102
114.60000000000001,0.14811965986645736,0.04553808465358305,0.1540784974229867,0.3015093032345937,0.5972752252912296
114.65,0.1340351308146404,0.04423540716661741,0.13447441534550408,0.30226820841850566,0.5980598900965085
114.7,0.12180120755316816,0.04578581518971414,0.13627978814071687,0.3032583856206837,0.582903332099299
114.75,0.1044548146868822,0.04749085507225837,0.1444653541278078,0.31442471886790496,0.5815465121205057
114.80000000000001,0.09008406295763369,0.046544916984914614,0.1471194941319634,0.31628266067775235,0.571816592362449
114.85000000000001,0.05954335722104296,0.03868082587357665,0.14496947942670022,0.31614862969046725,0.5795287736463737
114.9,0.03980917782950827,0.04854003069615104,0.157612930454759,0.30550980639865666,0.5932619395718508
114.95,0.023526990200089637,0.0414814159394888,0.15105917680871686,0.3138019287057778,0.5941242531891715
115.0,0.01148323467776201,0.046169037885317205,0.15014919110854316,0.31263982540063956,0.601905868643785
115.05000000000001,0.016599051714023073,0.04953048552573428,0.13047087988987405,0.3125888498723042,0.6025420483578277
115.10000000000001,0.01821359223445267,0.04529418990818938,0.12619741284648303,0.31436794890774106,0.5877032931320993
115.15,0.024987484189504087,0.04434357559436339,0.13328670797732486,0.3125821824155971,0.5895125448246235
115.2,0.02774603635660736,0.0375467512274151,0.13317795196435134,0.3064700760820631,0.5908333884266551
115.25,0.03434626905788023,0.036165542015620486,0.13368278017496438,0.2845750019863658,0.574072775510012
115.30000000000001,0.04725111298517954,0.036463399178870724,0.14021361275289995,0.2809189474375682,0.5645817114277071
115.35000000000001,0.05501979824885666,0.029424013434355387,0.14667916203156234,0.28172203404012086,0.5716780465615815
115.4,0.059516263003378846,0.01300824579514836,0.15168378791649795,0.2706661286462496,0.5643519143180884
115.45,0.05983446669168882,0.006170619251685867,0.15840886199022347,0.2635340264721144,0.5711422372011186
115.5,0.05838436724991541,0.007471774131763531,0.1595059865227745,0.2518224842651118,0.5742696379463651
115.55000000000001,0.06254905624832663,0.023971970199757126,0.1570079790819208,0.24597323370824337,0.5813406062221512
115.60000000000001,0.07112918267374278,0.03054480137300101,0.14962570243595844,0.2461263723681567,0.5895603348466869
115.65,0.07448505593194102,0.033234783341033004,0.15066517152650777,0.24627183570014277,0.5848024930342108
115.7,0.07510580888806019,0.02696573953925917,0.15045603133766797,0.24406135616241936,0.5719151837645298
115.75,0.08018253995534359,0.010266987531354119,0.15173290838649467,0.24980371754386327,0.5567174876513566
115.80000000000001,0.0791475044983061,0.014365675995516514,0.15451475215736324,0.25004443963877626,0.5530400804428315
115.85000000000001,0.07847586301427681,0.012315517899312107,0.15596869381520378,0.24852745188949074,0.555759102036761
115.9,0.08792641208150305,0.004295532958377411,0.16134198900350533,0.24291553352801748,0.5593924835775927
115.95,0.08980638222817097,0.0041537921887848765,0.17011850595007827,0.23380963403279104,0.5529629578954899
116.0,0.10189158409966041,0.0139407510108712,0.1789171940580489,0.24795114986107653,0.53668474392467
116.05000000000001,0.10620047246351327,0.014637462982040056,0.1788875707691813,0.2463467877991884,0.5156147331008519
116.10000000000001,0.1157696317206231,0.010187937187190558,0.18523395868148426,0.24427193364864958,0.5012522784696908
116.15,0.11775982408403682,0.015441099523531445,0.18982248344547814,0.2497563843223423,0.5022926457544957
116.2,0.12638132409518854,0.017542368767464817,0.19323215045650238,0.2459787035221107,0.488618715954093
116.25,0.12694770574106795,0.02108837689649891,0.19786839967861847,0.2519334340772484,0.4830232501467983
116.30000000000001,0.13139988267836594,0.021172666717428658,0.20447308931188526,0.2591146193862113,0.4715640184483687
116.35000000000001,0.13064022895997895,0.018569981130423102,0.20934404888813107,0.2495853629958724,0.4726518021808475
116.4,0.13362990866659635,0.011499597252578988,0.21365726038511365,0.24510552275960681,0.48236616037387314
116.45,0.14440377189081427,0.01158828158960323,0.21368741023651067,0.251611445827933,0.47953671788270663
116.5,0.148701731709038,0.01909359396534993,0.22172503965408458,0.24120040090291875,0.46169120972350997
116.55000000000001,0.14974342249430916,0.020954165327043014,0.2256846133092201,0.23699186019976098,0.444629378004445
116.60000000000001,0.1561757926670885,0.02216455239066232,0.2356499435224983,0.22653859477430519,0.43385339753734103
116.65,0.1633581556542407,0.04463010753877218,0.2412820156081772,0.2205804935556317,0.42524546216442255
116.7,0.16265435734252598,0.07062274726075762,0.23493258000346756,0.20625939665703064,0.43288763270206865
116.75,0.16737122333571947,0.08463677137104865,0.23625830679105053,0.20756722265415664,0.43278574511053897
116.80000000000001,0.1756743053505847,0.08908772369156795,0.23991519504308007,0.18810804986413185,0.4220088475512065
116.85000000000001,0.18169189958245074,0.0998371620350637,0.2474547433273227,0.16979004255581318,0.4204736329938009
116.9,0.18433003235389156,0.11096565092372995,0.2538296048151602,0.15461426886364155,0.42021923123240756
116.95,0.18345846600790242,0.1293579734639777,0.2582347009273911,0.14648194935144188,0.41182146564415956
117.0,0.18911947795609083,0.15199066232875608,0.25636923231551295,0.15307043190075334,0.41607486820280826
117.05000000000001,0.18841064070076805,0.15784035745477645,0.25587780354615774,0.1417305790016306,0.41212201372043594
117.10000000000001,0.1871119649893215,0.17808089338995636,0.25908184819230395,0.13975784408606895,0.41025705728215417
117.15,0.1972587677204291,0.19119615657032396,0.26026500888155296,0.14072185677622706,0.40658131672995695
117.2,0.19688830111630193,0.18978745433580127,0.2639318503954534,0.15152517714238015,0.39743534102509676
117.25,0.19278081140855888,0.1807416413960481,0.26727532439378354,0.15357151301614985,0.40095912056615296
117.30000000000001,0.18810103416909144,0.19588747213369975,0.2706737419818061,0.14293028009007147,0.4152072380608962
117.35000000000001,0.19576583564428446,0.20198408908504384,0.26758562362342464,0.14240445893501555,0.4267893115507972
117.4,0.2001977433691501,0.19938259468448932,0.257528885514869,0.14631796458198734,0.42406776511790034
117.45,0.20447707489786035,0.18206738171871728,0.24555095416140232,0.14814665917167652,0.4536712881908369
117.5,0.2014787089013116,0.17993548094805242,0.23424632414234434,0.15057725481659315,0.47349171619801056
117.55000000000001,0.20924083795616039,0.17464585892384016,0.22237292161248803,0.139788832030203,0.4787100282515928
117.60000000000001,0.20948452141676335,0.17452608137748615,0.2085151256539253,0.1434939862697715,0.48779165165794647
117.65,0.20095249577574525,0.17687824780536346,0.1982849081439828,0.14080655677414272,0.5240642206724209
117.7,0.19885042335846223,0.17433346571587224,0.1945324734721621,0.14883093993321783,0.5348616448308514
117.75,0.19769263493584327,0.18112099932488548,0.20041957511626454,0.1553032098626443,0.5427129071920752
117.80000000000001,0.18828231459065423,0.1727067421125287,0.20500524929648498,0.15427735203858858,0.5406470556476997
117.85000000000001,0.1822793923981667,0.17444436950720577,0.20214072656984236,0.14659755390363735,0.5359030664760966
117.9,0.1747711067903566,0.18056528738240094,0.1981855567614033,0.15362697947085413,0.534252349302171
117.95,0.17129094230144293,0.1798387211042995,0.19528952816992082,0.1591621855776021,0.5412044302704763
118.0,0.16799576339270794,0.17988891868461634,0.1885481970624121,0.16344195511435253,0.5480410689727313
118.05000000000001,0.1717057900472284,0.18440986956934335,0.18079663182584377,0.14881036745073994,0.5652588006991878
118.10000000000001,0.16778068552191489,0.18249011116229996,0.17233979371303748,0.15375235336110796,0.5796346314749816
118.15,0.16750047406624474,0.1832180936901597,0.1679517913414624,0.15420018614196954,0.5856317100468041
118.2,0.1658826558654865,0.18544280079449485,0.16701713291608813,0.15659878565945753,0.5892776149579542
118.25,0.15826485303386467,0.18965038152313096,0.16493561871939993,0.1542508969431445,0.5867823623263887
118.30000000000001,0.1564903379862497,0.19649151376227691,0.16736794232433122,0.14914715430105652,0.5743296571538035
118.35000000000001,0.15572593116943262,0.19994681064589906,0.1803909366904416,0.14187553278338302,0.5796106434666843
118.4,0.15527559189371326,0.2055340493621911,0.1866856653953695,0.1352644060544662,0.5897173856347969
118.45,0.15444614850917085,0.21615577815421136,0.1797925781120411,0.14502042880231628,0.60562941197296
118.5,0.15350764417807047,0.21819225907262854,0.17485788743232364,0.14640876137272635,0.6163620155888629
118.55000000000001,0.15300546735616305,0.22024427889485823,0.17114561289586064,0.1469417256454189,0.62928561043427
118.60000000000001,0.15062591426127656,0.23170797396786857,0.1607355302499154,0.1463857440508617,0.6277126123386199
118.65,0.16058519934170798,0.23438366435699062,0.13981348119399528,0.15209343860694374,0.6297881928826494
118.7,0.17620712303158953,0.23600943957975287,0.12388363091529989,0.1385287412835753,0.634880240352407
118.75,0.18053781123641893,0.2451975313379468,0.10383982283001471,0.14327236844791003,0.6279899157725204
118.80000000000001,0.18390605635149546,0.24257079678738847,0.08224944969535386,0.14492470772052804,0.6500915935751488
118.85000000000001,0.18715856116357513,0.24775543949144474,0.04601345472297887,0.1472376216536971,0.6510318562231255
118.9,0.18644749194810079,0.2555751214590338,0.019050621315266608,0.14585675146381002,0.6629159605809907
118.95,0.18117327328213276,0.24723478229378135,0.012059397431466886,0.12126426564570376,0.6739087146815541
119.0,0.17362689661332512,0.23805511848120206,0.01068994687889263,0.10559129463032806,0.6932310540114839
119.05000000000001,0.1648700459231678,0.23457469105822729,0.01933890608235636,0.1044204710837444,0.6999198604917981
119.10000000000001,0.16120571079084395,0.23482892837167468,0.026104563315843956,0.10870328229607454,0.7094082139780484
119.15,0.16003684332630252,0.2402421704821842,0.03494339143009823,0.0990752587010373,0.7211164867426803
119.2,0.1549764854016135,0.23981101901707372,0.034287139938723,0.08980493343783665,0.7319891276315968
119.25,0.1589588423732466,0.244820165923064,0.03516430388395187,0.08969973951393759,0.7323185794648313
119.30000000000001,0.16689948417908196,0.23965219375397753,0.03892329480215961,0.08043440624862754,0.719535620872303
119.35000000000001,0.17149004955671834,0.2406910937154731,0.052000858441950466,0.090187366054857,0.7103175668318511
119.4,0.16586857403321476,0.2249057757923921,0.08402280788634423,0.09871998649992826,0.7026923530412132
119.45,0.15375794647489854,0.23208923178386648,0.10118412011375424,0.1265367101935361,0.682346834856627
119.5,0.14062607318706083,0.2433471305075296,0.09495389883237032,0.16120088329649898,0.6741865476673667
119.55000000000001,0.13722703969111114,0.2359734445134393,0.08538417069199421,0.18752067989159368,0.6615641594476352
119.60000000000001,0.13221480761049825,0.23092257326802093,0.07936660850404464,0.1972759920027185,0.6472626426469493
119.65,0.12737756968934597,0.2247205003463726,0.08029651849824765,0.19020265165908554,0.6518366789460892
119.7,0.12240687722801817,0.2233522532953859,0.08732081529524507,0.18635969965516658,0.6464841553862896
119.75,0.11518984565042058,0.22755854974974174,0.0955936803289309,0.17899948460174395,0.6457665571358994
119.80000000000001,0.1110219530820233,0.23072356485031995,0.10010633803630763,0.16377414470462243,0.6290540225425548
119.85000000000001,0.10792639830725116,0.2110743008815822,0.1038334204076783,0.14924836943797926,0.6263272772463739
119.9,0.11089094832004202,0.2060407895639194,0.10999260494380389,0.1506595724716979,0.6395541197805434
119.95,0.10949560447173652,0.2123900467419016,0.12025020736625258,0.1497240269311443,0.6494335735018122
120.0,0.10470285687520152,0.20815656814630593,0.12803590195135056,0.1554432235917152,0.6498198237662595
120.05000000000001,0.09858475785948782,0.20157167199700987,0.1298496251187763,0.15357822549659303,0.6323698595925463
120.10000000000001,0.09591340380773003,0.2084112763974689,0.13679082221596037,0.15360005632907425,0.6477982550248421
120.15,0.09172882379734058,0.2133414178693735,0.14055506899782408,0.15546050879506834,0.6374504615735909
120.2,0.08855240486537723,0.2080338088173244,0.14764312239043711,0.1602166796377274,0.6264172590481871
120.25,0.08375705195729886,0.2081416302469514,0.16064446236215038,0.1604682816147841,0.6053133976203838
120.30000000000001,0.08978587980993297,0.20570632577831868,0.1674602404585283,0.18266127975841195,0.5895853557779956
120.35000000000001,0.0986858446392646,0.19298505086415318,0.17298926699656014,0.18692800684569566,0.5875496428441108
120.4,0.10194162791537265,0.18638541380774332,0.18573131024685804,0.20226340655316566,0.5908486796581848
120.45,0.10167477319460318,0.1710164138302989,0.1972671493522817,0.21614239643796382,0.5794044732467504
120.5,0.10282365467983798,0.16303884604513422,0.20080710124139217,0.22235599542863585,0.5641179223070475
120.55000000000001,0.10248841546100022,0.15595429110980136,0.20337874506109935,0.2220037154167641,0.5571522340595264
120.60000000000001,0.10943566925525598,0.15209551908939692,0.20346019635984547,0.2325745916975307,0.5412929369686504
120.65,0.11574573220985086,0.14494503150338,0.19869699352604353,0.23143970044915055,0.5283471520096432
120.7,0.1194168965910084,0.1550594571029788,0.19712204654504092,0.23410261284297293,0.5472434317598796
120.75,0.12054189588485888,0.13922671201074754,0.19834696546642253,0.23649707917673599,0.551717480031441
120.80000000000001,0.12635485221167803,0.14829122870174055,0.19141424397850854,0.23012391200291793,0.5561388328642202
120.85000000000001,0.12517709533167276,0.14403170030210935,0.1838404346690206,0.2336198970184473,0.573577240519045
120.9,0.12231692904727012,0.1512990834089196,0.19569946059982088,0.22485796077079956,0.5876156630692545
120.95,0.12882399153566798,0.1484958089762453,0.2049494510460573,0.22148560800018818,0.602007251952623
121.0,0.1315835732283461,0.14417793030128923,0.2099972605124179,0.21856221664433,0.6169112941503173
121.05000000000001,0.1362286559249137,0.12882392753204677,0.2104980436939688,0.2110553030344799,0.6192205025450221
121.10000000000001,0.14134047469306402,0.1346440573320384,0.2136680298497709,0.2024449159935361,0.615618890082377
121.15,0.14829553998364517,0.12688163810324016,0.21773211219120545,0.20133416763200762,0.6085849860036293
121.2,0.1521704337209069,0.11795578854532461,0.22419314710622543,0.1966995624928277,0.6245656688447695
121.25,0.16362292711128767,0.11085654437161854,0.23063115055097042,0.18898598420242355,0.6411470472415066
121.30000000000001,0.1681685065692605,0.11492373174768393,0.2377206466469912,0.19259347219388145,0.6443944888929981
121.35000000000001,0.1750167867667431,0.11887173992309934,0.24532008183823092,0.1875130527670028,0.6468958770596166
121.4,0.17633379881919523,0.11235852098804396,0.24463859097291996,0.1876880479023458,0.6357146571647507
121.45,0.18257146148082698,0.11387604379071964,0.24749871679060087,0.1919518116361885,0.6378026505969406
121.5,0.1886574673568654,0.11750650905204134,0.2530060941826994,0.18767209984886715,0.64824454233165
121.55000000000001,0.1936455960684344,0.11889303136013553,0.24614852007058818,0.18596551702724173,0.6497328010388295
121.60000000000001,0.20520298357689587,0.1139315550619433,0.24877257848680076,0.19272167912345264,0.6530756468890319
121.65,0.20645362119031008,0.10532049318228481,0.2506231993912844,0.1894726490238383,0.6556232390309413
121.7,0.2135817906249927,0.1034424689837032,0.245689824999151,0.1836523967051946,0.6630775400246351
121.75,0.22395676651928162,0.1045302704159313,0.24522245377109927,0.18597630666121195,0.6713257703348292
121.80000000000001,0.23130581717924042,0.11125591083876314,0.2498144022383782,0.19086510902938073,0.6732576016905911
121.85000000000001,0.2294578140624799,0.11311357489827156,0.2529347091586155,0.18014083646722395,0.6833106297543619
121.9,0.2337033425476857,0.11847417066836663,0.25017096515311643,0.1769818093823811,0.6831874724204023
121.95,0.24238933510540697,0.12817308577122621,0.2484112078350596,0.1718297755610126,0.684399287799193
122.0,0.25075026822750596,0.12381232360716163,0.24828942687443958,0.1680818779537794,0.6848848998413014
122.05000000000001,0.2574296370013539,0.12303146026113773,0.24190222078765625,0.16538588108572064,0.6838902823802733
122.10000000000001,0.25711760969430286,0.11616616209342463,0.23645098687007013,0.1843892006804228,0.6820417786597158
122.15,0.2552428023396905,0.12349456491556916,0.23537625124268896,0.18684483327152426,0.6793900686835204
122.2,0.25704891790698153,0.11369824686599708,0.24646095407350657,0.17700012330882842,0.6937315055520974
122.25,0.2632684438018598,0.11857345284057007,0.24890500099187032,0.18094511879664477,0.6974059566596739
122.30000000000001,0.2706602749070035,0.1159219723392014,0.2491933460973898,0.18413078765966356,0.6949247346076258
122.35000000000001,0.27382181437155767,0.12018598867686393,0.25227354606157015,0.18091511111406555,0.7018283689221182
122.4,0.2718182578576379,0.12025957482604227,0.2575523280968559,0.18118067817963993,0.7125608957014523
122.45,0.2752380613253127,0.12009674454643372,0.2573390179399123,0.18378013860559256,0.717090589232716
122.5,0.27608442725587323,0.1158265992329657,0.252290186350964,0.17866206035534765,0.7118564169648234
122.55000000000001,0.2797175629547885,0.11255306959604254,0.25601168686227255,0.18109888763145282,0.7085214437696608
122.60000000000001,0.2771608185032031,0.1056157050005808,0.25636163593598477,0.17450338918043645,0.7019048121018552
122.65,0.2813383158797856,0.10975221392218461,0.26108783299588384,0.17503430175594897,0.7037006769652282
122.7,0.27104496160048885,0.11559875904218322,0.2748486581966437,0.16602512274920597,0.7147469822754062
122.75,0.26608311275932406,0.11431373666620293,0.2797338095823726,0.1558189765369913,0.727799631318962
122.80000000000001,0.2584896843873567,0.12161846322436003,0.27820937438380544,0.1566912156240201,0.7363298417612285
122.85000000000001,0.2515923232557342,0.12767104811021063,0.26071738697312613,0.1591628442745559,0.7416579948392098
122.9,0.2553896517838165,0.12734565788023824,0.24102804391471055,0.16761280776953016,0.7334960283547787
122.95,0.25640398375742074,0.108364257924145,0.2175318711322907,0.18585860097074092,0.7145306413868884
123.0,0.25565190611471245,0.09038283509212544,0.18845616641853669,0.21027877481186869,0.6934596146105501
123.05000000000001,0.24259341653442354,0.06900537733363474,0.16981976028370283,0.2276699939166796,0.680893473648672
123.10000000000001,0.2274872040254581,0.057784975156677555,0.1600932089516071,0.24362451500818597,0.6688643342602411
123.15,0.216792529733831,0.04643076684859095,0.14509773642432192,0.25541902627221985,0.6748682158475021
123.2,0.21426836728480114,0.03693400082375978,0.12109415517129733,0.2676115886838131,0.67050735514164
123.25,0.2022555793737866,0.02483531307442763,0.11008438184378556,0.2791665051871531,0.6353073376475811
123.30000000000001,0.19958123303486058,0.011205653428953397,0.10671737341109336,0.3002053345232653,0.6228477062404582
123.35000000000001,0.19929217678384575,0.018608654167128487,0.11133720177544876,0.30928574266211756,0.6202599774278889
123.4,0.19331063694751344,0.033133789683911875,0.11345817096557573,0.32202109498935544,0.6129620112304548
123.45,0.18604087223550683,0.025772250737155656,0.11798936803563241,0.32807421212787735,0.6246985432200335
123.5,0.18151613778380732,0.029825111170345305,0.12016036553517916,0.32570196021962433,0.6318376472920603
123.55000000000001,0.18126935618869985,0.03922793659375981,0.1261257020235944,0.32632546626564884,0.6420440844316049
123.60000000000001,0.18411001589965767,0.04008317783595474,0.12659101123350736,0.3131256919341601,0.6507724753661167
123.65,0.18487414576379485,0.034877104064219594,0.1139885666423058,0.3141297444244594,0.656230044979896
123.7,0.1747580201557675,0.0386932877612973,0.09947831964046568,0.3095490246552999,0.6464281294747486
123.75,0.1775646212004096,0.036670578732022,0.08356475999012625,0.31411681587919915,0.6355541926298275
123.80000000000001,0.17762325519227315,0.04990626704801425,0.06785419131356844,0.3338963382315345,0.6330997516496866
123.85000000000001,0.16660795051414581,0.06456411670220358,0.05911924765868752,0.3459775549524664,0.6220289856404776
123.9,0.16023111173979523,0.07796035679512581,0.05047799425717993,0.34951244468369647,0.6053154343185464
123.95,0.15241298654601781,0.07997340589821804,0.04343620399415958,0.35217166005444567,0.592408265494203
124.0,0.1431995633297596,0.08329679821338913,0.03471557224045334,0.36543065162175803,0.5811649938215498
124.05000000000001,0.14629690168177445,0.09783894476830228,0.04483166559385646,0.36688299047115747,0.5718046891867906
124.10000000000001,0.14012979004004544,0.10885106940074743,0.05601330153373368,0.37826045674010716,0.5687388893115393
124.15,0.12746040193069758,0.11016362342918755,0.06170837687377767,0.3709058526569276,0.5544464141084916
124.2,0.1251867957564172,0.117022132017287,0.06472909927894588,0.3692467017644853,0.5488609356097846
124.25,0.1221289565992066,0.11935994711351725,0.07711045035724953,0.3663226073677886,0.5480701724036394
124.30000000000001,0.1095037581748703,0.12489040918407579,0.0845265274599866,0.3776385163528649,0.5473193637798776
124.35000000000001,0.09904349844396575,0.13042464548147742,0.09242974557594198,0.3851035333868076,0.5511302318690181
124.4,0.10131630026655784,0.13506470298366313,0.10507737612328989,0.3913404546005234,0.561453180601638
124.45,0.0974572266684091,0.14369081262862857,0.11687478395548984,0.37689353601608516,0.5605378319494645
124.5,0.0968747648061797,0.1484518883362772,0.12169838313726349,0.38120603974424266,0.5518687769944493
124.55000000000001,0.09367847483230318,0.1530993605127557,0.12860497098258744,0.38489548442091304,0.5449335743894138
124.60000000000001,0.09697715122397582,0.15518404616828943,0.1312167314110068,0.3834554401616486,0.5488576633313385
124.65,0.09520771569983671,0.16007159513053523,0.1349197145211752,0.382642383452581,0.5545845266402336
124.7,0.09214027269490853,0.16441766266813873,0.1399514402882982,0.3795475731472774,0.5491281754096811
124.75,0.08721964400607457,0.16520057621162723,0.14177609071467276,0.38685453714317036,0.5607277250567139
124.80000000000001,0.07497772583037697,0.1661114507763227,0.15259988677369313,0.3814862697933552,0.5679635636142548
124.85000000000001,0.06691343576684675,0.17033843448480232,0.15770481088037333,0.39535451931635374,0.5725417989064291
124.9,0.06561480011211292,0.16971719626207346,0.16548707211696068,0.38690388170142365,0.5682597633695453
124.95,0.05102170749858398,0.16368739545064676,0.17435163677772708,0.3860415693468308,0.5810619760641239
125.0,0.044717956952339315,0.17149434194558263,0.1859960974503454,0.37534353216058425,0.5847788295455444
125.05000000000001,0.04468646629577921,0.17148898381804187,0.1929891689599183,0.38296505192841224,0.5707558245052814
125.10000000000001,0.03800466668554191,0.18207303649158407,0.20139795726448917,0.3793186572648585,0.5644572238958562
125.15,0.02939746591913483,0.18523766674726255,0.20783934954238756,0.38007088919763626,0.5486152197277812
125.2,0.02612716036090924,0.1852732894096288,0.21458607588884543,0.391188101583209,0.5256294229154669
125.25,0.022601962816558508,0.18549665151399988,0.21864104103276552,0.390525420753277,0.5148993755277932
125.30000000000001,0.028021854801553003,0.18989793596352367,0.22736315524573822,0.39370737512992454,0.509792118538566
125.35000000000001,0.025881782329587773,0.1870890823725966,0.24096413283256,0.4017511844236935,0.5301654504500756
125.4,0.015038000328328487,0.19111991586009153,0.24675262153117958,0.3924561599801224,0.5222504655447168
125.45,0.006794195406516788,0.19082938795414214,0.24971399731905303,0.398242520568547,0.530852998491538
125.5,0.011556592248694094,0.20143880437835726,0.2600838825039812,0.3912066030758014,0.5379389344262132
125.55000000000001,0.01836106457769436,0.20721502025378563,0.26393021944322753,0.40565505367920346,0.5224090534877154
125.60000000000001,0.031153186195919735,0.20640908629782218,0.27862264292533806,0.40697066691289097,0.4938831574373039
125.65,0.042150443765190865,0.2019819216458818,0.2887947089512079,0.4051351135304593,0.48711198119152455
125.7,0.05034804117965599,0.20695478666914174,0.2886054795042293,0.41321965141727635,0.4884140494136878
125.75,0.0513098221941781,0.20070835173740725,0.29158525484728737,0.4158851253274986,0.4678675625862617
125.80000000000001,0.062087253486146285,0.2053147248961682,0.29985092319210993,0.4181566492138306,0.45287307839575963
125.85000000000001,0.06618610882669873,0.21536220965765593,0.29890311553721505,0.410858362015922,0.4300285037149855
125.9,0.07489914903446643,0.22933560992699453,0.3052958863275205,0.4197712971016303,0.41546981453097037
125.95,0.0842644638673051,0.23392174934758275,0.3156812621335863,0.436893429585742,0.3860947174077766
126.0,0.0888212308708235,0.2416306174712119,0.31623833800316026,0.45327535626735393,0.36016722083438424
126.05000000000001,0.10181952563940941,0.25336485791619034,0.32534907056448337,0.4618917037362271,0.3570508255447994
126.10000000000001,0.10331350260596066,0.26556964415067047,0.33232892568227734,0.47792283454754075,0.3583636774715304
126.15,0.10959447875711201,0.25915525970325026,0.32818683072240845,0.4750880905240294,0.3637161142651481
126.2,0.11423115928528961,0.2493361102323257,0.33657587034143455,0.45923090444176456,0.3709292005360796
126.25,0.11974525089813927,0.2599471887609685,0.3415650172035317,0.4558266983869984,0.36839374608623804
126.30000000000001,0.11662886221859045,0.24873156061855228,0.34865041219823345,0.45889933441445935,0.3707361818262798
126.35000000000001,0.13065592549600213,0.25369017345258105,0.35375386826183813,0.4591800870647775,0.3629918526532424
126.4,0.13627235724214914,0.2485355246925318,0.35612890561342636,0.47177239762905115,0.3624808146601021
126.45,0.1410081835360715,0.2546320811347511,0.3567398727266957,0.477221900747322,0.365781184312379
126.5,0.13946679710450802,0.25639878835944135,0.35660675377786827,0.48486853492775633,0.36739186796113266
126.55000000000001,0.14960709143309214,0.2560036362572813,0.34196205723299417,0.47897230415086506,0.3836306079242274
126.60000000000001,0.15183717558590917,0.24935199262782726,0.3549804672202531,0.47844872867619814,0.37924284623220206
126.65,0.15427444109076738,0.25582829885637887,0.35962841882029983,0.49825094486745763,0.38846599288258093
126.7,0.15890560010371912,0.24551631314259037,0.358002066204636,0.49543184374680066,0.3911883778310911
126.75,0.1641243576831409,0.2418664338847775,0.3471738457258165,0.4942008030113421,0.4005235842028568
126.80000000000001,0.16923844138154134,0.23900826421320706,0.3465774134455842,0.4844959633240447,0.4053603192229874
126.85000000000001,0.17027757283100456,0.24415518159347704,0.33753210279929785,0.47165497286429514,0.4070204560044599
126.9,0.17757533991032387,0.234587666960273,0.34005780427494225,0.4831436805601919,0.4103810934247928
126.95,0.16246054215059477,0.22720133380813842,0.34449243648671635,0.481056433633856,0.42513965446332086
127.0,0.17551466699222243,0.21019307635897563,0.3359145432309396,0.4783634197617549,0.4412227960690022
127.05000000000001,0.1849496956085361,0.20160317455929797,0.3289782921607627,0.47462631475829986,0.4637686509655756
127.10000000000001,0.17895697807940877,0.1924763164679861,0.3133415312546118,0.4659619202894136,0.4806505889511277
127.15,0.17887832697533274,0.18472497623289305,0.30233689372406936,0.4786935138126812,0.5027776301039901
127.2,0.17609871410833094,0.18376934493225594,0.29379365496811277,0.48175773941598726,0.5174998307974353
127.25,0.17876210305829185,0.1801661100762129,0.2787278756074405,0.47492092219471665,0.5432738181961382
127.30000000000001,0.18115720274360353,0.1791268175602629,0.2602958571150139,0.4755680626642489,0.5450853559151939
127.35000000000001,0.18556228232892075,0.17484057037860176,0.2614742973414359,0.46314111284024495,0.5411015280497997
127.4,0.18747815766424822,0.17322945823226504,0.2525109394220057,0.4530172172677066,0.5409534997766663
127.45,0.187929000533952,0.1639626762375167,0.24658042502778987,0.4475796874292171,0.5425424722461757
127.5,0.17791548376626484,0.16882655459504423,0.24595678946507768,0.44766813443292636,0.5380869207470823
127.55000000000001,0.17866140075826833,0.16992290771571275,0.23851869784771787,0.44028119571247987,0.5351286970817353
127.60000000000001,0.17764463514111375,0.1701514451232192,0.23215197022161582,0.44100497633379215,0.5469547871524332
127.65,0.18260738470941515,0.1635923205058899,0.2173264243806124,0.4451646965451588,0.5713079708963924
127.7,0.17824887549603755,0.1793282545735649,0.2058135225625916,0.4432693840452051,0.5710856374418172
127.75,0.19610804576910482,0.16924755853895437,0.1952514763315453,0.4447498515545994,0.5758043838617286
127.80000000000001,0.18873633448118782,0.17025119248703757,0.1917619446371905,0.44672111992886876,0.5829691477495658
127.85000000000001,0.1897349356733183,0.16280838214530874,0.1901033764690264,0.44461293370978816,0.5835362122910933
127.9,0.18363497977436619,0.15992771737443112,0.19049633151423168,0.4463261946472876,0.5823825470554291
127.95,0.17838511775723045,0.16431758945035022,0.19239298810091982,0.4440212032722111,0.5841889085380846
128.0,0.16206282337638409,0.16494269780261847,0.18437401486782604,0.44797799970800306,0.5944322510249394
128.05,0.1651741890202307,0.16615101905729046,0.1733525084488714,0.44702795792033984,0.603140369563012
128.1,0.17262899503961604,0.16987888775867574,0.16481775719901975,0.46016249009111687,0.6029054572596056
128.15,0.17668511125647904,0.1861029976627437,0.1435364275872668,0.46301391289492394,0.6210877015108008
128.20000000000002,0.18169023912045182,0.190898447885823,0.13621268212686197,0.4783298299865084,0.6396780908001863
128.25,0.17739988249375996,0.18967746271213992,0.13436158361302128,0.4779590185715015,0.6585453333344667
128.3,0.1826930543146132,0.19287136204616706,0.12301897533812252,0.49301087650017855,0.6622726062253714
128.35,0.1687398430180354,0.19127802058371368,0.11787937264904465,0.4921894786815442,0.6570105760492364
128.4,0.16816375289539268,0.17346332343044368,0.1151135180014302,0.48704983019649367,0.6587522513177423
128.45000000000002,0.17054811784993743,0.1689020885824209,0.11090443093063206,0.4811138609171172,0.6478570084595001
128.5,0.1704037826575311,0.16149211269478247,0.10535205544174459,0.4850903945777176,0.6530562795126236
128.55,0.15809910817324344,0.1571283655975065,0.09362078071049404,0.48480398673212466,0.656595594279848
128.6,0.1610168421482772,0.14877938430806448,0.08246535191447411,0.4735278044125092,0.6657160397199533
128.65,0.16996822475476417,0.15427947140092532,0.0694114533050441,0.47055826278355817,0.6605343707182476
128.70000000000002,0.16403381765069466,0.13471243319283505,0.0656468044110122,0.46886700907051504,0.6441354870109487
128.75,0.1503623571292076,0.13158678420618372,0.06099035786508746,0.44969665095077077,0.6538263330988312
128.8,0.1507531647575812,0.12882857022537061,0.0507105571731388,0.4446532180451063,0.6491182325223055
128.85,0.14737306735191888,0.12014741583416569,0.04150569453890543,0.44524991580797524,0.6454605434382313
128.9,0.1484613066233726,0.11573434920293037,0.038911261163398055,0.4213011746492851,0.6446183779078027
128.95000000000002,0.1517820125039755,0.11230023052471892,0.03948957351868665,0.41102485750736756,0.6469725477302057
129.0,0.14371430565954468,0.11756525570708336,0.03807623550161225,0.40648082852042944,0.6453896250107597
129.05,0.1504310292716752,0.10047100346452904,0.03683396241963742,0.4204865437999549,0.6529905958254976
129.1,0.15332099678368188,0.11275645742645077,0.03690014979229121,0.41929953458128477,0.6589452759148153
129.15,0.16243894273479578,0.13696553407292994,0.039158361740048185,0.4103519347727413,0.6538963840823541
129.20000000000002,0.16823197479859403,0.13766022744937245,0.04043097844869062,0.41685317207486733,0.6625459306900711
129.25,0.16914129912927484,0.12459165977058465,0.03769405429314203,0.4213908473401426,0.6589770361955106
129.3,0.17003071395271183,0.1308000963389055,0.03757743353687055,0.40509981129314865,0.6159072667046969
129.35,0.1783301870366004,0.128791300455447,0.04410767493280458,0.3972212056675396,0.6072458016115742
129.4,0.17264880227186613,0.12588406904063565,0.05170377833450378,0.38904943835480416,0.6067962287452242
129.45000000000002,0.1770316956365674,0.11899920453063949,0.05228568234096666,0.3920781586037538,0.5909376069405611
129.5,0.17558600521597797,0.08200614310487726,0.05744247414447778,0.38045386775608137,0.5745013199853889
129.55,0.18162385131866354,0.08838900193488133,0.05766379878915462,0.3668733790478082,0.5677339742886955
129.6,0.1855200388925479,0.08160819989856424,0.06415834354594797,0.3640294594532156,0.5661204715715004
129.65,0.18892637477697535,0.07497623754140653,0.06427032907629246,0.3676274277389738,0.5716519482858758
129.70000000000002,0.1964684342677653,0.07964219362806597,0.07082532794034863,0.35904207254111936,0.5755473312401772
129.75,0.19516161506263202,0.10707785319915922,0.08009210694869541,0.37220323106512676,0.569865538648729
129.8,0.19819840758564752,0.11640755987954098,0.09122908854164312,0.3779922911109737,0.5722227249166776
129.85,0.20507515232228707,0.11840420785642597,0.09948421706855981,0.3824119497648955,0.5727928088995483
129.9,0.20766487131586128,0.11394371824838655,0.10965772624133764,0.37618616300195806,0.5849448651240753
129.95000000000002,0.212243139444271,0.11555326229268373,0.12028227496975791,0.3762272634860158,0.5946311587635529
130.0,0.21912387934447713,0.11323486508409294,0.12939954982991408,0.37874090375515007,0.5892848166134046
130.05,0.22450975790114094,0.11945500030178081,0.12980865325471194,0.3723996533750262,0.5872522130265714
130.1,0.22311712788028745,0.12062472060262058,0.14722933708122043,0.3735729851889258,0.6055603215690157
130.15,0.233960698482928,0.1331823037146269,0.15171403484605178,0.36816298925439134,0.6261634286798052
130.20000000000002,0.23492371873105494,0.1379712109751137,0.16607205418950263,0.35788428804669237,0.6385807156081647
130.25,0.22911672736819244,0.12893232166112342,0.17511634747011237,0.35944197349865337,0.6390386445556514
130.3,0.23219742837702947,0.13439236535204518,0.17867237972564795,0.34388269699512747,0.6271235998245532
130.35,0.23331577883516372,0.14434041331043668,0.18053498554238653,0.35019091766575267,0.6258788378899497
130.4,0.2290682489840593,0.14933727617775605,0.1904665889962733,0.3497638631090946,0.6202060005107465
130.45000000000002,0.23323000876973637,0.1444248722680876,0.19679285993464882,0.3560596523240716,0.6163192900659068
130.5,0.234001808020153,0.1470036420013024,0.21186853911332193,0.35805249244762083,0.6253518143431896
130.55,0.23106570446895522,0.1495322069614265,0.2226077027699154,0.3667174190802703,0.6092280217532886
130.6,0.22808043807726766,0.15481921395201972,0.23476319935827253,0.36756493047882355,0.6088690639874182
130.65,0.2381076740750065,0.1574219091571671,0.2451777596370058,0.36361294049159854,0.595392738636719
130.70000000000002,0.24226301225565325,0.16178249573431555,0.2524374223468277,0.35838806537793905,0.600109911553622
130.75,0.24730057113403575,0.15664767949118955,0.2639294541736346,0.37118714230400746,0.603358337028546
130.8,0.2504352193349426,0.15820717902719303,0.27259041733973216,0.3683069544238575,0.5979813212243369
130.85,0.2547040621530341,0.1598503268058126,0.2800221342599308,0.3791566413139423,0.6041923912924589
130.9,0.2574915400943659,0.162424242268066,0.29030931686080524,0.37161759461615357,0.6125570351035927
130.95000000000002,0.2619838208788607,0.16912368187244534,0.3004964502286268,0.374006798290042,0.6295773910041313
131.0,0.2636467520898456,0.1742163229540259,0.3111090735335649,0.37327287570194734,0.6276310482748787
131.05,0.2575326181367447,0.17585800734277268,0.30996603611045453,0.3832051756334516,0.6179760044361071
131.1,0.26318956684865047,0.16765230282836258,0.3099316867074007,0.38297672918597864,0.6179397073816212
131.15,0.2704671731363398,0.16937948930353688,0.3089954352942698,0.3772397349469832,0.6114694094122582
131.20000000000002,0.2757871457517689,0.17227785768443363,0.30885603169537745,0.3689451524720661,0.6079126822964077
131.25,0.28508326974332704,0.17177948320990336,0.31577677888287575,0.36104710358486336,0.6014412688472696
131.3,0.28965453309128836,0.18121092226616414,0.31582656628667605,0.3601991616724736,0.6083360172235025
131.35,0.2958334654287808,0.19385382792491176,0.31773510320413684,0.352109119721161,0.6121979659766421
131.4,0.29408473202191016,0.18996315728879548,0.3257217759463659,0.3611085463856327,0.6145772372175615
131.45000000000002,0.2908052945677086,0.19732300669231856,0.3265110535644937,0.34780970985860526,0.6230704048910458
131.5,0.28925140148131756,0.19786942046172135,0.328482144976865,0.36222003678997966,0.6264704418343826
131.55,0.2849105531087968,0.19872206685272278,0.32594401381287974,0.3756046407974489,0.635249407393748
131.6,0.2898853988726933,0.19448206291715334,0.32570180224098827,0.3813772455436159,0.645370043077357
131.65,0.2836051744512931,0.19812422404004373,0.31223432877475926,0.38515533685433884,0.6486982274623367
131.70000000000002,0.27921316471852214,0.1968273996933403,0.32561040203565295,0.3989398408112787,0.6363096875707649
131.75,0.27609471538426117,0.20653903551059394,0.34120844692719665,0.4028086300081079,0.6317135802464674
131.8,0.2690759133713247,0.21308003674359444,0.3474728751757567,0.3942570124633118,0.6318676864671011
131.85,0.2677871064804042,0.21834177674984792,0.3502097529040142,0.3946871168521489,0.6383936907496367
131.9,0.26464095460385556,0.21625582213101455,0.3494822626764089,0.40293706202579693,0.641371441369085
131.95000000000002,0.25985104049489477,0.21476052476476148,0.3489927616332027,0.3908948345083533,0.6370095394241583
132.0,0.25855682452174406,0.21243781180063986,0.34829864868182897,0.3986498185262733,0.6438527942648042
132.05,0.25275459722703697,0.21449786622238068,0.3491853737585118,0.39522877000878365,0.63568653526827
132.1,0.2509916191653765,0.2162938101791251,0.3554243837385958,0.3987094726651703,0.6435881070198008
132.15,0.25415044452756846,0.21875676853593418,0.34759237719424035,0.3882602011711539,0.6473575102754352
132.20000000000002,0.2504007753420093,0.21771161238438086,0.34276243294335834,0.38040265242509164,0.6428400951463531
132.25,0.24047613891014463,0.21100595725253288,0.35137593120696864,0.3737937237034957,0.6425069833131662
132.3,0.23347852109744474,0.2099870560462843,0.34191635931149444,0.37381588882756955,0.6460101954858866
132.35,0.22532226274889586,0.1976730069814462,0.3333637107021338,0.36719140291616287,0.6520534620052599
132.4,0.22195846579477327,0.18670778366950286,0.3225063928965894,0.3663023715754281,0.6469344922489423
132.45000000000002,0.2136734080383923,0.18479341606729233,0.307779068917205,0.3531670811382044,0.645653154699141
132.5,0.20296096135023847,0.17787842064037526,0.2925059689125811,0.35459639181367264,0.6410252939750599
132.55,0.19384758581397699,0.1777593750495517,0.30007874141596497,0.32674021612670734,0.61548865022757
132.6,0.186466682952904,0.16913289571821935,0.2829021052346056,0.3134902866152054,0.6133158616844416
132.65,0.17589438180157735,0.16505007225235538,0.28626158802065615,0.3048572269187057,0.6072501627549656
132.70000000000002,0.1638777263055231,0.16154671647086502,0.2716376881866314,0.2955195917538015,0.602038266827763
132.75,0.15800017365519645,0.14197008114162984,0.2712860950283972,0.288913161217098,0.6006475693025037
132.8,0.1595484691443168,0.14445481208574829,0.26136120580615824,0.2856797433294757,0.6037189104554244
132.85,0.15903276388668244,0.14839865169122338,0.2534188498236847,0.27685217884975805,0.6001549028446601
132.9,0.16005884526689151,0.1437112347055612,0.25265793056808045,0.28327443570542904,0.6051764014083139
132.95000000000002,0.15509504958461368,0.14732037384445723,0.24168019693655166,0.281448627004423,0.605981544513009
133.0,0.14809730514653338,0.15290533927969896,0.24094983608546253,0.2630156397118597,0.6005021639303625
133.05,0.14671583344119232,0.1534994051139636,0.24182426482987884,0.2791701036948641,0.5963068877043572
133.1,0.13300781792548877,0.16279870712923078,0.2272702356651646,0.2877146206612542,0.6011561265891993
133.15,0.12899913799752938,0.1671188408617901,0.22878627287823436,0.2876407484574302,0.5861186196605354
133.20000000000002,0.1250859104256439,0.16807342602501152,0.23803264092683207,0.28978386509758824,0.5865681983639226
133.25,0.11366683730480051,0.1721491866741841,0.23944839954390246,0.3058841318100592,0.5986922265143869
133.3,0.10812884197803224,0.18158111133310398,0.2561606532449021,0.30366674505446445,0.6082830996484596
133.35,0.1110421389934063,0.18392577715467207,0.26409033772687845,0.3025871884361677,0.6284843419788654
133.4,0.11474176255924377,0.19854055821553637,0.27446773301587524,0.3170059300318144,0.6407938846114576
133.45000000000002,0.11515078289131837,0.20723731530419864,0.2769125750969469,0.3214516295209765,0.6557156477835193
133.5,0.1190936327314953,0.21329654028398715,0.27318042169620055,0.3331916911127446,0.6627922202619514
133.55,0.12022162488842635,0.21322481004056726,0.27034011742281805,0.33468335483859013,0.6734739937392163
133.6,0.13790610866262681,0.21938665707282984,0.25699974511368834,0.33827701234637964,0.6703885040391167
133.65,0.14495393151636812,0.22239806702761805,0.24489682893851064,0.33411250116173824,0.6697854042762119
133.70000000000002,0.1543141086899787,0.2258624520789421,0.23162826463114905,0.33284014935490225,0.673272034120774
133.75,0.15457184489070383,0.21643205325667592,0.2073827546464582,0.3403644671336912,0.6690581096684344
133.8,0.17068439098326382,0.22761461172373265,0.1827156272116375,0.3379468271258843,0.6491264141972836
133.85,0.17364034635697684,0.24674293668137356,0.17971065883824588,0.34467149504688893,0.6397916627427911
133.9,0.1854939109828429,0.2367178861082174,0.1655497185462986,0.3558909426510068,0.6349655599360268
133.95000000000002,0.1909698097221679,0.23780578982360792,0.16906219984058915,0.349429503206271,0.6286840022331381
134.0,0.18802113530806933,0.24048097595753445,0.15865228655139899,0.3504776907939343,0.6295242932204399
134.05,0.19194977271512317,0.242759377642655,0.15871486969799228,0.3430862757209501,0.628870529288537
134.1,0.20415263123957741,0.24496415996129664,0.17072220956164066,0.34224024763584693,0.633875323455428
134.15,0.20983313114845065,0.23756865348921108,0.1680038881733198,0.33435806363677034,0.6375218275623774
134.20000000000002,0.21021257038916807,0.23667366541006718,0.15925014871616933,0.3256342016504989,0.6451212855795733
134.25,0.21107474704422957,0.23699640584556447,0.16070340604605737,0.3171109597950454,0.634986208670226
134.3,0.21037985321173747,0.2250791567226096,0.1437949128434513,0.3218525639854139,0.637174391754485
134.35,0.21277004699975405,0.22882821437500375,0.12676231157847662,0.31052634943206886,0.6477346420661945
134.4,0.21727035095286634,0.22287780137767624,0.11773183150028674,0.32084433665974516,0.6484311058540504
134.45000000000002,0.21923939940696707,0.21366831987528784,0.12029586529970787,0.3288916736610271,0.6396870711194481
134.5,0.22322859459248381,0.22080246736881176,0.11206776651957186,0.31923250967121714,0.6457768417758573
134.55,0.222505397041686,0.21331277695926107,0.09948596025522556,0.32485126417609195,0.6493377780594913
134.6,0.23675918062624624,0.2154183504709932,0.0964268340722909,0.31584382424369883,0.6464565718951224
134.65,0.24347750079807826,0.21377125973465685,0.08995400124864701,0.3071481296907055,0.6603308228178442
134.70000000000002,0.2531949833354364,0.2261540937463633,0.08455477013214312,0.3076686036605241,0.6595775906395845
134.75,0.2593144835485045,0.23166512512194187,0.07081209037588262,0.3106424838607189,0.6438248538444794
134.8,0.2597953264611547,0.23316480925709748,0.06129169218311498,0.3109903588717451,0.6341390930702377
134.85,0.2621225435396343,0.23508868733486188,0.05035864201571089,0.28905337547143806,0.6118279067511989
134.9,0.2660116358480002,0.21897127948526063,0.04013113507157035,0.3064539364588556,0.6064778419572676
134.95000000000002,0.27601573004841634,0.20106357880370643,0.030742512858073365,0.3096557068490133,0.5988104279959579
135.0,0.27789900345686075,0.18634549696121208,0.02247119319730743,0.30444365857248346,0.5772038258235919
135.05,0.28289765412461165,0.1961267495877388,0.01713926557331393,0.3019840265127465,0.5667107952855042
135.1,0.2934691253701887,0.18669454941526512,0.005345017465805607,0.30182120054049033,0.5463769443290651
135.15,0.2899968016455096,0.16929214914163573,0.0016116780117016373,0.3075666366843413,0.5387100695114088
135.20000000000002,0.292201155263794,0.17618675289582755,0.007534824373504199,0.2982652029269231,0.5248601082602906
135.25,0.30132237753448937,0.18950860185152738,0.013104179308019756,0.3125161965405667,0.5210268566439036
135.3,0.30819556478079907,0.17736161218482366,0.021680553675255006,0.3042611160331266,0.516172012902751
135.35,0.3122317059892198,0.17386600765425567,0.020935507810543767,0.3058481111903451,0.5161943322155046
135.4,0.307642868876229,0.1706314563867745,0.03144134993900667,0.3010150297219408,0.5261543420234682
135.45000000000002,0.3088660812215673,0.16695612811812346,0.036626475814960965,0.30649677348690385,0.5213302304912754
135.5,0.31836578953032924,0.1740512817258667,0.04047841253458095,0.3080569266817598,0.5260448113811812
135.55,0.3241780899918893,0.16729523799091428,0.05128984138364828,0.3041656831440363,0.5368287961564173
135.6,0.3255977296063547,0.1814310949583377,0.06795964655863933,0.29309164499201656,0.5155542210351224
135.65,0.33186147709340447,0.17996712455067007,0.07415617790912832,0.29599828664308847,0.5002954090934812
135.70000000000002,0.3376830056527001,0.15458315770031106,0.08841637993266516,0.27115441661345796,0.4782132618801188
135.75,0.3403926092825454,0.12832696007689548,0.10361156043928037,0.2596073335504743,0.46477505934087354
135.8,0.33921990360219917,0.12823679465439805,0.11731595599538688,0.22833680430327916,0.45396398805935656
135.85,0.34071943160613344,0.11178592579578503,0.125473912769229,0.21265468913596935,0.4540925925180963
135.9,0.3416785811298767,0.10389190956858324,0.13836316533846205,0.21437229331993973,0.4553050426297353
135.95000000000002,0.3472716337906046,0.11108983693344203,0.1501898591509306,0.2058215350254826,0.4521849745020959
136.0,0.3487193404515589,0.1091434845731027,0.15866002927684625,0.19897057117166497,0.4487911565768457
136.05,0.3466910457377654,0.08177187657591026,0.1685674594701283,0.19592910616974832,0.45019327844788387
136.1,0.3370434513462689,0.0625863773969616,0.18874609896990216,0.1803822076132509,0.45555398001471176
136.15,0.3322066262324736,0.06536741197741751,0.20551247955724536,0.17438220458580658,0.43479088592949755
136.20000000000002,0.3355356560358134,0.0651797344616214,0.22182108579236198,0.1872798032049024,0.4135663949368671
136.25,0.3362707430817303,0.0627927271892107,0.2304828268705372,0.19456206896041614,0.4110821343175777
136.3,0.3327283662021966,0.06566466684775639,0.233847479515064,0.19308160612632425,0.4031678237732017
136.35,0.33685935697966496,0.07020387349013453,0.2355406567396889,0.18927454107405567,0.40216724353757527
136.4,0.34003945753565423,0.0808310013536603,0.2353464516383555,0.18226780040799068,0.4119045490780944
136.45000000000002,0.34370790754500774,0.0857549959206795,0.22794033958722196,0.17370210952162926,0.39506582498220455
136.5,0.3393604111660606,0.08942904274882998,0.22166062201521422,0.17992615717384444,0.38982046247330504
136.55,0.32737325621550295,0.0964966633995842,0.2105807107448181,0.1797711077013669,0.38415935997537926
136.6,0.3295336700876747,0.10438606107896169,0.20252028824154622,0.18640543582439267,0.38544510858870495
136.65,0.32730373879279223,0.12613953838206854,0.19063374647725606,0.19615689988897045,0.3866868034858396
136.70000000000002,0.3218127041861442,0.14584763148497526,0.19034046614449332,0.20680734045009672,0.39682129677846556
136.75,0.32093156010327784,0.15994574986785395,0.19765484103781694,0.2023998273622608,0.4073931890201384
136.8,0.31736253089551925,0.1681909320705499,0.19228553993890332,0.2193249169857627,0.4088819025444774
136.85,0.3194424385406758,0.17263448250960642,0.17442037755467837,0.23956604197264816,0.4053221176855667
136.9,0.3194590994346468,0.20440764425513622,0.16081087118142529,0.2345471579970591,0.40932793663476635
136.95000000000002,0.3004939016397602,0.19742233193653577,0.14920255046366823,0.23868216407889362,0.4121286860581974
137.0,0.29282468266236555,0.18915281100011813,0.12729505301456365,0.25925011612361176,0.41800564445467636
137.05,0.2841663102078584,0.20039566693280006,0.11913153994788192,0.2495134293372203,0.4351110407740172
137.1,0.27565446617700995,0.20272253252520214,0.12509431400373383,0.2501025042979729,0.44437998779368826
137.15,0.27268662667095656,0.2022143494568326,0.13435101589602727,0.2393678784293249,0.45932426344107624
137.20000000000002,0.2619029828206636,0.20264166229377273,0.14037879839133668,0.24255170969076015,0.4611483113700786
137.25,0.26167458959069445,0.19227332206224435,0.15181229102415536,0.23978584252331014,0.4509655323313025
137.3,0.26227666719072446,0.17749543518739183,0.16233414605616614,0.2263777737044587,0.4465216940576858
137.35,0.25555624630740187,0.16460823269739458,0.15877004432304684,0.23428073703256605,0.4410569815490658
137.4,0.2546378690559759,0.17068477103680477,0.1623548955276619,0.21611589828345668,0.4308539790209508
137.45000000000002,0.24851330005502476,0.15940929379902696,0.16544100211281196,0.22147156246182656,0.4371437447091558
137.5,0.2457805899652051,0.15592917684523794,0.1569569736886816,0.21996322122972167,0.42514426730375704
137.55,0.23834500099028544,0.16407093581397436,0.1472166049047655,0.22244523195352098,0.42634529460016635
137.6,0.23181459340114174,0.16236111934948588,0.14593732945426874,0.2247372561469929,0.4312925661779835
137.65,0.2293198645162906,0.16232004201130093,0.14671074015700086,0.22809929436640441,0.4325785725394768
137.70000000000002,0.21823388778433178,0.1530512572140076,0.1491670644074024,0.22013738988359666,0.42809789980634466
137.75,0.21314301460094542,0.15526009601375354,0.1581568161997726,0.2239558402640256,0.42975372164719206
137.8,0.21384519537655777,0.1632151938239303,0.16334435007074155,0.2245731877617528,0.4296478463337537
137.85,0.20050369288840053,0.15929001957038505,0.15545361140415756,0.21867596553680738,0.43233740969059853
137.9,0.19061031943977552,0.16159224270373632,0.1514225613489164,0.21630668808295436,0.4334018013435907
137.95000000000002,0.18616890340782397,0.16082302854435068,0.16190450562506553,0.2136799810435542,0.4451591367190932
138.0,0.19061269909642714,0.16346653340968845,0.1525109013546808,0.21374092087374402,0.44745511013417916
138.05,0.17980374677236913,0.15676507771129838,0.15315864750430722,0.21162810876803925,0.46047743850909384
138.1,0.1724226945045268,0.14820027938999436,0.15853951325103363,0.20679086690346846,0.46599162255993437
138.15,0.1670104820401894,0.13846609001773508,0.16752515839614737,0.2095713731813036,0.46530431466516214
138.20000000000002,0.16625995790660153,0.13111873411586766,0.18686795001374285,0.21005374592088544,0.467487079679467
138.25,0.16289690182611935,0.13238287925807274,0.18194241713250314,0.22183121994926291,0.46267618933032134
138.3,0.16118975707886254,0.1291034290776307,0.18158436947139164,0.21121624172889214,0.4568562282515414
138.35,0.153163160402751,0.1207555257645093,0.1787017661053881,0.19830737137823687,0.4586833633748751
138.4,0.14477279088416636,0.11571492761787605,0.1789050434504799,0.17774194604845914,0.46481600649194704
138.45000000000002,0.1396529843083664,0.103209286116941,0.18242527916575205,0.18481715208885954,0.4658746215924092
138.5,0.13414066636207977,0.10349747641584178,0.18286698353351366,0.16480288973975216,0.46848041850889677
138.55,0.12295839584681036,0.10193900861230594,0.1775315976310818,0.16648815370145206,0.46728588898698514
138.6,0.11910891455670874,0.10040531693539449,0.18005831678912113,0.1768324305929822,0.4849165033307866
138.65,0.11447292674292585,0.10110435810503159,0.18010810415062498,0.1828101133307787,0.4923402010893915
138.70000000000002,0.11053118179365072,0.1026148128042655,0.16984575978694563,0.18242051277767446,0.5047210146774129
138.75,0.10734826002380411,0.0932580178160243,0.175985621312111,0.17550038295589104,0.506341797850368
138.8,0.10874928761423751,0.08739880250261942,0.17452655265511263,0.16123172862248417,0.509363317065473
138.85,0.11112947503964565,0.08194237490448958,0.18038235679287445,0.14941649402536222,0.519791643521242
138.9,0.12326782249627756,0.07921400435107394,0.1931916911948397,0.14221122816256546,0.5216571901489024
138.95000000000002,0.12211925595705372,0.07483616862496191,0.19510665885153117,0.14149908234667216,0.5222496388053612
139.0,0.12441625760793017,0.07357637176892116,0.19827628953562088,0.14384882263074986,0.5107909185352061
139.05,0.13061927483767316,0.07626422326771638,0.20030704002461303,0.14220700078695037,0.49459117228365285
139.1,0.12907690337179714,0.06960100272943427,0.19560495363359467,0.13654093225641145,0.4851795500907872
139.15,0.13333064282595197,0.06453001872846292,0.19670871527822306,0.1350306954252324,0.4906002562068889
139.20000000000002,0.12970699880953443,0.053134685375124856,0.19850464040495788,0.13097541004361674,0.5001347669020167
139.25,0.13117263317884012,0.04048110332127259,0.20139762389610785,0.1297313580405571,0.5013615176558354
139.3,0.12766782875693916,0.04425287213077639,0.20831442271045278,0.10937467700700935,0.5057461082089072
139.35,0.1280895679757353,0.049591179434717116,0.20743633564777825,0.11929884031128728,0.5014821097795114
139.4,0.13404595680965767,0.05377395023490721,0.21519966425848408,0.12132112593800454,0.514250259407729
139.45000000000002,0.14072946867189068,0.06204989514133604,0.21375283116652222,0.1297842956356577,0.5268545969795656
139.5,0.1496274786323118,0.05644075837272232,0.2138742296033159,0.13551404979106715,0.5298615683276946
139.55,0.15391467275166576,0.05489753138938406,0.2265480080954521,0.14208859238270397,0.5217350474795548
139.6,0.161251547700421,0.061516881227566496,0.23104825033209025,0.13045390479370544,0.5286193047297317
139.65,0.1677712721275022,0.059821400334523905,0.24003603572167503,0.14201922450649104,0.533183363120214
139.70000000000002,0.17122171342061152,0.0696508617787446,0.24767320717675767,0.14133019961661397,0.5233435485001545
139.75,0.17322839232881598,0.0709182278354462,0.24468685125029327,0.1355677129280155,0.522427277519612
139.8,0.17535135698957843,0.08105055356816236,0.24646522442979787,0.14557096648237364,0.5197884955724823
139.85,0.1798382320899168,0.07749164983014563,0.25133404914787255,0.15465928384123434,0.5319490878094149
139.9,0.1877833280663477,0.08223802638880434,0.25573919026845576,0.15147872772222176,0.5232491411946765
139.95000000000002,0.1915974140063244,0.08241244722263885,0.26419806438078924,0.15939764567150175,0.5272051474330599
140.0,0.19869782843021055,0.09586827722404423,0.2716295593225969,0.18229224566835744,0.5102586519743801
140.05,0.19755011827849872,0.09958342721141994,0.28799558883921333,0.18179373305109842,0.5155480603631846
140.1,0.20558246945731073,0.10612172055764627,0.3041570589029162,0.17618051685526254,0.5018650499988897
140.15,0.21081515786732336,0.10582389774149521,0.31041781934120755,0.19755112584870524,0.4917745599152398
140.20000000000002,0.21924145396328545,0.10995190093327244,0.30886548445009965,0.20147345973490452,0.4838123263587267
140.25,0.22815179794017373,0.11334498054467042,0.31436902188863836,0.2028743679650773,0.4799348224285231
140.3,0.23533714170816963,0.11982084308576771,0.2997192499025512,0.22461475958857907,0.4680740083777551
140.35,0.24455048545235775,0.12667589412650695,0.3016291405426483,0.2184762940628204,0.4592708974759746
140.4,0.2534114565450673,0.11847697343136666,0.29321374173466375,0.22208175222245677,0.45615773351784
140.45000000000002,0.26052264780707,0.11396824727967118,0.2966225031584108,0.22056498588825788,0.45660503870668356
140.5,0.27459154881893943,0.11795450235423106,0.29211819976247205,0.22953182923161303,0.45207322176366693
140.55,0.27946415732803315,0.130221897515855,0.2828674803186824,0.22160062067506384,0.4539737032870081
140.6,0.2875916485235019,0.1267581408376628,0.2792595108840492,0.2298221311372602,0.46415048336674736
140.65,0.29939926345714524,0.12572748413929222,0.27153620454044297,0.22786415202588522,0.4679885285799074
140.70000000000002,0.3008376167086947,0.12354883111271622,0.26094921882125094,0.2380224018032551,0.4691977462608147
140.75,0.3115713742716563,0.12806761415611764,0.2493298492279646,0.23497986664737655,0.4795866735783382
140.8,0.31834689237662905,0.1326954102147193,0.24817043026860544,0.23415908815467426,0.49427368367857255
140.85,0.31994125904587556,0.13207189511460532,0.2338510292225779,0.2335001381598926,0.4895977115904181
140.9,0.3212536110789395,0.13239054430115124,0.2256241538896844,0.22824283630485165,0.4997285260425949
140.95000000000002,0.31975749271075143,0.1357019470538427,0.21855619336052654,0.22260242141791967,0.5019582726196492
141.0,0.3224938682411865,0.1429566310090079,0.21243228672783004,0.21089406657813814,0.5071483029670617
141.05,0.3209700797074348,0.14385928175074666,0.20755787556516864,0.22080078871823697,0.5072060382139298
141.1,0.33150919577929927,0.15289631348278865,0.20151049013179737,0.23238828442793802,0.5064909990614231
141.15,0.32579413005498786,0.18058187682690288,0.19033126713308943,0.25044513797940465,0.5101381512161164
141.20000000000002,0.3329641144505536,0.1893225459850366,0.18957151890408575,0.25646988608913934,0.5163875900139331
141.25,0.3348191134103489,0.17852035965160787,0.17649973550420409,0.2598015214311642,0.5217346873202889
141.3,0.3315528683449814,0.16892129065520908,0.19054144598962944,0.25548573383097845,0.5110397792160571
141.35,0.3342554958858458,0.16410954078466605,0.1816817452970942,0.2433913775532461,0.521410652541358
141.4,0.3315871442975929,0.16959143993075096,0.18198596093915467,0.23983543063683896,0.5164124971637716
141.45000000000002,0.3354059551449271,0.15974785845014083,0.1755210286736202,0.24622176356359435,0.5130172266907759
141.5,0.33538829851654334,0.16187148003047985,0.17149682902591032,0.2511485347416503,0.5083585019345443
141.55,0.3319152687636765,0.15121313970915612,0.17045359720203707,0.25336269670009004,0.5095414344624103
141.6,0.3317591215110601,0.12962413681379598,0.16573421438603156,0.24855635148807106,0.5071364117392603
141.65,0.32879678925932004,0.12062208615638488,0.15915291421394523,0.24046199882648497,0.5122146707735417
141.70000000000002,0.32654820989129657,0.1264889093551858,0.1558876434383188,0.24086214009259496,0.5173106370988378
141.75,0.32184622236964283,0.12345932470174643,0.15912594610651198,0.23234321010392686,0.5208799127938554
141.8,0.32147249334572503,0.0983269469380449,0.1723299430300014,0.22249875141461045,0.5286154689019383
141.85,0.3133191722802317,0.0831358671078018,0.17738360814909085,0.2019021938559325,0.535587307181415
141.9,0.3190072559506706,0.07257223497427293,0.17357274329637487,0.1985499067180299,0.5412057170373121
141.95000000000002,0.3048491794290595,0.06998550503524491,0.15759209505644176,0.1964905046335913,0.5459679861828481
142.0,0.2998356013483859,0.05723698104023925,0.14976199486336284,0.17595873356656608,0.5481235408044608
142.05,0.29630967441848327,0.0593793315362161,0.13710918133171193,0.17149582027797142,0.5471991625853984
142.1,0.2941143322386662,0.06362899230448991,0.127495277414388,0.16697468903941676,0.5279912594582495
142.15,0.2877398391542634,0.0875307963036944,0.11489523411555294,0.17244294241989933,0.4975883825867776
142.20000000000002,0.2728495948003352,0.09404043775068728,0.10979331676712224,0.195172461555533,0.4694594224794777
142.25,0.25900810634346894,0.10630671163526371,0.10957208213314588,0.19752974108033894,0.45664422710851527
142.3,0.24376056420046763,0.11616041298290507,0.112484655856292,0.1776257526382499,0.4641891092151385
142.35,0.22535018777618682,0.11673304567947786,0.11148618797200938,0.1694039714502152,0.4674190385293253
142.4,0.2114971029740512,0.10506300830235636,0.1088569082595535,0.1711044126893242,0.4779917604769997
142.45000000000002,0.2226057062397111,0.09869441202245278,0.10807601158631817,0.18121437726135767,0.48066040064274873
142.5,0.21612148727463107,0.10544619994881427,0.11754021015217386,0.1923042541265825,0.4850681245174883
142.55,0.2150819938759928,0.11076826737741681,0.11662222830370586,0.2124869301167756,0.49388156116815657
142.6,0.2146055003117964,0.1137577522216166,0.11580408837673441,0.20884286934947688,0.4938914089022873
142.65,0.2088718278396379,0.1155014579579326,0.11741984270175496,0.20615106590383936,0.5065819159860441
142.70000000000002,0.2105647002749717,0.12587454686450178,0.11956009605910146,0.17751539430951158,0.5060378169042954
142.75,0.18817928532772604,0.11947262983462444,0.1123930603356492,0.15959253780371488,0.5052454661524888
142.8,0.17825014629028987,0.1094817403862147,0.09902293044854119,0.12691230438583012,0.506810092208075
142.85,0.15984719882544293,0.10569467277620401,0.08216862028344273,0.12188719988917292,0.5080160246684291
142.9,0.14780327634473492,0.10879267764184977,0.0668391813255972,0.10698966390325236,0.5028348013611336
142.95000000000002,0.1416197464413575,0.09159041797150472,0.05631899860947174,0.11336485184583173,0.5007906703071731
143.0,0.13361577540341546,0.09314698893514319,0.045691392235182086,0.09560863380733224,0.49012678684825256
143.05,0.12427370443863683,0.0986295183006619,0.038134517812861826,0.09690967601042347,0.4804650715714881
143.1,0.11399106782408894,0.09782535197756927,0.029369300472810066,0.1120684712015276,0.48574031680367274
143.15,0.09873588472128246,0.09895805284202798,0.019521417035783115,0.09251461743748142,0.47839850295338754
143.20000000000002,0.09292886632474538,0.10207772359414144,0.01938915392799207,0.08381297195568421,0.4658348983118529
143.25,0.08023385037740857,0.10175670670844586,0.021544050132533098,0.08315480007212762,0.46744226711327536
143.3,0.08245820611292785,0.08463952469836196,0.0314830896166282,0.08708387368346816,0.4680477096302678
143.35,0.07356339944049832,0.08295898923746825,0.039341913382734434,0.08557501555631596,0.4641687082118645
143.4,0.0676029743927598,0.07431844323293237,0.05286592723978124,0.0887409772613551,0.45077340468940724
143.45000000000002,0.0654445629992706,0.07341744339003253,0.05933326388563081,0.09484750805692793,0.4454093762890764
143.5,0.060229427250711155,0.0658044660865007,0.06546304417286147,0.10350305358242891,0.4414320543133336
143.55,0.05039676347126824,0.05679697632461802,0.07985296945691207,0.08741219662265091,0.44084999943810554
143.6,0.053124423856199324,0.06379293862529715,0.09489335234900165,0.0824132216681679,0.4483642649523613
143.65,0.054193726377747865,0.06466272944572443,0.10483271877858537,0.07984681897721048,0.4410534035923811
143.70000000000002,0.05369609022784523,0.05745103079036464,0.11279823932738223,0.07741790700074713,0.42871177090088713
143.75,0.0574014511245638,0.06100307885579782,0.12372021733974825,0.08017271953670015,0.42973610084626557
143.8,0.055625415721189064,0.06577761842793507,0.13915499183039312,0.07825310986564916,0.4395108494624217
143.85,0.05230846310193093,0.0729126312486604,0.1536230630829139,0.08527644392202449,0.42908793147733365
143.9,0.05741278451612257,0.0635189912083028,0.1626458539442113,0.09263067424224077,0.42295150844731616
143.95000000000002,0.05862525038241568,0.047894878756889074,0.17378977943043594,0.10274668792990539,0.4050491642578725
144.0,0.05999415779289297,0.06231970230234897,0.18210520173989983,0.0980870498376684,0.42581368051975976
144.05,0.06710992075896527,0.07026427932347541,0.1880036481065815,0.10356696571970125,0.4137454699705727
144.1,0.07217144503607745,0.07132802585250683,0.19336313493449422,0.10664637862987221,0.39928751572597665
144.15,0.07120409672705641,0.07637759985633977,0.19958880409256252,0.09713231178362576,0.397261599344334
144.20000000000002,0.08150026765542313,0.0744332192423614,0.20717653446672013,0.09760742679854366,0.3995086648378812
144.25,0.09293331223270926,0.07113382899230236,0.2210451982725345,0.09577734166671911,0.38971431219126346
144.3,0.10341494151844213,0.06083413288817411,0.23252911112400118,0.09613437246446002,0.3716440804164699
144.35,0.1119818209973105,0.06257193339125805,0.2375177395144324,0.10659795369742579,0.35172997096680997
144.4,0.1329824206006579,0.04263741319032582,0.24803442341209467,0.1030058143761747,0.33786358365511643
144.45000000000002,0.15597310029651182,0.028850972281624292,0.2584079890805168,0.10375945875463964,0.3311330726545209
144.5,0.16965097138437055,0.02823121233323813,0.26687521383607565,0.11476774970182936,0.33310508596281685
144.55,0.18030506416108913,0.02976962132843563,0.2780565838458823,0.10587421276863188,0.29387220485260124
144.6,0.185713477188223,0.03799921152014224,0.28364633033197295,0.09957775468224236,0.278809983106915
144.65,0.1987209506117727,0.04384983055954979,0.29823957256691147,0.10586467307017837,0.24237963265794726
144.70000000000002,0.2055208687674432,0.04991435598746424,0.30627239298566394,0.11764295184289206,0.19172426522058722
144.75,0.2129458746193866,0.047869335742635404,0.312186093439113,0.12344622846007368,0.15378250061123666
144.8,0.22663781902760827,0.05753330777033283,0.3186343032090892,0.14140804409545335,0.13512520086109805
144.85,0.22993568098129497,0.04938478411121372,0.3220973256091057,0.1393629358743434,0.12760748334839256
144.9,0.2306564729193819,0.05867360417576387,0.3317852957007519,0.13523451732521163,0.1274766609540455
144.95000000000002,0.23210357906245876,0.06445632625196847,0.3389025089579293,0.13455411552894236,0.11766768605886914
145.0,0.2360070502299442,0.06385478610374644,0.35350513101404724,0.13023153845611402,0.12629968384206597
145.05,0.2442416658818655,0.06519299213951105,0.35397182952921347,0.15038684063905428,0.13777622780676949
145.1,0.24227383882027284,0.06439322744090445,0.35845355013308555,0.16513564697769478,0.15088869734046542
145.15,0.2505560125677495,0.06312229391842887,0.36548907181717544,0.17529332691000737,0.15545081338109243
145.20000000000002,0.25767269395480463,0.06988949357308563,0.3729051160780819,0.18071169751714486,0.15866450272923732
145.25,0.26391539221588356,0.06590918522998859,0.3736345632155318,0.19009634341426482,0.1610107267567107
145.3,0.267342152103987,0.060167953611223464,0.37703044329211166,0.1968020609652946,0.1731995189587271
145.35,0.274313902601061,0.07871004379426357,0.3849392910659052,0.1932509399526092,0.1845114701628681
145.4,0.27742483187612305,0.0831684989675059,0.38793849689116694,0.19819642698929082,0.17288720923124407
145.45000000000002,0.2797880330347039,0.09420867866794853,0.39139785727603027,0.2106794163498151,0.1689826842390608
145.5,0.2930558829331813,0.10384028554395017,0.3962709406222984,0.2219711999761703,0.16982397970619892
145.55,0.29978198071891266,0.11828196494319214,0.3956802646773228,0.21836275982877584,0.18443027329890455
145.6,0.30926534784626314,0.1076059414853259,0.3832692710217482,0.23296590667042205,0.17362819519464145
145.65,0.3101412705019431,0.11778639955796809,0.37830875969969563,0.23634191632799872,0.18870256334470825
145.70000000000002,0.31443436522118423,0.11325776975554684,0.37312468957761746,0.25101041259599494,0.19225397861996524
145.75,0.3144271366607571,0.12125061127610474,0.3739538725498824,0.23275347033598123,0.1972414308725384
145.8,0.32305319048587,0.13335479309567394,0.35492469661480824,0.24242434202189395,0.21206440295931142
145.85,0.32362628878112676,0.13839114031703592,0.3504718474046836,0.24421814598437377,0.20481825548754495
145.9,0.3262435182508351,0.14173024739829684,0.3446100096807397,0.23633546875446373,0.21853489663336645
145.95000000000002,0.3331734698514869,0.14399970652288552,0.33373127348877357,0.2395300224477961,0.23223467069504244
146.0,0.3239347664773609,0.13869463456365813,0.3261867061541332,0.24419082840817413,0.23746712685671612
146.05,0.32303857195424396,0.13630623830259248,0.3075098695322502,0.256027950203752,0.2491552101358601
146.1,0.3050771147586047,0.1419490606281051,0.2974725881143876,0.25194453714001547,0.2581777149736563
146.15,0.3014824048863931,0.14041400505724974,0.29992378121970603,0.2514472359758579,0.26893520143308386
146.20000000000002,0.29288430949625194,0.144760196313169,0.2842967498667894,0.2552009225467882,0.27794261360677414
146.25,0.2891975550316841,0.1469261000901707,0.28306221815153654,0.2515171659947349,0.28447548235714143
146.3,0.28592585551055816,0.14902729801402767,0.2658875840560586,0.26462763617805757,0.29181757681092113
146.35,0.283873936188847,0.15008164072502053,0.2575692842884581,0.2659472393890588,0.31050316854878995
146.4,0.2724674825969048,0.15755204341833576,0.24676030001540103,0.2676790425335136,0.3220947017895068
146.45000000000002,0.2711685321667035,0.15934911967968063,0.24555041242677322,0.26295555464206755,0.3235580480906744
146.5,0.2773141295303273,0.16342608386526236,0.24329343361946829,0.25308244118236295,0.3101565613703803
146.55,0.2814431558977956,0.16100784960336945,0.23700232915452144,0.25938554567514355,0.30550608512182703
146.6,0.28306911180419814,0.17061054911552836,0.21602963455050525,0.26939142177113873,0.31595772918584786
146.65,0.2858732451331424,0.17988507504265927,0.20913080004380497,0.2666003721713941,0.3487340714207748
146.70000000000002,0.30183832113214853,0.17742212754279804,0.19796684651106056,0.2710705465643014,0.3700870981110496
146.75,0.2994934212009702,0.18937610415561587,0.19462413980438248,0.2761651411413456,0.40089892332512084
146.8,0.2922088044940847,0.19158035642219076,0.1993076206950971,0.2770918322760419,0.416032223785714
146.85,0.2921177234179673,0.1792136851000271,0.19647250315995823,0.2699475015193441,0.426209329103718
146.9,0.29715455174454536,0.18662417474782958,0.1918430763371866,0.268881783510343,0.4270390059092255
146.95000000000002,0.2895056298199916,0.19053680087700336,0.1836949466444709,0.2717549635555091,0.424452914495019
147.0,0.2810899531382479,0.18273350790208576,0.1921857118023635,0.2821335556092446,0.4457476011316335
147.05,0.2843496650665811,0.1827688714170359,0.20442464081428396,0.2824773691760768,0.4597102611872044
147.1,0.29472254644401885,0.17496313682813283,0.21053729381447686,0.27487181456597476,0.46654393745249373
147.15,0.29323133449368766,0.1581883108092337,0.21862885002319585,0.26870836219187255,0.4539898218043404
147.20000000000002,0.2847924453644515,0.1440545342754989,0.20222838862919468,0.25863394601933987,0.4308101275279734
147.25,0.26684810825735433,0.15492753976159115,0.1968513109657437,0.25338998865398604,0.4035524648499304
147.3,0.2509299028138002,0.1518882190353425,0.19360885030064937,0.26418307700792765,0.3888052224888291
147.35,0.24335710563029167,0.15067026419819227,0.19016455516263828,0.26159876534439985,0.3964568072645525
147.4,0.24296493351377124,0.1619964275475598,0.17469605888176773,0.2585663301932851,0.40330728919439546
147.45000000000002,0.2319374483665725,0.18171380113671073,0.1505699822108627,0.2801535948214848,0.41896621981852894
147.5,0.2292487738177673,0.19035971113857378,0.12795987382678622,0.28965498214412116,0.429782744645795
147.55,0.22230882635080307,0.19002278836089095,0.11849496719822836,0.30224578650221373,0.46139454154479687
147.6,0.22977176170798266,0.1881645434116429,0.09432257491974941,0.3131204489465249,0.5044503357544419
147.65,0.2349799931369836,0.20928971256663165,0.07313936521500615,0.3320615700768525,0.5500012671562015
147.70000000000002,0.24524473328394247,0.22560583325844588,0.06950047345118576,0.336929406367009,0.5684246284123887
147.75,0.24733664455778417,0.24456627234352724,0.07250774970561907,0.36067949486228446,0.5692309925113131
147.8,0.2527202895298099,0.2674822144183232,0.084558146744741,0.3802648914548596,0.5655983933705742
147.85,0.2585075933103239,0.2819824481400422,0.09697163724192535,0.39146253761932637,0.5486949765495895
147.9,0.24136875251315157,0.2996609813396517,0.10005326132975301,0.40416854267546765,0.5545042579501664
147.95000000000002,0.23714823754728037,0.3008121728405576,0.09342698513642472,0.40347298082462923,0.5381295504628172
148.0,0.23088049484632808,0.30106756297468995,0.09616311066391274,0.4087959594641078,0.5235640019297644
148.05,0.22244101861171195,0.30084114786851207,0.1083357507677227,0.4036579260923586,0.5289928699395313
148.1,0.19595470269256773,0.3018219877338832,0.12500288497998485,0.3984574673574747,0.5244843612899308
148.15,0.17818468629259138,0.2966617772508772,0.12851611293951842,0.4130342467858504,0.49948623545270365
148.20000000000002,0.18259316617233712,0.299008603007197,0.123379170713062,0.4178149979318596,0.5032881423267411
148.25,0.16824627471765013,0.3007092067532612,0.12486633265095402,0.4084341981985457,0.49068544793294455
148.3,0.17354473358454653,0.28365382474371326,0.12949473847806883,0.39502172529441815,0.4933964368688915
148.35,0.17622010451250197,0.2823345065150939,0.13705391492078023,0.39860270856591956,0.48878232140780864
148.4,0.18001238382688473,0.2692585671540395,0.15326821259448348,0.37964643004083737,0.46971539409754526
148.45000000000002,0.1696286642628275,0.26383425602192745,0.16790797735294866,0.37138902265942886,0.459122006342615
148.5,0.16993720892207373,0.2607748327582862,0.171503032606147,0.38922971260257105,0.47098154700358696
148.55,0.16547736871878724,0.2659489770513073,0.1812167651232685,0.3985689159406518,0.46076427778142615
148.6,0.17566713410027054,0.2685850524505391,0.19058741223162942,0.39799498924809545,0.45295906063375024
148.65,0.17857808661183114,0.2780058036703615,0.18625963194512862,0.4017832653523692,0.47177433683527764
148.70000000000002,0.19156084355735886,0.2869530639596863,0.18381518625689527,0.3935240514769572,0.4692296136537721
148.75,0.18453038095795174,0.27926947476757974,0.18435655718390812,0.4017219848822341,0.46583099651820964
148.8,0.18034302380580186,0.27634245885520964,0.18821281138869744,0.39480766138065254,0.4599219010166314
148.85,0.16512803774692644,0.2675550723317839,0.20152894428107174,0.3916273149647555,0.467904082749725
148.9,0.1446504829182034,0.270466795153455,0.21000287767482373,0.38846141160648534,0.4790243233534507
148.95000000000002,0.14895181945896074,0.271867045852236,0.21608066950601082,0.38972329272214273,0.5038769028333057
149.0,0.15016971981389646,0.26672870505960006,0.22311860442453682,0.3925464845712741,0.4870734523361517
149.05,0.15087888577252923,0.26557269563455405,0.2342298611007361,0.38494819935063146,0.4974158900929003
149.1,0.1461419944630582,0.2707070131121233,0.2455420108789932,0.39485677537714564,0.4932750910744241
149.15,0.1355985115423296,0.273939674118849,0.2580325427850587,0.40427451755254384,0.48826586959465945
149.20000000000002,0.1258656901662192,0.2702415507609421,0.26384896844311617,0.4085167810957998,0.4770239136590333
149.25,0.11942789848629348,0.2787077415703394,0.27136421215126155,0.3978003476611347,0.4750084982931135
149.3,0.11415104018920184,0.2772845289973817,0.28175197979758493,0.4013054496821129,0.46247964690965915
149.35,0.11285777015856524,0.27855474015536125,0.29535615130654735,0.39977251511784634,0.44310081937272067
149.4,0.1186887378927875,0.2746482820969677,0.3059800721472639,0.3984405316174581,0.4328491666645845
149.45000000000002,0.11730947397973647,0.27613094370179586,0.31854042329183796,0.39708051363182306,0.4412824601629993
149.5,0.11256569102251593,0.28572887652128726,0.3334670564134833,0.4016190020709138,0.44966474693902136
149.55,0.11047585689344994,0.2835759657808662,0.34940518237265733,0.4076287316881054,0.466966793983716
149.6,0.1018524548584674,0.2867312802021826,0.35179839201144447,0.41820791342655145,0.48329546218345654
149.65,0.10762814111404524,0.2924686189852047,0.3553456288117931,0.4151093456438524,0.4938282048479611
149.70000000000002,0.10868819613420405,0.28625098551833705,0.3639723069860076,0.41839164396427325,0.5127530695466002
149.75,0.1081399373737281,0.2887711305953029,0.37576796393912026,0.418553396806577,0.507952829607953
149.8,0.11257659651246739,0.28563002280070543,0.38642126951364136,0.4164445488274035,0.5056534360504075
149.85,0.12075242523000061,0.2852257922179993,0.38672415161114504,0.4095906240164713,0.5113963231702804
149.9,0.12762851946426462,0.29236072479409675,0.39696188400356824,0.4116109039750627,0.5146119466013609
149.95000000000002,0.12990753205917424,0.2809689139045468,0.40640719584698964,0.4092434694536827,0.5147760932696367
150.0,0.13628423876756898,0.28354309811573464,0.40420580827337443,0.41215549637061055,0.5135927926253415
150.05,0.1420504593761942,0.27551802482657595,0.4202224637725537,0.40650401382287266,0.5111217574900537
150.1,0.1493090956631274,0.27200776725216574,0.42985964265193854,0.4052781141320729,0.5021427091953001
150.15,0.1503635743881726,0.2724789789437997,0.4290565865211528,0.4036165557683516,0.5029086351327184
150.20000000000002,0.15548810286819226,0.26368862518104125,0.43308086704644716,0.39889199170939177,0.5022196299634386
150.25,0.16170398417163268,0.25650975388644576,0.441239515147609,0.40076652090873455,0.5000928904280468
150.3,0.16763507067212685,0.258532511790623,0.43243182546024644,0.39841565434652526,0.5069076275252506
150.35,0.1611068251506581,0.2649172922174408,0.43532348804195575,0.40187384081723615,0.513069248864159
150.4,0.16744026549307806,0.27116391679754476,0.43794767447883637,0.40089512856904636,0.5031294572371703
150.45000000000002,0.1687979905037913,0.2588021518515559,0.44553398776600756,0.39917688720217304,0.49241542466538163
150.5,0.16973563475975564,0.261900402700716,0.4386359567796777,0.3912070435896147,0.4962520463588911
150.55,0.17241986067704562,0.2568945706504244,0.4350163608483207,0.39391779674264005,0.492005894040687
150.6,0.17622389608666286,0.2589936061098425,0.424890235487313,0.39707014013887104,0.5067665749211825
150.65,0.1807644860403335,0.2478324211796802,0.4095476729055148,0.39937009993696626,0.505971636642024
150.70000000000002,0.18659711655485545,0.24367140069019794,0.4070805594688851,0.3943428623040012,0.49983607755774195
150.75,0.18730218972392843,0.24668585762669107,0.3945970823816657,0.39102849603866663,0.503122907851337
150.8,0.19968276227002812,0.2632349057753813,0.389208684788675,0.3962300386703754,0.5078552886976266
150.85,0.20462250924472591,0.27587848473587406,0.37479226943334737,0.401335871317753,0.49725776143805855
150.9,0.20685208223779505,0.27934812364927614,0.3682906639819931,0.3970863987606868,0.5065755001887253
150.95000000000002,0.21203253261354663,0.2804021437200617,0.3611877419071947,0.40248002811988903,0.5007676925975862
151.0,0.22122923414772386,0.27442720836244816,0.344385630665919,0.40826578984600925,0.4941311973220973
151.05,0.22505632842955733,0.2696438583418447,0.34378388542270755,0.3926598460804563,0.4857428702147383
151.1,0.23574170950116985,0.2613599395545049,0.32760446072020066,0.3923586372398195,0.4867536061073832
151.15,0.24013799063946029,0.25702490913274345,0.32066232521992266,0.38270200998125864,0.4816822807174511
151.20000000000002,0.2411425063038145,0.2470789396135091,0.3193967722705953,0.36629055672375826,0.47179424177500034
151.25,0.24439127396898233,0.23095830960258695,0.296842824088392,0.35607576563852594,0.4805380672284307
151.3,0.2549405627194122,0.22748023939430717,0.2908150369348375,0.34560981226389803,0.473105501625031
151.35,0.2643167755269785,0.22577527435895248,0.2773844838002065,0.3274570996638085,0.46539753698524705
151.4,0.25039537573269555,0.21553606608832074,0.2683767302282978,0.3168085202812302,0.46057812553259975
151.45000000000002,0.24783885978794984,0.2135749929200917,0.24503640818333208,0.3102176323070498,0.4597071885603491
151.5,0.2505676944021806,0.20490215410576582,0.233235255795149,0.30259397867979454,0.4507092299043893
151.55,0.24516476874560872,0.21034681368498742,0.22759119302035272,0.297887576560291,0.44279006066875065
151.6,0.2500364461811167,0.21197237196384686,0.22605909356189163,0.30021024133698854,0.4319206866976864
151.65,0.24745131541010465,0.19669304408105628,0.21726477593301216,0.3079646863899928,0.41896496220398516
151.70000000000002,0.25432478427599614,0.19235726132165715,0.2108222228881122,0.311652875352452,0.41572412347701954
151.75,0.25798384296966204,0.19465325509631584,0.20365016942411662,0.2883472688230966,0.4066687427072839
151.8,0.2572230237588339,0.18734269587748006,0.21243794351301232,0.28292134392176194,0.40042645524623455
151.85,0.2539249704204022,0.1825899882885506,0.20695378925210456,0.2889357474556659,0.40445397464221555
151.9,0.2556557957249263,0.17504438069673117,0.18945344040516268,0.2882412863226437,0.409464463409503
151.95000000000002,0.2565020523748762,0.1744593540634,0.18414628819686737,0.28548986363779566,0.4245461585961315
152.0,0.26155917286004865,0.17198430280212895,0.18134959581909968,0.26762499311753585,0.42682288911986416
152.05,0.2614447731925886,0.1722455662986776,0.18511374501296868,0.26653909246278246,0.43869567150330785
152.1,0.25863101231410474,0.17060972768122293,0.18904975190379067,0.27611518789111944,0.4365647218132534
152.15,0.26077849028097316,0.1794123020233869,0.16612863443594844,0.2891338491113947,0.43750004819252025
152.20000000000002,0.26704378370360865,0.1772462266906755,0.14435038632519698,0.29816727262544324,0.41659042287019704
152.25,0.2768704538918509,0.18260631311811504,0.12176566072523379,0.28762880932784457,0.3953279351029117
152.3,0.27295033878753344,0.18794635909422688,0.11147433467737806,0.27713829352882235,0.3745011128563347
152.35,0.2833966113760256,0.182695631483337,0.11075183892868538,0.2743165765941317,0.3572238394059634
152.4,0.28906114435581653,0.18316150534125475,0.10411824491769683,0.2784853941225287,0.3503786290669806
152.45000000000002,0.2824991987433504,0.17352549594695446,0.09725583176157296,0.28276943839721375,0.34581269055389374
152.5,0.28804289695622,0.17052874841932483,0.09159442843878549,0.2698987262035762,0.34642468614496796
152.55,0.28517331095073567,0.16738961099694663,0.09877232950526597,0.2692931661586459,0.34901223784179364
152.6,0.28682719495404346,0.17723659689440885,0.09892775683592064,0.26600956394312614,0.34767274608783294
152.65,0.28013337100160046,0.16742341010275918,0.09307135537553252,0.2724897168770897,0.375689536984965
152.70000000000002,0.2822824842083758,0.16491575260727584,0.09098313880875711,0.27379784248120326,0.376242345543568
152.75,0.287014812614688,0.16426911833417432,0.09228850751780054,0.2602167248687181,0.3685262526673347
152.8,0.280890254265415,0.16450079840772483,0.10191991950087267,0.2642163919462133,0.3867058105792171
152.85,0.2845454162542507,0.16573399424045884,0.11023859089318833,0.2619885731833419,0.40019672296733927
152.9,0.29057053620645346,0.16334395855747605,0.11864865397523337,0.2672740146315322,0.4175961287086489
152.95000000000002,0.29895126710359526,0.17257436117929703,0.12720589929977855,0.25502860452877735,0.4214806649108774
153.0,0.29756540003671794,0.16558846387581197,0.1405311618671982,0.26440606854114207,0.43172718917415187
153.05,0.2922057137447374,0.16521090853135392,0.14335348864179628,0.27939047435949244,0.4719503738476771
153.1,0.29054942005071255,0.1677257760843076,0.1458903522848577,0.28752402300186924,0.4977566990501114
153.15,0.29910345399316424,0.17253404254996038,0.1442165246435603,0.2828880308027391,0.5089698982117017
153.20000000000002,0.2988166431613333,0.17160632959803182,0.14830585399376764,0.27542448754184073,0.5346697755198588
153.25,0.3035388833020554,0.17210522226762773,0.15406865635058434,0.2852106233036237,0.5524702975014345
153.3,0.29289466802101216,0.17510493095502402,0.15218649939004325,0.2967567808712913,0.5607288405930828
153.35,0.29539595617341735,0.18536326290240393,0.1443895130241235,0.3019977282274487,0.5524970059690153
153.4,0.29854119901616827,0.18521627042807204,0.14267611029564,0.30205832125002735,0.547605449659703
153.45000000000002,0.29630735955973064,0.18859043550646937,0.13562439999667228,0.2942913100775428,0.5493438266945209
153.5,0.2903279872550889,0.18663353983420788,0.1361572641258864,0.30149297495851046,0.5299450805506577
153.55,0.2857565374990234,0.18522290400222294,0.12998236314509112,0.30305769906966074,0.530520177273807
153.60000000000002,0.2840681461114184,0.18720824975772324,0.12302242913809379,0.29636249066412207,0.5192184900028416
153.65,0.27781470688151694,0.1888292190052409,0.11840183058548925,0.29275600877710023,0.5089114759575747
153.70000000000002,0.27104631517035777,0.1851162915600466,0.1147733648641629,0.29412711807455805,0.4989233428702237
153.75,0.268993165504401,0.18650728792581805,0.10851679651236518,0.29476240133765963,0.4989064725881863
153.8,0.26384219236795503,0.18807621994163126,0.1099699784829746,0.3028294368678389,0.49152874583004125
153.85000000000002,0.26178322672425564,0.18612279839450682,0.11112534114007076,0.3046923186675609,0.4948917932406825
153.9,0.2578124258880457,0.18052775050999312,0.11436546002751961,0.29862568100838,0.48261650970295683
153.95000000000002,0.2552457204213578,0.17986192235684986,0.11033366790391558,0.3056386423898568,0.47473985069919017
154.0,0.2560091527287328,0.17981713782528932,0.11749027228387644,0.3154145280068509,0.47520557878941094
154.05,0.24914847451547772,0.16747628353121968,0.12534264573872325,0.3224353732209118,0.47719669639995066
154.10000000000002,0.2528018403903928,0.17041868105387672,0.1382855505831675,0.3052271374785323,0.4835740686186922
154.15,0.2462402922462257,0.17511139931762496,0.14264015683082346,0.29846466116393716,0.4816567203131772
154.20000000000002,0.24336513141439564,0.16551458936864474,0.1396922160122729,0.2882041371355887,0.48423075679301675
154.25,0.2464970200694014,0.16959400630205562,0.13284622647902905,0.28670221190149847,0.4801219185774679
154.3,0.2387509784673178,0.1694183462255968,0.13764365043532825,0.284882665321327,0.4769876839743381
154.35000000000002,0.2454520035699607,0.17493867939330088,0.14101864025709018,0.28300630043521285,0.4774401641635031
154.4,0.24335055182218993,0.17191669037108734,0.14007260508333383,0.2827189709359792,0.48321505306725043
154.45000000000002,0.23958227228702506,0.15923936448515177,0.1348809774785313,0.27941324987524846,0.4919427727052023
154.5,0.23450110780219383,0.16577335497669177,0.13488519746207894,0.2765242524179922,0.49671724710032794
154.55,0.23551810872395915,0.1651871992950734,0.1297480541104015,0.2749169494386111,0.49328898710194785
154.60000000000002,0.23199039975074878,0.18053815735975814,0.1285046913440007,0.2808615067003999,0.49541003907928777
154.65,0.23588007941123748,0.18647349338495084,0.13381323586993935,0.290380788966116,0.4967142410523596
154.70000000000002,0.23503968872525982,0.1964793472948216,0.13906818744373955,0.2749462317648706,0.49426521906362364
154.75,0.23239199579586953,0.19585069442394845,0.1446710295995766,0.28222560068189395,0.49337269578023685
154.8,0.23655673222612372,0.20516417874740597,0.15317039815593989,0.2802924411259246,0.4870604163742668
154.85000000000002,0.23614179344340835,0.20239151687326495,0.1672851022258959,0.2831068475405959,0.4839861559401705
154.9,0.22820682687875712,0.20458135185104034,0.17786831200270245,0.2711214951520081,0.4787515060592589
154.95000000000002,0.2263576903721974,0.19651739364648133,0.18396415774028013,0.2680322955179703,0.4662942666990137
155.0,0.21453031982372647,0.2051814265037044,0.18133839353800135,0.2636847846673785,0.461198084398078
155.05,0.20936929023641504,0.21069577251612506,0.17523408694489823,0.26996808322490556,0.46919431410143614
155.10000000000002,0.20414707132931592,0.2117813353622671,0.1774895556562982,0.2821073278913118,0.4682890764633915
155.15,0.19794695069794305,0.22170759693245187,0.1675924182278645,0.27193425457164805,0.471163814275933
155.20000000000002,0.1910858844399001,0.2215428069408167,0.16148152832477564,0.2834031247522527,0.47620970874760804
155.25,0.18012911848803456,0.22464803778967346,0.1652411670976994,0.2887896767489974,0.4792870823866951
155.3,0.17678844127693416,0.23602212070466283,0.15425690586319374,0.2981226840788502,0.4782649793605044
155.35000000000002,0.1757477209420857,0.2405262341455894,0.15195930292000734,0.2910992604063425,0.47593861342352145
155.4,0.16369249146556242,0.23956936015397828,0.1490511243606544,0.2861382493154599,0.4759269010690239
155.45000000000002,0.15979106539132992,0.24192640429163156,0.1412240422582714,0.28904011389163325,0.4877529718854968
155.5,0.15626567040971567,0.24765252565641063,0.13274484787087582,0.2984143459618533,0.4940098393679164
155.55,0.15939594263477433,0.2460688610583457,0.113571594500985,0.30655981825627626,0.49304627943196894
155.60000000000002,0.14920890087851282,0.2423884845817946,0.11116260964427604,0.30611037534518953,0.5075873007138211
155.65,0.14879440210127307,0.24371173253873332,0.1174469590415983,0.2959376223930147,0.5135928782090879
155.70000000000002,0.14561077432568226,0.24614507487488838,0.11779937768303604,0.28544601977015754,0.5190662606710718
155.75,0.13803681189947123,0.24296038451968843,0.12888409678831078,0.28749571792965145,0.5330895521784241
155.8,0.14575025845856707,0.24275935031739262,0.14217888282053073,0.2871991834159763,0.5351289385135066
155.85000000000002,0.14784673353588668,0.23423789802035502,0.15809680417157115,0.28943614168075393,0.5251543047116853
155.9,0.14370373979968262,0.24115500929838898,0.1700432885356301,0.2776164834205656,0.5147092501506706
155.95000000000002,0.14348751133767557,0.24433482400936957,0.17457854300847594,0.272282012006618,0.513371102053747
156.0,0.13619211352948002,0.2481775789435316,0.19131202868513586,0.2717494852198064,0.5061432611741788
156.05,0.1385016513852226,0.24843998307449072,0.21688869991154205,0.27147603366961587,0.5125230834019278
156.10000000000002,0.13939377645191237,0.2474216296631125,0.21786398983616181,0.26252316864323555,0.500338071488459
156.15,0.13310244830786128,0.2555773450016115,0.22672294563301673,0.25690570474568264,0.49703768716130725
156.20000000000002,0.12919467151157116,0.2582818760988885,0.22136604512748423,0.2637925612948061,0.492686561771693
156.25,0.12245974065751947,0.25402507237978483,0.22780385397426733,0.2644908625979916,0.49601124399352836
156.3,0.12144569973439684,0.2553045594027367,0.22429884788385218,0.2719959002144353,0.4932386834060939
156.35000000000002,0.11640326848599859,0.25872300179356483,0.23820277485791846,0.2780218004238355,0.4943970598930086
156.4,0.10578842973606696,0.25879383759313035,0.23700164187817072,0.27987230198956214,0.4833964226559803
156.45000000000002,0.10473730412317489,0.27026896762599545,0.2319287927837771,0.2649675402583566,0.4898702303023814
156.5,0.10344551907488962,0.2728764466784424,0.22591310748760624,0.2689045174412807,0.4920328701265997
156.55,0.09753023889546479,0.2780235186435043,0.23537355289654074,0.266277965595085,0.486268769300693
156.60000000000002,0.09588366212673934,0.2835774729475643,0.2445095805655031,0.2775336239688024,0.49214015788150134
156.65,0.08908379264615378,0.2804407015513468,0.24428832656900873,0.2783888876980288,0.4922938691223572
156.70000000000002,0.0860291291795746,0.282652509526026,0.25151432538095503,0.2720684729317481,0.48472379428336987
156.75,0.08801395942319024,0.2876841440949187,0.24917979505067886,0.271480476090741,0.4823101242731832
156.8,0.0888502480386491,0.28466851936948423,0.23447435823473123,0.26409911124882535,0.48450366368298764
156.85000000000002,0.08677502899651691,0.28288773272308165,0.2404401339932396,0.2605602936176737,0.48989438363621196
156.9,0.08819396035348323,0.28934094524923937,0.2638057884288313,0.24767252447413557,0.4879136314709802
156.95000000000002,0.09433134482400204,0.2904750104520117,0.26342107019100935,0.2600380077304595,0.4668795982251895
157.0,0.08327990869995787,0.2949981421529816,0.260741032005155,0.2696866808979589,0.4528686465574992
157.05,0.07887509361270875,0.3074048299857817,0.24469263643215497,0.28219672492045295,0.4409212942762819
157.10000000000002,0.07904259667278235,0.30481518972542404,0.2240296874995146,0.2895863029789896,0.445758362828674
157.15,0.0845716708978225,0.3112357648027035,0.19709289152407872,0.29326646438858,0.45292945323957845
157.20000000000002,0.09271056462601855,0.3147931629671581,0.19274431227400604,0.28028107316092754,0.46936452828927305
157.25,0.10448788012990717,0.31478454912119824,0.18018025296001322,0.25511848291283995,0.4683995634048865
157.3,0.09760941658791916,0.30006513041566607,0.17460711614349533,0.25706104280288034,0.4699167836637312
157.35000000000002,0.07997780673901263,0.2908215084091219,0.17004031269631015,0.25079343926940706,0.4815364612348109
157.4,0.053295436634599395,0.27576839773228295,0.1720897028722792,0.2464701991589582,0.49796881176631225
157.45000000000002,0.03507925338688221,0.27570579481999746,0.1767153487568049,0.25286230684915334,0.5079023216886696
157.5,0.03619680405419183,0.27587974242066826,0.18059895345775548,0.250612385630811,0.49492190816050935
157.55,0.05521460012896512,0.2736030743462182,0.17367749041943215,0.24746329749583248,0.4864518086592281
157.60000000000002,0.06930071644513809,0.2737944552887865,0.1708282875968673,0.22518665951198857,0.46949967921817554
157.65,0.0877384148220815,0.2628636788369148,0.16778204829400933,0.22463939643080622,0.4779289801126665
157.70000000000002,0.10274155957341762,0.2625892947210736,0.17156684767956504,0.2322491767823148,0.47814485325153766
157.75,0.11905912817343275,0.2647667992824902,0.1878356596137056,0.2373766359148861,0.48600555964814457
157.8,0.1331754477858428,0.2709447227220769,0.1755981076761408,0.24933778856665736,0.48032556254360304
157.85000000000002,0.145738214495965,0.25991116945211157,0.17741243659908393,0.24812873551432935,0.48408959123152645
157.9,0.16214400005113544,0.2640619907019768,0.18328931187103178,0.24091724237115408,0.49940131783256164
157.95000000000002,0.17275458022833057,0.26456754290987283,0.169204684529999,0.2311618542713157,0.49830314901371
158.0,0.18675626329758593,0.264212338076485,0.16465989318264546,0.22578970348633262,0.49901273116459505
158.05,0.19260157487700236,0.2651249552582302,0.16056780505848336,0.22218046454036852,0.4920915872274938
158.10000000000002,0.19853027198080891,0.2697250984165514,0.15162559532619743,0.22975279570598248,0.48795771277475136
158.15,0.20988533523205435,0.27083879889400764,0.14351132838038566,0.22801196120877953,0.4760053394951192
158.20000000000002,0.22165493122808808,0.2688433609614322,0.14661380713539646,0.23638035949051522,0.46367978045755337
158.25,0.22959775899565746,0.2721026187656434,0.1364700174253966,0.24220311660285387,0.4557254705351267
158.3,0.24144518643785387,0.26817232548374265,0.13355925085172093,0.24752630835322728,0.4562196583682038
158.35000000000002,0.2546746294767857,0.2640118086217177,0.13119200896111022,0.2487380895799385,0.464288523722484
158.4,0.26178061921026363,0.26259579561467145,0.12751422439143872,0.24459440042641722,0.4555303833816724
158.45000000000002,0.2714082950700114,0.2556299195337247,0.1263218604694266,0.2388302546948562,0.4576598434154899
158.5,0.2805633178578196,0.24982538603131316,0.1334049490790457,0.23136762815465875,0.4561597632828015
158.55,0.28798789753649356,0.2398114943058864,0.13747997392174258,0.2318629742007964,0.43244264692480716
158.60000000000002,0.29177592419423215,0.23938316524160158,0.13243475919562173,0.22433759283134339,0.40892386891240107
158.65,0.3033323469226327,0.24182104056485482,0.13133708703634753,0.2285615964419125,0.4060954167595129
158.70000000000002,0.3077527819063012,0.2354790099158643,0.13839292085111687,0.23193711696560593,0.4085267668985083
158.75,0.3185438801039774,0.23449308717684997,0.14402499093475596,0.23992929386246675,0.4090491385589969
158.8,0.32881645798570414,0.23576744019073828,0.13798763462410515,0.2425845480954768,0.412344951437737
158.85000000000002,0.33544023029823294,0.22891978790790138,0.1273480933183615,0.2533963746692657,0.4225073316033525
158.9,0.3445712641064936,0.2286478344924589,0.12017969588944823,0.2533935802818217,0.4171085204652912
158.95000000000002,0.3533479830232368,0.22731882817606208,0.09954192046560034,0.24490316879353155,0.41547639856857743
159.0,0.35786213228023106,0.22069193531598735,0.09938926778014591,0.2384620539013893,0.4275239186479358
159.05,0.36617137692635116,0.21897717926153004,0.094586890829365,0.23676500849660484,0.4442981221096048
159.10000000000002,0.36766331534380153,0.21664875598683273,0.08604422803837837,0.23607103597568468,0.4575484801269588
159.15,0.3755354316782682,0.21346975370902058,0.09048614470271525,0.24427819556959998,0.4808484669233004
159.20000000000002,0.3821460000580391,0.21005706686591327,0.08331402430111094,0.24897851990586206,0.4764952652031591
159.25,0.3824093426094505,0.20668518367896574,0.08841056396937981,0.23983680658734127,0.47860689287375674
159.3,0.39062601552585896,0.20050405720136266,0.08235208693600492,0.23870533028010002,0.46935497503044016
159.35000000000002,0.39473697061582347,0.19991360443478254,0.077778078854614,0.2347671994968936,0.47290843731584586
159.4,0.3986637025181673,0.20318071623032397,0.06821057551913835,0.2321459976786232,0.49102386836248485
159.45000000000002,0.4014760686381116,0.1999356275494483,0.07065747154002894,0.2349065832934118,0.506394020001941
159.5,0.4073288292653633,0.20243438440806574,0.09097440869522093,0.23545894159504305,0.5220896812954344
159.55,0.40460287894858743,0.19086235813369257,0.0989823767935364,0.23816954016968622,0.526501535271472
159.60000000000002,0.41555124221586887,0.18814830138693256,0.10080201210984326,0.22724479678516485,0.5304881964216625
159.65,0.41282710879490825,0.18391338915354175,0.10311229290631721,0.21658192149106745,0.5323096414623913
159.70000000000002,0.41603476345545165,0.17129777148069442,0.10448113535071638,0.20714432687659587,0.5359280903137714
159.75,0.4283705030413039,0.17193169946821693,0.10895297585263965,0.19973354808487545,0.5452737679198103
159.8,0.4294802018342741,0.15366324789770835,0.11010046465640719,0.20933953509700326,0.5439795431400476
159.85000000000002,0.4244579503154153,0.1533826736594113,0.10947464882120853,0.19383557302235702,0.5599317436190439
159.9,0.43398852044457753,0.15988857044114513,0.10254061185418153,0.21065294801533346,0.5585032958430098
159.95000000000002,0.4370097299231874,0.15968935132602805,0.10373704436214469,0.22694152891022076,0.5609204841668237
160.0,0.43180716040035033,0.16312922099289043,0.11294886963029212,0.2075355822402209,0.5659357681815623
160.05,0.4433094928967136,0.16394579790714764,0.11718357775312,0.20550685957303141,0.5768069522542484
160.10000000000002,0.43576005266162604,0.1627514599887656,0.12733903965665522,0.20625948582874498,0.5833449186726856
160.15,0.43132383770877525,0.15305806431284508,0.14667838928782398,0.20214622067543736,0.5972039368232357
160.20000000000002,0.42418862152248243,0.14709034935880738,0.15730384512166007,0.1887599397381037,0.5950047986833136
160.25,0.4258350300466382,0.14564407352585076,0.15988777248484612,0.169312973626101,0.5920477269115384
160.3,0.42808020589617524,0.15224603579679066,0.15324020191217363,0.1671572382695654,0.60070965944051
160.35000000000002,0.43650120495201666,0.14311144639504622,0.1488499316365084,0.17415427562958766,0.6004220785814277
160.4,0.43046338421155766,0.1418070356433184,0.14909321301099754,0.17652706195369886,0.5816242609709139
160.45000000000002,0.43212300155059474,0.14860437724552647,0.15080663804713165,0.1788876708270128,0.5794225074935859
160.5,0.4156828735381261,0.14328439841099191,0.15635884255145882,0.17929255079028603,0.5791851918804887
160.55,0.41046080407816676,0.140535806842552,0.1622709751990981,0.168221289678666,0.577744196796714
160.60000000000002,0.41118542696834093,0.14904870875390933,0.16165252724318108,0.16844941906445632,0.5847698472705325
160.65,0.4114092087513675,0.14444579955064357,0.15359991358960265,0.16264171042866335,0.5754733008294208
160.70000000000002,0.4004632348452802,0.1415298000630666,0.14556012484018688,0.1682254368822786,0.5608336928988941
160.75,0.3849464722373081,0.13938515761006215,0.14366209070624747,0.17647685033188878,0.5520990211291978
160.8,0.3844339921130134,0.14469066012188994,0.14483881062912582,0.18697812882003478,0.5552939202475694
160.85000000000002,0.38076379804545674,0.14092783756829702,0.1479596243201204,0.20903546559990502,0.5513769037158832
160.9,0.3793860186329962,0.14269161511168782,0.1577014191686541,0.19233149309741737,0.5474248492563982
160.95000000000002,0.3768996529265426,0.14104736446191407,0.16858896518172323,0.2050978704733281,0.5494044639685814
161.0,0.3619669547915623,0.14347265384690183,0.17150735396189898,0.21435141827918902,0.5532694496413298
161.05,0.3566383076680952,0.14040494461954808,0.17475299596308785,0.2137041608804791,0.5459849727648516
161.10000000000002,0.3425350397896718,0.13911025994620496,0.1866876917745663,0.2069594378606685,0.5527467552066481
161.15,0.33525318284092426,0.13423868981588583,0.19981757410619091,0.2040404781571448,0.5515847919946784
161.20000000000002,0.3357432424370065,0.12663995929264055,0.20662383498592268,0.1980198029769803,0.5732088297960114
161.25,0.3221551465337859,0.11267121784878134,0.21186485653580903,0.1686559820313199,0.5821719299818866
161.3,0.3294474116381424,0.11830509379351693,0.22269883441026164,0.13846837629620587,0.5877776384065987
161.35000000000002,0.3202823770502202,0.11878317089493533,0.2353714602065426,0.1285397158320443,0.5906800024488935
161.4,0.31571153030050325,0.10817971669413254,0.22980107731165922,0.1163632414803693,0.5945651573700467
161.45000000000002,0.3143310794154335,0.09516171585805241,0.21802290081624565,0.13461716838766302,0.5954773978731372
161.5,0.30784460315928497,0.10740690301549304,0.19857986021594998,0.13394931452265718,0.5836392584709258
161.55,0.30221350678472597,0.09636757005714777,0.18420039894742674,0.13307249849519623,0.5701875696146971
161.60000000000002,0.2982080431056526,0.09848804545518831,0.18048542479978158,0.1424025552575484,0.5480024661355788
161.65,0.28729541150214927,0.10366279004088853,0.17638349672884274,0.13253902224116082,0.5437168376115596
161.70000000000002,0.2739186810260629,0.11200125089370147,0.17624482174020423,0.14140317934842547,0.5295072829964895
161.75,0.2711419824193703,0.10227906720224374,0.17646332110239338,0.15008080486400627,0.5137666568092577
161.8,0.2615572745843509,0.10881636874428721,0.17758840176628218,0.13832107577989208,0.5024298253198263
161.85000000000002,0.25953707800415804,0.12822103540564259,0.16730028905250244,0.14135651502043795,0.5023872955365524
161.9,0.25257563040861736,0.13982347176112617,0.1754482597786337,0.14836580898090204,0.501926845305517
161.95000000000002,0.2472770913427475,0.13846148181146645,0.1816354710357518,0.15615251478572725,0.5003163796669345
162.0,0.24334041159252567,0.15616590292078705,0.1918572444721158,0.15841230571083667,0.4978617001394476
162.05,0.2436485368434491,0.17015801606122652,0.19833328716035428,0.16237072551774615,0.5105339966866762
162.10000000000002,0.23436201591719635,0.16487287127848607,0.19788659756860758,0.15247965286608398,0.511273458070361
162.15,0.23306453590260964,0.15555694530781813,0.19507401796328,0.15475497091201051,0.5231909440200382
162.20000000000002,0.2307521128663811,0.14786393105785844,0.19012506937159643,0.15351374968148304,0.5268952757005119
162.25,0.23065407727960777,0.14701334834070473,0.18911605917008512,0.15792150600826912,0.5206756214321931
162.3,0.22633426117110533,0.1317172546882177,0.1854344634814553,0.14875311512648554,0.5290479729561117
162.35000000000002,0.22406068377009544,0.11895506575067595,0.18663739041574146,0.14160320436344215,0.5273412246572702
162.4,0.23166247261735307,0.11189063971135343,0.18143225620970774,0.12185379723875776,0.512436336231895
162.45000000000002,0.23699735147579512,0.11171733268262209,0.17623728707292977,0.12902043966006796,0.5026393389745742
162.5,0.24202874692130552,0.11960594534735106,0.16800112968531558,0.1341937409627663,0.48769560397103445
162.55,0.2397972838085525,0.1177054560331416,0.16945453431877183,0.13111883894132081,0.47763311887281684
162.60000000000002,0.24312049776962041,0.1059912246317882,0.1615460613061682,0.13575635521841764,0.46902695912723485
162.65,0.24175069896915224,0.09357979711966093,0.16172414843799088,0.125768405549472,0.4382100740022566
162.70000000000002,0.23729406805776151,0.07601967961781639,0.17068203533370335,0.13130408673593855,0.41124773876511034
162.75,0.23999196858753796,0.07453767951378852,0.18230784079197793,0.1331722918883903,0.3904430434540398
162.8,0.23823202863593224,0.0725221744084132,0.18384004309072338,0.13941850742334277,0.3729032208118615
162.85000000000002,0.23636100305524638,0.08351911440929202,0.19606143198003523,0.14260679649019656,0.3378910551227483
162.9,0.2444824017041342,0.08174183450226438,0.20583937561694884,0.14607760536606404,0.3233945235985349
162.95000000000002,0.24884730901591956,0.08531564849412474,0.20736136679336167,0.14989507960741735,0.29866032513757795
163.0,0.247542137052514,0.09079434041490589,0.21735413304298856,0.14811781734651822,0.29013471943018004
163.05,0.24524689243601175,0.09295881158813664,0.22330732612848483,0.15185777384024063,0.27041493910718833
163.10000000000002,0.2501961076049815,0.11038974976139873,0.23265461577287802,0.15176258272127077,0.25910689057333114
163.15,0.2542337782556746,0.12151444557980427,0.24288311291831363,0.15570051718847042,0.2542473292937479
163.20000000000002,0.25854317273856375,0.12171018926583912,0.24262445249992806,0.15217989803531137,0.2603812349816071
163.25,0.2680123738890032,0.12114792374609783,0.2468826996066817,0.15814047661046501,0.2506500259826385
163.3,0.270508385186437,0.12051343899642826,0.2566013865102102,0.15267129096822607,0.2454128657306552
163.35000000000002,0.267416839911956,0.11927023156895099,0.2686110750701116,0.1404242694032374,0.24569546360253883
163.4,0.2821599384765521,0.11497918254772571,0.2772267292906524,0.13482323139197241,0.238914775700643
163.45000000000002,0.2863164230883881,0.10723030635628471,0.28281088808534,0.14403776203038562,0.23905660143282736
163.5,0.28683253586790003,0.10858852913568263,0.2950249030498796,0.15286697083935552,0.23833963661983343
163.55,0.2958659331877239,0.10744582694691523,0.3044659802818704,0.15811608520255577,0.23980569149038936
163.60000000000002,0.30603582321897355,0.10969874013853172,0.3009791221498778,0.1541245942171977,0.24288522835859722
163.65,0.31375641304883883,0.10609605766154354,0.3046385229869918,0.15771837979826459,0.2354567511885578
163.70000000000002,0.3121932745010599,0.11888674381312617,0.31109390811264387,0.15364961953985873,0.23993817332214268
163.75,0.3162212873455219,0.11648427093658598,0.31816592796020454,0.15733696384347837,0.2351130490093719
163.8,0.32383692170298695,0.12153073514962585,0.3204951851697421,0.1674975862250833,0.241762909584366
163.85000000000002,0.33830973496131805,0.11911982723184544,0.3219534750929936,0.16755428829811345,0.2466396274067296
163.9,0.3396242401686983,0.11784159810461327,0.3295418440241996,0.15772770289653695,0.24989554569301117
163.95000000000002,0.34662456216917703,0.11520932891580858,0.33964864045690535,0.15648984257136067,0.24302673568218602
164.0,0.361016559448357,0.11168944577922917,0.34451737100745455,0.16928637928832577,0.25126433404877335
164.05,0.3646398755000939,0.11220065867391467,0.34565184149052486,0.16108355986461922,0.2606285316536911
164.10000000000002,0.37586409530446535,0.11274180550179493,0.34417053804633235,0.17281617106628402,0.26083257434513946
164.15,0.37638480825886883,0.10787649444891222,0.3513003390253774,0.1707989093106293,0.295648269340173
164.20000000000002,0.3879001937564724,0.1005075686732036,0.3543383858954411,0.17435323133462027,0.3163269665590178
164.25,0.392922205494975,0.1067436908127152,0.35463437380244234,0.1773134220302575,0.330964386866265
164.3,0.4010416163669229,0.10678339613267827,0.3703251612691473,0.18293764112863267,0.3265059837866265
164.35000000000002,0.4137904991644176,0.11899966089261424,0.3704836770448191,0.19643579659483684,0.3485714395764801
164.4,0.41475993492329427,0.12598604389796492,0.3631288174824583,0.20423159230177557,0.36444527688429423
164.45000000000002,0.4212420219675296,0.1197349765240268,0.35109714867555397,0.2079204655054447,0.3909180650142792
164.5,0.4154211041851203,0.11222696402029324,0.35451613793068576,0.18772796994320276,0.42340016959914045
164.55,0.4226315470794007,0.09881873697400372,0.3565882542604464,0.19384022722338584,0.4325819138333358
164.60000000000002,0.427754678040702,0.0877169494134287,0.3540851796655331,0.19700112686655769,0.43027985572099586
164.65,0.42452626357186807,0.08329235775835504,0.35974212830092,0.18797725103326574,0.40733621841897144
164.70000000000002,0.432973614232437,0.08399511562067279,0.35757980073351237,0.18838116447464842,0.4000810072305522
164.75,0.432293959818195,0.08326452096929099,0.36115691834602215,0.17879573982258776,0.3790891320775441
164.8,0.4309517654950506,0.09082494157580083,0.3606620724818846,0.1860389767761159,0.39440807381626636
164.85000000000002,0.43740562284386075,0.09045335143198986,0.34870650638872064,0.20720233549706557,0.4195439650924085
164.9,0.43365283017590445,0.08071507825740808,0.33411756330872194,0.20182487774553093,0.43156398418379427
164.95000000000002,0.42199242879871485,0.08434099745537027,0.3245258595488311,0.1935657323328851,0.42826279310585974
165.0,0.42309584417870105,0.07404144877539612,0.3148692883749181,0.18392833606241138,0.4184213594028523
165.05,0.41429478386048824,0.06681425255674735,0.3033122872679989,0.16752130783504016,0.4051760865586487
165.10000000000002,0.4121102947226437,0.052313104556377964,0.2839228650295992,0.16371735411308397,0.41613555455560913
165.15,0.39226853185662136,0.04854788779274292,0.2709592103397086,0.15994607551568638,0.4357693857908114
165.20000000000002,0.38132170157990436,0.05109714061276167,0.2657753873902091,0.15539414888772224,0.4561769262268271
165.25,0.38083616306060775,0.053878762410886516,0.25358333485614776,0.1600599431421285,0.4598342957340099
165.3,0.37104839670204187,0.05992072407901142,0.2391409830968004,0.16281001868968298,0.47790751981121005
165.35000000000002,0.36064753092982105,0.06702623859407755,0.22584491860399938,0.1688057870243133,0.4937988882015473
165.4,0.3520244696058174,0.08324129071270246,0.21768816327378515,0.16790193852132604,0.4985814616042586
165.45000000000002,0.3495803141666794,0.09083019096942266,0.20407534988089046,0.16539897699558515,0.5042791800251151
165.5,0.32706654450905615,0.09210887115335098,0.1897695270184031,0.17532020330430928,0.5069928499136214
165.55,0.32330492835417635,0.09654177375785226,0.17452646816259376,0.18798936048640702,0.5263489455263483
165.60000000000002,0.3120008220431276,0.10088319120338475,0.16833527786193953,0.18905306487906345,0.5421486195925249
165.65,0.31025369942074277,0.1101915343921694,0.1612958216339691,0.20561836420012533,0.553761199834528
165.70000000000002,0.31390475074247953,0.1279623540555381,0.1515065521057081,0.2063416508698432,0.54768872224279
165.75,0.31227501552521214,0.11419845076763245,0.14889099026505379,0.23645026071969535,0.5539932091516473
165.8,0.3103256925206258,0.13587598389296113,0.1399159288856355,0.23643975982877902,0.5718770832567016
165.85000000000002,0.3085347641185338,0.13841258188846553,0.1360110156776478,0.25080228460235127,0.5871188214637224
165.9,0.319280506689969,0.15277033017015582,0.12871345549284208,0.25482158734897026,0.6099485163888744
165.95000000000002,0.31937133923983235,0.15830339005672386,0.13370461776093814,0.2680824910581015,0.6253486253956723
166.0,0.31431993348178,0.1619061010995029,0.13853432629312934,0.2824144183724654,0.6453628505026489
166.05,0.31581689840364907,0.1550996652416113,0.13980157349049105,0.3105150277794403,0.6644305616597018
166.10000000000002,0.3120588056092031,0.17974036905611737,0.13657933689709056,0.3095043112721682,0.6862083045440339
166.15,0.3102665515949563,0.18566554771221191,0.13429275953970513,0.3052059844236903,0.6872461409788129
166.20000000000002,0.28890830584060073,0.20292555408298896,0.11888230613075122,0.3120515912446588,0.6728022674441306
166.25,0.26516988726640855,0.22491069571104472,0.11050764179665448,0.3164992294382476,0.6594086101069082
166.3,0.2728936935860742,0.22096004444837125,0.10817965861127501,0.32985923123114425,0.6401210026792448
166.35000000000002,0.2687734527100923,0.225876378376851,0.10917353214410228,0.3244099308907035,0.6570629660988301
166.4,0.26022320515224473,0.2116235293386761,0.09855162432899896,0.3285537088875835,0.6401040719632288
166.45000000000002,0.2517726363247324,0.19703562182961012,0.09568449099723522,0.3124399333348936,0.6369782336598412
166.5,0.2482129632760386,0.1938739580023129,0.0917247007444263,0.2985582933203652,0.6113775544621537
166.55,0.24298135475525395,0.18363718604658646,0.08216035303723591,0.28247843375085613,0.58487765787068
166.60000000000002,0.24157215988073655,0.18091052046669825,0.06523207290880059,0.28257548922331427,0.5847100093764253
166.65,0.23515518884069803,0.1832982981159304,0.06608143542765331,0.27694895392853364,0.566727600193449
166.70000000000002,0.22314910125094697,0.1883504724881805,0.06809714914177095,0.27140202236432137,0.5666943643840888
166.75,0.20757576011664278,0.20448858660801095,0.055105916491909476,0.27905127354822484,0.5446132760699887
166.8,0.1919331771976668,0.21777996222243753,0.05597052868392448,0.27382066373908476,0.5204144008642717
166.85000000000002,0.19690967562072,0.21758239555448747,0.0643563868333267,0.281094703051713,0.5090373493566347
166.9,0.17765115891325733,0.2021468993707839,0.07938914049399878,0.27892459836072064,0.5001559217839798
166.95000000000002,0.16507452344887333,0.1958159626693406,0.08267325865207853,0.25329550270854306,0.5080571580971005
167.0,0.15095095658062682,0.19192276350039486,0.08118816927479727,0.24207172702161736,0.5139319792543213
167.05,0.12561644161224392,0.17325517465207538,0.07643182670447876,0.22768407700826637,0.5174542429582494
167.10000000000002,0.12215343494822242,0.16641662270753113,0.07280301393950221,0.2110864886968168,0.518756300124716
167.15,0.12260075657518474,0.14562771193382984,0.08290241958319179,0.19966438395783379,0.4923238593853637
167.20000000000002,0.11565767031041398,0.1385171905070528,0.09135213318726089,0.19000455397107258,0.4773177468578533
167.25,0.11365357076107421,0.13931156959412358,0.09972949576559631,0.181761996295924,0.4855718319298771
167.3,0.11294018385267059,0.1374915690570027,0.1085386599274923,0.17312396224541182,0.4773833690694127
167.35000000000002,0.10229474616784383,0.11948547025210454,0.11593269302892555,0.16816384626505013,0.4839051696364173
167.4,0.09805656749789236,0.11831908410847941,0.11967945657322686,0.14713363448482464,0.4834950585966532
167.45000000000002,0.10192864041540053,0.1257463941775772,0.13932837016857044,0.14649052155774844,0.5080198899745123
167.5,0.1176247942836878,0.1314162478040612,0.15021302525231028,0.1575819182124363,0.5346876439785502
167.55,0.11573247679868183,0.1372360505695028,0.16911263405049368,0.16884540355645605,0.5504303284148613
167.60000000000002,0.1136422733284901,0.13575137488317146,0.18815248729969233,0.18525862386221867,0.5535196130321434
167.65,0.1131728280942906,0.13150735121686996,0.192540575439169,0.18898669738384272,0.5609538380334654
167.70000000000002,0.1098735958268476,0.1298528221373342,0.19332358823127468,0.18301561453488085,0.5449592495667633
167.75,0.10893313061029351,0.13713528333160938,0.19326847377244608,0.1804208828647195,0.5198257811024316
167.8,0.10097867822078037,0.128725162093917,0.20308060281443882,0.1694941059018355,0.4875409961390879
167.85000000000002,0.09325812117685103,0.12415464079451,0.20517097794659575,0.15715451552486823,0.47927612377190787
167.9,0.08559761373234533,0.12029228823167581,0.20701693772145857,0.1603618068422666,0.4695429068329179
167.95000000000002,0.08072105778475294,0.11624361010182863,0.2084901575272166,0.1669595333448161,0.4620886721804371
168.0,0.06913897402389382,0.10773609268146296,0.20979775910066353,0.16024838567371147,0.45830641657493665
168.05,0.059684183508935444,0.10190191836810862,0.22434659698409753,0.16621837751649315,0.4412573940073573
168.10000000000002,0.053527939481549255,0.09657237508688991,0.23701936699475393,0.18010461141713363,0.43118612896839903
168.15,0.05683960950549843,0.0949544832386487,0.23831189068517245,0.17617555408388608,0.40034900468948065
168.20000000000002,0.059168015868801604,0.0900107199357131,0.23806662454987076,0.17818934111982948,0.3801368264184365
168.25,0.059839358379590146,0.0910875564683092,0.250698111128339,0.1677464302622861,0.3801589925298478
168.3,0.05565104179798256,0.09803257530424399,0.2520488587060002,0.16216228195532054,0.39941589256655835
168.35000000000002,0.0542691850663565,0.0942403813250873,0.25457227049543063,0.1610670245017216,0.40411640014547306
168.4,0.04423712973859426,0.07725525083430469,0.26491895873984106,0.15613976105387323,0.4097476552755672
168.45000000000002,0.053390936204886205,0.07900212978726595,0.2721177555426999,0.164675993130124,0.41709758910109535
168.5,0.060592102107549096,0.07901116837723182,0.27087760673478967,0.1578354721181388,0.4317045239102149
168.55,0.07189406489632943,0.07870757333274263,0.27649214141654277,0.15794251160310646,0.4433095745242531
168.60000000000002,0.07826307304494265,0.08484970260669776,0.2828349732712026,0.15397424744865576,0.45617157580673856
168.65,0.08349027088133673,0.07624821371068838,0.2793821172581937,0.1586666776326158,0.46870631515085437
168.70000000000002,0.08638738557279384,0.07071823968359284,0.27709150585760434,0.15687991890224834,0.4704671693674272
168.75,0.0925262638572286,0.06110170071146594,0.27861027513190273,0.158911366778921,0.4725152341850146
168.8,0.09180247617316431,0.04463397143980573,0.27599850061088765,0.16362903702712395,0.47000803259750046
168.85000000000002,0.09617215616011493,0.03788970616573983,0.2756365427253921,0.15302505592743323,0.4645028981957044
168.9,0.10121515008671349,0.024151995285435005,0.2817756004441907,0.1443283680950329,0.46120421876798195
168.95000000000002,0.10491792068928579,0.0013759175230387702,0.2789250595796556,0.137582014349882,0.45907028614285583
169.0,0.11175409484979919,0.01568466128912871,0.2739153444283046,0.11056079835120798,0.45754981453034305
169.05,0.11136446152032133,0.044161848573695664,0.28427561550139213,0.09537350686928299,0.4557845372556774
169.10000000000002,0.10208415935643926,0.059043873138972684,0.29993594863138373,0.08761790999782486,0.45540934104973835
169.15,0.10116120200361478,0.07326358065919816,0.3046613494373672,0.07755390066771424,0.45119351182666734
169.20000000000002,0.10251541543249722,0.08904470955321417,0.306117437320365,0.06581129734774349,0.46557691385023653
169.25,0.10348669895341774,0.08802860319455913,0.3121492996433443,0.03946998070672919,0.4726365575975149
169.3,0.09949182572177681,0.09802305750796173,0.29967085344672817,0.02666042237707656,0.4765237600370617
169.35000000000002,0.09525508985438923,0.08749771299487627,0.3004118317476124,0.008429558836692231,0.4663556177940036
169.4,0.0902611600388473,0.08208346442734217,0.30047885988952394,0.011488017607413201,0.4678580553235292
169.45000000000002,0.09157231121048702,0.07139707057744565,0.30643810273316374,0.006299693081275561,0.45787547427406144
169.5,0.09167376276053674,0.06896947676767652,0.301915527406168,0.01550782450495242,0.46010628741184395
169.55,0.09396868337006771,0.06332063607816345,0.2926465168399907,0.024944815034040682,0.4629190429892962
169.60000000000002,0.09570365340676408,0.06647919621517659,0.28922382203768493,0.03135576320529547,0.4675848588256645
169.65,0.08968095394636989,0.07543888635405777,0.28873119704449907,0.026885061603407697,0.47812828136892116
169.70000000000002,0.0845874139111977,0.06337307710419032,0.2941220932558914,0.028997355088044484,0.48148173017256063
169.75,0.07607109826849616,0.05107879957007701,0.3014298185676606,0.021271420802467723,0.47833857416067727
169.8,0.061706846702291596,0.03694381441821784,0.303494367679487,0.009354736609116992,0.46666728236391775
169.85000000000002,0.04479357044789839,0.03970424993745823,0.2842466091420422,0.00886239457256465,0.47840279569104527
169.9,0.03362785903792251,0.029020115648547798,0.2803537263105815,0.015106899011131797,0.4819351215009519
169.95000000000002,0.02802436899015166,0.039612573503396746,0.2662691052402436,0.018801719030724237,0.4700569472873229
170.0,0.016950431603947724,0.03719207850299398,0.25334923897873274,0.02185054559669321,0.46328831313542834
170.05,0.007905484051108452,0.035776264148605776,0.24007056330725357,0.02929566789089089,0.4598074761505688
170.10000000000002,0.0038623800917531536,0.03685966695495675,0.22673378037361985,0.02171394110529072,0.4450390834917108
170.15,0.00910886449835195,0.04744693157379281,0.21503449260127946,0.028577718372843244,0.43231463594202196
170.20000000000002,0.006269745412879813,0.06012202791559881,0.2026789096316736,0.029110341508608677,0.43218638889581207
170.25,0.009701325647283033,0.06100929802292346,0.2033201410491607,0.031777001499344544,0.41800329314578066
170.3,0.019167418764731856,0.06144486024129966,0.20507898157777094,0.027187745027242603,0.4130278984712421
170.35000000000002,0.03319543996269186,0.05435669654009157,0.1916325957321648,0.02134631105884984,0.41237486589589223
170.4,0.04572901407294424,0.06246099529174249,0.17717444181509728,0.024512108441230644,0.40760272491762645
170.45000000000002,0.06128877011386076,0.04778017615685669,0.1669254147605911,0.009829095371138878,0.3901962297261124
170.5,0.07570174438202334,0.035702915333760694,0.15006537238355375,0.020734547997536483,0.3691614899383649
170.55,0.09341958825021716,0.023679573725962005,0.1365114574793991,0.027761854494260118,0.36623110880160836
170.60000000000002,0.09979723417005927,0.032063872208446365,0.13710213564352655,0.04043074610461291,0.34050163713662546
170.65,0.0987038023097809,0.02488028183477796,0.13418731048986207,0.04037206068669718,0.330532632769918
170.70000000000002,0.08282103397739563,0.023451000580984285,0.1448186930331751,0.03233355836556708,0.3379113400205825
170.75,0.07530124405496452,0.017263411592561454,0.15239006711303366,0.03720147450077079,0.348747214074306
170.8,0.0641310716054013,0.00936327651902575,0.15290343532816406,0.04049466075421031,0.36531146133892983
170.85000000000002,0.05489640540031627,0.014038255841766482,0.16398688116695995,0.047462726268315075,0.37491489112567833
170.9,0.05006742878560503,0.005741681932611031,0.17315533035748226,0.05227782955574408,0.39037280879482017
170.95000000000002,0.04372478709937762,0.0046329235362903105,0.1768928629740654,0.05211163056976947,0.4151132131138002
171.0,0.053376441964177686,0.009863825065415286,0.18392425491628409,0.0503939591551397,0.4228169863587632
171.05,0.06345861557315909,0.012762425112000037,0.18053795554002414,0.04775900575357193,0.43247948357898347
171.10000000000002,0.07079777027008725,0.006887689971745808,0.17444302231378417,0.058513874562028285,0.4278218704858067
171.15,0.081431494358237,0.018126360775788105,0.1600760673612222,0.06173363631157013,0.43560220200760735
171.20000000000002,0.0891565231439551,0.019852052760198385,0.14345154239050834,0.05548066614964809,0.43043539973999784
171.25,0.09959317975784748,0.019823524890353154,0.12562750087522787,0.0770983650150787,0.4216563331358867
171.3,0.10458367202410337,0.03004890270529248,0.1268454272540501,0.06871014870607023,0.40134317140079323
171.35000000000002,0.10679648913765756,0.022046846664723993,0.12337020079278475,0.0780439954017268,0.3876482947811451
171.4,0.11381962413809667,0.03789937106210498,0.10178160539483747,0.07858050632358579,0.4062583193830169
171.45000000000002,0.12229390272539045,0.04440935424996722,0.07984339830893433,0.08318750172096123,0.40192786508264366
171.5,0.13108178092434644,0.04376506354806866,0.0749814385989367,0.09570989122949711,0.39459167459186884
171.55,0.14175918983493857,0.05853555832096228,0.06805710561495615,0.09820494026602941,0.3868613882586061
171.60000000000002,0.15108736288263636,0.0569679978371092,0.0668451421105219,0.09113351964228228,0.3880928266797683
171.65,0.16492539749624338,0.05720095788796353,0.039787889728166236,0.09066925812441948,0.38690037640649255
171.70000000000002,0.17571977065845842,0.05879194468421155,0.03270962860823686,0.10188112875811482,0.377160088284991
171.75,0.18616516960675358,0.06932255436358542,0.02842826040328239,0.1137505095571924,0.370791269172519
171.8,0.19456680825515932,0.07982691295888897,0.03876003975249357,0.10383248996691377,0.35102339852402553
171.85000000000002,0.21373601758106467,0.07003418918243298,0.04717687015094072,0.10913963855117659,0.33052599811164124
171.9,0.23032710197586548,0.05892902392336404,0.06413119777508135,0.10617479170993506,0.32410990003155854
171.95000000000002,0.2417300527859156,0.06371001170745527,0.06968610373723264,0.11052738329534734,0.3070005961428521
172.0,0.24994162757459476,0.08861202603624167,0.09959350759120919,0.12025690182343556,0.2974309917360215
172.05,0.2476507292459607,0.10431929138989557,0.10655410627889132,0.13732902498755792,0.27611059116606257
172.10000000000002,0.2480489383224751,0.11486423010154127,0.11263725970564466,0.16371985606471964,0.2652911518599863
172.15,0.24813501886102146,0.12256296646185459,0.12100040721012895,0.1656100246454322,0.25961775354357614
172.20000000000002,0.2527435221473254,0.12374542401318436,0.12919798540266653,0.16811356926494178,0.26124886884121623
172.25,0.2541053448517999,0.12960545498577444,0.13497780628112363,0.1750875143136195,0.2561914873724376
172.3,0.2625201666312357,0.1387374284318959,0.14403702307767066,0.18676102024572752,0.2578880019824291
172.35000000000002,0.271510018164075,0.14117244080415245,0.1501249985831302,0.18483540383065886,0.2497887077934153
172.4,0.275453839359559,0.13967251650496745,0.15151049370063485,0.18784829340133904,0.2501945668677441
172.45000000000002,0.27879931636830624,0.13859917052367782,0.1586778453094717,0.18412276977776665,0.250680246841458
172.5,0.28447209088808156,0.1307767941399203,0.16197499961616849,0.1719848012336097,0.24719641782048346
172.55,0.28413341854109053,0.12546501310584487,0.1692520147743075,0.16266434037647795,0.25668691568462326
172.60000000000002,0.29348288284239293,0.12458713879541213,0.17744856470633327,0.15236373471098127,0.2458101443724442
172.65,0.29717395599374796,0.12316416143903848,0.19230877904985286,0.1485046040570083,0.22857538943995528
172.70000000000002,0.3056607935218439,0.12593487212929388,0.19309580284383757,0.1483495875962782,0.20814022075514796
172.75,0.3068375828922137,0.12951698779522453,0.2051871200465275,0.14102072019752399,0.20218630711848884
172.8,0.31172406015453735,0.13204999466215708,0.21342731799271017,0.15491375616316047,0.2151721338064291
172.85000000000002,0.3145401873993436,0.13605654973493747,0.2284600866831062,0.14585907256997946,0.2360077641082248
172.9,0.3090183995264291,0.13623472889616373,0.23360846728639167,0.15797146757798225,0.243200985211204
172.95000000000002,0.3116769565024679,0.14869292181565724,0.2370731421733309,0.14614499117819352,0.2577713938923475
173.0,0.31741396495913565,0.1452826871384161,0.23730479104762614,0.14635682156757085,0.26629646752663133
173.05,0.3105187734832792,0.14471195931854341,0.24239811640342093,0.150004504782568,0.2684772658238751
173.10000000000002,0.3075104032367225,0.14519608911705578,0.24820813351347745,0.14160454280050463,0.2777659040708704
173.15,0.3132287763897876,0.15253714041009425,0.2508339622929541,0.1429497754276207,0.2865461352457936
173.20000000000002,0.31295298253073517,0.15665293255616417,0.25181024543731495,0.15044597442230753,0.3008594964427964
173.25,0.31364247227264513,0.15584432669556808,0.26049596579450485,0.1538747949013993,0.3169121972796234
173.3,0.3160544721200248,0.14843332881885787,0.262922128313144,0.1520986097139831,0.30444461058586897
173.35000000000002,0.3208756596243069,0.1407488280852017,0.2695139068167123,0.14879003465724885,0.29910881132437733
173.4,0.3168666659513258,0.12798999937807815,0.27396582202757774,0.1442074733052183,0.3018304138939495
173.45000000000002,0.3196759495535467,0.12541698634222226,0.27934957922612375,0.14544565447197952,0.29882928512424267
173.5,0.3220506835556303,0.14570664494265473,0.2861913545468843,0.14015879048852892,0.2910772808786063
173.55,0.3281806522361451,0.1429562648071082,0.2909680465923349,0.14314847613763715,0.2912311477762634
173.60000000000002,0.3321711102370324,0.15262551676716837,0.2968333704188225,0.14851886112822932,0.291860663203756
173.65,0.3372660345713026,0.1668396817298453,0.30148535790282455,0.14877873960969398,0.28810173474638034
173.70000000000002,0.33369158156310236,0.17904118414263237,0.30469439362283307,0.14693746038128674,0.29002213217236894
173.75,0.33190601900493055,0.18418970238009116,0.306620823242301,0.14059487640189475,0.2916274682901183
173.8,0.33632556692842347,0.1856064566703797,0.3178235101079024,0.1549584160628333,0.28993735478544846
173.85000000000002,0.336057536013917,0.19602258532815836,0.32811659216463757,0.15617645894407509,0.3126007434728142
173.9,0.3313591550211702,0.19256185034661366,0.32744759732830037,0.1430158153601419,0.3218763472964592
173.95000000000002,0.3347963235277266,0.1912748642862892,0.3250065746882271,0.12867823213739585,0.3372171307046037
174.0,0.33092290469035524,0.19339840918818194,0.3223063559916853,0.12192326127973395,0.3590750577632373
174.05,0.32680339364163585,0.17533813177417162,0.3172782930247432,0.12043103597999845,0.3785336347068705
174.10000000000002,0.3201836306188988,0.1645890197887166,0.31586015697066755,0.10535602651336956,0.3908047174980967
174.15,0.32105420226031767,0.1733776093229194,0.3129511757729363,0.09189304756152455,0.41417545434204567
174.20000000000002,0.3295419068724016,0.19145529366014474,0.3087327986005565,0.08573450595685202,0.4281001303908665
174.25,0.3263753259081024,0.19665501054273124,0.30689909915157315,0.0848442998382584,0.4345252888104351
174.3,0.3206033481726305,0.21387500135245185,0.30734606244396084,0.08141226869645624,0.45599714123281565
174.35000000000002,0.32146831776350976,0.22705131813747878,0.2993161735413381,0.07679352302690416,0.470506404933494
174.4,0.3200814295699433,0.23057093111778026,0.2853734521165495,0.06285835834814675,0.4857169779380847
174.45000000000002,0.3155277330151146,0.24444096114561328,0.27155930443221005,0.06028180485686964,0.5031947573346984
174.5,0.3126805405036886,0.2617138805435541,0.2543650104976089,0.048234407873781276,0.52954103095891
174.55,0.3074059685315409,0.25114237283296725,0.22680484685007174,0.044054218772080336,0.536296571907041
174.60000000000002,0.3069842524752832,0.2580350214147413,0.20679694193195466,0.03700747491914106,0.538824122136269
174.65,0.2970195344755587,0.2640959198029804,0.18747676614872186,0.02499121116103872,0.5325160270202279
174.70000000000002,0.2916092222324395,0.26393110287883037,0.18136614741011128,0.013981310927418533,0.5273198485305894
174.75,0.286139151849002,0.2605269338248322,0.17454285783516618,0.03339593139233434,0.5431303603736797
174.8,0.280597655993553,0.25963304771516316,0.17103503218139565,0.019428104844079856,0.5466591187502542
174.85000000000002,0.2780365881178701,0.2658267471627182,0.1621109095471085,0.024991722695873395,0.5416291547040742
174.9,0.27103133117708883,0.2619248386917465,0.1443896758942063,0.013493657899959441,0.5427245266604834
174.95000000000002,0.26184096561503867,0.26406351046025595,0.14423983998512854,0.016254863005209494,0.556783814105608
175.0,0.26225999759672036,0.27022091978303336,0.14421034964389384,0.019366966319316694,0.5711910997998692
175.05,0.26063162181838234,0.2774737185250466,0.146752850232706,0.010749559222128028,0.5782402405789381
175.10000000000002,0.2584198189614682,0.28007100457171813,0.14528130268238612,0.0034472222117991657,0.5782890758440896
175.15,0.2492719642264096,0.2819703935263296,0.14310735596950327,0.013661239890160926,0.5853580167713501
175.20000000000002,0.24906344793174262,0.2810165854104051,0.13432418418576647,0.03432970511152956,0.5887292230008878
175.25,0.24743078562384815,0.28728632085300193,0.13150084059289185,0.044824826322307255,0.5930063779385815
175.3,0.2535232853331621,0.2901862181751302,0.12899953495932456,0.059689541688193216,0.6126162726215381
175.35000000000002,0.24462186202786165,0.2980428196179232,0.1364999014100216,0.05529284611285048,0.6151326177453326
175.4,0.2379016933110301,0.3009981616221696,0.139317021206668,0.07379642774484613,0.6174468397457423
175.45000000000002,0.23867708534792864,0.3053787389939409,0.1302019048282857,0.0790697451494113,0.6217720292138209
175.5,0.23036192974814523,0.30724776557207223,0.11876111669999986,0.09960050747253726,0.6183119158871914
175.55,0.2282686958193992,0.3114529102606088,0.12249864038030812,0.10593643770704829,0.6294735627132882
175.60000000000002,0.22900386005595907,0.31405132124715396,0.12902222913688088,0.11910289510297555,0.6430263997928923
175.65,0.22348446693223445,0.31956576769064526,0.12586452280359678,0.12094452929213685,0.6490007830289632
175.70000000000002,0.2170764142749219,0.3161677144219207,0.12420374018313673,0.13528101828311753,0.6515323257552175
175.75,0.21745213282079615,0.3160912739965607,0.12505882258744772,0.1612165419407802,0.6588626364515519
175.8,0.21978832375660837,0.3151555999913022,0.13737152673744035,0.15721001461740836,0.6718288072093704
175.85000000000002,0.21870095840301682,0.31138872670443474,0.13801009145689666,0.15743638972752605,0.6706629780217129
175.9,0.21689806436748213,0.30973986857646946,0.14463253919227512,0.16372840232612712,0.6875871102346529
175.95000000000002,0.21272262212395096,0.3108893904875538,0.1443195661565237,0.15691608706071386,0.6877696407301254
176.0,0.20986600917063333,0.30561202961399575,0.15683593377203747,0.17540789118246908,0.7022881477382849
176.05,0.19365680251801684,0.30923619019307674,0.1566203295139308,0.15460155333009576,0.7021588523659521
176.10000000000002,0.18508759984347167,0.307264522813283,0.16643506148030784,0.14709678729787992,0.7120773319070605
176.15,0.18101476491509058,0.29256343209701485,0.1770625126161764,0.1347903034660078,0.7072516922450391
176.20000000000002,0.1745328697256168,0.2816256824684533,0.17918097723396156,0.13444532831806583,0.6961509937251716
176.25,0.1679909132941797,0.2690824650970059,0.18033718611403016,0.13435891630444077,0.6875779540081174
176.3,0.1590408110747208,0.26598551129604053,0.1869077564300508,0.12529340587196972,0.6782687435184274
176.35000000000002,0.15586394864499223,0.25676013388347946,0.19796750257357748,0.11536739930593674,0.6746216873402139
176.4,0.15641175391629034,0.26122557410086844,0.20017237730221066,0.10581569911458193,0.6635282782994169
176.45000000000002,0.15657106504882543,0.24512079292891906,0.21276232932022707,0.09861145470785497,0.6590985952773596
176.5,0.15313903829857395,0.24809234966743335,0.21981157913686428,0.11065942888968683,0.6471377837948454
176.55,0.15616061593702651,0.24214992607811583,0.2312421261884024,0.11982836766261806,0.6378543895636156
176.60000000000002,0.16358427335078504,0.2429666717337774,0.23430085427305106,0.11763455777042575,0.6504272512904302
176.65,0.16467320946639985,0.23933701019792183,0.24341813417356828,0.11244974122728942,0.6659020861170978
176.70000000000002,0.17493018395304785,0.2540294569235177,0.2470983599215787,0.11837996405670144,0.6780175025475137
176.75,0.18807739066429827,0.2543977865142778,0.26024953203995566,0.11395104031934167,0.6992382453200727
176.8,0.1904754462189766,0.25825899808855934,0.26065206984852707,0.12220493794733407,0.7128096975364755
176.85000000000002,0.19696103335358203,0.26665490880753534,0.27016246847765013,0.13121361115565516,0.7312775677458124
176.9,0.19967879446674514,0.27630279907701094,0.28134469809425106,0.13315575232456342,0.7461372819328355
176.95000000000002,0.2039480583345487,0.2741799702520661,0.29491036996404096,0.13761377787403495,0.7608007261833104
177.0,0.2126676112676092,0.26866258331615006,0.30327639312239646,0.14429573506671547,0.7698956121698044
177.05,0.2245514531089518,0.2554615540342365,0.3162366025055007,0.15583598382048452,0.7603040281864442
177.10000000000002,0.22698595258107354,0.2528414126372357,0.3330904734651698,0.16568023871028684,0.7518995002402736
177.15,0.230184670897727,0.26404033331140436,0.3349186086924518,0.1695691945564804,0.7449151287719629
177.20000000000002,0.23320480358488238,0.27361334319034947,0.3414941345971613,0.16916255401789657,0.7638013573410006
177.25,0.24375349897168097,0.2737976771070408,0.36085891951723126,0.17664623680468663,0.7850399388794255
177.3,0.24666646794712238,0.2690551231827263,0.36827620452251675,0.18166179455165535,0.8067984203881429
177.35000000000002,0.2506121168198159,0.2685739503748604,0.3705030109016647,0.20019258800183462,0.7888690594937954
177.4,0.2614179267322138,0.2563401370740208,0.382059316861983,0.18194074756391776,0.7768158669620172
177.45000000000002,0.26253943409689123,0.2507073440278717,0.38348905079676093,0.19223830960126495,0.7496680489740483
177.5,0.27212607023695423,0.23978979020865265,0.3862395881038147,0.19189774440296686,0.7408340042099415
177.55,0.2790886284663015,0.2408021823494232,0.39377577158850224,0.19264778141092243,0.7417241177876542
177.60000000000002,0.2835067455551612,0.24578569803905226,0.39546037040157495,0.18347988503790763,0.721979962347175
177.65,0.2970266452686278,0.25030888935711876,0.39850623653905287,0.17172807341000046,0.7187257837320056
177.70000000000002,0.3037921251324877,0.2510655886030743,0.41366681485289913,0.17173451568648895,0.718915851499156
177.75,0.31214491871863165,0.25363713682336203,0.42083121256889244,0.17714592109299035,0.7072503697023527
177.8,0.3179037861407637,0.25305791181202836,0.4272849313856347,0.17564785088070448,0.7159487552705759
177.85000000000002,0.3288035451607578,0.25344120433234313,0.43115723971167713,0.17750181264153586,0.7251445571281527
177.9,0.3342309105645875,0.24604433121532446,0.4367022579725748,0.18013194302675464,0.7154719390623161
177.95000000000002,0.3419057082351168,0.24291431872073443,0.435255463895127,0.1882538966666209,0.7074989874255218
178.0,0.34714877868011973,0.24087111505447475,0.4343618888237135,0.1730983033287364,0.7011881629567968
178.05,0.3528893816078344,0.2391841678416949,0.44328188796172807,0.14804590518092134,0.7036494602692396
178.10000000000002,0.3646848076709815,0.23650707368600732,0.4422703770108211,0.1412450257326702,0.7110871224480804
178.15,0.3703447716424021,0.23890709133569507,0.4312045294019507,0.1520841715907256,0.7081232875477486
178.20000000000002,0.38305109730567993,0.23000012167065334,0.4228329301960399,0.13276691133659302,0.7005268305030888
178.25,0.384046748665618,0.23353246394738283,0.4243325682890641,0.11975955093776477,0.7061969670075533
178.3,0.3892138434430826,0.23724220570018067,0.41087588622354076,0.11614994176933202,0.7070898110076589
178.35000000000002,0.3888398282908444,0.22883934555224403,0.4100118864556289,0.11330564795216826,0.7208839248205836
178.4,0.40078301900622326,0.23753314259857533,0.42093154096472146,0.10988432529172933,0.7332884867876687
178.45000000000002,0.40826902248659974,0.23881916763793848,0.43640548373925403,0.1186671262129485,0.7378987304324748
178.5,0.4090144293771648,0.24076046225973094,0.4408168110862049,0.11787756743242346,0.7367345301833003
178.55,0.4082451320509737,0.23583732134088195,0.4406932763464556,0.12005421280260072,0.7447947988725739
178.60000000000002,0.41901693939428447,0.24881218835239854,0.42567063314824105,0.1299759340933576,0.7522016666056521
178.65,0.4113946250611148,0.24082805399067678,0.41465155870155623,0.14111270549751403,0.7496295449876851
178.70000000000002,0.4202773504842847,0.25300188537459445,0.40603103255196626,0.12796027763797885,0.7540951734054484
178.75,0.41659829511561985,0.24071999243430436,0.380927856788902,0.12168675640611668,0.7539527811289465
178.8,0.4180383084827334,0.23719414057903374,0.3721672692107207,0.13140043145883004,0.74361182691516
178.85000000000002,0.4224886268884314,0.24187394861439152,0.36867736926801264,0.12269521266502054,0.7322076497475531
178.9,0.4291033139031745,0.2444309459435971,0.35582897093373894,0.13793798677814997,0.7288568597747904
178.95000000000002,0.4406150601786697,0.23953814872528192,0.3567656456330982,0.13466028773924546,0.7304703069211068
179.0,0.4375872012833865,0.23237802084433798,0.354100353283128,0.13496258146374635,0.7283112862978499
179.05,0.44475774249227124,0.23823238288424975,0.35349106490192733,0.13792133320173247,0.7446906266735869
179.10000000000002,0.43770244153327215,0.24059459388601848,0.35724662066883833,0.13757644081934392,0.7429482949397473
179.15,0.437975213411203,0.24358203682180143,0.35087481647112395,0.14649019065641258,0.7461262749755706
179.20000000000002,0.4305456587371584,0.25094814159631357,0.35421868806117224,0.1473874470498745,0.7430538443972441
179.25,0.4278606249649169,0.24816023204037635,0.35257410367516673,0.1584096167506168,0.7343363480855853
179.3,0.41010056985030124,0.2433785838526967,0.3374924684022852,0.16640471911005558,0.7298582889988651
179.35000000000002,0.40941124516510025,0.24219831602422842,0.32733055011118345,0.15742532727078265,0.7113340210996282
179.4,0.40788129922461946,0.23482538373136158,0.3168527743569382,0.15792783482445694,0.7167824111238537
179.45000000000002,0.4004093573692124,0.2258982398658016,0.3090451570647814,0.1644987933121894,0.7093322369474556
179.5,0.39333606025512013,0.23192448400647642,0.2994161398228491,0.1601374514802988,0.6976237880205142
179.55,0.3790805483776609,0.228901936347563,0.2872402621894178,0.15189657909391852,0.6888827610095175
179.60000000000002,0.38014555728210264,0.2169832353364042,0.27182387581785517,0.16136557010713257,0.6843278036002295
179.65,0.3655876236318244,0.20455119704813002,0.26186261843601705,0.1507889761279126,0.6713693330569649
179.70000000000002,0.36764751835963866,0.18793641063310534,0.26058805951619785,0.16007670820243075,0.6559858634858272
179.75,0.3613772443802333,0.19021144428893447,0.259951236159016,0.1575806861989364,0.661448975600379
179.8,0.36254289156462766,0.18484746457634507,0.2548086590118163,0.15973732712669597,0.6651361189597701
179.85000000000002,0.3656235559122153,0.17903169743806202,0.25693857858305236,0.15868561772572218,0.6758818396024572
179.9,0.35618032301150276,0.19035264730836252,0.25063000216427767,0.15524379205250513,0.6766031841738448
179.95000000000002,0.3515744395421352,0.20142976350591688,0.23574832014461045,0.15135811649276723,0.6777993643529868
180.0,0.33677155249658475,0.19923697322349557,0.22479079273693317,0.14943694031045773,0.664343997116068
180.05,0.3308777841483045,0.18774917862633186,0.21210704055009888,0.16234156787220305,0.6674096925832096
180.10000000000002,0.3176069769203946,0.1682935667511923,0.1925299215165411,0.17735797088588262,0.6503633659314098
180.15,0.31616291665581714,0.16089600039035934,0.17729720290460044,0.1979786376946941,0.6175046662870025
180.20000000000002,0.31099275083339095,0.14589387329760695,0.1688799455371263,0.21344411055076146,0.5865396627292824
180.25,0.2951087404678369,0.13063706747570675,0.1697013116729939,0.23743044229537694,0.5749616696068107
180.3,0.2888201039777191,0.1284283205380387,0.15745174382984706,0.2504909801260189,0.5625589256116768
180.35000000000002,0.28267827345891244,0.12349422536605674,0.15575154698036386,0.2295377964808309,0.5569699042392755
180.4,0.2809354912008072,0.11950545813338766,0.15097698524328246,0.24073977013472125,0.5438121320150585
180.45000000000002,0.27292777042186633,0.12442362470965054,0.14858420272396802,0.23339469901314167,0.550592487612058
180.5,0.2754511180761144,0.12148198281949313,0.14849912603149715,0.24814327370511338,0.5436594179904746
180.55,0.25924642438704104,0.11098735115488544,0.1363543987483645,0.25441101723307835,0.528078367283546
180.60000000000002,0.2623750502707546,0.11114798994685843,0.11933776882127646,0.263712455189326,0.525146702098881
180.65,0.2539785887288155,0.10442669025860216,0.10963632020633124,0.24704412273855395,0.5188833297623953
180.70000000000002,0.2386746240258865,0.11000535242761392,0.09769950941305552,0.24217366659660086,0.5270694301099048
180.75,0.2335888714805512,0.10905578765747163,0.0829648280956674,0.24315147242857837,0.5348416839140958
180.8,0.22151773516596915,0.11074301420563916,0.08006100228378794,0.24774077309035258,0.5498267515948211
180.85000000000002,0.21636628152667178,0.10593703617056409,0.08156359900105595,0.2553580412113061,0.5575762359114924
180.9,0.22020081238804168,0.11898347790696528,0.08451733396729703,0.2726688840288912,0.5541234668292213
180.95000000000002,0.21188240110379344,0.12499555089744971,0.10152886672982309,0.2674413981493683,0.556458657064378
181.0,0.2058768291069846,0.12214847943799823,0.11250846101978915,0.26590840405458194,0.549675368178928
181.05,0.21111092474025617,0.10999864659002599,0.12447341669074379,0.26660282767674515,0.5443199752354457
181.10000000000002,0.20392681580711422,0.1089505863719035,0.12617465542424688,0.2813269062856894,0.5432377643510861
181.15,0.19987985222727822,0.11681778281402548,0.11722979979366266,0.28029996995024237,0.5448873283437351
181.20000000000002,0.19256000218648003,0.12022892831976287,0.11463149813510842,0.26213255206450187,0.543401767303185
181.25,0.18552523921103445,0.12257495471133749,0.10746401546047626,0.2639213205846143,0.5578270378158029
181.3,0.18457290100720275,0.12441186772377025,0.10583740839638377,0.25992005002436075,0.5604067193238134
181.35000000000002,0.17773232075286133,0.12907702017696077,0.10110894753907215,0.2587687296340405,0.553201917541327
181.4,0.18404329015025572,0.13079077578868706,0.09659572603976727,0.25060253379203473,0.5446983862975686
181.45000000000002,0.18135766287603314,0.13866121033552695,0.09738859852095193,0.24843822495298717,0.5436507787829028
181.5,0.1830342178575737,0.15138499931691904,0.09600311019189424,0.23474324003677138,0.5493798040854584
181.55,0.18880146052934996,0.15218036218961284,0.09884961789300314,0.23078260167936182,0.5437787093601386
181.60000000000002,0.19208376824054824,0.15400425530866818,0.10756297817009693,0.22106575865710368,0.5585372140315332
181.65,0.19625240256445936,0.1570342856470924,0.12447210017459467,0.2259982550588809,0.5457808224310239
181.70000000000002,0.20280654857965316,0.15430205048644302,0.14061221205775487,0.2358413061907574,0.5305376203578231
181.75,0.20754088893284406,0.14047761349343374,0.15919703522349618,0.23482599205450358,0.5051587984874163
181.8,0.209866970199941,0.1346419261990727,0.18295727559863242,0.240677247409998,0.4954155271414654
181.85000000000002,0.21001730243685096,0.13499493269992682,0.19153233282999832,0.23551474613405332,0.47354084564254045
181.9,0.20676801839980755,0.12139039711389796,0.19834751551491067,0.25304650887388125,0.45467448598207816
181.95000000000002,0.20999413298523292,0.12678504110056332,0.20421807589332658,0.25747410883564464,0.4214526222947408
182.0,0.2120701285740046,0.1447203079730401,0.2122971706525786,0.25494127625478646,0.40930489552952326
182.05,0.2113137688260187,0.14512977544083888,0.21910599877096723,0.25166156595818234,0.3887153173646215
182.10000000000002,0.2079233372580842,0.1463422767675553,0.23238469034176998,0.25172492402322105,0.36910368867275145
182.15,0.21451830964737964,0.14249887818137424,0.23967646208465315,0.25310750825795836,0.3818176099342718
182.20000000000002,0.21629654699252074,0.11269993657919776,0.24788603447156093,0.24019174949335104,0.35626906304456823
182.25,0.21702099591049814,0.09470546467156453,0.2507836954959113,0.24485239535547562,0.3521747334109909
182.3,0.21703123918900483,0.09321849952768096,0.25504072185070376,0.2462184980575946,0.34955321573171305
182.35000000000002,0.2207479190100218,0.08495074231100465,0.2652387932075737,0.24558730588820965,0.3307930418143218
182.4,0.2266221294456077,0.07678266560814961,0.275879856692548,0.249954038894363,0.3045424357840702
182.45000000000002,0.22871230037812945,0.0738444265538473,0.285496369827207,0.24513275526748662,0.2986143748635665
182.5,0.24438847590348492,0.06706195281897952,0.3018287445209052,0.2547050552496279,0.29147296339761536
182.55,0.2577197494715242,0.05230944081191289,0.30703495306797346,0.25336021153605826,0.29656093655843313
182.60000000000002,0.26980658839159927,0.04334838550291117,0.3081343945876442,0.2562774984751744,0.2844258654304273
182.65,0.27273626232389725,0.0392467851366363,0.32190112493570383,0.25603559101280443,0.260431384791744
182.70000000000002,0.27858028997352485,0.04064254737149476,0.3282319962764379,0.2605864217156573,0.2426601158286258
182.75,0.28054898224204927,0.05385011087752358,0.34138995187981896,0.25839351017390355,0.218850771799547
182.8,0.2884226660468669,0.062020559801472315,0.34138563382934883,0.26447308385439405,0.20762584520882163
182.85000000000002,0.2945324332160792,0.06631532503630427,0.34281659422697813,0.2749637019404057,0.21103698889977987
182.9,0.2948232230578209,0.06475005178411324,0.351691933206668,0.27987267309669767,0.21838315996170476
182.95000000000002,0.3043230432139383,0.06952556577456977,0.3527326539170949,0.2812874584873509,0.22065364640579657
183.0,0.30370213891416936,0.06820426182336807,0.3447335881534405,0.27310906805019536,0.23099419183006678
183.05,0.3152924526844265,0.06729088427205654,0.3583797140352387,0.2584556934521033,0.25541294872673875
183.10000000000002,0.3261246569439249,0.0577898302569145,0.36658722048682196,0.25823896594010814,0.2694242121165628
183.15,0.32474378342059124,0.05593393863912021,0.3737321626691757,0.2576860568358748,0.28006119421816095
183.20000000000002,0.3366119940995028,0.06645970858240152,0.38112268493024903,0.2719180389325407,0.315379656375729
183.25,0.3408200683276416,0.07402758755779704,0.38242709291488175,0.2924190919273196,0.3575798702813716
183.3,0.33808443353349316,0.06859521350003739,0.38580944626558195,0.307233362424546,0.3660201880182961
183.35000000000002,0.34641723736633045,0.072226937363907,0.3849694795138778,0.3175953109726687,0.3842066859697513
183.4,0.3513756631742212,0.09151210569438532,0.3884036762848622,0.32959206858587264,0.3917721185354156
183.45000000000002,0.3547928451089987,0.10256482919248303,0.37983738764239644,0.33590514712986264,0.3598161748788782
183.5,0.358666535355788,0.09383343561137986,0.3877999122002903,0.33434879923549543,0.33798894847981076
183.55,0.36411679826370735,0.09089859206035056,0.39972903500104234,0.3554316397925212,0.3306985109114073
183.60000000000002,0.36574154622218596,0.09830387466358555,0.39978156016031313,0.3655451365916068,0.3501090641946444
183.65,0.36570474788894614,0.09724957914534221,0.3998654388467213,0.35916149042034995,0.3469235055482631
183.70000000000002,0.3605660945914396,0.10214055072152581,0.4028925869438929,0.3534470158844049,0.33643395856244535
183.75,0.3649433185943485,0.09400503776889023,0.39994891384551273,0.3551360525592534,0.35313501194277697
183.8,0.3605319795272418,0.09033456713665446,0.3968530575650486,0.34726103418226856,0.3904750583959304
183.85000000000002,0.3574622784966944,0.09879868331575901,0.4127613024699026,0.34089961487951076,0.41316887559139565
183.9,0.3458028052042034,0.11260803304790834,0.39766598370404443,0.35025431240763144,0.42235722235231715
183.95000000000002,0.3327065648619786,0.11889808676792683,0.3881414448758407,0.3639968617560851,0.4640774418825721
184.0,0.33258312282784824,0.1276784362930704,0.3848426473945924,0.36648839510476794,0.47013248719334977
184.05,0.32737186752425945,0.13365839560108764,0.36576742007440544,0.38138238705513094,0.4715573574127436
184.10000000000002,0.32030345433753166,0.1431888816786425,0.3527675521715823,0.36893722715202626,0.46743639415642674
184.15,0.32247388341147,0.13981646614763565,0.3423932359922271,0.3787433580602207,0.4706572956823377
184.20000000000002,0.3413887263110711,0.14522531764031082,0.3203096048499848,0.37246963626678226,0.45993188533076906
184.25,0.3384666756313305,0.14814042801470145,0.3014122542134436,0.3707883867922118,0.46038235970716657
184.3,0.3345948683598339,0.14467380860963672,0.29969243383541727,0.3747861335821144,0.4795730841064878
184.35000000000002,0.34687962679723156,0.16407167840885045,0.2983743518049918,0.37749177452206256,0.4836545333473248
184.4,0.34917861508279424,0.17051993544272306,0.28153759708308973,0.3678117399921317,0.4914225138716559
184.45000000000002,0.34611208828751455,0.16933955017225125,0.2678148376006766,0.35992227807715554,0.5029302680656522
184.5,0.3525744557479362,0.16349326856851878,0.2532001077825026,0.3553727229490769,0.5053444349598895
184.55,0.3458796087454509,0.15798724647387183,0.26207782766087107,0.3512421070838276,0.5085025585212124
184.60000000000002,0.3342119657755054,0.15628532540539788,0.252461785688163,0.3506374942063081,0.5169213649488037
184.65,0.3268623796438904,0.15794810300295392,0.24585611779972413,0.34841346902985165,0.5348465312887847
184.70000000000002,0.31675515241400765,0.15452285210169867,0.2272837107972326,0.3456187800463929,0.56737466939976
184.75,0.30131470815086797,0.159826973394574,0.2199572823566577,0.3511612108788429,0.6243393575452884
184.8,0.30137510408239676,0.15306358601774137,0.20026530266067094,0.34908645562738083,0.6521308279837431
184.85000000000002,0.2842658765740631,0.14811804683694868,0.2049068650086879,0.3495083327801781,0.6643390436164902
184.9,0.27772104127700664,0.1539732509473099,0.1998227987409814,0.3482544543801293,0.6800316031660687
184.95000000000002,0.2759211544215034,0.1572695037340744,0.19281113482047424,0.3429070391654013,0.6671737043337984
185.0,0.25735549269992897,0.15615032433754478,0.18452372823629892,0.34173765793683625,0.6367460411149101
185.05,0.23505017098326864,0.15727146381268733,0.17537746784291533,0.3393402896080934,0.6251353880821996
185.10000000000002,0.2368808072616558,0.15717273322219805,0.1623989845026891,0.33779296149247284,0.6312421770518309
185.15,0.23476914787506312,0.15998047730083942,0.14142655137846402,0.3454425759067858,0.6347436685244162
185.20000000000002,0.23491866197392933,0.15875985421084013,0.13838711388604144,0.3454984033583516,0.6360747593497822
185.25,0.2198821952339998,0.15851931170616052,0.14034789527025823,0.3444770411911365,0.6315976456144599
185.3,0.21891822551492263,0.1515871273770978,0.13996386259954358,0.3524836243210079,0.6402259426082076
185.35000000000002,0.22933299959554124,0.14687681334844407,0.14257392343281758,0.34980484456545613,0.6372488272292424
185.4,0.2110341734056832,0.14993002445214237,0.1354032796543343,0.340198632038346,0.6386461504299393
185.45000000000002,0.1871723753017672,0.1540143359623667,0.1323381473046168,0.336035087173372,0.6357705551693256
185.5,0.17707130496383125,0.1514517723972899,0.13179777279915364,0.33332492882985043,0.6422565882746024
185.55,0.1690964721119304,0.15485714783385235,0.11392186166315017,0.33353226057981156,0.6385274110729204
185.60000000000002,0.1645540384155708,0.15247801329395236,0.09112991883582895,0.36011160598556224,0.6498457102819917
185.65,0.1435635052592226,0.14815518135652464,0.0748636179125368,0.37236136321343627,0.6581529485517642
185.70000000000002,0.14506624444300315,0.1477668672012553,0.0591446041487718,0.36700440027108977,0.6764060214797878
185.75,0.14331173237618178,0.15273532039796972,0.05410187466457528,0.38653364887603636,0.6811451425981925
185.8,0.13883303370695044,0.16011344539344402,0.041274408527271635,0.4007785950828112,0.6854118237231536
185.85000000000002,0.12876012040367862,0.16182566209617977,0.03813820563573317,0.40540388272727834,0.6880309994202646
185.9,0.11388462934045683,0.17188019633818533,0.048448244689542785,0.39428851604228604,0.7101528141585022
185.95000000000002,0.1132010740905525,0.17108181924788704,0.06545363416112628,0.38260679344670695,0.720007514851568
186.0,0.11008092654105059,0.1792093185688593,0.0911022068602931,0.385016556651656,0.725721197954418
186.05,0.11915022196450344,0.17510957082060286,0.1157047608662715,0.38746648491902946,0.7347295295473454
186.10000000000002,0.12198634370666897,0.16300668538978774,0.1287011860629281,0.39915392435003605,0.7468592117459604
186.15,0.1132101739750675,0.15996358252818216,0.13563748212737411,0.3939421424001848,0.7648361232950902
186.20000000000002,0.11245064028380425,0.16635235338430515,0.13130079368682654,0.38758230835153673,0.7748089768004145
186.25,0.11961293700079235,0.16182796897031348,0.122845098155095,0.39011558579566347,0.7689423759780104
186.3,0.1102135728665137,0.15807548709448052,0.12510786730856113,0.3993767311836785,0.7590054408470475
186.35000000000002,0.10983988460539278,0.15661065455341092,0.12423511645166792,0.39066743173961205,0.7459469674817526
186.4,0.099138140685991,0.14967493287638084,0.12040257186956908,0.3793497429823236,0.7285481168890414
186.45000000000002,0.10710844878129466,0.14392007924574698,0.12000446269933099,0.3699310885761395,0.7154389466478668
186.5,0.11053576669381383,0.14332915523292455,0.12114078206399667,0.35999776156061164,0.707931764786
186.55,0.11695797396861807,0.1466236954405012,0.11661985823224147,0.35830289742466226,0.6928612212738469
186.60000000000002,0.10530528290314618,0.14107369800904276,0.12346330113712081,0.3399813954941197,0.6815170175032753
186.65,0.11055350529463925,0.13169460059867305,0.12581152178261903,0.332841134986636,0.6855865164637337
186.70000000000002,0.10095005770155324,0.12836615208780702,0.1325004835069405,0.3019725366206782,0.6771568174237117
186.75,0.09433643754040846,0.11831318899240505,0.1389594080017947,0.2890493352422544,0.6720817616969518
186.8,0.10066325115742557,0.11070798685174911,0.14971444258494804,0.2732229175728669,0.6688800108695586
186.85000000000002,0.08609756587105818,0.11619412556607157,0.14916773343513737,0.25029981861911565,0.6675631533284222
186.9,0.08348773253280604,0.11186252113191639,0.16685630831909598,0.24651700391076325,0.6758754189431018
186.95000000000002,0.07654800991464157,0.11866443514324944,0.16496184612284187,0.22355360785074824,0.6762975227929601
187.0,0.07771821392083145,0.10521007138991274,0.17645193940582343,0.22269521153901617,0.6628412190653371
187.05,0.08509686797644443,0.11520706007251659,0.1797791046023852,0.20379344138211242,0.6726871974739018
187.10000000000002,0.09994392464739643,0.11468042475439116,0.18657967797132602,0.19145886666980624,0.6393700120389024
187.15,0.10420791741907695,0.11079101677793224,0.1900613625802326,0.19660945212916883,0.6322442138995753
187.20000000000002,0.105433368673113,0.11237592461340312,0.2020904064965078,0.19764995540071703,0.60922381018048
187.25,0.10391337347116976,0.11702122657172571,0.2159035843171833,0.19086697745083608,0.5812155131427822
187.3,0.09893651140082593,0.13691146743909174,0.22205202635737625,0.18772771537793018,0.5432601940147367
187.35000000000002,0.10008429161232954,0.15473414888422202,0.2261652462078796,0.18131038712006822,0.5369633945918724
187.4,0.09448405753008615,0.1681977054927666,0.23881668836105552,0.16992242073086244,0.5225744207222818
187.45000000000002,0.09079356465107348,0.18775850050047377,0.24111802595229023,0.16936281377346782,0.516689500635513
187.5,0.08503408844768964,0.19468848531815006,0.2530706525478453,0.16950406606658924,0.48901075648091685
187.55,0.07519176939668724,0.20617521032803662,0.25315452988682574,0.1756397866143926,0.48243765052600845
187.60000000000002,0.06360254848415584,0.20705930692581392,0.251167725387915,0.19918640373411056,0.4763079096555966
187.65,0.0555185978726151,0.2100334017701353,0.24655046221448607,0.19419871580769113,0.4859895121721284
187.70000000000002,0.04733119503365724,0.20294902258868375,0.2405433515544508,0.18763786957476086,0.4943567481220133
187.75,0.04974768644214145,0.19932855909928268,0.24238405528204013,0.18801211931216932,0.5133433308524976
187.8,0.057637425571361735,0.19669275091684446,0.23626403448111405,0.1788384263989579,0.5193571034722475
187.85000000000002,0.054197382823421104,0.18800186416048312,0.23113278458599557,0.1823704700867094,0.5271765877721216
187.9,0.05512041656291441,0.1824275194119122,0.23380471320237797,0.17305423694537309,0.5376614017380471
187.95000000000002,0.053722752707690745,0.17897143728072748,0.22425777804306468,0.17537993339104266,0.5545956492712542
188.0,0.05458603871011083,0.17105802464331982,0.22232585208257924,0.18145102783688657,0.5507730434973045
188.05,0.05817458866037492,0.17717066460845518,0.2238205784224493,0.1806657719601583,0.5481037579806232
188.10000000000002,0.06681283327000458,0.18713300315414877,0.2302586506483517,0.19098081063271782,0.5542639524268748
188.15,0.06976669037420166,0.18888204961318672,0.23502255985891457,0.19178548420582803,0.5518757669729084
188.20000000000002,0.07220058426797796,0.19790056159650823,0.2272060816572528,0.17397056575851744,0.5603312803765335
188.25,0.07441881698057635,0.20245248747766273,0.23203393065208297,0.1809045598900578,0.5614366794012822
188.3,0.07946552558654477,0.20276416935029812,0.2268413763231425,0.1721980830760174,0.5671758512248396
188.35000000000002,0.08177923399305814,0.2025574000984787,0.23439856307007043,0.17018305660461608,0.5771388539481198
188.4,0.0860148595401195,0.2088903074563816,0.24013251074643854,0.16632193420138822,0.5823364378572218
188.45000000000002,0.08686114878504826,0.2013577567594302,0.2366649088094578,0.18452013050320276,0.5936184245201584
188.5,0.08827250733555847,0.1945313055082039,0.24530027216039038,0.17466542925541403,0.6026206762693009
188.55,0.08645664658419014,0.19563869418907168,0.24489644770822785,0.17482722824258493,0.6127156368775923
188.60000000000002,0.09266466320329382,0.19552707537271521,0.23548466478853866,0.1888889098168342,0.6111836475237047
188.65,0.09854404443720803,0.19574731301206055,0.23556372709420395,0.16927256659199738,0.6097419572955555
188.70000000000002,0.10184140003591957,0.20115676423816137,0.2255749766338721,0.17946067099017843,0.6025654451987732
188.75,0.11045572648609643,0.19077133492317136,0.22597222023873287,0.16413617239384276,0.602937958044573
188.8,0.11987583300585421,0.19451615508140152,0.22485850952471378,0.14352445421227014,0.6074441539003488
188.85000000000002,0.13200530734690058,0.18831440446093115,0.2237598394317164,0.13841394143078203,0.6025386436980704
188.9,0.14885220361457038,0.18526998116022067,0.22266867401621537,0.14441013586905768,0.6038340015259576
188.95000000000002,0.15559655063587424,0.17850840543078061,0.22212989461876276,0.15114985812386136,0.5957230176799558
189.0,0.15497111907151356,0.1781106890118822,0.22696013959196498,0.15079127461711364,0.6074306240826302
189.05,0.14647553365782753,0.18147808760689157,0.23868136728132452,0.15660759215500905,0.6001394564802466
189.10000000000002,0.14377973849971423,0.18424200905978658,0.23438923164647027,0.173729676098615,0.5943102557161039
189.15,0.13745215763112037,0.19054982148463126,0.24300514637234705,0.19616844768174982,0.5872132277524207
189.20000000000002,0.13662799208941934,0.1918631256903486,0.2509016863614123,0.19170284256405876,0.5892740707409493
189.25,0.13535078646879944,0.19205449791011583,0.2505628746946049,0.19268170601943105,0.5862513440595093
189.3,0.13135175918093117,0.19678655705705766,0.24404593179957862,0.20752728278923135,0.5911311563434193
189.35000000000002,0.13226259136675955,0.19198612155643843,0.24463349605983745,0.205084640902467,0.5945836968189652
189.4,0.13475463176838798,0.188353843988369,0.22784109318511525,0.21028264173578654,0.5982600902363928
189.45000000000002,0.1308861834892047,0.19521896480152937,0.2112937270526279,0.19967435060148905,0.5989377602574497
189.5,0.12860684624122432,0.19144949758936886,0.20489581527309306,0.2091663411104831,0.6007049731434354
189.55,0.12594034421964465,0.18707743400124902,0.1791483251480615,0.2052867030288012,0.603238238112795
189.60000000000002,0.13657232524464813,0.18345867943903246,0.1769998275124505,0.21080835152435706,0.5844509590861607
189.65,0.12982080757218134,0.18374312883477034,0.1721200664280566,0.20540512048539566,0.5745361821835955
189.70000000000002,0.12575536874949383,0.18302351115536977,0.15162120575956484,0.20345200973940702,0.5660923152164129
189.75,0.11538995240331519,0.18377909568964698,0.14006541031392222,0.18883142011580575,0.5590089466973757
189.8,0.11133145064909224,0.17012088348763646,0.11875865251323939,0.18145925821821787,0.5575897497867329
189.85000000000002,0.1128805663141705,0.17509304138413487,0.10695732909249837,0.18687960671135193,0.5315400120092756
189.9,0.10337252971874196,0.18970437028952922,0.1065143605721564,0.17500594286086213,0.5356481888906733
189.95000000000002,0.11595542566763185,0.19279844871879653,0.10387264349701024,0.1747842790157331,0.5415779078025523
190.0,0.118445734609879,0.19610356198599002,0.10656207234954904,0.17276385560827112,0.5255855539892931
190.05,0.1066120217279838,0.19048164431976275,0.08815924481607966,0.18040504082990327,0.5066929673201465
190.10000000000002,0.10432171847762714,0.18615297784209558,0.06970387785494184,0.18129187901916943,0.49137181556258913
190.15,0.09974135315769682,0.19071976072602753,0.07190537410509155,0.19050769915015245,0.4644514615086748
190.20000000000002,0.10076029003223573,0.19873401883428524,0.0773404632650915,0.1956773579901272,0.44707578978875584
190.25,0.09056882287244837,0.19790198079014387,0.08235884067795597,0.19211557543932825,0.44011012558917884
190.3,0.07655155117168852,0.19351055591416116,0.07975454720154967,0.19696819521363437,0.4383715484109032
190.35000000000002,0.06500607171315423,0.1848907252687314,0.0752006884975933,0.1944352064109166,0.4220113407404587
190.4,0.05880978091148069,0.19133252049562266,0.06938085581276882,0.18346275247055494,0.4155063564357294
190.45000000000002,0.06068964505897533,0.18146101441014326,0.06318145411066677,0.18390991644946533,0.4008594110891846
190.5,0.06321126915634162,0.183863095602049,0.07085848962792975,0.18932346783077675,0.39445238805634036
190.55,0.05760498708053259,0.18127502711266005,0.0764231330632933,0.17638209990609086,0.38042274425840167
190.60000000000002,0.060966422819025735,0.18189755817454337,0.0810038440423386,0.169978439978051,0.385273951993079
190.65,0.06098207363402365,0.18531642801578252,0.08957155335253653,0.15530012506979857,0.38103022289271005
190.70000000000002,0.07422064591627307,0.17036234688824045,0.1027057188669988,0.14682650502159877,0.39666795331269433
190.75,0.07387544714473394,0.16052258579095505,0.10709536381992976,0.146564361194396,0.4031662487222949
190.8,0.08022126639092775,0.14477878037797798,0.11609580158275566,0.1384563157073829,0.41772273782325986
190.85000000000002,0.07627005033758895,0.10842308862812422,0.1266377034307445,0.13069276555730164,0.42580697047604227
190.9,0.0771357885988906,0.09816794116410915,0.1393339073081738,0.11915621784102493,0.43010595852026967
190.95000000000002,0.06652559369089674,0.08714364141220826,0.1530059054799918,0.11628070728021778,0.44411048333557457
191.0,0.07121151925480425,0.08642106048484723,0.16336534859611382,0.1162014580197778,0.4573592079846154
191.05,0.07265731681407804,0.08214890751171976,0.16581836489985638,0.11978982359125687,0.47721500937358086
191.10000000000002,0.07426023591621893,0.08086235448644419,0.1657912227486155,0.1256195848726076,0.494607069432634
191.15,0.08390058679085992,0.063897054452796,0.1603860577597611,0.1316808121710612,0.5067460640992923
191.20000000000002,0.08460369174553035,0.06599043867368953,0.1523522815868611,0.1401357806508754,0.5075731970056258
191.25,0.08437621068334261,0.06317834796880818,0.15352503362406228,0.15498005279612376,0.5178611458438941
191.3,0.07974246317090246,0.0709968685390124,0.15571367600283242,0.1564093873082371,0.5113398664133297
191.35000000000002,0.084905522314007,0.08131551292592312,0.17182220148574373,0.1577432696283501,0.5010265712399254
191.4,0.08508227993579598,0.08035998930944832,0.17247684626997994,0.1400680700154434,0.4988802411870323
191.45000000000002,0.08434265016390562,0.09105704879748049,0.1759968740896,0.13644359660501187,0.5006094579156541
191.5,0.07902629971679022,0.09036200333522436,0.17266742324673684,0.1290609820147514,0.5010312336709326
191.55,0.08101468142967716,0.10131038535776013,0.17729249831717878,0.12696079481611677,0.5027573043678412
191.60000000000002,0.08750118636908645,0.09380598199782904,0.17335996269862386,0.13080139055305032,0.5123309111337412
191.65,0.08902046549450558,0.08881301371796813,0.17089094095106114,0.10944297657195062,0.5130010200121304
191.70000000000002,0.09330439541515868,0.07835019528729241,0.1715962943188824,0.10403117177972782,0.5148984901122271
191.75,0.09099047951325541,0.09218973535717187,0.1671050988858189,0.10059428844467111,0.5219567256650319
191.8,0.09399227701917763,0.08893606569471932,0.16438316184244722,0.0936060648540001,0.5172167926265934
191.85000000000002,0.0989937029276028,0.08425231465802875,0.1568774950797465,0.07956751408678575,0.5189321958344776
191.9,0.10855961830840365,0.08151828493923934,0.15768303275208345,0.07233094368772229,0.5118951060872958
191.95000000000002,0.11068282909066746,0.09129414053091346,0.153913939891945,0.07784122540645999,0.5085098881450764
192.0,0.10816369593140455,0.09324577168194151,0.15044085640189087,0.08478049408349077,0.5095748274872801
192.05,0.11261412216673887,0.0843085633958835,0.15215473908100274,0.08286728846255638,0.4976973939724957
192.10000000000002,0.11630837666097461,0.08680056730520129,0.1572856763255827,0.07775250545642148,0.4837229481361067
192.15,0.12386223163665866,0.08574093063333053,0.16472356275546018,0.07057336776314718,0.4636963901190904
192.20000000000002,0.1324947190480973,0.09056280688276844,0.17331848020854587,0.07113228361905498,0.4529825325501536
192.25,0.13465190237796024,0.0839581335760641,0.1820724851146452,0.07205297456882936,0.45979721015747843
192.3,0.13539181087874752,0.08596611024304697,0.18488102490449107,0.0744865803462247,0.4680771028113455
192.35000000000002,0.13742705492335136,0.08844334799121402,0.16869517732284167,0.06159563027201711,0.467369118410246
192.4,0.1441765446665331,0.07972186382829212,0.1443311512152487,0.06873906132754254,0.4665942366581121
192.45000000000002,0.1418875919507191,0.0660354297672554,0.12473414079896993,0.0791623737943512,0.479233201554326
192.5,0.139879963336134,0.06080702866709018,0.09910443733807907,0.08971884799550035,0.48357335856351785
192.55,0.13941275227098057,0.06432656985250321,0.07905642739841506,0.10364811164057894,0.48776283338079496
192.60000000000002,0.14350268904724856,0.06985552308723574,0.07255738771705691,0.11239267584749159,0.48519294076548275
192.65,0.14187668947333942,0.05418990900361876,0.06674764133829195,0.11308573267804445,0.4969309183416085
192.70000000000002,0.14355477020780077,0.04817952303417869,0.06706791267528947,0.1019689632739618,0.4985645953051399
192.75,0.14620539582491499,0.050491469016114614,0.07506169069993125,0.09120733177659161,0.5090221892989376
192.8,0.1465946911118281,0.04685379066338248,0.0935163972318816,0.0857872289396152,0.5088678008534315
192.85000000000002,0.1388971760824457,0.04919058798224052,0.11020369697310978,0.07418748022603207,0.499936645531417
192.9,0.13116785709566964,0.06128528632949685,0.10793964325871674,0.07729360875189821,0.48423130049287544
192.95000000000002,0.13536730724060655,0.06930687488569894,0.11264777498705968,0.08527482204437462,0.4903645845856082
193.0,0.13481252406543212,0.06888913407009302,0.11400175951350583,0.08471770169034717,0.47857166312754934
193.05,0.13901654329356916,0.074008120160729,0.11376511544220762,0.08240905488937283,0.4795769813763699
193.10000000000002,0.1404630989277272,0.07522883331223201,0.11190824860339536,0.07270204927923551,0.4734168255536041
193.15,0.14810625854834403,0.07614976985362094,0.11571323984241318,0.06852532486916746,0.471268881132586
193.20000000000002,0.16068273849167122,0.06718812074619014,0.11733932195419677,0.06640516260299166,0.4645831910364659
193.25,0.16957274314606513,0.06118667812875311,0.12037441014954676,0.05386046635782963,0.47133628431044977
193.3,0.17574550241346495,0.05774082329175742,0.1285116677221195,0.06389419922693075,0.4680246071554928
193.35000000000002,0.17346057467651804,0.061024904704806184,0.13574723920705,0.0709264888499437,0.4626586673766661
193.4,0.16928865512226002,0.06217912898504188,0.15016350912398765,0.07744661292245554,0.46728135983054214
193.45000000000002,0.1591829256692967,0.0662142712841427,0.1621185366380045,0.07756849763485889,0.4641270738619092
193.5,0.1598095837275987,0.06634227673705767,0.15896250951773072,0.08343320449801356,0.4762738542427722
193.55,0.1645203346268503,0.06262847899753708,0.16808224260160148,0.09690573071187508,0.488704582852571
193.60000000000002,0.16891104564072262,0.07216839372732445,0.16219124822414901,0.10358291557602618,0.4866520394688157
193.65,0.1668148759222587,0.06869819819873114,0.15173659305032625,0.10664503720282907,0.4867094924332624
193.70000000000002,0.16020477054688162,0.06498440967897512,0.14319622435459103,0.11202968886130414,0.49743859261661805
193.75,0.15197797037728833,0.06714655934223801,0.13758446768536728,0.11118885123344552,0.5052503852785143
193.8,0.14561579443085776,0.0557459874975427,0.13559949936927604,0.12638621176137668,0.515186886592972
193.85000000000002,0.14718117547026127,0.05799525141835117,0.13597060542012276,0.12467204408392575,0.5287548433413884
193.9,0.14844027731104834,0.050359822397581994,0.14445489790729343,0.118811021459318,0.5404011185128078
193.95000000000002,0.14487697390333745,0.03058529971661948,0.154134660684888,0.1251092514814166,0.5451186823134568
194.0,0.14541806103954655,0.03461202727352842,0.15555497877877225,0.11526753585233765,0.5446134993145183
194.05,0.13762518440071358,0.02471639751813869,0.1631902488994286,0.11226808601144311,0.5471004802687935
194.10000000000002,0.1272731161927445,0.022788077318279844,0.17080534722272547,0.10521098453549539,0.555686237383552
194.15,0.12473619275160748,0.02562337504535649,0.18260653551168624,0.11868190390344165,0.5533019713771342
194.20000000000002,0.12304916210274727,0.04351255020261286,0.17923999087658343,0.11790789003904957,0.558387262063356
194.25,0.11530781236946533,0.0466781783748556,0.18217702304217526,0.09794252737742228,0.5674367951705215
194.3,0.10923679581456716,0.036864948740972396,0.17677799173399786,0.09563023519392949,0.563398245658302
194.35000000000002,0.11305025015618114,0.038865468784390025,0.18371358219907807,0.10686957120868827,0.5651949837013339
194.4,0.12229771944978346,0.03810179022910429,0.18410569672896598,0.10243867682062448,0.5729626181695818
194.45000000000002,0.131411006960812,0.013417114076896962,0.17247262342013647,0.11467882646812701,0.5816282224994783
194.5,0.1329001440117969,0.006856201391827356,0.17202544376811615,0.11948368724827141,0.6082457892265436
194.55,0.12650393284606065,0.0070710773777163055,0.16640176521119945,0.11093445140092813,0.6122216153892421
194.60000000000002,0.1109414652711624,0.012704667861083353,0.1802927270692653,0.12312952875840875,0.621956754435903
194.65,0.09078764935513026,0.013283448921404059,0.18986641983409386,0.11926361543010039,0.621664049944354
194.70000000000002,0.08602779070439188,0.025659746468936102,0.20508476151865376,0.1143341639687822,0.6276643743607101
194.75,0.09337052996334821,0.02265866443773281,0.20513453890474423,0.11017560358472406,0.6050932282056971
194.8,0.10801369484227052,0.023159193421225955,0.2039183522925279,0.10208426292136982,0.6068063488846811
194.85000000000002,0.12396586418823308,0.025755805961225915,0.20705987960974842,0.09359880722637731,0.6443262934543122
194.9,0.13074058149240636,0.020265421640381663,0.2135472306461714,0.08016211129742935,0.6653313280471794
194.95000000000002,0.12341395114438777,0.0220405730783375,0.2137769346972009,0.08648909695416018,0.6648187666225599
195.0,0.11296741395420767,0.020709914919235694,0.217411809227947,0.09881185381952969,0.6782029157792274
195.05,0.10674922891839941,0.011282445388674909,0.22107518297999676,0.09069953289909058,0.6783552789282948
195.10000000000002,0.09793840584856667,0.015712531576680067,0.2306873301635913,0.09722162762635803,0.6805618798824384
195.15,0.08651191653882345,0.010448098619294634,0.23263329950001077,0.07990460481652913,0.6709657750860459
195.20000000000002,0.07815916928781018,0.009251930104830193,0.24315695258800424,0.0822672014712119,0.6687076918947794
195.25,0.06338398448732374,0.024700880990535263,0.24279050626240026,0.08923321690605636,0.652994717644642
195.3,0.05196174491201102,0.01904388569023623,0.2367593831528972,0.0810113857219357,0.6544703565990528
195.35000000000002,0.050166383148121475,0.02495075378098704,0.23719944257673675,0.07236049002304192,0.6386770632772663
195.4,0.044976426877179114,0.023982873079684785,0.24424260835491882,0.0766638215749684,0.6367637520776718
195.45000000000002,0.039826930348012546,0.027451495596302895,0.24465008348842715,0.0750652248488022,0.6289826717994521
195.5,0.03447892869982768,0.03523110704514175,0.2535129432223847,0.06241910463389191,0.6195635570437381
195.55,0.0326638946596138,0.03420242292398085,0.2603771203519457,0.06811167074359804,0.6011069758338886
195.60000000000002,0.032712259745617964,0.045632140842255864,0.27617115457294683,0.053507981579025324,0.5806830457951283
195.65,0.044920520083925705,0.04060413040628919,0.27896884601858857,0.052222506332311645,0.5658619949489004
195.70000000000002,0.057461231971208594,0.03711712347038188,0.27518310822155034,0.05172789276177227,0.5472621880014406
195.75,0.06577513781916955,0.03784541754479373,0.27909659318546737,0.0400838554734789,0.5433069129447838
195.8,0.07594551673340874,0.03678418291362194,0.2793623372441879,0.026796313069495394,0.5324475757912789
195.85000000000002,0.07878828708799483,0.03516173391317803,0.28375953531724685,0.017682807646273276,0.5197588381626532
195.9,0.08139771803190128,0.041419348534036025,0.2962711798397632,0.017379790312017016,0.4978991643020936
195.95000000000002,0.08400885140162681,0.04051239188791158,0.29776891048966225,0.01986244977040173,0.4794218642352358
196.0,0.09088293410324845,0.034231821073731725,0.29491646258555304,0.01809711695872252,0.47822131588572914
196.05,0.09537204266425804,0.043307731501102585,0.29916746953859197,0.01980089406496023,0.4757070147514083
196.10000000000002,0.09951808736876644,0.035152565842747605,0.3077370889668515,0.028530202377544833,0.45874358203831755
196.15,0.10672246897206171,0.034190770916864295,0.3035267409219845,0.028011280485232125,0.43734081945041214
196.20000000000002,0.10966149070507371,0.029941191366269493,0.2977958842684005,0.042031870174989744,0.44460900352585325
196.25,0.1159159382193729,0.03009901561610486,0.2987377516754462,0.043381241474054484,0.4534708823688466
196.3,0.12321979228033848,0.031763016526763554,0.29870574331975264,0.04711986565979354,0.46465932091694445
196.35000000000002,0.12163430510893765,0.03990958319864343,0.3007374318676384,0.054337240034270096,0.47909403330741324
196.4,0.12305070712078568,0.03457951845959747,0.3017590805068516,0.03810548437575728,0.47764628144617716
196.45000000000002,0.12300916558584632,0.046232803857639435,0.2959838133372775,0.04117123668261685,0.4832763834672479
196.5,0.13031573949711842,0.05560348241290067,0.2863034710628047,0.056618677535388504,0.4969431960675831
196.55,0.13856282594537694,0.05346721669196013,0.2867872794327685,0.06490798835047489,0.5170957645663959
196.60000000000002,0.1467815163196155,0.07323542479062,0.2869534556736592,0.0720803455499052,0.5323345395282449
196.65,0.14884397684870382,0.07404123874748349,0.2785125337866727,0.07949064067381004,0.5282607281077233
196.70000000000002,0.15132505292395815,0.07746137217415121,0.2743996747592933,0.09613692250686302,0.5430106199614935
196.75,0.14930591064260146,0.08578556015354119,0.26556888352353003,0.11236030022589841,0.5529493472078405
196.8,0.15524363804287253,0.08842315292590487,0.25563563242733667,0.1391697637851635,0.5730452428782594
196.85000000000002,0.15822460486755657,0.09775637758494453,0.24890074881760874,0.13021797933755186,0.5944930621788767
196.9,0.16555935061227817,0.10519723526944535,0.2481947118633622,0.13699547220409758,0.5972230454988028
196.95000000000002,0.17244062860237294,0.11229005943347374,0.241782479451995,0.15404950567921036,0.606058981509697
197.0,0.1781432918244982,0.11965206385272757,0.23859418919078088,0.16420456622283905,0.6085455797563855
197.05,0.1800379854551339,0.11016970134132072,0.2288000532849351,0.16084385287014796,0.6012828003675166
197.10000000000002,0.1805887834218075,0.10850316084792319,0.23213190430885322,0.16936727262858814,0.60862732946193
197.15,0.18624782466448297,0.11199029067407897,0.23432124040261718,0.1583139573070451,0.6209326455571245
197.20000000000002,0.18301183534425478,0.10148633167606166,0.2323497468427958,0.1637188506888266,0.6193125901558135
197.25,0.18657288581491524,0.10935904117379179,0.23217553418933665,0.14614286209643143,0.6110415665321317
197.3,0.1967823706867823,0.11272006676563702,0.2244166284360284,0.1238748209127792,0.6100179003091845
197.35000000000002,0.20474018716106637,0.11520788435255647,0.20473908992044335,0.11702464980152154,0.6147058051671945
197.4,0.19962678921785226,0.10894782776119535,0.19113561393590323,0.09637075369820668,0.614433110931819
197.45000000000002,0.20473758191671168,0.1044312675409681,0.18767260850685974,0.06800875798750473,0.6098633335215138
197.5,0.20450949907457563,0.10060890971700023,0.19097627098887565,0.05434524511583635,0.6189925763640336
197.55,0.20632082947626657,0.10893105459797865,0.19957166985409575,0.04534970148469918,0.6318670874587794
197.60000000000002,0.21636910041281854,0.11106741234694414,0.204523540394766,0.053646452856659005,0.634168233513039
197.65,0.20788056636674124,0.11077855690073198,0.21517614449922878,0.03205947871000182,0.6366638866801416
197.70000000000002,0.21325476832193052,0.1061924419334906,0.22857152591744107,0.01796612434160715,0.6363547342149449
197.75,0.21131685094854,0.0963861632996187,0.23903112699051063,0.0316615943166019,0.6415107247045122
197.8,0.20659601438644573,0.09260975904291936,0.23912276022304021,0.04811751547445947,0.6530222047553548
197.85000000000002,0.208153965460418,0.09745298525368684,0.2323780594363361,0.05996719819344722,0.650586655439923
197.9,0.20802894158037433,0.10210156837270756,0.2193603537152845,0.05637274497903873,0.6538526130641277
197.95000000000002,0.21474390205379018,0.09723791507913858,0.21709756332088564,0.043874962328615826,0.6486305101430232
198.0,0.21157338834185582,0.08098742900214682,0.20762315620559596,0.05701881411301176,0.6319810996151172
198.05,0.21115572690841486,0.08669193907718278,0.20250644235831075,0.04333555749187494,0.6271097886718335
198.10000000000002,0.20744866101983975,0.08034681858182581,0.19306579034026677,0.05296007814449309,0.6232399151950653
198.15,0.20313312874676392,0.08350270008540835,0.18756856073375786,0.05458571297334207,0.604042609543192
198.20000000000002,0.19947332117002836,0.09121090373193597,0.18258214057073524,0.04483584944206168,0.6008253888822037
198.25,0.19468192604831425,0.08449782537601776,0.18011944539731817,0.03584950763418777,0.5979051603279236
198.3,0.19287516093857648,0.07660047489858479,0.1663297840582885,0.03969426325723581,0.6007971544840625
198.35000000000002,0.18555455643366486,0.06865192760013157,0.15283453585889076,0.06905714143993455,0.589782009453799
198.4,0.1815591107433667,0.0583188474509183,0.14850847243363077,0.08677513208654193,0.5927334554058352
198.45000000000002,0.18126151648519473,0.04715395558790548,0.13835825722014078,0.12068253620932327,0.5847234277949543
198.5,0.17719544521715852,0.04669091156916019,0.12850791882179544,0.13073240315726578,0.5660090209700881
198.55,0.17138306715579843,0.06289734401632295,0.11475457704296944,0.1390806983557075,0.5588251509380752
198.60000000000002,0.16418024180640584,0.0790491378574964,0.09318162852905972,0.1401402728796706,0.5492477462853155
198.65,0.151565674489428,0.06913050551793767,0.08592679018862567,0.11315230666970531,0.5427097891292704
198.70000000000002,0.15171228175667237,0.0798272381180277,0.08360291835888435,0.1036904878913813,0.5157287688302049
198.75,0.1346778618306461,0.0911371015766237,0.08153364600941938,0.11046512771232812,0.5040320608151556
198.8,0.1305672427264099,0.09147192165359021,0.07199778397062892,0.10311439978121513,0.4999428742251342
198.85000000000002,0.1346708511363094,0.09161019453120027,0.05793093210569272,0.12483190110406471,0.49813914308637935
198.9,0.13798827270887526,0.10454391938076585,0.04371244839432037,0.12852655842935634,0.47744376904244373
198.95000000000002,0.13457136861938795,0.10850539226624976,0.03999347186788657,0.1446795268432517,0.4697748258458584
199.0,0.12478794688680968,0.11747488105443947,0.0425825344001139,0.1648120867497389,0.44549027059498836
199.05,0.11855700633588552,0.13685501841570955,0.04482339369293775,0.16281617437235196,0.42208350489863716
199.10000000000002,0.1118094063314013,0.13841551781003522,0.06389853081317799,0.16614400266276008,0.39652143178013544
199.15,0.10864364568202076,0.1458990855129762,0.08328703538016344,0.1746729225685325,0.38469280589783206
199.20000000000002,0.10036303291272261,0.1557832336202391,0.10360555833963307,0.17577812409353624,0.35730345386516266
199.25,0.10168340750427976,0.1565890630545203,0.12786649163365715,0.1904465636781094,0.3463796970005511
199.3,0.10061744251049831,0.15198542390830258,0.15232605533708424,0.18481493243064298,0.3288616031892751
199.35000000000002,0.09831163203426406,0.14501068087649432,0.16943345785276362,0.19762152667191266,0.3097810307822357
199.4,0.08785453811238256,0.14921010854921793,0.1802801787364962,0.20292140914664042,0.2850762050515453
199.45000000000002,0.08999018263800283,0.15517338289591193,0.17788082485052675,0.21519954052678822,0.28141289936379954
199.5,0.08798033859228314,0.16283495525917768,0.16497742225185444,0.19932906269750159,0.27897886596592897
199.55,0.0929773727963107,0.17195616526870702,0.1561050924940881,0.20445282526168845,0.2946693146766602
199.60000000000002,0.09763335934160466,0.16401049928951564,0.15853802226204622,0.19911796404593612,0.31040204036866165
199.65,0.09026587647735528,0.16968830626568457,0.16198425629410518,0.18933882267279614,0.327061755689015
199.70000000000002,0.08437414958677211,0.1716215946819018,0.16092696019716746,0.19561139221813514,0.33384031883411425
199.75,0.0766158413775369,0.17950184746869122,0.1552516792751939,0.20201785178564438,0.3444922299291762
199.8,0.0704892468320717,0.19091079254182297,0.15200719730483062,0.2075270428927933,0.35816214982386524
199.85000000000002,0.06284490730084571,0.19751884707383568,0.15914643535814577,0.21037887747528025,0.37435886582286065
199.9,0.05421673452108961,0.19840366923827865,0.16930654388132663,0.20903187372111368,0.39206125037591605
199.95000000000002,0.04961371427678459,0.18899301132359558,0.1716660528024814,0.21981113805475275,0.3971416619905632
200.0,0.05378934010126157,0.20139921139369477,0.1828578677496101,0.21701531737406216,0.40147351880960536
200.05,0.05257181288740235,0.20634114176217996,0.18481947994032272,0.2299272593454026,0.40958603282426326
200.10000000000002,0.0491338903302139,0.22266480776048633,0.196478669678908,0.24731740093923202,0.4118116952810278
200.15,0.050349313640681494,0.22404058636187246,0.20519331264823468,0.24281463764839134,0.4092178926178929
200.20000000000002,0.051585404737365975,0.23234586258821208,0.22375807431949463,0.23928593185110394,0.4153124749099923
200.25,0.05475140567782896,0.22465238875353968,0.2397636656998424,0.2515470445270037,0.40265748704681376
200.3,0.05901505436260135,0.23406018845947812,0.2552108341415238,0.23864451581532306,0.3924423301333737
200.35000000000002,0.05220091986486938,0.2379304769183606,0.27500925631535145,0.24441249150457714,0.3669896945891058
200.4,0.05599647524060059,0.2363944218863988,0.2950400758732935,0.24774320541517655,0.34169579078306095
200.45000000000002,0.055040258598193406,0.23754707050967921,0.3145635831851693,0.2535599020281425,0.3283528702585415
200.5,0.053973768595981776,0.23636600487671536,0.3333603147606862,0.2723417434704702,0.32954173872379927
200.55,0.05632071533270911,0.2285127297731081,0.34325328094009233,0.28114138674941963,0.3262629172338748
200.60000000000002,0.0664076863295839,0.22854522477384345,0.3504662539797828,0.2991505177791007,0.3124674224734716
200.65,0.06642788473658034,0.23072048615699958,0.3602080914415454,0.30149886437623524,0.32008666527183677
200.70000000000002,0.061989274573432354,0.24100438577529298,0.3697998485914192,0.29711387063029604,0.3018860586627447
200.75,0.06626149614712384,0.23737714122086503,0.37032317863685177,0.3028655800986936,0.2755341275496182
200.8,0.06746673282362865,0.23718165021008536,0.37667221526004585,0.30546270155012756,0.26858459546584174
200.85000000000002,0.07409405207479725,0.24822050370277127,0.3816460399134974,0.3014898618103554,0.2747034700108757
200.9,0.07750696761282909,0.2515663412305131,0.39297294183685894,0.310897416846526,0.26843582402789573
200.95000000000002,0.08563922367061814,0.2445691421865282,0.39687365887397685,0.3235038381402635,0.2696343188434098
201.0,0.0854554797625742,0.22433130209632787,0.40158075939379934,0.3198543970531145,0.26254409042577637
201.05,0.09571857518794129,0.21154767321415302,0.4144887816521674,0.3195008412282837,0.2634683248168695
201.10000000000002,0.10879882301006819,0.20968331706546187,0.4256163574630629,0.31462711421003003,0.25210845614463206
201.15,0.1277358596358983,0.2177306854294132,0.4248576417470187,0.3080068074106462,0.25403992255318764
201.20000000000002,0.13554390443963057,0.2310963027062118,0.4299776986069522,0.3098278951712192,0.24386931032900444
201.25,0.14968396113280966,0.232077112248311,0.4374243811644886,0.30415067161588644,0.2211778546806736
201.3,0.1625925385888604,0.2350775984847501,0.4385964829849758,0.309764575621388,0.22416616283210952
201.35000000000002,0.17189301212753105,0.24960809865930073,0.44564548541922466,0.3053533416677914,0.23766174971257975
201.4,0.17592208372087373,0.25361590231139464,0.4551219457298453,0.3148889465091835,0.24142448479633366
201.45000000000002,0.1731019389275327,0.2692742766039155,0.46534429673823874,0.3167122088576806,0.25597725339002
201.5,0.17615834085488144,0.2732255638136414,0.46790022871242615,0.3234463678378863,0.25924139818749686
201.55,0.17416585259656123,0.27622933997245064,0.47018506383705855,0.31618670721891884,0.26489985030312546
201.60000000000002,0.18499043020650532,0.28242942613822963,0.4802415757923338,0.31200950014582196,0.26669457708550925
201.65,0.18907670753201306,0.28949059903706087,0.4755133455855339,0.31811237336201403,0.26824205213802604
201.70000000000002,0.19413778821406064,0.2953407887210063,0.48470996627586876,0.3270810193365143,0.27798418087029114
201.75,0.19582864303018055,0.2897012981757027,0.478896304526177,0.33775398131806045,0.2972741079985201
201.8,0.20277886609645335,0.2804139163490114,0.480940359791305,0.3421634714847374,0.30249125958942086
201.85000000000002,0.21365771770501782,0.27565118726831067,0.4839292289623385,0.3547233141139537,0.3040964058907446
201.9,0.21970406385405106,0.28095022756193605,0.4929635644366316,0.3551024961058552,0.3143099354494353
201.95000000000002,0.21946338790856046,0.284665336192858,0.49473190568766806,0.3617496167260307,0.331732368696145
202.0,0.22518234226433803,0.2808170052795517,0.48020642834564603,0.3530899923714183,0.34880645718331077
202.05,0.22772570385939017,0.2799685680733739,0.48052198432246157,0.3585235467575977,0.3343552411393017
202.10000000000002,0.23490610188231945,0.2789145665465353,0.4880176371409488,0.3694856368647402,0.33788657331565414
202.15,0.2410906482071224,0.2691031672877197,0.48190713209620156,0.37364380947208486,0.34806823891771255
202.20000000000002,0.2324548869592513,0.2613191378046462,0.4890355504504447,0.3739216615532373,0.3408873809604247
202.25,0.23080573758217499,0.25565164598077894,0.4869023345047542,0.35994171114370005,0.34770214668416477
202.3,0.23570804999587247,0.2595724632360412,0.4817332196138027,0.358855622796007,0.3468954773192446
202.35000000000002,0.2433320839688098,0.25411931564148604,0.47959000014094255,0.34544359978412686,0.34952211901107927
202.4,0.24303799443172672,0.25036169330851515,0.4888596643251043,0.3384682091558641,0.3540901969992288
202.45000000000002,0.2500337155895217,0.25238932777563616,0.49170492555259077,0.32944559813506397,0.3599459657172222
202.5,0.24210562011767606,0.25982630643527604,0.4881915048717746,0.31659058144945124,0.3704399051888281
202.55,0.236951686759225,0.25898274073669464,0.5031786050006056,0.31439206137651504,0.3734171245368335
202.60000000000002,0.24139634618768996,0.2658191112600783,0.4915484306185052,0.3346928472106705,0.3872493629644076
202.65,0.24012581479058404,0.25562960386136974,0.4808697097053283,0.3157270319085239,0.3968799691111719
202.70000000000002,0.2417748937261431,0.25525480440775233,0.4809283089488339,0.30848617942085854,0.40491063518258635
202.75,0.24200388787042126,0.24325292648484953,0.4622873602302462,0.31220471893079765,0.4315578748714209
202.8,0.24284703323453213,0.23392052803962846,0.45659664744759837,0.28902712113044066,0.4461582144387559
202.85000000000002,0.254867053614,0.23195153431241808,0.45407363222804964,0.2776115002063349,0.46837033382238935
202.9,0.25316223145831285,0.21834316096987383,0.4440404414478449,0.26112146995532076,0.48212592515181496
202.95000000000002,0.24643345420150736,0.21262741600922144,0.43382884754395423,0.25010781097490953,0.5021553211674539
203.0,0.2581138387692418,0.2124268265719746,0.4285999980080253,0.23773782275875704,0.48968160830882135
203.05,0.2549392912766754,0.22270401278869265,0.41886116509183313,0.2409812470145542,0.4785974305098164
203.10000000000002,0.24774890873066874,0.22236271606030505,0.39022126763274234,0.23871455749323417,0.5070565650175071
203.15,0.2493613915153447,0.21626200246346278,0.38131077744940584,0.22936843994539402,0.5200227848321249
203.20000000000002,0.23510471217865953,0.2081435158837182,0.3774634911104369,0.22775673544003786,0.5215554720591494
203.25,0.24689405462550573,0.20364546444456755,0.37798769269402055,0.2337577997463281,0.5187452977286579
203.3,0.2407273686283989,0.2017581646601107,0.36842505501417105,0.22839889589756165,0.5327254924572453
203.35000000000002,0.2440472439804877,0.1970254210282112,0.3596487257688182,0.23299692491948695,0.5470703577331452
203.4,0.2379905218028345,0.19740067019318353,0.3526039643835428,0.21817140326288917,0.5655131453411139
203.45000000000002,0.24015475527173305,0.19120186060534788,0.3467774200048894,0.20986175046971764,0.5925693125113587
203.5,0.23244751056847257,0.1813783208310741,0.33839387258750403,0.2079212712236004,0.621110292662696
203.55,0.220745887403769,0.16529740587865385,0.3271560039199971,0.20638885469795318,0.6708282008488766
203.60000000000002,0.2241778711467704,0.14992760033457753,0.31437228977956194,0.2051427198006637,0.6912131701286706
203.65,0.2173144969898486,0.14101533048332338,0.30565923170681997,0.20525141343191028,0.7241453265557892
203.70000000000002,0.2237634236764912,0.13074748096778646,0.29233560989920493,0.2202375421289984,0.7215283231143839
203.75,0.2329824059512426,0.11294799197867786,0.2780989529638475,0.23196186669734803,0.7355710108649444
203.8,0.2282515914300266,0.10311093975058568,0.2684447644259515,0.23881571921004574,0.764447785278147
203.85000000000002,0.22123594711856098,0.09659823886699119,0.2625454889841013,0.24966365226391224,0.7912399126698795
203.9,0.21943320344964454,0.09633880934389709,0.25412544067184967,0.24103131865361152,0.7970406603691469
203.95000000000002,0.22437649431776127,0.08983814477603626,0.24641202946572763,0.2322398340909558,0.8074802918261007
204.0,0.22202455796478812,0.0861726649563804,0.2345448234911348,0.22893717610312758,0.7958031144414103
204.05,0.21061231617059084,0.08609238515994079,0.22605173635611436,0.23534348304197553,0.8032128446234402
204.10000000000002,0.20709757593209968,0.08518270109427178,0.2150191486619621,0.23156984246591453,0.8166665316152988
204.15,0.207164024794382,0.08797025440440703,0.20935196220301572,0.250243194377114,0.801630120843212
204.20000000000002,0.19836643853338087,0.09127640342913251,0.20216517413197604,0.25782552877423,0.7952501607553703
204.25,0.1938277193193365,0.08744879399755359,0.19328809767116953,0.2563466584976413,0.8020855206553257
204.3,0.1971192373733202,0.0859132004264996,0.18296897808070053,0.2633600898778062,0.8031563628404141
204.35000000000002,0.19228040718656444,0.08563174655223849,0.1835794369921263,0.24956197044155295,0.7885207538328465
204.4,0.18159885539179443,0.0863169786592089,0.17601968743515026,0.25023161811371875,0.7817372305107066
204.45000000000002,0.1743206739162124,0.09465519256275029,0.16723872169195106,0.23432962991423217,0.7915786979760772
204.5,0.15249926561759278,0.09621422012496003,0.15477666442782168,0.2263888199385417,0.7869694306734163
204.55,0.13471694440035822,0.09088697449424618,0.1460998250643585,0.21589156678495322,0.7792261264649415
204.60000000000002,0.12901566382675486,0.09076530140876853,0.13807467071369733,0.21018339671844996,0.7830282955454264
204.65,0.11568625186593691,0.09474813929861656,0.1252383356988535,0.22694489576124202,0.7760136074295231
204.70000000000002,0.10546034507454863,0.09650907249195134,0.12448970357898502,0.23295787856055727,0.7639053883811912
204.75,0.09855425616917211,0.09201985542113915,0.12185317497448511,0.22194190517290605,0.7583576554232634
204.8,0.08869647508915464,0.0969323279351888,0.11101121165074626,0.22949369317588664,0.7628893727425937
204.85000000000002,0.0813246592868882,0.09913012025525823,0.10975218640920871,0.24640071402611427,0.7557787326114002
204.9,0.06079731769368891,0.11237420272006715,0.10018892383767815,0.25356399757867226,0.7480583395103902
204.95000000000002,0.05277579947807144,0.12269173474891965,0.08798015925899648,0.2496693033312101,0.7480132469998343
205.0,0.0578486646703182,0.11983381787330799,0.08100207753398454,0.2578826646642948,0.7615749441194379
205.05,0.05836820782282303,0.12486166205379456,0.07213823525765181,0.26596936853823505,0.7444999515863523
205.10000000000002,0.06949650941276811,0.12240401857270854,0.06765662424487125,0.2537910845576409,0.7402199166040141
205.15,0.07587001333269254,0.1251130090993286,0.058834173453874226,0.25524964003925377,0.7332799181352511
205.20000000000002,0.091649838909509,0.13381346830309346,0.052553872395836296,0.24933770658281226,0.7252142690373548
205.25,0.10552599316573373,0.1338125301314105,0.04650519957658598,0.22546190602219315,0.7293629093651893
205.3,0.11212594002962718,0.12405289142569086,0.041292232947896024,0.225854650609239,0.7220041408922842
205.35000000000002,0.10408335654292528,0.11981407137889531,0.041701815261459045,0.2391678890067907,0.717490660517907
205.4,0.11276420473966628,0.10984551580473886,0.04915985244134585,0.22460834092814314,0.7305121102070236
205.45000000000002,0.1156889651891073,0.10162632439090198,0.06082168647604011,0.2357675428047302,0.7406094030283555
205.5,0.11803687193945953,0.09600966878142418,0.07529005526628371,0.23150424847510034,0.7540554838188352
205.55,0.13534365723815917,0.09842512521141936,0.08499965369843188,0.233624695874162,0.7708530514421037
205.60000000000002,0.14527034548303322,0.1040829450283074,0.10093324289903985,0.2373700859945538,0.7712459851175921
205.65,0.15103602967568597,0.10289682349853985,0.11701649213006725,0.23516089352238323,0.7656149781748559
205.70000000000002,0.1498382710173488,0.09880804770760944,0.1253219981854175,0.23642290768554178,0.7598651365824152
205.75,0.14551346947879745,0.10554160957121722,0.13861330931391774,0.2465818616889284,0.7409090588423269
205.8,0.1420042688711435,0.10777058993189667,0.14930768750416842,0.2628103738872889,0.7369564691454278
205.85000000000002,0.1452777552917535,0.11318831571023846,0.157807183145621,0.2678552042190529,0.7263863825320747
205.9,0.14884191556580567,0.10387398161474018,0.16330670562685665,0.26999163571202106,0.7108313974639671
205.95000000000002,0.15271406092123432,0.11201881369408472,0.1739742072406901,0.2657670514784971,0.7067307071980868
206.0,0.1623211167079675,0.09155957143822276,0.17879787322227508,0.2696230151742806,0.7063419673824144
206.05,0.16636778473848868,0.09007248396321849,0.19077848499964054,0.2640054895832385,0.6931857065226645
206.10000000000002,0.16895191406187812,0.09539079168161847,0.203565167170737,0.2699371294171963,0.6962852946438653
206.15,0.17615349714498368,0.1013472737396377,0.21937030805263913,0.26630660988134874,0.6949903769296636
206.20000000000002,0.1806647429913637,0.09899819666908867,0.23334881453993028,0.2646552784898297,0.6898287247327735
206.25,0.18802658062615726,0.09359118281756751,0.2455535089571928,0.2647669942383044,0.692897598282447
206.3,0.1971340887996786,0.09052408210745941,0.2553926697592376,0.2728453677664386,0.7219668541118509
206.35000000000002,0.20307283865834647,0.091948868689913,0.26616796215188104,0.2709023518477132,0.7351515008218966
206.4,0.2079596331993347,0.0829177389236537,0.27619687970972256,0.26182346016667074,0.7426240256748411
206.45000000000002,0.2092866218921024,0.07883481883231118,0.2824841488774594,0.2604797233789473,0.7513188423842555
206.5,0.2068453784537172,0.0676283046692353,0.28482524800238584,0.2698618045673278,0.7550674723177844
206.55,0.21383685094183033,0.043186851160870406,0.30276698954294423,0.26590059506470703,0.7394783913146437
206.60000000000002,0.21606690499211564,0.0332165795555453,0.31106084027850806,0.26814795352483667,0.7149563049406774
206.65,0.23268371850902028,0.024503318845971643,0.326779799468732,0.2673117290927781,0.6984772583764552
206.70000000000002,0.2438004699208757,0.024115553330196646,0.33742292831688336,0.25771956670217555,0.6856721281149766
206.75,0.24798864076971522,0.029115035440887397,0.34544551119955785,0.26379111490405033,0.6861344278695166
206.8,0.2543687175933422,0.03353668618335661,0.35631637985763487,0.27714789131461887,0.6877491082720893
206.85000000000002,0.2587219945278635,0.02934505090542243,0.35724924703287764,0.28246691592066403,0.693611075095624
206.9,0.2598361971859939,0.04327808337983661,0.37461242058075583,0.28463938035691133,0.6920079994416289
206.95000000000002,0.25828812564024234,0.040712339661458936,0.37115299333324875,0.29210298994582395,0.7090559071461019
207.0,0.25452865118838325,0.04826402775709705,0.37678877844695385,0.2973491892581523,0.7173801551992353
207.05,0.24315528359586494,0.0683186474758672,0.38453509299091376,0.2961356099599561,0.7221204737904701
207.10000000000002,0.2315741766778346,0.07610543497162742,0.3794431209356989,0.3048538776092483,0.737630511079251
207.15,0.22133755576262412,0.08378053643901412,0.38389914406314113,0.30523537537934087,0.7350423589578045
207.20000000000002,0.21744085250898124,0.07619813231146463,0.3839262138768534,0.30276835527957296,0.7487078450691457
207.25,0.22281426376896107,0.08027549527463215,0.37312284262303275,0.28025432765276737,0.763913774933477
207.3,0.23241200582731175,0.0708153433809932,0.36257950272571954,0.26994712650413305,0.7623138221186916
207.35000000000002,0.24185501087742467,0.07376672926981347,0.35552586856417245,0.264768587681098,0.7638056208062232
207.4,0.24526017074064824,0.07732181545940607,0.3602818345962665,0.264689335606249,0.772474141308108
207.45000000000002,0.24044060386579658,0.07884452059314181,0.3650944263510957,0.2623939182361369,0.7848254086465964
207.5,0.2331791702716048,0.07410429031018582,0.3547571764425502,0.25004954904312837,0.7929779212924589
207.55,0.22533660966557373,0.07683970895162828,0.3449863500229789,0.22581895520039447,0.7844978552828696
207.60000000000002,0.2206300107028855,0.0872311927859366,0.3487389710009,0.21826376870890513,0.7837774911691839
207.65,0.21300090035116429,0.0864965142667655,0.3359436268393421,0.20819515651719991,0.7926413831477417
207.70000000000002,0.21056360747540234,0.0932896621081197,0.3274615508072805,0.1986258215910497,0.7812964423975737
207.75,0.21210556825961568,0.10732977579889202,0.3335233294780619,0.18503617782842013,0.7749567051190442
207.8,0.2188457056367406,0.11432307864366702,0.33793254615259427,0.185143701520798,0.7800963518710419
207.85000000000002,0.22376375023748596,0.1241350193535678,0.3324208066309808,0.1796227821657703,0.7847730810888632
207.9,0.2252838919613279,0.12339416422637421,0.3304229612624531,0.1848719996320418,0.7804031353474066
207.95000000000002,0.20727979408613736,0.1259003452831229,0.3354158895718684,0.18259596513751727,0.7909373323534664
208.0,0.17902614089072558,0.10786788201615112,0.3232234649636531,0.16632674599055763,0.7930526331693869
208.05,0.15042963032748047,0.1121591594144798,0.3364218440547626,0.17020235068309003,0.7888030095520617
208.10000000000002,0.13212347095470015,0.11786776328676213,0.32502779332213944,0.16519175016265028,0.7935534450922066
208.15,0.12962655601502546,0.12627907912743022,0.3137714142425025,0.15732116395416096,0.7799019052541423
208.20000000000002,0.1262063956083075,0.11320889406147898,0.3213715885751498,0.16310925817013455,0.7794344856826103
208.25,0.11571631954584845,0.1001349753505706,0.3288262520297272,0.18170544039554842,0.7717532993503735
208.3,0.10416569206667611,0.08726347929068166,0.3310509383588137,0.18409628619903148,0.7788344511395312
208.35000000000002,0.09920523170612042,0.08201889642907818,0.30553537771809025,0.17948405250673174,0.7746644967412704
208.4,0.09018373731878199,0.07707846105709328,0.30139627886676185,0.17475320787082438,0.7525104351349372
208.45000000000002,0.0733392361998888,0.07221851247534422,0.2841513102411337,0.17945705493322656,0.7226003110410861
208.5,0.07323100867897722,0.07402366861584478,0.2748001387631938,0.16652368010959737,0.7081005179404112
208.55,0.08290473586580238,0.08180390651933432,0.2656056846919678,0.1610935760151257,0.6915482594692709
208.60000000000002,0.1039077277245502,0.09491376141055692,0.2736860779677688,0.16092423786708926,0.6731004471053339
208.65,0.1120040292175593,0.08795984968000087,0.2745611311623035,0.17052022674891393,0.6815592974741882
208.70000000000002,0.12000063286339385,0.08651797786001354,0.2591945143750307,0.17138383567091764,0.6755138823865906
208.75,0.11994418062796862,0.09174055962767144,0.25336245826652665,0.1696670306120678,0.6641665235660272
208.8,0.11392286737963833,0.08681698984237528,0.24139354395171303,0.18066338860766834,0.6509703888983781
208.85000000000002,0.12154443468233923,0.08678063672284472,0.21910480452482964,0.1710731971668111,0.6353039665647991
208.9,0.13113469904203037,0.08348221903526812,0.2201005064180366,0.178532746935142,0.6312496792727068
208.95000000000002,0.14767470572172142,0.08692998684106522,0.21285609793076485,0.18032735339081465,0.640322529361632
209.0,0.16458872765360102,0.08813461526850419,0.2192164616034623,0.17355831286716975,0.6296523771593633
209.05,0.17715224506663632,0.080835406038739,0.21969832810573095,0.1728959022515165,0.6335970764299199
209.10000000000002,0.16484738934723256,0.06392121459802691,0.2321998518484032,0.17509933281180473,0.6469052731948477
209.15,0.16685598624669007,0.06560152387820967,0.23226472919153696,0.1762693331202927,0.6494690354265722
209.20000000000002,0.16397397482285253,0.05386658246076919,0.22843729331705298,0.18235415115306114,0.6637817407164326
209.25,0.1561136202947332,0.054054608577342386,0.22087180705899803,0.17169335541365446,0.6751168136737218
209.3,0.14259148159651028,0.05529850800146302,0.21608810890123192,0.17706736313936192,0.6773560798624485
209.35000000000002,0.14546813345120443,0.049247305953592085,0.21175639157187628,0.16499576915596936,0.675100449503455
209.4,0.13797870449851163,0.03900467829781509,0.19490933434435195,0.16501880628128693,0.6774888246487206
209.45000000000002,0.12790284855820017,0.03970129558172611,0.17202997735773715,0.1570593987560768,0.6667245373388258
209.5,0.13608624971378905,0.03954637026062158,0.1681801302766886,0.16105336733824074,0.667025543441029
209.55,0.13936186528116326,0.04173415603117837,0.16052728282635717,0.1537562158230521,0.6635612752173083
209.60000000000002,0.1375474234562728,0.04471276820974119,0.15001276025987673,0.15366079780776482,0.6535586328312941
209.65,0.1306503794147683,0.039076126553063466,0.13934174651649744,0.1575544900849005,0.6533396681607121
209.70000000000002,0.13321450972088647,0.03147836768473779,0.13948649797121362,0.14809857679566504,0.6356075810555227
209.75,0.12270162320566118,0.03461570354968682,0.14019656619728504,0.1397495240675418,0.6416029530392415
209.8,0.11410117239816796,0.022834468858283295,0.13474545812419417,0.14250634659150416,0.6507678149281314
209.85000000000002,0.10369994505684745,0.020000005791555767,0.12605041823917243,0.1459267863776475,0.658758746675754
209.9,0.10559948881486662,0.015527210804329863,0.11539105989071811,0.1479014711906074,0.6594320984687027
209.95000000000002,0.10640089012270955,0.01428512101967196,0.10007429437670015,0.15238372097671313,0.668649359394683
210.0,0.09983027199243537,0.017471063792120888,0.0910763529400962,0.15801929158811273,0.6591877044812203
210.05,0.08469864117947992,0.026749597342350957,0.09635605856938623,0.1549305063547994,0.648249540535178
210.10000000000002,0.07225625244522293,0.03386390985503499,0.10096904291013617,0.16251096692481487,0.6397603992959623
210.15,0.0627301350238043,0.03609687912656536,0.10142365271942588,0.17423385982127135,0.6511354865089588
210.20000000000002,0.06725222218058681,0.04456702256776548,0.09383267229412358,0.1791020706859464,0.6531817194874373
210.25,0.06775510329376495,0.04867389783543315,0.08238995303526218,0.17836690277263811,0.6543048169372565
210.3,0.059268252221031194,0.05199147359460659,0.08283561678861029,0.16337971422131511,0.6496342339509876
210.35000000000002,0.05901471845511387,0.048523273230108,0.07003936628061672,0.16497947111277086,0.6525940355647625
210.4,0.05989532861436757,0.057061850690143745,0.06807149925757433,0.14937994987297362,0.643343063827964
210.45000000000002,0.05647707304963561,0.0688547004212613,0.06598361554863702,0.12193096358031282,0.642779478945887
210.5,0.05296746325163618,0.06674296140758856,0.06519466434642457,0.12058775947679866,0.6281256998515681
210.55,0.046495044807612795,0.0695762976785448,0.06758415506007666,0.11509533965021064,0.6299147504520304
210.60000000000002,0.05071978514578035,0.0756032577852875,0.07329518458890019,0.10137347417760584,0.6265427893713224
210.65,0.05008427091697152,0.0896675388268852,0.07744637309049662,0.09759909498622552,0.6195119433181694
210.70000000000002,0.0511626936470248,0.10019882526090244,0.0808579835629366,0.09009295500293897,0.6137830984317102
210.75,0.04676030392877802,0.10203234673177007,0.0860682148678201,0.09849219306470894,0.6013363450687911
210.8,0.04268681151232817,0.10416757147283082,0.08968103110740196,0.10305698885170059,0.61139505429533
210.85000000000002,0.046043721259101264,0.11356997017957636,0.09347342834911787,0.09631421665702271,0.615831105021766
210.9,0.05185582306198496,0.11332299305364396,0.09634532393683268,0.1107899745585777,0.6155629464011728
210.95000000000002,0.053080555574433294,0.0948218448281127,0.10359565590370734,0.1165676476008056,0.6131084111406926
211.0,0.049533312629853235,0.08829100009618264,0.10795178950325665,0.1291213972104001,0.5993493283439111
211.05,0.04821995639044182,0.08330783327574856,0.10892414854076608,0.12546664628051607,0.6080133451919942
211.10000000000002,0.045145981841793796,0.09577767283442998,0.11309064162443067,0.12280818043025662,0.6144022322988588
211.15,0.04375899774074759,0.09614904124824719,0.113439218554565,0.1102473409042069,0.6235698260256123
211.20000000000002,0.04509967721479935,0.11015402542578487,0.11371993410123167,0.10292226782267302,0.6260204775504934
211.25,0.04072670012975309,0.12955970099117306,0.11866565492601532,0.10081201208118787,0.6091238068238036
211.3,0.048698311128570815,0.1513666050281138,0.12332249346292311,0.09594000778675554,0.6073454629442278
211.35000000000002,0.04775241886612809,0.18029120971790008,0.1313599203290336,0.08569120406043682,0.6140671993828264
211.4,0.03954069913304885,0.18926960156025535,0.1362501121861672,0.09446086658349709,0.6121418864122903
211.45000000000002,0.03454502903558764,0.2030724547864876,0.13690552895421632,0.09699943434313839,0.6147720334119819
211.5,0.03045571383620413,0.209545803367784,0.13890602545624117,0.10055613050906123,0.6138455969468961
211.55,0.02589546749034058,0.21498006649591309,0.14298132103009448,0.11121078825059758,0.6087051091598227
211.60000000000002,0.014676611125723035,0.22562360776141624,0.15170592361987587,0.11469045789072312,0.6209525504199518
211.65,0.0071769466298673805,0.24277871944226398,0.16288201037901953,0.12729480112693625,0.6196057048591811
211.70000000000002,0.01102140148334364,0.2520164650457173,0.17591586594043018,0.1251462100200501,0.6213837801228982
211.75,0.018320300327725865,0.2597967558236396,0.18827521178814577,0.12417427559298881,0.6094323059284203
211.8,0.026869473408807253,0.2632178257815507,0.20310094301571263,0.12183441418112842,0.6089631430574856
211.85000000000002,0.026007700264999833,0.27322004930942145,0.22389559008322596,0.13176712204153443,0.6000340662707486
211.9,0.025213493310442037,0.2831802779335698,0.2432751204004289,0.1484215288682028,0.5950799861459829
211.95000000000002,0.02675658787087255,0.29482945817147166,0.2617086709714793,0.16733954394116773,0.5992026130847997
212.0,0.028273576837348775,0.30678024123907977,0.268745956625263,0.1970885118396432,0.6015870167659132
212.05,0.013196244463049164,0.3247560516369761,0.27008676564144674,0.2109812380211808,0.6087148921059723
212.10000000000002,0.007346609534517242,0.33169156808970335,0.2650797717227848,0.19255592303624708,0.6214165013199666
212.15,0.004909198440735575,0.346168023178882,0.2652131651760021,0.18286321483176995,0.6282617958518814
212.20000000000002,0.01352476050186508,0.34619227696282123,0.27131017099551796,0.19718300426825255,0.6385621204284678
212.25,0.02580769706442629,0.36387047361533326,0.2767912548265482,0.18581301058533783,0.6442440314715204
212.3,0.03411709319472744,0.36565346641295005,0.2787765236997469,0.18084869302249532,0.6567945369643918
212.35000000000002,0.036132383577446595,0.35176785626221735,0.2807803138666245,0.2036770286519439,0.6660803770364665
212.4,0.04027583060743227,0.35374531957523386,0.29152004238766693,0.21555616826398075,0.660790648887984
212.45000000000002,0.03264630216750198,0.3521512658325879,0.29198085813782365,0.19981166087475088,0.6604473153356707
212.5,0.023141329114360357,0.34575771524947546,0.2857504655961574,0.2210001779126115,0.661110242683058
212.55,0.012411508388904792,0.35540353859356355,0.2821400163626578,0.2110688790971516,0.6622194776064937
212.60000000000002,0.021047720549237682,0.3589703581175116,0.2754800838524694,0.2016854014085927,0.6725021372049437
212.65,0.03182074876671105,0.35830169610294066,0.26513396923953253,0.18535932346145914,0.6825197754910851
212.70000000000002,0.03644924230141391,0.3651392530496802,0.2436697010238513,0.18708481820307024,0.6895164066165343
212.75,0.03715799225497131,0.3652554886275982,0.22219425217628846,0.21441911700315558,0.6983490228906859
212.8,0.03617607033294024,0.3765360020771349,0.20076075270715107,0.2332407244480975,0.69416362436208
212.85000000000002,0.03392607304327069,0.36956450281849285,0.1733315277544607,0.22986788004461298,0.7083332975548453
212.9,0.03533235204046736,0.3723284637475744,0.14448846794173575,0.2323811003870461,0.7076859998462879
212.95000000000002,0.03291265789019078,0.3704880215814511,0.11573295686028325,0.21760132040422217,0.7241038550414151
213.0,0.034954449882089594,0.3645640512740372,0.10860284270804983,0.20112746971629406,0.7338910917801238
213.05,0.04435064170118455,0.36960581483127913,0.11811370766143606,0.18041736465896235,0.7521003027700172
213.10000000000002,0.04702288959828311,0.3654854442070139,0.10893514342565364,0.159828892684534,0.7382676866921215
213.15,0.05913162051656774,0.36101455557715584,0.12264124705598595,0.1611870087067416,0.7453674232248512
213.20000000000002,0.06488061499772363,0.3602323443029841,0.1062351691257945,0.14820825855667608,0.7369897390493397
213.25,0.06457079650984265,0.3564425644946228,0.09909119673825749,0.14486688084393218,0.7403812711823794
213.3,0.07309753530633942,0.3572884602065612,0.08646654969943501,0.13591859662205377,0.7442888645649414
213.35000000000002,0.07756285106516086,0.35609089520406506,0.07220695456744763,0.13452569308947815,0.752837658179154
213.4,0.09281108304425291,0.35875373568757757,0.07528108509042256,0.1393642908414279,0.765870231483362
213.45000000000002,0.10002201352019642,0.3528037452103074,0.07630065860215261,0.14610669233415727,0.765686802967177
213.5,0.10538369392116353,0.3610274711473664,0.08701634683400179,0.14335303733747612,0.7765537374229524
213.55,0.09998918440294392,0.370535886520085,0.09177127674448922,0.14317860997787207,0.7721054789073339
213.60000000000002,0.10191631743050313,0.3677570972131048,0.09251666743494812,0.1383600648749254,0.7794532684787482
213.65,0.10246279942296292,0.37286744946038475,0.10289067468879468,0.14419620935506003,0.7753642193013031
213.70000000000002,0.11327897223666514,0.36534270418675213,0.10034562136597447,0.14917656013398836,0.7764646337796838
213.75,0.12348498526303933,0.3741295403119828,0.1009765404833751,0.15067133788899253,0.774021820416666
213.8,0.11885849792271193,0.37825099043597654,0.10663315381385972,0.1599594729622481,0.7794050177235584
213.85000000000002,0.12607443786804604,0.38013595845041476,0.12149828221852528,0.15693992694448547,0.7737603016830815
213.9,0.13085016998485416,0.3780592123496646,0.12976581837918003,0.1427180666814175,0.7645068514669354
213.95000000000002,0.13541653185992478,0.3748813902930236,0.12629250635188094,0.14292059324603112,0.766143362073074
214.0,0.13671231569187411,0.3688059472619576,0.13437988688478322,0.14202088042955774,0.7613147956226072
214.05,0.13714866479470283,0.3553515430568618,0.14874202317352972,0.14042166689712585,0.7619439566700857
214.10000000000002,0.14101373141668647,0.3581282251831906,0.160089261756864,0.13245237509599836,0.7621365887351502
214.15,0.14184368564404334,0.3623723650887459,0.16201382951745813,0.13026666786038407,0.7617839150643066
214.20000000000002,0.14775645286642222,0.35714389303436045,0.16961806143956973,0.1282323194133862,0.7611576073624224
214.25,0.14629427284853316,0.3457970018958472,0.18199310665238716,0.12133034977365609,0.7389162562117838
214.3,0.1585320129977051,0.3238332110553247,0.1912373023415807,0.11739247706849605,0.7245441539248143
214.35000000000002,0.16750029856311136,0.3117792646396215,0.20426160294741097,0.11933657011035934,0.7267245714135038
214.4,0.1619089040360226,0.3156795558413983,0.2165101350793173,0.11383259939132753,0.7325104301310396
214.45000000000002,0.16185594040408324,0.30891676618667846,0.22207070687235864,0.12807319655373836,0.7282349345427127
214.5,0.16905069374691575,0.30529765628748307,0.22490118972077014,0.11684042939075041,0.7321371791662411
214.55,0.16982017165998045,0.29259748352806414,0.22648666989558286,0.09691439289684554,0.7273498755734111
214.60000000000002,0.17858228381701774,0.29606540372798434,0.22847568624396752,0.07153258639048223,0.7434094612699653
214.65,0.1849877189982341,0.284957096277489,0.23605828526090444,0.0754371824037045,0.7614666973636651
214.70000000000002,0.19014207172248676,0.28219694779778143,0.24580590270429065,0.07155464192546265,0.7557257980755825
214.75,0.19139962513711598,0.27363924672394746,0.2513169213245684,0.07195850182070299,0.7483046032581929
214.8,0.1971766284359981,0.2719085890355197,0.2664259074341007,0.06676429101400788,0.7601238767218328
214.85000000000002,0.19942070181506943,0.260252855890297,0.2725008977256796,0.0721042309508416,0.7656639205625972
214.9,0.21315667739549365,0.23512440758624428,0.2810842887060513,0.06629594451850587,0.7625602503203267
214.95000000000002,0.21763338071275165,0.232449394513162,0.28640370814777905,0.056848025999730566,0.7292781098076165
215.0,0.22492656027484612,0.2140327943976633,0.2999763979670831,0.0460409577058121,0.714951002590795
215.05,0.2236862014084509,0.2064575074043942,0.3070221433189778,0.05924755225998192,0.6883024600969209
215.10000000000002,0.22564981738147702,0.20203870302153248,0.3091386114600804,0.06711336145405777,0.6644197880512328
215.15,0.23095307670002604,0.19217773726190177,0.3172766908372124,0.0711215068038613,0.6461189250087563
215.20000000000002,0.23439901041424357,0.1846965150155933,0.3177415505706286,0.0701105123371875,0.6468078516009313
215.25,0.23857786651536686,0.1837317395756965,0.3163663673774579,0.07533290143811497,0.6483837209269573
215.3,0.24445219877846577,0.18070083098106016,0.3180345657423442,0.08922307880386417,0.6560892097587355
215.35000000000002,0.24626507146874152,0.17768887275425335,0.3203397733012408,0.11097608850836357,0.6629437787388837
215.4,0.2495769171707122,0.1730093154730964,0.32054655793711667,0.12112676477978215,0.6631117756436018
215.45000000000002,0.2537329540617549,0.17774250887651916,0.3256584689055303,0.11592458772856246,0.6723965191601474
215.5,0.25300828157388683,0.18595934714810344,0.33580115734992494,0.11442063463550921,0.6861421311433064
215.55,0.24790070803895736,0.1868456830425474,0.3448862144127058,0.11057499473044803,0.7101320305533877
215.60000000000002,0.24464239137491375,0.1939556965744218,0.351875238284622,0.12300752801720058,0.717204349918928
215.65,0.2500940090794566,0.1918102430919852,0.35981200950961095,0.14159022520342707,0.7336414817091305
215.70000000000002,0.25530097458412343,0.20256099882510858,0.3637789918120318,0.15376872841104064,0.734466954777708
215.75,0.25892152049735956,0.2061725577174311,0.36258793188157834,0.16475767737018868,0.7297548542190924
215.8,0.2669486235924722,0.20003973551580415,0.3647062356888727,0.16321812605559638,0.7178189168019224
215.85000000000002,0.27097725289978697,0.20679520327963197,0.36435623771578474,0.17639496643731944,0.7114353294725201
215.9,0.26915290711576884,0.21187433332259592,0.3485087354876715,0.19312205989392545,0.7106433448132567
215.95000000000002,0.278996175614954,0.21695710092014234,0.3505839231966907,0.1890358467968718,0.7190699803901353
216.0,0.2797907598113332,0.20700422017673575,0.34265458279375766,0.20957611343507615,0.7186352203691911
216.05,0.27807743554558034,0.20988894966693392,0.343007675675343,0.2033582181403272,0.7163207667487597
216.10000000000002,0.2794939320559659,0.21036353151025958,0.3470263866964017,0.19832085695838786,0.7218832812414583
216.15,0.27611647645583126,0.22246897372592325,0.3543750219945928,0.19564605046300446,0.7265393986924413
216.20000000000002,0.26898963775443063,0.21934168103512652,0.34919376854295914,0.2166018433802156,0.7290845148766224
216.25,0.26797249709282017,0.2280491624066457,0.33718052567193785,0.2203499591922721,0.7269350773231597
216.3,0.27376429304316957,0.22897482481191256,0.3285644874167425,0.21755227157925627,0.7289714882048677
216.35000000000002,0.2754443600314819,0.23636071528136185,0.3173621703248362,0.22314728689311839,0.7333178191854358
216.4,0.2719599061031987,0.2307015864235043,0.3131948201378089,0.2347129375295928,0.730114788407003
216.45000000000002,0.2782966691185181,0.22152553845140158,0.28736778493319404,0.2562624704553739,0.7169205225430787
216.5,0.2818644116673544,0.2190618873159372,0.2734479861887662,0.2599839774328698,0.7057082935891723
216.55,0.283306869156824,0.20878729498511397,0.25954649793965384,0.2650260278995262,0.7079963591833441
216.60000000000002,0.2787238057407337,0.19705081344519168,0.2427038637360363,0.2418783093060639,0.7083219350956032
216.65,0.27961075575957567,0.1914104575457666,0.23736645710027118,0.23976283261835873,0.7023730803913621
216.70000000000002,0.27727690736236094,0.18487950702309244,0.2319056648889517,0.22934350299266829,0.6959641123422098
216.75,0.28433493796491466,0.18260931830912044,0.22542018230458827,0.2284862353177177,0.6882756520352027
216.8,0.28720898357114377,0.17949782015291088,0.2097852452282648,0.22586426453169697,0.6867630233009179
216.85000000000002,0.27877470480117117,0.16970393810993115,0.1969686271505312,0.23210210525510305,0.6824811113034217
216.9,0.27436063808618355,0.15933042996823954,0.1800631579520299,0.23474855793778368,0.6623546800666058
216.95000000000002,0.27790322635510795,0.15354105520577863,0.1584527562545989,0.23298109536101333,0.6480513049885543
217.0,0.26301081810873866,0.13321768107921944,0.1453982635728116,0.2399009656683717,0.6370435148310426
217.05,0.2570783841200326,0.12945477907203812,0.12809661300075023,0.24674542602226696,0.6221025866530311
217.10000000000002,0.2527065145880109,0.12263978118147877,0.12290921681349187,0.24965752431957278,0.6184259531849621
217.15,0.24428054037376495,0.11111479028601634,0.11344524785331976,0.2474044912552087,0.6139866621447398
217.20000000000002,0.2442226838856254,0.1089263244603233,0.10535490046583539,0.2520682341712488,0.6005523539425778
217.25,0.240490387320139,0.10035077021456289,0.0991961750881192,0.26892280148106584,0.5952242793862236
217.3,0.23819238049078068,0.09556878128755242,0.09807218750041893,0.2710695856040765,0.5963834937059943
217.35000000000002,0.22735124078872201,0.08882609152919833,0.09597410514930786,0.27383397489788314,0.5779595778527248
217.4,0.2194362206852434,0.08375356745110085,0.09203932833879404,0.29314519138334577,0.5646203569799892
217.45000000000002,0.22419351321364991,0.09407836995597454,0.0854689351208175,0.29270188238061934,0.5674060542848107
217.5,0.21969430475728383,0.08704678828983572,0.07312908873175551,0.2785648677435765,0.5661475852830559
217.55,0.21662373013565936,0.07937828961124782,0.05388669739776496,0.2863555381083923,0.5652717473034541
217.60000000000002,0.20607756126350085,0.07986689221023778,0.03519208924557802,0.282683544829661,0.576886634918232
217.65,0.20033733173525348,0.07944311360474941,0.030805534911733087,0.2665553476341256,0.6030092066110543
217.70000000000002,0.19268662632041186,0.0835614985770814,0.04062147731217793,0.2577055746738926,0.6192538417372768
217.75,0.19242507682105792,0.09078640545904498,0.05034107381195744,0.24179097028648974,0.6282158347957152
217.8,0.1941141284137528,0.10082675802783672,0.0520366598529435,0.2332954493224706,0.6586169370495201
217.85000000000002,0.1832754465035315,0.11092382825747052,0.036749103237967394,0.2187018474202929,0.6828428393918802
217.9,0.18631307813357037,0.09943455950101882,0.020098997134203916,0.22692593396528551,0.6749608164798464
217.95000000000002,0.1806386666132151,0.0986397926547784,0.009340937405930099,0.2377379047088864,0.6817712355388209
218.0,0.1843084335495333,0.0940655437406626,0.01190657780719998,0.239857119839578,0.6815762315161964
218.05,0.1820222193544423,0.09190931767530688,0.012436439012534356,0.2317598903981135,0.6607099189646377
218.10000000000002,0.17844211869409238,0.07924311387863894,0.0224410659026053,0.23448540174593066,0.6572024123450759
218.15,0.17954216206780776,0.09109832786281648,0.043427299590113454,0.2291612492977885,0.6507035853046019
218.20000000000002,0.1682600563180296,0.09032182612337922,0.06954207130563533,0.24198587381618628,0.6266845863329705
218.25,0.15670626374148003,0.08032578091268237,0.09228611466222915,0.2665634382942699,0.6094792284433819
218.3,0.15735898172600946,0.07000928545761746,0.1131676242012677,0.283210126923903,0.5914959578137922
218.35000000000002,0.1525235505634621,0.0783814727927792,0.13635985968565278,0.29914737046268386,0.5772186901193923
218.4,0.15578786425096042,0.07370411031136735,0.15223856678598238,0.3120694689668536,0.5655290972481636
218.45000000000002,0.15317170705404873,0.08100363255383564,0.15919558329616987,0.3372217274338647,0.5573852012559852
218.5,0.15186024474129894,0.08395093458119479,0.15757395547079509,0.34229043871414483,0.548072711617978
218.55,0.1511030333162398,0.0933892408300488,0.15774898846521393,0.3479429238196266,0.5468416932840339
218.60000000000002,0.14621777642445183,0.09041949034444513,0.16259309562649568,0.36158052706200966,0.5457566338159585
218.65,0.14420788209243376,0.09146095706850908,0.16987540224891232,0.3672885054026657,0.5521207055856919
218.70000000000002,0.1406090827979892,0.08532392451930433,0.1762717930831665,0.3558943734953967,0.555416985373868
218.75,0.14228308309256324,0.08423125103835684,0.18920876969609687,0.35224526414425666,0.5587551232624878
218.8,0.1361893758220453,0.07214321679594374,0.19953920936802017,0.3549085566398011,0.5596247896055015
218.85000000000002,0.13493109578530918,0.07100880282572636,0.20257252045642282,0.34232587038724505,0.5447214050862353
218.9,0.14734146014428573,0.05989520419631737,0.20590284813703957,0.3521475729261851,0.5483605859638127
218.95000000000002,0.1609353854235257,0.05227553745549752,0.21428807028392055,0.35250784895795473,0.5593388644810726
219.0,0.15655035812680382,0.049871967519672857,0.22082602014316027,0.3321168362223518,0.5581395507686617
219.05,0.16486748539050083,0.0348899897742573,0.2296862758222942,0.32210148468725136,0.5572709987299316
219.10000000000002,0.15927408686678482,0.03530963649737328,0.23599328629424873,0.3147974216600599,0.5569561634383403
219.15,0.1503641863256225,0.02941928140046014,0.23181662252748803,0.31188346198531686,0.5576832479899749
219.20000000000002,0.14875105926734347,0.024295129528488266,0.23312993168508864,0.3053439603785154,0.5519321167177976
219.25,0.14719100371067295,0.0125089478036106,0.23479432701550343,0.29008670857136465,0.5651432174224125
219.3,0.14858773800390138,0.02453836691506545,0.2414436386708729,0.2666959882297389,0.5775733163415604
219.35000000000002,0.15639252530866157,0.030375592106942212,0.24638076806124082,0.257259390307539,0.599854389351564
219.4,0.15218335201397554,0.03874223410179001,0.25347414277950103,0.2438244821138053,0.6081713231453171
219.45000000000002,0.15249938323246817,0.05135264003075794,0.2608922444781038,0.2473706704444729,0.6111803216279984
219.5,0.15414219828234382,0.05619147610056024,0.2725382163853815,0.23993168275633395,0.6031155507743053
219.55,0.15917604541603655,0.04743325294270726,0.28221789996395075,0.2405262750315401,0.5979483954716645
219.60000000000002,0.1586967307424372,0.04124837581940347,0.3011224662125945,0.2538809731467384,0.59516645754436
219.65,0.1636898332780236,0.043641858635768346,0.30841665611547814,0.2493073860942087,0.5758952231368704
219.70000000000002,0.161698729707649,0.050860677634327285,0.3067459820095478,0.2579933951677138,0.5715461424526816
219.75,0.16132056711431383,0.05084833498574221,0.3124638492816491,0.2627407783763192,0.5909198544462927
219.8,0.16008007430805063,0.0527739373487587,0.32120061031479885,0.2690472730750002,0.5695675154903593
219.85000000000002,0.16038493875050494,0.052059478300223457,0.32945464103498895,0.28074197510114046,0.554403671455751
219.9,0.1567093959895322,0.05253188606494892,0.3279936119880637,0.2866877647594506,0.5241075202285858
219.95000000000002,0.1558056693934667,0.05280925640981771,0.33102682944609974,0.27632915963654625,0.46720413874043765
220.0,0.16319193268763735,0.05611498372889053,0.34162742704681953,0.26378463189695567,0.4330027556610786
220.05,0.1628690731287876,0.05777589131743223,0.3486159656918168,0.255010266399905,0.39822739577236466
220.10000000000002,0.16945755702144008,0.06604610344920735,0.3598406536587189,0.26566528938239536,0.39390629371476094
220.15,0.17725212830461862,0.07844062062283806,0.36711299680382375,0.2711922178275372,0.40580714030253057
220.20000000000002,0.18123281459994142,0.08927598771197982,0.37022335874393236,0.2773913185710268,0.4057138183609464
220.25,0.17661021613134278,0.09459858205268763,0.37892385195063366,0.285970490966368,0.410129542760807
220.3,0.18278340977240998,0.09372219852664682,0.3811276209775799,0.28831109259614396,0.3813224451199026
220.35000000000002,0.19384194437288,0.09639220870340214,0.3817805578840713,0.29061994596750035,0.38359029875994455
220.4,0.20029900237053175,0.10482604133985923,0.38830614701529553,0.2972130154216018,0.3691231399052725
220.45000000000002,0.21055327930181442,0.10043804963935636,0.38240577149418326,0.2988025167623102,0.32428140387737836
220.5,0.22268916596902788,0.08933085286877396,0.3828001297627918,0.29461068836028426,0.3012391467337189
220.55,0.22773911665973098,0.08810195475955734,0.39512339870223484,0.3017037535351986,0.28697969930861866
220.60000000000002,0.22280656511049893,0.09635382659455981,0.39800023821753666,0.30831026336943407,0.3161880466250476
220.65,0.23738081483761195,0.09514422615145612,0.3990351277074191,0.3340317364930826,0.34012117605482245
220.70000000000002,0.23798049774219684,0.09416734559184524,0.38899811752654984,0.34163606641890515,0.3711351775703621
220.75,0.24922953184713484,0.10124194651640309,0.3758014123087626,0.33445142716783544,0.38552577223095685
220.8,0.263515625226764,0.10430039819033426,0.3709407130757639,0.3235948342193054,0.3988285341330301
220.85000000000002,0.262602875474396,0.10603745239410643,0.365803569931698,0.30974230655820245,0.40006197409185085
220.9,0.2682582925175326,0.09349072470924893,0.3619396749918905,0.30520682986129016,0.39782101583416
220.95000000000002,0.2700489189070077,0.07715048407702291,0.36029412565855173,0.3258505122772925,0.4157419538871048
221.0,0.2753793200288259,0.07369120380442476,0.36357798007752834,0.3244377113784267,0.4026313630674405
221.05,0.280184741964495,0.07772900740661731,0.35529708263455445,0.32372477614080747,0.388169137213983
221.10000000000002,0.27614232672456757,0.07379660202840459,0.35315126905527094,0.3341781361053923,0.3791373042601403
221.15,0.2722930499250476,0.084478441465504,0.35267721030326116,0.33860075578366794,0.37342513086220275
221.20000000000002,0.2778919998649724,0.07959507342438496,0.345711527325205,0.34188681518900965,0.3778165915315447
221.25,0.28616512012982015,0.08256331757395788,0.34947346071387775,0.34938106798579416,0.39585186756345564
221.3,0.29113392393283016,0.08723288929789628,0.3443531445248261,0.3656818404215796,0.4154350248436685
221.35000000000002,0.28523397105708936,0.08796884101115797,0.3431317703950702,0.36449122693986025,0.4235874462203082
221.4,0.2749924595528146,0.09020106964812394,0.33735331845308036,0.38029713913217256,0.4346226426618136
221.45000000000002,0.2819849732657588,0.08309650441884646,0.3210137647440178,0.3779071291973693,0.46645757898044643
221.5,0.2860452008733907,0.08743580580710132,0.30676616187949635,0.36646182926042004,0.4752765297293569
221.55,0.2888515152052486,0.10210766891637671,0.28873468452321743,0.35952710240918573,0.4833682372353885
221.60000000000002,0.28593234580064975,0.11748238260608229,0.28462230837039176,0.35333617060147,0.47997679361798035
221.65,0.29392251105352823,0.11752988164427883,0.29346433679032036,0.3481952299691214,0.47904751433019094
221.70000000000002,0.29128436429908705,0.11620653677731524,0.28988477074907304,0.3596156614457686,0.48104155870292464
221.75,0.30169093483769027,0.10899462123060834,0.29176397712729174,0.35620723361535633,0.47973495053887677
221.8,0.29234376240426907,0.10662520439792345,0.3002343565675978,0.3451849105372404,0.48603580081100517
221.85000000000002,0.2855737881093409,0.11761269143710017,0.3027725279572175,0.3673486826008928,0.49082436784571204
221.9,0.2765554738225573,0.11517334891626453,0.3020468298076348,0.36318968323724843,0.49116158918208785
221.95000000000002,0.27089896291079496,0.10474840657187531,0.2917179481106562,0.35948534209952754,0.4844499448433523
222.0,0.256798905244929,0.1068979379099791,0.28852113688112335,0.33627470973921714,0.4851320387094025
222.05,0.25609046001616825,0.09691448793037424,0.2851915384962218,0.33646128166275197,0.4832490599357609
222.10000000000002,0.25278414766545065,0.10668234942848825,0.2782963785019017,0.33474337000350934,0.49120382757030817
222.15,0.24770336228250237,0.10685405250207929,0.2648263843042418,0.34570781402574763,0.49795905740543994
222.20000000000002,0.24730392731402714,0.10551464362065566,0.255101103979261,0.3314278481277333,0.5085786911837549
222.25,0.23658794036156625,0.11514202560690702,0.23778680050157722,0.32581555786600125,0.5216488126628432
222.3,0.2339392939424228,0.106283423132535,0.24644433016430808,0.3256463339400628,0.5222518817061368
222.35000000000002,0.24414270857042,0.11176261327617158,0.24354963746527486,0.31603461197066185,0.522649192195626
222.4,0.2282076178432718,0.11111042217580971,0.23898723916743106,0.32858018028200053,0.5227033131114719
222.45000000000002,0.22789387400024128,0.11021092908568342,0.23591163485072666,0.3227988689482026,0.5239751235305108
222.5,0.21997851069241287,0.0966386912847196,0.23491466328911387,0.3195248315891541,0.5260036707536115
222.55,0.19951416800813332,0.09301026104166306,0.23759758057749836,0.31981393482037335,0.5257347362748401
222.60000000000002,0.21557817296234688,0.10297084000058715,0.22782777132716592,0.32523345205930104,0.5231654207972244
222.65,0.22026962886092277,0.1040975676655879,0.22031013303813413,0.3302111399361014,0.5339683763637946
222.70000000000002,0.22223769381529862,0.11756628362822093,0.2115234812461062,0.3337393974098442,0.5438175179592367
222.75,0.2028009068801264,0.11506820116090784,0.206112900767642,0.33602483782514,0.5604519407761931
222.8,0.18746867379551677,0.11337061973857025,0.19253422194822029,0.3425219699956851,0.5689401472997477
222.85000000000002,0.17072721562225976,0.12754904867266076,0.18435236741775038,0.33676561863111965,0.5844439097342032
222.9,0.1572367418231832,0.1297740977056508,0.16014661908912045,0.3449779720211534,0.605074717358729
222.95000000000002,0.158328609985051,0.13411590304714677,0.15189583944076085,0.3473839896684715,0.6177798994725547
223.0,0.14492044805073684,0.14176217212229994,0.13664615399038257,0.35456526421374845,0.6315187374580252
223.05,0.12955038204469668,0.13965698381021135,0.13601137187691317,0.35752718101159287,0.6382451016227016
223.10000000000002,0.11177794364570545,0.14494803848417845,0.1245231627093277,0.36150548985502823,0.6444397274931183
223.15,0.11107216770846944,0.14189231151484114,0.11772169338294827,0.36509760713019035,0.6571776988631622
223.20000000000002,0.11455954610469056,0.1429946653488256,0.114365612922833,0.3800959454855948,0.6651751535674084
223.25,0.11925571029560715,0.16179679966214777,0.1105993832454714,0.3737102622864536,0.6731012562829273
223.3,0.10206159898126528,0.16169886546211623,0.1018983324344764,0.37810975092944826,0.6787455719966089
223.35000000000002,0.10291055823840399,0.16446901075146267,0.0890247901337844,0.37941496554364157,0.6772062331171276
223.4,0.09696834004837254,0.14764586555262896,0.07241420317170567,0.36257188541612445,0.6775947859883797
223.45000000000002,0.0822781446456809,0.1437529945804268,0.06790249432856685,0.3542081663556154,0.6887408040403411
223.5,0.06775993587424514,0.14064640646599066,0.06598855929773856,0.33640138820640036,0.6779731770115682
223.55,0.052414895187719336,0.1425819515836542,0.07435628977547676,0.33716609726761254,0.6781298951753733
223.60000000000002,0.0326477936383339,0.14443707890345642,0.08238179644099218,0.35012792540858567,0.6966058514925547
223.65,0.02980451302413165,0.15262611086820022,0.0839063593256463,0.3385233958103233,0.7001562809944744
223.70000000000002,0.026221010222231812,0.1531662764022458,0.08492278613432766,0.3482689366199615,0.7016360367750001
223.75,0.023159978278889118,0.16163700160632574,0.0873887068099097,0.3389956416162128,0.7132902016111143
223.8,0.01908864134546577,0.17043290825966947,0.087928021596646,0.31807456332715556,0.732357960114821
223.85000000000002,0.02103370256224384,0.1668924612945684,0.09122425180249291,0.3249611953471083,0.7287561546474746
223.9,0.014346819031067218,0.1687269260892874,0.08776483523760009,0.3114759936092326,0.7285036197528305
223.95000000000002,0.02108590058989805,0.16457282379308183,0.08283861759597988,0.31260962997826514,0.7315479316044968
224.0,0.029170266855379285,0.16391931215031574,0.07869543469920386,0.3125584743630677,0.7320122159519011
224.05,0.032196622717927975,0.1783259247120412,0.07578286996844572,0.31159611389533853,0.7302141135374252
224.10000000000002,0.04518430911776386,0.1864979476606605,0.06939829754454441,0.30188993740422065,0.7175475898769849
224.15,0.04365425592406185,0.19095858494862586,0.07016513125628648,0.3051067575605597,0.718913045479902
224.20000000000002,0.04019961400588967,0.20803374068881544,0.0858648067602938,0.3183143235664078,0.7284680111598454
224.25,0.05336223819525516,0.2175520795311642,0.09317012352607688,0.314662680657631,0.7250575573765268
224.3,0.058717001070976535,0.22583837234804705,0.09482519164932728,0.31198710090001613,0.7189219606760963
224.35000000000002,0.07283925374921818,0.20439038698169673,0.09564856548736572,0.3267985416514009,0.6957617112652525
224.4,0.08333862314068216,0.21432317517757013,0.10568845753071963,0.3143767443806578,0.6667731726639131
224.45000000000002,0.0884089101127535,0.21843580554526149,0.11897532749850226,0.3040390778412978,0.6350992080995383
224.5,0.09874684941720788,0.23582289191819383,0.12785617318564432,0.3037315108405609,0.6270025481443463
224.55,0.1051936336348753,0.22709139191863192,0.137180906737049,0.3244845197369029,0.5944440265968248
224.60000000000002,0.1069386994770012,0.23540708793138626,0.14240005841546272,0.3255174807383107,0.586750245030313
224.65,0.10562515419072475,0.2293635245628135,0.14546184415494176,0.30506442468903583,0.5925940451902793
224.70000000000002,0.10863834847515376,0.22879107306452265,0.15634896162937117,0.31569532759500735,0.5939408217312946
224.75,0.11645171911866736,0.2288439785647026,0.1625564594244516,0.31537393301495553,0.5811905884571188
224.8,0.1241213093027354,0.23569867320233137,0.1670452590186946,0.3149586935880337,0.5654598691624146
224.85000000000002,0.1278133495186267,0.23973041112977564,0.1710741447621863,0.3393955430357924,0.5654339164049267
224.9,0.13748843895748714,0.239472928681483,0.18053536743473478,0.33812704888997724,0.5654690113630609
224.95000000000002,0.14300248641183472,0.24276908672059114,0.18565482737876587,0.3377778732451663,0.5671503033123729
225.0,0.14364718508868063,0.2472410001892226,0.19208046593563594,0.3255137795278236,0.5723389090534954
225.05,0.1497183424396215,0.24811995062766384,0.19610329121664666,0.3274675839156454,0.5754902476833106
225.10000000000002,0.1501398683648173,0.26035391066995167,0.19698104206303257,0.32858357355630113,0.5676695067447174
225.15,0.15032206872853746,0.2614158156889424,0.21534275125310268,0.3166815035406992,0.5700108547042186
225.20000000000002,0.1542758975454933,0.2619276973396327,0.22961830449921716,0.32346621017682853,0.5788220031935958
225.25,0.15950379083195587,0.2742720201647507,0.24350432685310558,0.30229079830700717,0.5819490863888906
225.3,0.1658212830925805,0.26746559353043564,0.246092488026328,0.31384512808261056,0.5890073489080377
225.35000000000002,0.17151970999222454,0.26780694171483277,0.2525053173927974,0.3324359183610543,0.6116505437929651
225.4,0.1802858944659915,0.27620354683601417,0.25148013655381246,0.33365212585119974,0.6169030765266591
225.45000000000002,0.18370473826029016,0.2874368662795966,0.2621780356760962,0.3349244916348607,0.629187042362792
225.5,0.18497918825289558,0.28271718448299443,0.26829429519358333,0.3423196629427296,0.6289374582451372
225.55,0.19008902108899361,0.26913617541285983,0.27544712159476764,0.33185940003810593,0.6340469865059977
225.60000000000002,0.19893445592322798,0.27189693676860455,0.28168045342907677,0.33465990435778387,0.6350372395712914
225.65,0.21145087395749945,0.2677659695852695,0.29453015485983164,0.32740441476003374,0.6318139310591546
225.70000000000002,0.2136897972067216,0.2678887816344072,0.29694801763126055,0.31733957083892156,0.6384770420601462
225.75,0.21817824707390077,0.26936109330044367,0.3077862599570058,0.3141342040599534,0.6374298792455242
225.8,0.22864695674914373,0.2775639322165014,0.3153384719460409,0.31071541400998126,0.6415825495949755
225.85000000000002,0.23829277973829105,0.28923677978841633,0.32164805171993793,0.31634372570538716,0.6399404415053439
225.9,0.24708514148551772,0.29158762074256883,0.32356897352149505,0.3148785458857725,0.6404187613396138
225.95000000000002,0.2527370521473104,0.2838887251737155,0.328271573512301,0.30779602755692625,0.6405613561711202
226.0,0.2518024990115904,0.2870509669862198,0.3300739893271045,0.30614617616400813,0.6365899636012078
226.05,0.24562961099750108,0.2884635392215623,0.3446868119646568,0.3025253672248194,0.6367729016722103
226.10000000000002,0.2316513499602852,0.28915007967203965,0.34885893777170274,0.30383848432458804,0.6454209370749578
226.15,0.21887385551690344,0.28775805017460754,0.35768383418973854,0.2960409443279319,0.647499048816835
226.20000000000002,0.20227909733923136,0.2863961334630055,0.3547263129388496,0.2938530559952455,0.6592813041453123
226.25,0.19039127120775443,0.2802510087107902,0.34822172676146806,0.2892775303058504,0.6556001110123896
226.3,0.18560615947672557,0.2804652955018688,0.35825956464060416,0.2842062190087873,0.6577354296371353
226.35000000000002,0.17643230477663077,0.2770580622320165,0.3532507101850165,0.2858500062308682,0.6536628867196377
226.4,0.17499128887362356,0.2696907814160333,0.3625443933924209,0.2867295711652509,0.6519161134016288
226.45000000000002,0.16982318382984002,0.2726238662695981,0.3585038059350942,0.2931570134893375,0.6603356034198391
226.5,0.17043989494901737,0.2778424426846496,0.35833093182597553,0.28655115889481725,0.6630991296703598
226.55,0.1722430327881329,0.2775720493547301,0.3535078759648587,0.27902868235319966,0.662767872804686
226.60000000000002,0.17459723126079046,0.277637592132491,0.3446855638548374,0.26790128843258604,0.6565926366591465
226.65,0.1713891005693632,0.27544569565171134,0.3381653436938285,0.2667437244923103,0.6416186806685302
226.70000000000002,0.17306317172789143,0.276270914269127,0.3299155986588193,0.2563285775594069,0.6266964120195441
226.75,0.17762881900166505,0.27120039348927294,0.3320549632848424,0.25390185633876744,0.6311888353145836
226.8,0.17711743244630154,0.2648730162125073,0.31940220933244434,0.2510662439540866,0.6304260298090629
226.85000000000002,0.1801591145014376,0.2592190036536558,0.314539074739097,0.22708113459287696,0.6281278557769845
226.9,0.17683600658707907,0.24664150491973608,0.3072957792007617,0.22111770034459607,0.6269222854487769
226.95000000000002,0.176279268468562,0.23608703081013171,0.2923120942402008,0.2194675087661747,0.6173870362078059
227.0,0.17190002454391348,0.22940467748732404,0.28146225333309854,0.2127339338222764,0.6115289312243184
227.05,0.17287634393723542,0.22835810448445493,0.27490062598015197,0.2141470292730463,0.5892837882112997
227.10000000000002,0.17945263807338385,0.21695630114705725,0.2806014557300217,0.20870590068844344,0.5873898516127651
227.15,0.18254069014865326,0.21102568427203755,0.2892148082119918,0.21671722493685616,0.5867875138832435
227.20000000000002,0.18106675413852874,0.19550523359310915,0.2967740230954555,0.2075504974017697,0.5863596459335321
227.25,0.16408695797661682,0.20052903460653387,0.3021058733966197,0.18965602233744738,0.6059629600811139
227.3,0.14945361058939394,0.1957317581788729,0.28835119921946784,0.2160497482302255,0.612497077527786
227.35000000000002,0.1398307227688381,0.19955792155202057,0.2917470051271693,0.20004473370861417,0.6128595672398941
227.4,0.12738796667281616,0.20278300415628672,0.2714997215930422,0.2114537678562817,0.6169364778025448
227.45000000000002,0.1278066762147656,0.20071654573809375,0.26109408176164217,0.2104895986077375,0.6087654128041592
227.5,0.13748892260986498,0.19729947007568388,0.24706866106273098,0.2031843193949693,0.6002848137944035
227.55,0.14604196809498124,0.20484368517692356,0.2369233347876506,0.19243739807586613,0.5891450597507001
227.60000000000002,0.151578020832254,0.20267396610052443,0.22125535790245343,0.18282087874761896,0.5790667436516946
227.65,0.15950541263318785,0.19972856110048273,0.2090303402984013,0.19131965215484123,0.5706094458466666
227.70000000000002,0.16490492638881465,0.1984357358635447,0.19087133219271948,0.17514116284563577,0.55278273927244
227.75,0.15668292812689083,0.18393294875737473,0.17912258768687256,0.16681937223831203,0.5410709627742524
227.8,0.15913744701435228,0.1740693031233355,0.1539704044515724,0.16635663764918499,0.5286816702968105
227.85000000000002,0.15503494963346703,0.15890604177902476,0.1502526773175934,0.16427718347006856,0.5045425799432595
227.9,0.1606170440983532,0.15154984898387255,0.152148986018665,0.13715075606940944,0.49838251412244833
227.95000000000002,0.16257238304830474,0.15104067782344816,0.13196217277089584,0.13880885802660417,0.5019607163673824
228.0,0.15507842119247986,0.14427815917466003,0.12271415251542366,0.13434752613013978,0.4997195813224404
228.05,0.1519715794556423,0.14439650850755537,0.13258771587752707,0.12621307145436753,0.49109387492942924
228.10000000000002,0.14734281412779082,0.14435804526637486,0.11695614084217659,0.13074617404564076,0.4974700766303682
228.15,0.1473515859632962,0.11986690860231397,0.11992436118003148,0.12374540374128207,0.49812151269519567
228.20000000000002,0.14820785870933853,0.1155655361036159,0.11238780435389911,0.11924479074955663,0.49415048745189927
228.25,0.14254796946741247,0.12191070682841183,0.10971824664641502,0.12811108669017066,0.5002091789252748
228.3,0.13729457556382754,0.11948171988869884,0.10740741085975752,0.1284653667596464,0.505169188499048
228.35000000000002,0.12744535028008525,0.10704027787138143,0.10522144585278358,0.1221188898991573,0.504780786896517
228.4,0.10888508392392154,0.10219396518541929,0.10437205281212285,0.13531641486623658,0.518029466648874
228.45000000000002,0.10529717368754427,0.10406662363594452,0.09173186829959498,0.1339431355319281,0.5245886001207006
228.5,0.0971436305217128,0.09519415198972361,0.08997350426578123,0.11510355799143943,0.5083149351313602
228.55,0.09437271878790711,0.09261501712974511,0.08902443012008841,0.11063148820442488,0.4933332091802137
228.60000000000002,0.09068838607716916,0.09509157289429084,0.0828050557656449,0.11956965345530192,0.49771758248394804
228.65,0.06440127810592274,0.10005695680271993,0.05762606269468968,0.12999886570722424,0.49331234753252284
228.70000000000002,0.053421020355973514,0.09622187770590135,0.05588200737973741,0.12328486218827996,0.47902335303357635
228.75,0.050683911529533,0.09273612860581594,0.045132791209968215,0.12280161079827417,0.458317793045865
228.8,0.04244189562295234,0.08916173062389832,0.03596411465747067,0.12200228689117616,0.4363547914405373
228.85000000000002,0.03773578238942153,0.08289633006353478,0.032015231686143404,0.12105623526386179,0.4228944186804372
228.9,0.03888060931890756,0.08914961493401048,0.01736548399312413,0.13590521005856776,0.4137838881458468
228.95000000000002,0.03700717346906006,0.08185927297279946,0.014676704885085975,0.13353709283801157,0.41274556237579524
229.0,0.03392002669267832,0.07399854132441036,0.0032948381946072813,0.14961530915872168,0.41799429603678945
229.05,0.03538206346541273,0.07803149811678568,0.006430898102209786,0.1736684579943749,0.42013994613273586
229.10000000000002,0.021293584631848085,0.07245519995479277,0.015491715312084079,0.18098678561656736,0.4382330422389146
229.15,0.013158264771572406,0.07643760550066923,0.01825930043976143,0.18186571719846675,0.4343347698790092
229.20000000000002,0.01064789600344676,0.09327584847775007,0.02325490540354741,0.1909915991112332,0.42222110446973
229.25,0.016867123799826002,0.09186626001834751,0.036974905496394594,0.19932624408507252,0.4061372348112557
229.3,0.016880402591807772,0.10431669330475937,0.043141616482612104,0.1909823120836001,0.3969310503369416
229.35000000000002,0.019110211226869563,0.10164055671198666,0.05675081273578747,0.19308436827700104,0.39416381797676286
229.4,0.01854713372132555,0.0959531221435252,0.06119502408574704,0.1837245710195479,0.39397302643366755
229.45000000000002,0.021450513576721956,0.09477918986948408,0.06821888137387913,0.1748197400882939,0.40147961680659167
229.5,0.023536892771343507,0.08846696240617026,0.07976479093229184,0.17822222090396217,0.4067704432369253
229.55,0.023510244782352616,0.09022662247643147,0.08600047053693326,0.17906131014677495,0.4189509804515331
229.60000000000002,0.035445629236765204,0.08758077591718631,0.09294595763401961,0.1778163196890383,0.42264619585207336
229.65,0.04037373394574226,0.0939801501855068,0.09775006215547609,0.17774406951008068,0.4363721850463658
229.70000000000002,0.048222463002451324,0.09624769719487232,0.10428937566606335,0.19151596315964725,0.45001804955140423
229.75,0.051434019579553084,0.09067107658438213,0.11661529234084074,0.18847939704849856,0.44869515558518824
229.8,0.05738529724084239,0.09675874362369077,0.12943901181318015,0.17845434759550716,0.45567554249595027
229.85000000000002,0.055476310526369914,0.09919293207128625,0.1378636735230075,0.18309066232796747,0.4685684376015481
229.9,0.056497640527838996,0.10653692201289144,0.14719498268167447,0.1950775116479288,0.4707008725346638
229.95000000000002,0.05312924403586365,0.10080367413067948,0.15265816676550592,0.20913119446053083,0.4678309728232602
230.0,0.05858183761501334,0.11712274034516083,0.16296636670336842,0.20207903319391177,0.469907298659797
230.05,0.057615001987216446,0.12128422095658457,0.16560343578619494,0.21404582534019811,0.4734938289051777
230.10000000000002,0.05440392203841234,0.1320965818835357,0.16972474104230886,0.21901502272537865,0.48155325391466164
230.15,0.06244760686120717,0.1300440808670032,0.1718761121688932,0.2234131570012075,0.4901143426091513
230.20000000000002,0.06584809826154915,0.14249566538712793,0.17002668242185703,0.21707904171556808,0.5034164099437222
230.25,0.07116889104805867,0.15097684600431735,0.16506762628712027,0.2179245672673005,0.5163134524309242
230.3,0.08196436788409871,0.1595216265162706,0.16663492080612632,0.21456747715342858,0.5124296436448863
230.35000000000002,0.08725265622410927,0.16110773912990714,0.17243309728090075,0.2105016691943273,0.5209352933860726
230.4,0.09596849325617479,0.16014222903903866,0.1711657606010787,0.20906815848331184,0.5223853362265727
230.45000000000002,0.095133228512278,0.15627965235391283,0.17111217534708442,0.2041750506679217,0.5402294136992835
230.5,0.09382274172925821,0.15423010085374675,0.17215802837779184,0.1968491103450751,0.5441462280827948
230.55,0.09291400313152554,0.15239826301943102,0.1670528509501879,0.20651915998195494,0.5386942173442156
230.60000000000002,0.09278350754525831,0.1619553810697908,0.15421469809351515,0.19250899674213753,0.5460161038290701
230.65,0.10310702156225268,0.1639766581133907,0.14434477546138547,0.19759455654038094,0.5379235811272823
230.70000000000002,0.11724874647013923,0.16227739740089436,0.1424372693721107,0.1990527082118207,0.546118364881175
230.75,0.12406386657279035,0.16447576146945045,0.1435769811343739,0.19560838526023652,0.5524350938396552
230.8,0.12888619564930862,0.16764375532893971,0.14267837303552874,0.21502265215363203,0.5535968658477903
230.85000000000002,0.12691016997284807,0.1705033167039616,0.14793652135877272,0.21663115017767007,0.55203138356062
230.9,0.13516031513488025,0.18376973480329686,0.15170107923129647,0.20443031275757728,0.5566890184160357
230.95000000000002,0.1396945654582297,0.1852894487187575,0.15079399966850338,0.20614266028513792,0.5574332645204646
231.0,0.13320606558846979,0.17857156410042482,0.14978113107189378,0.22330426676386658,0.5521775882576302
231.05,0.12587359363711328,0.17740251721523465,0.16085900904237083,0.22968162985225135,0.5665687121687673
231.10000000000002,0.11672912027902589,0.1785049763141396,0.1674923332749665,0.21743617326751635,0.5563978168195053
231.15,0.10624686923545323,0.1737277670268599,0.16797070965950786,0.20160195453640856,0.5503652693080832
231.20000000000002,0.09089573673197501,0.17975073607300865,0.1601705007392686,0.18392131971819065,0.5463908536364338
231.25,0.07425042243026041,0.17731508308165075,0.152160260268044,0.19382632819561094,0.5522025127664807
231.3,0.056953071205271766,0.18273769914918792,0.14856232534587435,0.20009185449409223,0.5629524074117985
231.35000000000002,0.040989373996985434,0.18539143402132552,0.14917940406024618,0.19598716570259406,0.5785092759122318
231.4,0.030426357581140675,0.19136105244566348,0.15978443927542535,0.18442515039300678,0.5804346724875675
231.45000000000002,0.022251339156850063,0.18727450021704842,0.17072013395289887,0.16569452153537065,0.5786610776754186
231.5,0.02583274043949619,0.1818031196254345,0.16094252320133373,0.1569657709855623,0.5703546065678139
231.55,0.028538402487472615,0.184646187469238,0.16246521746988582,0.16127437469549155,0.5681002160549771
231.60000000000002,0.035655088913427856,0.17833738954137873,0.16105520179761268,0.14130868200148164,0.5706866082163282
231.65,0.04410273838369459,0.18286849145193243,0.1497742808085494,0.13703418512598256,0.5861385294738393
231.70000000000002,0.053661301437538556,0.18674684576970974,0.1366881574727128,0.13933132899469208,0.5940700883357068
231.75,0.06270375324067687,0.18488365121708283,0.11734215741714725,0.14452404326932572,0.5983927962256975
231.8,0.07671440059865911,0.1890982731319856,0.09758561328263339,0.13865483458003125,0.5934212657433146
231.85000000000002,0.08370742772793928,0.19819811860669467,0.0928650175512044,0.1514808251914953,0.6087004596862264
231.9,0.08684319481527863,0.20349400593784195,0.09339405177633046,0.16442068354629985,0.6154976159766312
231.95000000000002,0.09018029848572741,0.20926546994278017,0.11783308931779954,0.1700669238145938,0.6186462592110082
232.0,0.09953333906600999,0.21422300049011112,0.11343525909906879,0.1525319650353438,0.5933695581036584
232.05,0.09639993845219484,0.21251230786466332,0.11916072681951892,0.1472160013270562,0.5900721699430334
232.10000000000002,0.092459805862338,0.207086167412013,0.12578876670653039,0.16152257035781317,0.5889037368275897
232.15,0.09397740873642452,0.20539681842451907,0.1298596395976029,0.16103965928801164,0.5763935683031068
232.20000000000002,0.09431128627296805,0.1987378006203021,0.1304812397912995,0.15921647330839558,0.5762909384814419
232.25,0.08930141247750184,0.19910175979923572,0.1380054843096212,0.16232437927987853,0.5858862139893747
232.3,0.08142944476762908,0.1981651916914375,0.14326138343397785,0.1693132244821732,0.5810073392065845
232.35000000000002,0.07996080242530802,0.20994687457766004,0.1569525945319627,0.17335039369688088,0.569214114260527
232.4,0.08364250375944421,0.20875807078540096,0.16439647930154824,0.17932081569609715,0.5516086166956238
232.45000000000002,0.09113090635161956,0.2088390890349139,0.16926463503713823,0.16777332755523672,0.546041364448903
232.5,0.09337311395312577,0.2049213879162226,0.17623335629200879,0.17574510496685722,0.5477472179486431
232.55,0.09270011976780011,0.20659405991863777,0.1912738442050902,0.17094221516739147,0.554522439790892
232.60000000000002,0.10164996428105666,0.22091967735723494,0.19482679279538065,0.1687869888254169,0.5503307930152421
232.65,0.11678517817845536,0.23060818852761375,0.19897239820382992,0.1666707422169489,0.5586390047954155
232.70000000000002,0.1325922388909659,0.24491678197479153,0.21016149454583796,0.16624904310627006,0.5786085924521397
232.75,0.1494174824730169,0.24091318555325267,0.2130812984408361,0.16565029370024406,0.5839082218559098
232.8,0.1505733682134159,0.25792280641856696,0.22029678119667076,0.16955812085435723,0.606825494265093
232.85000000000002,0.15885139706323997,0.282356677555602,0.21325485412332984,0.17528360076286434,0.6094638517620943
232.9,0.166152733986673,0.2823613945540737,0.220167758585672,0.18820508599863137,0.6160341963292834
232.95000000000002,0.17559378985707003,0.2864732241422031,0.22026474082655975,0.1760958613740375,0.605481442580365
233.0,0.18364029533423398,0.28801796173529387,0.22800447330107526,0.18924438374763533,0.6009683245066152
233.05,0.18969749568838887,0.2966140969849789,0.23480877053496477,0.185702979257028,0.6033397618196096
233.10000000000002,0.19570517481999575,0.29820577404882903,0.23524887398023123,0.1849473032041156,0.6186918185699327
233.15,0.1933995070210556,0.28827285172422346,0.2443265156582169,0.1886963163077079,0.6400425489432459
233.20000000000002,0.19589398850334316,0.282111400950362,0.24958404190612077,0.18114716273123788,0.6356383225289924
233.25,0.20845879608431478,0.27292896776197734,0.2633721781645093,0.1810015854622762,0.6098979522462209
233.3,0.2133875227264315,0.2606729063676593,0.26020341136556546,0.16737163157813206,0.5867580187514785
233.35000000000002,0.21348045963306217,0.25941451387418085,0.26790976094743074,0.16707256045685392,0.5741309050109942
233.4,0.2141881077776053,0.27057624128423086,0.2698569754657108,0.16316857241159097,0.5836570444188549
233.45000000000002,0.22923019593628347,0.27268261156897133,0.2726431265238527,0.1607072595717903,0.5883035934959059
233.5,0.24513572606762626,0.2740506102494338,0.27506599441336427,0.16636523570823025,0.5946976940115268
233.55,0.2576080066653888,0.28362009049863074,0.2848545098639887,0.17910593246075077,0.5796500092545016
233.60000000000002,0.26756665809021657,0.2764331365986253,0.29555849408301993,0.18770063902546696,0.5735253568376608
233.65,0.27944898866653084,0.2713943980611581,0.3012482364378095,0.17540956213051967,0.5520066592982571
233.70000000000002,0.28514337694786174,0.26115018446029886,0.3099510487885038,0.16475668167841914,0.5266104645483825
233.75,0.28895717612909266,0.25557560914317407,0.3179895773022505,0.15410257864706797,0.5092065847910174
233.8,0.29722471171685616,0.2561918209410904,0.3268920296674428,0.15415982524747562,0.49524415681189493
233.85000000000002,0.2991800981276168,0.25079265281179086,0.3322175841644491,0.1474717476722011,0.49250040441041515
233.9,0.3007517890137429,0.248706525821437,0.33712170213497433,0.14638717084284128,0.5117858941546481
233.95000000000002,0.3028379157310369,0.23662021118851892,0.3295833144983711,0.13899500398040324,0.5094924489764473
234.0,0.3082436533632604,0.2263853305113803,0.33021138847400305,0.11842558290067151,0.5025401445548963
234.05,0.30984069776959416,0.23243352336875842,0.33045150401112794,0.09411177466854533,0.4961170005790118
234.10000000000002,0.3166142215436365,0.22701259719298142,0.33639733994366117,0.07683941879389343,0.49277208143399126
234.15,0.3227860637388142,0.21752146900158026,0.341092006235389,0.06532093990263532,0.4960915417116512
234.20000000000002,0.321543877515697,0.22358779528007264,0.34191222685526673,0.060681657232113245,0.47344292652755376
234.25,0.32712331344063683,0.2214013824668329,0.35561004501305504,0.05307341236612618,0.4657409778338553
234.3,0.32749891775850315,0.22206102797140195,0.35448901722434717,0.046899547136287606,0.4633111216411584
234.35000000000002,0.3371188842142144,0.2176806558051605,0.35602936941581803,0.03719346323501464,0.46849608178884916
234.4,0.3430810154743914,0.22152973491057287,0.3575266873583104,0.026551934100005364,0.4749351013591362
234.45000000000002,0.351924669761701,0.21924389730120883,0.35597654708218124,0.021212309161848603,0.49163220335717916
234.5,0.3481802189294297,0.22143466411014584,0.3407444417784165,0.030459943705593857,0.4975750317874238
234.55,0.35568921836412437,0.2163905985338012,0.34403380234110065,0.02933820660960225,0.5137004123706428
234.60000000000002,0.3583470874150582,0.21218505804673427,0.3410525094716759,0.029944875051220735,0.5141170645842577
234.65,0.36380922158747325,0.2105744352547141,0.33742460165860794,0.016408916549144267,0.5174758045362977
234.70000000000002,0.3725021894252579,0.20777088178587655,0.330551438060899,0.010427353258793499,0.5224636286731503
234.75,0.38631962923585544,0.19935395290291444,0.33708406510356975,0.015503591293720599,0.5307049693600935
234.8,0.3855470759114952,0.20452643952222022,0.3331773113000943,0.01619293395209841,0.5322353673172671
234.85000000000002,0.38778206777468427,0.21224758061429588,0.33570571140185307,0.03500650822837524,0.5347401103994057
234.9,0.3907917384908876,0.21803841947895738,0.33321090842465945,0.04789244177231843,0.5321396872035267
234.95000000000002,0.39655057512334607,0.2171337368390018,0.33194043362879044,0.05859934773773653,0.5336367229644041
235.0,0.39415128098551766,0.2134871777793782,0.33982432646492006,0.06892198630020403,0.5419177087144459
235.05,0.39110099441353463,0.2094946024356053,0.31985607530514615,0.07068875805586118,0.5468464082965211
235.10000000000002,0.39001478697245134,0.2028432989293944,0.3106244773687022,0.05041257178730164,0.5423062016033804
235.15,0.39277123337382486,0.1862286314104041,0.28758149930725957,0.05237882642652405,0.5296221859673942
235.20000000000002,0.39594418724904873,0.18251851435285468,0.28959151330324545,0.05811739166958528,0.5326830183049976
235.25,0.3974939872148838,0.1917641540686357,0.2859975118236254,0.06750422703409893,0.5217808755471818
235.3,0.3989084725010551,0.18941269669444272,0.28222609092274936,0.05981946085032829,0.5214963522120074
235.35000000000002,0.395390274635933,0.18988286234374985,0.2574195815333855,0.049721879543076004,0.5187270137185838
235.4,0.393542081847691,0.17041319301257732,0.24744867506550441,0.05618384943390846,0.5203736290720734
235.45000000000002,0.39014295742689226,0.17731355668924387,0.23442324874410142,0.049606660023764924,0.5177901907050931
235.5,0.3892257305223036,0.17253939103886107,0.2173241066434755,0.043528492226882584,0.4941672696619462
235.55,0.38324962100139465,0.1764387754313949,0.19980775835383327,0.03363180905988358,0.47905601843341317
235.60000000000002,0.37720246069567603,0.17281807230470042,0.18039261448950195,0.033400028742483386,0.471049557723717
235.65,0.38189995928989584,0.1668850376998545,0.17128063071519692,0.04764552945986764,0.46088215644387936
235.70000000000002,0.3809779354951276,0.13122685789462352,0.16575703025669644,0.05861904965967562,0.45739156517016677
235.75,0.38276344020818875,0.12410743600121309,0.15824363801606178,0.07775206157055373,0.4634593542570733
235.8,0.3796251402968412,0.11600296675975263,0.15505170419646927,0.07702580896629678,0.46376600021600595
235.85000000000002,0.3744828271622334,0.12030938688877303,0.14457284690966496,0.0774962855057861,0.47095366277484313
235.9,0.3618579346478903,0.1005100226511958,0.1372596947717612,0.0755094420022407,0.47200353216932506
235.95000000000002,0.35954200994387847,0.08640517835887071,0.12851424834151434,0.0713577634085139,0.47391300570629863
236.0,0.34293278733837734,0.08903867604341559,0.11263177610481093,0.08251255614108596,0.45678766797627685
236.05,0.3496582684591286,0.10993817788328272,0.10676302406497774,0.07953792135789486,0.4575504315819424
236.10000000000002,0.3459941354735944,0.11066806456837988,0.10150157421021144,0.07529264926818686,0.45562636278887725
236.15,0.34372083620315497,0.10797157243918364,0.09506632587329314,0.05954522326273161,0.4512054475090623
236.20000000000002,0.3354952299740486,0.11186320754435433,0.09012809311634762,0.0391468046700222,0.4408428103519543
236.25,0.3221910486892434,0.11923495856409809,0.07787833759218205,0.008757831318804497,0.42732554671721057
236.3,0.3239852455276321,0.11870474926228963,0.07474989401330165,0.006845585091436088,0.4381768950579065
236.35000000000002,0.31549583970812733,0.13932800532408215,0.07320672796332062,0.003417467859005338,0.42487553727751975
236.4,0.3222792425734433,0.14496865866522296,0.07185015087132773,0.011691065858686669,0.41503379610562097
236.45000000000002,0.31422161317383696,0.1597025656372239,0.06686720569675116,0.02185392339250779,0.4144688758400033
236.5,0.30717665198261246,0.16485476818602415,0.06783112605084797,0.03466721932887917,0.408156916913512
236.55,0.30449722656896144,0.16126601895520468,0.06625682790371458,0.04239801759216628,0.41553185619937333
236.60000000000002,0.2970142471400024,0.15852088626432984,0.05485207250638145,0.041686442526493776,0.40864585791422947
236.65,0.28959004533263794,0.15346971876964244,0.046590496303232976,0.03360159052899467,0.399576576974183
236.70000000000002,0.28190378076456624,0.13939948829252233,0.04609677586811497,0.02955936568148971,0.38749867112954217
236.75,0.2791123395767616,0.13613585008420284,0.032195665491894856,0.038107912189686954,0.3972979943508192
236.8,0.27507956898365904,0.1320263842521035,0.02098510441916792,0.019068679515751478,0.39542132614590003
236.85000000000002,0.2642861254899305,0.1357240810015925,0.019180395521460388,0.01958918893354478,0.4076973217207528
236.9,0.26262297525432093,0.14147257632385196,0.02988953461753931,0.00958698563449464,0.4302214162174615
236.95000000000002,0.259594025482328,0.13723103777048873,0.04822434643839868,0.020265784651432358,0.4558622979196569
237.0,0.255212012393467,0.1417893288488686,0.0702892490709408,0.016499572191620494,0.4749812476085491
237.05,0.24483155732876424,0.13881654154250947,0.08490827614334134,0.02867792281936246,0.5013660559711526
237.10000000000002,0.2439614116252276,0.15513602605810514,0.09344176830223479,0.04416793246605251,0.5186945629356493
237.15,0.24166153815293642,0.17349054773758799,0.08927327237075194,0.04450180469780513,0.527238317106735
237.20000000000002,0.2369005223346244,0.17593640242530617,0.08658961476768692,0.047777922619660934,0.5452444097759133
237.25,0.2341249956341438,0.17865630944998648,0.08469451428280833,0.05623228112584794,0.5500577078991713
237.3,0.2318190810999982,0.18357848440006466,0.08665228441757976,0.0532767686694316,0.562114462904507
237.35000000000002,0.22946989511990323,0.19678813644985,0.08622379991976394,0.05432878278955031,0.553631209877124
237.4,0.21950372066791773,0.20435432756249272,0.09091587627209817,0.046560659313976786,0.5529385482864283
237.45000000000002,0.2249018066494234,0.19497739554911447,0.10513066562574572,0.05713808322547319,0.561805925683654
237.5,0.22566874175891355,0.1949186340591372,0.11850130563914282,0.05800196205564481,0.5674469565631324
237.55,0.22996907251104637,0.19887622178864642,0.1231682048106996,0.06596350048188615,0.5791710539859485
237.60000000000002,0.23531691527694631,0.20253421806735583,0.1221977621709207,0.06420187126440116,0.6004971015741193
237.65,0.23449438532805386,0.21384417107785086,0.12756295042811677,0.0695158868841191,0.6025363636153735
237.70000000000002,0.23809973919157182,0.21646797647872443,0.137070562846855,0.07166776352763671,0.609699312790216
237.75,0.24201571446793588,0.21421846190429975,0.1448788576746249,0.06872367256305537,0.6208775355368958
237.8,0.24263812805643825,0.20986537337291974,0.1438732718242167,0.07985169991538163,0.6316424899579579
237.85000000000002,0.24973666669802308,0.21094122010013075,0.13530694314165626,0.08815827882945267,0.6295695464058031
237.9,0.24900998487878312,0.21512195422902725,0.13649952505258592,0.10727019874333363,0.6313577406551798
237.95000000000002,0.24860198686941032,0.2099117941788749,0.13492865277059582,0.12113705131084865,0.6345282520331823
238.0,0.2512999617851289,0.21575351935485698,0.1274363326791325,0.12367905394722878,0.6461245286327136
238.05,0.25186784525998807,0.21438015626755436,0.13506620144850462,0.11880322343163527,0.6490633608888824
238.10000000000002,0.253869745900378,0.21941200945181905,0.1330344769581966,0.13739339194033334,0.635475853427026
238.15,0.25419204063940926,0.2168797441274602,0.127457678898146,0.16154129813411983,0.6446462108921472
238.20000000000002,0.2572613424891569,0.21616276858326114,0.1294466606350866,0.16379415539667103,0.6501240724125444
238.25,0.2670134711230512,0.22038775029142815,0.1386941333266702,0.15730967552969616,0.6561048913222564
238.3,0.26751147028513816,0.21353809383512118,0.1421977128824647,0.15442240398347498,0.6530128942754687
238.35000000000002,0.2620657865307954,0.21651092937451344,0.15047936804058828,0.17307293069818136,0.6380153214264792
238.4,0.2578197718984678,0.20911271929679354,0.14733162045381948,0.18500588867419893,0.6304460959203965
238.45000000000002,0.25470217185770944,0.2104967727492801,0.158135200946444,0.19166593809336255,0.6237362968842383
238.5,0.2520610145462954,0.21626441291089002,0.16109402224694816,0.19404659105615288,0.6097179138325811
238.55,0.25827337466293687,0.2112106628844478,0.1589517728869668,0.2122587095112656,0.6208285095258844
238.60000000000002,0.2591004475939074,0.21673218557871285,0.15257125301273194,0.22297475838921205,0.6403635161677004
238.65,0.2553210322437594,0.21031591753733367,0.15110392684862806,0.21013600705084298,0.6419445649581232
238.70000000000002,0.25729373087811225,0.2155539359779549,0.15300912065359773,0.20451894875743684,0.6428157831860053
238.75,0.2539151402075455,0.20727630081897977,0.1458073584113773,0.19644554452616173,0.6217958930453014
238.8,0.2576412244949888,0.20272513334765516,0.1478117376930707,0.20130807860602917,0.5997473797627851
238.85000000000002,0.2646568366821979,0.20856684028539058,0.14126931556450906,0.1936574131659579,0.5843723589897648
238.9,0.27039690116278153,0.206131103227076,0.1394841465016126,0.19911575839265816,0.5771762309106175
238.95000000000002,0.2745291810684078,0.2108889803328391,0.1369990628997249,0.1928898295533401,0.5605377037853504
239.0,0.2717077533958263,0.20560780480354032,0.13965327908758174,0.19046651603119194,0.5385359719554685
239.05,0.27827537929472107,0.19185421378332845,0.13775827451853576,0.18963986137384187,0.5293422670888156
239.10000000000002,0.27514658139746845,0.19875592712955467,0.13499206829746827,0.1879896380601666,0.5266916435141538
239.15,0.28133506691866095,0.19506361411690595,0.14409631292133296,0.19052212887433684,0.5188946447175333
239.20000000000002,0.29733472664366384,0.20451668501138492,0.1430201993540617,0.1962205718045689,0.5141312543197512
239.25,0.3037527314427646,0.19556979478156158,0.15137143047180016,0.1878435947821575,0.5366657136051636
239.3,0.3069939917524602,0.1959871534241835,0.1561832522696514,0.1886467717104904,0.5384152958009677
239.35000000000002,0.31028078938520387,0.1915788098702695,0.15815252916813663,0.18876633939900828,0.5515279241455119
239.4,0.3230731280929996,0.18442459536520345,0.168423914089492,0.18781061564325696,0.5129434370560926
239.45000000000002,0.3220261284975175,0.17415187565791984,0.16934801644341677,0.19381447638628868,0.5145111434202546
239.5,0.3247341778700452,0.17118837564939507,0.1632682317238394,0.19826348618451722,0.47980838711825013
239.55,0.3302068556839064,0.17460312282791307,0.1501573866076339,0.20353228077557747,0.47867555149506885
239.60000000000002,0.331167323480132,0.1716701350922187,0.15007214087439358,0.20794878149331444,0.49283662397578
239.65,0.33789527909489303,0.16838763174661334,0.1445437024790511,0.2107388752711432,0.5054984253776085
239.70000000000002,0.34532567715751733,0.1661987134254309,0.15045687226074003,0.20722071395850816,0.4921242579613399
239.75,0.3516272247665689,0.1523039801980101,0.1639000855322419,0.20662858738395473,0.4751536474498682
239.8,0.35745316955604567,0.1463135506125566,0.15797782120400972,0.20421881231280506,0.4448458120676322
239.85000000000002,0.36282681956429486,0.14350829762784412,0.15679475099585094,0.20720276956335607,0.44060304232169645
239.9,0.3542388094091018,0.14548593787015326,0.15497305759593794,0.2113305349513439,0.42769775279341893
239.95000000000002,0.36341751287444446,0.1415467634273865,0.1513216445947447,0.21788906337497344,0.4110356507791915
240.0,0.36451596712607554,0.13374726849316027,0.1422042242812479,0.21998464753750302,0.4020441924557452
240.05,0.36519270623053407,0.1303262856579573,0.14836455237813578,0.21564367435861093,0.399851454191768
240.10000000000002,0.367618254147402,0.13259533871539753,0.1534725207616568,0.22211068867893843,0.3891398591921195
240.15,0.37233259579312805,0.12491378485987763,0.1490519141562954,0.22748141100993685,0.3920659412858399
240.20000000000002,0.3672576753395525,0.12100800780527776,0.1381302596477879,0.22899700539707038,0.39790962212102565
240.25,0.372368759060116,0.12538397444643085,0.12110216589155522,0.22917775312717692,0.42732784979130606
240.3,0.3745191414033048,0.12793328659035486,0.11917617367512336,0.23231632847192102,0.42851560765463625
240.35000000000002,0.37372741835764456,0.13153882406787226,0.12081119776399653,0.24485979837664934,0.43001608204593916
240.4,0.3737608428096198,0.13645835135369988,0.12547386586730105,0.24486698233906437,0.45211801120897965
240.45000000000002,0.36848543944845297,0.13596763826560546,0.11066160556518864,0.24070840635343504,0.4384161982460541
240.5,0.3691515099874851,0.14001615685223293,0.0953080626594471,0.24072222081076494,0.43585872136275233
240.55,0.3741970877510158,0.14072428799336276,0.08629719202533112,0.24923014044169253,0.4484747116878309
240.60000000000002,0.37499900932654706,0.13864789600958813,0.08771226491672529,0.2543537992350207,0.4364769646055329
240.65,0.3686626316595204,0.13914636658350737,0.07468198296000368,0.2567339275044468,0.44329140796221633
240.70000000000002,0.36288859380985017,0.1360422026343648,0.07280493360253328,0.240862773633963,0.43987363206341173
240.75,0.34831259687272076,0.13169693172993133,0.06548541040145352,0.23219462879717614,0.4178758689715499
240.8,0.3629209146713124,0.12898353063923496,0.07463565793933775,0.22477228946054714,0.4049083810193205
240.85000000000002,0.356716296255367,0.11873224458265448,0.09056226465154033,0.19679156632366712,0.39717317745824116
240.9,0.35216619370449925,0.11692283143211489,0.11158500328248044,0.18104116453558708,0.4033254890786768
240.95000000000002,0.34366526530582675,0.11774486663264884,0.12702122982142164,0.18650878910394145,0.38833880248163083
241.0,0.3362556845736402,0.11640712331451061,0.1490119015940283,0.17215695656727129,0.37987602918107916
241.05,0.33312286224163656,0.10767519979905193,0.16418154343140423,0.16990676064762764,0.37544218275808006
241.10000000000002,0.3365247993104108,0.09483980772252562,0.15746675753443062,0.14618198126689536,0.3775022343416768
241.15,0.34433455005929015,0.09157378479086499,0.1701346725839466,0.14126041529546987,0.38112542419024353
241.20000000000002,0.3357144642676275,0.08383579684814926,0.16937717772318095,0.13697130589612558,0.3797658741400471
241.25,0.3229500918323972,0.08145448916299516,0.1722410714890018,0.13234110752952807,0.3801119002289524
241.3,0.3214643517412725,0.07491554803105338,0.18009439674975322,0.13570799730971655,0.3855471091710648
241.35000000000002,0.31785581464451185,0.07709427406665234,0.1899629123802061,0.13639318400859746,0.3784674862936227
241.4,0.3076027315338566,0.07319769982369893,0.18716933046513493,0.1288208177754271,0.39043460304396355
241.45000000000002,0.3037962836522006,0.07610890110391501,0.16577044105241173,0.12028166567646963,0.3972981236947135
241.5,0.30427554947970675,0.0686414696910447,0.14666943786958947,0.13783755722394414,0.4093920204759457
241.55,0.29816809582350945,0.07780249167655083,0.12833625953288472,0.12570559579646104,0.41980740868916766
241.60000000000002,0.2800214631116189,0.0751013795199453,0.11381272019090083,0.14356306549552994,0.4357128847885657
241.65,0.2821799287274914,0.07887436580539275,0.0989349751003001,0.14692318116458392,0.43448957727384707
241.70000000000002,0.2805114440663344,0.07362101811961598,0.07742021112983646,0.11972552417422827,0.4514445509067589
241.75,0.29820457568379954,0.07744790371473599,0.06279888747531255,0.13353076261585137,0.4662388143145515
241.8,0.2974700474597677,0.08222200548824599,0.059272294882022715,0.16235240630856113,0.47742191916693066
241.85000000000002,0.28100108336225565,0.0826709137602078,0.05980294498977613,0.167746446266964,0.47673450550962543
241.9,0.27184936554028105,0.08230919174108435,0.06328903271230688,0.18142235131801623,0.48551596596175195
241.95000000000002,0.27521697079621427,0.09439219539346935,0.06517215352882287,0.17452432715978786,0.48424107892559737
242.0,0.26411658724039694,0.10437408499965674,0.07271288259897303,0.18524573080031215,0.4842893710654676
242.05,0.24805977791639502,0.10904854793545934,0.07757629260522417,0.1722815331968914,0.4896446932382035
242.10000000000002,0.24877819209269417,0.11479233113300956,0.08658293877713712,0.17275207619339653,0.4914142571948405
242.15,0.24429829217793053,0.11436171618959225,0.09709711756435185,0.16375673451553183,0.4923612825894739
242.20000000000002,0.23288548798177827,0.11842566509362033,0.10445721948456567,0.16126982848533405,0.4960101587333815
242.25,0.22606285456352565,0.11547414315396273,0.11258097360917384,0.17151136576146048,0.4941386922584791
242.3,0.2319939940536431,0.12548819851569662,0.12227572220855948,0.17095476325213782,0.4977153386715641
242.35000000000002,0.23077781905452674,0.12831768061284354,0.1394501203008742,0.15964219966671483,0.48395876197319154
242.4,0.20918294803559187,0.1300409590504928,0.14934982755367174,0.14290822322947258,0.4746686014469155
242.45000000000002,0.20002584890626615,0.1372074138923917,0.1550111428863488,0.1385844366842173,0.4599783188841978
242.5,0.18177887619082303,0.13708673768826535,0.15268286600786546,0.13596397594145684,0.45554717857912475
242.55,0.17018862309378138,0.13748411430631718,0.14296841993108736,0.12217810654956893,0.457338474958595
242.60000000000002,0.15910472802679354,0.1477407241951704,0.14132646878205868,0.1314108730584441,0.46914224629008494
242.65,0.14393547748557753,0.15204591864711756,0.14261846201507256,0.1307608054994207,0.4777928245565807
242.70000000000002,0.11235989201077572,0.15680065838635934,0.1421041736646062,0.14230615273152805,0.47898162593637367
242.75,0.11041058852984666,0.16185708609530555,0.13991223565762892,0.14469989939390585,0.48356760961941964
242.8,0.0950573824656464,0.16125043961746,0.13894754928815703,0.12684623437649692,0.48972262047284404
242.85000000000002,0.09545686052364155,0.1474401264125668,0.1406233028571875,0.13476020795530358,0.5106589791994959
242.9,0.08555353500042541,0.1468188525699593,0.14179104062960463,0.13201512898413423,0.5195112105092464
242.95000000000002,0.07595117941151827,0.14093446740276133,0.14325841326266261,0.13472636654313636,0.5231139244812044
243.0,0.07863597934337352,0.13689189427622975,0.14809269643411302,0.13089776580743473,0.5227745204281053
243.05,0.07742577156351463,0.13073286013444033,0.1564956797125436,0.133808437730278,0.5089658250821403
243.10000000000002,0.07879399153516473,0.1367370345264795,0.16088063287393875,0.14486675374629612,0.503816139651288
243.15,0.09019729668994766,0.15469350011495384,0.16715549106324784,0.14766566129659708,0.5029386542826036
243.20000000000002,0.08752502935373548,0.16512598907987044,0.182663414932158,0.14566428774016849,0.5007834565376663
243.25,0.08456153526146074,0.18779953128777135,0.18869726625632122,0.14180459581705945,0.5012919138248454
243.3,0.08528804694754426,0.19597148933184147,0.18926461567026787,0.1580609064443965,0.5027808110099874
243.35000000000002,0.08407884661083176,0.2065884348436334,0.18638489400941766,0.1674361201994886,0.5018323892124272
243.4,0.07412494808903156,0.20694256780479744,0.1926116168566474,0.16975140743505834,0.5221369562071375
243.45000000000002,0.06752150213948144,0.2091738594418985,0.19525278218402312,0.15909427023406278,0.5165359639024137
243.5,0.054674360337533486,0.22403419622491993,0.19367989079525108,0.1566484653100465,0.5139387829351967
243.55,0.051017216434633104,0.21720849962085242,0.20015075241912986,0.18293696809547091,0.5129817455058084
243.60000000000002,0.051315226056569185,0.22728580288476363,0.2109148220441577,0.19733427732317696,0.5254555590764455
243.65,0.041746388268942704,0.2412622009768142,0.2129985670462332,0.19247219562364332,0.520617372513397
243.70000000000002,0.0391072706048481,0.24779952745734907,0.20788184662752887,0.20036313850177911,0.5268015523846269
243.75,0.032408025899303625,0.25825187178333453,0.20617382054628428,0.19673279569385244,0.5335613413814748
243.8,0.027032689301771176,0.2588513439447132,0.2114079968658802,0.1855567691072622,0.540895831232652
243.85000000000002,0.024915925336885948,0.2663581335155509,0.21636140889917066,0.18756884334985185,0.5514315742788056
243.9,0.030740961505478972,0.2689323759427666,0.22278432552792782,0.17400317568542736,0.5507321218895608
243.95000000000002,0.02306852188286719,0.27037356124129436,0.23657268076206955,0.1870226606683919,0.5507675392391913
244.0,0.025592128445471,0.27701946820435414,0.2448944863216779,0.18843534112455634,0.536854249385517
244.05,0.02783397639546237,0.2854735472014138,0.2534803536827585,0.18647761235858637,0.5290030832930797
244.10000000000002,0.030548292623694975,0.2762762122458263,0.25730686505678774,0.20421308806588856,0.5296861219676454
244.15,0.022304380475468497,0.29278194038497124,0.26540289395679845,0.18897596979272305,0.5153695947860591
244.20000000000002,0.019156898090516444,0.294613642488426,0.27438471315811735,0.2198076754731983,0.5073710645907095
244.25,0.023213623001291088,0.30234153956261617,0.2760156352288148,0.23974586821074442,0.5128868687177681
244.3,0.036672990097565784,0.3181461530529399,0.28438574804325056,0.24744858727817604,0.5159874472216737
244.35000000000002,0.03740254891473437,0.33713106744631255,0.29095931546134646,0.2524238990788527,0.5204208400091106
244.4,0.04410785328530784,0.3324906305487109,0.2955622219421198,0.25598878966568983,0.5147294110221645
244.45000000000002,0.05016027964196568,0.32580605556514536,0.30171454134002806,0.24445986483700882,0.5200628201692983
244.5,0.05544868361308268,0.3235007717309063,0.298582147318947,0.24584279687317434,0.5202579542880649
244.55,0.06457433765557838,0.3273505435487272,0.2996174175648794,0.2514935379159352,0.5338522029492694
244.60000000000002,0.07238968922000363,0.32736893851248783,0.29796186604037833,0.26962223000183877,0.5546876002132897
244.65,0.08155358276335661,0.33380273538371774,0.29739414272848935,0.2763911181889286,0.5495204703812547
244.70000000000002,0.09347278794864107,0.3312701467740998,0.2909524501354722,0.25600604146694694,0.5591630255896316
244.75,0.09854496976827458,0.3228463809607862,0.279029666941777,0.2588931041505707,0.5627911963760968
244.8,0.10513341035796545,0.32266106287119095,0.26581880394651924,0.2564315624946674,0.5682108527971006
244.85000000000002,0.11543573898802889,0.3221264633345323,0.2666160945551246,0.2401053556205635,0.5690190495910594
244.9,0.12128194888671075,0.3164911148144659,0.2687941265351818,0.2481590761077708,0.5777197410450677
244.95000000000002,0.12782698940590287,0.32392163122883577,0.2719713370650944,0.22857849839088326,0.5783244823476044
245.0,0.12542108300060784,0.3183224216560052,0.25971309052172775,0.22668890066129202,0.5778576409764206
245.05,0.12312367038300996,0.3188646564544125,0.2545357370071335,0.2328674595031183,0.5770149423493589
245.10000000000002,0.12416919195711815,0.313857802615045,0.2484913917736486,0.23402888443203382,0.5795558210076716
245.15,0.12392867561739562,0.30839847509616114,0.23696284613808696,0.24058681522570693,0.5792319798125972
245.20000000000002,0.1288871521606185,0.314315508841892,0.2316368989924728,0.2471824323112746,0.5824529247787535
245.25,0.1333522425715849,0.30987471037126374,0.2245236242737185,0.2397035443668898,0.5902382512052791
245.3,0.13184780448836753,0.31040358814374364,0.22400393785142675,0.2402034649742688,0.5908593586759728
245.35000000000002,0.1271130165040348,0.3063176666808321,0.21782839754359082,0.24333027012229133,0.5907421762719344
245.4,0.11461735166376427,0.3101817328622622,0.2039592599337795,0.2419910561147733,0.601942436951704
245.45000000000002,0.10661477811509662,0.30386768588573837,0.20055107157945215,0.23352290454185343,0.5949286378421819
245.5,0.10058355453100898,0.2958139818163427,0.19462123053648478,0.23075204247247733,0.5864162738400758
245.55,0.09497716285711356,0.29013342942425985,0.19374695883083248,0.23172010540936697,0.5878793652594402
245.60000000000002,0.10277626867228279,0.28659562536543404,0.19017251413746605,0.22938403736017526,0.5876413226076469
245.65,0.11329510776139276,0.2814405587868727,0.17979474604542675,0.2213739671219251,0.5839641362903549
245.70000000000002,0.12593946942284395,0.27721319328202987,0.16712490724331283,0.22319988627091347,0.5796479081386756
245.75,0.12490689387454536,0.2729594813827787,0.15064671047801165,0.22006850457393984,0.5782121794209402
245.8,0.1328051703200277,0.26980415316451073,0.1435776226960364,0.22392549169729326,0.5605371735919863
245.85000000000002,0.13373967585865096,0.26472816604362653,0.1431865341416437,0.22313382416725672,0.5532079193995835
245.9,0.1329875394999919,0.25631615641970223,0.12524282113942464,0.22161261813149,0.5322885163985102
245.95000000000002,0.14940090370333242,0.2571092197607173,0.12358694341040215,0.21553233401428049,0.5129863050167499
246.0,0.1566945192894973,0.26749792449720194,0.1141022724892466,0.20686383329350513,0.5076249597830336
246.05,0.16007932880258943,0.25732771625008094,0.12638017688372102,0.21750833920162221,0.4930369106094681
246.10000000000002,0.16402847182791655,0.2513271676341021,0.12714207266522679,0.22347088568736137,0.49024564994829384
246.15,0.17165513670842855,0.23681775466968463,0.12711322981100842,0.21807596904131088,0.47201192302567097
246.20000000000002,0.17370946460908696,0.234761230857775,0.1231944892229117,0.21019148987742006,0.4685136748514202
246.25,0.16658059801877548,0.24038106183423588,0.120637340048883,0.2217821121372698,0.4438589231870457
246.3,0.16482772889954778,0.24325917782009535,0.1383250455927196,0.2106488293071462,0.42128272934228445
246.35000000000002,0.16885627195816574,0.23696529546808756,0.14033148556723185,0.20174883862130466,0.4105712903503224
246.4,0.16217944923094324,0.22887031441687128,0.1460481635379833,0.2060933510533326,0.4045987531054985
246.45000000000002,0.17473630206697474,0.2255456083299439,0.15309749256151042,0.1919030803272495,0.4136180500996024
246.5,0.17179819959360682,0.2164880781606589,0.15462531060845053,0.19694082106533978,0.3935287993179748
246.55,0.16372655192941438,0.21238752187370313,0.15791691872173658,0.1921965175935535,0.41219589170408155
246.60000000000002,0.1571034857690977,0.20211232098564366,0.15934719243006001,0.17339290394505913,0.41501711092548005
246.65,0.14798974764507195,0.19033297582178815,0.17066254604403344,0.17875356852313393,0.4242511657891509
246.70000000000002,0.15076520672978797,0.19405156206283863,0.1748858309248073,0.16775064137949508,0.4330764563566841
246.75,0.1432919044514141,0.18178292080765748,0.17793341582663044,0.15918741901124375,0.4356863805407606
246.8,0.12324072314980924,0.16338463360932137,0.1829147338375228,0.1460009962333653,0.4250289715370863
246.85000000000002,0.1126880446881607,0.16612086173844912,0.18469618368272697,0.13130873191976808,0.4163553080936558
246.9,0.10116090501115992,0.16693602956383974,0.19027416394887509,0.1193857226404801,0.3914013093013773
246.95000000000002,0.09217603729888088,0.15857611660203721,0.20411421401088417,0.12638277485553798,0.3909301881522469
247.0,0.08787605636866531,0.15425836747573982,0.21324941751559537,0.11471369554094385,0.3932818601517166
247.05,0.07827477923647448,0.1538620622718152,0.2110320259122908,0.10834062355070052,0.4004119203362213
247.10000000000002,0.07864080080743761,0.14002655990592489,0.2077602420889754,0.10421707632521134,0.4006145625143362
247.15,0.08115045995515854,0.13660447828269648,0.2039628594918325,0.11456913786179339,0.3904559130762663
247.20000000000002,0.0832581883972552,0.1313326571634792,0.22110858506764697,0.11686480998139794,0.3775872293126012
247.25,0.08468697197656139,0.12893307762579712,0.22418332633677518,0.11549626131586425,0.39272848346959305
247.3,0.08913666117007174,0.12950382911260425,0.21978978468058,0.11800878603112153,0.3920726800625621
247.35000000000002,0.09634225475253583,0.13335826915307647,0.21229779342576668,0.10979596951958073,0.38608347796081366
247.4,0.09998665226502404,0.1398757568703641,0.21278544871175037,0.12452370808765503,0.36890189343773855
247.45000000000002,0.10321465236514503,0.14645132287739449,0.20995755533485444,0.1338565002208319,0.3614045681956446
247.5,0.10555148449118089,0.14217408725370875,0.20515390623021454,0.127914998567739,0.35249071526531206
247.55,0.10623930944793913,0.14643116545946944,0.21405648139714445,0.1376170642986705,0.34584500886248587
247.60000000000002,0.10862295767361385,0.15038958037425956,0.2114544818120162,0.12883888664143572,0.35482539736917784
247.65,0.1112603143029462,0.14591194413522326,0.20699499944758268,0.14577826253103912,0.35524907867371236
247.70000000000002,0.10971087581660527,0.1529913004705771,0.2019342151196082,0.13710215206664306,0.3521098678384386
247.75,0.11219402206175855,0.15980618005021818,0.19895491805204066,0.13931489037115044,0.3522909085165061
247.8,0.11119233211101211,0.14780530167809874,0.19476177098124617,0.13060106343196698,0.3428913143980015
247.85000000000002,0.1118645261627001,0.14671868484284348,0.18796873882691073,0.11812433514786679,0.3434163747595312
247.9,0.1094215423657718,0.15569544732631094,0.19158863517757707,0.136136318542364,0.3296869124504765
247.95000000000002,0.10955337140357613,0.1639791805996876,0.19362928587195422,0.1186269794245723,0.3219519312363506
248.0,0.11532323224731283,0.1728094995798102,0.19195753513697722,0.13091930862340975,0.3123376548761473
248.05,0.1210065777514055,0.17409613212219968,0.19018136650942635,0.11544020471531583,0.3088350861947494
248.10000000000002,0.12677860007271627,0.18388909033882145,0.1942749622161764,0.14434009833148112,0.30107833645595733
248.15,0.13196541332847475,0.19042072452776765,0.19628093658912002,0.15915503208085072,0.30374501592574965
248.20000000000002,0.12719528638581473,0.197554799670364,0.19993422539586556,0.15091045050149196,0.2844184428681077
248.25,0.1280519274770695,0.20129574579993428,0.19704766675375357,0.15362692123679217,0.28446991559337803
248.3,0.11741678323732671,0.19957071098080234,0.2019932429687859,0.16070513848301837,0.285698679317344
248.35000000000002,0.12812415204757335,0.2001944301783741,0.20059709650776877,0.15700635916164796,0.2920768269008691
248.4,0.13295532776700963,0.20069568762319373,0.20415240122174255,0.15543488446204165,0.2638462989399839
248.45000000000002,0.13433308771879404,0.2072081483830112,0.2089898745090447,0.15019741103175457,0.26638890087238115
248.5,0.14174760455799248,0.2045845319772921,0.2131667495387905,0.1526551925655997,0.26758828697910386
248.55,0.14584505146893062,0.21191373320353193,0.22393407076261182,0.15318315972909394,0.24739376596167287
248.60000000000002,0.14304754080895785,0.2162906919464027,0.22175417386838872,0.1530515864400033,0.24609023365908028
248.65,0.14146416951628182,0.21700505176195964,0.21212717038759515,0.1552164442666649,0.25690995946223993
248.70000000000002,0.1458165847039228,0.21747245698635595,0.21086120906516484,0.14198148110889902,0.2708052441672296
248.75,0.14338105078552577,0.21713134593310182,0.21420260332006552,0.14605329745311496,0.2817429267921874
248.8,0.14340785510500367,0.2209390257271021,0.22357994041362445,0.14514432843146843,0.3057037031028684
248.85000000000002,0.14730595576044178,0.22670067396474372,0.22987080357185455,0.1468415733967823,0.291533299830228
248.9,0.14892104268642073,0.21779213162368727,0.23858883675006587,0.16114169467446282,0.27184104004400406
248.95000000000002,0.15829036955107337,0.22363085180030218,0.24221444732434627,0.16912939137656643,0.26232856176044295
249.0,0.17089001082749974,0.2311689215921523,0.23946194556137637,0.18172942045829424,0.2578151551061788
249.05,0.17337429056924678,0.238106799311149,0.24594892531693788,0.18040375260548946,0.23363245389232637
249.10000000000002,0.1663224322023044,0.23460782103101296,0.24682722508703434,0.18319400366816638,0.21594109721151142
249.15,0.15672796260335162,0.23669325873048103,0.24622637459812607,0.16824144743449976,0.24521125263530247
249.20000000000002,0.15684951407198447,0.2382554500469563,0.2400423570934302,0.1685794988609904,0.2329206551752623
249.25,0.16962794895802885,0.2265957057559854,0.22922721914471506,0.16924202524330131,0.22326841396766026
249.3,0.1781446657494209,0.22106495288521544,0.21924688553557872,0.16802189578251686,0.20120129361555977
249.35000000000002,0.17795532121243898,0.22217897299273678,0.20179388485125574,0.1638975038020651,0.1847185768803668
249.4,0.17239262068305822,0.22240871946057802,0.18582743653188247,0.1809932195748827,0.18505729430432502
249.45000000000002,0.17523348689964685,0.21462403550560982,0.1760101966361747,0.17482487359276824,0.1879955026472053
249.5,0.1738597290215943,0.21431153847602866,0.16235222733325982,0.18418642457488557,0.19001367867535762
249.55,0.1826454577723923,0.21581237765487668,0.14907466315625081,0.1848119874876311,0.1857082322841411
249.60000000000002,0.18242400330211303,0.21398777634514768,0.14554013685553702,0.1818935673649911,0.19593634731423543
249.65,0.17907641352867268,0.21607549740142173,0.13897623202868925,0.18373819349343645,0.1931388385665566
249.70000000000002,0.17855410228050492,0.21489600758316799,0.1357344778197175,0.17459037322312368,0.20133000557309969
249.75,0.18486780461847993,0.20877838530344384,0.12161115819689669,0.18862185357508257,0.2056676191023258
249.8,0.18974179517870055,0.1908094169055055,0.12061934385755715,0.1963678752297797,0.2187473770037925
249.85000000000002,0.18650566414073422,0.19129988587586352,0.12252779342403304,0.19174273144347292,0.22006398797337348
249.9,0.18396482080584028,0.1861511240277113,0.12090516689204138,0.19753270329517292,0.22664923084153352
249.95000000000002,0.18376751768809269,0.18243159093409908,0.11714819234326329,0.2076099294002518,0.22427659188659618
250.0,0.18587523121726401,0.17663218179430606,0.14201826722861957,0.21766165588248756,0.2248994182803535
250.05,0.1916117003173698,0.180871260219696,0.15437457730773943,0.2134048989847824,0.21860278734072278
250.10000000000002,0.19096919681864702,0.1897624249432511,0.15887293251867585,0.21040569983037163,0.22719865656271904
250.15,0.20187348458168208,0.18414466686558514,0.1664847957856313,0.21401837651883684,0.23634924156750436
250.20000000000002,0.20346679389038289,0.18327963676168127,0.16980240536847171,0.21966328084701064,0.23341062930467443
250.25,0.2038587790706974,0.181033702559831,0.17692553628065696,0.2148443970798158,0.23635200627637615
250.3,0.20502741545652217,0.1843922750240209,0.17317194626383817,0.20935211068646362,0.24741265368019308
250.35000000000002,0.19572763145785768,0.18884968814802397,0.18607647051395512,0.19781919289429073,0.24048232764565675
250.4,0.17858110014436915,0.1895111350854031,0.1923264766411696,0.20388081479045594,0.23822444929681447
250.45000000000002,0.17130600709732852,0.1843658829272499,0.1956991636823873,0.2016181817634073,0.24163911242274907
250.5,0.16719884671280696,0.17608097150080318,0.18992712448756724,0.1906396233431408,0.24405961302184834
250.55,0.15786314587262176,0.1672344586277338,0.18206887950126843,0.19869127552916088,0.2543872721969594
250.60000000000002,0.15015640382187861,0.17311296139984153,0.18420151565025766,0.18697326436912076,0.24888391062547519
250.65,0.1440261165148562,0.17706951587089828,0.18733306951695022,0.19944669941465343,0.2547362651650121
250.70000000000002,0.15023922975779402,0.1813240034872538,0.18876331260350443,0.19945313073845666,0.23858871604519968
250.75,0.14459854553465426,0.1761473244371379,0.1748976005464636,0.19459685311451308,0.22857288594070058
250.8,0.14051622719699505,0.17700094104868258,0.17458606143346672,0.20180752701043156,0.22758950992145108
250.85000000000002,0.133572719753883,0.17843161410134856,0.1597052667759087,0.1983111916578381,0.23590333900347127
250.9,0.13168090652866002,0.17677641097024188,0.15464827105035053,0.20347868541194344,0.24103895653576263
250.95000000000002,0.12801494042519207,0.18227973776922599,0.16591369783805962,0.20470994983889654,0.25164609146457156
251.0,0.11586592765698214,0.1796513405462512,0.16657989016140695,0.21154830244149253,0.2417411782721411
251.05,0.10653756582885193,0.17857018284618142,0.16200625240999647,0.21679678913058398,0.25240446045045445
251.10000000000002,0.09303998217199107,0.18274127257990908,0.1700781318047284,0.19517857893980486,0.25223002317899257
251.15,0.08840955424583147,0.18353300966546357,0.18170142422074725,0.16812970796505036,0.24305854121046971
251.20000000000002,0.07619429837797492,0.18937770948779106,0.18245244935004226,0.16814585822665515,0.24152532788557207
251.25,0.0713516711780998,0.1897139603604441,0.19684186198175344,0.14511569154882986,0.24841246567814562
251.3,0.06780216457019292,0.1807602986751408,0.20103448952091477,0.15833659160955457,0.26042039753695045
251.35000000000002,0.06707195084198336,0.18159753200593662,0.20303377491006083,0.1768490775431592,0.265330632619042
251.4,0.05769365513522313,0.19212470299247472,0.20324038598064303,0.18054820283703785,0.2743582754365912
251.45000000000002,0.05353538397839167,0.19576982930897568,0.2079867558931418,0.17648091421659357,0.27333922960994406
251.5,0.05177103115752811,0.19397330367403884,0.2145736198386283,0.1698539502231593,0.2747446501751566
251.55,0.04689565434743205,0.18525234172281108,0.22032490739373023,0.1391332732297263,0.27494111547861605
251.60000000000002,0.04110242923864043,0.16951382748598817,0.2195265912482203,0.11341280670456523,0.28251709497881883
251.65,0.0457411798502192,0.16028968019438866,0.22415681266118187,0.08270404414808025,0.2821990778954077
251.70000000000002,0.057501102336235,0.16215638675512303,0.23192647280362677,0.08154965266616324,0.28969316903217934
251.75,0.06731603403806272,0.1578057382558917,0.22631375749109178,0.07386338738075626,0.3070643067944787
251.8,0.06653383622951917,0.14729048380081902,0.2339259352929397,0.0788583625118786,0.313844800850282
251.85000000000002,0.0630163378448564,0.13973066162649672,0.23668319032881113,0.07144576833868023,0.3091812054423197
251.9,0.06091793195572179,0.1355122399238533,0.24560048050304445,0.06984845927397451,0.30736765729343873
251.95000000000002,0.05876426967030757,0.12919660782695694,0.2515115665646323,0.07701787481587344,0.3120242946137651
252.0,0.04789745005839633,0.12951181369160422,0.25813263451238555,0.08458435103304968,0.3172368984848815
252.05,0.03879291965835353,0.11689556146764112,0.2646901281529695,0.10727978566597907,0.324047601203762
252.10000000000002,0.03143571833573367,0.11925691045088323,0.25868279126825783,0.11050097711687126,0.31419157173030215
252.15,0.02866949644170968,0.11300444261998029,0.25980917633697664,0.11508013516609344,0.3164931538637581
252.20000000000002,0.024461932947536173,0.10635902729827897,0.2736139874881942,0.11150779504292892,0.3327236819927468
252.25,0.020872589597584288,0.09345487308121225,0.2686112916758951,0.12204584126164707,0.3280532819084166
252.3,0.020133038996407247,0.09723287351303521,0.28329659850006833,0.10690788828942988,0.32547800404240035
252.35000000000002,0.03255308919923215,0.09196757542540995,0.29282930662903317,0.09263072986778301,0.31165975420963893
252.4,0.03952849464898514,0.07172229321426689,0.29287965785251974,0.10559819074935316,0.31313809889436334
252.45000000000002,0.04898529295856949,0.05644525183839286,0.29224810918259214,0.11840362057951924,0.3077538115983545
252.5,0.04644977258040704,0.05075632054416984,0.2950366820756916,0.12787999614143844,0.3044125578063905
252.55,0.04384407236821445,0.04531820987075723,0.29684936982564064,0.13881552295853283,0.30786962578076504
252.60000000000002,0.047327211658197255,0.0518343807368887,0.29984323789113404,0.1271299949164606,0.3098896824735647
252.65,0.04778446195160739,0.04707538810115871,0.2941611860267485,0.12415697769591966,0.333998863147349
252.70000000000002,0.049709149261906525,0.04445968226520482,0.29021177994568065,0.12583626805166653,0.33561846465695466
252.75,0.05555066657871841,0.04201251727408166,0.29123048054874795,0.10850810377214522,0.3406915084236707
252.8,0.054595961453635974,0.032180184538275126,0.2892821345479143,0.1089776451747607,0.36088332633499615
252.85000000000002,0.05442957392438712,0.030698594510291232,0.2978948785206918,0.09829225093660655,0.35723909604268467
252.9,0.05533782980273652,0.02710924241595305,0.3098582753298803,0.10353032187471703,0.3592345512047259
252.95000000000002,0.057413552361634236,0.024079713839760326,0.3183924333022805,0.09393762245681458,0.33849702987950453
253.0,0.06576593585524672,0.019388618682046346,0.32772462848878103,0.10821056470925486,0.3250334433768493
253.05,0.07353732512896904,0.020844374530530715,0.32644707215585705,0.09756792186951281,0.3299560821163664
253.10000000000002,0.08026749190226892,0.02819351114006451,0.332299244025116,0.1075822378585578,0.31988320573739737
253.15,0.08645850341985588,0.039214332754724725,0.3424253350743631,0.10487586368029045,0.3315955107569089
253.20000000000002,0.09147070409540654,0.040558845882167634,0.3446119206029654,0.12327112328826255,0.31941090850957465
253.25,0.10759620636194145,0.05902853881915895,0.34778204640515914,0.11028170159035494,0.309516916422503
253.3,0.11304491768599563,0.06022761098382413,0.358898487192463,0.1205853010827668,0.29638370389896207
253.35000000000002,0.12081909510432003,0.0713321085270616,0.3599251442947644,0.11923632549567897,0.29410408509748676
253.4,0.13018752400123612,0.06623444507445989,0.3469794066916333,0.1310177915620987,0.2937706588676024
253.45000000000002,0.1368083241848094,0.06852805649095704,0.3383271753031084,0.15229962578338174,0.29052249157057136
253.5,0.14276095367071576,0.09228055091285009,0.34614041122724326,0.1604748185469371,0.2913316325882835
253.55,0.15233738895250762,0.10916244311799728,0.34873548107423163,0.17616116758044903,0.29835754947180687
253.60000000000002,0.15671730335383882,0.10670997220762742,0.3607433067841052,0.1977938808728712,0.3063059842457195
253.65,0.16170621433015264,0.10216103373669405,0.35702529023333185,0.20086401744767757,0.30414121046288967
253.70000000000002,0.16558106021163643,0.11083277034154039,0.3577245984552487,0.16776955968634338,0.3066508804587873
253.75,0.1699510989429951,0.10923537300278804,0.3560281864145336,0.16555901181693541,0.3047847369035052
253.8,0.17288366234387154,0.10626405298412467,0.3521706562882725,0.1719296352133869,0.3039757694795782
253.85000000000002,0.17521905874217703,0.10168277495900463,0.3568761279418238,0.1805230733671635,0.3062939889702824
253.9,0.17953048025392698,0.10088845901359814,0.36135714616298165,0.1873469802038384,0.30831687926543305
253.95000000000002,0.1863823012463717,0.12408894632061925,0.3606173146881795,0.1762829582993769,0.30695468589036556
254.0,0.1893880371825841,0.128552671286836,0.3506354151598698,0.1850535167291689,0.31574960055335266
254.05,0.20004095608957445,0.13825314033746763,0.334657088817771,0.18810941215915242,0.32121972650717606
254.10000000000002,0.20504708366749316,0.14846539314004498,0.3284090480573946,0.19022631008966598,0.3128612504094171
254.15,0.20730344200029063,0.15492412447458162,0.3204172878993304,0.2017682501300977,0.29859392026786646
254.20000000000002,0.21389988013354166,0.17048124559173883,0.3086126170142085,0.20129203283265842,0.28877111384839205
254.25,0.21679343541390633,0.16960429518708817,0.2975401404206001,0.19624997513413178,0.2899851630002977
254.3,0.21624499769985514,0.16702130316547953,0.2857245450187891,0.20256686356072373,0.297750600799398
254.35000000000002,0.22307572151787783,0.17651386558193552,0.2826297366119558,0.20183282316636986,0.3049578647717725
254.4,0.21928081905620495,0.1698413512333103,0.28382676722298006,0.2080607857923773,0.31617480940893333
254.45000000000002,0.22242121028996156,0.1687900959666663,0.28371483056198016,0.21099434468369274,0.3161811895967096
254.5,0.22366642747525214,0.17019283988138348,0.2928393088747254,0.20872766178459348,0.32683238042926893
254.55,0.22101718672434836,0.17611125580537465,0.2973062662368529,0.20689812426479756,0.3359239442454657
254.60000000000002,0.2362253744696441,0.18710710773869219,0.2869124939213252,0.20658753007293126,0.34076805784362924
254.65,0.23651503194219556,0.1924405545861945,0.27535219118313314,0.21062054974770644,0.3684657499404288
254.70000000000002,0.23090235430499623,0.19197548318100519,0.26457665305150785,0.20464534244002885,0.3721593328254325
254.75,0.22154390742771865,0.1993201937688448,0.2511286070116789,0.2063021924382911,0.3831511090777177
254.8,0.22049260279813465,0.18245914930846943,0.2407799938059093,0.20537824378556782,0.3900342290434077
254.85000000000002,0.2172279154300688,0.18130632705565114,0.2340222092546882,0.20416217039898218,0.40963697646614583
254.9,0.21133319487083246,0.1710796673407641,0.2308958273187695,0.20764994250700328,0.42603297265954854
254.95000000000002,0.20131393269037157,0.15817869477086244,0.22918297620901096,0.19366538849183967,0.4262918532924068
255.0,0.19680201452640492,0.15376896191597067,0.23121539850926706,0.19264006203796355,0.4207968067308405
255.05,0.20501156991098832,0.16080087690230546,0.23179279297761335,0.19013120312496593,0.41143501090207296
255.10000000000002,0.19520785837509397,0.15690559809558557,0.23082420501069054,0.19063568089785843,0.40067313392098425
255.15,0.18039419854930386,0.16212339717188048,0.2278950182777106,0.18410879721424003,0.41771706307996886
255.20000000000002,0.17414978276559748,0.1732730100193022,0.22086856058245902,0.18998220976157645,0.42944745388861916
255.25,0.16511245521287873,0.1818135288567836,0.21880764838968883,0.2057710141168795,0.42180124116678197
255.3,0.1530158960085022,0.18060716853195652,0.21350563158152977,0.20625852810608358,0.4254356278767192
255.35000000000002,0.14461580402760696,0.1831996421554612,0.2139696295011474,0.20557766746073874,0.4293083544511806
255.4,0.1404529894436097,0.18842631376698243,0.21679940307777065,0.20418715328588505,0.44006857476126626
255.45000000000002,0.135004105592898,0.18867458069958443,0.2089334839957875,0.21356882104921357,0.4547857158932676
255.5,0.13072628048926838,0.19526602971650608,0.19433012774194391,0.23288973710105576,0.4606188053265707
255.55,0.13318231044188267,0.19842281011052576,0.17771795484404534,0.23603810187565638,0.4638453987731651
255.60000000000002,0.12803442954896557,0.20202404212856093,0.17517422556813175,0.23163824765867816,0.4468575528679156
255.65,0.12605997479032263,0.19881492278688914,0.16801030222911273,0.21483852893960867,0.43837516185721065
255.70000000000002,0.11938495727286559,0.1998243298355638,0.16384062763243273,0.20363714595871152,0.4379074523737252
255.75,0.11258076598532876,0.20131004617508572,0.15895991685998767,0.19452672114907826,0.4331103033222169
255.8,0.10643864088599587,0.19878248739016122,0.15227897866632897,0.17979383182448547,0.42283041992242376
255.85000000000002,0.0909741311388757,0.19269288803085777,0.15353240663774925,0.18372006580329522,0.41874465924181253
255.9,0.07312687665873771,0.19008238893076493,0.1476029261761409,0.18823557090609488,0.4217601375763537
255.95000000000002,0.06139028930428066,0.19281389051226447,0.14595682011646974,0.17497833114487146,0.4318030890616942
256.0,0.0524744876097892,0.19416553704134204,0.13540698699573037,0.17105707187085858,0.43997346055036507
256.05,0.053099924194218134,0.19255367546774016,0.12437685650946578,0.17530628250485594,0.4469435656662967
256.1,0.04937427544524503,0.18853854862843597,0.10640230424049067,0.1801989707313209,0.4360759899463339
256.15000000000003,0.046154727162906806,0.19123154629063066,0.09393074353077634,0.15560401732242238,0.4217518575240426
256.2,0.03738162800858765,0.18498732884884822,0.09490224866997973,0.15522942767080689,0.40630221209825135
256.25,0.029637499368776566,0.19495151888771656,0.0955931495967439,0.15740131134469976,0.39113391217603277
256.3,0.026645968220818977,0.1960206227055261,0.10133587292011018,0.13428998369750955,0.37982138411660127
256.35,0.02843687473303696,0.19326994771794206,0.10335808492678783,0.12521454099036952,0.36241305786142436
256.40000000000003,0.021544036628545368,0.19473978781694296,0.11020576383843296,0.13618403394049775,0.3426301001318824
256.45,0.02325784587665614,0.20896768013152361,0.11828366588549293,0.1357492330045209,0.3347594806406334
256.5,0.01798599772842217,0.2083302142904766,0.12446991594251033,0.1519216422952364,0.3376330169853729
256.55,0.015057989229986966,0.2057099590946485,0.12293922550082936,0.15577544258559833,0.3235310608551089
256.6,0.009577301491267173,0.19527858040439794,0.11197061552178705,0.15447401602172992,0.3283484706666253
256.65000000000003,0.010734375086348164,0.18724089243971861,0.11666734812735984,0.12760582192412206,0.3297271700816927
256.7,0.01366182433928677,0.18900030154134714,0.13001836639147885,0.12353003107742981,0.3344930703970923
256.75,0.017951286647841642,0.1985244886359574,0.14480444061478512,0.13346352814131143,0.33404788601388835
256.8,0.021695308193976918,0.19569573352650846,0.15749352652472778,0.13251718108007932,0.3406406528330215
256.85,0.020558672153207908,0.20570603018467373,0.1661208998849436,0.11998610349813614,0.339702184431529
256.90000000000003,0.026053077263944433,0.21494389436788772,0.17458435695669347,0.10659036784743672,0.33053244166426937
256.95,0.028204660460568857,0.21148005185883892,0.17768521224365022,0.10670437327638224,0.32097907227533035
257.0,0.03138105196228577,0.2011177064259424,0.1803622691596068,0.11321859567050149,0.3180287982631168
257.05,0.042623421620098946,0.19352391770957952,0.1859801369288726,0.10086953567323219,0.3093213969356062
257.1,0.04872285409733876,0.1928249766131724,0.19277456004883392,0.09563229036701401,0.2904457398400986
257.15000000000003,0.04913328460096099,0.19491045146074232,0.1962844867372928,0.08970435689413675,0.26390962164933107
257.2,0.058291083046350264,0.19426467816852788,0.20322179541751756,0.08930139181990365,0.25979454698287113
257.25,0.06203425258627747,0.2015478419199466,0.19851636365514938,0.09465935436829699,0.23781904217827
257.3,0.06186478509936286,0.18962609921016302,0.20003807246648753,0.08162115011021777,0.23214254197180212
257.35,0.06885859521890388,0.18579629484688856,0.2061645968665871,0.07406161568075142,0.23906319393644718
257.40000000000003,0.08178359722643899,0.18035873324375834,0.21905849102835329,0.06778947805984659,0.23847514978692258
257.45,0.08522722509876336,0.1760753908503151,0.23201599371161136,0.06420356685572523,0.22760200817538231
257.5,0.08551309243093123,0.1801261229533693,0.23916735546220197,0.06696759889482289,0.22514058132325698
257.55,0.08745110485296873,0.18146432203484078,0.24975575879294515,0.06860868129122719,0.2280380978840516
257.6,0.08978587390190444,0.19563513470815622,0.26182000070441547,0.07401279005770571,0.2266871920320454
257.65000000000003,0.08932731934459126,0.2082629472211596,0.2637933325161506,0.08072248606664231,0.24872890469566108
257.7,0.09013354159730437,0.20488853817711167,0.2714909974071554,0.08500572766166394,0.2545920921172862
257.75,0.09391961439604085,0.2155840592479424,0.27508438892611065,0.08076874388638822,0.25363439119659803
257.8,0.10907129216968119,0.21695755809725506,0.29465176300099316,0.07400484565591643,0.25810374303359596
257.85,0.11207081213823127,0.2123952712490721,0.29992017171820695,0.07991088026402363,0.27117523305190633
257.90000000000003,0.11683998179662504,0.21245262088502978,0.30924347869748603,0.08084525808389824,0.2715370096865432
257.95,0.11970553146147589,0.21256766354555448,0.31452015189692883,0.09659160041616761,0.27712227998519856
258.0,0.12025726066180059,0.2176205119947298,0.32097622327695235,0.1063268109835134,0.2811461409891224
258.05,0.1264156778093147,0.2124846520987889,0.3242619479007492,0.12093844672117983,0.27485844222701955
258.1,0.13530328662635221,0.21095128912420852,0.32782497947091055,0.12831780913468271,0.27518085550611693
258.15000000000003,0.13290949759891824,0.2067926326070097,0.3239480722361897,0.13774687203005206,0.28652767638013965
258.2,0.1359843158289849,0.20015769408163844,0.327791821752041,0.15507770812764504,0.2930461675327353
258.25,0.1406859079771006,0.19281407853429225,0.33281750839097,0.1544686296839679,0.2942498431438464
258.3,0.14235028102935593,0.1884851450887252,0.3396492025153217,0.1429880875791982,0.2922697962631593
258.35,0.14413107113574075,0.1834346929871488,0.34571466942076123,0.13872634725659283,0.30001268997784103
258.40000000000003,0.15397502803551366,0.1824516835573351,0.35137916563437066,0.14814533793689733,0.3070012546484007
258.45,0.16113505202229597,0.1818601242336965,0.36354607263630295,0.14421701101445944,0.3174507047003469
258.5,0.18204580513315238,0.18649625271506243,0.37211655583864867,0.13681680840320287,0.3479955640097002
258.55,0.19720141285497356,0.19039329160103471,0.3670887861901885,0.13407805643354373,0.3512881194484057
258.6,0.20265521408070505,0.19438518630444349,0.3778405145454077,0.14499346698458493,0.34515383774115327
258.65000000000003,0.21189514336715864,0.1907376209706756,0.37545222164741165,0.13556017437030796,0.33336843355728046
258.7,0.2175878293852767,0.1932602914540117,0.37853837124294687,0.13435181166739432,0.32611878863689886
258.75,0.21704879380996647,0.1872609360992427,0.38427042485305174,0.125809328640105,0.3394479287910016
258.8,0.21411856211047361,0.17706731745668697,0.379154025848446,0.11748190514954283,0.35804377849228586
258.85,0.21019510138610462,0.17602515607177707,0.3734698455333155,0.11478972359621396,0.36209006150176565
258.90000000000003,0.20888662906051625,0.17274544882002327,0.3784343021296883,0.09936572361988312,0.3831030016558742
258.95,0.21327917395103554,0.17725788836693465,0.3830933095646887,0.09338394155156139,0.38842203487165167
259.0,0.2111791016317311,0.17642220527843785,0.38374536489828837,0.0901992188253945,0.39150430234279293
259.05,0.20499642539191362,0.16102901504024744,0.39993602342683404,0.09703317262340536,0.3856167551021522
259.1,0.20246857952067496,0.15978866681279652,0.3979447434062357,0.11777647814718062,0.409046469987076
259.15000000000003,0.2013210830717912,0.16053480496594558,0.4080116355307298,0.1264118493668482,0.43109041614077875
259.2,0.200247049631144,0.16767031929016823,0.4047785978932226,0.1298432306616012,0.45635147837272183
259.25,0.19583438581043394,0.18520818233102251,0.4081217297777528,0.1277955815941155,0.49205043292778106
259.3,0.18400165771104748,0.18955160455406087,0.39657464275231386,0.1308905305880273,0.5338804711434929
259.35,0.16892632466795454,0.1925867621882228,0.3738513907642932,0.11687463929471306,0.5428344461844667
259.40000000000003,0.1734927909047493,0.19226169081753566,0.36217819861918493,0.11869659776699899,0.5296945491964471
259.45,0.17275358629624174,0.19617246636895036,0.3439165853683607,0.1193601873214965,0.5312219417833077
259.5,0.17116139135478733,0.18153589785061366,0.333093014917719,0.1121739368777352,0.5408225343644563
259.55,0.1628707120975351,0.16739417965485953,0.315978465839378,0.12113662366921828,0.5510523697402786
259.6,0.15881348665666167,0.1489592460354071,0.28408044402000476,0.11831900210458814,0.5417119958732225
259.65000000000003,0.15907366946264628,0.1254237416008354,0.25943804084022115,0.13558203289634163,0.5497878688191966
259.7,0.15533205110083487,0.11221418336989734,0.24244255520661373,0.16621886951705367,0.5540890503233472
259.75,0.154255746973112,0.09650899249801921,0.2318134544076643,0.17799746679940823,0.5589565667598043
259.8,0.16042244213140602,0.05753384273819215,0.22225343464734776,0.1859532072745641,0.5689973887388367
259.85,0.16456743870905505,0.04387646175270738,0.21601411644047894,0.19882528675347308,0.5745237007983204
259.90000000000003,0.16832889107369944,0.037744162108045584,0.20095532931340512,0.21227042635506715,0.5761391035623058
259.95,0.17058186075958237,0.043594704113178395,0.18984316544939075,0.22699730644319582,0.5825554593021864
260.0,0.16857122996663995,0.04223673186967121,0.1954548147153888,0.22760730703458534,0.5824684067635192
260.05,0.15968761543783375,0.024408617588981323,0.18735719231978226,0.20897447075706832,0.5807866214987025
260.1,0.15861789780499766,0.027402000074165947,0.18081021935885208,0.1616805992909619,0.5815831829837642
260.15000000000003,0.1402956026225094,0.04796325025792078,0.17966798250731664,0.13857904118270614,0.581000249368621
260.2,0.13609699365813116,0.04602776691947789,0.16931359555080394,0.1177860776280719,0.5921230487486656
260.25,0.1286676859907721,0.05251098712599605,0.16485351450038854,0.13545102892035182,0.5957446753037994
260.3,0.11485674362055975,0.055189723088202684,0.1600060063806256,0.16652554451409285,0.6022094714765125
260.35,0.10038578489590723,0.038656216293997014,0.17191791269023549,0.20160845564716556,0.6013808844959179
260.40000000000003,0.08640669722855444,0.03332465693357091,0.17613446089731527,0.18908573590844321,0.5945522506100984
260.45,0.07357355687302752,0.050038986719513734,0.17551793211234812,0.1922026250432998,0.5998345763330056
260.5,0.06941956230485691,0.049737449671358784,0.15648141304634888,0.154739143176874,0.6181135421554851
260.55,0.07323760011487272,0.05339583561809976,0.14988838246348524,0.1322158080270531,0.6289389444368705
260.6,0.06480966721599217,0.057830328699375225,0.134786580703981,0.12717738536776524,0.6314008011368791
260.65000000000003,0.06491946801477518,0.06403364143279695,0.1409231515760751,0.09844546765189671,0.6226966628870937
260.7,0.0584705045005718,0.07286512530259288,0.13878477865114752,0.08451767437964393,0.6248353571952165
260.75,0.06140015134750292,0.06915058759601639,0.13209895684394293,0.08008320478740409,0.6324428109603325
260.8,0.07443935235630986,0.07009617948444324,0.1551345054723669,0.0812857024722571,0.6320157150894204
260.85,0.07053320803246924,0.08793427270895929,0.1612798219539425,0.07427832456701634,0.6217536911763332
260.90000000000003,0.06389340529845021,0.07900697277973764,0.16597507724542052,0.06225775944688271,0.6100664173845471
260.95,0.0657818077937417,0.08759515623796503,0.1461639489796218,0.06263728567353392,0.6141288567551859
261.0,0.06833077719448939,0.09339229653770795,0.14366044615607404,0.04931879238473071,0.6203284787882544
261.05,0.06734942751616911,0.10358382464271348,0.12641939730908647,0.05423022452973598,0.6238052819201761
261.1,0.07359042110351233,0.1044246594667123,0.1159663770119,0.06288946561798853,0.6203542625581676
261.15000000000003,0.07148453834467253,0.10436655323352781,0.11000529671637618,0.06361567009150172,0.6273901770965369
261.2,0.073802179139095,0.09943041674656078,0.11267216522729888,0.0784567187137343,0.6300247622815671
261.25,0.08091215884559444,0.09643879328766365,0.105765935630617,0.05880920500487121,0.6362307025913092
261.3,0.09311807020807632,0.09932867068448001,0.10640845704387854,0.05628199717599849,0.6331941110370534
261.35,0.0899003305097242,0.10214994160061716,0.10261331879669,0.0604314692439547,0.6395274593578816
261.40000000000003,0.07795651242135436,0.10894015373194757,0.09212032514580913,0.07312723756054607,0.6461245574064509
261.45,0.08085073810535949,0.11004518837507782,0.09019184202121322,0.07736075709702105,0.646689619550793
261.5,0.07292984868471038,0.1177818168327331,0.07792400098992563,0.08137021897118006,0.641779178999612
261.55,0.06703556021988487,0.12649882213403651,0.07341162559211332,0.11686623348594574,0.6381913761048494
261.6,0.06908915415594519,0.1375434957603987,0.08626962595123658,0.1373133808234731,0.6351792202311559
261.65000000000003,0.06338472450441737,0.15659052251541436,0.08033022886458173,0.12523851524552776,0.6300246607347841
261.7,0.06300974467614683,0.16008157249244728,0.08381656560965536,0.13353774959163478,0.6349555567182716
261.75,0.0583108438902948,0.15072294248298826,0.07412846651331154,0.11060516834292283,0.6332422448721126
261.8,0.05877862359279252,0.1448155135685881,0.06541797866469468,0.10773854315187902,0.640986193250185
261.85,0.062069795259637975,0.1450112536074174,0.057334838718614646,0.12963695422593732,0.6544023252308359
261.90000000000003,0.06154764925233621,0.13585202786178893,0.0434750523979598,0.11162174957478276,0.6778070949339587
261.95,0.06509509869418616,0.1377706089433168,0.038954207288330704,0.11575425854323168,0.6754946180151656
262.0,0.05421081280160978,0.13186795912416657,0.03787527984205084,0.1313890412158672,0.6792718366818099
262.05,0.04849533117041459,0.14179896717990498,0.029287727485386442,0.12265377040826805,0.6807340979480605
262.1,0.04784021687608777,0.14984537505981035,0.02308931453617624,0.1351071104719929,0.69102216479807
262.15000000000003,0.03759127582190123,0.14584153247997766,0.019111695887219046,0.13842073129219756,0.6872671759171222
262.2,0.036809853204449176,0.14965670243946103,0.017598191983413662,0.12647709100672674,0.6812342957608158
262.25,0.030245738942388595,0.13865680592656932,0.018611906257775788,0.12072492499479136,0.6758041576274479
262.3,0.02040281126410715,0.14607967818201095,0.02131670489950372,0.0904274075046271,0.6690364075656791
262.35,0.018741111582469678,0.1484438282804801,0.026136903245676645,0.1008005806699782,0.6573227952571621
262.40000000000003,0.014980000231912498,0.1343628835291425,0.035283833304072885,0.08538395150101842,0.6463387291123094
262.45,0.018729681892305308,0.1432347451032806,0.03933164274595668,0.07303306667867525,0.6486719926512953
262.5,0.019451459464537853,0.16868796860278384,0.049348165884460254,0.07814415379305292,0.634260146795471
262.55,0.023843411912722375,0.1588444918798137,0.06339142998500924,0.08525853460379232,0.6330660697512775
262.6,0.0326752685087599,0.15320343993638924,0.07453639089376343,0.09056052984521791,0.631467099010773
262.65000000000003,0.03803605016546507,0.1488546040054881,0.08592279808140772,0.10106420339396519,0.6226805583096838
262.7,0.045404059989632616,0.16445454099312362,0.09339124980562494,0.09767894673825323,0.6163972686850837
262.75,0.05350197687840701,0.1839714677031573,0.09781364400695389,0.1095678499805373,0.6199559018675498
262.8,0.06497038258779783,0.18016968551304371,0.1021329719548981,0.11329297918684007,0.6115094275510038
262.85,0.06954029841215426,0.17236979728090124,0.10644069778237718,0.10929265390521378,0.6088168163188535
262.90000000000003,0.08657201450782363,0.16493301040894337,0.10429338489790234,0.1063230139420576,0.6132959110055354
262.95,0.09609184938226008,0.14927149321682107,0.1050749488584577,0.10461198337751594,0.5953953385709269
263.0,0.1037336295510215,0.1443358190409474,0.11559607300233964,0.1023304953553356,0.5730821422188573
263.05,0.10736898491605117,0.13945196889710215,0.12294799559230336,0.10532695467337967,0.5696068463760035
263.1,0.10251501758817749,0.11355616633306524,0.13244935671403033,0.11208214947283604,0.5821474676390467
263.15000000000003,0.0971341655700735,0.09544918595937633,0.14295077709012805,0.10888974283815372,0.5864765899448804
263.2,0.09913789899643484,0.07224005037738306,0.15248400281142446,0.1358994466628062,0.5884674493683849
263.25,0.09515648611679571,0.05937233779144028,0.15820812020957786,0.1454828873284114,0.590958381444962
263.3,0.09525104665829666,0.04922577318332183,0.1644823307761767,0.16559063782847147,0.6040113012913403
263.35,0.09542760714564556,0.0392875786445283,0.16593314034606066,0.17801470189293486,0.6058573979742445
263.40000000000003,0.09399344854156258,0.02996987873199889,0.1682100519527533,0.18452453223959828,0.6079463999976317
263.45,0.09067746808355275,0.030196691602583054,0.18465787041838116,0.17250399319398327,0.6001375164539944
263.5,0.08656028313834307,0.02742737189646401,0.18829900438880293,0.18644116187099644,0.5972165907528694
263.55,0.0818200801682439,0.026312754427344407,0.19369142262374894,0.1881477419355789,0.5941928511701206
263.6,0.07955860955584251,0.03441466332444756,0.19177787441514993,0.18381185005888054,0.5880071264110619
263.65000000000003,0.0869694387265597,0.040680127122553054,0.18579977611869972,0.16421623251798417,0.5877043102883273
263.7,0.0883034547932824,0.05092091389587164,0.18775991016717417,0.13464313949170392,0.582161639594781
263.75,0.09131777048304811,0.05687928951532558,0.19748256325703284,0.11563117715713347,0.5811491659553538
263.8,0.0876856369422266,0.06632175210565636,0.2033380965667387,0.1081204305202635,0.5790738723322727
263.85,0.09067422225016433,0.07045140493670536,0.20339253057583734,0.12035882001665689,0.5849942357466953
263.90000000000003,0.09493287137643272,0.054741253322037525,0.21505357971332098,0.13625175223651947,0.5880257718423176
263.95,0.10051261291747181,0.03983773283891347,0.22052528044998365,0.1418812760558094,0.5905119390778559
264.0,0.10764185935341788,0.03499565357011819,0.22888568377636911,0.1424829948145244,0.5901951173861228
264.05,0.1086870338403558,0.036913449929238625,0.229374417494749,0.14721843018852337,0.5916012296541718
264.1,0.1065618653403962,0.043108998578921594,0.22211319294530507,0.15561271569104476,0.5896715543517737
264.15000000000003,0.11153115473562407,0.03929998495243029,0.22772721872994378,0.1803182786084185,0.586080720479847
264.2,0.11511903398099448,0.03903138166684047,0.2352707357595758,0.18012910004373395,0.5844691536406375
264.25,0.11003881633149482,0.049189255231424915,0.24139037490121842,0.16831054617056154,0.591600288142184
264.3,0.1129170733925813,0.04557750206413846,0.2596644528050936,0.1722911312894428,0.5933253867916698
264.35,0.11210221111831734,0.04592911029281872,0.2572691342775773,0.1793098388552134,0.6017528393465316
264.40000000000003,0.11391361931843436,0.04169837263881902,0.2537263133005745,0.19722611303860252,0.5948402478389297
264.45,0.12648411069036253,0.02480612183145868,0.27162935900580715,0.1980161988703061,0.5845159101866139
264.5,0.1257038152076772,0.021754065901808974,0.27995696509191664,0.20939989851988192,0.5946862086749017
264.55,0.1217094947901794,0.020928999582377168,0.269189955532995,0.21171405078618247,0.5890940338224014
264.6,0.11735974002553046,0.02948518369577724,0.27540974258626055,0.22103296311560655,0.5790182974257416
264.65000000000003,0.1128883797123197,0.030603511972086887,0.28772191757032556,0.22750441279162129,0.5828875819411135
264.7,0.10966551874532789,0.03760431146028094,0.27663059911111976,0.22515884567871747,0.5870600352795293
264.75,0.09648626021058372,0.03936721208143074,0.2702710075093554,0.23820205441866732,0.5865737564019425
264.8,0.10003208914167169,0.0436440616402877,0.2542692040424226,0.23810759004977106,0.587264876740962
264.85,0.09644988773739667,0.045752631026540855,0.26167845366304054,0.24650942062909245,0.579137876511334
264.90000000000003,0.0922298790739834,0.04989545278408646,0.24391816878898698,0.2442321974825776,0.5908181668762625
264.95,0.08948723332282765,0.05499393640574295,0.24147549968356197,0.24794164029784818,0.5870275360311337
265.0,0.09141599933752666,0.059321846213318055,0.2602770432364604,0.24180214222984822,0.5910096725521898
265.05,0.08482463791404254,0.060302301716879655,0.23950594318566162,0.24333980729858307,0.5897022225711833
265.1,0.08474026927443151,0.07198186099603283,0.22976667454709396,0.24288344405307633,0.5848071342640235
265.15000000000003,0.09254494441332738,0.07130650694286027,0.2164644809230822,0.24383648542504222,0.5795656468713891
265.2,0.09184324932903722,0.07489383676895352,0.19327606016931864,0.24974757646578308,0.5592650286930575
265.25,0.11080755370220241,0.08313037082517133,0.17677075785439358,0.25609489673338054,0.5492103291470615
265.3,0.11897400880681312,0.10239971785516018,0.17274311951338764,0.2529708389525719,0.5391381504534042
265.35,0.12305021794184566,0.11358376993790724,0.15926032744040383,0.24623769550196162,0.533417412697047
265.40000000000003,0.11760875389122767,0.12291682331718398,0.14115608452308384,0.25249342095314536,0.5181448521426587
265.45,0.10785863628974714,0.129997275177528,0.13245905030673188,0.2655807618605579,0.4928599753242432
265.5,0.10639561287124716,0.13421825539585774,0.11814265805826411,0.24824750387017303,0.4848785823014584
265.55,0.10857119556402418,0.12549643333019755,0.10817840378065943,0.2540867488971654,0.4882537610005381
265.6,0.0980468960814438,0.12398920805393325,0.1146868686288569,0.2596240330578398,0.4805456329290541
265.65000000000003,0.09634051191896828,0.1277803993617801,0.09544731390008956,0.2611360778693884,0.4785229932247474
265.7,0.09224346165805729,0.1331069986710693,0.08352715225344039,0.26489018924911495,0.47791493790671147
265.75,0.09970561989222171,0.1332566250056558,0.060250082461191505,0.2904695607358191,0.48411406925688677
265.8,0.10453070892225012,0.1381539774833544,0.044882251549795846,0.28363122458830303,0.47495852950120526
265.85,0.10912169431914737,0.1495300704079228,0.03168523761743802,0.2855591801899022,0.46451353914905863
265.90000000000003,0.11243514543383305,0.14925512149156103,0.025763043004078397,0.28550748159398454,0.45524210201349274
265.95,0.11931481977025594,0.15777964118275137,0.024963993055945682,0.28682997664173987,0.4541008352848129
266.0,0.12477447461877848,0.16336494905304247,0.03659556477797327,0.32274580343397885,0.439695279340923
266.05,0.1285950749726258,0.17886789216726537,0.04839338052031705,0.33900026035756786,0.43294048132515434
266.1,0.12885171355546132,0.18282220626628903,0.061136821798630385,0.35849321222778086,0.4322548190077448
266.15000000000003,0.13515005989438456,0.18555882005496338,0.07839691545983854,0.3607307974291639,0.43802427792417625
266.2,0.14745715555483074,0.1786737061628515,0.08342826371691761,0.3655765349056908,0.4561566915395548
266.25,0.16022759994543206,0.18645162604473905,0.09341734544222863,0.3451960452100708,0.4610883700401193
266.3,0.1701818462058505,0.18445125845380442,0.09652345814468309,0.34601666928004016,0.48083469012196106
266.35,0.18007027259803426,0.18174853144240474,0.09437959966034333,0.35112755039112264,0.488953324588077
266.40000000000003,0.18752955290414158,0.1837074295186448,0.0888512901543919,0.3539077601246726,0.492903895598738
266.45,0.1974641926579571,0.19133563300694234,0.09748888791409732,0.3560608431073934,0.5004804156135797
266.5,0.20112684533879527,0.1966512777506762,0.09596198186126167,0.3711979209128906,0.5019796867242726
266.55,0.20690610167947418,0.20486438459282677,0.09347454519245044,0.3623793595140587,0.4826179926524518
266.6,0.21116167641531314,0.21106969427120803,0.09975698790648067,0.3558050754892822,0.478213080135334
266.65000000000003,0.21300273494129945,0.22158240926055636,0.10305475193317513,0.34296184889572945,0.4887647067273773
266.7,0.2182146881229205,0.21491890420704057,0.1086105113885805,0.33572127913136957,0.46737442262598033
266.75,0.22265620332883915,0.21863649033021781,0.12370519075032207,0.32397220470535015,0.4725214138514053
266.8,0.2262598228930304,0.20966959779462174,0.1334428484660563,0.30001214594635894,0.4543894546322724
266.85,0.23049153589869179,0.1956784226698005,0.144608516030238,0.28617674170202106,0.45616359374440335
266.90000000000003,0.2350175706156039,0.1872257122336148,0.14550557479768822,0.2554397383280347,0.4471426868897848
266.95,0.23893417107558024,0.16647554443675175,0.15082953361249737,0.24254868794695117,0.43978396204059755
267.0,0.23772899034064363,0.1635892811147832,0.14640686893263055,0.23099428168691094,0.42804152164706394
267.05,0.23487130698219355,0.1561549067826761,0.1426396469907055,0.22136093332175502,0.43345168891094493
267.1,0.23736306926919767,0.15255232725642626,0.14429227410753695,0.22168226480939757,0.4239827056631479
267.15000000000003,0.24627223174836776,0.15303464418226959,0.15522722186224114,0.2229316382708903,0.41724055083459216
267.2,0.239480790316816,0.1597188901634985,0.1649585680052446,0.21297717354082488,0.4037143275463544
267.25,0.2407548758933899,0.16455734440992456,0.16878938368013535,0.2159170854241038,0.4135784253300284
267.3,0.24099453618089317,0.16798325459264302,0.16782999783696237,0.21411624317405406,0.39631202780676095
267.35,0.23626096720165055,0.17059462267671816,0.1653836189705154,0.21229320331989898,0.3892796713092734
267.40000000000003,0.24272158171095354,0.16755946199635316,0.1679853486757969,0.2116038704084348,0.3652326550865005
267.45,0.239430128600464,0.16361076482341,0.1760195930854579,0.22516832384808624,0.34682725995281266
267.5,0.2436549564151678,0.17414966842759683,0.18234623237271907,0.21629614712271686,0.33890418816206547
267.55,0.2433556782906034,0.17713709028517957,0.18801778826186522,0.22471731005375978,0.34628008488539663
267.6,0.24627078305675396,0.17865088002840998,0.1900285553099039,0.21711812287670856,0.34494685990438034
267.65000000000003,0.24914419631167795,0.18212107257446195,0.19441234127781507,0.21979206073894683,0.3430201850349277
267.7,0.2563977918222386,0.18258512607236535,0.19828796113146238,0.23212977766889398,0.34466376384346176
267.75,0.2642178706026495,0.18486116979892553,0.19917476836790557,0.24484639507262176,0.3414764515145754
267.8,0.2658254565200703,0.19031375905003756,0.19841977174793554,0.2280525107085388,0.34237498513324016
267.85,0.2684336134029014,0.18516959398833543,0.20180811487644956,0.2129379941786043,0.34848748819628667
267.90000000000003,0.27106741753600966,0.185290295681109,0.20822441369193462,0.20394760165764492,0.3464040377398606
267.95,0.26910323356042537,0.16594442901890344,0.20811448489785794,0.1975598880522648,0.3504538268222095
268.0,0.2705253146064002,0.1526544852935029,0.2060823576623548,0.1920578415492907,0.35691711010471183
268.05,0.26584417996876375,0.14816207072792043,0.20286726096854002,0.19281450938664424,0.35996878607764143
268.1,0.2707119197935667,0.14346836265908772,0.1954998846188084,0.18985380661621296,0.36989790726777877
268.15000000000003,0.2654332670249565,0.14671499867728574,0.19333485841151932,0.1799925491014523,0.36314322592271864
268.2,0.2596845917761227,0.12178210198832161,0.1935052895362457,0.190525399754159,0.3609781131641944
268.25,0.25968294900181765,0.1309785748013241,0.19878573872063326,0.17539312465600582,0.3470705416030439
268.3,0.27034834777464084,0.13456852181210713,0.1962117284359881,0.18538082096852135,0.34671497942633533
268.35,0.2564170456479256,0.11774346215155404,0.1850332033659585,0.1786382948776836,0.33807317701693385
268.40000000000003,0.2518066328753461,0.11636328710190985,0.1773957097145563,0.16273355532094896,0.3485541292320535
268.45,0.24895915663521143,0.10955950056936717,0.1785188503949857,0.17697184135196528,0.36168167394643036
268.5,0.24449817859386527,0.10937075878977014,0.1792373867340001,0.173103696352194,0.3579599156293308
268.55,0.23384952907161155,0.11380417055603934,0.1805264251635247,0.17301146563488726,0.3515992505544699
268.6,0.2242497538106466,0.10776435488984493,0.1739634525719104,0.16499662748938423,0.3512633506871
268.65000000000003,0.22227766308386018,0.12190359259702138,0.16083740035409597,0.1426808720511124,0.3472305016331609
268.7,0.217192041049648,0.1301768028882336,0.14060461919767867,0.1498165392490396,0.3453872962820646
268.75,0.21859777213970627,0.12506557408621688,0.13060301420354803,0.14065429494541976,0.35909099873176586
268.8,0.2102092462852343,0.11745731177550081,0.12589096324610705,0.13490567401554954,0.3689623314867642
268.85,0.21075360374396088,0.11671378012492166,0.11985582615744352,0.10699943035408953,0.37577549675439736
268.90000000000003,0.2074972525496655,0.12471282988761248,0.11561817674759242,0.09634209329832688,0.377448000119094
268.95,0.21096340436316643,0.12216096296078013,0.12300587355242817,0.09696479348572029,0.37863440207902166
269.0,0.21108823665381482,0.12589125298554768,0.13561006868873515,0.0958475298638988,0.38489669752383354
269.05,0.19242600470318327,0.13434103633125807,0.15316493541249543,0.07965534843184521,0.377485111802784
269.1,0.1951898943560998,0.14508706710402502,0.1622532156709266,0.0681770901857275,0.3687120435807191
269.15000000000003,0.193044051051735,0.14338623931225528,0.1631030940805678,0.06422809737049294,0.3621561572498548
269.2,0.19171722464048177,0.14638058102679666,0.15364039045182262,0.094612002160141,0.3639076537377317
269.25,0.1801494200958111,0.14914645075772978,0.14906541509292642,0.10005531999021136,0.36247062168446276
269.3,0.17442294365934438,0.15424999334129022,0.14738282881948195,0.0703641525823226,0.36035720628107965
269.35,0.16971852750493824,0.168318244680304,0.134709297205171,0.055575352964389854,0.35354027905749746
269.40000000000003,0.16467527358013256,0.1659017955114272,0.13796531286085162,0.04799898502337468,0.3589175848422717
269.45,0.1648246310635644,0.16493206176660058,0.1366685229494289,0.051179421464082546,0.35453990112486755
269.5,0.16313538234701064,0.1593573337389738,0.14061198279558626,0.04306776404018961,0.3659167614181827
269.55,0.16606935771559897,0.16850112342023502,0.1456195757798771,0.05273150957680527,0.3721905220828408
269.6,0.17020406787540188,0.17276503718791056,0.16466453229378972,0.04427312420397648,0.3742498322349501
269.65000000000003,0.17906823701531144,0.18148469562029423,0.1730039889819486,0.05980689081918809,0.3787673276708561
269.7,0.18847631894739403,0.18334724702173152,0.17359684129701083,0.05476903459754055,0.3862157630679892
269.75,0.19523761633639167,0.19385069205429648,0.17149227145059512,0.05954615482785212,0.37963947501772777
269.8,0.20271583099963605,0.19170229568111405,0.16931986293591628,0.0648001721330007,0.38385711410338175
269.85,0.20634960727691748,0.19275048598979727,0.16445336621092987,0.06232956292799155,0.3968073814195958
269.90000000000003,0.20904909214868397,0.189472590833096,0.14914498655540778,0.06660212907843978,0.4014892772370544
269.95,0.2134517434343078,0.19123216489052522,0.15311438344555428,0.06396760384877216,0.40654762558252044
270.0,0.2143108982706129,0.1945392369594567,0.15449579092371762,0.07857910487073658,0.3999042725003645
270.05,0.21638041779548467,0.18662006982640658,0.14346045768241494,0.08700187168195726,0.404116505686665
270.1,0.22115609255549223,0.17599865520584962,0.13982151494671152,0.09112692576627854,0.42048311401597416
270.15000000000003,0.22464097192369534,0.1733419275087005,0.141851604282029,0.0962601168568478,0.414394574842579
270.2,0.22220426444558197,0.1694364379332197,0.14573104111176413,0.10917037192442051,0.4080907585728654
270.25,0.21263246645836267,0.16350530263101065,0.143978210121658,0.1210524632408355,0.3853568153037552
270.3,0.20046657567828963,0.16480628466508138,0.14827353088494585,0.13554958069138962,0.3851710277043602
270.35,0.19073632935742957,0.16549813639524563,0.14930768445759765,0.14197799301024272,0.384096664167159
270.40000000000003,0.18200350185665579,0.16699051215085509,0.14806687165395022,0.1422245707346599,0.3818129385301622
270.45,0.17547395303524455,0.17878081453843253,0.1513971651196902,0.17047092086935314,0.3878338482904513
270.5,0.17067344599739748,0.1689860632662149,0.1387403187357063,0.1740981961305949,0.3835524548836233
270.55,0.16483270172883602,0.1713525757964118,0.1251569410605434,0.16579725877151133,0.39012861219108924
270.6,0.162081932505031,0.17592665182705516,0.13680556901368904,0.15444410243262582,0.3998468473911375
270.65000000000003,0.16729994056933792,0.16980783083957923,0.13658876886489552,0.14552075527814892,0.39251223528295176
270.7,0.1801688100542889,0.17686913745323746,0.13421328189561757,0.14450204955189677,0.39181096462438736
270.75,0.1916233764051598,0.17970156695545259,0.13601214719135443,0.1502537063833885,0.39681023664718784
270.8,0.20019887928110344,0.18846093468142408,0.13373853386527718,0.14151509990449027,0.3915016925920133
270.85,0.21122100931465695,0.1936339057534251,0.14194450651825008,0.13774601363260683,0.39500210082030557
270.90000000000003,0.2087917919205294,0.18755775624540388,0.1396210037096833,0.13332623902517543,0.3979325529941741
270.95,0.1986297207190883,0.19694507131149708,0.14293198586542294,0.13487730141787443,0.4045458585383106
271.0,0.20066520124301845,0.1900917044966259,0.14178718338602417,0.12559833448403535,0.40014154158264437
271.05,0.2062111188778169,0.17504690738010886,0.13407989749520202,0.12485702919091599,0.41534255580904567
271.1,0.21593236751954462,0.16596307491269524,0.1312606584525637,0.12522374195997898,0.4301431907890724
271.15000000000003,0.22392271801281938,0.15088883513291212,0.13303993741964015,0.1177738108996647,0.43689933731462854
271.2,0.22718279909364542,0.14002047738164067,0.13571176327467477,0.12218554429238195,0.4443871206633895
271.25,0.23096764866337624,0.12720022631480604,0.14423531578951473,0.12846836004955495,0.43499739704830953
271.3,0.23976182588358183,0.12169338448932764,0.14518470875663456,0.11450741659191241,0.43342135308595897
271.35,0.2513018835818698,0.12054620645911461,0.1453505816775254,0.13501223046022193,0.4401743435397328
271.40000000000003,0.2662652937701636,0.12300257067876448,0.15394738503759767,0.13231468870482427,0.4496426578118016
271.45,0.2741016487018749,0.12233787113869915,0.15822187306882665,0.12819690723490443,0.4541724107923882
271.5,0.2819840288417245,0.11864391046642356,0.17127333201777298,0.12719446492339748,0.45568614436789473
271.55,0.2817849939165484,0.12404532083020302,0.18087709665423735,0.15153835992081388,0.4334437613004908
271.6,0.28964300810781773,0.12326782325451759,0.17900877332641718,0.15148533136959677,0.42372724215255325
271.65000000000003,0.2919840608975818,0.12203460905909949,0.18497715356572636,0.14824684613601982,0.4388860516093733
271.7,0.29693115439555895,0.12763459041573985,0.1887168600285048,0.15439904079130595,0.4427032875911471
271.75,0.3064139237900422,0.13956991368546465,0.19791859143202295,0.16888298967759122,0.4383558455391336
271.8,0.3078621779467104,0.13610509499697881,0.20545919554911526,0.17457038826658414,0.4272375605402697
271.85,0.3162905670705898,0.1455061468310817,0.21428528343707912,0.18247588680337096,0.42133036054586426
271.90000000000003,0.3223144859879997,0.15017916371113532,0.22448638803169327,0.1920012339578449,0.41659420454487267
271.95,0.32313417311975473,0.15430529852747485,0.22292264777209023,0.19604715433682904,0.41054193571903963
272.0,0.3324616500120029,0.16074493596026765,0.22063706567767302,0.1817721208974598,0.3954316332482574
272.05,0.33436633754998696,0.15493630298636307,0.2189223262254094,0.16315993558596564,0.38918434730333246
272.1,0.33421636179911984,0.1456875872559458,0.21086546085697463,0.16857368204132048,0.3943391020237158
272.15000000000003,0.33591550485316146,0.14351470345291983,0.1975102190754476,0.17393216994322605,0.40353871992610885
272.2,0.3436510182017419,0.15175677143367441,0.1998569742222659,0.15419032425070503,0.4321178940823872
272.25,0.3457626345470096,0.15374919485164534,0.20140326682074175,0.14577158845091948,0.4338837174928768
272.3,0.3585908344996083,0.15120586170800823,0.20800521516616596,0.14664582155136674,0.4450817445420547
272.35,0.3630130944871586,0.15048408549406914,0.22128279584156443,0.15141781783550468,0.456992788261502
272.40000000000003,0.3708368484201252,0.14275655273412216,0.22693009742766448,0.14830976060169213,0.4573180023123344
272.45,0.37439655173555936,0.14877517587569955,0.232655222535073,0.14769126090597234,0.447076216037803
272.5,0.37429442985289507,0.151049140366331,0.23889151276755555,0.15226396011042306,0.4570311084195874
272.55,0.3802247867761712,0.15638253043222783,0.23162682526673897,0.13802993983175457,0.45816854723385053
272.6,0.3813364747270232,0.1558973914394365,0.23572307032116588,0.1528166065759574,0.4616080367845914
272.65000000000003,0.38450226219151723,0.15177601735240806,0.24592095340275177,0.16115703633154274,0.4765481407090634
272.7,0.38347409636507945,0.1611876186964769,0.2487679513093415,0.1528925940275309,0.479220511483397
272.75,0.3902435336929891,0.1591060223064843,0.25268324086928357,0.16142909926353008,0.4802953178180056
272.8,0.3820114184429345,0.16040703718072605,0.24271296784330562,0.15009962222190917,0.4739385607317657
272.85,0.3866981536866677,0.1655878087300508,0.2466377396226557,0.14508630364499217,0.4716539442138817
272.90000000000003,0.3957395925649151,0.16378777363245225,0.24871114900652935,0.15151673389422285,0.47411272245704483
272.95,0.3932993819353651,0.17536647129420652,0.25543722573068917,0.15188789934203778,0.47887731012847434
273.0,0.39197311433392695,0.17464392640875598,0.26700832165855803,0.14565562018269365,0.4845080213214265
273.05,0.3964754722343059,0.1789115942066658,0.2656493948442048,0.13866222303479656,0.4812437658661795
273.1,0.39718679838311277,0.17259179398235744,0.24874528238451163,0.13986227737876625,0.4825420075886428
273.15000000000003,0.3999847991797797,0.16962561594716036,0.2378555246411482,0.1338124467453702,0.48992443230564475
273.2,0.39588427321105596,0.1626781997507079,0.21712024509312186,0.12527168217949475,0.48616617396313516
273.25,0.39460209489050196,0.1601469237909292,0.1974557389843529,0.13213034471669965,0.47062943595322926
273.3,0.39098377469044054,0.15460856035486914,0.1673661417977306,0.11032563773457192,0.4627765706136385
273.35,0.3896277285258004,0.1375804625351265,0.1347664349602568,0.11711488331118068,0.44033142375846157
273.40000000000003,0.38441902661069677,0.1193392690095967,0.10625389703548753,0.12196169161694664,0.42714147343319464
273.45,0.37829690227605584,0.11646387675035211,0.08778228282851415,0.12373083467574346,0.41804074120600293
273.5,0.37585288385520205,0.12325788005539512,0.07718208398837328,0.13445356808814674,0.4052816019506536
273.55,0.36053258867988053,0.11550424816237474,0.06601383820553886,0.13759687806202892,0.3938980983321682
273.6,0.36628650862963885,0.12941330783128868,0.05972775568019028,0.13792460322668607,0.3881258189143829
273.65000000000003,0.3724460121886014,0.129304206396835,0.06046207263331858,0.13583546062294746,0.38815846669985077
273.7,0.3690694650895866,0.13601558224553414,0.05840117825014774,0.1316471601653904,0.38131106034313034
273.75,0.3648526930298269,0.12800832212563082,0.0584461170871275,0.13037121054753473,0.3940028530201195
273.8,0.35891088162577767,0.12176120415964908,0.051088958789009827,0.12557288416034307,0.4020747090811863
273.85,0.35284268279366887,0.12843319340365245,0.056046167935159714,0.11581609150070554,0.41710304779588825
273.90000000000003,0.3419536482327248,0.12099019209834166,0.04733324134888229,0.114414355864955,0.40773308412477866
273.95,0.34405357731639363,0.09867604226432626,0.058248613965825896,0.12299051908037116,0.41120289205665594
274.0,0.33831961598629207,0.11097548948617364,0.07216131747491637,0.11859403635386231,0.40360199865227314
274.05,0.33840626734740764,0.12388100978037693,0.07474010458503791,0.09812194449585401,0.41027818262374216
274.1,0.3323387045480644,0.13229783927099262,0.07416908775119826,0.11481512585496233,0.4230834635095779
274.15000000000003,0.3292948627593106,0.1433136864452967,0.08241865818305125,0.1105508785626187,0.4234097282542032
274.2,0.32446357871284304,0.13128526485483927,0.08046543550585368,0.11658592335564244,0.4344781596624223
274.25,0.3212972266259052,0.13452633945844675,0.08064128154629464,0.12337135000477047,0.44938156313319433
274.3,0.30039405426623667,0.12944275651201947,0.06837700094160405,0.1248977599873752,0.453275878772669
274.35,0.2966530366878487,0.12894680326133418,0.06131970056199794,0.12877337743144873,0.4622202485122821
274.40000000000003,0.30005825206266457,0.12664739476748377,0.05868670861263329,0.13034331890679324,0.45288826820890027
274.45,0.3026698553095979,0.12707824789400915,0.05466230582479935,0.13771028656582274,0.434343697031166
274.5,0.29506855183281133,0.12886828711082915,0.05351246815768412,0.13447958285373057,0.4116359910998935
274.55,0.2929614107904435,0.12744559368898967,0.05533635135479727,0.15965557577391132,0.4140547619130227
274.6,0.2896864287866121,0.13282686253673343,0.05662443443126035,0.13669501345779989,0.4103888631262636
274.65000000000003,0.2806787869365579,0.14391822113618427,0.06160031620938228,0.10392495722342442,0.418808453543031
274.7,0.2740376354823167,0.143391365163717,0.061531721030455205,0.09190672020356386,0.41836159095760267
274.75,0.2679576175647221,0.1338722840404644,0.05745851194251004,0.09106896976444594,0.41348591419950254
274.8,0.26142300995066875,0.1412280638623958,0.04673127002062885,0.10147002612603917,0.4163509299205479
274.85,0.26270286344838095,0.1374313278986471,0.04411773822053283,0.09168713688407537,0.41687461113056845
274.90000000000003,0.26007865499079236,0.12606761354293933,0.04734892466822355,0.09945202584694261,0.4140787234279562
274.95,0.2543438085629254,0.12020395933597804,0.05151899884326198,0.12785046088640065,0.4147137317816109
275.0,0.2523541846920034,0.12463171248032691,0.06079913259704493,0.10021349599364324,0.4113172473963455
275.05,0.25340812898298803,0.12924473995283353,0.07703760542494,0.1096785096308537,0.4059903958691694
275.1,0.24316369707198396,0.12617901575524668,0.09165034481294232,0.10474953563676181,0.38453877132726394
275.15000000000003,0.2384090853800592,0.1178136857359494,0.10247455741189507,0.10409461893423,0.36251774312391055
275.2,0.23254798935959997,0.10102425834675857,0.11260695288657552,0.10332085327588399,0.3523523238996173
275.25,0.22602841955080824,0.09966891190964049,0.1198440813529124,0.11171578155585496,0.35569862983444694
275.3,0.21859433267804101,0.09877683505690485,0.11934659468234843,0.09034385059264866,0.34646825810840837
275.35,0.22084950576561396,0.10197801882626013,0.12950838032917558,0.12481212151972886,0.3472008898811248
275.40000000000003,0.2235835068699723,0.09972323981930616,0.1394441045680885,0.14248629297852494,0.34134344893287216
275.45,0.2194765387331117,0.10312499594823238,0.15236832036631848,0.15659434499547065,0.3435369668515332
275.5,0.21615609469424593,0.1136908002122021,0.166951875184454,0.1481156800349539,0.33960257834047697
275.55,0.21495970997329472,0.11897668615011014,0.18444882647275643,0.13666691139737838,0.330488931189532
275.6,0.21162079583481863,0.11758812668108258,0.19515888396732667,0.13689541828347654,0.3118697617673372
275.65000000000003,0.21431525404812926,0.12358494176722759,0.20143885313150822,0.12164814342813421,0.3012254357696445
275.7,0.21001899726602224,0.11372414152516123,0.21029118658318438,0.11544361323845262,0.2986487830136077
275.75,0.2165856748084673,0.11425056269685573,0.22319919408790007,0.1254310594273719,0.29828985995156276
275.8,0.22388874920002155,0.11125540185740326,0.22842585344929675,0.1362654955972117,0.29860897467286995
275.85,0.2265014342931101,0.11001214191699656,0.22830882219228046,0.1581115796734,0.2997286849154871
275.90000000000003,0.22640581751730626,0.10375247641020853,0.22997185162916173,0.16652207342751885,0.30299597883561324
275.95,0.22764456415133533,0.10561071072961013,0.2352322766059203,0.2002427588567045,0.3110492681624219
276.0,0.23137077040910278,0.09203863601298957,0.24085348747678456,0.21778354523034574,0.3297190052770336
276.05,0.23760710305268146,0.09184460593746943,0.25322364765357935,0.22293587448236787,0.34423064117926533
276.1,0.24263104742499536,0.09427588280607008,0.2608512107121685,0.22713583046625843,0.34706239152359397
276.15000000000003,0.25686418491328683,0.09186019142852848,0.2606460071541754,0.21456202304749133,0.329887063111951
276.2,0.2607870726321352,0.11344647011193619,0.2640704354075746,0.21132441269811272,0.3282065955281379
276.25,0.27105902962896233,0.11400381219119547,0.2716098997502223,0.19975331180117145,0.31535134073452287
276.3,0.2735260293885619,0.1085893866122401,0.28385782557918565,0.19309836310669762,0.3081981391535006
276.35,0.2823300959289411,0.1274688914218534,0.2853437929544209,0.18192741711852065,0.28203174376205564
276.40000000000003,0.2886459479720898,0.12740214298433483,0.28917479998908063,0.17615510474163817,0.28412162170660277
276.45,0.2949659198857858,0.11998496032129084,0.30462839491431776,0.18144083680258224,0.3019182801436844
276.5,0.3063877198615617,0.12164541990856743,0.3089618856196912,0.17607688834970156,0.3151870604294798
276.55,0.31805196524479373,0.11276619901663329,0.32052554077922,0.17828322567617516,0.3087897596843984
276.6,0.31816456113467523,0.10694562399519533,0.3287904854542942,0.17920066461974682,0.313609118798306
276.65000000000003,0.32099200404528416,0.09326249704634891,0.32964285346823546,0.1845989736606317,0.31332078848900563
276.7,0.328093884940631,0.09353949542866431,0.3445914014351038,0.193620449680804,0.322589107507389
276.75,0.3334468647989879,0.1001900118741889,0.34884206411754753,0.21209168575010254,0.33359527715426424
276.8,0.334224531927036,0.0926272556114603,0.35836163751594197,0.21581041617565855,0.33855756192499403
276.85,0.337390378105607,0.09127130023454604,0.3605038630653539,0.2147381460164512,0.33417223857965783
276.90000000000003,0.35165863201104774,0.0919470418891457,0.36594482431945197,0.21736723692984738,0.3279990576507883
276.95,0.35989668247699874,0.07549001951078464,0.37023207088022825,0.21446627097268656,0.3288916500311353
277.0,0.3661395918221328,0.07003662335935552,0.36613680912047347,0.21514135228340533,0.33521687294939434
277.05,0.36798013201724394,0.05688236544238026,0.3726431888515935,0.22413983885164726,0.3220754516833105
277.1,0.37411896695363034,0.057099892601020594,0.36803852553893485,0.2164257045896793,0.3159126330167197
277.15000000000003,0.37838145549454183,0.0647292199637793,0.37305818090243825,0.2197228549542651,0.32241594870869067
277.2,0.3908241002482951,0.0541234362499607,0.3791607486165719,0.22617764299771786,0.32909601149469847
277.25,0.39625153257772444,0.05272998023621798,0.36852311273779,0.2346024591006504,0.338984481924741
277.3,0.3971028843203837,0.03802566816756401,0.3645027692790771,0.24704196416686539,0.3495893812546587
277.35,0.40497778128622974,0.0398616113838915,0.3725159576035601,0.2439981977311976,0.3448349691463329
277.40000000000003,0.40673770419835703,0.046550698715215215,0.3745003971830814,0.2458200828619415,0.3564338803361682
277.45,0.4157733055768422,0.030010301964015725,0.3808355928171995,0.24804640238504513,0.36736191309121335
277.5,0.4235166700079803,0.013177233324868953,0.3796223194733496,0.24800967541182464,0.3787839020896324
277.55,0.42890616086823047,0.010067831663722458,0.37291766867001513,0.24446312306440304,0.3727534623400837
277.6,0.43116037451607464,0.009125189465398179,0.3622471074598971,0.24880055906170753,0.38616468879220694
277.65000000000003,0.4278419518683055,0.00911432720309394,0.36333830827836266,0.2550335419470383,0.40356451663895565
277.7,0.43003010362666305,0.016344159754991643,0.35513207644589223,0.25488503936887674,0.418827467559969
277.75,0.4310113841824694,0.01905342938812966,0.3489020698263534,0.2610744787284603,0.4393033559973733
277.8,0.4419237972336576,0.012470986306135481,0.3354919701136537,0.27177075573627985,0.44379613575192445
277.85,0.44986143119355076,0.010297798738307608,0.3199137931519621,0.28569755964730853,0.4689349087775912
277.90000000000003,0.44821178443745824,0.009532199578840224,0.30830667651015037,0.2867974094769033,0.49202410855631795
277.95,0.4588745141138596,0.011423109712565964,0.3022622548574463,0.28909889135823197,0.4905519178105512
278.0,0.45662891275341794,0.017247209813854063,0.29609995423411345,0.30797674233561634,0.5045048775363462
278.05,0.45840819176235714,0.02368409329912602,0.28155273622807586,0.3100375865789377,0.5008241728225387
278.1,0.44775150258856994,0.03457907683447623,0.27354556080254117,0.30731608588625553,0.5009426731201613
278.15000000000003,0.4528405769196583,0.04228448398884616,0.25684820691784876,0.32197788965741647,0.5061345175273722
278.2,0.4593752391488327,0.04481610771448341,0.24807161599232394,0.3372227433397543,0.5159783481485449
278.25,0.45478601514508404,0.04816817635353929,0.23303186294654363,0.34930833914809306,0.52904263874658
278.3,0.4553289621899616,0.05987258363979257,0.21810280477034397,0.3338836513165789,0.5409859964847119
278.35,0.45295575868048227,0.06602006721949101,0.2112182387412262,0.3294958346060055,0.5613136275223685
278.40000000000003,0.4536621176862553,0.0612574359747458,0.20399258329196313,0.33988768832055066,0.5686229698883251
278.45,0.44923821710875644,0.07123959220554314,0.19201474951210404,0.3521613841000323,0.5925686490279012
278.5,0.4421740318668043,0.08187487886161487,0.18153610251049265,0.35908858537527566,0.6010909007392705
278.55,0.423620038933782,0.09649777990675348,0.16554211122657758,0.38141706564921507,0.5967493606185211
278.6,0.40170914335839103,0.10306782332101949,0.15448801446708038,0.3906116891712484,0.5996341254902082
278.65000000000003,0.38518137745542663,0.11574320280337973,0.1583618761909229,0.4047323855575614,0.6031393835183175
278.7,0.3674624558797917,0.10576794459993699,0.15702526716617732,0.4072830666428407,0.5986201766706882
278.75,0.35773060733927936,0.10101377099296212,0.16235011174138664,0.39173181147363734,0.5926029839750537
278.8,0.3517725857948387,0.0972087077127713,0.16579253604803784,0.34878333285553637,0.5703692393405498
278.85,0.3415354730330723,0.08892704096138478,0.16552974304180337,0.3099582390976886,0.5659894081340235
278.90000000000003,0.3348424711991237,0.06758339016976116,0.16960080723847093,0.2889361561515566,0.550957688259185
278.95,0.3241428239127583,0.05851378247620094,0.16821515415237917,0.26778495421945986,0.5525648369197619
279.0,0.32512422614245,0.05349151604201558,0.17585159271724193,0.2377621263992876,0.5482099995765395
279.05,0.325038102730735,0.052452960088117,0.17598006256681353,0.22833393104862126,0.5398600051141992
279.1,0.31277430035356474,0.05048115623352878,0.16929215432880831,0.20668848829615813,0.534071982466597
279.15000000000003,0.2867256032513476,0.056149693345708906,0.15665209726339852,0.208059746998002,0.5423379010130402
279.2,0.2600350337705909,0.05784174902083515,0.14134969889315693,0.21473567093357243,0.5569457339582851
279.25,0.2400845980374485,0.05889689735658221,0.12575564420475105,0.22868483814088328,0.5743254276627814
279.3,0.22831974719885198,0.05813014754108881,0.11122574449826132,0.21767577781783626,0.5858915515196131
279.35,0.22342109903978954,0.052328310747971035,0.1022659918763575,0.23141692721731347,0.5843547591644802
279.40000000000003,0.22040658064657614,0.059475619120134576,0.10127922756086805,0.24188973349755272,0.5910235946215037
279.45,0.2369029562684129,0.058227017728478714,0.10245535788358787,0.22631505299083535,0.5903138896800679
279.5,0.23374518479880363,0.05140150888573963,0.09732175400450671,0.2221753348310714,0.5853402918803475
279.55,0.244859657033251,0.05539995228020728,0.08770118961554067,0.2247111824044303,0.5882569863576181
279.6,0.25503469439492155,0.057726636397517246,0.0963584630616868,0.2260276925798801,0.5798716383093903
279.65000000000003,0.2612851065966977,0.06745092506970146,0.08657026343507399,0.21371642976079058,0.5835458483461506
279.7,0.2679564846302276,0.06373268481533867,0.08017985240805323,0.20877879633613258,0.5916867896807576
279.75,0.254057108945435,0.06709399861560483,0.0767627052900888,0.20653550548070945,0.5912832223664236
279.8,0.24362572808598465,0.06766789915828979,0.08210140176413915,0.1991092566086094,0.5900230232218744
279.85,0.2316261384817987,0.06892560433843195,0.0858136284779445,0.2027009301346282,0.5909819988892383
279.90000000000003,0.2071851731532475,0.0719345785456373,0.07609782443702029,0.18982299469653033,0.5940605401629512
279.95,0.1913660253056746,0.07032625926605336,0.07466255634833252,0.19087619492686247,0.6039765268057299
280.0,0.18225105483785603,0.0793707646271228,0.0700554175381436,0.1951983440349363,0.6058628677801319
280.05,0.16801023529767636,0.08499502947983975,0.04439333694385114,0.19605303665064905,0.6113696082355623
280.1,0.16812083885729812,0.07814313551549237,0.037524402474793904,0.19982392083376668,0.6309194353182856
280.15000000000003,0.16889071522300853,0.06590790528822588,0.03982491565633417,0.20045819174511678,0.6240097562974913
280.2,0.1771523553587272,0.06380631375573355,0.03837746308957336,0.2036351713486738,0.6067771641860185
280.25,0.17862500273636647,0.0767411396007121,0.03534731509576271,0.20251265782437539,0.588854023478324
280.3,0.16956904058664912,0.0769347359415796,0.03426211247007667,0.20512149874457836,0.5704552231047313
280.35,0.16299271178670305,0.0640350148124941,0.02634216346754457,0.21388368001985694,0.557916397464759
280.40000000000003,0.16819630721167328,0.06301859077747612,0.02022917397234598,0.21400371283522482,0.5590716023413539
280.45,0.15542180945502834,0.06286418340121162,0.02720874717075349,0.2001471017309627,0.5601181217637713
280.5,0.14815574947597715,0.05799009934766611,0.04101306201712272,0.20203740185514893,0.5624917345901327
280.55,0.15024008507955167,0.04849365664287142,0.0433630308325505,0.20559220748765963,0.5609855477278556
280.6,0.13348860108332197,0.05156346201254077,0.05180321877986069,0.2102457028123021,0.5724977325168965
280.65000000000003,0.12703758203129073,0.05611345848549141,0.06259217319370686,0.20074164019864782,0.5782407312964585
280.7,0.12339871816531627,0.06312993248555956,0.07217714772360245,0.2098565339925096,0.5741204159528591
280.75,0.1255936713270524,0.06410149545269953,0.09346488824016141,0.21738914536461254,0.5903393567847035
280.8,0.11730364429513453,0.06833746887831492,0.11271727051305182,0.23145561100552395,0.6120367218413507
280.85,0.11087112377062995,0.07895926418492856,0.1340008790724554,0.24136009994065924,0.6398481410911313
280.90000000000003,0.10742413824694569,0.08447627720153476,0.15537934716223245,0.26188128965121443,0.664507673975294
280.95,0.1022464850471457,0.10269120084111277,0.1673145366589879,0.2703249911767388,0.6951845939326359
281.0,0.09876861707832853,0.11123704231620321,0.17841218247262183,0.27821410651939826,0.7255120563619367
281.05,0.1006797004661072,0.12185393170247599,0.18491992844251282,0.28631008788690937,0.7254793816516766
281.1,0.09451187113578474,0.12159564549321702,0.1928116060119989,0.2900207294536662,0.7353509125349151
281.15000000000003,0.09430940071500966,0.1346635056923849,0.20519305454496034,0.2897502428944309,0.7532415918700819
281.2,0.09140650036616943,0.13110355305783844,0.21116100963281212,0.2936815153955593,0.7619972826165322
281.25,0.08623843158579327,0.1369481215952751,0.22110708812763882,0.294172402682278,0.7776756346725099
281.3,0.07633060501547902,0.13917756258557204,0.23246326638585404,0.2982172493255857,0.799139725436668
281.35,0.07498078572578404,0.14497530409709108,0.2387962281907871,0.3024549245245182,0.7900889040737878
281.40000000000003,0.07328343554930472,0.1427805419158768,0.25521661756980313,0.2997050410200319,0.7844258476017402
281.45,0.06201436562598739,0.15132691734998893,0.26958400855639847,0.29763472782330025,0.7919673470382232
281.5,0.06356414104147337,0.1543663990867502,0.2894044309938498,0.31318268185861575,0.7985192578704285
281.55,0.06062335001085291,0.16921593096285478,0.30205557012527295,0.3319593233928667,0.8151388010413907
281.6,0.05865166050776145,0.18057425421022377,0.3114036415812827,0.3416802222656886,0.8413322290479524
281.65000000000003,0.06115405270064899,0.18517848769479583,0.3283195437092183,0.34653005470545944,0.8661467475397986
281.7,0.05646114656825675,0.19034361230714406,0.3311072065075823,0.3372388063149902,0.8751139018517884
281.75,0.04959429869152122,0.18548485107826226,0.3452032695003487,0.3510823897747072,0.8807388786626751
281.8,0.04962209510507415,0.19109676069576223,0.3524166651256583,0.34864370825945096,0.8881880884961834
281.85,0.05028808800387532,0.18626838783991395,0.3562456200920507,0.3284397346500334,0.8920094881362953
281.90000000000003,0.05001219054097972,0.17654829860452811,0.361386827248539,0.32371700175210516,0.9046226766256783
281.95,0.05187789480147431,0.1736144304088426,0.3697574489909345,0.30959976857576554,0.8983824076571766
282.0,0.05545158965919483,0.1707566943136044,0.3832852356961857,0.29597951008284623,0.9126948925138083
282.05,0.056745740186060836,0.1781618555668686,0.3868755958712011,0.2811723145839723,0.906754711328921
282.1,0.05286659150942129,0.17232367789637248,0.3972348677412246,0.26528604040622183,0.8872496591580218
282.15000000000003,0.047860147528058825,0.1742598334922307,0.40019893955069213,0.253494196384286,0.8903014761229753
282.2,0.04862730694025933,0.1685564533856097,0.4158007391326703,0.25339132965814576,0.8928196810795308
282.25,0.04751720318370543,0.1742342981756459,0.4233549125315983,0.2452990551651927,0.8899294982680941
282.3,0.050052170202363196,0.16319931128519521,0.4181694167518828,0.2368694803372561,0.8946628943241134
282.35,0.057328339035513966,0.16156318359594887,0.4217506081537252,0.21071770945492482,0.886093332101492
282.40000000000003,0.06736818370453754,0.15319580345146144,0.4334924114406535,0.21631436020732026,0.8811469958246109
282.45,0.07285590936650177,0.15020192368303634,0.4326979963798076,0.22823924679527852,0.8857759931731172
282.5,0.07467704444243244,0.14173773959412928,0.4401727119499293,0.2530986411237758,0.8827122772173919
282.55,0.07766521012279815,0.15082767296414412,0.4423016642102302,0.25797269801301914,0.8894461068303061
282.6,0.08556053927780545,0.14781238335140592,0.4503312061353934,0.2539775170611156,0.8825765873271787
282.65000000000003,0.08291187235136399,0.1413695113655841,0.4487372495908406,0.2613916407826821,0.8855918204737406
282.7,0.08150486842739757,0.14848753571150508,0.445499645562573,0.2530874780524379,0.8832851136679188
282.75,0.08622717858524699,0.15042001005488392,0.4489166758416814,0.27575714071387575,0.8844358789845891
282.8,0.08437894376594661,0.15250661657825595,0.44865699217398153,0.28439991141099374,0.8883862220213745
282.85,0.08022384987862703,0.15198196903866176,0.44390562056921923,0.30008489882096995,0.8796886267425088
282.90000000000003,0.08274842339496509,0.1502397092130774,0.43832911977638267,0.29592685404641794,0.8717173640514297
282.95,0.09106511034427807,0.14920465950491135,0.43065275613291465,0.2782870502383421,0.8678630435388376
283.0,0.09255622890436341,0.13860731704707874,0.4183867587111461,0.26464165410436513,0.8595483419932138
283.05,0.09443604622249846,0.12905029168672474,0.4122290525630328,0.2531112770873868,0.8496201235664267
283.1,0.09841129107728194,0.12004270036349174,0.42049830075761635,0.22633663270909637,0.8363528827091936
283.15000000000003,0.09443481395273759,0.11407201459438629,0.40986649994680263,0.22693945524084264,0.8334320941648232
283.2,0.09284270206381287,0.1009923277146266,0.40493855290458386,0.24418670195125747,0.8324829570148948
283.25,0.09133490006196103,0.10333820712148517,0.40890282354953095,0.256525788438952,0.8314629565741806
283.3,0.09142640336455728,0.1126226786667511,0.40689369734698894,0.23789498062719977,0.8263475076034524
283.35,0.1022739744859214,0.11513033877167198,0.400173926093958,0.23628821272612044,0.8234810414153679
283.40000000000003,0.09672793449407172,0.11283199385200146,0.4025615266282046,0.2248065682570944,0.8149377329472386
283.45,0.09580234624971389,0.11505848649935688,0.39063220341033505,0.21228258496334862,0.8229586911742953
283.5,0.09960767397208294,0.10737507283142017,0.39852963583711776,0.2130999329218234,0.8174471825658787
283.55,0.0936331054632999,0.10058981585176187,0.38985762346458525,0.19982807962574864,0.8071385985063976
283.6,0.09564013941924937,0.09494712046721734,0.37794656593537457,0.20466885578340613,0.797057792866021
283.65000000000003,0.09835515341991112,0.08883456631148427,0.3589077643222744,0.2159658067484975,0.7839025612768972
283.7,0.10076658029212261,0.08452456989306897,0.353304665850389,0.21457659201744095,0.7627291937027156
283.75,0.111073796680509,0.0807756730708746,0.34991320617016164,0.20781601169678038,0.7607202178218694
283.8,0.1250795619069186,0.0712388792375277,0.33580328354853534,0.21388609156622382,0.7546111654106782
283.85,0.1300339357529369,0.0762380795239276,0.31890484262493113,0.20490549167479363,0.7449725862654887
283.90000000000003,0.13418456043470828,0.07231981347876738,0.3058534402591207,0.20627573595854048,0.7315810467958669
283.95,0.14255809001661032,0.06873578778538852,0.29219343325127056,0.19917266859141916,0.7166398967979878
284.0,0.1402744674441599,0.0728317448765037,0.28907195012515124,0.1986070395238515,0.7077370835970042
284.05,0.13894378427226103,0.07533942240193145,0.27648892827007787,0.20703661350314798,0.7020635918106011
284.1,0.13599754236037823,0.0725379533149867,0.2607751806665562,0.20855571390015287,0.692359889908298
284.15000000000003,0.13801999951056354,0.07021371784730691,0.25418688122518135,0.20651559695761726,0.6775222307699167
284.2,0.12778212623400026,0.07136809586554582,0.23928759047822973,0.2099830855704293,0.6542616991280713
284.25,0.13246573595498332,0.06053248153523977,0.2242741327109191,0.2157776614162984,0.634595584618992
284.3,0.13081931157502838,0.05994965867563019,0.21985387271886328,0.21233028988540004,0.6205406921109398
284.35,0.14078614538058978,0.0581764633601826,0.20355559297467665,0.21443533813173687,0.6164546919706014
284.40000000000003,0.14190597144924122,0.05453612110599945,0.19243896106594857,0.2171089881377235,0.5977451975461892
284.45,0.1401947545004951,0.0534119734313215,0.18221434693076582,0.2062348600055861,0.5900300609590862
284.5,0.13838889338705274,0.04406426740706066,0.17954810636209861,0.19365232429832807,0.5762261151766722
284.55,0.14551569812714946,0.0413398125343314,0.17938924697965428,0.18322674747683945,0.5638356513048343
284.6,0.15200612622793291,0.0409690042787486,0.17382523511061163,0.17847956367915177,0.5633461609490177
284.65000000000003,0.15496435742248016,0.045382749359781774,0.18582460715098062,0.17930752088475624,0.5662265017627197
284.7,0.1501556495452777,0.03613584243990264,0.18464152012306245,0.1770733572576603,0.5621094854974747
284.75,0.14521436358355658,0.0321030583338531,0.17572501177331293,0.1751490046290165,0.5623859579216144
284.8,0.15340770820893468,0.03063626097605871,0.15644107723530448,0.16802627466352477,0.5624799620247821
284.85,0.15637990569100804,0.025013726491106548,0.14953908603839236,0.16251368581061737,0.5474440717858351
284.90000000000003,0.15847436299905013,0.024382945292609138,0.15000164994639142,0.1671309948508131,0.5404284063211574
284.95,0.16078469319387212,0.021204100292365587,0.14368900992560857,0.17138287463950375,0.5403981861672091
285.0,0.16836262012275668,0.02327724784720936,0.14983299846141615,0.1657962198049517,0.5299624621437891
285.05,0.16154026404176827,0.03002319671062411,0.1443401445208442,0.14936424853325156,0.531467285804946
285.1,0.16564184794488726,0.042556724264889226,0.14745475633899255,0.14926400235087203,0.5301551434114837
285.15000000000003,0.16869984844941371,0.040644280991205095,0.1497375013040467,0.1553138857689064,0.5372836745867802
285.2,0.16436187114696696,0.031507250256766386,0.14650435961732017,0.15673680763420217,0.5358090180323499
285.25,0.1620704387271276,0.020952268231296933,0.14265901334508516,0.16656626588326676,0.5270880438285802
285.3,0.16821182213047814,0.021745799074962612,0.1401980992077212,0.16556271039644463,0.5089921914148965
285.35,0.16827869871688686,0.02420697927611094,0.1387101929645887,0.1810727028591261,0.48875608168620016
285.40000000000003,0.16328373218396008,0.029017618054921986,0.1319063511338527,0.20437245469856055,0.4674673326269902
285.45,0.16393010014011725,0.038620659511320085,0.14268984356255943,0.19906893349521948,0.47149173145159634
285.5,0.1743433793357092,0.047963634898698114,0.138290912003697,0.19809565698956982,0.4760408800582558
285.55,0.17084601382590983,0.048787493358967,0.13948321869029429,0.19451051929397314,0.46890567224000235
285.6,0.1679404543041727,0.06994536628090785,0.14584705861084313,0.22490661898262937,0.45550554759555967
285.65000000000003,0.1715627964926133,0.08104818390641687,0.15402782281620417,0.23894576176730076,0.4545348382644124
285.7,0.1684895115306108,0.08202123498193575,0.16326875865553742,0.24541515956044263,0.45054696688232326
285.75,0.16848191975682417,0.0985075008381529,0.17699872188040675,0.23508138839726822,0.4502828043417543
285.8,0.17229761088505052,0.0940757315604977,0.17937077014449818,0.25312107792366806,0.4216416246183322
285.85,0.1728376527499059,0.09776425189809888,0.18522879552897975,0.2675739450888428,0.3897503943254122
285.90000000000003,0.1741087318689318,0.10323715766667563,0.18995113207385414,0.2849142200811629,0.38297570311722945
285.95,0.17004360808965122,0.10529269955964679,0.19651596537959784,0.3023495527158467,0.3481412332804594
286.0,0.17233783488192422,0.10998635102125828,0.19829688051985592,0.29918082762261783,0.335562504679517
286.05,0.17229557751347588,0.12827446646639717,0.20178246272783776,0.27650332697685065,0.3150573689049475
286.1,0.16611609958904283,0.11826827193864117,0.20864326736569636,0.2711711764884847,0.3062734664816482
286.15000000000003,0.1586644788595178,0.1322300861097598,0.21580473147208615,0.26206623953866026,0.2894041004118154
286.2,0.1589651521468048,0.13318160039384552,0.22596256177337712,0.2487835823279557,0.28242732810834487
286.25,0.15199081831496258,0.1380591125950973,0.2380966240404027,0.24881524846657632,0.2618983971259506
286.3,0.15589060391030524,0.13490306426233142,0.24131818546298073,0.23121974067946602,0.2638601311942927
286.35,0.1580906715272898,0.13645469432540103,0.24571629378172546,0.22326056365512173,0.28183704652420627
286.40000000000003,0.15877483081236995,0.13771262743872018,0.2518002564945531,0.22655840487776277,0.29379378416397317
286.45,0.15635326126320415,0.14511383011587228,0.25658710912372856,0.24788047827609389,0.32380863929155246
286.5,0.16167439902646888,0.13684657938347933,0.2635945867790547,0.2519476182869413,0.35657807145525977
286.55,0.16890779417972246,0.14241432902394977,0.2733083538947052,0.23633976740572493,0.35857773676595733
286.6,0.16729103736547635,0.13736398713254963,0.28352134962964154,0.22044108084685543,0.37416783519324426
286.65000000000003,0.15767260026308727,0.12974791153028645,0.2991026256092658,0.2093207702595576,0.38114464981771656
286.7,0.1604432836394534,0.12609733357599268,0.30562954568738293,0.20918179656259545,0.3984976636372381
286.75,0.16034719683589593,0.1267683361922819,0.31338795333537367,0.21202936999746697,0.3934382013395233
286.8,0.14524881056617167,0.13616864640689094,0.32629892935867955,0.20721327086900304,0.3633971880605588
286.85,0.1481741413280138,0.13605769962277978,0.3350664029577591,0.2064951594348764,0.3647819748044057
286.90000000000003,0.1423154116585926,0.13906666950656593,0.34001536713835356,0.21235110027386736,0.3551175891710283
286.95,0.14454194126642617,0.14351776512684408,0.33940925227292246,0.2208236501281091,0.35490006306171934
287.0,0.13415319643034024,0.14361491079020208,0.33865505483620584,0.22198027366807443,0.34689182301002225
287.05,0.1325050404246909,0.15099771096918949,0.33379752546650615,0.22542380948070684,0.3517906186798556
287.1,0.1303393625290403,0.1417159880918073,0.3289905788612857,0.2383805572229627,0.3583300256726856
287.15000000000003,0.1275193374551787,0.14173172826140945,0.32132901384384976,0.2321845038753351,0.37106296988360754
287.2,0.12991897541459585,0.13900158970642826,0.30693083247100983,0.21845203156794746,0.37408268321590715
287.25,0.13855605112977454,0.12310552012688385,0.2953903654197257,0.2157307738593884,0.3873162926613622
287.3,0.13238002118089084,0.12054960505594155,0.2975973010650758,0.22832392780401128,0.4034387247026212
287.35,0.1289848337838407,0.12874892659897427,0.3030159961097662,0.245944306188971,0.43014226073150785
287.40000000000003,0.12903632928062034,0.12233458653220587,0.3098326029122706,0.23722215917701125,0.4344831491718323
287.45,0.12532065250070057,0.1248215255735655,0.3117369815158002,0.24242502427828821,0.4443194207477347
287.5,0.12629586605956958,0.12557113610946802,0.3047075244860455,0.22864721607731478,0.47177120946543843
287.55,0.12034188473940988,0.11620851533400792,0.2917069590395627,0.21164960880160674,0.4705740102897598
287.6,0.1172322264871346,0.1150320430870512,0.27141727066871724,0.19418672654920696,0.4842135586965411
287.65000000000003,0.11709902682189369,0.11256076146642335,0.2569032803851608,0.18704731290585488,0.48987977289378554
287.7,0.11861266982697476,0.10673706880884534,0.253779180888195,0.16923876408005326,0.5120056765786187
287.75,0.12079637151050707,0.09634403711449548,0.260471722893672,0.1686955881407191,0.5279610147451583
287.8,0.12102990388301336,0.10484005065426513,0.2582621705244607,0.18959725350464704,0.5333992095365403
287.85,0.11887378081054918,0.0970491643313371,0.24228718236378738,0.20476208662169926,0.5376817211120501
287.90000000000003,0.11419120404777616,0.09973216130978893,0.20950631150499666,0.21257194434854437,0.5325119807888731
287.95,0.1110952599293869,0.0963327957725536,0.18103805853664345,0.21614365390974208,0.5367784310563704
288.0,0.10467955315735201,0.08046441974059239,0.15895921420665904,0.19755505241051965,0.5499830635220774
288.05,0.1012805022172391,0.06756139717716929,0.1397186780786032,0.1903204143225359,0.5718878048145507
288.1,0.09643524345865113,0.05418247592071969,0.11612393467119261,0.1887230593346435,0.5799709313689903
288.15000000000003,0.09296896420825762,0.0478445474847983,0.088389508788156,0.15135574309813463,0.5874258897201758
288.2,0.08347029543224817,0.034058921678036605,0.07155193409980339,0.1338755783011626,0.6042793349394813
288.25,0.08171820589507345,0.03384377700490305,0.056521866726839835,0.11197081318076144,0.6158698605394302
288.3,0.07549852089464149,0.049044404583885225,0.04349966909499617,0.09684610545650738,0.6314460468684119
288.35,0.07504014802659639,0.0597430989017602,0.03519733354521039,0.08300497761764535,0.6388602844885996
288.40000000000003,0.07223315417582493,0.08996339074695281,0.01742530176002294,0.08684330718057305,0.6423259864089571
288.45,0.07328681397557413,0.09279646719511207,0.0034022333704036446,0.09813497511069956,0.6561505352472665
288.5,0.0730312732357463,0.09008991953420498,0.009845194322267221,0.10955457093971917,0.6657366335301148
288.55,0.06683202948059584,0.09624320297832233,0.014946413734658725,0.11336190993948739,0.6733201396437622
288.6,0.0637232299129094,0.09644112947760122,0.027633058140718546,0.10695542321248756,0.6843429631618471
288.65000000000003,0.062762744656646,0.07911206025893092,0.0343008630587481,0.1241402119610356,0.6948032341317296
288.7,0.06418994814742579,0.08339474735540293,0.036462481544896425,0.12617221764459674,0.7056514894111733
288.75,0.06774872771158522,0.09161859806711764,0.038854023224468785,0.1258149104346265,0.7101124474906688
288.8,0.06779807757427661,0.09023154159385242,0.04276888742389161,0.12401316085937757,0.6963043835846463
288.85,0.06687858989218153,0.0833096818120276,0.0567185490581715,0.1394139450817504,0.6881291390486174
288.90000000000003,0.07874973808821273,0.08160190773254487,0.05772867509534934,0.13489253764631556,0.6744799303483532
288.95,0.09500206621638506,0.07809564220930952,0.0668471659339517,0.13197996176736468,0.6620244383857655
289.0,0.1058836967202604,0.0757720631072962,0.06971013147246996,0.13670218644332388,0.6868719578453798
289.05,0.11989284798429649,0.08214018579269944,0.07588374595896764,0.13496995876672155,0.6932328812975338
289.1,0.12661551362260917,0.07181008068856444,0.0856713875863797,0.12883731710808313,0.6933532180413523
289.15000000000003,0.12172343718386404,0.06260797996251256,0.08657999136234461,0.12937266453518872,0.6826396847772767
289.2,0.12527773321973307,0.05342123282871392,0.1011306243036085,0.1269642834943985,0.6654578754978494
289.25,0.12329932813558304,0.055381242204098326,0.1065907128769181,0.12868106009444105,0.6605503583038171
289.3,0.11847987794017219,0.05735959895768383,0.11432276422636226,0.12674705761316096,0.6562459212527125
289.35,0.11556346516412572,0.048788044995954315,0.12669134817522834,0.1340954809636021,0.636836328905914
289.40000000000003,0.11533268655196072,0.04830859717973994,0.12873373871806898,0.1370124061449258,0.6357719639903967
289.45,0.12017320107028202,0.05266789466160697,0.13736363265280147,0.14089228749639132,0.6320979032011231
289.5,0.12967075425333893,0.03911510688850472,0.14394122867821588,0.1396117360003554,0.631174031164915
289.55,0.13392993130123043,0.05540352399916494,0.1486723789001426,0.13726127250843786,0.6194665644801283
289.6,0.1399466128493897,0.062366844713238015,0.15543419152320126,0.14085900080947636,0.6125789986129521
289.65000000000003,0.1389357705830512,0.06323267096540576,0.16426467917524626,0.1367904018606574,0.5997838633942785
289.7,0.13224030633066977,0.06889375656634789,0.16846216166142236,0.1307243797560933,0.581131539081767
289.75,0.13258673279645541,0.0655596376325296,0.1718058069128421,0.14083937290285398,0.5603540705658063
289.8,0.13395153116868475,0.06674300202055289,0.18017760553303394,0.13460602758780588,0.5463766753852936
289.85,0.14044599043922867,0.06089625729771271,0.1860151901089333,0.13135970918237697,0.5371201990699227
289.90000000000003,0.14978208392055978,0.058550806069377646,0.1909746409877031,0.12978225282351497,0.5289816901394547
289.95,0.15800378264718168,0.06437680769653657,0.19558930070681083,0.12663285824211531,0.5243446691745395
290.0,0.1568236302700305,0.058427507534264705,0.2002252197361531,0.12407596551653219,0.5224965973188815
290.05,0.15991205173278508,0.07549184802290003,0.20872481181941646,0.133499014746923,0.526903534824595
290.1,0.16449065909180444,0.07455401969872757,0.2098108714488454,0.13421742576479498,0.532724555721969
290.15000000000003,0.1608738838777557,0.08532018494003776,0.20979005837532105,0.14031354491545162,0.508055950037134
290.2,0.16529900055357968,0.0909368748288127,0.21547780369638792,0.1342490515178479,0.4869435748141779
290.25,0.1721079835587224,0.08802946178194192,0.21851688700052097,0.12644411180463785,0.46529709719290036
290.3,0.17943728227306052,0.09504867069313351,0.22630810528095846,0.11704282879520116,0.4381262634673865
290.35,0.1884590380018615,0.10116948536461327,0.23172343367539616,0.09032811752529737,0.44345257351371653
290.40000000000003,0.18872844514589548,0.10304882514780843,0.24008523432109868,0.06706805284813666,0.44230688740350216
290.45,0.18555094789514592,0.10484699968687433,0.24455979840251624,0.06231205237942768,0.4431584423545349
290.5,0.18813441209829382,0.09590385518752191,0.24709546885292658,0.06165149526243341,0.45124072550021294
290.55,0.19371861385664016,0.09518291521288968,0.2544517376156601,0.06802154249479288,0.4664800996176726
290.6,0.20273105610952225,0.09686280596807234,0.2602343533948939,0.06418092318145359,0.46768013389284546
290.65000000000003,0.2097327440372583,0.10588310124313721,0.27422072452105234,0.0644421416620756,0.4630402967250309
290.7,0.21258205610868328,0.11663799457867922,0.27598371146199807,0.046761897715707185,0.46224207503627407
290.75,0.2192775382137036,0.11486969468681613,0.28028239479751144,0.05146565929704128,0.47074779121907423
290.8,0.22636610673577945,0.1218582886096946,0.2858981091417184,0.043356916320430004,0.4780333797575273
290.85,0.23291385925583685,0.1272611655269963,0.2925825839171798,0.043195958424875926,0.48478250678113954
290.90000000000003,0.23993292138489444,0.1394546589564064,0.30996060236251155,0.06117341494471554,0.49157168468401546
290.95,0.24009336707809484,0.14701963823322337,0.31516076298860896,0.06236741507266529,0.4747598114827599
291.0,0.24313926749703382,0.15581297577743394,0.32112379046063577,0.03987486004532443,0.4684327877542199
291.05,0.2467733117667576,0.1596533659404184,0.33157945684389734,0.019255691913694434,0.4717709118858272
291.1,0.2520710232866749,0.17200163814299968,0.3408890782046054,0.0367551233085578,0.48448119022124997
291.15000000000003,0.25520701464648415,0.17830687322438138,0.3587407363997527,0.041795171177787076,0.4893902006827534
291.2,0.2595838208171333,0.18406312249500584,0.3660796213117357,0.046848535236342144,0.4875787248357128
291.25,0.26632661170019495,0.18949248641049654,0.372705286343141,0.06057036143836565,0.47251560321361363
291.3,0.26480033129013447,0.19093410276374442,0.3826435883817372,0.06326069596332375,0.4728918396008123
291.35,0.2614222482926581,0.19623153089166842,0.3863521607270277,0.06029553693981992,0.4873287870222472
291.40000000000003,0.268402186482897,0.19080191960025536,0.3834463842484942,0.04993030041936498,0.47877282606661176
291.45,0.27469030286161716,0.18792383030975307,0.38167020920108774,0.05320030636278487,0.4913920797590298
291.5,0.28508459609261044,0.20132209338484788,0.38730603345306924,0.07127065648246948,0.4792540305173818
291.55,0.282413652554192,0.17722552965650035,0.38618809561561696,0.07920493303725534,0.4779890330311898
291.6,0.2779992177645257,0.16859128962444297,0.38074787723925646,0.09725695448440506,0.48465541260437295
291.65000000000003,0.2822861121623684,0.15659941162928134,0.3685117739774491,0.07368608964813758,0.4760521228905789
291.7,0.29279191345257954,0.1618976975121937,0.36109139790441197,0.07702471558849223,0.46805255079205477
291.75,0.2878925710645922,0.16121811467458497,0.3523632162702335,0.08792942207785107,0.47171471357958406
291.8,0.2913927466937611,0.15701632762920814,0.3481618828959825,0.08423458012809762,0.4643216590406524
291.85,0.2898181492808122,0.1679883109737451,0.3442435239618858,0.04689967586517471,0.4674679224578682
291.90000000000003,0.2904902644723214,0.17472067686080095,0.33890789107726765,0.030467234499784276,0.46767591799012903
291.95,0.2895026139832978,0.17678564587782422,0.3345136545106497,0.030026600354625625,0.45953804893316647
292.0,0.287201117044406,0.16312188545907752,0.32330926786554914,0.0036243808578899474,0.4591977892229473
292.05,0.2896393474782945,0.15471310112768386,0.3184055221657297,0.007469050986292359,0.45495527596570673
292.1,0.2879349621329471,0.13110757945788443,0.31269501805991795,0.0307375276674485,0.4456621342049095
292.15000000000003,0.28034324907206015,0.12367248581552215,0.3075930459239458,0.01773850639076647,0.4378273729690065
292.2,0.2738803920654969,0.11694655873492045,0.2984037988706836,0.018143038295627405,0.4360834780548515
292.25,0.2807060349511664,0.13089264165718703,0.29644597732007094,0.01696137913253463,0.4357852316861596
292.3,0.27976112444246337,0.14191225313196892,0.2945970929584013,0.02230192847026095,0.4406714546224342
292.35,0.27008814228058126,0.17413753014549158,0.2954817262537195,0.015129028953274823,0.43844276834404344
292.40000000000003,0.2675704408649598,0.18352845547482724,0.29039192296148425,0.05514470486969193,0.4562596424165945
292.45,0.2685478550843729,0.19074325631838518,0.2812071779434082,0.07505542179025436,0.46414301099762734
292.5,0.2672207960276247,0.21094101268289162,0.26394992380207255,0.11350176600082387,0.47731989410612635
292.55,0.2640630536009448,0.21291793214738844,0.25763779996593444,0.1293101527835974,0.48507483381777095
292.6,0.2668636451336268,0.20742338837479385,0.2465585066592666,0.14918198924701098,0.47322768236996426
292.65000000000003,0.262181568056587,0.20063887840722258,0.2412519664100073,0.15719911654982804,0.4584156113916742
292.7,0.24780950336801258,0.19984522905714705,0.23925041475457867,0.14802604220699464,0.4440644945466776
292.75,0.24129693954920498,0.2069849950910592,0.2355238765027811,0.16248631689278534,0.45520558035992637
292.8,0.23247046642247524,0.20828591325497056,0.23006164681578845,0.15546694173401926,0.45909248203158587
292.85,0.2317226071823779,0.2041946241234899,0.22777422539838832,0.16522227574978496,0.46489759888288745
292.90000000000003,0.23191098315182737,0.19057407639145701,0.22063569140575273,0.15737953852063655,0.4500953341902284
292.95,0.2381204199581536,0.19180982327978266,0.20264598648009732,0.15763655356371076,0.4236003271765649
293.0,0.24556427654800395,0.21209970488695065,0.19494136503666196,0.16654253964708746,0.4104323853358508
293.05,0.24647944930994337,0.2198776201360118,0.1854238802804819,0.16745908567872966,0.39616553663930726
293.1,0.24150723744197197,0.23357945785304085,0.1815415846318885,0.15857981934656096,0.3822648575985758
293.15000000000003,0.22997360980093012,0.23641371277194317,0.1775627625717866,0.17188850321450924,0.3744090541190189
293.2,0.22230915250825684,0.23985912920527497,0.1722491644064048,0.1792567532912092,0.36314997087748535
293.25,0.22683710751038702,0.24652409316877982,0.1661930909792513,0.171688575896445,0.3635027120980204
293.3,0.22096276195922201,0.24279557491506445,0.1689592019726304,0.1595665942592893,0.36016058418026337
293.35,0.21412444865064303,0.24597067749122425,0.16029545431692765,0.15487166882936637,0.35801135571128473
293.40000000000003,0.20600260778799453,0.2466444380410702,0.15362965184125246,0.15284797370049572,0.3525994410000587
293.45,0.20170384792355514,0.25703256932110025,0.14639054632262968,0.15480852463106065,0.35185451979378957
293.5,0.18816378645500345,0.26220966997702627,0.1401585735407453,0.14706910680129257,0.34763517658706944
293.55,0.1832233404247416,0.26538734167169237,0.13598312653873185,0.1460321923383156,0.3577184889792928
293.6,0.18431472726159706,0.2648939054990429,0.1347739446081221,0.1472085581127626,0.3798355482880588
293.65000000000003,0.18690292994210095,0.2637440988158886,0.1289948559176907,0.150371685563715,0.3966410733952357
293.7,0.17769738722158335,0.27167402149490205,0.12680801843640058,0.15784033679652698,0.4121705713188691
293.75,0.18191417964154763,0.2737325503443875,0.11860660838115104,0.17627913493710254,0.42425465152680575
293.8,0.17944969132681937,0.2764164871724421,0.10570433368008086,0.17230569408572585,0.43350908042246056
293.85,0.17550771371364327,0.2741433827622124,0.09473629687512489,0.18204081752310017,0.42662052165865433
293.90000000000003,0.1784246897829561,0.2747788362733823,0.08868190753244584,0.17755569378362374,0.4268057180127493
293.95,0.16754588388896585,0.2723592765972854,0.07666968674824819,0.18551794438667596,0.42846366177267997
294.0,0.1600347478827817,0.27142588467766576,0.06547282194426038,0.1825008645751786,0.4288651779203489
294.05,0.15444007699562864,0.27274227198908013,0.05966623258074902,0.1809705180721981,0.43842479547194035
294.1,0.15010813370477358,0.2707170991647097,0.04525534381822088,0.1677097572218732,0.4409523450538075
294.15000000000003,0.1437869686964667,0.27035350790232604,0.05187930752098332,0.1608053810364752,0.4349152659413006
294.2,0.14402006989502067,0.2775710851639027,0.06780422258880689,0.15642065373244893,0.4220370247477091
294.25,0.14519513800588574,0.2802917134884674,0.06927521916594709,0.15586321706847187,0.4095829789438942
294.3,0.14171723714135942,0.2894756332855521,0.09176147002162884,0.14316925425004481,0.4004653499915705
294.35,0.13057472216544916,0.30257639260829566,0.10816441637966638,0.14558659233391716,0.38645307567273707
294.40000000000003,0.1200914213546722,0.322841000431232,0.11536618295668116,0.14255520263230656,0.3704899806908824
294.45,0.11769872282613866,0.3307398832576107,0.12026190886652481,0.14487018517979622,0.3526325944450867
294.5,0.11453032074988893,0.33781713779633066,0.12939178567868612,0.14817047429517533,0.3368334368151951
294.55,0.11038880709388424,0.3543757366954568,0.12390848303594257,0.15157158849933197,0.33087032915054504
294.6,0.10636243367966429,0.3458286366031554,0.12024069482026514,0.17213996566766843,0.3424870530475775
294.65000000000003,0.10464338164851789,0.3539734229661398,0.12431128568024956,0.17013917379731194,0.35755616312435423
294.7,0.09938818922965685,0.3562089440519438,0.12991486570021352,0.1623932798196208,0.3689479547908334
294.75,0.09323983576600779,0.3642951195236744,0.13691638498524375,0.14931141696771766,0.3675663241539664
294.8,0.08728505504412536,0.37666844283534096,0.1491912310080732,0.12607650065577386,0.37736139399365526
294.85,0.08245732005977831,0.37547503215015854,0.1568228264508542,0.1160137514392189,0.35709021626698645
294.90000000000003,0.08411490418029474,0.3828771105307318,0.1689067575778932,0.12913774853972895,0.3529322490185345
294.95,0.09157147731908837,0.36735737317945294,0.18252161983388263,0.13913277641830052,0.3434448208746432
295.0,0.09369665992605426,0.37522071834527937,0.19225196986967086,0.12974993400792242,0.34097515824114133
295.05,0.09490570658349098,0.364524856743621,0.19954054746693078,0.12417278092191836,0.3349381900846382
295.1,0.0995736220137171,0.36142596367124896,0.1991455617459976,0.10093580785251628,0.32390049519346786
295.15000000000003,0.0983760207954864,0.33539842462939295,0.20318146332023126,0.07037092878299868,0.3302407191161657
295.2,0.0984841470783128,0.32422467756647905,0.20332286280833056,0.042987320317597354,0.32854438755846777
295.25,0.0964184885282163,0.30938949471949073,0.20799655654898,0.03448116839907851,0.3242688421584206
295.3,0.09868576502196448,0.3081589189302532,0.2054493972911915,0.05362868810051106,0.3230996981655471
295.35,0.09843407962843838,0.29937393906779086,0.21617884987308966,0.06349702164273209,0.32815257825271765
295.40000000000003,0.10469506184166495,0.2921675270651824,0.22688186911145847,0.08152266576091415,0.3355429171564887
295.45,0.11710183805977468,0.27592163354251065,0.23720203745518154,0.09120078279976543,0.34175302867715746
295.5,0.12703221029892697,0.26565340753319977,0.24595743241813084,0.10273026438658829,0.3348373969656529
295.55,0.1314177055276393,0.2575349002328932,0.26069169070699866,0.10723231602705835,0.3304512724947389
295.6,0.14027870796875444,0.24808554186517623,0.268322833384607,0.09782672694830673,0.32973741897670916
295.65000000000003,0.14709677901920265,0.24763860888557454,0.2762588589188002,0.09092620372470703,0.34258498819509964
295.7,0.15350657222297792,0.2475357110727315,0.28610427251958676,0.09186062607290295,0.34934339459670355
295.75,0.15949190580745104,0.2542061920417159,0.2952261600869001,0.09653145979370646,0.34645248082476376
295.8,0.16229799297290154,0.24318992264102546,0.29251391223325274,0.09165747394919914,0.332828356718281
295.85,0.16863715288091569,0.2398122469332679,0.30555196989298433,0.09490157450882102,0.3375175013940571
295.90000000000003,0.1716890584358188,0.2538457144631668,0.3087932166857048,0.08792117841932832,0.34552230424384195
295.95,0.1748563430198718,0.2583003016267997,0.319151626132527,0.08636726255719389,0.348127034634335
296.0,0.18546552192981863,0.2611182767426675,0.31909514620644275,0.08731296299796443,0.34692081000173164
296.05,0.19271331991604956,0.25941824520550427,0.3270824987018655,0.08226871350440575,0.35971013745440794
296.1,0.20404252096782624,0.26837149326467397,0.3386937604703009,0.08965791361745991,0.36607436085943124
296.15000000000003,0.20761814982451612,0.26190353455928117,0.3546769921243179,0.089600587631756,0.3636213905186611
296.2,0.2133804890880806,0.26600390909352384,0.35856502985864186,0.09042953726774426,0.37848427920272254
296.25,0.21667065174132263,0.27165677910385866,0.36888248640281895,0.07937895895766965,0.40807072420842977
296.3,0.2130914810860309,0.2783943193773076,0.37587101970128667,0.0618456272463158,0.4159447264308619
296.35,0.21951619952070206,0.2664685667505693,0.384247883170904,0.05210875609281538,0.4361555899311627
296.40000000000003,0.218711555797767,0.26399876197382327,0.3796755638995623,0.04226568087173109,0.4640882833138907
296.45,0.23643770144365367,0.2536955351004067,0.3752861633041124,0.05666528126045011,0.514609196782895
296.5,0.23569361273567194,0.24675848935059447,0.366696292850135,0.05187192640975338,0.5293240081132294
296.55,0.24205518852755872,0.23997914329231038,0.3665978368871218,0.07302727937921602,0.5454685223732748
296.6,0.24897551916629115,0.23368011758565854,0.3505654472104515,0.07835853505413311,0.555378289240775
296.65000000000003,0.2529162103432868,0.23093119402318982,0.34777095959555465,0.08131728901891377,0.5671514269959538
296.7,0.25383634145527584,0.2178640032153928,0.3495805586369999,0.07947634460122535,0.5856874303957655
296.75,0.26239969508794936,0.19679606876372424,0.3346368819218825,0.08730344004624527,0.5554130747341683
296.8,0.26396975277055107,0.19380947891899813,0.3369728765249722,0.08387053022098537,0.5329075591240047
296.85,0.2661508863150591,0.18795687623751736,0.34062307441250456,0.09613237640494478,0.5444758011474946
296.90000000000003,0.26338692762205074,0.19120799964074595,0.3445270968682777,0.09714272985927247,0.5506748185252118
296.95,0.26279051489732513,0.19752797379273832,0.3627704993633165,0.08996630652949122,0.5520497441284451
297.0,0.26723958848769813,0.19790239813083282,0.358683850199382,0.0791208558468892,0.5587395408481334
297.05,0.2586579783532275,0.20298090068062113,0.3495393725639752,0.07017247878689636,0.5663648427167803
297.1,0.2597423403019276,0.19775833015694255,0.3340780538316522,0.0614927504862346,0.5740898353122093
297.15000000000003,0.26563091126629285,0.17915525073963573,0.32769674545975114,0.08143872829695994,0.5882337129081577
297.2,0.2647078032769995,0.17492836296111075,0.3273628228213696,0.08707853588157301,0.576726814474835
297.25,0.26439882576080137,0.1651865636243598,0.33530638507094274,0.08892117676773494,0.5692020938991618
297.3,0.26755490477308314,0.16721880109489193,0.33032454677495926,0.09651115821197,0.5880864949240123
297.35,0.26205228950867443,0.15481435153142348,0.3490003438964149,0.10782404326332438,0.572170735007002
297.40000000000003,0.24621813187445735,0.1617832867939198,0.3594389440649336,0.08778977856120974,0.5832749890436469
297.45,0.24529478976773866,0.16434784085851323,0.3645642264072162,0.07193641993761646,0.6024760139414965
297.5,0.24218367503918328,0.15866612415059828,0.35839576721843264,0.07990573741480098,0.6411883822542351
297.55,0.25019020804018954,0.15543917328415008,0.34718969645736036,0.10436943486244152,0.682749751470467
297.6,0.2502811843705705,0.15168263690553993,0.33199872491534077,0.10120099548069665,0.7265466473912768
297.65000000000003,0.25141744797048293,0.14636768033807668,0.3159278181325785,0.09613896575985861,0.7591590335646399
297.7,0.2545406433981594,0.12852739654968812,0.3002384418807665,0.1020890802529526,0.7787241927670587
297.75,0.25976600556975077,0.1298809199085462,0.2748013685616167,0.11075909578347018,0.789303653876209
297.8,0.25921762927644587,0.11641170665929375,0.26080896675659615,0.1260542246736559,0.8009080803705632
297.85,0.24417443655854826,0.10636209978289317,0.24234803482953665,0.14307519943514263,0.8034035464055699
297.90000000000003,0.2432286060416239,0.09298385843328122,0.22429162485060625,0.1647919532898637,0.8132628616078604
297.95,0.23819430538827752,0.09142544144111553,0.2145027301705061,0.16990756707588392,0.8245898567696893
298.0,0.23081479095158172,0.0829378480176798,0.1968369580725162,0.175182057418833,0.8004711935801999
298.05,0.22464137064748846,0.08445840512884238,0.20378332997896123,0.1674149387916769,0.8080969341566289
298.1,0.21357020773683047,0.08647478917003294,0.19012762923002646,0.1683365341771288,0.8185498654003268
298.15000000000003,0.192271553120104,0.07336438078920669,0.1877353816661607,0.19846810487110236,0.8140858469277855
298.2,0.18736410488612149,0.07609634532819884,0.19101428173706983,0.2270127186254986,0.8062760924397062
298.25,0.18881908300456773,0.08214358124914208,0.19246823202439267,0.22477338089099813,0.8043138434346688
298.3,0.19723461445189025,0.08378055364341806,0.17880048362691198,0.2088859235895053,0.8014209798335019
298.35,0.2048897959400027,0.0815286067684687,0.17097432881838306,0.18321485616282432,0.8078835167565263
298.40000000000003,0.1952536966924679,0.08141296512813516,0.15199825487102853,0.17086442774952607,0.8090985182305596
298.45,0.20326774177887108,0.08657407034700672,0.13810848657564445,0.17013377062501128,0.8172977563631539
298.5,0.20394947780678735,0.08836904565214859,0.12023780258394388,0.17703727328126181,0.8273815356218353
298.55,0.18513715122233407,0.0809766929118664,0.10112399001603907,0.19036833282119478,0.8317541475094944
298.6,0.17600491899326487,0.07668351615146493,0.08145602821187926,0.19822131347838765,0.8370460539914809
298.65000000000003,0.17035987462692118,0.07295119560105666,0.06998618146576244,0.2188145575131182,0.8366559111930889
298.7,0.17189605945958591,0.08239881184208252,0.06809641501928482,0.20893488464573431,0.8395467342298004
298.75,0.16399684000689302,0.07851451815588135,0.055310218124956456,0.2045383996416645,0.8480734087221848
298.8,0.1566862806768502,0.07828046973032898,0.03691988516291073,0.2246966724488421,0.8637597682221148
298.85,0.165857654693455,0.08020452953124893,0.020652519062267324,0.24266135903335662,0.8736700530255542
298.90000000000003,0.16646415426708264,0.08218236543357514,0.01650107258759381,0.24954607424801567,0.8905483472457302
298.95,0.18090301108983295,0.08208709620949804,0.024372389088938018,0.2521907875186733,0.9059268812284137
299.0,0.18773276420234564,0.09811481065879632,0.017171118348346132,0.24658216447023706,0.8885170677686103
299.05,0.18780448230105729,0.09787922926953065,0.010942347916703826,0.2542678422967882,0.865424920997194
299.1,0.1776039656666884,0.10435448792440405,0.012100127144441834,0.2649443700105587,0.8653049871933046
299.15000000000003,0.165981318923644,0.11448028861782009,0.027057969418070902,0.2762160063468803,0.8524765189275537
299.2,0.15414150590757583,0.11622421678232225,0.04332942049775664,0.28775352757639017,0.8588776187058298
299.25,0.15156692057409318,0.12627247652449472,0.04628180714994643,0.29193297432766235,0.8546646285070617
299.3,0.15201125486141606,0.1272277056541022,0.05741165807022269,0.29100789707831415,0.8530655990194794
299.35,0.15071666944229847,0.12408868132531649,0.0765151516920706,0.27990835800926583,0.8641954473433815
299.40000000000003,0.15096009942790115,0.13183955704974998,0.08985003166029457,0.28542461098650596,0.8679931770121069
299.45,0.14103163108628303,0.132369147088862,0.09578907827040124,0.2873521857564033,0.8793818786546506
299.5,0.13808779573217997,0.13882420510856128,0.1042885322331351,0.2928716723437769,0.8822425714353259
299.55,0.13308522351911645,0.1419022257962674,0.12138396828723667,0.29628158030173674,0.8848080201706732
299.6,0.144235170098357,0.13433449899901698,0.1320030753075855,0.29431686965901727,0.8989225631573254
299.65000000000003,0.1459638681381762,0.1333242610258752,0.14291859239917762,0.29398820284368643,0.8811541683009337
299.7,0.1441889316532877,0.14575321884908218,0.14951696929304267,0.3009143446919339,0.8696564386460235
299.75,0.1464408185256289,0.1462820832560714,0.15595338386555352,0.29651432315072923,0.8648173115776155
299.8,0.15040158743600182,0.15124318980638363,0.1680764746178605,0.2954743719925678,0.8744402719071019
299.85,0.15263553722147633,0.14712721306681947,0.181491422323003,0.30143407861691235,0.8921632587169789
299.90000000000003,0.15344483509268922,0.13560803254570855,0.20037589427475946,0.3031673772246073,0.9032593821287483
299.95,0.15408646313398527,0.12727800902426126,0.2120241694098538,0.3080916716196671,0.9357186210868449
