time,uav2_fused_error,uav3_fused_error,uav4_fused_error,uav5_fused_error,uav6_fused_error
0.0,9.48323895191377,6.256621594610471,14.980016993980298,11.689258409108895,22.053528416481065
0.05,2.5945639166240753,6.213219173277276,14.976898160319452,11.198881724964622,25.989701213141608
0.1,5.7043598631319945,9.189901563749729,14.947107190990709,13.07637206460298,28.626883768865216
0.15000000000000002,9.102848579646052,11.468737825659623,14.869856911280063,14.973302166626501,30.214730904849425
0.2,11.329210116468303,12.997569381629397,14.71819283179981,16.37303105895185,31.142189427181954
0.25,12.68089787165293,13.985427058076452,14.534627381661148,17.275005565855018,31.705433372468793
0.30000000000000004,13.461941049008676,14.600480462506088,14.308109099396296,17.84502560967815,32.04555178322635
0.35000000000000003,13.840746703246094,14.976182590756315,14.083214987647048,18.169962899733697,32.24841658409566
0.4,13.920206687079322,15.173755796500318,13.8405538796605,18.335422141766028,32.37637402245453
0.45,13.816797216759106,15.275279112590297,13.587516694591107,18.37949639251091,32.45135062936732
0.5,13.602172580812702,15.316684653786853,13.315424129972412,18.342226929763488,32.497589432744405
0.55,13.272826692113531,15.327547621463285,13.0426696243219,18.26435032259571,32.5121769771864
0.6000000000000001,12.876529681179091,15.298852084559659,12.758517729248972,18.1341809283792,32.506274054238155
0.65,12.453588926032722,15.242869290304743,12.449217374536467,18.00462945644059,32.48130029804931
0.7000000000000001,12.009501094163586,15.156200723011718,12.145914165001594,17.841672108162342,32.443936367329854
0.75,11.559967928023282,15.072938707335299,11.827631887463859,17.658405451027686,32.37979499109323
0.8,11.092404264381551,14.984567057120206,11.539241078478645,17.479913474243826,32.29610217111504
0.8500000000000001,10.626006142123291,14.883636792800328,11.235414302398178,17.28748158482536,32.15944629611155
0.9,10.193932658571166,14.786647813018616,10.939947207662676,17.095353577262188,32.01810162652679
0.9500000000000001,9.797873151050803,14.67076956400907,10.615363403321462,16.908530339969207,31.861117226706043
1.0,9.391561003440795,14.56734303668,10.348884969689045,16.679462077689585,31.66836620574026
1.05,8.970567551936236,14.458062591986812,10.076912959052686,16.48880390022722,31.459009779871476
1.1,8.551072119268303,14.349766225614669,9.811051026700381,16.2923062085137,31.223569781938515
1.1500000000000001,8.150052868408222,14.249715903447383,9.55871497356178,16.08891090708614,30.99554077597291
1.2000000000000002,7.742420100904535,14.156981526641758,9.304874422473803,15.897906014757169,30.73680732932317
1.25,7.372788031725564,14.056337693303,9.070165167272368,15.72900700742414,30.45798917221731
1.3,7.0311230591067755,13.95762502443021,8.87408471644286,15.563811767920223,30.141312765457144
1.35,6.6984107910796915,13.855915714712852,8.66547411045667,15.407523860545268,29.83006984090476
1.4000000000000001,6.381747347338467,13.744231589061638,8.483869179089739,15.244618465643693,29.475128857341776
1.4500000000000002,6.071848027205263,13.680824491432634,8.299784255404441,15.087236449687612,29.119978748745318
1.5,5.779167343655525,13.605547487455807,8.136027711121324,14.931639607871288,28.753177927101255
1.55,5.5199084021498335,13.51851649295706,7.975754283082414,14.788356998394747,28.335537502115585
1.6,5.2726424794509485,13.435905634372169,7.846402080760508,14.654183564287354,27.905129936599682
1.6500000000000001,5.033584478802053,13.3960355929428,7.706507709734225,14.524875884060645,27.43762078847954
1.7000000000000002,4.804219548272146,13.329288318253415,7.580905592762727,14.390313223976783,26.918054744657848
1.75,4.605816618805626,13.260757382620302,7.445273586649055,14.261601942465782,26.429435536785363
1.8,4.422995424780563,13.21315062525297,7.31429962559344,14.150837435070537,25.89817040784677
1.85,4.251670605899131,13.163783701083089,7.176218845676759,14.046315151406723,25.301912987692102
1.9000000000000001,4.092478781362096,13.115007658520563,7.058967809503748,13.934420699986635,24.722738497849924
1.9500000000000002,3.938442738746038,13.084760404997706,6.950143414804452,13.832911444091975,24.12630096052353
2.0,3.787113703996856,13.065004726719929,6.838650412768658,13.735685347317176,23.490407792722984
2.0500000000000003,3.6438815788480716,13.029843424961465,6.71980215120764,13.663473483492139,22.88937822881929
2.1,3.511360145418936,13.023355864856834,6.61261986593847,13.575845032660613,22.261931136518697
2.15,3.376218185535133,12.984486736620235,6.4951766196358625,13.484098858475564,21.710067476357683
2.2,3.252960523630174,12.934065215525036,6.381421378191501,13.37752819290432,21.17538660569027
2.25,3.136265938316561,12.886840890824894,6.269691802087177,13.286652920697474,20.63102950633837
2.3000000000000003,3.032535746443658,12.838203578191068,6.177865803976307,13.189377248244996,20.061053969463178
2.35,2.9549017699088815,12.7787106356252,6.104338245024139,13.100763746896915,19.53890825484558
2.4000000000000004,2.8912332808969134,12.734892877994925,6.026363892111089,13.016651765362708,19.061588650492535
2.45,2.845857996708646,12.678142150277868,5.945807973532039,12.938830956903606,18.576985591594642
2.5,2.8081215504962187,12.632291501541584,5.860410937761491,12.849249823570984,18.10783197788714
2.5500000000000003,2.777043386060405,12.593432217899037,5.793514053895648,12.770054466474297,17.729137865420803
2.6,2.755429193486276,12.564623013215845,5.724119947610373,12.700360005719707,17.324380184124813
2.6500000000000004,2.7311497313490776,12.535197040753285,5.652383215055433,12.63087626926379,16.93808800978214
2.7,2.7092272688041814,12.493724465459414,5.578508036586251,12.565927660439952,16.613549782731052
2.75,2.686272880152234,12.45117988750862,5.517363295298795,12.509696779667928,16.35194417025812
2.8000000000000003,2.6548033609168633,12.451649911646765,5.440238294108646,12.449068200557837,16.121133703396627
2.85,2.6330602033846553,12.419779254115094,5.362603475236723,12.401928833818902,15.93147674262584
2.9000000000000004,2.621592699229155,12.405272450515954,5.298253022057247,12.34656649422,15.74149690447093
2.95,2.610143857931316,12.38755737854749,5.2273056917617335,12.293822636412038,15.571015201784475
3.0,2.5993420610530698,12.34478516366886,5.166752674227462,12.233159789092337,15.452554258195686
3.0500000000000003,2.5951348996815717,12.344196575264878,5.088646599027362,12.17006099369888,15.371871310324249
3.1,2.5861902964837293,12.321203166638917,5.008587164460996,12.114364762494267,15.291964424864636
3.1500000000000004,2.5775944995995643,12.300637073185278,4.93329217721819,12.043903023938936,15.214007687515293
3.2,2.572048226391557,12.270601277055558,4.86863852582315,11.98745328206689,15.144694838103069
3.25,2.5705832043411285,12.243231601195752,4.799049057585718,11.921023216724105,15.088241845029112
3.3000000000000003,2.5692077611613158,12.209601168036658,4.742849437284437,11.873788650293292,15.035473032687928
3.35,2.5687555374012434,12.15866007698279,4.68379767392675,11.822726875964332,14.994694157510471
3.4000000000000004,2.5642966834759156,12.120618277569651,4.624037946839782,11.768895713773277,14.960248609204706
3.45,2.556858461203744,12.096618074493604,4.573553681469393,11.711831475302661,14.933223205086994
3.5,2.55824935206874,12.051650873884475,4.533931603004929,11.659654788544692,14.913746802041954
3.5500000000000003,2.5455627619063885,12.04809469269774,4.491328917128624,11.610689011452342,14.889079467661757
3.6,2.537623577929397,12.023263784065856,4.464348027082162,11.57414568536561,14.857320932043777
3.6500000000000004,2.5314929781423148,12.003327161883654,4.440425663128051,11.540076169717508,14.834287460163893
3.7,2.522145170400296,11.959229287529245,4.411346295219755,11.51375340216322,14.826371942495564
3.75,2.51912534472091,11.926123520556628,4.393629486462001,11.473776949526775,14.800215451029214
3.8000000000000003,2.5168914446865416,11.90230441167737,4.375740045938518,11.44817262643062,14.792584777405953
3.85,2.5108101881354945,11.860006505448602,4.364413066849214,11.410880642594472,14.774402257049564
3.9000000000000004,2.5126882468302836,11.82365488141796,4.356358535439734,11.372444902366045,14.761406723878988
3.95,2.5144166430521455,11.76657219130344,4.352475905920793,11.331221627018241,14.740776643260691
4.0,2.5040746178677225,11.737938933544752,4.357201275966936,11.289462914820238,14.716552102668393
4.05,2.491127404735707,11.707038223002382,4.360975365702693,11.270941443156811,14.70476012405198
4.1000000000000005,2.4829589930004694,11.67111668481035,4.364761185259273,11.247160303218578,14.691105996447762
4.15,2.4762458991564187,11.614438738405664,4.364904713912774,11.217332305771132,14.671480111140294
4.2,2.463950305957919,11.584653155626368,4.369624781741434,11.158473047370917,14.646999467593389
4.25,2.4534990094357445,11.540685197376943,4.3640390017602435,11.118001184679363,14.629134259959983
4.3,2.445680065229251,11.49749766882601,4.365807719235197,11.075400570074182,14.593058576900475
4.3500000000000005,2.448023080368863,11.446547849740165,4.363562447795562,11.042207943903431,14.559897545687496
4.4,2.452647672073336,11.382068516619409,4.367222442613213,11.005192781587303,14.520679459631115
4.45,2.4524280091513195,11.308816648266212,4.361552129775049,10.956964484556435,14.480496887814539
4.5,2.443660030759614,11.255171881161349,4.345112547241603,10.879525061924863,14.418872152493767
4.55,2.442366104062936,11.162602646639781,4.327449956668511,10.825539245180423,14.340230463577713
4.6000000000000005,2.4380650389135083,11.074363736928296,4.305263971894725,10.74174719195723,14.281827636142976
4.65,2.4319309632240023,10.988030655036443,4.287367884134097,10.664785006541772,14.222350376589429
4.7,2.431469889423838,10.90599731618281,4.252694210065417,10.572779906672373,14.15709286560548
4.75,2.4338828738294547,10.800232019384017,4.2259594346289004,10.488881419772172,14.08696996759792
4.800000000000001,2.429388536132055,10.687515314204067,4.179807040898655,10.399758796480365,14.011763875857921
4.8500000000000005,2.4292579544047896,10.585749713256801,4.118045772780225,10.303049489167039,13.908220024000995
4.9,2.424273018556085,10.460086993567705,4.050890950162094,10.17402116804484,13.797024269875864
4.95,2.435871794487465,10.324035069690728,3.9846746515538745,10.034531513719164,13.68912690025709
5.0,2.4350113827779993,10.156030891847767,3.908715868235537,9.893454956195685,13.561614047575134
5.050000000000001,2.4341146199244394,10.011677884612068,3.835856125351649,9.725460502293933,13.448921411749598
5.1000000000000005,2.42146201979864,9.862020155768107,3.7725549705868073,9.576723918532597,13.312758883837278
5.15,2.425117481683773,9.718072778700247,3.7070293160549594,9.42704131442843,13.184712349023648
5.2,2.4288876711418945,9.575757246917483,3.6626809927605084,9.288950485573004,13.066144117953725
5.25,2.428373577906478,9.437507477622137,3.6128250832835143,9.17513551120977,12.970168023958413
5.300000000000001,2.4334675858489225,9.304694464917644,3.564610752940011,9.049517613112867,12.88010290339201
5.3500000000000005,2.4350118427269103,9.173071515604397,3.488030108293787,8.92862453781168,12.778819293032804
5.4,2.4432922546986884,9.019135068819612,3.428385209229281,8.790822383118362,12.68521863379455
5.45,2.4477315192898548,8.875147026947177,3.361421369207316,8.642287709882593,12.586625156476842
5.5,2.4585909744753978,8.741937939937499,3.2931868162617306,8.508623737926198,12.450131575105168
5.550000000000001,2.4707767699212058,8.593365090948625,3.213566706999205,8.381507627197985,12.3318076149111
5.6000000000000005,2.4737022230323555,8.45567560705254,3.1494071177112875,8.243591743289478,12.216743160795286
5.65,2.476792347495955,8.324266390241707,3.093259673981801,8.088957223311093,12.117489787574554
5.7,2.472909241777255,8.192333866104924,3.0357992756046337,7.959392586561513,12.010152835261797
5.75,2.4721814754391707,8.05342055251875,2.979717314804756,7.830343185751198,11.90729323413214
5.800000000000001,2.474437595340094,7.931091752033405,2.9195464975736263,7.702613857905964,11.807811124078
5.8500000000000005,2.475580665196266,7.816143283755533,2.858852301552605,7.5772862719512855,11.69846236044573
5.9,2.4586293146008416,7.686697812643284,2.8162944751660244,7.4497935423182815,11.589890476277192
5.95,2.442709818068208,7.570091813276443,2.785180619518843,7.320171905998059,11.500997729610576
6.0,2.4335223951886547,7.454192903350505,2.752538621218205,7.215631870331225,11.422192038896014
6.050000000000001,2.423338708758103,7.3411515402209995,2.727326058126379,7.136702224968235,11.327514884147625
6.1000000000000005,2.4052311364801833,7.255260922249484,2.703680895789704,7.054363674505813,11.257288723099064
6.15,2.382639031045618,7.178053734535728,2.672176795106607,6.992464798654399,11.177578200181232
6.2,2.3624577365646573,7.107058179600229,2.6326405597648113,6.914257723146572,11.103227298893643
6.25,2.3481463679393504,7.034338401929336,2.607161505913059,6.841588513261675,11.023449406158385
6.300000000000001,2.3380024109668693,6.9480381236163264,2.5853101408013788,6.783353355683142,10.922144767890178
6.3500000000000005,2.327096600716029,6.8629287723285515,2.5479676832771663,6.700576915567403,10.819678279401419
6.4,2.3170123733729766,6.769745824409285,2.5107877262294416,6.600532615098692,10.711918215023928
6.45,2.30213195523733,6.676008975344287,2.493361433870022,6.518925759715872,10.61255020907067
6.5,2.2910518353580454,6.606362253535623,2.48422685561043,6.441671539114946,10.513480450381689
6.550000000000001,2.279255959031366,6.552268175816779,2.478002996316323,6.377525868436413,10.420365956972121
6.6000000000000005,2.2648338127530248,6.502405554271099,2.4609194183334027,6.333291817818877,10.326183750832028
6.65,2.2587345298018198,6.457365823805423,2.4423181576003827,6.281501101210875,10.245680812495218
6.7,2.245357607892555,6.391405874736628,2.416942524087145,6.23439573078166,10.151526754677992
6.75,2.231107150555483,6.34963324638286,2.4072631688826536,6.188262052496026,10.064260383163855
6.800000000000001,2.219164103323104,6.30017793966601,2.3902612138406676,6.153695995983195,9.995456771251565
6.8500000000000005,2.205412517721025,6.251268117121426,2.3814828564888417,6.119008377190353,9.922552702672583
6.9,2.198412281263887,6.227847035733426,2.3599776628375304,6.083817973989346,9.855651307333458
6.95,2.1908028173484246,6.200819959922229,2.332177152364779,6.053720667419294,9.78494200715917
7.0,2.1858809736359994,6.164912414389794,2.3153013929747157,6.0169974278163405,9.697799029368204
7.050000000000001,2.185041696027169,6.134394872903799,2.303870270771109,5.999595861914387,9.612917855192853
7.1000000000000005,2.1807863046352076,6.108186696897165,2.298223530204571,5.964807462889927,9.541311449992518
7.15,2.16970349463288,6.073132703270575,2.2798949154143804,5.942563703798119,9.463766931014975
7.2,2.174964798307124,6.037306355498951,2.2679144606596604,5.914475749039737,9.373461078999336
7.25,2.173771239063005,6.004477780268748,2.247942192406672,5.889718756304773,9.280437188858823
7.300000000000001,2.167338656058454,5.978347729935226,2.210832240071805,5.870996741182846,9.209974853250186
7.3500000000000005,2.161835094154293,5.954087092292863,2.1890357306524115,5.850376415741079,9.112977273772822
7.4,2.153428212823924,5.916328935385594,2.173914365194037,5.848966646368452,9.006493591747008
7.45,2.1415606653075687,5.894355094091766,2.160981250007994,5.8269625331765615,8.896030780245669
7.5,2.1252319023440247,5.87290673959792,2.156553621200263,5.805847410401928,8.78887382348373
7.550000000000001,2.1145271226562046,5.8633430213394035,2.14252154749935,5.786821953243569,8.696178113856329
7.6000000000000005,2.105402642098379,5.84764520788296,2.1167748682557055,5.776905660812866,8.59155120406403
7.65,2.0896761641714856,5.838076893642026,2.090950188760003,5.767154030826899,8.49330825238894
7.7,2.081773819026113,5.82833309532046,2.057929085295051,5.764276026484811,8.355171850189302
7.75,2.0737625197418206,5.81006653282303,2.0266597659874788,5.75313786360466,8.210712350959831
7.800000000000001,2.0710041577172515,5.790304595660057,1.9940676151389767,5.7425880223886425,8.087796902612434
7.8500000000000005,2.063227600695394,5.754644535199532,1.9548861211673099,5.732824960629051,7.96179896108314
7.9,2.0538341269677973,5.733644947215719,1.9236645403816484,5.7338335549422625,7.839814579645492
7.95,2.0407740627779356,5.707116463527668,1.8996412184092686,5.730502773018178,7.694978448015736
8.0,2.020907886521274,5.69529421455558,1.8525706151328387,5.715135217729896,7.583122422798553
8.05,2.011417707450616,5.694472290066878,1.817226520640305,5.725284278521051,7.4590374597644855
8.1,1.9984200572669106,5.712164375709534,1.779240590347913,5.729315473430055,7.343095334171662
8.15,2.002208379932826,5.71565892561101,1.7447485265913554,5.739624707146624,7.229300656172193
8.200000000000001,1.9969806982281268,5.718695009840956,1.7136014070938037,5.736825345882027,7.141130146294952
8.25,1.98903038051495,5.754806058113295,1.6909921476434993,5.737087033805124,7.066188900919857
8.3,1.9932977597626858,5.748324523669007,1.6916451787791362,5.737557088013668,6.980736151906376
8.35,1.990619814912341,5.723112138094684,1.6855126610808882,5.728295269510327,6.911820694335738
8.4,1.9790947360779307,5.721762129092239,1.6773426295299199,5.70741582000426,6.842386911864996
8.450000000000001,1.970591712813267,5.677976447816689,1.6572663513881722,5.700970387061251,6.765141096218827
8.5,1.9620651569624976,5.647705896978468,1.6300256538099873,5.682485082755735,6.6794243842899625
8.55,1.9560070546255157,5.662750166475406,1.596530121159296,5.64235666204953,6.601474438162753
8.6,1.9500629293917076,5.6689638113024685,1.5605869673523372,5.625555168171203,6.513677577757118
8.65,1.9410149492763409,5.6783727996668025,1.5434157277045029,5.636527549706748,6.442526207673971
8.700000000000001,1.9303336666464548,5.709898055750837,1.5052697835970072,5.63808501069308,6.39648116590829
8.75,1.9192158624539084,5.701163439502443,1.4715225464789687,5.656155628812759,6.3400858822113735
8.8,1.9215278373866882,5.696513587353349,1.4570865428458393,5.664391785787516,6.303797512878728
8.85,1.912111003472881,5.677157752102603,1.4437185388213252,5.643568349020027,6.280186583708576
8.9,1.9084200498818948,5.650745843081089,1.4231818595712191,5.627997679711045,6.261321482760066
8.950000000000001,1.9080285777834292,5.608540489106875,1.3995629959861158,5.594872922816505,6.240494056780407
9.0,1.9050410832593219,5.588377089894391,1.3937514440423693,5.5687778358645526,6.234073100496122
9.05,1.9055991832972718,5.578764331544433,1.3826822975844681,5.5424513232909565,6.233193570149181
9.1,1.902977779225851,5.561369609913898,1.3651444642617172,5.516968442331945,6.221874665692963
9.15,1.8964868580719776,5.546410181945483,1.3536166203614275,5.4955915237140855,6.219514816194479
9.200000000000001,1.89123766714527,5.522214446670436,1.3432161750351719,5.4784360679791355,6.213228173433352
9.25,1.8841135788352945,5.530026753110486,1.329934099725687,5.456525485723601,6.21309036914103
9.3,1.8679556608340409,5.514674102095899,1.3182209951268464,5.438182377362259,6.220402233738551
9.35,1.858764314750021,5.491990122548535,1.3134404920893488,5.407549108588016,6.2167737860933725
9.4,1.8521019574207935,5.471887192189255,1.3053460454831163,5.382953223644254,6.222356135869367
9.450000000000001,1.8472296717964585,5.4377554640922,1.2960345893933995,5.357169008627746,6.221997037169051
9.5,1.8386109050754582,5.4258082830519685,1.2910669878193533,5.323762872929759,6.230366497471572
9.55,1.828798596846374,5.37807573619763,1.2859582030191898,5.294870390890128,6.229388917258877
9.600000000000001,1.8095400915724578,5.34031924049759,1.283034988773362,5.256667737646437,6.222695527379018
9.65,1.8022893183839428,5.3114048621116945,1.2772871496700797,5.231237685674608,6.219689846840486
9.700000000000001,1.7892687201049151,5.281202448448005,1.2778912858339293,5.197134007674668,6.206646179702925
9.75,1.7856851865210248,5.240250840078171,1.2695641407853688,5.155399183361563,6.201679519289237
9.8,1.7720060529379766,5.21338201854307,1.263899610086503,5.128147587548158,6.165436039354336
9.850000000000001,1.771475380495191,5.217283144699353,1.2558467080814306,5.105022494004093,6.144113963210315
9.9,1.7622189070891714,5.207668578818439,1.2354429277999657,5.090108169586761,6.118811552756419
9.950000000000001,1.7542056517586595,5.198674190070298,1.2261255568604625,5.073070010200879,6.093665259796697
10.0,1.7453963199025813,5.186717601979697,1.2194320744361131,5.054537273554516,6.0358158445214904
10.05,1.7286451514675694,5.170269884693087,1.1998785342023124,5.044053395871084,5.991793155016322
10.100000000000001,1.7063298381450285,5.157770324253365,1.191799483933573,5.039387956826843,5.920542206600366
10.15,1.6874543155163322,5.142883313926986,1.16988843467759,5.040078359716877,5.870546320421211
10.200000000000001,1.6599344066536552,5.131987422514716,1.146632147584753,5.032180198873358,5.813373228139915
10.25,1.6345951309827358,5.1198786050305936,1.124066913266225,5.029730228434824,5.772276000915424
10.3,1.5987040357066098,5.098904255794593,1.0917895939073992,5.0320439315416925,5.719476753891343
10.350000000000001,1.5692846557010534,5.090035205515476,1.0491490888419184,5.023255850379615,5.651990002600824
10.4,1.5436158505484048,5.0873722631159914,1.0146149548025214,5.017146280400942,5.546550633736442
10.450000000000001,1.5101676902341294,5.084704589091726,0.9971262921097269,5.033870371256011,5.460788093903572
10.5,1.4703941972790544,5.0788009745382885,0.9739138538184728,5.036114339972109,5.380994526483483
10.55,1.4424061216331194,5.070276972529026,0.9550439742673633,5.041130016785932,5.301093038831016
10.600000000000001,1.407122599509124,5.06119020386848,0.9272342426479396,5.058371285860473,5.221968568847334
10.65,1.377394291391124,5.060492273592901,0.8992847303390806,5.077567319520932,5.132152123577647
10.700000000000001,1.350042923122722,5.063372788947647,0.8662148274610187,5.086138331697058,5.049872880548469
10.75,1.3287586390912303,5.063360603895552,0.8420050190128465,5.104292499725992,4.952592037393467
10.8,1.3135460202116644,5.064031500784787,0.816259341245717,5.115937047787525,4.869211004820637
10.850000000000001,1.2982710822028751,5.066850291017272,0.805643793436005,5.135105590046038,4.786369088619888
10.9,1.282467878238637,5.088823926665628,0.7767897448132948,5.152630979515501,4.704734960799175
10.950000000000001,1.2715980716337092,5.077142148993654,0.7547060945294605,5.164650497231741,4.60861486511787
11.0,1.257155363217373,5.078985609488219,0.740779842580583,5.187370984003189,4.546410535528434
11.05,1.2328252043394552,5.09423004794763,0.7300231414169058,5.206766099747714,4.4737819336133775
11.100000000000001,1.2205581963155006,5.098305963048496,0.7095153918778834,5.21427001093955,4.4137540621005185
11.15,1.2049085041399021,5.083222374420873,0.7038068940056982,5.225906105873269,4.371550609246949
11.200000000000001,1.1907122157406838,5.068307153109224,0.6986029621327722,5.232479993741835,4.329799664193943
11.25,1.179824393140826,5.055351514502237,0.6759490233224825,5.234866481472369,4.28583452920564
11.3,1.1750053765527955,5.060476622384835,0.6794131517878722,5.221884625096646,4.265269616507459
11.350000000000001,1.168725689367006,5.048052407011041,0.6598951539088687,5.224146427951262,4.2399456077893705
11.4,1.1605863102714724,5.068165253894545,0.6472155146022928,5.2225043336518455,4.217177813932559
11.450000000000001,1.1582579495759866,5.06897086113618,0.6377139248575857,5.237291012772062,4.1932699515748
11.5,1.1573632206610587,5.089784370692247,0.630379053161471,5.2454722357789985,4.174413790224345
11.55,1.1545181885545952,5.113469077434147,0.5965482023989442,5.243599740780604,4.161696675526529
11.600000000000001,1.1510493413345233,5.136681008575181,0.5573274323566471,5.24880220431132,4.135441852709439
11.65,1.1574869507018521,5.1696352439659,0.5351818921226167,5.278069947748063,4.085401877382787
11.700000000000001,1.1552689427562792,5.176498731411979,0.5335351320320925,5.311993575205767,4.048023093110031
11.75,1.1510556099727187,5.185255545294075,0.5171547691707992,5.314544681646784,4.019668437330525
11.8,1.1425315135137353,5.202552814344824,0.5224052252753023,5.303010224924573,3.9924725486348143
11.850000000000001,1.1437974686391001,5.185754442920452,0.5258044790014987,5.253535698499927,3.981965556946278
11.9,1.1410420952857105,5.17362487131021,0.5161611017577339,5.238649905637374,3.9888076771128627
11.950000000000001,1.1424686269654707,5.129183250939964,0.5043477054749207,5.223664797512434,3.9850863360193136
12.0,1.1385502161531873,5.082466790405427,0.4904754633526897,5.188291548226372,3.9704662874614223
12.05,1.140836168628671,5.050573467081728,0.4728989073958193,5.137307549431203,3.93867221185367
12.100000000000001,1.1343731252450497,5.004600046930759,0.45708229433564845,5.0910197281993685,3.8914558133328647
12.15,1.1261362355077342,4.978456159046335,0.44496529845757415,5.036871417652785,3.8408929785174983
12.200000000000001,1.1252572233886429,4.945492480696543,0.43306999629187687,4.989881273682398,3.8064353662450774
12.25,1.1283382328685596,4.892871318769322,0.430925807039081,4.957631590615348,3.7759464449715785
12.3,1.137440143316585,4.848951927433179,0.44589141852231956,4.926925756210186,3.7161330781554978
12.350000000000001,1.140611672507947,4.8289693396812154,0.4373389578237837,4.882766682917294,3.681054717328786
12.4,1.1364417769449464,4.776915791631199,0.4265318771119138,4.824122448918324,3.6407150655037595
12.450000000000001,1.1403963850215684,4.743678616297488,0.43570311290659386,4.757160834849258,3.5937099313641396
12.5,1.1416927272916382,4.703129134031986,0.4497304025765167,4.69561730952475,3.5482529866455272
12.55,1.1391631538398095,4.646787249832307,0.4660685526211584,4.644694560068704,3.4859020917993773
12.600000000000001,1.1362758414869414,4.609569311501254,0.4773480167848528,4.589868473580227,3.466059433227329
12.65,1.131579256947599,4.5721309035311855,0.4886259105918053,4.530760936472196,3.4424962736981874
12.700000000000001,1.1393341606540062,4.54639917687378,0.50171926931367,4.4817011653459,3.446095176618126
12.75,1.143045898785599,4.485009146591083,0.5120456704233718,4.437902168623933,3.4132543333098977
12.8,1.1420591591155236,4.442413826197774,0.5167330586066113,4.374834413576351,3.339572793444278
12.850000000000001,1.1466952524151144,4.406339003715308,0.5220903555767179,4.325995752177186,3.2696724347877786
12.9,1.1522193985055424,4.375250949037265,0.5252174055514076,4.270085905769116,3.211405866756057
12.950000000000001,1.154831337647546,4.315604215734446,0.5415622899330685,4.234788870168772,3.172069246104427
13.0,1.1644747724512516,4.273290697859257,0.5425457184657572,4.189065442039823,3.150110829906836
13.05,1.1617621525612545,4.240483790800172,0.5570706586054912,4.1384525352995745,3.1145904796338835
13.100000000000001,1.1641526487498086,4.193803984734225,0.568822650533628,4.095880846915934,3.0896509074728895
13.15,1.1762600182295364,4.154963692786665,0.5874545495147299,4.053023996253385,3.058392577175784
13.200000000000001,1.1806027317405259,4.123003369357895,0.5986873583426309,4.0092291880477475,3.0303040852907563
13.25,1.1852520317682247,4.095868064866936,0.6034116749208939,3.9648984901423074,3.0095491157627174
13.3,1.186136583828451,4.0708157355662555,0.6187043051719149,3.9356791812141836,2.998806093180198
13.350000000000001,1.1834683953973695,4.048115309432628,0.6316443381657415,3.8991053779121922,2.994349887482574
13.4,1.1943072599487192,4.031146576646513,0.6403612076732551,3.8584406253268697,2.979681758744017
13.450000000000001,1.2107187161731279,4.006658419875312,0.6367166303769358,3.819378690586236,2.9504419978594822
13.5,1.2118366444046662,3.978099967417633,0.6332508093200026,3.7954047411081535,2.93241553075534
13.55,1.2045780998424354,3.969342458438216,0.6370350508564074,3.758450543223591,2.9395763737420295
13.600000000000001,1.1926590584564902,3.9544576893517283,0.6359174120304473,3.7451640840933367,2.916786082937053
13.65,1.1870196364630299,3.936790456457522,0.6365187210257656,3.716198943616394,2.889081988833417
13.700000000000001,1.1827838434762847,3.9191796653453146,0.6387817516503157,3.6932545196483035,2.8930618479710093
13.75,1.1657107934612227,3.9029300999884953,0.6206442634126523,3.672153184256778,2.908959508135006
13.8,1.1482368529817555,3.8903611388440673,0.6216930494669183,3.662491782555019,2.8850190059475858
13.850000000000001,1.135856567684303,3.882826660726015,0.6311794501266508,3.6354192355281683,2.845132194757387
13.9,1.1246897041058426,3.8707147672646056,0.6444247728164411,3.6131196352701855,2.816125235448939
13.950000000000001,1.1073020025746882,3.85898406255502,0.6456890158177391,3.6038924357468956,2.8056148166280512
14.0,1.0929653594612456,3.8429169181672838,0.6345425287752086,3.5869844376493214,2.8129852359151784
14.05,1.0752310793518012,3.837100334924793,0.6298710375630302,3.575291024429582,2.803675832027029
14.100000000000001,1.0576720583086623,3.83834549038055,0.6171631617949767,3.5665343820160396,2.826165847815795
14.15,1.0360479601917505,3.8273546184046974,0.6065708864937348,3.583026633434527,2.7956231944425585
14.200000000000001,1.0130407729967164,3.8307989667223126,0.5955041302315837,3.6054177286624673,2.7589542896928703
14.25,0.9756034291394887,3.8432736453577387,0.5879944633914124,3.6181770859462636,2.7140436290468917
14.3,0.9205335857459993,3.8475764202080702,0.5849580261256854,3.6260258668801675,2.6868017220585507
14.350000000000001,0.8890299434390632,3.8698381749114223,0.5687160080128858,3.6202446037618508,2.6445172211413386
14.4,0.8669188898577445,3.887738146870832,0.5365818130509048,3.632126758920446,2.585623257833753
14.450000000000001,0.836220202853939,3.898120952781287,0.5244311705115484,3.667031786640339,2.5558952075087134
14.5,0.8184183315244602,3.9190095943593852,0.5203842151370572,3.6882575937335607,2.5086411255931096
14.55,0.8047287043972781,3.965964588408367,0.5139119904159315,3.7015431102548564,2.4720372731032962
14.600000000000001,0.7921006524356012,3.982478108129996,0.5028453337739034,3.722662252498051,2.4331288787353342
14.65,0.7512196987466273,4.02361884678419,0.5021470848417479,3.754850090997574,2.415889843934204
14.700000000000001,0.7253228179517603,4.062625698429169,0.5036147094912903,3.785996762045011,2.4069408324336896
14.75,0.6836083337073199,4.105298912980201,0.49175933401345,3.798369182643035,2.3854793873266416
14.8,0.6700027167329838,4.139480184625682,0.49387901566732856,3.807689255936046,2.371360514542371
14.850000000000001,0.6455445360787314,4.1537943101169015,0.4992764637548651,3.820611534111013,2.374717549862867
14.9,0.6195277744215405,4.154991627633955,0.4900644177057293,3.8354184049434146,2.3752928450637243
14.950000000000001,0.5837400206449334,4.1560702457912,0.47991531262826004,3.8328724548375375,2.3571591800060747
15.0,0.5334576370427665,4.16537451679037,0.46836826992002933,3.837117705571842,2.342900164294353
15.05,0.5003918999432749,4.176090549627982,0.4687177588595443,3.834487539934952,2.332923666020783
15.100000000000001,0.47106554757687336,4.1677263722349025,0.47040736460378524,3.8515934726990726,2.3325616845019814
15.15,0.4411639562332836,4.165932650320725,0.4530972864277694,3.8417397737574843,2.3307469981799924
15.200000000000001,0.4378678507210239,4.1411080601184524,0.4437442659361766,3.8607338851784485,2.3028933736938657
15.25,0.424146126785728,4.141030970327179,0.4358923959734279,3.8533680411710356,2.277189430382838
15.3,0.40562791323012953,4.141452623685778,0.44262558658410806,3.8463350752847885,2.244555720875578
15.350000000000001,0.395028790060691,4.143566060975245,0.45448192654904557,3.8475575590092497,2.24965900154649
15.4,0.3969876256619078,4.152626956505215,0.4354947699834275,3.82983428346119,2.2555215903357713
15.450000000000001,0.3885515103961255,4.156172088197007,0.4109275485193513,3.840535471714444,2.2260599806569084
15.5,0.3695877161096952,4.162482484571703,0.3855780202260654,3.8399063870679684,2.1886485592629077
15.55,0.3674148067170424,4.176367226189175,0.36116930339991343,3.8394990725581444,2.1399101074565228
15.600000000000001,0.3809277554095365,4.207586861965246,0.33462806276481893,3.8518646476410883,2.1097130256221495
15.65,0.39623713574029107,4.207362315138618,0.3070150781754296,3.8882927785310963,2.0592766901857287
15.700000000000001,0.38322907907830417,4.2518379017126176,0.29064137310463944,3.9071820962994495,2.0050568329351335
15.75,0.38513036230458747,4.290951441370948,0.29516528269180947,3.9523434977451304,1.9533985567309606
15.8,0.3840245919359631,4.322479959092314,0.3001994009247093,3.983130809376255,1.8973962108844327
15.850000000000001,0.38496380294055005,4.351721704008339,0.3128522197151464,4.013087745195961,1.863915806419883
15.9,0.37715245073141457,4.401524354900456,0.31827562628339834,4.040919179745582,1.8511916741345313
15.950000000000001,0.3845775117387067,4.413351631975518,0.32926849477046993,4.06414930966059,1.849246876462069
16.0,0.392806986301178,4.41840983498905,0.34102128069715415,4.078825216657309,1.8419743263658561
16.05,0.4006714214663704,4.431128736349142,0.34937877833708614,4.085383531461844,1.8419565043985155
16.1,0.39303468986213824,4.439390282315199,0.35564353270803767,4.0811317591407805,1.848639480528035
16.150000000000002,0.38985448128292344,4.450344639927725,0.35818592515546627,4.080913933089676,1.853212523624279
16.2,0.3773473316884473,4.4469454387689815,0.35831304999257624,4.081288444413093,1.84523250319137
16.25,0.3722217394912208,4.443291922658141,0.3634824783398144,4.0774760430973975,1.840708535128559
16.3,0.38064668603838403,4.437031707939379,0.3645961966193423,4.073193255991503,1.8494697471340735
16.35,0.36995640608379204,4.435288144398398,0.36328243800720394,4.080237943298728,1.8475645225127364
16.400000000000002,0.3600122109937306,4.442371451169953,0.36435258091310085,4.081641027889546,1.8354992835918247
16.45,0.3521043360640114,4.43892774337476,0.3682195216998349,4.092477793388432,1.820507912755405
16.5,0.35790612163699564,4.436096138531081,0.37506020302851184,4.090229580164532,1.7841528651124217
16.55,0.3540909571478268,4.44038617671672,0.38409755792778716,4.090829769187545,1.7661251839336982
16.6,0.3457606398858382,4.434808833440528,0.3920495484466272,4.091285054455354,1.7750836905034055
16.650000000000002,0.34095520272827556,4.435402610231395,0.4042932568986728,4.096732872031536,1.7729250137633288
16.7,0.34309419633212734,4.435151334745886,0.40950693111514624,4.0917718570719215,1.7902012335600197
16.75,0.33101569163739525,4.430463204092736,0.4065704983611429,4.07534438143761,1.787059555815603
16.8,0.32957761835747906,4.441720454717453,0.396333464444627,4.06494597231438,1.7850789789776464
16.85,0.33027019628305165,4.444368001346965,0.39281183190516544,4.066755765216321,1.7633614483758195
16.900000000000002,0.3293012544617205,4.449742565128138,0.3950742998116731,4.06327903872739,1.7289234444960593
16.95,0.3453087783510454,4.447416262699631,0.39724531712469424,4.072847703635428,1.693870491748948
17.0,0.35333333481961493,4.4394641186858586,0.4051327817442605,4.082533535829636,1.6457560309207078
17.05,0.3514415746724589,4.434946868823512,0.4075618027902058,4.065183983267944,1.6102112041600938
17.1,0.3501409038102883,4.439144134799496,0.4123438442363043,4.074985275410551,1.5780779776391765
17.150000000000002,0.34587113707775574,4.42244003831199,0.412463673041599,4.068622559982222,1.5376294641264974
17.2,0.3389352816624456,4.404265331272589,0.40932024408599854,4.054932941302542,1.512669125903187
17.25,0.33716851142327914,4.371406310326375,0.4089595755061677,4.0339662790758375,1.493078709439399
17.3,0.3247101530852862,4.357732449515651,0.4060566288866408,4.012150662476721,1.4737147120651781
17.35,0.3218822506895156,4.3559484272426685,0.4058149536372677,3.9791694786423264,1.4555870191459734
17.400000000000002,0.3137968229431854,4.338089143848188,0.4110970336971858,3.9661810113362215,1.444779071139894
17.45,0.30883057073131975,4.313332531929252,0.41363670016180576,3.9484599801725824,1.4164648388166299
17.5,0.308509939274402,4.295829876318509,0.4128567551498992,3.9373798787056606,1.4166778500305386
17.55,0.30225482937934384,4.273510260346714,0.42258094628589893,3.930994528652291,1.368721357697523
17.6,0.3032194351186099,4.253270589118104,0.41971269981631226,3.915339440035775,1.3716058547871448
17.650000000000002,0.3052964434593357,4.247499293903908,0.40922599474675997,3.8948942212701314,1.3608533388437525
17.7,0.30866760546710015,4.213470074145943,0.4077060138144704,3.885612465788715,1.3318743989686375
17.75,0.3118045928935455,4.188643839453455,0.40177653895478094,3.8583627716658153,1.2807399800658326
17.8,0.3125604219873126,4.151661094512312,0.3924461814117464,3.840899115671981,1.2310591746105686
17.85,0.30709703199465416,4.140869280933762,0.37550099782848345,3.80118310969845,1.1721688192238802
17.900000000000002,0.29643200284419574,4.136175329955128,0.370206153529326,3.785066938385805,1.1363500711585295
17.95,0.27145195300956804,4.1110454952811875,0.3737503921295583,3.774693145094971,1.1008915810571103
18.0,0.25259965859662875,4.088354014135208,0.365719111327245,3.7357034798719226,1.0622235531529949
18.05,0.24380565697948542,4.023991262421182,0.351165121179573,3.7012954664794417,1.0309830624003657
18.1,0.2412718746677125,3.961139827855097,0.3463567587348016,3.6553606051342697,0.9939763388403181
18.150000000000002,0.23881951372294236,3.901526533649344,0.3356772144393965,3.603433259189835,0.9658118819216348
18.2,0.2311859216929338,3.8546001637829574,0.3158857307382629,3.5560653149879733,0.9503273199123495
18.25,0.22881361402722267,3.7982331007299033,0.3091632735560085,3.5223291924698232,0.9151657090077481
18.3,0.2235776178486954,3.762218617040256,0.28014297058085114,3.496865244883971,0.9114111694588674
18.35,0.2214004507259096,3.7173313387094384,0.27204065627213275,3.4736980421299513,0.8948064402293034
18.400000000000002,0.2179462024192576,3.6900384979581373,0.2648129891068301,3.4328952216990007,0.8873809655079785
18.45,0.2130778878554893,3.656859607693429,0.2523516949411376,3.4066754318280945,0.8817763830956843
18.5,0.19774888815319497,3.644626238350581,0.24566053292334328,3.378211833531622,0.8691714521641681
18.55,0.18880004670300748,3.628911915372389,0.2382249663118643,3.366738287320857,0.857804793598163
18.6,0.18479069606055668,3.6059322952502466,0.231754692442337,3.3403931683877497,0.8540777667541104
18.650000000000002,0.17388071587773654,3.541189423488362,0.2243735845279738,3.3040515476940953,0.85986787259978
18.7,0.17679681049489912,3.49634339370187,0.23761382697866412,3.2665376280181695,0.859042172981562
18.75,0.17624849270733628,3.469557379015088,0.24804424200125766,3.2287094983748266,0.8567229403613067
18.8,0.17903013754880057,3.401239075761939,0.257205597032013,3.1925516566256253,0.8561734637759145
18.85,0.181432829327285,3.3652513769984695,0.27886273011906804,3.1483352801451927,0.8470366787634515
18.900000000000002,0.18248988456658932,3.317375460295825,0.28126534193316655,3.1237874967728136,0.8464225258123155
18.95,0.18514760119480875,3.2980344463789537,0.268516199996811,3.0844040211167143,0.8375977745063838
19.0,0.1855757733449129,3.2527669886431236,0.27228530080199886,3.0536293047794763,0.8391713939505897
19.05,0.18351470372141043,3.235315018545094,0.27759230548685676,3.018494821817523,0.8431268282258282
19.1,0.17275711788967904,3.2091632538699093,0.2903226534909802,2.9991110409430877,0.8478448116318376
19.150000000000002,0.1570923130301361,3.206013587876034,0.2813780990697385,2.9947926270572847,0.8425611386629551
19.200000000000003,0.14431306897663157,3.208711511910693,0.26914486689322337,2.984841816087345,0.8523508977547373
19.25,0.13767369515247369,3.1989487480284664,0.25083258733629477,2.9741376898741403,0.8560297129564945
19.3,0.13147649881020224,3.1852300816941423,0.24636148083899567,2.9528040506380773,0.8686886490423428
19.35,0.13310775843440084,3.173041440761346,0.23573034544503957,2.923688878687557,0.8665026619223093
19.400000000000002,0.13451340680862509,3.1664964047411472,0.21212323802014213,2.8947541390193825,0.8809724621874384
19.450000000000003,0.13648405991842394,3.144024234811455,0.21340218838280747,2.874460175470972,0.8864420927018434
19.5,0.12520613126161625,3.110618891337594,0.19946677572930796,2.8597139337473405,0.8815805809682737
19.55,0.11840258425692678,3.0758013835889133,0.1945776828342759,2.8390542767903195,0.878722126600749
19.6,0.1269442739558181,3.0511160447322045,0.18376858797180878,2.819832544457132,0.8886632555309962
19.650000000000002,0.13376852933962774,3.0267314059013346,0.17286128274483128,2.8137603739024777,0.8840985106433673
19.700000000000003,0.1323464798827351,2.9901580585008207,0.1455771273540113,2.7953630652996457,0.8825688592453038
19.75,0.1426227407879467,2.9701532985851014,0.17186848865220022,2.7761076808521143,0.9008402143446879
19.8,0.12031891157031248,2.951972394460097,0.18193956652825494,2.7596431719739525,0.8758801176312538
19.85,0.09670259728195621,2.9370457816624436,0.2301732434981794,2.7355764164122784,0.8619097076641967
19.900000000000002,0.0798620158190528,2.937398536556416,0.22720390044792216,2.7084826927659824,0.8253900092020315
19.950000000000003,0.06776359497223432,2.9345438518065974,0.2094861095432387,2.6971808767230345,0.782792652021186
20.0,0.06629207816246253,2.9298256364532587,0.20971914039298642,2.676647707505435,0.7669143442327646
20.05,0.060247053297457796,2.9220347958883837,0.2188552007633733,2.6711068585192392,0.7545928675603145
20.1,0.05170041704033321,2.9154459315577212,0.19559961986766483,2.649405781209653,0.7238324688838785
20.150000000000002,0.044552036441136894,2.9106663411691085,0.17507623562347105,2.6364998983806016,0.7341123144435587
20.200000000000003,0.04291824821090916,2.9019310692123015,0.1618809847382673,2.622925106595851,0.7625029196598123
20.25,0.03746934496637057,2.885773274772078,0.1419196830735381,2.5843092534813477,0.7722903318990623
20.3,0.04593809200377831,2.8677776006300597,0.13287780908502558,2.574627648039382,0.764262011083397
20.35,0.0731653087495153,2.8577835024501326,0.1367718013385488,2.5426820983877043,0.7778770402036387
20.400000000000002,0.08642318999921689,2.8400577358152703,0.15084088507494303,2.515282797718974,0.7710201792186004
20.450000000000003,0.1128054804555953,2.8203080693532816,0.13282886186642542,2.4984670533453364,0.7538200037090729
20.5,0.13941239071928802,2.8047796291456324,0.09721151332475485,2.48284401634465,0.7590470660827867
20.55,0.11805912441638579,2.7946343070584065,0.0633876517999155,2.4656129024174667,0.7821698093845666
20.6,0.07922721062427096,2.795132397181719,0.05557489437983446,2.466514032698671,0.7936718277382165
20.650000000000002,0.054622477330917685,2.7911241638199003,0.02467079521699365,2.4370133015667634,0.812421099622112
20.700000000000003,0.0630611258274954,2.7772847349836707,0.04833984934414437,2.437562840138633,0.8394648350561299
20.75,0.07203789217377482,2.7603454903850824,0.07321493843837654,2.432272719697975,0.8392596726662885
20.8,0.07269845142760631,2.7363599655508146,0.07477962377230263,2.4142737077349348,0.8246647627965453
20.85,0.07432049930221996,2.7150432275307286,0.07688312404743831,2.379546093812999,0.8218384232931584
20.900000000000002,0.07737134913297061,2.699911505347343,0.07593096428327316,2.3686153735763957,0.8199537643633649
20.950000000000003,0.0830177499127718,2.6829439819893315,0.07881713840817027,2.3376663008085954,0.8265403361605351
21.0,0.08724349904152191,2.6630557075442143,0.07864004798161926,2.330279604498797,0.8438663138704585
21.05,0.09267493603472501,2.6443395061465247,0.08387321612180318,2.332078698370478,0.881471930814687
21.1,0.09538499432518638,2.625757690072729,0.09358098671921775,2.3195934730810257,0.8953137602644244
21.150000000000002,0.09373628038351862,2.6054800471744652,0.09711941254084584,2.298567977167519,0.9031515625847266
21.200000000000003,0.09933178526474891,2.60022427160487,0.09876915503468575,2.2897273283496085,0.897521168318159
21.25,0.10512840512145312,2.5839788384044153,0.10478905536297355,2.302145665683396,0.8814602088451118
21.3,0.11431129012169648,2.5710050795492507,0.11503425583608251,2.2909691964513623,0.8516873854455843
21.35,0.1261507125383944,2.555776455155097,0.12233079100024506,2.272561707912054,0.830051905235468
21.400000000000002,0.1368999160322782,2.5276587918818687,0.13415018825689343,2.2222566125948515,0.8334773154327397
21.450000000000003,0.1522211314004117,2.4969414433122816,0.13974264310493015,2.1920993924410364,0.8133182413223558
21.5,0.15576647759656045,2.469190609642108,0.14035961394589172,2.150395457827844,0.7852010001694738
21.55,0.15867562565587376,2.419241590124762,0.1446071223357893,2.129126598039359,0.7229246024373095
21.6,0.16715840196773307,2.399956455502127,0.15202993142394353,2.1009012118503523,0.6999486191705523
21.650000000000002,0.17325796417935624,2.3823946952751958,0.155268304554291,2.079346092709892,0.7210176192788511
21.700000000000003,0.1756171814735448,2.3632978455452154,0.15865523833550407,2.0654762400420337,0.7240062701298131
21.75,0.17727744856665442,2.356585090182663,0.1673629131020356,2.03920082428867,0.6864719613639014
21.8,0.1796853793687323,2.3395905710570504,0.18155048178601849,2.0326611902648284,0.6755102760117166
21.85,0.18384250333018826,2.323113248992337,0.18723139424598584,2.009748122348885,0.6705902012627423
21.900000000000002,0.18911886510284762,2.293168306041993,0.19042369326569017,1.9691335451396161,0.6627546177814044
21.950000000000003,0.188918095500921,2.259915428959947,0.18781436465608178,1.9463973889790944,0.6548627794548654
22.0,0.1952837694545311,2.2366592794530145,0.19211123968985527,1.9083334729677575,0.6066450213241701
22.05,0.193529483081238,2.202769006927597,0.1973489354340223,1.8805017399925534,0.5564989864189979
22.1,0.18957893953365346,2.164401721997185,0.20375692499558248,1.8558713500764368,0.484263378748952
22.150000000000002,0.19224834666326468,2.149205037430218,0.2149602644123624,1.8351089027892689,0.47131783911472475
22.200000000000003,0.18995734197598782,2.122388351740754,0.2323173510599074,1.7878218580986254,0.4155172694713445
22.25,0.19097353923278412,2.0974616471554395,0.24393165090070273,1.7492438705874538,0.4351537417486156
22.3,0.19151196224220057,2.0753369528875747,0.24234245624831902,1.706451638946254,0.43541863889514015
22.35,0.19562123279882615,2.0525080299570284,0.23520438286406825,1.69086317982093,0.3781365392616822
22.400000000000002,0.2025031199791118,2.0310427997171083,0.23464725065542416,1.6681510339270846,0.3505434790638225
22.450000000000003,0.21094595028784052,2.004630341392429,0.2336131384583463,1.6417229379741405,0.32704516657780613
22.5,0.21456069633940736,1.9936076278280987,0.235491230897706,1.620024368520868,0.29824061825092285
22.55,0.21520445815354144,1.9803640722883107,0.23596590156150846,1.60646452469659,0.27351191353186793
22.6,0.22133893703176208,1.9711981061042139,0.2401286453514885,1.5859535128707911,0.23346212106826755
22.650000000000002,0.23234631021420482,1.9634846148570475,0.25112488248989695,1.576901036707082,0.20677200814771318
22.700000000000003,0.23309623016303943,1.942946264398854,0.24910865628460355,1.5556112116754022,0.20238536013806957
22.75,0.2346931784759102,1.9224558566104795,0.25219607832987057,1.531992841662679,0.20794769320620507
22.8,0.23985039535608071,1.8973681257732045,0.25601331862563376,1.5215111735422415,0.21605751324714795
22.85,0.2552039240794254,1.8806495294906753,0.25597003435915705,1.512816185137388,0.21779374919219335
22.900000000000002,0.27111790645497924,1.8669133835858072,0.24789524509208538,1.497739729235592,0.1994488093220818
22.950000000000003,0.26913517669533155,1.8500117854690588,0.23902983548646659,1.4979487585941604,0.24827152469945493
23.0,0.25561288013073963,1.8394441017200491,0.23519370690146743,1.4865731805734101,0.19318823281870182
23.05,0.251778372989668,1.8230744756163038,0.2310613679232215,1.4631725593954326,0.17109459648526457
23.1,0.23763137708180557,1.8076040325982463,0.2219745637283126,1.4499939077913744,0.2006352243501804
23.150000000000002,0.22616941598348494,1.80577943987768,0.20829931739586827,1.438020632946492,0.20395068751662507
23.200000000000003,0.215301028123791,1.7980073483905359,0.19885066807549012,1.429757498653247,0.23949429484357831
23.25,0.2115017658378964,1.7893446690755348,0.19321724500876833,1.4100419338760453,0.2924779983544115
23.3,0.2055720651277047,1.7674394276432657,0.19061600846638224,1.3845265221193586,0.27338633754810143
23.35,0.2045819616386012,1.7451440633361095,0.19400549720172136,1.3786523325775764,0.28885115833921043
23.400000000000002,0.1938303722769965,1.7495594834641517,0.20050790268783633,1.3539835885203213,0.36867237164796285
23.450000000000003,0.20340078842935555,1.7403926731587476,0.2049053337435684,1.3592330724984965,0.39841525826168517
23.5,0.21474622054324272,1.7264676496614726,0.19544362995194034,1.3482941959395145,0.3858412826290764
23.55,0.21288073016549106,1.710484750314005,0.17958537259042764,1.3312845100263089,0.4040803100849258
23.6,0.21293843280249536,1.7065136146274948,0.16348093280799242,1.3102289790232409,0.37425906130412706
23.650000000000002,0.21771668483020376,1.6992257489418858,0.14647824823595335,1.2977533098326892,0.2957682396844353
23.700000000000003,0.20201932395828914,1.6956302615269774,0.137364247533772,1.2977607220296115,0.29981271290385797
23.75,0.19598023398935202,1.6869329725070596,0.13633308768142785,1.3016707434544488,0.28871140433811043
23.8,0.18592396507865214,1.6727030837324903,0.1257415122679378,1.2885154196202027,0.26647582102869327
23.85,0.17983038500009818,1.662109598777496,0.10684433725905067,1.293785757907999,0.2802861419284206
23.900000000000002,0.18384952271696417,1.6364212390316666,0.08815119186105143,1.2849851652848194,0.25792049601698713
23.950000000000003,0.17463844625776054,1.6506048345966373,0.07886469779753011,1.2750150756005207,0.20945724864934256
24.0,0.17692108593479686,1.623841233416461,0.07370411012425336,1.26847974499224,0.2158660033845393
24.05,0.19009051943674127,1.6074356714494984,0.08431124389812705,1.2540132246999969,0.23927044111370688
24.1,0.2027500263426355,1.6045873126472001,0.07623911832937443,1.2431865914552178,0.18769252937085185
24.150000000000002,0.20239391519569708,1.6183995353878968,0.05721801760764088,1.2396695701320783,0.15073468665380113
24.200000000000003,0.193558899585653,1.653807729663956,0.03313624330453185,1.260973701574006,0.14847286539518548
24.25,0.1858322284284366,1.6882691940332484,0.024844767766829368,1.288249720768942,0.14033985304016444
24.3,0.1773340410797585,1.7014697940905905,0.02135725513993005,1.3097608260730442,0.13886176469157765
24.35,0.168245065404756,1.7139088584904314,0.023601094797847583,1.3263663688072758,0.14462956536592414
24.400000000000002,0.17327906602404483,1.7421943695639681,0.029610869654865538,1.33456452058877,0.14113310275759455
24.450000000000003,0.17861383912504414,1.7661203245387656,0.027546366250691942,1.352864640133873,0.1648653487093852
24.5,0.17255604305649794,1.770426305183289,0.021173092431905037,1.3724122168542925,0.1646853139123696
24.55,0.16844673420805703,1.7664783118529161,0.042513928077018516,1.3666586782873558,0.17005647771501894
24.6,0.16693438352592338,1.7834100710397085,0.05640330620465004,1.3589714729956544,0.18643616504997065
24.650000000000002,0.1709244689427423,1.8034278946124267,0.0630668054504958,1.36587038670319,0.19594340866358775
24.700000000000003,0.16987393350495386,1.8118585231428572,0.04584808237507466,1.387320897939751,0.20611273304499947
24.75,0.17965134340075725,1.8229566205721146,0.06882654808499537,1.3896086597203383,0.22272608044239528
24.8,0.18537071294171806,1.846132654708292,0.08025578676757827,1.40681305128255,0.22605543098398584
24.85,0.1872886480649131,1.8529345448421308,0.07125719654718812,1.4034082002952737,0.203429351344833
24.900000000000002,0.19403668920449652,1.8330306443802167,0.06899538446642738,1.3951595038265348,0.18551984500119675
24.950000000000003,0.20015922730545416,1.8137775783998473,0.06132519363501611,1.3744070236388093,0.18101746273004982
25.0,0.20481658869629896,1.7792288422895306,0.06652348407869559,1.3671723892534073,0.18917169479831036
25.05,0.20676397951801384,1.75732288032042,0.06978433781953389,1.3519086350929708,0.19256267013372755
25.1,0.20568612842941114,1.731772969060545,0.07277615880833523,1.3448798417606913,0.2068540033378481
25.150000000000002,0.19607029298402232,1.7135312937515221,0.08314433239111171,1.3252209244537865,0.21034232954777904
25.200000000000003,0.18410798746880921,1.7143451580468656,0.09509643539770787,1.315956872253598,0.213642243582702
25.25,0.1752721598891297,1.7107385810205131,0.11202926166214186,1.3142474433599474,0.21508610962385527
25.3,0.16304708748765737,1.7244948164183085,0.11891377273005278,1.3243080898686461,0.19751729975703697
25.35,0.1422169261255381,1.7301974070723005,0.12703027635112132,1.3499805796267907,0.1906628931437426
25.400000000000002,0.12213705406538848,1.748814424243238,0.11443470090833303,1.3445990070624017,0.1929408197781317
25.450000000000003,0.11069795547906568,1.7472006911499631,0.12562956434197367,1.3620263352316113,0.19958376521842802
25.5,0.10516023038585404,1.7548911877332705,0.13249879739398807,1.3761217607126353,0.20168079482924633
25.55,0.0903629939355921,1.766851760371918,0.16531282777155215,1.3898381028703768,0.20573181165683155
25.6,0.09144463899898402,1.7683035305902484,0.20439595251060247,1.415849051349436,0.19461989939913996
25.650000000000002,0.08491985731470601,1.7965047387459878,0.2476692423148906,1.4273458762931501,0.18598294671864493
25.700000000000003,0.08547587119079945,1.82827502822176,0.26349005962762856,1.4623666134022892,0.16973014569369627
25.75,0.08440977932939991,1.8448218057476355,0.28415835143668194,1.5017280532204715,0.16504118450058014
25.8,0.08445273948037037,1.8668156038053136,0.30822929364507545,1.5167151526419203,0.17347576359779682
25.85,0.08687286684958238,1.8752792099107132,0.33018791179972684,1.5383461248510553,0.17643008727767212
25.900000000000002,0.09736255077585837,1.8978588020646818,0.3253183473430737,1.56000932175746,0.1598646421050648
25.950000000000003,0.10368926178949374,1.9041567951792036,0.32347531087121073,1.5811197955250877,0.15522650834938656
26.0,0.10531099615102096,1.9120078840321906,0.3338065858683298,1.5835623115955633,0.157820597743826
26.05,0.11046930474086883,1.9145741559523546,0.3406471337792579,1.59342008541838,0.15120261123217082
26.1,0.12468909059155799,1.913676790365582,0.36997047779554976,1.5968043769250246,0.14958037985691924
26.150000000000002,0.13619036779836086,1.9198071209158483,0.3903611707537159,1.6030542332304158,0.15983735050389652
26.200000000000003,0.14434237625084773,1.9326041929462945,0.3893460997570729,1.620438156779357,0.16439736452523876
26.25,0.1568050637638082,1.9399925244744403,0.3868033480209089,1.6311832050216595,0.16940203289065764
26.3,0.16029769143255787,1.9468392589904393,0.3773801946529057,1.6439116500617126,0.16322843196178
26.35,0.16229771398375417,1.946421150206512,0.35084780502105134,1.643327089974854,0.16891481944649303
26.400000000000002,0.1688952735703021,1.9480565179104945,0.34765794083084844,1.641272054342473,0.1877359752142137
26.450000000000003,0.1872461200684795,1.9419291818676516,0.334174228427787,1.644716961249651,0.19518384134784192
26.5,0.20732039194660137,1.9386061220399027,0.3089800735634043,1.6378461192772695,0.19123907042936863
26.55,0.22212970965753667,1.9325364251483312,0.28345478960511983,1.6366281730509016,0.18064503508868954
26.6,0.22497758525564657,1.9309490283098456,0.26018392262493006,1.6366795695215264,0.20084410397582586
26.650000000000002,0.23073759812553826,1.9304303834291332,0.23748869656838825,1.639540311660284,0.2168674325883792
26.700000000000003,0.2316281458129085,1.9243318091397181,0.1882641926583633,1.63720225406167,0.23617744547102054
26.75,0.2278592567009498,1.9197974348185147,0.1877050407459916,1.648561033658037,0.2580397660489079
26.8,0.23816088067182625,1.916366501133616,0.18242699354366135,1.6484632520425746,0.23150030229932975
26.85,0.24577713388501826,1.9109002377889015,0.17590604352506783,1.6412387332102243,0.20756498183215774
26.900000000000002,0.2504727498647789,1.8953532952063874,0.16271708123607037,1.6267589953642447,0.2152444835336348
26.950000000000003,0.2522218081305023,1.8775997838814535,0.15653487559332716,1.6096553639119142,0.222846878015474
27.0,0.2620541529882867,1.8610918228912008,0.14208693706245604,1.588968032121175,0.24096957710696512
27.05,0.27264199784006354,1.8660435436829248,0.12622188321227554,1.578614012945468,0.2730208664840394
27.1,0.28286161645374613,1.8588146048595988,0.10741475408901562,1.5661984716029196,0.30860696915744773
27.150000000000002,0.29214363937663745,1.8590259544069418,0.08574127353518161,1.5721966938889258,0.32403718061136133
27.200000000000003,0.29902173043310837,1.8476051570454188,0.07681850050121675,1.5823091990776101,0.32802631828218143
27.25,0.30982152528907153,1.846963403312386,0.06937483985002901,1.5665990818359918,0.3259473216009697
27.3,0.31220510997963197,1.8386309940504146,0.05726460298465672,1.564273550284231,0.3435750665533627
27.35,0.32276146065225775,1.8449833322968798,0.05058269994370551,1.5496330405830074,0.34592350085843965
27.400000000000002,0.32892913816013936,1.8292925360203456,0.05073768943234322,1.5510122205570858,0.33898006722610496
27.450000000000003,0.33524371687026744,1.8366935412915801,0.06331145149563522,1.5406983805578813,0.3330789897553494
27.5,0.3445667168705225,1.8072404040676766,0.05886690215850087,1.5309446794469495,0.3499742661948153
27.55,0.3526711189405252,1.7945975912730279,0.04226800479788938,1.5181886504217577,0.3522828761456321
27.6,0.35127053802381636,1.788296503485828,0.03590784959190477,1.5049222607735018,0.36117595953654713
27.650000000000002,0.35224509356530115,1.7886228997363594,0.022167737592630944,1.502938115726881,0.366112588151814
27.700000000000003,0.35679487543554894,1.7898025098577743,0.01852243280742685,1.5139418400567586,0.3714710737389725
27.75,0.3600140591781224,1.8102706630525152,0.024812041109017646,1.5208876830240852,0.3715944214496784
27.8,0.35824466475644995,1.7924617322827903,0.03640136715035814,1.5364320250818126,0.3814721838424619
27.85,0.3646862359859837,1.7920276749847484,0.030318520639488707,1.5339860086736512,0.3803965327537041
27.900000000000002,0.37084211718515736,1.7928138135704383,0.03674197405619668,1.5359556636049287,0.38971056821892386
27.950000000000003,0.37031906144129423,1.8046173516506119,0.03552662572965281,1.5220356768952579,0.3983242635383584
28.0,0.36571211539607074,1.802554096730931,0.0406501942709558,1.5201640065781097,0.4070149461075705
28.05,0.35995141497050354,1.7937754162887305,0.04220506969439425,1.5381358676049024,0.4059774713440729
28.1,0.3546902658253133,1.79047775397729,0.047574927982214625,1.5226897687511771,0.40982338331297546
28.150000000000002,0.3557715097106029,1.796656421929421,0.058540424079007704,1.528614787511671,0.40446539854218555
28.200000000000003,0.34546268588998585,1.7956276958000446,0.06676096385417321,1.5211021786346495,0.4049029037996028
28.25,0.34244870783956716,1.7968839889075443,0.06983444050728362,1.5019054190061594,0.4080643666794066
28.3,0.33284373558656627,1.7804836941880957,0.07334737637340226,1.5182594393817082,0.41095927790921855
28.35,0.33129418324415943,1.7605428172995523,0.08579475383949334,1.5139358143168624,0.41165602711209687
28.400000000000002,0.308646102520791,1.7608529111529188,0.1011341645212168,1.5042414302349219,0.4152087756956348
28.450000000000003,0.28667278593617396,1.7570337705702694,0.11613201730474103,1.5090914150046353,0.41738047493817276
28.5,0.2923293628738738,1.7477879462255006,0.11741459413899852,1.497342016903215,0.4263306704779123
28.55,0.3049393668437703,1.7475783303588526,0.12171422623793383,1.4845832239554322,0.4263875742301617
28.6,0.2910023508887723,1.7381501743706724,0.11860821789634898,1.455163102667955,0.419222387230639
28.650000000000002,0.2771861651135672,1.7199980621616486,0.09993642259948203,1.4449749590431544,0.42101759659618093
28.700000000000003,0.2660919461147412,1.7229855060473074,0.08658817596639236,1.4362826930890655,0.40252009111815873
28.75,0.2521429759817599,1.714377305984383,0.08575161599498812,1.4330326379520588,0.398475073926143
28.8,0.24492487391958118,1.7073528098417756,0.09658850077821446,1.4236223523620122,0.37652634969161125
28.85,0.2333019908025685,1.7109017777223625,0.1080612516262407,1.4110848431424514,0.37184638098018064
28.900000000000002,0.2353921990492718,1.7093515327582105,0.11028463275403205,1.4227866982192752,0.3676536910642622
28.950000000000003,0.23743224781801187,1.70782795561917,0.12473548986693475,1.4158542445762103,0.36568094126460865
29.0,0.24360875545984295,1.7064431187787925,0.13166304196946116,1.4084836694495757,0.36933241192041444
29.05,0.27422776313266983,1.7073089393696153,0.13819664633544704,1.4051228498131987,0.3829100497833154
29.1,0.2886915656512354,1.7162983897243358,0.1481838473142727,1.3968068167070338,0.40992964877058624
29.150000000000002,0.29745962795945563,1.7093555699823757,0.1521797953999895,1.38646709834704,0.4311633264646059
29.200000000000003,0.28573951856431434,1.701793836127915,0.15837365328495748,1.3735936622677758,0.41964026519832737
29.25,0.2823931119576945,1.7023154550429416,0.1638657108939976,1.3765951494168014,0.393736999448086
29.3,0.27261351666346345,1.7007002413192955,0.16149106414575468,1.3862185681144208,0.3761648246357784
29.35,0.26901929290670445,1.6975817906437496,0.16154201703094107,1.3755103623650728,0.38131786514041294
29.400000000000002,0.24706803700007393,1.7039224205075407,0.16355585421759172,1.3605778415013585,0.391193048167725
29.450000000000003,0.24591198002117107,1.708774402707833,0.1797081994390949,1.3537540601379463,0.4026463224639669
29.5,0.2421247155344868,1.7040183548644896,0.1947078366222917,1.35571622599562,0.421992353579872
29.55,0.2616824136626368,1.7118755202884526,0.20085713608955594,1.354870202191878,0.412061976561601
29.6,0.2738450903136637,1.7149192595138696,0.20756178025025493,1.3638912277385973,0.40028979629233924
29.650000000000002,0.2633116744998055,1.7095563567561034,0.2061846480076537,1.3616779300314783,0.4149291986763883
29.700000000000003,0.2518601528050776,1.7142461909005744,0.1986174788175356,1.361443566613938,0.39990484694874734
29.75,0.22200424557324527,1.7136028241393497,0.2045747207777053,1.3529155488158418,0.3688081287942195
29.8,0.20854142786504865,1.7147164675489306,0.2045816188927358,1.3607982686045907,0.3547009551514938
29.85,0.1878332048462284,1.71470068512844,0.20108424926048052,1.360111368594902,0.3510808186250328
29.900000000000002,0.173949047059813,1.7071941767780943,0.19760796542765424,1.368083864791392,0.3315946765094553
29.950000000000003,0.13145786140782945,1.7131904336456965,0.19677789173745538,1.3776695709881441,0.31869867351177333
30.0,0.11305037174453851,1.725220268435043,0.2050703818664832,1.378662837246717,0.31766972293103934
30.05,0.08392017702237373,1.725285221136518,0.21100993527413528,1.3809259573688828,0.3211349127829031
30.1,0.08498331739549463,1.731744438946508,0.21757429792104113,1.3864366653328042,0.31848856486395744
30.150000000000002,0.07247717113151789,1.7402176500196098,0.22001408727121902,1.3853203025658125,0.32701366110823377
30.200000000000003,0.05828906176148198,1.7537778859147697,0.2363178560732534,1.3939083558927186,0.36166596827799496
30.25,0.05037490104872485,1.751238598615333,0.24999314772216424,1.4006730489023678,0.36429007125160884
30.3,0.05840384108394988,1.746914695469944,0.24911633249670995,1.3957653417930156,0.37535679654526505
30.35,0.07625226038907651,1.7496240507977898,0.25102812704507654,1.3884675658498413,0.3811575515316166
30.400000000000002,0.10103343653032842,1.735664894426086,0.2443468523156373,1.3820217888618913,0.3748034300257144
30.450000000000003,0.12850638016570623,1.7196863236485338,0.23736428854478925,1.387708703191378,0.3650854735024564
30.5,0.14564682601102216,1.72631480752857,0.2294285303810545,1.385738700566634,0.35490786406530145
30.55,0.1591160399747194,1.7097265951837815,0.23521273060783954,1.3765936205926925,0.3303232801475654
30.6,0.16953584945163264,1.6851412402602437,0.2307835261732299,1.369519944593089,0.3053000353685984
30.650000000000002,0.1824162856069485,1.6760594831354705,0.23651089762236327,1.346144216485588,0.2868887333126723
30.700000000000003,0.1815585663310499,1.6691408679345179,0.239057773225953,1.323505373697254,0.27942467971626783
30.75,0.1921067671410035,1.6594914565989989,0.2484162036827023,1.314416050541616,0.27389492393615267
30.8,0.20144311695977088,1.651249035728923,0.2576077867527585,1.3110933390463315,0.2731747255315994
30.85,0.20193818442606273,1.6454507235578972,0.26184124211672116,1.3162340632298828,0.26449747785455846
30.900000000000002,0.19858727192524775,1.621243492654338,0.2646412569427047,1.322800345407759,0.2674631054536624
30.950000000000003,0.19576152236252403,1.6159196242928564,0.27666925800671205,1.3155567346840866,0.2615737132954724
31.0,0.18986463485475105,1.6142286544681559,0.28245037757877345,1.3071774999217696,0.26857198121190223
31.05,0.19303352915593577,1.603814367768223,0.29133639693983,1.2957302135708042,0.26672841548487014
31.1,0.19000747521647426,1.571747921517535,0.294602257207061,1.2863835974851594,0.26560678245301905
31.150000000000002,0.19012948867712892,1.5510126763244771,0.29605350543704456,1.239570639127314,0.2619586539788094
31.200000000000003,0.19208014970121015,1.528615461372371,0.2990599414367887,1.206877356275069,0.2467178771029398
31.25,0.18836751102528757,1.5109451882323501,0.3138126658103946,1.1970521367772613,0.2571051784970334
31.3,0.192280467307919,1.497831060872844,0.32309097827509975,1.1931568114483402,0.23550585789783507
31.35,0.20143576928232085,1.4701354988794022,0.33014587162209924,1.1688629180690593,0.18724511079357914
31.400000000000002,0.20231062124502078,1.4543882439492657,0.3403813037844736,1.1416255485783184,0.16672383916292577
31.450000000000003,0.19701511817600803,1.4265594443348317,0.3409856197693869,1.1191581335957825,0.1689922735563329
31.5,0.19335005597197977,1.4082284546228698,0.34641838369325434,1.0905842944168345,0.15150517575344266
31.55,0.19028509337735464,1.3869846116972862,0.35425740484318907,1.0727108567481811,0.17475398242996187
31.6,0.1920462232106654,1.3612024791235147,0.359424749386418,1.0502676447553752,0.16199686162137572
31.650000000000002,0.1968980260069408,1.3386171598943273,0.3646270402791377,1.0324987320485306,0.16877179729059288
31.700000000000003,0.2008632849286644,1.3178246631580794,0.36710015103708105,1.0056606870281355,0.18193704189524645
31.75,0.19651175721785288,1.299368169168711,0.38064901825966324,0.9711925744893476,0.19647302897144966
31.8,0.21089705547102192,1.2823536782331637,0.37686434165350613,0.9608155020439377,0.23023054505430615
31.85,0.21632481600889236,1.2595141763785025,0.3804208336376791,0.9579659449633762,0.17877519509654646
31.900000000000002,0.22774348571043782,1.2375520356658805,0.38927487660042487,0.9392901162218196,0.14628884449415086
31.950000000000003,0.23280530750589043,1.2343540152497234,0.3840863074211695,0.9181398257959474,0.14826913780555706
32.0,0.2461213816550516,1.2242525175097947,0.38526592073844573,0.9073230488719553,0.14441388200938976
32.050000000000004,0.2443983333346028,1.2117904503270014,0.3806025131827475,0.8986171221967539,0.14836904065879006
32.1,0.24308835157591774,1.2059807590001355,0.3789828554737609,0.8881661452139453,0.16629230809249104
32.15,0.2492831471830923,1.1964666185987671,0.36830337110885975,0.8775962074142797,0.18268169510588558
32.2,0.2606795244645631,1.1826126367790841,0.365549743743698,0.8782564343886786,0.22185042180352396
32.25,0.26585324827637236,1.1699484387368824,0.36992944137292333,0.869587052012136,0.21055973536239933
32.300000000000004,0.2790183953021913,1.1660747572001018,0.35478018103176134,0.8695098360453438,0.2224735544995394
32.35,0.29379155073900315,1.1464920791519169,0.35431300729796883,0.8563374014810168,0.27687333195935454
32.4,0.29911678791158053,1.1404357672537935,0.3448296900017018,0.8447431761291725,0.37827644320572096
32.45,0.3018184253046883,1.117307338069307,0.3471939260645671,0.8512121379822203,0.44794801831659015
32.5,0.2989764125996088,1.099646647552622,0.3522677781212687,0.8339007513931395,0.5526050784029939
32.550000000000004,0.29544839786813615,1.080686437940898,0.35904483949072125,0.8144939378131009,0.6559586890229044
32.6,0.28561662246672503,1.0660013506315074,0.36268720506697655,0.7928691069734571,0.5686455501389308
32.65,0.28331306024753455,1.0544380747943891,0.3570060700727615,0.7725913337797026,0.47459003440399594
32.7,0.26828294036023176,1.0488519084774934,0.3644591871327686,0.7698559493440595,0.4484919664416726
32.75,0.2584985270141488,1.0398878015293114,0.34267062874721316,0.763614516808284,0.4679990031011226
32.800000000000004,0.24194682029649184,1.0402169723911525,0.3496095857358448,0.7659074415444906,0.5468239144669276
32.85,0.2374878362839774,1.0356568837508253,0.3438858061582059,0.7665934827590344,0.5538852882625562
32.9,0.22428830744148692,1.0458610464573501,0.33034992622270404,0.7662880227559523,0.5324747229860314
32.95,0.21249075572720857,1.060208382363057,0.2983168102334269,0.7699519793447067,0.5555627761408601
33.0,0.2180387114486162,1.064405667300183,0.28988795958905483,0.7777030249503973,0.5497901598816641
33.050000000000004,0.23531643014741138,1.0530210381121499,0.28745313972188313,0.784246612413544,0.5172889169703142
33.1,0.25231481978894715,1.0610523967061816,0.2916584417358043,0.7869547989546593,0.48586470564145195
33.15,0.28518417157573156,1.0511378884386435,0.28950943991792577,0.788338642134164,0.4854972079903457
33.2,0.3094191450144115,1.0441553950333222,0.2647127761795016,0.7783311432220242,0.4646526970134586
33.25,0.3222911646161517,1.0457231317730795,0.2635904090458687,0.7722994203321951,0.4535314501921597
33.300000000000004,0.33385575434134385,1.0416543055965963,0.2596975249633372,0.7619709954144275,0.4555882653329189
33.35,0.32615742013421806,1.0602122807374519,0.28847909387315573,0.7550234922858547,0.4502921056151502
33.4,0.3109976050772308,1.0501773378732446,0.30585409197993074,0.7448092853655276,0.4204662464319991
33.45,0.29021734163344964,1.0404928897659704,0.2958283685725217,0.7299931718135939,0.4102567685874238
33.5,0.29127798934225874,1.0257256072838123,0.29020818818006366,0.7195274013981997,0.41985536203741397
33.550000000000004,0.29419363340247623,1.0136927450273976,0.2853363412699229,0.718356054255365,0.42084030638659736
33.6,0.27860690978966224,1.0185166704693467,0.27593636947409417,0.7140212634183833,0.4425585316802065
33.65,0.2582249669474871,1.008214541923893,0.24426313958885262,0.7135190089379321,0.46416583248001225
33.7,0.2726046720432547,0.9841760743381557,0.23116344820493112,0.7307783570115292,0.4663062521011587
33.75,0.2717270183197216,0.9937085990384998,0.20846593044529277,0.731635689714979,0.4905373243079084
33.800000000000004,0.2749642159524395,1.0113814351476842,0.18672500232779324,0.7524072030744219,0.4596577923423423
33.85,0.2585891868645521,1.0240856855212745,0.1766176049472926,0.7611775140447634,0.46915581952808694
33.9,0.29129088876742826,1.0179502645064002,0.16421312055887985,0.7713086528256458,0.47110823680914704
33.95,0.283543468752977,0.9950133649909554,0.1618720516034008,0.7751170377881647,0.4667953417388003
34.0,0.26921854173936377,0.9888649722886762,0.14463721039944225,0.7729045846262459,0.479239281003938
34.050000000000004,0.2611436487843598,0.9893031180559333,0.12630443808874806,0.7837936918274742,0.5133681721922404
34.1,0.22643040357542124,0.9915095574885276,0.12136597956038489,0.7957820300594982,0.5255462979856352
34.15,0.2141613813212909,0.9858124960452322,0.11006360926493096,0.7949601823035946,0.529951827933521
34.2,0.22033011379250017,0.990451723515851,0.09885632384683866,0.7975416700775233,0.5416009934557127
34.25,0.21361120870508513,0.9734523240171079,0.0982657624226497,0.795008499042989,0.5334374351975456
34.300000000000004,0.21322547884992676,0.936031565305987,0.09897060304591529,0.7652584506988701,0.5202788621685966
34.35,0.20364903448310284,0.9018252913520278,0.10167248040113162,0.7433519922856833,0.5207535063088217
34.4,0.2026064117950131,0.8943880557860008,0.09066475057174307,0.7276803852042149,0.52169371132434
34.45,0.20983079784272138,0.8793182283941005,0.08284307015644175,0.7378669919324982,0.5207957537399398
34.5,0.20613852110252198,0.8694897150176363,0.08919482658734287,0.7255600104794026,0.5177008228462554
34.550000000000004,0.20890516779706594,0.8677240508747919,0.07463364506909752,0.7215621947875293,0.5077506009979055
34.6,0.1981253926105838,0.8915019271572343,0.06514549947348233,0.711136519139105,0.5091366094799732
34.65,0.20607194379580693,0.9012365766044219,0.07503870184799351,0.7223317112403445,0.5256565720445623
34.7,0.2004265927476708,0.9026930133399387,0.08555810606817893,0.7179216088318674,0.5375638852580129
34.75,0.18149435155844298,0.8930040675350347,0.07944170892748627,0.7025345167277045,0.5125894194959137
34.800000000000004,0.16041764059838723,0.8934715018448601,0.053968350181899535,0.6930724511017381,0.49806981682421514
34.85,0.1282144930215759,0.9074905520611665,0.04384194224825562,0.7080440445068358,0.5346562513065056
34.9,0.11614955691624743,0.9169518590906804,0.04282665164014738,0.7307469906244497,0.5085300291029049
34.95,0.13689814999226396,0.9234708485585691,0.06593913759736461,0.7205439480827867,0.4918114989146607
35.0,0.16291824007928388,0.933170880007633,0.09699439798367722,0.7349259117176908,0.5009642159890677
35.050000000000004,0.14717313734532123,0.9491752506495359,0.11333908732480658,0.7517800323243232,0.5215781291156761
35.1,0.14602280765705486,0.9388096749514379,0.11439480310151542,0.7608342920446413,0.5409646162084178
35.15,0.146086678625084,0.9469848496079074,0.11150925966155599,0.7709028257146678,0.567268747180822
35.2,0.13105567196935738,0.9414418501379718,0.11643459108250005,0.7623409056580414,0.6132380694125039
35.25,0.13061767418235323,0.943306347240932,0.11432023056928413,0.7532461028902206,0.618595078781939
35.300000000000004,0.12344547898698494,0.939245195942099,0.12946020030526356,0.7481169930882853,0.6184708689332591
35.35,0.1191183968599387,0.9449818677795373,0.13791252505365595,0.746224656288287,0.6164382654767638
35.4,0.12148282650782484,0.9611009582124164,0.13398589523450855,0.7592492815012182,0.5885068037101889
35.45,0.11751504094482257,0.9758812511378326,0.12445415417836203,0.7581733304671016,0.582378596109131
35.5,0.10879247350623503,0.9939617685880784,0.12483873944098832,0.7596882682796131,0.5640996793910019
35.550000000000004,0.10378076804929363,1.0021737520000054,0.11997682591928069,0.7579913183091745,0.5591672114439363
35.6,0.10521050143128435,0.9899487101459714,0.11710603883639267,0.7505209022447108,0.5345998304368059
35.65,0.10482244082061201,0.9739960745453667,0.12932238169006557,0.7387735672885429,0.510538586527006
35.7,0.10482020224745875,0.9730137744939276,0.12783292717395,0.7206744385646195,0.5267226088706016
35.75,0.09700842842764884,0.953000827253126,0.1254119049205267,0.7077647097328058,0.5372952078559411
35.800000000000004,0.09445578181360727,0.9442975618834896,0.12499056863200032,0.6801251119381843,0.5802913410789922
35.85,0.10109486871242117,0.9191091626373075,0.13378364275457863,0.6668098971952683,0.6116439799486555
35.9,0.1025287518111055,0.8989589037091865,0.13450774273582525,0.6692603234372653,0.6158097833349937
35.95,0.1033708049585567,0.8906579903465751,0.13429699599626627,0.6562566303695533,0.5977228286749823
36.0,0.10060240603666035,0.8857312433936856,0.12981096666972566,0.6481789577728181,0.5545743840228156
36.050000000000004,0.08557308088315423,0.8783851827321016,0.13308486918246626,0.6381347700813774,0.5607237977932614
36.1,0.07906280099844519,0.8761916566949758,0.13442161038832665,0.6325837114886903,0.563502411321013
36.15,0.06387913463889983,0.8906965685637224,0.14450643178270695,0.6346939351790576,0.5278399965025324
36.2,0.06091601725663129,0.8721123158178572,0.15052053160844714,0.6378636462105082,0.5040164366217238
36.25,0.07074679922509008,0.8733627989258772,0.1599876970679424,0.6395529529200009,0.4568220329515436
36.300000000000004,0.07671980715106604,0.8782459867048474,0.16083407947883227,0.6254793834368914,0.41804100510021686
36.35,0.07813618428708033,0.87393020616973,0.1677054485273211,0.6110058525741979,0.3912292824100161
36.4,0.08080354516556512,0.8740979554493513,0.17704052794292605,0.5991027051729096,0.38892541201469405
36.45,0.07111842318443541,0.8647697477442041,0.18322617023948712,0.5910097006617052,0.39634592446902694
36.5,0.06360798363009242,0.8541134067407692,0.18900652520438468,0.5807225621231384,0.4089795319996823
36.550000000000004,0.07334483174978759,0.8450210585726458,0.19617951847291412,0.5832163414133689,0.39551782345497705
36.6,0.07968703562995669,0.8329094296960258,0.20646409167488833,0.5787018038724377,0.39112532473604866
36.65,0.08399822343913896,0.8325059153416986,0.22106729986359264,0.5707862736712849,0.3955586898227006
36.7,0.09593281388312301,0.8382547807342383,0.2302055810126016,0.5683048029541359,0.3935509068638559
36.75,0.10692482922533039,0.8343737107820959,0.23983649365679752,0.5726991839099562,0.3779454931983372
36.800000000000004,0.11435074798402664,0.8399667711183257,0.2473597371250785,0.5639270674082618,0.39505883236987244
36.85,0.11949999854138538,0.8292348460811003,0.2528420905507685,0.5548171706598639,0.38403717282816907
36.9,0.13425132856637254,0.8217399310460186,0.26606352404866546,0.5700880058302947,0.3929870874449122
36.95,0.14287851833338636,0.8389803306345543,0.2734995362009367,0.5878162237337695,0.3854532318454225
37.0,0.15479811444658773,0.8563135321623702,0.2791282275582717,0.6011171377104954,0.3826601373085446
37.050000000000004,0.15809070507482129,0.8723514534190476,0.28878789628590606,0.6064930078133722,0.3868190885580818
37.1,0.16400194181254416,0.892847942226087,0.2956424296171536,0.6252905316131813,0.39618518377658346
37.15,0.1764172868123804,0.8916101307960688,0.3001165541377681,0.6389634121559296,0.4046223592390816
37.2,0.18221614276493847,0.8729964454848035,0.3223861345010592,0.6390801831834569,0.402377499232003
37.25,0.19327082077671595,0.8824119546077974,0.3225588830835826,0.650784613771625,0.4085924932573187
37.300000000000004,0.1992539304454348,0.8905809807524522,0.3205055359414574,0.6590041404660859,0.40734600728961995
37.35,0.20285584594764047,0.889845193979974,0.3130478806374059,0.6518443571038259,0.4106451223644301
37.4,0.21205490652823936,0.8779716445594796,0.31757499391070604,0.6686924885509012,0.4063591020441546
37.45,0.21786719080893868,0.8809972301601099,0.3198385487415537,0.6729786446471372,0.40226151221234113
37.5,0.22166127784432,0.8780872872206021,0.32088009293244274,0.6723967716595921,0.40532584981301134
37.550000000000004,0.22720124460029323,0.8682776647084258,0.32837607112029554,0.6605651181282916,0.39566958969143323
37.6,0.22706413038672027,0.8733089720938125,0.33500451064243564,0.6611634937696959,0.4074354093575738
37.65,0.23147264690787892,0.8682785043421528,0.330148166180865,0.6619041779772912,0.4144845381548793
37.7,0.23750096427947587,0.8915885904706695,0.3309095398285989,0.6628347372948076,0.41600729771785455
37.75,0.2517076589469497,0.8930910570529067,0.3107142126997221,0.6839448724443739,0.4056221727274385
37.800000000000004,0.2600881370969345,0.8908106179674918,0.3032117815118218,0.6849416272178595,0.4006224868967738
37.85,0.2624288495509075,0.8857044848599779,0.29915279826492563,0.6822070891801162,0.41142630687460824
37.9,0.26840424490994186,0.8854129482601663,0.29315321998861116,0.687023049378576,0.4039447403757372
37.95,0.28430978285861724,0.8751606146089203,0.3032409777058923,0.6947290789328697,0.4019580688271747
38.0,0.3075251005012416,0.8657814822459741,0.3129035599625327,0.69248545603895,0.41666491584707605
38.050000000000004,0.30206704512714877,0.8610473957180504,0.3042907863431654,0.687488500643588,0.4221478212907814
38.1,0.309846185022459,0.8553098160324292,0.28346147971004815,0.6792117838998273,0.42644009733147836
38.15,0.31762634739236695,0.851954126960559,0.2725585563100012,0.6672892288850227,0.4243879165884834
38.2,0.32167958145677006,0.8511173685040141,0.27148560385421555,0.6698668679709366,0.41472358869447573
38.25,0.31164641857845027,0.8606643906470739,0.2760353064197632,0.6674153497310532,0.4271425054084854
38.300000000000004,0.30672252920732795,0.8655494863159932,0.285975860483856,0.6669019750401319,0.44654647153643146
38.35,0.30764088602811535,0.8618690252187136,0.2829690537876581,0.668676747546335,0.4599415900605467
38.400000000000006,0.3082375920351888,0.86527853020275,0.30461516349526874,0.6725075258910233,0.4587273210911805
38.45,0.3131234714902978,0.864499575731247,0.33137086629541085,0.687599986831654,0.47194096414981307
38.5,0.3220380518578922,0.8591077431313883,0.32461953403028077,0.6887563042256458,0.4951127282238112
38.550000000000004,0.3181750979114733,0.8719746677626726,0.28779752196609776,0.6865715838103433,0.5007537168389541
38.6,0.3142798466786799,0.8713370896033388,0.2809826593107735,0.6883418590284489,0.4712385707181228
38.650000000000006,0.2997141461917796,0.8816917367112845,0.26394752265166765,0.6903336552217133,0.46169485690246315
38.7,0.2937589527635711,0.8828818115414324,0.2623757508404737,0.6863850535388354,0.4598844962054644
38.75,0.2839029307060223,0.8744180840618242,0.2719699121547383,0.68494014395919,0.47873075963388134
38.800000000000004,0.2720881513394402,0.8672181518883967,0.2803122819820629,0.6731683614117484,0.48740084110625265
38.85,0.26113573171978355,0.8578640707295712,0.2506166817571239,0.669943079390184,0.5000013127851247
38.900000000000006,0.26539219338000547,0.8549704937481198,0.2474556397843619,0.6578960658856531,0.5033666316793609
38.95,0.26023885843825323,0.862410805383005,0.2430678479562755,0.6569477042958127,0.4949045062039342
39.0,0.2539525554765853,0.8503380414127887,0.23519987251352922,0.6536983838359961,0.5002572787452624
39.050000000000004,0.2414753038745736,0.8469044066660423,0.21147257309038986,0.6489597265726111,0.5060691987809737
39.1,0.2391540740866177,0.857539009548607,0.19988089076158494,0.6471269182148747,0.49470060135652516
39.150000000000006,0.24029643460911762,0.8622276837831343,0.16380493124406856,0.647175139609593,0.49624156763842564
39.2,0.24382643192826886,0.8615848114910272,0.1444473894069904,0.6471756902653044,0.4691200138571402
39.25,0.24166485170812832,0.8558392625213332,0.11290547326072208,0.650972445853668,0.4583747795069012
39.300000000000004,0.2448801895116472,0.8564773332317056,0.11187696823324773,0.6548082651278212,0.43537184604510526
39.35,0.24709635602316854,0.8576261846351946,0.10269783107947074,0.6555158492197491,0.43226042362065187
39.400000000000006,0.2519906244965336,0.8384082279113049,0.08907243688726299,0.6584180566972763,0.4258068237736557
39.45,0.2550937501473818,0.8269354071967928,0.07447780026380944,0.6386211959825748,0.3989993274736327
39.5,0.2674048871937237,0.7971392684672364,0.06496990419162459,0.63793149982257,0.3869978430816023
39.550000000000004,0.2665865034753176,0.7887412935843646,0.05820346337768548,0.6285353121697622,0.3769888488433991
39.6,0.266866234236241,0.8005295624316331,0.05525859849147781,0.6223389204982094,0.36162657282624205
39.650000000000006,0.26681526444439563,0.788016061977691,0.05976357776156344,0.614087153050164,0.34548442605864893
39.7,0.27290640498774255,0.8241319429774937,0.0760688935594623,0.6007571886604021,0.33290882611427036
39.75,0.27752089962242976,0.8384098246031909,0.09435886254641317,0.6107418212856078,0.32792300346716
39.800000000000004,0.27870833415866403,0.800711371097187,0.09716279151747348,0.615047366623418,0.31887774696855914
39.85,0.28759426157213436,0.7867726936387927,0.11429642449429435,0.5984506730957891,0.31006080080327203
39.900000000000006,0.2818801959659871,0.8020964784492479,0.1368134051033248,0.5935202466453484,0.3140123596060429
39.95,0.2806996310673017,0.7796920773139586,0.15141601473993582,0.5878179454646484,0.28947855420658686
40.0,0.2842570067392786,0.7577765207599585,0.1780510607015011,0.5728882511662627,0.29494955351297275
40.050000000000004,0.2941656255215123,0.785330696101438,0.18554920002320635,0.5702753759207291,0.3099176924578167
40.1,0.2971934167285664,0.812259485205909,0.2038513798918416,0.5732233893192826,0.3420175107679928
40.150000000000006,0.3052842942233521,0.8436549094729807,0.2331521583716219,0.589566380526348,0.3895430659134015
40.2,0.3126331695426154,0.8326227368193008,0.2505257256116764,0.6239126686749079,0.4006893457729266
40.25,0.30639752103877427,0.845732387351098,0.28983056782775507,0.6283419273330513,0.3951600905769576
40.300000000000004,0.3026039405395865,0.8524868780102706,0.2993483685545852,0.6349608521547413,0.3882922443263916
40.35,0.31209725835008495,0.8503570774958262,0.29506583778636525,0.6191335930861185,0.322143377549927
40.400000000000006,0.31316728532774574,0.8483849409416407,0.31551111544123434,0.6066186940313016,0.266480747611805
40.45,0.3157790789229341,0.8771954765840209,0.3321025313071045,0.6107130052365114,0.2649183803640609
40.5,0.3168711471648329,0.8996401473593377,0.3602786691261649,0.6311258562081329,0.2519754844304697
40.550000000000004,0.3190338783353458,0.8831668290421526,0.37184082519586864,0.6392640493878133,0.20977907152395267
40.6,0.31012918012910085,0.8688999747547509,0.3840900155472033,0.647985638743489,0.10797439214997237
40.650000000000006,0.3156080861197587,0.8725008194202948,0.4000761347176773,0.646608010840371,0.07960484167839163
40.7,0.3226969615035355,0.8889260657729376,0.39118104445686974,0.6532237980431617,0.0339583918942075
40.75,0.32523542367745106,0.893658212658955,0.38411011175237003,0.6560595640348188,0.0732140115469771
40.800000000000004,0.3217172747671818,0.9264428248657816,0.3799253294534675,0.632369543350574,0.13359355234542306
40.85,0.32791503715776565,0.9105856251817941,0.3824359352795981,0.640465440065345,0.18900640262350307
40.900000000000006,0.33043666358346524,0.9015876714461981,0.38384757401387715,0.626552310595841,0.26414033118804375
40.95,0.32469770465293485,0.8820302306681203,0.39285544952315365,0.6275028695111328,0.34868805145429055
41.0,0.33326234454459874,0.9054502086782723,0.3940429658233262,0.6185963771370565,0.34387842667435187
41.050000000000004,0.33169589461284005,0.9031458606190759,0.401467902737347,0.6109914253484312,0.35502771558017
41.1,0.33001548016515264,0.8834411186769023,0.4144494405182687,0.5996717864295155,0.4003326467250504
41.150000000000006,0.33086507487018263,0.8739280704174377,0.42310825117099743,0.5857760283260829,0.42484003993574787
41.2,0.33629849153176267,0.8468760598514324,0.42823836539705873,0.5866796816529628,0.47393605456634735
41.25,0.32865767526304335,0.8386750444626931,0.4263501599432858,0.5805254826875266,0.5097075219643039
41.300000000000004,0.32799760714778736,0.8286682018802445,0.4235712475157252,0.5690187596911374,0.5645973164527176
41.35,0.3267369609519982,0.8272271224605361,0.4214964512188594,0.5647183686708653,0.5645010738166806
41.400000000000006,0.3174234364676719,0.8137424381136489,0.4256929239486604,0.5650818127369418,0.5287658695542797
41.45,0.3217309070247125,0.8070217680770582,0.4291481955255148,0.5727579174031515,0.48143347877293213
41.5,0.3171366517539805,0.816114860964913,0.42662126456979904,0.5582004497133637,0.43377913898630854
41.550000000000004,0.3164453093490124,0.8110044922730943,0.427681895169625,0.5565558624597549,0.41997518767960995
41.6,0.32138935503489074,0.8121570578907725,0.4384306293055867,0.5527398079140184,0.4017082663776598
41.650000000000006,0.32044441486943426,0.8217547068617704,0.45055182925731224,0.5612975167415759,0.40057472117886717
41.7,0.3269993020484408,0.8311543625746343,0.46416284202645475,0.5871553433393992,0.4001132131747373
41.75,0.32816660769013567,0.8560618186945402,0.4701109685566559,0.5905645894017565,0.41876511569161984
41.800000000000004,0.31836581332605834,0.8577593312381976,0.47174550283029415,0.6128527135903216,0.4515073857660403
41.85,0.3146242956653236,0.8390022686300185,0.48701571708836267,0.6094987143868991,0.4714070281013464
41.900000000000006,0.3097989787930022,0.8283416512032413,0.4991892644660248,0.6060517264181342,0.5301155651799494
41.95,0.30297169028377713,0.8242912847483047,0.5083492173490414,0.6273364198279905,0.5734595469455371
42.0,0.3064700227677539,0.8255296659533167,0.5183466627410589,0.6431866321206661,0.5992212303321758
42.050000000000004,0.3095904088771356,0.8585351913594483,0.5214563581014904,0.6528859634105458,0.6506033794697454
42.1,0.30888912662525575,0.869118683548545,0.5260345976522302,0.6716408002117972,0.672986585885526
42.150000000000006,0.3096447053591298,0.8552938246999429,0.5161290231553796,0.674257983520528,0.7233671480571019
42.2,0.3164407915512753,0.8393851779449264,0.49941836355086233,0.6621020472502135,0.748427598940395
42.25,0.31261805566069456,0.8394383604657475,0.46659648726675773,0.6558230419693498,0.7064052348302858
42.300000000000004,0.3199663675832131,0.841993171129068,0.44372639449626305,0.6227958090050643,0.763027799118264
42.35,0.31782782534270826,0.8186921476913515,0.42513494374497296,0.6127043313764634,0.7601915780423061
42.400000000000006,0.32131550791011143,0.7770722098893319,0.3931917826492347,0.6034014620256201,0.7695936512813915
42.45,0.3158474069755434,0.749990631081707,0.3559509122065628,0.5857810413759277,0.7646152264945418
42.5,0.32030900833744896,0.720142915717251,0.31625922385512295,0.5349756004801463,0.7639998219511828
42.550000000000004,0.3198045695409258,0.6929405029732184,0.30817771871373006,0.5241037572088952,0.8223568570514611
42.6,0.32521026914112483,0.6867713374758674,0.30455961682513977,0.5039463859927209,0.8621311328087828
42.650000000000006,0.3290316878649503,0.6951511909661161,0.28552936387710753,0.4990583176951741,0.8739378510848731
42.7,0.31303362139456903,0.6997284132132293,0.2687232464723021,0.503739650928856,0.8893520989430436
42.75,0.3080503799298823,0.6995458160928439,0.2580513157432763,0.48879994906750446,0.8853018232787744
42.800000000000004,0.3030377507006665,0.6686454508464504,0.24606644253680274,0.49720803076578385,0.9184280757101516
42.85,0.30231887514169153,0.6672927680740067,0.21889011099242842,0.4957821792071645,0.9204205984990583
42.900000000000006,0.3031793127664593,0.6301921929839098,0.19825126322736683,0.49354056727323864,0.9138383132911195
42.95,0.3013529027596053,0.6108287137746062,0.17367613157400197,0.4717409853864447,0.8908764018418919
43.0,0.29949899070880903,0.596434278948725,0.16399852762493825,0.45060585011635396,0.8942293228718721
43.050000000000004,0.29240606554453813,0.5691276529033146,0.1663622908858364,0.43403735146677425,0.8968767656498838
43.1,0.2909400719210428,0.5411029827735166,0.17184161888265595,0.43146116340931734,0.8881100393183952
43.150000000000006,0.2901026214441021,0.58428629217236,0.17945045705901114,0.4313500505159615,0.8918906050303215
43.2,0.2802656737103823,0.6172312777928713,0.17866756075506213,0.44363139770867804,0.892837299081189
43.25,0.2814586270742811,0.613021622439923,0.16706811094435955,0.46874275261745935,0.8790836711189886
43.300000000000004,0.3011709808565487,0.6197270813909167,0.16202201620003692,0.486952239107321,0.8880361796359328
43.35,0.30189503014142904,0.6380162255470594,0.1564837721005158,0.5029338944894891,0.884210482875074
43.400000000000006,0.29849128930040864,0.6495723256203056,0.15617363180923988,0.5020167352650993,0.8925146802202374
43.45,0.296678998914872,0.669174215689214,0.13353880253547362,0.516441986445491,0.9016159415025725
43.5,0.2883882065957357,0.6887027156701082,0.10154409661545079,0.5244227499249667,0.8992113063769713
43.550000000000004,0.29425101130433806,0.6805808190137849,0.0897813584664975,0.5182867473379332,0.9141620249481907
43.6,0.29787888542357,0.6680367914641547,0.07788556671735626,0.5163280586972167,0.9236395440649049
43.650000000000006,0.3042907127557819,0.656540125681404,0.07689126779226844,0.5126914330310244,0.9295539125418165
43.7,0.2960902993748035,0.6488202723137473,0.06926242508588797,0.4895893351629305,0.938897340897299
43.75,0.28835008968240056,0.6406831257402255,0.05804055525885789,0.497874275870512,0.9652560637251237
43.800000000000004,0.2830341656242245,0.6318945159756046,0.0685582304921468,0.5033721899637318,0.9693583018768679
43.85,0.28062731704074645,0.6236118808743409,0.08353677900703987,0.5103241147281765,0.9870186497311896
43.900000000000006,0.28127541150303736,0.6133994054191322,0.10323971325771412,0.514692135492674,0.9925696011258589
43.95,0.2819985868136991,0.606515206688532,0.11681352487957627,0.5238983425909506,1.0161822032359984
44.0,0.28284017686040447,0.6044463201905103,0.10883229166920957,0.5289367652822295,1.023540942801821
44.050000000000004,0.27987940731070404,0.6020219653934994,0.06286977252774431,0.520558126580818,1.0262944324151575
44.1,0.2626475789785973,0.6011717756339824,0.022646648186383265,0.5283033618394878,0.9975007860164073
44.150000000000006,0.2585796540190612,0.5970083890215596,0.025509873991472382,0.5242431025353734,0.948289877111918
44.2,0.24053015225174001,0.5918950710328144,0.031383126960368615,0.5237918441939673,0.9196255348539135
44.25,0.22975576097018116,0.5979567147115288,0.040916388605521097,0.5177260819289564,0.8760924787799579
44.300000000000004,0.21859835395106633,0.592566477534557,0.06007957229510767,0.5268471523674645,0.8482674565505469
44.35,0.21691380010259517,0.608180907315809,0.04982368688937641,0.5285204243135502,0.8260728089870601
44.400000000000006,0.2164623932879714,0.618697262017914,0.06140638471294898,0.5300570943335287,0.8100996734488966
44.45,0.21743966180782284,0.6258825806077281,0.06914565042704614,0.5275441780054366,0.7964525621931918
44.5,0.22408248827543037,0.622446191202193,0.0871693176913457,0.5387687499585603,0.7838445395180116
44.550000000000004,0.21925472409264804,0.6274329802596565,0.10057536169108038,0.5453835737565546,0.7570366521385896
44.6,0.21462555029951097,0.6309225021506266,0.11849494077842493,0.5432795136947364,0.742563152687566
44.650000000000006,0.20863365439896953,0.6314368060392356,0.1177505225243494,0.5370799976238811,0.7327839418664103
44.7,0.20345265527709444,0.626611574850334,0.09275949547577289,0.5193441047384517,0.7354435417971041
44.75,0.20102010895517328,0.621908078905928,0.08960553864144354,0.5157004126736646,0.7595901642103934
44.800000000000004,0.20985816966105633,0.6208225416198675,0.0957284600760912,0.5034576959921908,0.7773367835303929
44.85,0.20700577532838188,0.6190148450976017,0.10736449483012761,0.4974037352764161,0.7905466016666799
44.900000000000006,0.20846356856200846,0.6109607055068002,0.11957942594927437,0.49637457257286544,0.8068557078742282
44.95,0.2077527055946136,0.6178629827162977,0.13223036548701722,0.4773493543619201,0.8127527729312033
45.0,0.20120374389675247,0.6253812904602221,0.14003400951866457,0.46497977598194823,0.8106592825761055
45.050000000000004,0.19840062642253026,0.6159920272513556,0.15374105699395457,0.4559447126923999,0.8137626059311331
45.1,0.20483594724830748,0.6131244024797355,0.1621870527323741,0.4503559670362753,0.8226314838335687
45.150000000000006,0.20323521157234478,0.6049509496540728,0.16816872691230322,0.4277848738134429,0.8105493998605565
45.2,0.20135867727073284,0.5934214165225769,0.1689044862754931,0.3950107568638854,0.7640699568777912
45.25,0.19054675651768122,0.5914862195931314,0.18165339370015882,0.3881530929978131,0.7495927927059602
45.300000000000004,0.1879081980612905,0.597921677498374,0.18698619426908786,0.3681133709768712,0.7634738040066463
45.35,0.19325681171938333,0.6048228870272917,0.19493547907341494,0.37988885459573907,0.7582936939322613
45.400000000000006,0.20204418487822398,0.6271227593161421,0.19584388323057367,0.3734227399478802,0.7676453191505405
45.45,0.2031929505217302,0.6351626946317541,0.20132484349858604,0.39098147192374605,0.7563391614187853
45.5,0.2060272865727554,0.6453446275029094,0.21844646896435516,0.4032532757953088,0.7563960452205456
45.550000000000004,0.2067232066209032,0.6640713571715255,0.22251220148519174,0.39906009673408277,0.7539895351392315
45.6,0.2098685111100618,0.6677268938996787,0.22627350478751942,0.407546708213419,0.7345348942216019
45.650000000000006,0.20404078258292538,0.6813588984413194,0.23827128417511975,0.40992575424463823,0.7296298770369468
45.7,0.199080511906043,0.6859060752107148,0.2558749511626446,0.41045483225129115,0.7487423118445625
45.75,0.19482568413441745,0.6862178601184543,0.26589658403648875,0.41327591548530856,0.7539691440229622
45.800000000000004,0.1952141281027616,0.6699050445736113,0.275561995535376,0.39860168692725767,0.7641970765583158
45.85,0.1941185827467015,0.6551240907305487,0.2828942988387375,0.40499607085606715,0.7611990835528428
45.900000000000006,0.19146292898441108,0.6336803777611794,0.2861197112826101,0.3996958021601235,0.7456351414698057
45.95,0.1971845443288164,0.6356895887589548,0.2928064708286451,0.3852111962181454,0.7328982529500829
46.0,0.18639555086977325,0.6436050585795393,0.2979225262637883,0.38505424851080366,0.7110565857887231
46.050000000000004,0.19376797548504507,0.6392800734361026,0.3061184354003165,0.37136864019625326,0.7071774478895617
46.1,0.2023430126267813,0.635596248381184,0.3192449059416828,0.36959535229026624,0.7287274153140307
46.150000000000006,0.20577642012626435,0.6349186937360963,0.3285698203085344,0.3674533233315066,0.7194499594985966
46.2,0.209149212316686,0.6327346736155119,0.33810915034302996,0.36175401645796,0.7057470282415813
46.25,0.20884378700733366,0.6358674877471273,0.3416473109086523,0.3531490142118754,0.6926689268597996
46.300000000000004,0.22392503114400314,0.638470617265676,0.33714948924152605,0.35469274177462273,0.6887032676016231
46.35,0.22911586282956503,0.635953763640227,0.34315979646348005,0.3510425910116813,0.6775344793141574
46.400000000000006,0.23550504135363792,0.627512161900993,0.3483980401953961,0.3576079634310606,0.6805194642602376
46.45,0.24501260777875455,0.6312405678112147,0.3454880849789372,0.348726691556142,0.677567317975264
46.5,0.25227725376317534,0.6220354152194262,0.34481331721410136,0.33340591809088177,0.6699732386880936
46.550000000000004,0.25946855155813064,0.6108532128370986,0.333522564375381,0.32937512573581074,0.6687328547882618
46.6,0.2688248354857558,0.6278959321938427,0.32097043733876285,0.32812373922481486,0.6731011974509642
46.650000000000006,0.2706793492764608,0.6333800236469964,0.3152377028177885,0.32875064926224384,0.6699075942063013
46.7,0.2816730676569885,0.6403904258714648,0.31589963371776797,0.33342295544241546,0.6653638564590881
46.75,0.28843011338097946,0.6492089223505408,0.3121612371596675,0.3353062886756629,0.6707263175890202
46.800000000000004,0.29812294455364025,0.6550786770351507,0.29935031309776816,0.3375812736406155,0.6684859451411932
46.85,0.29469471165875183,0.6565768186857304,0.30878400854305427,0.3505641891447139,0.6684359140624655
46.900000000000006,0.28895108898952443,0.65961880103974,0.3107383141424239,0.35164719597687466,0.6720976366165935
46.95,0.28428905398379906,0.6564785187977522,0.2975591478447792,0.35045563309102534,0.6650596170651495
47.0,0.2819392157583175,0.6465324199346612,0.29919003108330705,0.341308830460808,0.6533250121456455
47.050000000000004,0.285884077993526,0.6558129744462526,0.29502081056547635,0.324696985388635,0.6469976350447646
47.1,0.2663157452150989,0.6436692151243937,0.29513919680646555,0.3231360451886441,0.6475594830074844
47.150000000000006,0.2551745016718457,0.6276520525134629,0.2836163195070838,0.31080680612251504,0.6567595583730901
47.2,0.25837073125283305,0.624259576814439,0.26930007617724877,0.3038486577698438,0.6719153742649426
47.25,0.26556053031946136,0.626719366343829,0.26222234974318287,0.28763613522287396,0.6741269281084136
47.300000000000004,0.2589945677612751,0.6263132968612318,0.27933534483627387,0.2892699268277066,0.669279411695855
47.35,0.2613688691042681,0.6247926396185637,0.2965738018177732,0.29026606751778455,0.6674074079711211
47.400000000000006,0.2651072665243868,0.6353465187137972,0.29415114287264527,0.2911231960468302,0.6845195350012868
47.45,0.2718516919293359,0.6275554959742967,0.29077526209253474,0.2942598861888861,0.7064207162242472
47.5,0.2874673647431313,0.6228210620634269,0.2813273412733367,0.30377435103236716,0.6963740009660708
47.550000000000004,0.29337577917278185,0.6407881248877164,0.2811669005799853,0.2865801638722167,0.6911128271686975
47.6,0.3118837143924562,0.6375514183345269,0.2711309512581769,0.2868042917742099,0.694880133790832
47.650000000000006,0.3248331224437961,0.6368350079490599,0.24794889803087988,0.27946595569043875,0.6775976902588412
47.7,0.34171444716039284,0.6086594292242224,0.22643360383162595,0.26668304118539865,0.6575737067955842
47.75,0.3358301582633397,0.611787118483712,0.18998295012028343,0.25453864521847736,0.6501560233037667
47.800000000000004,0.34279803378715923,0.593665056687331,0.15893771324882844,0.24457023580536472,0.6083802302596694
47.85,0.3356850565142689,0.5820855854601701,0.1347660697873989,0.2331106421397838,0.5801712599090965
47.900000000000006,0.328696527484996,0.5741532074589177,0.11336408008384839,0.22657994685227736,0.5656014604715397
47.95,0.32087264822303413,0.5544139933252745,0.10018397392460468,0.22886861814050272,0.5375594276695477
48.0,0.310734990121449,0.5587330836760025,0.08778844490022573,0.2093228048830152,0.5170506815456531
48.050000000000004,0.311846981026459,0.5478002991902788,0.07512934553640833,0.2038712802132016,0.47963577343586306
48.1,0.31019132608114713,0.528342928132541,0.08680679584936608,0.2017056221329467,0.4676226574682078
48.150000000000006,0.2940771675469199,0.5150029968523395,0.09699712367214376,0.20361305346108707,0.46387591005252854
48.2,0.2668850100530697,0.5103475927454522,0.10734599969050039,0.21349231532308172,0.4655382838197635
48.25,0.23872599577709225,0.5362874766652522,0.11368668003381965,0.22233801281618523,0.4652656847185427
48.300000000000004,0.21584868541520028,0.5405303883712125,0.12239258922418149,0.2049044220868177,0.4661333920239026
48.35,0.1949627861246773,0.5128919282739783,0.12813646742858253,0.19567681688777483,0.4544913795079691
48.400000000000006,0.18810326750317968,0.5074243497574605,0.1412324352327796,0.19523558956998813,0.45022937473733365
48.45,0.17005297112376244,0.5065879617886613,0.15253391612493067,0.1969637078457945,0.4620329114176867
48.5,0.16832544049391343,0.49846597593932457,0.15501333799660316,0.1942497680001126,0.44229963570257314
48.550000000000004,0.16736355628901714,0.4899435331391186,0.15842186462425223,0.19151532468238494,0.4310534697625903
48.6,0.16324701012234344,0.48448955465245724,0.1642497161798105,0.1999200628479796,0.46151762991285106
48.650000000000006,0.1518687627059841,0.5030330295861828,0.1731005733603004,0.2037794117959024,0.49520339049804935
48.7,0.1549777285580832,0.509233679051587,0.17372014419462473,0.2026982446979606,0.5115040588907136
48.75,0.14424086258874472,0.5096124487515042,0.1782048457886993,0.20717685512512235,0.5275224214469444
48.800000000000004,0.14477494601509472,0.5311033382301746,0.1914439334891906,0.20325399698427438,0.5246113818799105
48.85,0.13823298261456757,0.5164067054631007,0.20166887923901006,0.2251526983387154,0.5132475564092615
48.900000000000006,0.1392304173310589,0.5060912882954955,0.204792538981479,0.22935107000358446,0.5155235103377817
48.95,0.12370578587129395,0.5337773965728488,0.20864809411456814,0.22553355937982647,0.5171154619069485
49.0,0.11932036099407346,0.5499363404248522,0.20639305471830316,0.23446260037543673,0.5095760668570184
49.050000000000004,0.10021014057685905,0.56718244953116,0.21374817336197785,0.24290289055119427,0.5183022519217423
49.1,0.1034802625018786,0.5986660673727112,0.2240328252466705,0.2601019391730716,0.5388198223578508
49.150000000000006,0.10707681664177422,0.618925905781147,0.22591187334090626,0.27400003601369466,0.5494023404811627
49.2,0.1114727666196952,0.6354730225217209,0.23397787213502777,0.26556867065892814,0.538116524510082
49.25,0.11774854530892072,0.6276441637376676,0.25129144711151413,0.25679717190726087,0.5006506207519593
49.300000000000004,0.1342634253615836,0.6058556339466948,0.25438009325362837,0.26561493364828104,0.46106011617064036
49.35,0.1464799011477535,0.5930938071032342,0.2603757706177773,0.2467122719164848,0.43591024463882694
49.400000000000006,0.15640819215234972,0.6001760881888841,0.2713085409758375,0.23322055821033613,0.4333599407754049
49.45,0.1684668520594775,0.6025567857899741,0.2724611701661805,0.23818406689497923,0.43781468714821664
49.5,0.1769693559459759,0.6122661397268636,0.274568276852477,0.24745993943479336,0.4416202209476753
49.550000000000004,0.19968046693551578,0.6225768443902006,0.28435417407936464,0.2489283988059365,0.4600319175873711
49.6,0.211348550170851,0.6091694353064524,0.2885268310218971,0.2765447147863683,0.4760431432842417
49.650000000000006,0.21559208337521632,0.6005558693312083,0.29418251515504495,0.2784761892747638,0.4677429013266473
49.7,0.21069690659880527,0.6156348063907142,0.30186686697437015,0.3000065356978795,0.4671393326813664
49.75,0.20452655498896907,0.6216992506048855,0.30530681273340676,0.3054392746551883,0.46180308248485047
49.800000000000004,0.19673322014881606,0.643630640350774,0.3113065193902745,0.31638389994404953,0.4671132552502987
49.85,0.19199870147448228,0.6371503803245194,0.3107123727255885,0.3325721292271874,0.4659473162923724
49.900000000000006,0.1861140915545836,0.6346344594652619,0.31317244095552205,0.3320498754806136,0.4653282248783534
49.95,0.18152228280962554,0.651259876226822,0.31102469750977585,0.3262314861608687,0.4595282028740402
50.0,0.18366203266338402,0.6658373258389633,0.31593826141994097,0.3250469661492459,0.44702556924187953
50.050000000000004,0.18501065600094177,0.663413730272512,0.32368852602829973,0.32134586019902794,0.43679248281478683
50.1,0.19125116114951274,0.6688993239221888,0.32414127013364014,0.3067322291122451,0.4219546770316592
50.150000000000006,0.19377362610320006,0.6629035215470807,0.3202862073769162,0.30024466632272945,0.3963033040017437
50.2,0.18813480364770138,0.6599566912103557,0.32681948118826554,0.2941758082523965,0.38527265976894776
50.25,0.18283596424352103,0.666982699408279,0.3250104072649752,0.284552426811162,0.3793645895408144
50.300000000000004,0.1724924560834864,0.6659892353354838,0.33918082228547297,0.2988298740209605,0.3693064043809549
50.35,0.1633122940328543,0.6592675714900096,0.3387157063803719,0.3138483394046998,0.3666665918736744
50.400000000000006,0.15072755145136085,0.6635069610726179,0.3510654674035569,0.3096615623097191,0.36781204231304193
50.45,0.14970279072007714,0.6606456081643663,0.3596695255702862,0.30710572221159554,0.38068269168040975
50.5,0.1426882106103785,0.6676862624115746,0.3564021204150703,0.3091642501988516,0.3822496290003618
50.550000000000004,0.1296450844514755,0.6693092795729483,0.35717062381173825,0.31407428806189347,0.3912125371232906
50.6,0.12433920313291356,0.6609909876377522,0.3576712996200756,0.31729520114139204,0.3994222908967779
50.650000000000006,0.11745178994001654,0.6549779148425063,0.3515411305265099,0.31621121091722765,0.4007832026834661
50.7,0.11463545054119303,0.65619858577432,0.35895169205248106,0.30140173643043106,0.3806160360336395
50.75,0.10498481332299779,0.648189846312273,0.3674685463318968,0.2933961527100292,0.3765587635658302
50.800000000000004,0.09647375669861516,0.6476122874045657,0.37611494864744555,0.3053550813119484,0.3811009401058635
50.85,0.08973256687051481,0.6393611656641198,0.3826209444611591,0.30758652035458395,0.4023215396325999
50.900000000000006,0.09208594448468241,0.6383048778804499,0.3848701410006004,0.3114834559128436,0.40420075900277885
50.95,0.08444630453965209,0.6412102394425147,0.3952366643073731,0.3144215161053573,0.4096401689326135
51.0,0.07734367328143092,0.6443051893945557,0.40636463199284567,0.31033834845705827,0.43542603936765295
51.050000000000004,0.0810449451809557,0.64130703603879,0.4026729833962204,0.301344274327558,0.44619987978137987
51.1,0.0682442241535587,0.6448836508204037,0.4007505266676919,0.30226679910518495,0.43148204971807813
51.150000000000006,0.05172895310029597,0.6458106600403773,0.412345706538285,0.2948674035734662,0.42704439686161444
51.2,0.047537275808408885,0.6429561647788222,0.41498823856680805,0.2954769605941785,0.431949011623064
51.25,0.048722023090681785,0.6335040748927487,0.40345825927088247,0.29319049645511935,0.49145105546780266
51.300000000000004,0.04444621451843955,0.6269200719965288,0.4045917418599125,0.2857259073377201,0.5906986598573783
51.35,0.027521014714423392,0.6144540326498386,0.403218918601816,0.28662487630519473,0.705545892557996
51.400000000000006,0.028006877326332152,0.617618646583577,0.40938008787755686,0.28939132363612885,0.8674998624590123
51.45,0.019638202005675356,0.60858599447977,0.4132938593139024,0.30541671425283495,0.8918402311563497
51.5,0.021955171930808655,0.6017476562448961,0.4077223952117295,0.31807205730387583,0.9027880047831756
51.550000000000004,0.030203719372065525,0.607082187410713,0.3746173552868898,0.3280249046258804,0.901348859166777
51.6,0.006705923421297857,0.6182575142206661,0.3555742829085452,0.3295951388212302,0.8291889235684857
51.650000000000006,0.009650433152943366,0.629945283504418,0.34387142902092027,0.3426139527284946,0.7450553213588617
51.7,0.01249329147727779,0.6343300835081608,0.3188218523232855,0.34244134626084755,0.659346940624839
51.75,0.03291670742009213,0.6362406821761972,0.30083707081472394,0.35462018107342,0.6410232560825069
51.800000000000004,0.03112214500133539,0.6370274991578602,0.28320096567695874,0.38770850680915897,0.6612507354485663
51.85,0.02953172873341765,0.6544428527893723,0.2660253240285538,0.40574532881926023,0.6857342770553416
51.900000000000006,0.03282753725667236,0.6721246463950035,0.25574628321224174,0.4123493904957731,0.7014301996861345
51.95,0.03745703808727821,0.6868331603504052,0.2526630614698954,0.4360705257690558,0.7068270440758215
52.0,0.04983644325898748,0.6853371461326389,0.24642942474763851,0.46260435906285935,0.7166288461325482
52.050000000000004,0.05732030731337016,0.6959960679249091,0.24082870836685993,0.47729329148531835,0.7286769186751385
52.1,0.08008276613289105,0.705305262699299,0.22907727465203442,0.49081434951579805,0.7347076982970505
52.150000000000006,0.0782606451584879,0.7116419174374232,0.22309160138615342,0.5050761421467649,0.734013733090667
52.2,0.07644359801343789,0.7122597041795574,0.21650753477359302,0.5064771308381288,0.7408765321442441
52.25,0.08222498059518098,0.7176591477968438,0.2082155553429268,0.511609457118179,0.7393531316964388
52.300000000000004,0.08864688851862759,0.6984537923390759,0.2032481196227323,0.5016817026297816,0.7363197743104988
52.35,0.07545908329004548,0.6883264052366915,0.193594442134027,0.4838799440412244,0.7432520651008677
52.400000000000006,0.07722947725344136,0.6749439321014631,0.18434665426067892,0.4763890560730624,0.7556198586908178
52.45,0.11261866346069414,0.6615130842589708,0.16872210901796322,0.4597067381399116,0.7873823522190627
52.5,0.12207861338414182,0.6481021852486267,0.15566897038656785,0.4430189249613229,0.7466590573561714
52.550000000000004,0.09037156050530559,0.6394652862872532,0.1503700690739604,0.442080696167094,0.7147164565605865
52.6,0.09919022552055917,0.6234114736323324,0.15195827038025791,0.4257100345910699,0.6838695125119185
52.650000000000006,0.11567204363414067,0.59439309681212,0.14497733534058468,0.3841038572242653,0.678498994465253
52.7,0.1180135771969775,0.57847987629195,0.14420072636397,0.36642057933380945,0.6894609297137964
52.75,0.10520217467234667,0.5771434760898695,0.1354244277620362,0.3588143490529116,0.6869801313678202
52.800000000000004,0.12195332077349193,0.5805365419434674,0.12841543537673775,0.3634408220384494,0.6907621488264918
52.85,0.1398010560871065,0.5883666382128493,0.122459019330317,0.3576900153924796,0.7070102314520843
52.900000000000006,0.13994626102541743,0.5888187295838205,0.12225040765866914,0.3294230903898561,0.7163176512955023
52.95,0.14006317903034,0.577232378175189,0.12821122094351012,0.3249002621522829,0.7310041274424005
53.0,0.14067138569922083,0.5736916867248019,0.1401394343793887,0.329968060210641,0.7351842197050658
53.050000000000004,0.13272154422006888,0.5672561304272384,0.15170361306831853,0.35537322588944187,0.7547952487567738
53.1,0.11039190164359339,0.5575355082831731,0.1527672189135812,0.3470215645006024,0.7684400963797594
53.150000000000006,0.11050555861476546,0.5486584283715443,0.121863062745294,0.34405840362886264,0.7793503000355961
53.2,0.0950458422425114,0.5517991191464128,0.09782835861300891,0.3260780875021452,0.7707953853803308
53.25,0.09223702124566818,0.5415927345438148,0.08496936314581346,0.29786016890740746,0.7747146118370829
53.300000000000004,0.09126167762351574,0.5307826239515817,0.07688570262467936,0.2841188060438154,0.775402040419066
53.35,0.09579011987597158,0.5172168948927596,0.06537791521991403,0.2624589561933359,0.7847724439007032
53.400000000000006,0.08617302578516321,0.5155466267756865,0.04696897472179926,0.24625991540219913,0.7969112532769467
53.45,0.08801283002002135,0.5126608191765967,0.028852513422776005,0.23344017837820477,0.8293525022018247
53.5,0.09393217228842772,0.4955300887132113,0.02678551049878512,0.20822390566525323,0.8706217478616507
53.550000000000004,0.09403616050379039,0.4847735823119924,0.03201726139440086,0.1918176485543464,0.8771383704391855
53.6,0.10332377968227528,0.4774029252345989,0.04259327400807494,0.18169170412082458,0.8579090332010665
53.650000000000006,0.10032788162027602,0.46455835215425073,0.08178521674266823,0.17069371990543605,0.7881012157739552
53.7,0.09955587353607877,0.4488462735731148,0.10542809866553854,0.16261805354310785,0.7824330106710791
53.75,0.10001756162031539,0.4310375767476998,0.11252850441060323,0.17296098369548935,0.8098185523188323
53.800000000000004,0.10280314021695883,0.4119752900975515,0.1270887678710007,0.18251743697481626,0.8571012379735314
53.85,0.1077933756979336,0.41043954783688796,0.12890625384939872,0.21232763500114146,0.8941780568952554
53.900000000000006,0.10655570373478518,0.39856750648085304,0.10662737218240738,0.2102353472556048,0.8443288977792158
53.95,0.11107861468461316,0.3787502521287842,0.09334662449611685,0.20631197001348536,0.8015995981105749
54.0,0.11601400342262708,0.35309382748140383,0.09062826907056631,0.20143111345960216,0.7631928616190099
54.050000000000004,0.1188600122262845,0.3285219286371516,0.07807584892090882,0.1851622422575942,0.7326669559457071
54.1,0.12265097294283685,0.32208738953397803,0.07368319608513081,0.1711379302850516,0.6734937083721942
54.150000000000006,0.12409481499386982,0.31875978432709495,0.08495359701659197,0.16031510878977231,0.6276654616243393
54.2,0.12648376192909075,0.3204812203843658,0.10207341486879092,0.14082340658333647,0.579317864119839
54.25,0.13068553259951035,0.3107341012849035,0.12623318210028403,0.10594631880627815,0.5637943637918916
54.300000000000004,0.14438923907800807,0.30294717953444694,0.14464506565872123,0.06439034905384766,0.5539425362569134
54.35,0.15312275724398464,0.29357865599885724,0.14850723699918097,0.03916755990702158,0.5433524635566617
54.400000000000006,0.1592385969501566,0.2610070829591906,0.14626324197811297,0.03434161862989864,0.4992341026816006
54.45,0.16736648686417552,0.25285356063222186,0.14114234119461386,0.047789116647580496,0.4511005694090087
54.5,0.16851963891323204,0.2623329660029695,0.13695164127986817,0.06983454942123281,0.4327027961619031
54.550000000000004,0.1688582789868382,0.25634779654963996,0.12565219159078084,0.08580745651958864,0.4286820478081361
54.6,0.17382039782739023,0.26702778418580686,0.11687190211827393,0.0962334806067454,0.44204194935271196
54.650000000000006,0.1776671665245526,0.2692957729840982,0.1128623873792139,0.09755491604815464,0.46341133746039936
54.7,0.19256773809678812,0.2591068373130547,0.1132926680460911,0.08403149995882223,0.4851133055779006
54.75,0.20297621888668835,0.26573358328110674,0.11620042590877883,0.10117095472709998,0.5074790278606556
54.800000000000004,0.21727582583153898,0.2778807752570449,0.12214514239373601,0.09726667932735204,0.5108670310799178
54.85,0.2292776172888561,0.304319963161276,0.13047562609165364,0.09738361792728924,0.4996045716074308
54.900000000000006,0.23429451185684366,0.3097796350309179,0.13806033419615596,0.0837336082053735,0.5214023179846831
54.95,0.2364969990474094,0.32090916760592664,0.1423509535479576,0.08291776884191343,0.49722365474885805
55.0,0.2448468917102909,0.3040400652637286,0.14770979076979007,0.06969231874482201,0.46616756576461915
55.050000000000004,0.24770886680261736,0.30172236787011725,0.15693047045626107,0.0763598336325405,0.41891903503674865
55.1,0.25057969412715747,0.31617675209212726,0.1694060246385152,0.09609275909937819,0.3755078465171399
55.150000000000006,0.2516157713332238,0.31502418022726686,0.16794432039104354,0.07999389920134983,0.3783261424391009
55.2,0.25803108131987096,0.3410298374762948,0.16345999002816808,0.0690705495230124,0.3703867858642238
55.25,0.2558449027147076,0.34074820810710815,0.15804492758376595,0.07289600543700135,0.3713013360496179
55.300000000000004,0.2575344166397787,0.34561023151538334,0.15834537345085942,0.07854225574998602,0.35147641746267744
55.35,0.26325163727506695,0.36040891345835335,0.16425165245635842,0.07983875720075997,0.3288110776379145
55.400000000000006,0.267675197715863,0.37264613636651844,0.16295284300494214,0.07385366509231947,0.325884814403911
55.45,0.2770824175639495,0.3786881235161436,0.16907367550558736,0.08219830671709799,0.3158045194271272
55.5,0.2824825706199031,0.37297129758623637,0.17873584150288435,0.07641139340201897,0.33033869309083735
55.550000000000004,0.28121797999342907,0.36664969541059733,0.17583354590261113,0.07166055161882445,0.3311968472368724
55.6,0.29011915996312787,0.36670115295427813,0.16768192723257094,0.06503735257178067,0.35019820743552005
55.650000000000006,0.2984850283975386,0.3731638650773087,0.17461847891192386,0.07701572789707793,0.36738991656712683
55.7,0.30437412107396494,0.36726725959868256,0.17040680867471839,0.07538849540023113,0.3854423046268551
55.75,0.307323112182175,0.3584584923905942,0.180434088884465,0.07414140309253396,0.3807675893049253
55.800000000000004,0.3077613158194097,0.35888012609974584,0.18741284534964933,0.07827878072432033,0.3878081533645786
55.85,0.304061372484044,0.3550531320751955,0.19523187794415042,0.08101003623627724,0.39231363934616914
55.900000000000006,0.2973203936779144,0.348220988030998,0.2079744287361424,0.07442395496435456,0.3932765595322248
55.95,0.28957199739878314,0.3560625646708923,0.2148026990736731,0.09105510121526061,0.39492732251625806
56.0,0.28939024030025484,0.36801863731967127,0.22032458283614764,0.08842000191157925,0.3922705909820211
56.050000000000004,0.28377119879129886,0.3667059474064765,0.2368301903587615,0.08316382917539662,0.37200407887484954
56.1,0.2747396768146941,0.36615336775323504,0.23622821476839434,0.0951093664872003,0.3725583564790319
56.150000000000006,0.27362061728960946,0.37133474439828895,0.2385321972949969,0.08563471332431974,0.3642405723553362
56.2,0.2850189253364618,0.3718496888942536,0.24558952925339247,0.09370372084607047,0.36548243191325297
56.25,0.3007539840432344,0.3781369373137955,0.25120369407283333,0.09381828946631977,0.36890700199242
56.300000000000004,0.31894200183921434,0.38205595238782997,0.24307397153300622,0.09796009504286254,0.3687933945327685
56.35,0.3355805752557752,0.3824213892148091,0.2524550725081687,0.0896471657284531,0.3652804353750559
56.400000000000006,0.3480658849025516,0.37793982998947606,0.24728607644805087,0.07449479491418427,0.3643667416628449
56.45,0.3533661338615854,0.3835181948108977,0.23703424766264863,0.072779071557781,0.37416974614026427
56.5,0.3522000061473714,0.3807044431610805,0.25779278764471014,0.08056875583702547,0.37463894075489745
56.550000000000004,0.35712024534886067,0.3834842419509196,0.25674052736357317,0.05746970788034143,0.3767212967887591
56.6,0.3681519062407094,0.3719920589690765,0.23023572252741645,0.06659826271045824,0.38981659174858674
56.650000000000006,0.36934742779564206,0.378799014696731,0.2109540115572357,0.05780633731150109,0.37685823424772713
56.7,0.3533893360483921,0.36155867908798656,0.20032776227171015,0.07493320540010312,0.3711700626033284
56.75,0.33785102140975637,0.36140363133374975,0.18843149258676253,0.08404328573737385,0.3566201092908481
56.800000000000004,0.33621348100160525,0.3595625953703034,0.18390567420133058,0.0944685268740476,0.33700343121624576
56.85,0.3464141797783363,0.36302892960478783,0.20721623813269305,0.10312922273847555,0.3294266472800492
56.900000000000006,0.3494196685057831,0.3666875298124575,0.20095996334942587,0.10059804591497452,0.34349884545559173
56.95,0.34898038184869773,0.37920991530030457,0.18582102891502858,0.09479054182691163,0.3464817002336986
57.0,0.33917926978198293,0.38938048301487577,0.1772074050653923,0.08542073873006478,0.34265789383079415
57.050000000000004,0.32351830887605043,0.40763735293696574,0.18536792038323158,0.07269182834032985,0.3332172825385059
57.1,0.31456480341312637,0.40679380365049794,0.16931590525031953,0.06153014748500453,0.3218672347353964
57.150000000000006,0.29775053156609355,0.3965035175727775,0.15102322272978458,0.05090477904343423,0.3305100385672917
57.2,0.2767321514742053,0.404458696580372,0.12081082966086565,0.03831592526965199,0.3347152298177082
57.25,0.26124777779997455,0.3940433502668927,0.11129079255571868,0.03725704365926021,0.3300258696829535
57.300000000000004,0.2525747295910639,0.40834538230449513,0.10188179166180342,0.024325499124126015,0.32138401592236177
57.35,0.24348575717178433,0.40242570313656373,0.07916102587020339,0.019219355088210717,0.30818898484068324
57.400000000000006,0.2330173310611151,0.3963124366546494,0.07382629128954701,0.045466540880183336,0.28050646328802914
57.45,0.22784581711687757,0.3944657750394914,0.08257852765073621,0.0591848548903013,0.2691448377113887
57.5,0.224410798207514,0.400116523134518,0.09524333509257835,0.06795714876653688,0.26266514334731184
57.550000000000004,0.22591910211826213,0.40324954788989426,0.09397766598655383,0.07584523032188775,0.27758662664725575
57.6,0.22926478516923574,0.4188273798369625,0.10832465737385186,0.08016789530325251,0.28496697616032357
57.650000000000006,0.2249331305214971,0.4145476212376992,0.1184847869074911,0.10182368666936815,0.29997968558990595
57.7,0.2190392034275119,0.39263480566066195,0.12189417129617107,0.09770308702379571,0.2968050593004773
57.75,0.2156803589153407,0.3885307226130238,0.12678343742634826,0.07252531999246681,0.29009450418653737
57.800000000000004,0.2126237492195689,0.39391292689031976,0.13434563409549294,0.07224997029623366,0.2973273581157143
57.85,0.20831869562924765,0.36499032750611227,0.14031353996534598,0.06967897127532807,0.3145210167916128
57.900000000000006,0.20315413247296407,0.3654417259141815,0.1496712795941416,0.047101443598255015,0.2958528226512807
57.95,0.19847630423818388,0.3604585873011953,0.14965892940467923,0.046159101497441055,0.30122836091906763
58.0,0.1956034212665373,0.3444837562893857,0.15421579193387883,0.04907199580063082,0.3170911819913386
58.050000000000004,0.19076752863544444,0.35025356836906596,0.16605854021448813,0.054659938137369794,0.31762176313726126
58.1,0.18453975062709285,0.3547724893986373,0.18018204567489984,0.0641122877794496,0.2980991609659676
58.150000000000006,0.18271156892791782,0.3684619720954133,0.18723199172704277,0.07139641063400706,0.28833485341905174
58.2,0.17637090990887613,0.39383817689634915,0.19401131955488035,0.08032805367102105,0.2633638732272731
58.25,0.17206428644084187,0.38344708870137595,0.2027564414094061,0.09770012849759992,0.2373115918228808
58.300000000000004,0.1728535427517859,0.4152876979528406,0.21310915305073735,0.09957434130818274,0.2243197519512865
58.35,0.16745841116364837,0.4549919053030853,0.22196012831179385,0.11048463248295429,0.18048717083246416
58.400000000000006,0.16624259641590447,0.45095842888260435,0.2246251345594765,0.12021968132139864,0.15464471030110552
58.45,0.16117434589301147,0.45506969610139425,0.23026702204597646,0.11188836772460173,0.12709633173216855
58.5,0.1585160074797595,0.4418288555349988,0.24179984394526438,0.09119145221479187,0.13872960070686108
58.550000000000004,0.15225436199538092,0.4270649793231247,0.2555697050442677,0.07426557732458396,0.16449966831405347
58.6,0.15267529008839206,0.3931275838798886,0.2643059181617758,0.04770449479586903,0.20098934906432428
58.650000000000006,0.14453400565438312,0.3698191920970541,0.27585591388853337,0.018826552267234377,0.23592359594793555
58.7,0.1419745376527678,0.3325200464224085,0.2835940426867678,0.01637673877656866,0.28671404085946084
58.75,0.14043652909397292,0.31155299001311276,0.2895806534670011,0.03500159950751985,0.31158115482754617
58.800000000000004,0.1361572169537222,0.2930982894407239,0.2887372186071482,0.05552543888909443,0.326874560283392
58.85,0.12722757749170818,0.26154217153827763,0.29360444743850267,0.07116952598572694,0.31383785415403204
58.900000000000006,0.12390709091913615,0.2427172446684945,0.3096645172443017,0.08061925746114149,0.32550342623846584
58.95,0.1344688832773327,0.23544496832191197,0.32311106701252484,0.10068706346667496,0.34229819111706905
59.0,0.12893453838765354,0.2221256218688736,0.30941081512016677,0.1399923614204696,0.380972590769284
59.050000000000004,0.13240214893364047,0.20306890188506754,0.30103712131282995,0.15829148187650133,0.3893774044942977
59.1,0.14014006908588336,0.19239699020258746,0.3023688016767941,0.16906681809479213,0.4015050841007942
59.150000000000006,0.14795784436256756,0.18727563920511284,0.30335422987189825,0.1615185235471767,0.41206181550000187
59.2,0.1454805882670697,0.1914146800202883,0.2934982638438434,0.18045078726217303,0.4126865875531246
59.25,0.13983187397420332,0.18879607121225558,0.2801317608280943,0.1844265151004023,0.4311218846476583
59.300000000000004,0.13221856511137958,0.1831298798877122,0.2823244630006154,0.1757749772396928,0.42769573300041325
59.35,0.12748280415834837,0.19069179451844936,0.2790463461517072,0.1752703185639197,0.41136165103710703
59.400000000000006,0.13919674035368002,0.18790610305593175,0.27954690540437493,0.17253094951656647,0.39299470707939904
59.45,0.13380373481841032,0.18423842211484237,0.2778660995484969,0.16385871761397808,0.384153776050097
59.5,0.13004546220122712,0.18911548252240576,0.2817045697672011,0.15145315565439918,0.37608169310695
59.550000000000004,0.13314357936951898,0.1945019753320963,0.2882965566879676,0.13965506845143288,0.36979682372051437
59.6,0.13426752177103615,0.20139989827783572,0.3019369558270998,0.12717774268382193,0.4085049189358127
59.650000000000006,0.13080379189062916,0.20851095467430417,0.30839529765030016,0.13589792823748278,0.42299784574856764
59.7,0.14039457776090736,0.205628587048038,0.29920493255536046,0.13437356853920118,0.45107829956285944
59.75,0.14458543030496418,0.22170815297822877,0.29112131378647454,0.1345609120310737,0.48851399685822294
59.800000000000004,0.1463871515919895,0.2272934255217319,0.2826175433767235,0.1414328332943107,0.5032898450086422
59.85,0.1593194666910277,0.22432378518446836,0.28145197556765733,0.1405406575921773,0.546800586851073
59.900000000000006,0.16073273664900464,0.23498302169221238,0.2679017694382615,0.15191752621402482,0.5580783509803866
59.95,0.17073752562187058,0.22021978189797825,0.2537550164430649,0.14306580943307157,0.5733095220740587
60.0,0.18587769501622503,0.21774560927382408,0.24895204723380213,0.14498752959218814,0.5606178496032939
60.050000000000004,0.19417567035521946,0.22045137053167646,0.2546920252067577,0.13287609146730334,0.5424919141368578
60.1,0.20736212942083843,0.20983174039135793,0.2579141674012954,0.12664045903814325,0.5012209956247352
60.150000000000006,0.2131953666181584,0.22336517592570615,0.2666682444776167,0.1271130448634154,0.4950087693332817
60.2,0.22219037293821992,0.22969165047176635,0.26258237573243126,0.12167730060041376,0.477861930417099
60.25,0.2312353073434278,0.2477113850785311,0.2536313536189238,0.1163185204403548,0.47007126768966906
60.300000000000004,0.23969056489580035,0.2574892198366548,0.24963319372488232,0.12445588345033701,0.48809632453069157
60.35,0.2500016090593575,0.27352115690772133,0.24523935897360408,0.13050830128301658,0.4992858655539542
60.400000000000006,0.2560736124290481,0.27485692257423766,0.24326069012102614,0.12636196422545196,0.5089740622277156
60.45,0.2643603417013633,0.28657637120393226,0.24997172520827093,0.12234173267090406,0.5041918021051995
60.5,0.27249108892066126,0.30762493868529145,0.2520482864712113,0.10212196226670045,0.5003201994211449
60.550000000000004,0.27854534174176354,0.32433306129210315,0.2624979026530109,0.08655865237343066,0.48355148940298276
60.6,0.2926014195299803,0.3259180391842025,0.277961582642004,0.06747678906782237,0.48714082352485416
60.650000000000006,0.30105003287272963,0.3273265318173756,0.27945439370567254,0.0573196601019986,0.48807650050582124
60.7,0.30855599901105635,0.3199739905769106,0.2710591341618372,0.04713038245690654,0.5122104494172331
60.75,0.31151593209999767,0.3166191075997485,0.27090213298775084,0.04970667201920185,0.5660035630717315
60.800000000000004,0.30401725179933353,0.3195785692482852,0.2638770102738527,0.06286626736979838,0.6148387769380196
60.85,0.29637754434776775,0.3218289287433173,0.24830573978077333,0.07345761295598133,0.629927167012334
60.900000000000006,0.27081418360093057,0.32246090143766015,0.2480546363574572,0.07746083659967326,0.6122680338272308
60.95,0.2702128955838804,0.3372056737342497,0.2509600811846613,0.08825172157603282,0.6311283284717208
61.0,0.2749423953170068,0.34055384317943105,0.24408882217282946,0.07375845252466184,0.6596305803941515
61.050000000000004,0.27531092066509194,0.34446257234177025,0.23599708642777462,0.07190380280903191,0.6661866903406504
61.1,0.2729565313626606,0.3576689448571125,0.22707021480326384,0.0801942775841725,0.6457765800135639
61.150000000000006,0.26292828941868224,0.37047507883663217,0.2165963083332322,0.09119922098179067,0.6501506297876563
61.2,0.256521743354302,0.358433337499444,0.2100089306902403,0.09261825154536882,0.6545258722676529
61.25,0.26297592880524995,0.34314290817196147,0.20137173816198178,0.10090238207665786,0.6567397566642925
61.300000000000004,0.2602466371072295,0.3243485014181483,0.19761997029676198,0.09222338271889974,0.6527362226857357
61.35,0.24215495548800672,0.33023388938103665,0.19432326957638077,0.10319764938318489,0.6514012148495067
61.400000000000006,0.21502413641733256,0.3362371575451958,0.18502855048849606,0.10733835984900574,0.6562383004932699
61.45,0.1825198983537703,0.33287401352558105,0.17893890234393597,0.11790048347545817,0.6521627185384364
61.5,0.13642844067679064,0.3286161531710847,0.16746727072995435,0.11481541768931315,0.6482148301914793
61.550000000000004,0.10443296369773283,0.3311676678281828,0.1609066052207404,0.11394007329293267,0.6544990165429176
61.6,0.07612397674420987,0.33407093803942994,0.16043183201799163,0.11244187858813176,0.660698887107328
61.650000000000006,0.06237933921226747,0.3342554543330064,0.1503137144071551,0.0971187433421401,0.658629924529157
61.7,0.07709165165992715,0.34780348425419977,0.1321438232826271,0.08984524697907377,0.6645813710539087
61.75,0.08653172776207277,0.34532910167573255,0.12512632306841046,0.09468486845511566,0.658220165776469
61.800000000000004,0.08964656340848381,0.34202545657844763,0.13019520891747652,0.09915768707413934,0.657185796786889
61.85,0.0921536168568082,0.3489357543849275,0.14309452798554087,0.09813487129547122,0.6517192865333986
61.900000000000006,0.09307422637864737,0.3541506469182637,0.14713504887231835,0.08044749168263624,0.6502061955815227
61.95,0.10163508424574288,0.3580261622456088,0.13881530215857976,0.08657414602115394,0.6505895547282875
62.0,0.12364088566227065,0.364217437445482,0.12261124273797021,0.07455401911206726,0.6306237793723607
62.050000000000004,0.15199685308625335,0.3551273707654057,0.10820279777117041,0.06511240673990178,0.6352004163581927
62.1,0.18394233497280046,0.3658539034454857,0.10559533084932515,0.08138260838102947,0.6412502066510297
62.150000000000006,0.2141045634446525,0.3660538861206722,0.11668250238819045,0.078448540352752,0.6408951504895747
62.2,0.23642973542414897,0.3588612071418185,0.1183370492310586,0.08325488041501601,0.6379639541278278
62.25,0.25857618215045997,0.3685582447457933,0.11891050985951553,0.09012242158272389,0.6304546009686074
62.300000000000004,0.2624368603339048,0.3677502120190538,0.10191732912189373,0.0893589813916838,0.613453029838007
62.35,0.2571189712367203,0.35985817746517684,0.08492070507445744,0.08003581734365668,0.6167694341854467
62.400000000000006,0.2542619517984339,0.35260232753593856,0.06906597864555007,0.07182033888093839,0.6383427462917202
62.45,0.25364273140737886,0.3553093332376582,0.057444609239411304,0.07421147997981682,0.6515718040871545
62.5,0.25763343761107477,0.3449718381782227,0.05312721458923133,0.0803840466029466,0.6609396534341878
62.550000000000004,0.23780104004171201,0.3517372173917934,0.058104527891063726,0.07062020895032652,0.6775666477868991
62.6,0.1979217199709385,0.3675112816110175,0.06839349018942639,0.046911652300398725,0.679499043790694
62.650000000000006,0.15092911346556212,0.3655945945417139,0.07989544059846555,0.017933084237340836,0.6720963913223025
62.7,0.11088617657352405,0.36143149071306463,0.05877665687581346,0.006769028654569517,0.6625766481354384
62.75,0.07139586777929534,0.3620113771528907,0.022422572858695925,0.008419086336333823,0.6495253625712422
62.800000000000004,0.04302332974240099,0.36307271718972384,0.007943164508308538,0.006530214952927651,0.6612678848524085
62.85,0.04237691702898289,0.36132834697336863,0.004898786643511397,0.006738923213607428,0.665000981414421
62.900000000000006,0.056455669374898196,0.359059582932489,0.014916129521638639,0.014202977938392303,0.6664739153824135
62.95,0.07617983032321256,0.3489384663126581,0.04220550539315803,0.016299730374709196,0.6618616095207652
63.0,0.08862478899570345,0.3430570903366258,0.06814365677113049,0.01482907603624965,0.6529266600659606
63.050000000000004,0.10466323495603562,0.34283318973432597,0.10830069543146972,0.012836680339205285,0.6665516271103189
63.1,0.11100416183827584,0.3307372428168465,0.14455924930057737,0.0171451737148031,0.6932634773931493
63.150000000000006,0.0939773687121794,0.3434377241680184,0.1452837468748966,0.03619891826953604,0.7140689545746614
63.2,0.07394561702227455,0.35135871439563504,0.15454496808933257,0.04868270178091638,0.7290868240462096
63.25,0.06857241203252677,0.3376542388590865,0.14246873350070527,0.03517970424047344,0.736802339321201
63.300000000000004,0.06085468936443993,0.33035807120325267,0.12416097783017618,0.032234221823118914,0.7161564194678703
63.35,0.04331368928367148,0.3094976224309528,0.1153169640296156,0.03838045188496841,0.695011553302316
63.400000000000006,0.02181536026690758,0.28157703026903774,0.12324986682608498,0.06279992429631971,0.6806215265018971
63.45,0.012799391149059034,0.284237328497324,0.12878033092072544,0.09612877943641475,0.6812663897282749
63.5,0.017929304324707893,0.2690661877986524,0.13512392483201804,0.10313311904879749,0.6773133595069863
63.550000000000004,0.0237314643353994,0.2611421372052047,0.14098518118102799,0.13713953705361048,0.6473875307597107
63.6,0.026000678198659834,0.24915387489291263,0.14846766056504354,0.15618861147472657,0.6479330242938017
63.650000000000006,0.03508979090802585,0.24912574749752064,0.15385388358992408,0.17882887909922052,0.6306902641757786
63.7,0.05633011852646215,0.2677138706579445,0.158717183164397,0.209796416540997,0.6114857072942439
63.75,0.07735335729325914,0.26321202421838047,0.16953989521347743,0.21148190081475549,0.5944451064083949
63.800000000000004,0.08884751589939492,0.2576626092762136,0.18992055846892528,0.23414120683855533,0.5698416474249521
63.85,0.09372215351313558,0.2648549893505729,0.1994955598552456,0.2506964964259888,0.5798575913667503
63.900000000000006,0.0921014854406385,0.26943594520113656,0.2100824489330047,0.2624001855404199,0.5861396696641517
63.95,0.08600649215584691,0.24948300002373694,0.22241377813791982,0.28399534140617294,0.585761405617895
64.0,0.07964651358714021,0.2443963304086578,0.23009062782947562,0.2945176783023877,0.567376589016293
64.05,0.07502241779670092,0.22844101794914645,0.24810579240324632,0.3153025987695017,0.541812367886349
64.10000000000001,0.0767572445735152,0.23346356775217397,0.25730228322511184,0.3243073164491703,0.5029620756807966
64.15,0.07697485377088568,0.22232999714905236,0.24971833836112758,0.3348267375946736,0.4582443936768025
64.2,0.07980054822612181,0.25824978122675357,0.2527296573759937,0.33360271028159716,0.45802910578500755
64.25,0.08122137531528117,0.266396269980479,0.23582306169657116,0.33180323561380154,0.4529104580245404
64.3,0.08303157527267581,0.294724338240155,0.23136491011646537,0.3159975221660805,0.48173474528613813
64.35000000000001,0.08769954578524472,0.3286499229858526,0.2235716739143758,0.3099442163281063,0.4907672935047342
64.4,0.09275864598528746,0.3191664519174718,0.21315270643282988,0.2986391377618691,0.5117515272219888
64.45,0.10426400771265164,0.32809601288626583,0.1982631156848652,0.29666880586618044,0.5375548208489211
64.5,0.1101787420509832,0.35940578334267603,0.19706830960608282,0.2844629858067827,0.5436664316129389
64.55,0.12000883201660861,0.3862219923797889,0.20942041637438724,0.2795156484759101,0.5622203392935351
64.60000000000001,0.1288315432388711,0.34477201097874977,0.21949409944674456,0.26288371774232105,0.5666678767621417
64.65,0.13738654744519047,0.3355255832720358,0.24052000624725373,0.2602897833446862,0.5551010820097622
64.7,0.1489313343368674,0.2856041606107291,0.23750340529271616,0.27239351582181026,0.5376638900864983
64.75,0.15616034294737038,0.2599554548057652,0.2451181918366869,0.2797318159574562,0.5227809990847624
64.8,0.160915100659939,0.22516234892390652,0.2505306484307916,0.28910672822450156,0.5015783407523207
64.85000000000001,0.16332040996878097,0.21865185829058087,0.2597993991583681,0.3013095003929367,0.49486327462495006
64.9,0.17451015631666858,0.21861650324126203,0.27214364205351654,0.29204442965513994,0.4816569334036848
64.95,0.17762968517110148,0.23565112416337358,0.2699180805982833,0.300446710133455,0.47431194861634957
65.0,0.18091220975526412,0.22514123048436,0.2627097441794438,0.29856729977885665,0.47316736061060466
65.05,0.18767488845056748,0.20421950439398898,0.2589766334432501,0.292519752824666,0.4701938234585394
65.10000000000001,0.18520198273141536,0.18138417510808505,0.24285978390313792,0.2909234050758039,0.47263469123539265
65.15,0.19541564823500654,0.18758778503488358,0.21529786563065878,0.29466000503347684,0.4637533242262963
65.2,0.1985314850486586,0.19362874879774744,0.19713357627164327,0.28877885775589984,0.44893412404263505
65.25,0.211192707755617,0.20461597582053598,0.18364425789278968,0.28550119832495546,0.4386043966488697
65.3,0.22357982570128274,0.20761063297366358,0.1929343006596431,0.2760547711522242,0.4543860683994861
65.35000000000001,0.2221088565355357,0.21084008667781007,0.1982749142829803,0.28561528343786996,0.45851021219696847
65.4,0.2169191577278066,0.20698403376480298,0.1849059555967636,0.2662019353178826,0.46159100792866337
65.45,0.2257198779296781,0.22185457576250925,0.181173176545803,0.27237667596451437,0.4639945383704987
65.5,0.23207251866873244,0.22695631991455806,0.19886286061348007,0.2644237900773909,0.47398874393398405
65.55,0.23547108748950848,0.21329595413560126,0.20055196989422042,0.2838503056071758,0.47890625288231825
65.60000000000001,0.23346458486837185,0.19777296735098715,0.2068841105561194,0.28273274629642975,0.48655184362437176
65.65,0.23601069048165627,0.18344676779793812,0.19955145251968592,0.265796598355233,0.48024967061587387
65.7,0.24770754367270395,0.2014108277925983,0.18437712749826524,0.2650655081130357,0.48314281688207156
65.75,0.2561307658458292,0.20447867504171127,0.17757860162961003,0.2728543480064688,0.4880441362647746
65.8,0.2520397475523523,0.18565969555707088,0.18526713158904012,0.2622503528567062,0.48424395587246144
65.85000000000001,0.24544582518934907,0.18929776522023442,0.17067350032296785,0.272507459374589,0.4794102151045604
65.9,0.23777872202195338,0.1834250338692856,0.16129360033166001,0.2930290728895649,0.493593974451737
65.95,0.23538047237333715,0.20844786447606753,0.15355639208952218,0.279776587450387,0.5007072651527917
66.0,0.23511277613824053,0.2304915619889408,0.14488190016333446,0.25486025463214645,0.4895660146338564
66.05,0.22809376087091107,0.21989735985725292,0.14842213632597762,0.2542468347694145,0.48610416301796183
66.10000000000001,0.2319792832869346,0.21776167458692405,0.175382931653378,0.22904658206697256,0.500589851312787
66.15,0.22232589961327348,0.23836074688836223,0.20788863017546674,0.22705346672936647,0.5257087399473724
66.2,0.21225462671621212,0.24325977134418503,0.21620030470681278,0.19299643933421962,0.5284307483782246
66.25,0.1936715471124151,0.23662930802419194,0.2147294224004326,0.18640120634528742,0.5444830686876049
66.3,0.1836796856212475,0.20596813926238874,0.20844393049358875,0.21442813083872864,0.5254181815109348
66.35000000000001,0.17008976862758451,0.20474840694678745,0.1979831980475504,0.2337691683474479,0.5332883497910963
66.4,0.16756141817761902,0.20917599393994668,0.16173905169828556,0.24747452494950276,0.5267175166632284
66.45,0.15285969130226174,0.17432662277310035,0.1515939652773096,0.2503317495908534,0.4964159339684822
66.5,0.1518255253691783,0.14868242299463438,0.165182863932666,0.24135826312221786,0.47136158201938555
66.55,0.13208523277858633,0.1546573820650786,0.16558856561447652,0.24143978597163177,0.491795655701358
66.60000000000001,0.1338572618152942,0.16029354743833585,0.1553383499773539,0.232875093597473,0.5015195152876648
66.65,0.12796000860897747,0.17152752985069183,0.15839073974756543,0.22774861162107501,0.5330099531182623
66.7,0.11774727630139198,0.15284914777466113,0.1471116595754188,0.2279915027345924,0.5210527785405416
66.75,0.11170206377929258,0.15499378838273317,0.12545263118675526,0.22484595577688385,0.5068816585966688
66.8,0.09190613701380682,0.1758299671836604,0.0898059619373075,0.22208835722411727,0.492053676992488
66.85000000000001,0.0809557751981111,0.16159778102662198,0.07246701678979325,0.24967988213931355,0.46096530374296324
66.9,0.08582994368399717,0.15770416944745114,0.06423612741569065,0.25184436440086083,0.4393978840058421
66.95,0.07973318892134844,0.14926870364809103,0.0516983208815999,0.2421348761595141,0.44903542662617957
67.0,0.08530925810713073,0.13877316384765864,0.04888882395338602,0.2557031315850279,0.4674993945117227
67.05,0.07213154118539937,0.12214888142715916,0.04113801731889429,0.2638697489614921,0.4735000205360603
67.10000000000001,0.07193725994592973,0.12639581950496578,0.046605566262168455,0.26230732554763525,0.4923481811713524
67.15,0.07737257358775072,0.15256065880552186,0.05419650279716049,0.24967348341509335,0.5078376272218086
67.2,0.06761590595863413,0.15618526988204098,0.05746546633750807,0.24185310110373226,0.519855294248275
67.25,0.06762010791680842,0.15794169122182547,0.061896085101343305,0.22861118549265452,0.534018643944904
67.3,0.05968083252357635,0.16652942525932427,0.06561987127370889,0.201212662868372,0.5531124272520299
67.35000000000001,0.05590066242172062,0.16184023356489224,0.0704189714463335,0.18163705587712267,0.5778156656003584
67.4,0.05418769523529926,0.17054583238127327,0.07580391030682616,0.18544094416089235,0.6010763817368043
67.45,0.05753868722199677,0.1800040204536947,0.08134892096377727,0.17118730286001774,0.6223151526475079
67.5,0.060511113904949065,0.17560485312218885,0.08081578550525996,0.16951176528418446,0.644672416964869
67.55,0.0574614939131766,0.19108083869112297,0.08040282196748108,0.14349983677027597,0.6652796340310987
67.60000000000001,0.05460738567506106,0.19444555556090423,0.09822568159800917,0.1385440379690229,0.6859972052974734
67.65,0.062328505154144176,0.20516199651278852,0.11128242852889739,0.1417860056500568,0.6969047182443776
67.7,0.0544489888272243,0.21485446474287132,0.11606854831907398,0.12792135390842052,0.7144312807419158
67.75,0.053496155553000455,0.22411940200012986,0.12224345148553387,0.11822374073220399,0.7347488553107795
67.8,0.03741508825619869,0.22560199437251374,0.11747509357815063,0.1085425110255378,0.7480037058146045
67.85000000000001,0.020641703561113244,0.22285449110731406,0.10604555510525775,0.11427346036984767,0.7649577729931837
67.9,0.015426767066228161,0.2225424391988672,0.09047449037082002,0.116851371726896,0.7758290665607671
67.95,0.025183280293305757,0.22975750076457724,0.0729983080792978,0.11320910315330823,0.7620605794821593
68.0,0.022294851699426358,0.23614129970975797,0.0465535871185219,0.12021970680645004,0.7478302990267216
68.05,0.01101140526578061,0.24120961808346672,0.023882616419249457,0.13058881126092098,0.7284500547148526
68.10000000000001,0.009207111021990769,0.23456526891568572,0.026898582153438304,0.1492828550437051,0.7069648594429735
68.15,0.007826917945223996,0.2242054564621904,0.0340477376043682,0.18157437630002815,0.6899072299320281
68.2,0.015504889387832654,0.22624284128792416,0.05357768436361776,0.19330830457851897,0.6745132511592233
68.25,0.0090249202477916,0.22278317011192728,0.07908705208236122,0.2069331797398533,0.6669957233169203
68.3,0.006020042146036587,0.20855657761648647,0.10344176177543661,0.21257646257840923,0.6479914637652653
68.35000000000001,0.007476541423034562,0.20365157483933413,0.12118053839385234,0.2407385595225802,0.6284944937151263
68.4,0.008886898677782026,0.20639368026685967,0.1326785779624866,0.2639715226916979,0.608879912574767
68.45,0.011338579701620641,0.19705640659778922,0.14016283234117194,0.26615156157261555,0.60505475697015
68.5,0.028120207959236546,0.18966910922493577,0.1493567569254793,0.2741256190539251,0.5754231690718554
68.55,0.04982283277960434,0.1983916670863526,0.1604411188705886,0.2795759987452665,0.5623924524659781
68.60000000000001,0.07718975226587749,0.20524987320233953,0.17449055962954088,0.2705847597755345,0.5577212981634516
68.65,0.09376224686916611,0.2010224854274629,0.18595389979992824,0.2578372137242365,0.5445600919164759
68.7,0.10836096110476001,0.2013395551052193,0.19771046078296664,0.24420702448674345,0.5557610388473128
68.75,0.12164631225517578,0.2003006240323725,0.21258417162305213,0.23886962551059096,0.5440675866588859
68.8,0.13085419060784567,0.20413956678356535,0.22333802999587163,0.23598094093091557,0.5116919616927343
68.85000000000001,0.14366015583705705,0.20640139355896314,0.24430184366169289,0.2284050607467081,0.47911928303589385
68.9,0.1533708590959818,0.2153406638140409,0.2622683237001198,0.23911033638764034,0.4784109011450171
68.95,0.16866641559221732,0.21129537802369017,0.27603413614742045,0.24587704487068437,0.4680765961294005
69.0,0.18300046432542258,0.2085584646932443,0.2931176753609939,0.25010801318677206,0.44371495634307256
69.05,0.19417155594864763,0.20934269412975254,0.31291010867268054,0.2522738408166292,0.4192492513548775
69.10000000000001,0.1947960189165455,0.21567130631093004,0.3317582568650241,0.2451707644742354,0.41384798861395317
69.15,0.19828291787397942,0.19945515627736415,0.3495699645585529,0.25629077698485625,0.40440822140029936
69.2,0.20242155947313745,0.19729789713526488,0.3568523741049507,0.25770213693550287,0.39506552116282156
69.25,0.2102629280324441,0.19719153859298275,0.3750510028811645,0.25637462155469853,0.40183552748943124
69.3,0.20812748887998572,0.19452316619752572,0.38731271590243976,0.24653042767109334,0.3870239965848229
69.35000000000001,0.2194980747933366,0.1943927179237294,0.39832891052447084,0.2590409099515817,0.37158349346370556
69.4,0.22461392713028872,0.20315056574092302,0.41794330243276423,0.2557940682971262,0.3612455638931437
69.45,0.2295350701280319,0.21894834685166903,0.43283016618062287,0.27137957381012456,0.34591394447103113
69.5,0.23646006006407758,0.22557735870963494,0.43475691356741963,0.2827774474206095,0.3388257922922829
69.55,0.24242925339107527,0.2388123756601037,0.4366959443854846,0.2901626098131477,0.3351662360156091
69.60000000000001,0.2529474740801408,0.22262389923233392,0.4408094680636954,0.2857552510357364,0.340053091236093
69.65,0.25476165233282505,0.21077398834133607,0.4561200200362223,0.2869292002354097,0.3352367517806139
69.7,0.2615319905287433,0.20970390453036836,0.4694932568763017,0.2899784317728799,0.342367363265429
69.75,0.25588902049702716,0.21116654401794516,0.47444790874574744,0.304890067685891,0.35081745663906816
69.8,0.25293763018520254,0.202589427059168,0.4761051200936897,0.3027031917556595,0.3599096385299226
69.85000000000001,0.26377044183789944,0.19327766089215262,0.47513647591576297,0.3057045095759493,0.3566885490030821
69.9,0.2770381754549345,0.1984155719313781,0.4770265366811692,0.2893146089153092,0.37715533167223403
69.95,0.2820992151674516,0.2137826338851171,0.4661613623850413,0.29267005168612287,0.3652660726036365
70.0,0.2905279169492,0.22949909650668734,0.46148041261318623,0.28482528400599283,0.36273382244017843
70.05,0.2940997545636209,0.23676265578365227,0.4569936475515493,0.27163559789334774,0.36673140769519724
70.10000000000001,0.29394667622402143,0.23584434436091065,0.4485235865657236,0.27369869384318396,0.39006573237864606
70.15,0.28487893454036645,0.2495450031663542,0.4413244844353673,0.27340544702238373,0.45408246458606094
70.2,0.2828185984398961,0.26777855944128093,0.4319654468191182,0.26024792454172935,0.5018940971423498
70.25,0.2918213205148736,0.2671761622278884,0.4355070828820251,0.24739778765192108,0.4771655397604542
70.3,0.3004263351611026,0.2655128891789801,0.4349018497990101,0.23556894185925895,0.4586470057353913
70.35000000000001,0.30885732737324384,0.2557862476410354,0.4229570356277075,0.22638242072756978,0.4773520214836927
70.4,0.33266276550100204,0.2492685095069773,0.40450361868716783,0.21480768349669044,0.5953068454033097
70.45,0.3453983752290932,0.242012392813427,0.3892628834541121,0.20936763597828678,0.6747030252696428
70.5,0.3550437000309406,0.2394372961054992,0.37076506644032914,0.19590374856921197,0.6875983884203603
70.55,0.3507858187864155,0.24600963956626953,0.3490570578282161,0.18324227929148101,0.6106247804423399
70.60000000000001,0.34111082933571857,0.2484003971489541,0.34570727649946315,0.19904662341517773,0.5966610962890514
70.65,0.34577835186377515,0.25054807119212397,0.34160733510653823,0.20160977311865735,0.6403975915579089
70.7,0.33393063611720875,0.2536221828384317,0.3395275381609669,0.20239580487822803,0.5584773632375678
70.75,0.3301425980634261,0.257475177294577,0.32538543915914325,0.19290019753223264,0.548796101468027
70.8,0.31775109567464044,0.2761619762376483,0.3247574206431035,0.19825543050194042,0.5382648435736666
70.85000000000001,0.3173474900135122,0.2908003652347731,0.33672325618241566,0.18913703370935014,0.5358938679636512
70.9,0.32791366229975916,0.2984693665950505,0.33760862843794226,0.17873497347606537,0.534178882314314
70.95,0.31212784662445564,0.3201382167299489,0.3230558386109026,0.18087484681208169,0.5604308867719799
71.0,0.3078669533990004,0.3232041681467665,0.3454365027664186,0.1623828266860127,0.5770479205709788
71.05,0.30450802690517337,0.3334453397811221,0.3475812985241981,0.17087594999891936,0.5601961484639071
71.10000000000001,0.3151700840807754,0.32802616544562485,0.34845511711395155,0.1764168595610656,0.5503633157269726
71.15,0.290416294586516,0.33082587144963216,0.3323228262726353,0.1813801232564953,0.5391748163566855
71.2,0.2793104425656949,0.32966266021896845,0.3012923942896244,0.18073812293062036,0.5545405812488273
71.25,0.2728928300649588,0.3338811062273211,0.2869539658033405,0.15937211560216014,0.58574588421978
71.3,0.26052012325768015,0.33496530686851944,0.2563252204580221,0.15883603841586832,0.6077891227241204
71.35000000000001,0.25588142881387205,0.3341702072913634,0.26588571052469584,0.1351446385355557,0.6463494779714621
71.4,0.25221894981146253,0.34242538762151553,0.26338256677583244,0.12675903231764346,0.6538596263298966
71.45,0.2363320277769475,0.3504067766248833,0.2526381295537422,0.14515680570383738,0.6884008242962542
71.5,0.24922397028629417,0.34964334294218535,0.2301534347022901,0.14872836959319152,0.7198292638924259
71.55,0.23175326332024948,0.34871346949896204,0.2152472452539376,0.1313890429379971,0.7290315898395607
71.60000000000001,0.21239607506169955,0.3520367924977284,0.17966390769318516,0.1317919650215743,0.7904885694063953
71.65,0.21178693501940524,0.34351220689658685,0.11892770769900969,0.11515500782989578,0.7945502713080884
71.7,0.1846191281700648,0.3460419297263104,0.07684105903441739,0.08833727637092278,0.8087447763422707
71.75,0.1593898303179106,0.33241956004087353,0.04145867515025794,0.07420130620671982,0.830377280028599
71.8,0.151392250021697,0.3177897892644846,0.03108599912689546,0.058765513468063676,0.8143971734563195
71.85000000000001,0.15327214419696392,0.31396800715311063,0.027952863575760312,0.04719585566889843,0.807415050422045
71.9,0.16548620885474155,0.3137353524431856,0.04860760058358002,0.029266364926639404,0.8198133943616172
71.95,0.1903663117052475,0.31173451341317804,0.0676016224438062,0.021487303276123113,0.820304409762732
72.0,0.20796002780044087,0.3151880038340467,0.11358932105445321,0.02082636927157765,0.8171686646905605
72.05,0.21800079842243916,0.315121829585131,0.16410216582131498,0.01360109440854951,0.8230653996560598
72.10000000000001,0.22769954465912803,0.31532723475800156,0.18086015208216352,0.033698121261454446,0.7992137510486889
72.15,0.22548417166667092,0.314193206290196,0.1660102155039173,0.050929254684177146,0.8189972830254982
72.2,0.22871938075266485,0.3027005120126109,0.16079253746655517,0.061366392016700556,0.8330777963180483
72.25,0.23061703239807776,0.2983700522000042,0.14418800765817785,0.050643339647815824,0.7870988571322682
72.3,0.23041384197206372,0.2989291224132156,0.1249893311608368,0.03846079230650322,0.7897875349950432
72.35000000000001,0.2565639856493671,0.29540512273627717,0.1155614244978062,0.04140405491505246,0.8484911556393403
72.4,0.2668556661903985,0.29593614964677634,0.13771764336535333,0.03809913028570247,0.8616096223416235
72.45,0.27295990927992714,0.30600276481944255,0.1384045249108931,0.030327544201786107,0.845034759756344
72.5,0.30057604995035303,0.3077955913154454,0.145178854609166,0.02486092331203968,0.8406341725077896
72.55,0.26812297650097716,0.30522463282359336,0.15398474471774534,0.03217392993732753,0.794558485224385
72.60000000000001,0.2685143052173996,0.31783832370077664,0.15596780062389864,0.023970033630531067,0.759323748304229
72.65,0.251739785518862,0.3232346883001866,0.15212027264042158,0.034453321790845086,0.703796041948973
72.7,0.23942268015277426,0.3168264230858554,0.15455303330309855,0.03159496000402743,0.6795012405388489
72.75,0.230142122847905,0.30883296578021674,0.1472981064019633,0.022757395600215773,0.6638212919904417
72.8,0.21949962708379436,0.2948352841104661,0.14021663916151492,0.03742543499378441,0.6631777907632703
72.85000000000001,0.19251272891264146,0.28553709733546984,0.1365163980852316,0.03971022460137948,0.6477076796623908
72.9,0.16926951908615934,0.2819929118062659,0.13142431899580126,0.03018995229953378,0.6498210646542273
72.95,0.15200325704128076,0.27502091924928707,0.12435987126229865,0.01832745973946141,0.6520697089864855
73.0,0.1420048276834057,0.26107259212587336,0.12252628929885985,0.02198494457225633,0.6574325874696939
73.05,0.132950572425139,0.2548054950758804,0.1237676851596908,0.06418767434551195,0.6660694156921971
73.10000000000001,0.12829796984063407,0.251207422102494,0.12206079364362421,0.0823425450546509,0.6801149891024834
73.15,0.11765392700103111,0.2458201227135213,0.11607494177008336,0.10132632680188947,0.6801257348440507
73.2,0.1172941904610279,0.23579450586236228,0.10761781374858527,0.13960591321974125,0.7050366127178425
73.25,0.11369066089261139,0.22582295078482484,0.11003214923290779,0.18268061787593012,0.715153171328075
73.3,0.1107449273259026,0.22216878427330994,0.12954698274670176,0.2186523384039089,0.7239270667160078
73.35000000000001,0.11070031896142618,0.21412612956664073,0.1559654778230732,0.2473845378390211,0.767007763534792
73.4,0.12442798308606372,0.22321979492127145,0.16113352500285552,0.2700046114332786,0.7747321738825043
73.45,0.12923934455024114,0.22356593970905891,0.1683254565703852,0.2738207606885295,0.8107952159401932
73.5,0.14365164761206664,0.22199661978780996,0.1739338881757975,0.2822649640708453,0.7753565239793133
73.55,0.15141795166194078,0.21531346678309346,0.18176186792356924,0.2991709972381848,0.7586674738952184
73.60000000000001,0.16272000445812307,0.21224861687382895,0.19629507822341502,0.30788349381136604,0.7295659644022565
73.65,0.17772540540126686,0.20942190254615065,0.2046765530153567,0.29434889901125577,0.6851702797494842
73.7,0.18253182259649292,0.20992517043409367,0.21022426395051094,0.3218375162322244,0.6917887840200327
73.75,0.19646592070166374,0.20530111226667663,0.21148310333214418,0.303551518881789,0.6798951895800432
73.8,0.20808360844087626,0.22619921154310468,0.23026163580103703,0.30580338727781226,0.6655861983910768
73.85000000000001,0.20932797748660661,0.2485550866246542,0.2427592463638195,0.31145155648865547,0.6652988101777777
73.9,0.20660252368596815,0.28411670446659326,0.2512907800030085,0.31666527578852854,0.6485023402349147
73.95,0.21738990233723154,0.2933437650509092,0.258130991211871,0.307636239621532,0.6337163547241152
74.0,0.2140240977062012,0.28795475894810546,0.26492405902035626,0.2940882542909604,0.6329470648244583
74.05,0.21208936816253424,0.25708999381854974,0.2685172540861666,0.2862578716392398,0.6037207675662757
74.10000000000001,0.22169534527768275,0.24725222188965856,0.27932945649684693,0.28356358899620043,0.5656904404548132
74.15,0.21109301059142346,0.218047260617352,0.29526673371269546,0.29622890829841225,0.5285493683112936
74.2,0.19838380324834773,0.2041744981918672,0.29799458406566676,0.3089213918777064,0.5065219537950955
74.25,0.19646229853582864,0.21658631767079484,0.3119058833252514,0.3140566288835471,0.4930118014890403
74.3,0.19877540309773445,0.22937891132242327,0.32051630971050893,0.3286836715783168,0.48743551843211985
74.35000000000001,0.20549856615926537,0.22858941710328548,0.3261611300037514,0.323879023447215,0.46795596188624144
74.4,0.21281441783531768,0.2545329127125245,0.33160806725484904,0.3163886578995801,0.46432115162268234
74.45,0.2192629287920666,0.2466524391103478,0.33279967013294487,0.32195000221923137,0.4543955733042408
74.5,0.2270443709515995,0.24903320331154208,0.3228421709116805,0.3269071539738279,0.46668325279013045
74.55,0.2280302168399569,0.2724275373512185,0.3167482908183263,0.31420995055442513,0.4907533205804796
74.60000000000001,0.22361541744354466,0.2951277864165124,0.31945397084716953,0.30124452367501237,0.506137973240717
74.65,0.21827905119453186,0.3190650996834265,0.3205797068023138,0.30601652543902313,0.5115016830538625
74.7,0.2180253783648737,0.3269350396481132,0.3302470148105175,0.3039237512184456,0.5182679623642291
74.75,0.2244855190531823,0.31652620548446564,0.337801405314077,0.30178270374211436,0.5071298198869408
74.8,0.23013091982963974,0.33347669292017607,0.3339118193326649,0.28855315894937467,0.5175032636430996
74.85000000000001,0.2248717973043504,0.32397052224072936,0.33172153176156904,0.2968945584401351,0.5217088732343603
74.9,0.21102554815240085,0.32825643038549635,0.33322107457422145,0.2942626728590292,0.5210640551933359
74.95,0.20230660203182216,0.303868154625251,0.33066181604363626,0.2841715732745587,0.5190990063368631
75.0,0.1997920465144788,0.2699787139462124,0.33487266553695105,0.28469176010990266,0.5122109647022542
75.05,0.19639969510112007,0.25044779994671007,0.31817975648754254,0.26288143680863796,0.5098518313659424
75.10000000000001,0.19389700379774977,0.24093678634855542,0.31620072766435275,0.23425633878720087,0.5018573851062871
75.15,0.2047276642745192,0.2402573792768475,0.3056141409939965,0.23460175292581517,0.49953523924640825
75.2,0.21477971016517955,0.23078749935769582,0.2986873069304434,0.23289255498380143,0.5008441430216805
75.25,0.21204803318228801,0.21244444211184432,0.3159804146297378,0.2227744943966045,0.48957828192849806
75.3,0.2180011412734016,0.20911966075986724,0.3174556060382282,0.21834333135436546,0.49435053782917443
75.35000000000001,0.2279470492075933,0.21127693114445334,0.31537572665020025,0.21310281032738668,0.4930552322644605
75.4,0.24184466183032668,0.21014139084788594,0.308615235959311,0.22836588743839192,0.5037910706183018
75.45,0.25367051694888243,0.2141040742013185,0.29749012448713114,0.22616931153440947,0.5055229856539974
75.5,0.2618909471623733,0.22026486975770573,0.28962901232392674,0.21503988372221874,0.4969748125222418
75.55,0.27199760720412225,0.23214224241169992,0.2923740755685864,0.2302520221753806,0.49760447331550745
75.60000000000001,0.2808077051344446,0.2404844094567239,0.2998050042245626,0.2337358891449059,0.48799192499026217
75.65,0.2829627741134182,0.24995041542283275,0.3148320069458734,0.2381950267557197,0.49186874088059135
75.7,0.26860484513650046,0.24718100809581814,0.3274460843083687,0.26622379242884225,0.49551365688288024
75.75,0.25456825797400057,0.252898329639791,0.33324578453606185,0.29110667914054955,0.5163429567633123
75.8,0.24303048608608369,0.268671867724034,0.3084224568643162,0.29480533221380745,0.5216000615930262
75.85000000000001,0.22646332803268396,0.2776004107001239,0.3041177812938931,0.2960111747130648,0.512849398734625
75.9,0.22089013467457252,0.28274965090060894,0.2808489448283554,0.2918203930146258,0.48571992469398134
75.95,0.2386202750547436,0.28716511097437364,0.2442856858895088,0.29598936291003863,0.4889730931523289
76.0,0.24496864744093733,0.29175092751925497,0.20775118826870875,0.2920693097430038,0.48040056528784314
76.05,0.2346407344257456,0.28917516647429226,0.18405073694570714,0.2671580950311763,0.47409873476829345
76.10000000000001,0.21662632369662585,0.30839608916227207,0.1486707808294392,0.26091275781258055,0.4689154016485729
76.15,0.2170379379593957,0.3264884303034559,0.11487406359553494,0.2440615726658762,0.4505553317023167
76.2,0.19593627567878685,0.34561485772063705,0.09714672652910131,0.22608927899817582,0.42743137228120975
76.25,0.16136983134571486,0.36750610382213206,0.08034153584226592,0.20562622162459152,0.40610855882989444
76.3,0.13061638937111544,0.38295079707123175,0.057635569143077374,0.20416426347560282,0.40527770470622676
76.35000000000001,0.11627656066454525,0.3931060369561738,0.04138420334330214,0.19424062742155396,0.38786654220472916
76.4,0.12398512165653093,0.3948307077092757,0.029162692987882946,0.19691103772533358,0.3751763533762731
76.45,0.13758684231412283,0.4082707907582905,0.031211655332712872,0.20144825857388246,0.35430819014203174
76.5,0.1346751339397602,0.43854687452198265,0.03807663462130995,0.2211697333454948,0.3264956441454708
76.55,0.1361893751067249,0.45075241859520404,0.038602253741199924,0.21481352218359626,0.3199810750945762
76.60000000000001,0.13259034651480966,0.45572795922609016,0.048009657386241716,0.2313580781497695,0.32007120162280833
76.65,0.12653345597367194,0.4640085333609632,0.06846297107912383,0.23958027831762424,0.29417260396830974
76.7,0.11662888004598887,0.47376448548641514,0.10325303661295085,0.25729465795207523,0.27949918530590384
76.75,0.11289158387817617,0.4811270812525504,0.12544753661342484,0.26177593182384284,0.2805281201493424
76.80000000000001,0.09499766164774455,0.49401292011718234,0.1273842461083835,0.26276236704298594,0.26694648303957913
76.85000000000001,0.09790523527904586,0.4984615672843764,0.11925342683414225,0.25302300263846433,0.26874909272925834
76.9,0.08707363806633014,0.49517456309709323,0.11453835772759798,0.23246509208691218,0.2545464841255243
76.95,0.07019461328690879,0.4768273000048508,0.1342793714165896,0.24304090684632904,0.24650217431570998
77.0,0.056228892720292384,0.47796939748130507,0.13376304093492436,0.2552119315310211,0.21558759430628768
77.05000000000001,0.0729815367525037,0.4685531876606819,0.1292895510675692,0.24359404913542926,0.17851817951144006
77.10000000000001,0.06690810029648815,0.44444091266190505,0.13451045438081757,0.2431917009549832,0.14847685725768797
77.15,0.06606936637441514,0.43184170897331575,0.15787665822413116,0.23817854975927988,0.14288737905403875
77.2,0.07063291758621768,0.43202335159369776,0.16770797122760706,0.245652515113219,0.10898800163693757
77.25,0.06905787170135035,0.4311027777674226,0.17679146762757933,0.24682838351034456,0.08506274164917392
77.30000000000001,0.06627049875236,0.4124881414636544,0.18513691113176636,0.24240557416612857,0.08595516549363318
77.35000000000001,0.07090760236773597,0.403159642303259,0.18288282852071464,0.21955400074785428,0.11267195720190269
77.4,0.0702069270862386,0.3876171840777246,0.19947974590711964,0.20842247908332817,0.17552200870861298
77.45,0.08357060263665678,0.37534607918638246,0.20726473944311918,0.21427760730178075,0.17139585363800255
77.5,0.09168684499853359,0.3471952314586866,0.2070930968262572,0.2098164227616948,0.21839186116411527
77.55000000000001,0.09647215434926683,0.33471937417062075,0.21919661465417817,0.20520666021255307,0.2179777940246308
77.60000000000001,0.10194694398910925,0.32714577836993824,0.23429892579607814,0.17447624702211742,0.24744447648811466
77.65,0.09738748295855196,0.31535711917896536,0.23942572215963281,0.15622834741129288,0.2752178827269804
77.7,0.09875343151909094,0.3148826495651194,0.23937529366894872,0.14187320908749324,0.3166847933732199
77.75,0.0950181353390795,0.3179312751845843,0.2454131388823252,0.13835337350389448,0.3841835744733608
77.80000000000001,0.09914319508572693,0.30843973225185367,0.26085854235526773,0.13570739800413578,0.45646888729391655
77.85000000000001,0.1086061705216994,0.30723970955928154,0.27406542782904364,0.1432423701788987,0.3951482761421702
77.9,0.1118886921372337,0.30868083398818075,0.2773942808920771,0.15597439970078986,0.36706616309437023
77.95,0.10865882572902333,0.3113481638751036,0.28265940749030344,0.1518723499873703,0.36946802081404845
78.0,0.10831618214957563,0.31360652771126424,0.29232161313973426,0.14885974983697733,0.4444231456821434
78.05000000000001,0.11546703927844565,0.31539174954883115,0.29830354408659254,0.14308215503083757,0.49958335241478385
78.10000000000001,0.12197692086252765,0.30939638578344436,0.3047935529881764,0.13769343526877134,0.5182855768498247
78.15,0.12228865066092852,0.3157012950953367,0.313374568183972,0.13894950607594714,0.5609712551187092
78.2,0.12142435644412441,0.32618714904698975,0.32283633094343406,0.1369789109943106,0.5201536965808357
78.25,0.12569276974552487,0.3281453401507888,0.3321450105211107,0.1456044638663483,0.4641480047997689
78.30000000000001,0.13721964699066902,0.3208163357314737,0.35093373604299544,0.1578784462967976,0.4306405649610353
78.35000000000001,0.14118050436290422,0.31631376771732816,0.35264637892056955,0.16827999647757977,0.4825370682270476
78.4,0.1522311962534591,0.3274756390659786,0.34675401480143125,0.16418018774384943,0.5389235212589629
78.45,0.15562612316775098,0.32962696733215413,0.3364568366890979,0.16400883572627534,0.5544472215399239
78.5,0.16195802725043104,0.31701244671447504,0.3385397676040084,0.1688293295620961,0.5409412624632551
78.55000000000001,0.1567855826558907,0.3237127851586033,0.34627416003205547,0.14706941115237124,0.5381439846383601
78.60000000000001,0.1590533713519852,0.3039127035919645,0.3577462066183908,0.15032090911593782,0.5142521484264742
78.65,0.1656341110042856,0.28924729128058563,0.3592405994893612,0.16745178940882394,0.5429614456015349
78.7,0.16334560123831887,0.29696929257104787,0.36291102637856676,0.1566901133739606,0.576913461480934
78.75,0.16103385119137145,0.3044158851370368,0.36497448562117996,0.1852903399480543,0.5953026773055291
78.80000000000001,0.16754257281254512,0.29876929687001047,0.3732382801467487,0.23985749288365787,0.5987192958341182
78.85000000000001,0.16896622246623896,0.3005573865087901,0.37523485229939213,0.24296707421778876,0.6541173080079682
78.9,0.17437155094546858,0.30959329057507606,0.3639830388048422,0.23941644903566037,0.7019369726034974
78.95,0.17380056525713228,0.2952498754252393,0.3432697374780898,0.26067156541830067,0.763014400897882
79.0,0.17051227175050543,0.279374862852439,0.34188981461106044,0.259387245610681,0.8029198080903073
79.05000000000001,0.17311966808648718,0.28758155666332713,0.34434217610979073,0.2546182253173033,0.8414345258178509
79.10000000000001,0.1804459554221619,0.27513926081438045,0.3438237976357126,0.2550500866463579,0.8797393938078025
79.15,0.18145582539999977,0.2722697983733587,0.3410596690181682,0.2533738066087824,0.8657643558211807
79.2,0.1890496456916117,0.29799718128399494,0.3270895571469607,0.23673352305548614,0.8145566016167274
79.25,0.19226281665681527,0.2979753520564732,0.3180451544797728,0.24778761364184448,0.7838446876622824
79.30000000000001,0.17770550177661115,0.3095265697381937,0.3225343252434444,0.2474422806503592,0.8083209819474351
79.35000000000001,0.19104843745786823,0.29865711694661823,0.32111119802974014,0.23629254943431494,0.8212778122593404
79.4,0.19644446003665264,0.2935004075856601,0.3075109993915961,0.24587620316901287,0.811426710756799
79.45,0.1947454671441608,0.2859524333321959,0.29530856479005113,0.25349762344628834,0.8066815518188342
79.5,0.19835271991635517,0.2770475956783472,0.2925638225263436,0.2564399824471924,0.7957814954440765
79.55000000000001,0.19019548980736586,0.29858208528724295,0.28838039923463893,0.25299219030525066,0.794985914344195
79.60000000000001,0.1953692408772853,0.29104753559012697,0.2837222829835481,0.24494674807520306,0.7842200276930995
79.65,0.21209672677698993,0.29728238318376193,0.2766530830513873,0.2299657753756404,0.7869655832990972
79.7,0.21676225884471334,0.3022248579213227,0.26880426457377016,0.25454561344497345,0.8137393248515377
79.75,0.2163734797629627,0.31216898412790084,0.2691748676162025,0.26405983822120566,0.8165631524460342
79.80000000000001,0.22203120448824554,0.33557259354124047,0.267337583499244,0.27251042586673035,0.8384319680822281
79.85000000000001,0.21292852621336317,0.32929984529736933,0.25920746176924214,0.27460896430195203,0.8481009117469333
79.9,0.1934690384407982,0.328180997091243,0.24791279336109953,0.2688515997519682,0.8562199863419863
79.95,0.19338784071913195,0.3416775206440819,0.23954598969013297,0.2733986764039867,0.8615449744740549
80.0,0.18184114112344266,0.35480844838505016,0.2434615199593644,0.2770741192979112,0.8744120053299561
80.05000000000001,0.1637485111425561,0.36567162640083517,0.24942337060677938,0.2910258937714563,0.8703136741983906
80.10000000000001,0.16062713084406122,0.39743720815274225,0.26245081580729823,0.2833086872422895,0.8752067848259124
80.15,0.15323141790126396,0.40827200205496006,0.2805618751706008,0.3021213219329665,0.8807209632765153
80.2,0.14392189438415323,0.40140796141073426,0.29191236807259685,0.31269141057392524,0.8548603232793556
80.25,0.13514118013042592,0.38489179960919634,0.2885922143561826,0.3062592161275733,0.83976037660255
80.30000000000001,0.13163855371758953,0.37962447963112933,0.26671286434384406,0.28867870382825805,0.8338906000688531
80.35000000000001,0.13400649121182726,0.37327756850733423,0.24744500411336537,0.27781665706743386,0.8527004022115785
80.4,0.1380117871514387,0.3693919240265641,0.22423152704499613,0.26795541828855174,0.8651753260701383
80.45,0.13441795613508506,0.3676352543502903,0.2103026258677454,0.2660570103063938,0.8756806452441259
80.5,0.12614489639356272,0.3740323996635992,0.19908986620771113,0.2778779049330218,0.8779180177570417
80.55000000000001,0.12410889859521113,0.37515604537342545,0.19146536144280493,0.2739348390579382,0.8821722267140842
80.60000000000001,0.11912963547833201,0.3787056838765871,0.18946352948056686,0.2812681960078144,0.8897413105673845
80.65,0.11714012925911638,0.3799733148795197,0.1909054876377183,0.28550472479687905,0.8982914091349896
80.7,0.11379264095414163,0.37695152796019626,0.18815935176117177,0.2816178230589904,0.9023778349127659
80.75,0.1003769673676458,0.38731713002358037,0.17387186317120013,0.2899494485911428,0.9043599145444603
80.80000000000001,0.0876252278365968,0.38208128890312826,0.15706980963885236,0.2925280035111336,0.8932876814149056
80.85000000000001,0.07211782210819671,0.3825098670553097,0.14807071393777954,0.29455603965029004,0.8992597661132927
80.9,0.07003681335945687,0.3956479806662781,0.14106113958303163,0.2883951530423055,0.9089218527229855
80.95,0.06600459974349318,0.40046819163162595,0.1367065397149542,0.28239884364163026,0.9199961512228091
81.0,0.05881625533250616,0.39871134822507875,0.12867603451977475,0.29030570420665847,0.9248994454834153
81.05000000000001,0.03974156252122423,0.39619375353286995,0.11950498896961591,0.28470941581820736,0.9229362927172979
81.10000000000001,0.04250480337584881,0.394625186155832,0.10838233145257659,0.27633114503350226,0.9193162129409533
81.15,0.07255485972219276,0.3968535423844503,0.10199894262072916,0.26180282864031346,0.9249505707874422
81.2,0.08287367664627744,0.40070065619970485,0.09701345544668645,0.2463671212691227,0.9462603752146553
81.25,0.09611883047997122,0.41001728367656587,0.08949017926217821,0.24331350379341754,0.9429494636142598
81.30000000000001,0.09761133055858644,0.41550951320351576,0.08480548194762083,0.24129852239542263,0.9556875062472792
81.35000000000001,0.07997753794707506,0.41576388163885236,0.07984424797583661,0.23314835428976088,0.9627407499727874
81.4,0.06168147699033004,0.4173061722964385,0.06578085541178728,0.2242349948386431,0.9688925980482366
81.45,0.048021720900794755,0.4169865096298683,0.06177462302375576,0.21607113843341028,0.9685553215409364
81.5,0.027984607098804563,0.4112406786766697,0.06385356921738349,0.2188228791802994,0.9611671616041804
81.55000000000001,0.03169589476142877,0.4131239167002458,0.05638080987741087,0.2077457119546142,0.9693301070317591
81.60000000000001,0.02819910599843222,0.4092819816154596,0.042540557579001284,0.202453402752681,0.9631076531346696
81.65,0.023807871918216,0.41470503722046054,0.0430745686437317,0.18389182442189336,0.9502725379014063
81.7,0.01565308743312344,0.4113399731114185,0.05053131744890557,0.17829400882965413,0.9438290583177407
81.75,0.01696040427457182,0.41437978032274303,0.07167766669928162,0.17629677134702,0.935592007802009
81.80000000000001,0.027105385167614595,0.4171958201752611,0.07380800607185846,0.16754256727563627,0.9166974281512987
81.85000000000001,0.027777284162660714,0.4164104987623019,0.07171644016582243,0.17668925498753602,0.9091736979312901
81.9,0.035119059293319856,0.4136053132754514,0.07506254198469438,0.1783976293763916,0.9149059723937337
81.95,0.045373898235667655,0.4115839009439534,0.09998502728942703,0.1782378896842623,0.9271163928831381
82.0,0.046940855855596576,0.3998786604881342,0.11372237546169446,0.1797844892805922,0.901468029567635
82.05000000000001,0.05126281752703032,0.4051340644810799,0.09701015046359326,0.16794503249173326,0.8966642073748614
82.10000000000001,0.050253366299985246,0.4062020511134862,0.12321294494546099,0.16709360527745198,0.869243133982152
82.15,0.04687180077123282,0.40591868894329153,0.13762965682032471,0.17440388050774497,0.8571495350106078
82.2,0.05390023245549018,0.4064598320128996,0.14291933327146947,0.17300563055602758,0.8412770943336821
82.25,0.054946061290931276,0.41463133796570845,0.1454734134359645,0.175196779840886,0.821139758615576
82.30000000000001,0.06353035052295455,0.41121621848266254,0.1379414557177151,0.1883477302210651,0.8141679074266231
82.35000000000001,0.08349396572111435,0.41057831843332476,0.12171618130460368,0.19536937650901964,0.8141653815361103
82.4,0.09600465549307162,0.4147597773016525,0.09729148981114868,0.20224183988623318,0.8193374221169333
82.45,0.1066437510165503,0.41691449815841075,0.06813662004065871,0.1971158648316421,0.8326216101044712
82.5,0.1075297675741724,0.41001743426227133,0.051629667173850965,0.19570840289549657,0.8470705610847792
82.55000000000001,0.09628730400606832,0.4058633513821838,0.017550548459128616,0.20248413042292907,0.8699860567614222
82.60000000000001,0.08188366168739145,0.4149789095170331,0.02574442434022703,0.19543012239911461,0.8794099161357614
82.65,0.08506450730128266,0.40597391165478336,0.020717164200676604,0.18674049755156888,0.889743679045281
82.7,0.08849194651325878,0.4043319644979348,0.0260748584127677,0.18580152393525418,0.9170800006489909
82.75,0.09477887284560654,0.41408040562449727,0.03368705258154136,0.18598813425241484,0.9309431742766263
82.80000000000001,0.10594199738560192,0.4128041933450181,0.033814256914576235,0.19360107626508397,0.9296985765399804
82.85000000000001,0.10328522011772734,0.4162160809184184,0.04507628036090189,0.18380534747941005,0.8990763951183907
82.9,0.09988198135782626,0.4146656247496406,0.045297833692192965,0.1859171621022333,0.879967340915439
82.95,0.09735128584012516,0.43943260937866935,0.05198318991777973,0.18345835371720334,0.8682111972935076
83.0,0.09945982823040818,0.4396448778390495,0.07436945092342483,0.18763917314952522,0.8646489346858925
83.05000000000001,0.09567604065913442,0.4454479320298611,0.07296630894405778,0.19714666533944603,0.8354666415254828
83.10000000000001,0.09239873387715436,0.44389006415462295,0.06897644211626895,0.1890280308166023,0.8103504394613229
83.15,0.09941023100560593,0.44667417314804975,0.07160259205784325,0.19617962684250262,0.7808787064966796
83.2,0.1053988641373282,0.4559059106698118,0.08254602042579919,0.20581503742111162,0.7269997635783096
83.25,0.11172750349473032,0.4592626901793996,0.08651566122953089,0.1867417180883614,0.6929389910550121
83.30000000000001,0.11246727590384939,0.4508598024507877,0.09810073250880663,0.18072940367957802,0.6534393994579188
83.35000000000001,0.11721510972315498,0.44129713569508977,0.11195543723452284,0.17682013354532602,0.6249971440565365
83.4,0.12073805775568067,0.42695356875416474,0.11705298531460248,0.1594164821705349,0.5901122827199009
83.45,0.12198182187052937,0.4173405726641291,0.110725663978834,0.15420001698517977,0.5605294876287122
83.5,0.11572981227658848,0.40236677052763276,0.10907171884000061,0.15948498027397776,0.5555034707438695
83.55000000000001,0.11257151152005045,0.3970328478993222,0.11378106464435364,0.1532756242571667,0.5351518006597342
83.60000000000001,0.12319820879341561,0.3863963090513321,0.12363402140567374,0.1427035227622611,0.5216663897433514
83.65,0.13204163447757528,0.3846790078125003,0.1319156619956796,0.1451633181050084,0.5059897620178965
83.7,0.13530821951949115,0.36559943127808664,0.14137453168973238,0.1425653216302594,0.4908666770580062
83.75,0.13881153364799848,0.35849808130360605,0.15126043399506633,0.13467248367847692,0.47726147394255425
83.80000000000001,0.13461421674675902,0.34962021998367965,0.15760096004945767,0.14329849951893475,0.467950697149566
83.85000000000001,0.1265611188863827,0.33196545832117647,0.16192347980155197,0.13043527042171282,0.4683166763931356
83.9,0.12675896628859593,0.32614368223975154,0.171046465023599,0.11339907753300195,0.4853094876933354
83.95,0.13521048338065594,0.3121560159313072,0.17350047875004945,0.11941309961049659,0.4837686432840699
84.0,0.13490111222801618,0.3104359643142105,0.18803527095681877,0.12032657458647207,0.4676354070223206
84.05000000000001,0.1351100585256679,0.31017064201366235,0.1962117088168918,0.12728742826549333,0.45778819639916235
84.10000000000001,0.13944728085291277,0.30313905275607,0.1964177376191401,0.13392606278457336,0.46376247361971923
84.15,0.14638175955259233,0.30223287577650965,0.17581317215203657,0.13359995087603954,0.45783348462846746
84.2,0.1483590157998946,0.29832461228432633,0.16188194775710746,0.13743854233200142,0.45639797654113645
84.25,0.15258395293012278,0.2947206446975454,0.14957932775381683,0.14654815921417252,0.43486433126425017
84.30000000000001,0.16030035645561228,0.2944885009567607,0.15328555330115728,0.14566495225343565,0.43555728670917343
84.35000000000001,0.16712897009497807,0.28789041819334593,0.151498812324668,0.13478698110245405,0.43014007580219177
84.4,0.16827113674191232,0.2891953540806202,0.14966148520060296,0.14700605735177943,0.4420002714482097
84.45,0.17388111804397585,0.2811167203651769,0.14265183220104552,0.13878192622277413,0.4418792734648333
84.5,0.17616613152560792,0.27748542029462464,0.12079937229512924,0.14394553914676134,0.4345016211545385
84.55000000000001,0.1657782053661501,0.2725002507896577,0.12253782593946608,0.13675028446828869,0.4309087334088609
84.60000000000001,0.16304259206172578,0.2696157193273009,0.13599554203274844,0.1264807698557153,0.44071769765828844
84.65,0.17091183322130196,0.26363433182946255,0.15363911514940634,0.1267895678452705,0.4364949496495241
84.7,0.16733076635248292,0.27176688790191744,0.14943970151434646,0.13331771569474077,0.4375586006277803
84.75,0.17314457122999546,0.26425128437721146,0.1494166403283209,0.1430303734632052,0.4377720284998622
84.80000000000001,0.17908262172393832,0.269904568614971,0.1411540646768146,0.14296178727008743,0.43140508706823105
84.85000000000001,0.1895490308882424,0.26797756969628106,0.14464526509413722,0.135644320722987,0.4286569312175315
84.9,0.18517791983367382,0.26503931249819834,0.15365582199247413,0.14195784318675522,0.427622736219597
84.95,0.18663234417272184,0.2564764948939133,0.15416523236276436,0.14523908990615594,0.42878126445390624
85.0,0.18394472025579003,0.2585152008679926,0.14119086675969716,0.16550875314779487,0.4407597149211749
85.05000000000001,0.17113430916678546,0.25551357339156733,0.10937074530290099,0.15951044423797214,0.43767283556299325
85.10000000000001,0.1629526739696401,0.24632638209723964,0.08035792843363465,0.18868641307311834,0.4330708680618298
85.15,0.15705350203956728,0.24066681610121177,0.06052022437521598,0.2276415148692215,0.410193697371192
85.2,0.15246949244957378,0.24412708914041062,0.05496699368035403,0.2616720109226032,0.39715004078449373
85.25,0.16031742075844896,0.2385055379610353,0.032629011930364014,0.2726696009825887,0.39242802041511515
85.30000000000001,0.17686668729174648,0.24198676786718223,0.023425470351522714,0.28061964483494983,0.37558806857601645
85.35000000000001,0.1864547443787845,0.24338475792059852,0.048150368435141075,0.2904409145700467,0.36377288673837155
85.4,0.18415221386270403,0.2421388099523978,0.0730819179794507,0.30700205732923425,0.36309063512101714
85.45,0.1896616287282728,0.2395689917737694,0.0736719331928811,0.3040575279402977,0.347449045625415
85.5,0.18899943697269345,0.24020361051817857,0.08453010674515274,0.320995718631588,0.3404468876859748
85.55000000000001,0.1888708502829222,0.2292595813146359,0.09190768875843917,0.3386062222585423,0.32754723590895246
85.60000000000001,0.18031712252204166,0.22036208082768916,0.08948913797046337,0.36618420995539713,0.32485978664138815
85.65,0.16353796408901594,0.2199963549528378,0.09073893951106773,0.36116147654066283,0.33405894243486767
85.7,0.15120123845398323,0.21523180936527384,0.0930108013513904,0.36518235414566425,0.3377215548027479
85.75,0.13057628898163232,0.218670483136026,0.10032882325641831,0.3595395146753016,0.3401458654005923
85.80000000000001,0.12128474429098969,0.21369735140666363,0.11403933281049931,0.3432063627407842,0.36082850370532377
85.85000000000001,0.11425266854144107,0.23136801561860618,0.13792449270274368,0.3047141900190108,0.3869841103384327
85.9,0.11510364247737204,0.2533082634001114,0.15168332501839388,0.2566444896727683,0.40652724675215274
85.95,0.1124130351492936,0.2533982790597046,0.15978358200383005,0.2342310526434306,0.4198746019164319
86.0,0.12140205845812388,0.25724571285734926,0.163545673932951,0.2160807317469497,0.4481547916266455
86.05000000000001,0.11671481454733824,0.26682933551852656,0.16441671455968299,0.2061527382793059,0.4679965025548329
86.10000000000001,0.10809834625056192,0.27587860637501516,0.1485895996068239,0.19704754211930736,0.48170288876327194
86.15,0.09321565857823472,0.28349271185729735,0.14978413903031146,0.1964559549040797,0.47554515728240404
86.2,0.10124033751829734,0.2727335537521057,0.16290923040051347,0.21459582223745252,0.4618127389407532
86.25,0.10788572275324224,0.26532419155560377,0.17510782084707183,0.2037778523057345,0.4290397555735519
86.30000000000001,0.12306574581162005,0.2669089267531116,0.2000559253459772,0.1970906216352997,0.41638331942589846
86.35000000000001,0.11870725657987469,0.26377270544497816,0.22149983086181774,0.1817447112842583,0.42153555460653314
86.4,0.12205147994051858,0.27549549797360884,0.20738767206365472,0.1778680501698043,0.4357092046429186
86.45,0.11773740502226623,0.2842330675841646,0.19525442572454924,0.17036237754522027,0.42883086693562944
86.5,0.09759122570950406,0.2983624080563356,0.19157039607924284,0.18106716548807336,0.4103542223824872
86.55000000000001,0.09786651657086494,0.29460066924542366,0.17837055716251893,0.18410793272391657,0.41837140521584243
86.60000000000001,0.07756510666208742,0.26350424319819876,0.18009099029965678,0.18290739978886503,0.39659676250000425
86.65,0.0769103926931194,0.2649799010012206,0.18102408034899575,0.1935442495157769,0.3822921721366858
86.7,0.0729401663080277,0.2599588681789559,0.19028357960585834,0.18645746048683168,0.3580611838156234
86.75,0.06156601689612715,0.26395691489513695,0.1912425608313649,0.20534606792118815,0.346497242022737
86.80000000000001,0.06341828347818988,0.2611276793601904,0.19727315822633748,0.21064937734174505,0.3333912517572685
86.85000000000001,0.06392795305918739,0.25200683739452023,0.20152089096351405,0.22526613670379714,0.31616777277607544
86.9,0.0623578568443521,0.2528191606106038,0.20601202915520944,0.23540688805217977,0.3131535315858904
86.95,0.0680866125270549,0.25249379988773596,0.2157994913188719,0.24784562183850223,0.3123585353999704
87.0,0.07218582435910462,0.24337806663538386,0.22171519989922403,0.24845363774130155,0.31054126864959103
87.05000000000001,0.0799449371577434,0.23496734128852326,0.22508329656718887,0.2543377605181316,0.3058049650966911
87.10000000000001,0.07537328985717277,0.2298559600812576,0.22126256857988935,0.250710926757297,0.3036085279053975
87.15,0.06685831790272626,0.2340796062298893,0.22557313329084427,0.24926273996416257,0.30644940519691166
87.2,0.059560217983137535,0.23693765107294265,0.2325266747036199,0.24489818578837236,0.31826748260951226
87.25,0.059880956432804784,0.239870955862741,0.24294621759340032,0.2477549826401516,0.3276813089622393
87.30000000000001,0.060306494806328895,0.25293561837931716,0.24810984466428693,0.23211904660691296,0.3317057488593934
87.35000000000001,0.06549120360822108,0.27669877171395474,0.27792937778761023,0.22543749297857651,0.34117704939616733
87.4,0.06851493386622108,0.2766386164099635,0.2837480420830413,0.23771997000172573,0.36560796797431017
87.45,0.06912656486519396,0.27804693590028606,0.29098367849000767,0.24204426941102786,0.3911370293797257
87.5,0.06604630886115025,0.2688195433390541,0.29451391165756285,0.24214745138443458,0.41350866278937903
87.55000000000001,0.055995745745236095,0.25920094209805017,0.2952815627686282,0.24585514915837,0.43081920095336396
87.60000000000001,0.049217649421636214,0.2715451288613233,0.294822816272036,0.2386574250612796,0.43253845216383535
87.65,0.04183588325223121,0.2697103749750697,0.29197995568731655,0.24764236300431774,0.4416012630871004
87.7,0.03799600139794055,0.27958930005806454,0.2916761505866015,0.25881651464165883,0.4643217942402794
87.75,0.03422542835769934,0.2762127325905018,0.2935992692479106,0.24104424586815834,0.4733740257361159
87.80000000000001,0.026783949606123375,0.27798461414903275,0.3017485216377663,0.2293528457053796,0.47787477195129513
87.85000000000001,0.028765882340610206,0.2621596008522523,0.29086680117015956,0.23190560159978207,0.46525856888170597
87.9,0.0297459379604058,0.24613718688562292,0.27961375849587683,0.2345183262423442,0.4468844546493744
87.95,0.036042781437347286,0.23931202179206737,0.27772096876809776,0.24700698079361644,0.43362691864256975
88.0,0.04221315007544143,0.22434502919110044,0.2680239658787759,0.2328183135618299,0.41215841465501524
88.05000000000001,0.04491351439012197,0.21854464439684987,0.2691367301259208,0.22125169048306137,0.39948627048084157
88.10000000000001,0.04327732459918495,0.21182165259523525,0.264571928894009,0.21612052517969157,0.4034997923380277
88.15,0.0469624769495368,0.19390573787778556,0.266525306584755,0.22286778049878683,0.3977198123804369
88.2,0.05215183943022671,0.1908026225619756,0.267091638430121,0.23717276769527254,0.40376155130289093
88.25,0.055348053135167344,0.17971064649572,0.2681591436648754,0.24524912980751548,0.4386070289181807
88.30000000000001,0.06287468025954349,0.16520855796816206,0.2637546997303798,0.25319248398338423,0.48769350348956625
88.35000000000001,0.0720042970621518,0.16440666316046407,0.2613805763698467,0.25761451362920296,0.4949052473567915
88.4,0.08113571119618224,0.15813787095681356,0.265618686946864,0.2554090860306283,0.5133100844086458
88.45,0.0887822764553808,0.14838114287051843,0.25799835693996065,0.2466402889023398,0.5163867821312619
88.5,0.0979227079012937,0.14561742150596196,0.2471002350647019,0.2538410540990368,0.5106739928606504
88.55000000000001,0.10869223993823506,0.13906139195783532,0.24027704210306802,0.251917408734015,0.47492547969528254
88.60000000000001,0.11050855005056674,0.13737868406810408,0.24126009306289928,0.2770630964492763,0.4947108073223116
88.65,0.1173259827696913,0.1471282386872525,0.23946875503433038,0.2794298189934629,0.5093427468182349
88.7,0.12788747728905753,0.14080597203646278,0.23060768708693227,0.2801610432860338,0.47676383456926585
88.75,0.1293218501713527,0.14400926872859804,0.21176296252480373,0.2840695154470722,0.42735394893440304
88.80000000000001,0.1390033045493617,0.13619861792707347,0.21287919947685338,0.2900837405312701,0.41456293564986324
88.85000000000001,0.13889026564043497,0.133325834489019,0.20328712722729,0.29043124327333913,0.41407236676402837
88.9,0.1394286669652247,0.12873327010613853,0.18496022735925519,0.26214621014546996,0.4099909048414998
88.95,0.1521825479154683,0.13573745147770003,0.19908750990607121,0.24897993183394387,0.41035821495480673
89.0,0.16063510757465338,0.13853965676269697,0.19347858910946203,0.2438167234769884,0.408369780351029
89.05000000000001,0.16421498754633385,0.1428070762219088,0.19548897272856616,0.23997646011445517,0.4245906259871969
89.10000000000001,0.16217764576677876,0.14084323503215204,0.20831090348545858,0.24407361192655885,0.43905107341624755
89.15,0.17072953454653123,0.14295572332304798,0.20193180038862402,0.2565064217443013,0.4581877860598623
89.2,0.17465426109313903,0.14388127966252942,0.2018436260882322,0.2504235330772762,0.494462499717357
89.25,0.17609152721464255,0.13057027733540377,0.2215376906611473,0.22998056663326935,0.5639641387928859
89.30000000000001,0.17837852791001915,0.1387933770099454,0.24273442372244025,0.234485079757841,0.6142207927726727
89.35000000000001,0.1720602652361761,0.12870364381303728,0.2584655651019036,0.23386192072730513,0.7043584707204104
89.4,0.1528118650730161,0.12965367958972485,0.2701813746692039,0.22122907750566653,0.7149340883680263
89.45,0.15357153704474755,0.12460112759320886,0.2700820072908885,0.214624496130247,0.7131854754994847
89.5,0.14741819297790001,0.10989235285968536,0.2655123055853118,0.20749697293938368,0.6830915962103797
89.55000000000001,0.16498026254999063,0.10029360713561775,0.27422058636184216,0.1909197888668039,0.6942020488504528
89.60000000000001,0.15836594450694907,0.08640507275663946,0.2773880369542877,0.20138748482356988,0.6567476205098017
89.65,0.15045295363647943,0.05770578263342437,0.2655978237829934,0.20991883865187835,0.5722235588474582
89.7,0.14563300207616792,0.06018583699490824,0.24255346349747714,0.21714750708616629,0.5307130756550994
89.75,0.16279729973055446,0.07301742263437083,0.25361313651733935,0.22733946121514817,0.5525126735947256
89.80000000000001,0.16586103199500238,0.07196881524410649,0.2284168905110264,0.24040950694458044,0.5569426406298822
89.85000000000001,0.17199082332846796,0.09063580028748154,0.23843912056831446,0.23810002599441782,0.542186749931151
89.9,0.16874106506597783,0.08896652198832178,0.23300087900127925,0.23948619206279628,0.5441280580413814
89.95,0.18456160083854575,0.08139034813207441,0.2190015846883065,0.24344042627286133,0.559870038458668
90.0,0.19829882269042348,0.08788952649243403,0.2500362372616732,0.2390549368427728,0.5634844537637365
90.05000000000001,0.19469397826065646,0.08536907543118606,0.25688725202590684,0.24293524277267867,0.5585594824862998
90.10000000000001,0.1951531956953236,0.07978076986639028,0.27175830882833735,0.22727520865806375,0.5500331839889459
90.15,0.19669861499493366,0.07414368029951174,0.24456574491311922,0.22647521373939591,0.5616756322299123
90.2,0.20103208632872416,0.060667875770368425,0.21770487113023296,0.22646222238523003,0.5902300240102767
90.25,0.19376857209537818,0.07506792880153497,0.22481067595644857,0.22607760764128615,0.6290983760005525
90.30000000000001,0.2017678367119324,0.08834500877035519,0.21579460013101734,0.22800318124472713,0.6713847948694057
90.35000000000001,0.20406031126413268,0.08677647874245,0.20267191530564468,0.22920654717032207,0.6955336889004774
90.4,0.21048900496730463,0.0995333404228704,0.18057098364297394,0.23160010437862957,0.6464532325447438
90.45,0.2281292994797264,0.11635473892218692,0.15414282960863598,0.2319039722644393,0.6321746450347887
90.5,0.2427399239520988,0.12880491926004545,0.1392825268450702,0.24755171704081105,0.659878199850864
90.55000000000001,0.23125604807231942,0.1512962492254121,0.15241742014147305,0.2542693361274579,0.6593267814025998
90.60000000000001,0.2184165964482468,0.17590217242287784,0.15955977856662157,0.25356897376938903,0.6738417300741635
90.65,0.18442892484448356,0.1864370221168478,0.15158605769561995,0.27137542956420013,0.7023088405412581
90.7,0.1777926829859963,0.18148602001085817,0.11787427938660129,0.264917134785451,0.6723481722145711
90.75,0.1772031649636196,0.18079825438735883,0.07978324515901218,0.28483719451009054,0.6843834144963553
90.80000000000001,0.1743873196120721,0.1922812759509433,0.053573001581638836,0.27567184903132885,0.7111902165601832
90.85000000000001,0.17851028450765,0.19403814361851862,0.04737258074763476,0.2827797540662311,0.7897903640914358
90.9,0.18720289031388326,0.19182912244755138,0.05138890866515644,0.28811028541861955,0.9208376333780632
90.95,0.19142974641708738,0.19808015402587376,0.041161498320425656,0.2972611663436043,0.9531526331325062
91.0,0.2001324781322404,0.20260646794320555,0.024941620786148064,0.31273103016328957,0.9761486127689016
91.05000000000001,0.20438279899602124,0.20988732314431616,0.023812603500606863,0.3284713232402056,0.9744727452074547
91.10000000000001,0.22058783552941572,0.20968047239017312,0.04515302958976807,0.3337782963879837,0.9742623747894052
91.15,0.23078859501657498,0.21228990394614167,0.06550804873288568,0.3309067313028795,0.9323344856683151
91.2,0.251674086148942,0.21474270644244145,0.08870191405594818,0.31626268681034997,0.922559868191206
91.25,0.25763608903328544,0.21080383866478966,0.0748613956973174,0.3289591588688017,0.8800404034725299
91.30000000000001,0.2631212011480666,0.21806179559997646,0.0739360862259138,0.3137083129772865,0.8538468056771923
91.35000000000001,0.2684457113820038,0.21194432865214985,0.07832206829719245,0.2861788276376597,0.7987990298625416
91.4,0.28716181198567603,0.19594149570682753,0.08723079730723786,0.27440043591044616,0.7608654774545731
91.45,0.28805847926661954,0.19086145977294272,0.11596623829550697,0.2798788421395375,0.7192171490267141
91.5,0.28040455427256633,0.19307407229116355,0.1222788905514449,0.27437842922255173,0.6968250220478062
91.55000000000001,0.29853813758643893,0.20227332662383093,0.10872906330722008,0.2410547687664942,0.635546877672604
91.60000000000001,0.33475720338300474,0.19435150920079106,0.09800154675771172,0.1991064742271071,0.6051132266800671
91.65,0.3414429354559795,0.1954265564793863,0.10955753460504802,0.14536863281613147,0.5732140177360046
91.7,0.3388919244547746,0.20021846117122513,0.12503550044677228,0.12688888568975296,0.5509938773758838
91.75,0.36013493064942326,0.2043939366837754,0.1643783638380806,0.1218806760983626,0.5633227283152764
91.80000000000001,0.3605948665416482,0.21018966277276874,0.19271084055046647,0.1474881380988692,0.5734109352722467
91.85000000000001,0.3386249765505708,0.20557251535628657,0.20392923795029377,0.14258746178444792,0.6104897557051555
91.9,0.296809106752105,0.19852854156766864,0.213808414493798,0.15427072209259293,0.6407611247827368
91.95,0.2753335348451584,0.2077694966640757,0.2121134108607067,0.15177012771109194,0.6599461019893365
92.0,0.2617914961689573,0.2167477524881487,0.2015292441491588,0.15964511023699823,0.6406914948781117
92.05000000000001,0.2533709156380381,0.22261013822210074,0.19521333371752966,0.1752006694096938,0.6186283397220894
92.10000000000001,0.24006002766932164,0.23254789460135647,0.20372382104122064,0.1556256217568957,0.5758572096187554
92.15,0.22765975522118742,0.24819423353950648,0.19725506667967488,0.1595608432692699,0.5630395521993384
92.2,0.21259373492951855,0.270804991946355,0.20303974429563335,0.1490449812322043,0.55316630592135
92.25,0.19522235548102784,0.2923711020742569,0.2034516736974705,0.11190791945621227,0.5379842621576111
92.30000000000001,0.1786242754277285,0.31075708619761455,0.20707049678040576,0.08677656094626,0.5303642766812237
92.35000000000001,0.17300637860584284,0.31770159831765404,0.20890063313125917,0.08610823912923996,0.5346723734152172
92.4,0.17283728498255213,0.3197920395529513,0.21363685695148804,0.0860766100657511,0.496928740190959
92.45,0.15678352920738484,0.31041276997081146,0.21630568550647603,0.0812090444721699,0.4634199807173208
92.5,0.14037967804866605,0.3069314922251164,0.22286748136858645,0.07847918897753395,0.43315789882678063
92.55000000000001,0.13968159442689598,0.33186135882265083,0.22690831355681715,0.07826607631588103,0.3909472204200258
92.60000000000001,0.13887160725908151,0.32854131953205024,0.22781978512563505,0.07223210174057043,0.38252477781628236
92.65,0.1286718470234035,0.33109638543756403,0.2267457575200585,0.07279143394021693,0.3797439787331905
92.7,0.11752832110937625,0.3174875619516487,0.22478811804621118,0.07270900590448862,0.37822163944917875
92.75,0.11184559431526794,0.3150494980382683,0.22982669049743543,0.07729135521437194,0.36991995833625774
92.80000000000001,0.11760499958546004,0.28993863766366984,0.23801797560683363,0.09777653612423018,0.377253084522621
92.85000000000001,0.11975981247327558,0.26224799379357194,0.2587623118050961,0.12250138908441194,0.38101229913130313
92.9,0.1266147120421073,0.23537093975526716,0.26610659744516746,0.13201078123740564,0.38747742406884794
92.95,0.13587550586487168,0.2273676203267101,0.27485040408492073,0.1287045973094412,0.40548539658260135
93.0,0.13501817105015834,0.22370407257903335,0.28323238256946465,0.13797701607326424,0.40999999363888556
93.05000000000001,0.13164567266084404,0.21126757750731615,0.2896592207899732,0.14926453100718934,0.40402434958013855
93.10000000000001,0.13203678113729111,0.20163184529144537,0.28765521249202247,0.16798311537041924,0.44020878954736786
93.15,0.13043077800854114,0.18643132378957006,0.2901454834236878,0.1812295369608193,0.44803523217923213
93.2,0.13715707410471872,0.16720015457505433,0.29350741965837207,0.18749451574179002,0.46707463218493445
93.25,0.13727847451473904,0.16624158524825383,0.3018477175404999,0.19610243465040175,0.46874958543225803
93.30000000000001,0.13050916671340304,0.16302908076826508,0.31419725801428755,0.1886617969635101,0.47759059494517314
93.35000000000001,0.1287572835730158,0.1552672998063022,0.32030574541194284,0.19168338462994847,0.5081897602509249
93.4,0.12610257583833717,0.14541527623232187,0.3233759011226668,0.17544483750255435,0.5199573315309698
93.45,0.12116222126447711,0.13940376362746607,0.33097474876730654,0.18166263924271206,0.5114802936441131
93.5,0.11246004398604702,0.14500519753559693,0.34226098622588574,0.1742731680611358,0.5033609654134725
93.55000000000001,0.12008178061603657,0.14492199121799768,0.34638458027391017,0.18684213847042572,0.49135090836352846
93.60000000000001,0.12335358163516841,0.1454764339574108,0.3469703248580788,0.1874089119590083,0.47688204897866415
93.65,0.12506953944162905,0.14492154799765872,0.3547411588037263,0.1968068998767973,0.4667877562953132
93.7,0.11780552776637665,0.1422493304460567,0.34663152389353297,0.20979450424013513,0.4615704135604021
93.75,0.1125923402082205,0.14808267759982707,0.3433482279958207,0.20937549022859323,0.46112288661541784
93.80000000000001,0.10855388060567055,0.1567842079375585,0.33968128432050626,0.22346839286657075,0.4669890781649824
93.85000000000001,0.10763362414970745,0.158249028725846,0.35088576652374276,0.23555544138280302,0.4720097914716294
93.9,0.10814179142824261,0.1592034700130061,0.34693814185792626,0.262442993219472,0.48581896394694085
93.95,0.113738468151423,0.1632386561305412,0.34183376227441514,0.25415464192254833,0.49192665027928867
94.0,0.11830843588896048,0.1608141946498999,0.32572566354963595,0.25396391911765187,0.48515534475444055
94.05000000000001,0.12058306290591372,0.1673847822453466,0.3302239050000457,0.2425639724725358,0.47379453550293554
94.10000000000001,0.12483019511176645,0.16134807508140522,0.3221243631645995,0.24582169763954398,0.47992895917256995
94.15,0.1187966838258672,0.16201802755082503,0.2949555632093245,0.22828259569097734,0.4774558978394859
94.2,0.09677442703896348,0.15822935463791168,0.2917807058972799,0.2076983890311905,0.4745286848716606
94.25,0.07512832464097184,0.15363585662774118,0.29803619954182353,0.2005748764992647,0.4708006377899542
94.30000000000001,0.06695027595816445,0.15789806297772993,0.2773963603071293,0.21543625941492522,0.4765241308223866
94.35000000000001,0.06482493843294128,0.15808852427490425,0.2804120513530902,0.19741772908425215,0.4791220461827446
94.4,0.06223044235371811,0.14665692381312143,0.27481676419650125,0.19989759282027203,0.47996427420737237
94.45,0.05964762963021049,0.14589554788822892,0.26743630986961975,0.1933499143065307,0.48246011701966124
94.5,0.0656623142310293,0.13511567178030268,0.26500016696158096,0.1789537566787465,0.48504664590101565
94.55000000000001,0.07279758834370824,0.13566432313720972,0.2702489050188097,0.18328482069405413,0.48413972329761834
94.60000000000001,0.07982441430057358,0.13175530427925772,0.2765480286585984,0.2033903184918399,0.4832899727070011
94.65,0.08034752380576946,0.12445380817239225,0.2651734349020928,0.21781977851317066,0.5003375863655921
94.7,0.06934927716818935,0.12632806379156478,0.2652226812873731,0.19995258468590116,0.5145919006213446
94.75,0.05700357842312405,0.12102040107635004,0.2441537410635261,0.2061527792922513,0.5126232114032433
94.80000000000001,0.048031521611599154,0.1200852217610726,0.25306373015832206,0.19845586874875332,0.506429052630002
94.85000000000001,0.04447456870686284,0.11401747799890749,0.2820177524755863,0.1902632079833178,0.5000242877687786
94.9,0.04783836779002695,0.10488658517111542,0.2985840697572017,0.21265162684183653,0.5231123149918413
94.95,0.04737657736908793,0.10141090304503593,0.2883318020012656,0.22317123519650434,0.5266341646035468
95.0,0.04148221717739498,0.10554594652227525,0.28684712319464406,0.22313241039419146,0.5385381330347939
95.05000000000001,0.037978953584500916,0.11637658502378743,0.26856279488403134,0.23834892559213158,0.5572750747785197
95.10000000000001,0.03563877347399733,0.1093927417216963,0.2611214718345511,0.23410365152725982,0.5680743064409968
95.15,0.0301988745429518,0.09459310296194479,0.2503861355447124,0.23181759777579403,0.5606055910964397
95.2,0.019859052394979138,0.09883085878430956,0.2338758159486987,0.2173772146008467,0.5537387682607711
95.25,0.017589901686308463,0.10412148107923828,0.23549917089852004,0.2290287328973439,0.5523550806352023
95.30000000000001,0.013862393084954827,0.09897307579096554,0.2246776254553829,0.22521452821521104,0.5388747094829139
95.35000000000001,0.009767856054805674,0.10815022116543065,0.18948174988073105,0.21249101319190913,0.5254038012994137
95.4,0.01549979523731169,0.12122799317214647,0.18051341409548546,0.21435952373922992,0.491430989262808
95.45,0.026351511182008118,0.12750927751754676,0.17239001224555242,0.20500784451417464,0.48326846198504647
95.5,0.02373095726637062,0.1519188531228557,0.18652521420940335,0.20686436222683785,0.46231532579391255
95.55000000000001,0.023165971580591572,0.13910461890542966,0.1688551522867862,0.20938890115997452,0.45612809129795995
95.60000000000001,0.04638558467585704,0.12504538481674665,0.17251212990500478,0.2090724325618825,0.44562883643414214
95.65,0.03979270960133274,0.11595812441732141,0.1681232462357233,0.21182818882040877,0.46077181766085956
95.7,0.053803262559590295,0.11565151619579818,0.1389289076874979,0.2156414448609411,0.4629301641495179
95.75,0.0659523811497169,0.11551273681354254,0.14891817069190108,0.22085494171136386,0.43635239375820545
95.80000000000001,0.0642874749978372,0.1109537756133643,0.14880369101519345,0.21859542074454985,0.41819027797351616
95.85000000000001,0.06932467904103853,0.10783731440764208,0.15743406071724347,0.2280744669019302,0.4068561524222252
95.9,0.07284671000671424,0.10023041973682986,0.17619990240414835,0.22894252734608453,0.37808991610832754
95.95,0.06499277831226953,0.08170231163758523,0.18205721980517467,0.22683159321730265,0.37720288860903683
96.0,0.0644161353099108,0.08980769855411679,0.19144571335417765,0.23430797769980913,0.39629667737413754
96.05000000000001,0.06190391755095415,0.09202729045743074,0.19723816703395733,0.24774182763860467,0.40616219568195383
96.10000000000001,0.06147473961629732,0.06776410620259711,0.19370206822545855,0.2553820186748685,0.4103423163825868
96.15,0.06394166704583715,0.07461428897456837,0.17084879153499025,0.2669780264911821,0.4197539167719237
96.2,0.0701991947779954,0.09504917377486312,0.16072407176228623,0.2611758537554838,0.40268469299579585
96.25,0.06971874970396874,0.08581329419286261,0.13182504124179073,0.2470396543392986,0.38164484725353537
96.30000000000001,0.06997111052364373,0.07747156688629878,0.10954829517536642,0.26031520437650646,0.3692567824697555
96.35000000000001,0.0758285094156592,0.07487337846329888,0.09259386757990502,0.2551582583674841,0.3488066909985969
96.4,0.07838995378172163,0.07733865098954223,0.09499810533204597,0.2587921791272135,0.34008907449255177
96.45,0.08024238164658754,0.063708942531854,0.08930699947916634,0.2504118051883857,0.34965712987906966
96.5,0.08689426104290181,0.08359316971434125,0.08625530575364034,0.2586955751058028,0.371797086629353
96.55000000000001,0.08441378152086852,0.09219693268173677,0.06271964508887068,0.25324367443662255,0.4114356658239685
96.60000000000001,0.09574498333509869,0.11022144126649293,0.04531877337808256,0.24162929018760904,0.41471199474740006
96.65,0.09405823555025096,0.09377949050364445,0.045014287230185544,0.237909950442235,0.43449470147999253
96.7,0.0952887015400331,0.09870939366580324,0.04489418043501725,0.23749987318844562,0.4400516175593525
96.75,0.09657712163040745,0.08484430978416777,0.05598368958851517,0.23037646277702795,0.4480382444026432
96.80000000000001,0.11943577379767101,0.08559487354057539,0.06840478216557158,0.23252271225162252,0.42097295352684666
96.85000000000001,0.1289635048292775,0.07895749280899406,0.08750228691943916,0.23135537327744174,0.40853730743451416
96.9,0.13583463657328068,0.07942486812763648,0.10828676808281396,0.2250140817313779,0.45649863657955847
96.95,0.1313816794720884,0.10416225128629056,0.14167304436228614,0.24472539011587163,0.49299998119000293
97.0,0.11845550640996622,0.11635558501985499,0.1695806849684977,0.2512504946290186,0.4864780767603882
97.05000000000001,0.12040967148394462,0.1439376993304306,0.19592825637291653,0.2580126570088566,0.5144958278146223
97.10000000000001,0.12201834415638323,0.16434284661594528,0.20452848489745076,0.24803758567648104,0.4176384885101428
97.15,0.10563692242148998,0.16033908938924188,0.2003368851307522,0.247353958782148,0.32429600224959504
97.2,0.11156963757319546,0.15710347234112118,0.1964031018068139,0.2520863342551053,0.2551027394888007
97.25,0.10334373561987578,0.15040484197762521,0.20247434815824655,0.249213554448125,0.1632159922004611
97.30000000000001,0.09988316824219398,0.14040137809108896,0.215566533455621,0.2421788622578037,0.1582863292373479
97.35000000000001,0.10521324200931326,0.1342026088775366,0.2197140676672827,0.1980909520999706,0.1528586807409308
97.4,0.10023011691494506,0.1383054186809309,0.2346019523429772,0.1518560040497452,0.14140878224729372
97.45,0.1069870151168314,0.14591891326010956,0.24377289715852996,0.1420554374413249,0.11901395890510387
97.5,0.10557435499836645,0.15107459900357603,0.2457306000121015,0.16162619533660144,0.1524343641451925
97.55000000000001,0.10140272236187708,0.15155790184398082,0.26097336413104644,0.16069729723895923,0.1656608244925093
97.60000000000001,0.10178471321788822,0.13525873820707365,0.2722623979922176,0.15343059258209918,0.16698451787136626
97.65,0.10456093319038301,0.12877976628141813,0.2906183663590663,0.18071279982596553,0.19429568707977693
97.7,0.10776208286548287,0.12401322153620552,0.29456897089979345,0.19450484884999525,0.20376343477790793
97.75,0.11501808745482545,0.13558070438760222,0.31400421348698354,0.19163254598329485,0.22639862709505576
97.80000000000001,0.11342604467738962,0.14686302617662325,0.325273965610294,0.19142912087745578,0.3031377665001786
97.85000000000001,0.11335441195856451,0.1395530165038712,0.32717665197645424,0.15671694840199898,0.3610745917315126
97.9,0.11381169545128703,0.12528319069842972,0.33001430657405867,0.13465410035781916,0.45099401915301274
97.95,0.12024701667761163,0.1419546897755999,0.3322212263995873,0.12685065875032975,0.5254069706815357
98.0,0.12193552025178087,0.15388528135817423,0.3410706474607261,0.11531649469706996,0.6112918230688756
98.05000000000001,0.1253541591193587,0.15883879918896318,0.3533594599671868,0.08856203218792782,0.6238025804023039
98.10000000000001,0.1370706802839821,0.18851224801930688,0.3590194885343561,0.09336732116360197,0.5672008428111923
98.15,0.13614759512857702,0.18904700751444395,0.36062326777515963,0.08826313696651517,0.4986344466516682
98.2,0.15139637082018284,0.19542469077421362,0.3680896147326355,0.07543362593246142,0.4588488395475437
98.25,0.1631646199180645,0.19593489385260382,0.3711947434323801,0.08678272022732349,0.3909106944474131
98.30000000000001,0.17313564028638764,0.18046578330036328,0.3748152638371661,0.09148166648339241,0.38750444897041064
98.35000000000001,0.16748146374384776,0.16489099677126476,0.36767315850652443,0.0890894124603989,0.3784884599353968
98.4,0.16110277737207615,0.1565337935452185,0.370826936434973,0.08478492344352276,0.3836466800527575
98.45,0.15216336250542548,0.15190835391430046,0.37056360200513405,0.08061359116408155,0.41304437373182035
98.5,0.16222297414500614,0.16387351780989362,0.36179294746349594,0.07491114632935554,0.3966429709377971
98.55000000000001,0.16830350001191463,0.1548235320100791,0.35483058652334365,0.07401530023907513,0.3396811858733281
98.60000000000001,0.17857389793334116,0.14595621261146316,0.3477154975838923,0.07671764377187086,0.31885017634348795
98.65,0.18503538474285236,0.14245772822859176,0.33051725154699096,0.08548929152232475,0.2965153629452426
98.7,0.19676899567281,0.13220345417615076,0.3291992144151097,0.08760286662559633,0.2777551025277324
98.75,0.20296589126006107,0.12366999471901495,0.336435648527729,0.09572122905488153,0.2431098866520131
98.80000000000001,0.2179143792929918,0.11867123687507218,0.3268860782129751,0.10836817490823124,0.2519957034747426
98.85000000000001,0.2325963890971246,0.09857535366193343,0.3293894565285023,0.11190599244654723,0.24280017127066836
98.9,0.24948253098278297,0.10359386164373377,0.304253779250394,0.12000116358892154,0.23648150763165632
98.95,0.260130074157412,0.10688918344742523,0.302720214566813,0.12062380500518702,0.25129990335066765
99.0,0.2618290250744004,0.11653743021602099,0.28883925268341765,0.11718988568417227,0.25483093693762
99.05000000000001,0.2594831679282923,0.12731308880360628,0.27760191654357663,0.09169193797877317,0.26594500573590224
99.10000000000001,0.24877045118107927,0.16110305503103153,0.28813314691110015,0.08022383469710381,0.2713503768429247
99.15,0.23692480015454168,0.17827840045327414,0.26821018126086105,0.07022454630494059,0.2737932385957168
99.2,0.23809706095058236,0.17902598219786586,0.24139050204555484,0.05189318123475946,0.2841514324709792
99.25,0.20915422778862663,0.17780464805457222,0.21390550758490598,0.05889040519740568,0.2870208569442578
99.30000000000001,0.1871227885312316,0.17101953749242776,0.20301039069371649,0.07502893966460017,0.30132698149961284
99.35000000000001,0.1780640081454021,0.16134433595649322,0.18328663482012075,0.07723899468559368,0.3120923612509966
99.4,0.17114911745971328,0.1519931143597013,0.1709554180899776,0.10950428618329065,0.3260289949795228
99.45,0.1652477268654169,0.14551388919349428,0.1627311960073288,0.14042611973995467,0.33557266783066697
99.5,0.16872596303453305,0.15541988230533726,0.1625997354471806,0.16997545671495431,0.3608118908744754
99.55000000000001,0.16012154628311467,0.17005486217189264,0.15735477585308869,0.18646138661819325,0.3905275186844524
99.60000000000001,0.1536606221890582,0.1733395266554101,0.16110312042573421,0.2143828968402462,0.44962885964568117
99.65,0.14743343894068534,0.1811131037074891,0.1687320166480964,0.25052025993556887,0.4970572338064484
99.7,0.13611634303577497,0.18493510472958297,0.18007126854651592,0.27234741651290256,0.5120028425826408
99.75,0.12625124244157124,0.18444640887267824,0.18635945020527,0.28288476712458344,0.5094462129808371
99.80000000000001,0.12163529636793115,0.20101215292716632,0.19694619439551342,0.29460475493376787,0.5012882746818231
99.85000000000001,0.12107660255822375,0.21148425394465686,0.20786238830171558,0.3170930746921838,0.45627812469670687
99.9,0.11106684633885254,0.22768509693186798,0.21468057326531392,0.3448055820851311,0.4444354004622107
99.95,0.10095919724876981,0.23028320069322292,0.2214333552149994,0.36367246739629083,0.46314717119468457
100.0,0.10042999222859532,0.2282760900740093,0.23276658697990188,0.35152652779736654,0.4748343485670374
100.05000000000001,0.10542327028433492,0.2326813448297964,0.24838027837643795,0.35965366258015685,0.4477482581197173
100.10000000000001,0.11220845510609978,0.24016731297906216,0.26515051233512094,0.35345790920652875,0.4428771322485959
100.15,0.1205666073694611,0.25646261906004225,0.287412972834247,0.357341970279468,0.45894927885583964
100.2,0.12892001219817772,0.24905157928555444,0.3124312849432363,0.37869733950961604,0.5484959242043153
100.25,0.1413389000090129,0.25015091916127824,0.34740910407510334,0.39262467859793393,0.6429768792199851
100.30000000000001,0.15657268451604642,0.2626751920362155,0.3805351550078389,0.4217233270001329,0.7153575564755588
100.35000000000001,0.17034020939773392,0.2769223730531279,0.40818035899211247,0.44829754291956275,0.7780204675821729
100.4,0.17258121436162255,0.2909094923457031,0.437277096776149,0.46156277219827024,0.7803623646690222
100.45,0.17570133676210145,0.3049999974845814,0.4462663944281651,0.4828263913592072,0.7815781310861541
100.5,0.1756338987290297,0.32523709443280796,0.4482259509437099,0.48915633515582885,0.8159348593919837
100.55000000000001,0.16911415308169608,0.3321742772960772,0.4382030214250008,0.5055147716270819,0.7752850186636022
100.60000000000001,0.16481201291518843,0.34520999860057966,0.4297826695155493,0.5062984184060304,0.717099101604942
100.65,0.16101761661174863,0.33614105698578417,0.43172528642359487,0.5036205043622888,0.6591776053311668
100.7,0.15933078665947673,0.31986933599926376,0.4403558490896801,0.48496293029809817,0.619477805995505
100.75,0.15739688202301147,0.31540012010653823,0.44990455964348347,0.47085251986078186,0.5872429211932202
100.80000000000001,0.15243180088560626,0.3244337360107741,0.4659286800137561,0.4755211368152639,0.5896668129680587
100.85000000000001,0.15230602361923878,0.33144052090209686,0.4735960793664201,0.48014110178412006,0.6088783100079589
100.9,0.15424341680928633,0.3377156509719558,0.4769622789231781,0.48301945180623074,0.6021370853036048
100.95,0.14655000010805716,0.32076116045043696,0.48739170227076273,0.488510198277386,0.5581986315672625
101.0,0.13001783464242184,0.3000305186400325,0.4970982159019471,0.4873528310888728,0.5284724600676144
101.05000000000001,0.11378332830816065,0.2885838208386824,0.5059453121603992,0.488051076611512,0.4899594610132852
101.10000000000001,0.105250674335001,0.2979813228523837,0.5213173653088838,0.47993646842332277,0.4942775743795443
101.15,0.10433509631065879,0.3012240598037799,0.5229130035299537,0.4887049520133092,0.4860276339590983
101.2,0.10703440386386517,0.30314742150791235,0.5282581332464188,0.478959288676562,0.48917228402725516
101.25,0.11244715927412575,0.2962058686645384,0.5341203765371237,0.48905805460713686,0.48904227177582604
101.30000000000001,0.12260525855021408,0.30291369536754675,0.5385015771870528,0.49653524077195466,0.509293233753281
101.35000000000001,0.1434910215253893,0.2967199032398205,0.5406240919831141,0.4963393935198967,0.5207477321179378
101.4,0.15948949772790283,0.29478630511978127,0.5538300836111001,0.500452885037741,0.5081023441140634
101.45,0.17756319330117892,0.2960370224146541,0.563025490370754,0.5148202672608087,0.49618711439079144
101.5,0.18579909701268083,0.28952710910504226,0.5711550154852736,0.5222727649140007,0.5110410311942643
101.55000000000001,0.18789358061544115,0.29614759573482163,0.5811160943280625,0.5272504007549499,0.5273399774891075
101.60000000000001,0.19176719704756,0.30373398306725075,0.58824593890909,0.5390629494458931,0.5410541437607319
101.65,0.1913548296546418,0.30453341697488184,0.590908438432771,0.5410985255629502,0.5411573337347072
101.7,0.19649346374146542,0.30278114575401843,0.5919520211760244,0.5481573606486395,0.539877376543899
101.75,0.2035548127656353,0.31601269853958547,0.5990750809829177,0.5334450712995411,0.550364019627018
101.80000000000001,0.20583737363832605,0.3216651905294622,0.6120001315150768,0.525980732456136,0.5486662439012553
101.85000000000001,0.21015857278530561,0.3280741070940895,0.6145903574332083,0.5133103510163255,0.5603149050102755
101.9,0.21872767834030857,0.3340809076906214,0.6170957875043555,0.5124179145361486,0.570149146916612
101.95,0.22707571074141875,0.32782070296793114,0.6250021966976531,0.5077086271571621,0.55512685966715
102.0,0.2357313319689649,0.32754726233118175,0.629208786729905,0.5005921304656927,0.5383742204822514
102.05000000000001,0.24612926203690047,0.33276205056806796,0.6363269206093024,0.49616652657747723,0.5091354857673436
102.10000000000001,0.2572273289627216,0.33003779599273253,0.6490674662838075,0.5048338935713826,0.49760816814342945
102.15,0.2585799764797861,0.33788231454166845,0.654373704120882,0.5175249799329041,0.5058545862063679
102.2,0.26013551353881453,0.3478267054933966,0.6700950667007697,0.541072605003088,0.49168751885565526
102.25,0.26187855229120116,0.3749553639929163,0.6735013073712105,0.5619743714578764,0.48216639500152875
102.30000000000001,0.2684169273875419,0.3860843505531269,0.6583378574202288,0.5750575871679333,0.47626327846074146
102.35000000000001,0.2734688274281466,0.40141875322529413,0.668110722511126,0.5772225765465191,0.4719712957727701
102.4,0.2731469589238308,0.3909584366538598,0.6651624752662244,0.592820358771833,0.4614006272316721
102.45,0.287371152643624,0.38230461849289543,0.6592816126238075,0.5722424746705321,0.4593176122468
102.5,0.2913555924503604,0.38112622938375906,0.6456910253995224,0.556514339891518,0.45659358823271484
102.55000000000001,0.30113681515413543,0.3649997233756577,0.6212737765480657,0.5415519505179628,0.4549877337762054
102.60000000000001,0.3009467254732406,0.3836547041418512,0.6053284497764038,0.5096118983140977,0.4581384461420336
102.65,0.3019135802411555,0.3753378103867795,0.6105631720442282,0.5121929767705752,0.4386503067163863
102.7,0.31007308553650226,0.3739461134079275,0.609382922712968,0.4945877597459059,0.429436653619513
102.75,0.3165180894756949,0.3941514494402714,0.6118755326149504,0.5054501532963146,0.42716254097063944
102.80000000000001,0.324751747213779,0.4131944937436712,0.6216619488201649,0.5227457323537029,0.427947978635533
102.85000000000001,0.3271522034256256,0.41061337149225274,0.6130453869838725,0.566988711789257,0.4302332727657417
102.9,0.3345280922608404,0.4381034273727961,0.5941857284795296,0.5553619759838907,0.4278425911464791
102.95,0.32938719854859977,0.4129214640790715,0.5778489479603921,0.5512716619191266,0.4221497245966358
103.0,0.3337530939787422,0.37250598576618893,0.5520513346445302,0.5341967763729881,0.39789665444295713
103.05000000000001,0.3312686943143182,0.3146044693416151,0.538794452318445,0.5060265268319329,0.3750539463461253
103.10000000000001,0.32835023223430637,0.29361510930352647,0.5382311921487984,0.4625012249119089,0.39174332690768965
103.15,0.32705220247492095,0.25762597389695696,0.5249058990173459,0.4289735492005256,0.4006618821387314
103.2,0.34412116157556083,0.25302959338629544,0.5029314370869389,0.3976219667641009,0.3806406528089133
103.25,0.35011932186297645,0.24253813426831877,0.47456371061504155,0.3650143306245517,0.3424876297758164
103.30000000000001,0.34136473443696796,0.25074920932430483,0.46543513813046244,0.3258575498930483,0.32651844230664523
103.35000000000001,0.34040796387009087,0.25078895433580956,0.45749390873765894,0.3103784021642413,0.3421326067688308
103.4,0.34876598315336366,0.23263600943216467,0.4357219087296576,0.30517194874506004,0.32050657365823176
103.45,0.3512266416718117,0.2448821246704366,0.408099165150975,0.30605834346407823,0.29465048851823783
103.5,0.3557791594977227,0.2623377760280748,0.3853847189169353,0.31394795712679374,0.25031242644518736
103.55000000000001,0.3659947565300224,0.25520328075770715,0.3705027332576178,0.31192070902910457,0.230729319463452
103.60000000000001,0.3623257706470785,0.25255309801778514,0.3523344992185923,0.3179070635869949,0.1875265188295768
103.65,0.3528248216341209,0.2478918422814093,0.33924953126793284,0.33291736986178666,0.15715379188574222
103.7,0.35954796009702644,0.219145698812948,0.3363288726341262,0.34023784295531967,0.14028830466710746
103.75,0.3557927339818389,0.22296664170821937,0.3388310462260533,0.34325870146319315,0.12341392500245514
103.80000000000001,0.3485260355898348,0.2160810976349655,0.34267855879768017,0.35129914214234825,0.11166866693401421
103.85000000000001,0.3402351019057117,0.21060666282654902,0.3400112952603066,0.3629747388838166,0.09085872103960016
103.9,0.3416789299103376,0.19818322186067658,0.3246960326312142,0.37271671420886837,0.0735733572716076
103.95,0.3260458667744026,0.17683363442747463,0.30235980320789935,0.37948819170808973,0.060831499856272314
104.0,0.32004230555300994,0.14302858217181566,0.2968499064639084,0.3674476623605562,0.05746459839694624
104.05000000000001,0.30954372922694595,0.1485163107704513,0.29690720182577274,0.36366931513341166,0.08523132438529021
104.10000000000001,0.2995780714002069,0.1541557163707106,0.2856832135990487,0.3625627943198132,0.09176962278907093
104.15,0.28279761773867534,0.15516295490156162,0.28058868448376423,0.34050811705567513,0.09197655799702613
104.2,0.28003401750335183,0.1527276481782759,0.28108886102186975,0.3388005360175233,0.08721004755560456
104.25,0.259158810566134,0.13869188676603503,0.28185993552817923,0.32825884581812054,0.09697844877959831
104.30000000000001,0.2647552584001747,0.13371755968070723,0.28174278631543226,0.3337505928197369,0.08474216178183017
104.35000000000001,0.25567513592505786,0.11461511845143202,0.2804795803132761,0.3340732268210844,0.08889729253192924
104.4,0.2474439158911502,0.09891743829329684,0.29638823256507524,0.3508199338145382,0.09544902800442895
104.45,0.2463359769849149,0.10770256610772692,0.3110972787862606,0.38923089380267906,0.09369754987815108
104.5,0.23646551233818391,0.1351242009854572,0.31059953913860966,0.41623713735036877,0.08307891772900665
104.55000000000001,0.22174253506392766,0.17489137584818398,0.2987439055656144,0.42653656492915487,0.08586966684008142
104.60000000000001,0.22314951225115223,0.192635956274688,0.26358082323789034,0.4541867266104621,0.0836808589292025
104.65,0.2211710610844819,0.2051212623818251,0.22251166980826145,0.45912903919680176,0.0955911217827657
104.7,0.22755391328176358,0.2228033367849673,0.19452871447623266,0.4508477723719798,0.10998352995934996
104.75,0.22527817092560093,0.2212277280292132,0.16698285784914338,0.42929051916844063,0.14504501540408715
104.80000000000001,0.21576071746096392,0.18453556223971748,0.14636532758297693,0.402935935397021,0.1935906560958074
104.85000000000001,0.20951704624855502,0.13548130050089305,0.12570362326681936,0.3671039850810467,0.24056461160940126
104.9,0.19727943014088595,0.1080546586389117,0.11505143212842645,0.33614073043935555,0.26024976774088027
104.95,0.1946523964957437,0.08137398284065374,0.10694045692660346,0.30913394506448316,0.3063746873709723
105.0,0.19946683698083104,0.0681032348481219,0.10518156849676676,0.2743909118119544,0.32282545327499595
105.05000000000001,0.19913652287144218,0.046758243687632345,0.10236004696897481,0.23195683455561583,0.32903380130638
105.10000000000001,0.1967985146647445,0.031977702731368095,0.10967540641192501,0.21155414524918864,0.3197917145143255
105.15,0.1930370490091891,0.05134752493070434,0.11573873665993266,0.20367394269133934,0.3141713259389866
105.2,0.1943182268551081,0.086437050680909,0.1006744995003621,0.19626345543537607,0.3012830772019189
105.25,0.1930765527769015,0.09619605353011618,0.10183632538349738,0.17373328481761474,0.2992113484518993
105.30000000000001,0.1884135080477725,0.09282877252073944,0.10452803727130007,0.1789153444709467,0.29694415803530533
105.35000000000001,0.18405007709563362,0.11363928327264354,0.12878647427507295,0.16670107318241753,0.3099237601717449
105.4,0.18218669151632225,0.1095048638143944,0.1369119015113874,0.16126317821771208,0.3198950597907929
105.45,0.18869539651276468,0.11714826139342792,0.1379194822379111,0.16252698527037127,0.3275161169551217
105.5,0.19610089826028052,0.10100715610351901,0.16192141101151705,0.17715169448446183,0.3007595859683585
105.55000000000001,0.2022108373776189,0.09172693703277679,0.18516976161817847,0.18596182936533118,0.30608601294405124
105.60000000000001,0.20461898601716214,0.08189742761249402,0.20235867156006304,0.19093654158699305,0.3066294818172344
105.65,0.2115701407342552,0.08841426440861835,0.22414982903814054,0.209237374193147,0.2966747403896434
105.7,0.22080401593401044,0.09873965295574545,0.2303320087887102,0.21780962282951372,0.30694618499452486
105.75,0.23505164453079996,0.10727944316448462,0.21713857923415422,0.22345035387531437,0.314868941123371
105.80000000000001,0.24407896844298044,0.09942098144582749,0.19737091474517102,0.23185154977311578,0.3033849116630416
105.85000000000001,0.25403538785162244,0.09940291288496433,0.18795569319029282,0.2052150242906783,0.24900144631528834
105.9,0.2597844752394655,0.10511649656086863,0.1887092474423778,0.18004663487663602,0.2068532452061246
105.95,0.26837260850692846,0.1192966976906111,0.19202381991698184,0.15962831223922141,0.22593845062346007
106.0,0.26923652589277075,0.13501146217196913,0.20529624846659755,0.1620404200616154,0.24351611447263016
106.05000000000001,0.27681826314580726,0.14976301813115822,0.2138917301290443,0.16632583572577242,0.20121128469404093
106.10000000000001,0.27253526876606,0.14565131864241532,0.2209119664007933,0.16701318632582213,0.1528312602514358
106.15,0.2682418181215532,0.14445719907526677,0.23794856056785385,0.17163373271575372,0.14688182270291625
106.2,0.2613606026541192,0.13611282680767786,0.2446682967561457,0.178903374329846,0.14855663446020978
106.25,0.2665374118297672,0.14181071142718318,0.24543765398325057,0.1785720428618838,0.18911692351537532
106.30000000000001,0.25364683468521565,0.14712975854091767,0.24665497168338962,0.19000260785579795,0.171523277980463
106.35000000000001,0.23990170593198967,0.14031139685026436,0.2525888605322434,0.1865685329310198,0.11944149744835604
106.4,0.23308740703916841,0.13560995542341173,0.25754055624827693,0.18877990930039146,0.08756668439253602
106.45,0.22502974171298584,0.14587630066999707,0.2618725758701731,0.18914664833079914,0.113469766376433
106.5,0.22431292102673855,0.1632089494035893,0.26804625524528697,0.18416227318696815,0.10802274958181929
106.55000000000001,0.23490052479348225,0.15375856382033753,0.2764524427403974,0.1865864150259016,0.13761877086872457
106.60000000000001,0.23542912484592404,0.14775237639236097,0.28013449814796393,0.19123913482305363,0.18338432870288993
106.65,0.23132619898997936,0.16310262374269158,0.28498502441810997,0.1847282847819336,0.17931314802084633
106.7,0.24313992673597273,0.1455080846990248,0.2913990225338078,0.16145598375814713,0.12495771292343802
106.75,0.2513656734442512,0.14141031468846157,0.2931606446284585,0.15975080154713597,0.07866373013976341
106.80000000000001,0.26456193734742706,0.14086992699389772,0.3046772787931641,0.16428135073073116,0.09037709699438976
106.85000000000001,0.28219679058317104,0.13575160372529343,0.31461698212488676,0.16403709568314498,0.09451773063373826
106.9,0.2932543461707427,0.1441199690038077,0.323309909137355,0.15744540530719625,0.09317372107455354
106.95,0.2994303197791521,0.14567193208409895,0.3368046895624666,0.17286330461775135,0.10839285286944121
107.0,0.30485189465435125,0.14949602955157665,0.334885097465798,0.183656002844174,0.12131213830327096
107.05000000000001,0.3086210282106692,0.15770037673701082,0.35313464098035957,0.18614949679054058,0.14997020347263557
107.10000000000001,0.31417634940001016,0.1471171157273215,0.36280679510179353,0.19005726519310848,0.18639359174776401
107.15,0.318700084919942,0.1316431221043704,0.3703501493806691,0.194543315477461,0.13564187068660247
107.2,0.32441157353458777,0.13089448916433657,0.3725956477596504,0.18426818018085617,0.13823425339033757
107.25,0.3346441719494627,0.1243400218567144,0.3788992208867359,0.17519486299750348,0.1760594234135931
107.30000000000001,0.3389595027374501,0.1197002515575471,0.3818997604608555,0.18128469275788692,0.22469196868199198
107.35000000000001,0.34064047672354286,0.13780557085217054,0.3793327868317828,0.20973818718371676,0.2563378938946679
107.4,0.34640793821003435,0.1373561837982253,0.3912259885383492,0.2137540038584013,0.28759600781217487
107.45,0.3501000096167974,0.13569462292451345,0.39794872490765987,0.2126491265142036,0.27664482808658464
107.5,0.3600812168023711,0.1360829890062125,0.40976333346271754,0.2274185343547648,0.2644733766789786
107.55000000000001,0.36971290545677904,0.11886563244150716,0.40281083697509396,0.22710451369956006,0.26885938715593416
107.60000000000001,0.37088747636981867,0.11857412018899485,0.40681133665216257,0.20435913077516338,0.3562664133099487
107.65,0.3727330398079919,0.11526889957893692,0.3983356587684955,0.1998239835197243,0.40189022249489115
107.7,0.365349478921852,0.12300692468249112,0.4005123103691008,0.20905950414357352,0.4268209995257806
107.75,0.37361356769753135,0.1206669447174405,0.388998887406487,0.21120652854519656,0.421782484653887
107.80000000000001,0.3793925590744898,0.11710902313383068,0.38945034775529264,0.20258208256113644,0.45571086740715894
107.85000000000001,0.38652980703403766,0.10941926658285059,0.40166094809412006,0.20421180901860864,0.45811696388069456
107.9,0.3970436980527914,0.12135904900717755,0.3875369816608394,0.2175612753398216,0.3847078540537626
107.95,0.3937973619415827,0.1310528074769262,0.3875401471156192,0.21009067941872644,0.3473759624224006
108.0,0.38241514207675575,0.14083613687515448,0.381059474445956,0.21923765312128993,0.3977040994749518
108.05000000000001,0.3872650824274536,0.13498085177702343,0.3720406175959461,0.20911930785189697,0.4658593156413054
108.10000000000001,0.37140885522698747,0.13594252453367076,0.3606831878962972,0.20714521917741527,0.5436537071662859
108.15,0.3721454290289083,0.1351804185258236,0.35703415522071685,0.21862915800364213,0.6266468126204644
108.2,0.3545370416604052,0.13631870792470802,0.3316684934856881,0.20532065259992904,0.6481892320278204
108.25,0.35547981807259327,0.14702650723402652,0.32041069682550927,0.1939509365324358,0.5688769597472105
108.30000000000001,0.3375357664607878,0.15522496434206803,0.2957086151851387,0.18914796351240915,0.48847569770013477
108.35000000000001,0.32547637369105975,0.15912217533644354,0.2877924800096825,0.20592810634907213,0.4816007623197722
108.4,0.3209438524228304,0.14720094935632327,0.2939336672862206,0.19877384776535909,0.49598602597927505
108.45,0.34753892491404526,0.14598841192631706,0.3054333195596852,0.2010016894284349,0.44622270484338744
108.5,0.3536982566385269,0.13728577175562137,0.2893355185837266,0.20981772828426992,0.4154631812806068
108.55000000000001,0.3450998162989576,0.14152088874974056,0.2936470861938307,0.22536030700568596,0.3839855116563196
108.60000000000001,0.3369035635231825,0.1401341995363574,0.28866016021134866,0.23416936073992584,0.3808775088138545
108.65,0.3430446631609235,0.14538722366222162,0.25188112893033,0.22436228820871812,0.40048318249017933
108.7,0.33874250800726785,0.15339139267686197,0.19648764540207284,0.21954904817888266,0.410108985670244
108.75,0.3266554706352484,0.18060899641364586,0.17585541930573242,0.22867779083004183,0.43104112960056296
108.80000000000001,0.3135933425887664,0.19106375579287807,0.16532617111057996,0.2416757774899928,0.4468197828064813
108.85000000000001,0.30557876676008233,0.2020384119143159,0.16312999872008346,0.2506912421501365,0.4581322614429151
108.9,0.29091647548993516,0.20219321522269923,0.17918198670282706,0.25525330353042364,0.46487779342217156
108.95,0.2507854608617506,0.2049507955751451,0.17148549877869715,0.24604708737721004,0.4606755685452904
109.0,0.23418189195469769,0.20233265310919027,0.1510935551426195,0.23552164690941754,0.46305643276656316
109.05000000000001,0.2040646233646294,0.18548916729997403,0.12799199140269413,0.2436410035550454,0.48244841207819483
109.10000000000001,0.1923981488016724,0.19760323844673555,0.11563181700062684,0.2386585404024679,0.4970465618442412
109.15,0.19268628101119156,0.20300058602305926,0.10427368625225057,0.2458613294568266,0.5313401051305832
109.2,0.1850145156143662,0.19650153286619565,0.0832741949526983,0.2516073747860397,0.5436008937944353
109.25,0.17562599265724027,0.18745665238885295,0.09480764644026686,0.2530662241092997,0.5582224019537088
109.30000000000001,0.1632612551226067,0.17201726755170077,0.07094158074605054,0.25898879702310024,0.5705587134759775
109.35000000000001,0.15736692947459796,0.1762813095877048,0.057273972460296155,0.26546053017472776,0.5795695363433827
109.4,0.15262959680288365,0.1667567708139519,0.04445436086316225,0.2781272438501012,0.6061394334944898
109.45,0.15247581680981095,0.17588094883839236,0.03813334268748717,0.28535947745675516,0.6158739498242848
109.5,0.15112596100464107,0.19479938701833904,0.03819910175561081,0.30071232295541295,0.6167323641494008
109.55000000000001,0.16228492475453252,0.19243673877194925,0.043922760546163224,0.32881174697037663,0.632001395256653
109.60000000000001,0.1585971586802047,0.20620396609515074,0.040473755739233896,0.3388804832936966,0.6261710082936347
109.65,0.16113875458827054,0.21661242902106975,0.024160966794120865,0.3408798411457694,0.6428120235831775
109.7,0.13638469234324038,0.2030952763974787,0.029733892985789025,0.3397952150674807,0.6419500251506487
109.75,0.14096394296932904,0.18786466794577728,0.039127132682571834,0.3307944715072575,0.6434895536122931
109.80000000000001,0.14705683908104045,0.189102683227044,0.029862866401784517,0.3185029599505401,0.6478851087731906
109.85000000000001,0.12838637610149908,0.1886218962961947,0.026306589345929245,0.32400155181925694,0.6570943691529785
109.9,0.12611627666701436,0.17452132479922156,0.03842102895503065,0.3056044756118908,0.6445551766196148
109.95,0.14619202492980551,0.15922039331380997,0.06685162502381801,0.28231815778735964,0.6292832479882775
110.0,0.18374971998469344,0.15621304225249352,0.08803089946757293,0.23822481167845544,0.6262850432986302
110.05000000000001,0.17747144873634865,0.1387681950182414,0.11312996709678913,0.20099193718097655,0.6120549844321524
110.10000000000001,0.17650299909014755,0.12420838115512393,0.12070177806585765,0.18711136081919016,0.621689057903567
110.15,0.19017187660899013,0.12526622401129725,0.11350433197175426,0.1669379847152531,0.6220361560555727
110.2,0.18382707614139068,0.13365536196753874,0.10395011925633854,0.16956645389607497,0.6242319959319227
110.25,0.18008872961787595,0.12122591073828907,0.10180700997548904,0.17123856189366585,0.6381840289832073
110.30000000000001,0.1730858497710234,0.11603152327836791,0.1189054778950197,0.15892912839968193,0.635764600240416
110.35000000000001,0.13574290222713503,0.1254966523154294,0.1430846771193683,0.13021570480545144,0.6493462892557381
110.4,0.11080329245162593,0.11082468409466474,0.16833024887228745,0.10497109898066784,0.6594585164205881
110.45,0.0987216473710662,0.13673520781601772,0.19403422324683825,0.11142405025908743,0.675818700123016
110.5,0.12087359180915615,0.13108143726587743,0.20317630253153143,0.0984479238989682,0.6670904113186688
110.55000000000001,0.11798747581488435,0.14495248189669918,0.20259842109626622,0.07858381459330128,0.6667163430237564
110.60000000000001,0.14103884099372022,0.1409854564113642,0.16900857753376233,0.08070761676952297,0.6728293092763558
110.65,0.1493124899028771,0.1297794891131042,0.13306631210348316,0.08683052333403282,0.6967660524891979
110.7,0.15080782853952235,0.138351863879931,0.0975104161177181,0.10327454240682139,0.7129005485049444
110.75,0.1643060471433133,0.174298077809823,0.07827272814686666,0.11560177462620255,0.7164121307994892
110.80000000000001,0.1691790022146764,0.15804839032828344,0.07403310080416671,0.12450058814093659,0.7285863305387922
110.85000000000001,0.15709662456729737,0.15243768011144213,0.07291600728934465,0.15901577664614644,0.7387721318753155
110.9,0.12758688151217093,0.14976322615110282,0.06525979442912147,0.17744238099107792,0.7489925399509212
110.95,0.10833463433036353,0.10335120461654047,0.0676484457744329,0.20075019075329242,0.7566733415952939
111.0,0.102853803420821,0.07953248672253369,0.06934533727100088,0.2230525879787242,0.7610867465978508
111.05000000000001,0.07970315878751963,0.09547602557850703,0.07775383791288477,0.23141500891599184,0.773620855446852
111.10000000000001,0.06037701880131882,0.05920364842155247,0.10849002497605278,0.24112605472419862,0.7894463766690828
111.15,0.051038302239972,0.03280194186024014,0.12230672086629192,0.24886528688439224,0.810428734650534
111.2,0.03951610326704653,0.04601314334251916,0.1382987209123341,0.2757833681120734,0.8217000074227965
111.25,0.03952224809910782,0.05448612644593688,0.13707544488004111,0.2969469333084025,0.8263546566516908
111.30000000000001,0.03477418490489266,0.0630622659346692,0.13949540221367443,0.3092165893036791,0.8182490610385047
111.35000000000001,0.035384632915539935,0.055472468376814556,0.1444053030323345,0.30299484338029997,0.8093670330655734
111.4,0.044174719364796396,0.05297065451819504,0.15474549927840897,0.2873432354200293,0.8185158699432381
111.45,0.059824630185128826,0.054837737771938025,0.16377629217697748,0.28031623628846913,0.8224665432197142
111.5,0.06590808100316366,0.04496824490649984,0.16732799666647377,0.2742465570797211,0.8416449632061422
111.55000000000001,0.06565657007410235,0.04163697657558449,0.16793494825406652,0.26278127998879935,0.8551279688387466
111.60000000000001,0.06907912733648,0.03598242783328674,0.17764878778542229,0.2637842576611135,0.8705719118476024
111.65,0.0656125603388845,0.024738837785426116,0.1870964625449143,0.261793280436055,0.8909272672807624
111.7,0.06402940261192226,0.016400935149097913,0.19421889132418335,0.2581166400856781,0.8867986113183082
111.75,0.07769638992373666,0.009878411109879581,0.20562840244295458,0.2690692487057656,0.894592500841417
111.80000000000001,0.0884352115455841,0.02339057181666929,0.21791334174077936,0.2680569178696545,0.8911773628797065
111.85000000000001,0.09893411383034743,0.03397421601171914,0.22391608563109344,0.26442455722483693,0.8641778075841319
111.9,0.09918178397277867,0.03543229481919346,0.2384890966611273,0.26164381622447885,0.8304591812246384
111.95,0.10392372861686233,0.037622827683132916,0.2415809884045471,0.27096301216004826,0.8040977909381213
112.0,0.11749308319650943,0.04084693782655232,0.24760877619790916,0.2703770285793571,0.8120732205762459
112.05000000000001,0.1378147014388713,0.02895663024534669,0.25219744198438904,0.2599850606256658,0.8174076747180626
112.10000000000001,0.14828398182249677,0.01592367607649124,0.2596184020772412,0.26392042207405103,0.8190018285613461
112.15,0.16049451215512409,0.026316176955394382,0.26237224126448244,0.27499087574786113,0.8317560176979363
112.2,0.16951509504473494,0.02279389184387013,0.26705052155696235,0.2678013250354967,0.8257581784201998
112.25,0.17670871103988153,0.035211129369086054,0.28092380185893717,0.26518749105160666,0.8127225941723468
112.30000000000001,0.17601035633019108,0.025030992405318867,0.2858169459775699,0.2627115086896928,0.8243323984278654
112.35000000000001,0.18050483909644413,0.038672229897178105,0.297376661387724,0.2754151986665396,0.836379180779096
112.4,0.18102391066206566,0.057752699965408015,0.30976620986652403,0.2920725487756297,0.8525397320324046
112.45,0.17449752267188345,0.08041640950011808,0.30943918132827014,0.2966901168755059,0.8541197252290617
112.5,0.16920917680613945,0.10117066075658043,0.31479541627450175,0.3100834266035917,0.860067426093922
112.55000000000001,0.16094460451830275,0.10454390264733934,0.3061306503819198,0.3178594387954003,0.8689617336198506
112.60000000000001,0.16366977466108232,0.09929716694722207,0.2926267590181904,0.3004191065721759,0.8802768168131466
112.65,0.1542752369901195,0.08189117055772141,0.300323074056749,0.2905799670584734,0.8710571648765617
112.7,0.14770742464475975,0.07013579578371287,0.31147357621704386,0.29788377707741454,0.8722826166774865
112.75,0.13987504595923456,0.07996025239593185,0.3125507409586562,0.29824935685121245,0.8792026864589647
112.80000000000001,0.13196211723216156,0.06872684932438489,0.318518363399549,0.32453840959632163,0.8825945050906425
112.85000000000001,0.14125687786929267,0.07081260945053958,0.31100562344637184,0.294318825513113,0.8904682036474533
112.9,0.14238962141249875,0.0681635223307852,0.3057428248322396,0.3043737177316935,0.8830207974881901
112.95,0.14293126618752716,0.06688816344494358,0.30175169176143146,0.29108532193455405,0.8830535667879674
113.0,0.13917111974281135,0.06581553059886276,0.29655017967964337,0.2793875589870618,0.8754626135312747
113.05000000000001,0.1363980988882767,0.08163246518248088,0.28730610662040884,0.2562637675282222,0.8812672078720549
113.10000000000001,0.13379946962717015,0.09452045518516002,0.27845344029867203,0.23568037191229663,0.8902489994870664
113.15,0.13010385581286793,0.09905948261781462,0.28111856574028155,0.23088673230531495,0.8984982388743262
113.2,0.12333162561731899,0.0818023126377072,0.2749305088168872,0.21895710057629703,0.8997072615590409
113.25,0.12155654275030556,0.07241612477540871,0.2726590079218145,0.23019175888010565,0.9066535962100967
113.30000000000001,0.11683307904859948,0.06356267292219711,0.26682177207151114,0.23663273045669173,0.9062707159495028
113.35000000000001,0.11391946393067019,0.0654653699532703,0.27054815323929904,0.2493074147059766,0.9078866809750882
113.4,0.11374908139074402,0.06243084718915913,0.2589105930117869,0.27075352186152163,0.9220314161206753
113.45,0.11275174137645161,0.06733160875804217,0.24008538233304216,0.3005186987755665,0.9235961986906777
113.5,0.11112366602879226,0.0797766778446103,0.23572783071839504,0.2909802268974217,0.92769203057339
113.55000000000001,0.105903891842128,0.10728352662672734,0.22888453112130516,0.3166386437716459,0.9483621461534596
113.60000000000001,0.10799923103666279,0.1029263586390522,0.22727900744838458,0.31590109623995993,0.9514827128636002
113.65,0.10808622629027466,0.0993471062215665,0.20672017081884153,0.312757964933905,0.9598392195413797
113.7,0.11309080033971416,0.09920359882242957,0.2075385252711777,0.28854993764475395,0.9555354133466492
113.75,0.1200980576138395,0.10840607932102618,0.2121993203867928,0.2759021837036851,0.9590846605048924
113.80000000000001,0.12389290394479423,0.11221477703889043,0.2162986664770679,0.27751058036900805,0.953994420042632
113.85000000000001,0.1275643803237486,0.11286955757143764,0.20030191651210294,0.2788431537616094,0.9612671396458975
113.9,0.13243675801706745,0.11151970468922574,0.21258879317868154,0.2723175197137674,0.965984227244039
113.95,0.13902594638767296,0.10482874063741753,0.21602191157523598,0.2888193887352966,0.9777711439005055
114.0,0.14885392140045145,0.10618116907658016,0.20513990433670873,0.2915803455679881,0.9730999862714165
114.05000000000001,0.15411731827642475,0.11281729887991021,0.1927827505060591,0.29463539522534415,0.9677539428622312
114.10000000000001,0.14785526067034183,0.10631284919357283,0.1963342955412745,0.3041268257827134,0.9534965182781134
114.15,0.1561471324998239,0.10729906529069418,0.18745726456355113,0.3096002831445346,0.9192560020736987
114.2,0.17237802014186468,0.11676792209345896,0.1551843516733426,0.29985157015506414,0.901911805312587
114.25,0.1777957396617921,0.13798603388444564,0.1263968393939005,0.2984594590993312,0.858644122993905
114.30000000000001,0.1660704325496023,0.1497161622639215,0.11193331805723557,0.2776173706562263,0.8506274060238828
114.35000000000001,0.16231932097839105,0.1470189937759668,0.09534089731775097,0.2745609234834016,0.8263664413478968
114.4,0.16028591715194615,0.15848615069689678,0.08654010102314069,0.2696629034440726,0.8163103216823065
114.45,0.14696634954841092,0.1579930053695653,0.06909785421580675,0.26264584645628525,0.7990983915222549
114.5,0.14940677427861207,0.15839490698780448,0.06186695212049022,0.24343644900818945,0.7730742316473392
114.55000000000001,0.1470131966245891,0.1554291988813194,0.047101462172174015,0.23282318352524276,0.7427183257396794
114.60000000000001,0.15868267461184388,0.156126919905062,0.05799483311379539,0.23816468360602294,0.7239860634665352
114.65,0.16997108209834394,0.16335776467049906,0.06699453496167566,0.22996598496374787,0.7458161806044383
114.7,0.18568051404223962,0.1637851100009435,0.06947716590737563,0.21832350057357558,0.753790764429234
114.75,0.1994719541749187,0.17808309922270293,0.07763653792476598,0.21434308861083373,0.7671456173673629
114.80000000000001,0.20441201082007898,0.17290837667556885,0.09122847896868633,0.20898699503856338,0.811512186698474
114.85000000000001,0.2188007347752805,0.1515089903138337,0.09647376680442611,0.19972427129609668,0.8386875301214411
114.9,0.24067846168071877,0.11384051306555773,0.09552230594796937,0.19860664451775875,0.8606697472107121
114.95,0.2615335428980361,0.09170688498375569,0.08888402033365285,0.20559940671659058,0.8610212287413046
115.0,0.2791589698332515,0.09001743125940918,0.09270672399383534,0.21600462874430332,0.8387471289205041
115.05000000000001,0.2650444275818632,0.09743899242466174,0.09885819280819821,0.21089809174458973,0.8229260833194969
115.10000000000001,0.24735552362958288,0.08200851337265416,0.11374699546467372,0.21243777493410607,0.8299277666334024
115.15,0.22772067819904293,0.056130446710426996,0.125781727477772,0.21551767866380986,0.8355158227596018
115.2,0.21395397052269038,0.046374349513739845,0.1190289428146221,0.21521565326726524,0.8538454270749042
115.25,0.20459862877104174,0.03500562218872119,0.10936517073304822,0.2278012989476652,0.843139210738697
115.30000000000001,0.20587858764180242,0.02922148967602083,0.10242542758328668,0.2382321196360288,0.8380881999780149
115.35000000000001,0.19903533377544189,0.04225567621307037,0.11448629804453414,0.23172989622788456,0.8231143265863624
115.4,0.19154967245112958,0.05665470371463541,0.12208537862395588,0.23649529016369136,0.7957549606215405
115.45,0.18528423692295554,0.07837858631969821,0.12896918379441627,0.2573673305043826,0.7784647743278126
115.5,0.1808833104558685,0.07591911240982513,0.14002844483135385,0.2739647627155252,0.7648294955812341
115.55000000000001,0.18204611407358115,0.07976977811023661,0.13926306158063986,0.26054900187462543,0.7556395097301033
115.60000000000001,0.17348860610978667,0.07629866776913148,0.1414641073234422,0.2473212263511588,0.7546837728777531
115.65,0.16494893020346627,0.06803470364887004,0.14589633980290223,0.22272182190973583,0.764226172653189
115.7,0.16173886139124857,0.06562651186937231,0.15002063912139793,0.20586200214041475,0.7753118763334083
115.75,0.1616735076313488,0.06423526833231968,0.14818897983080798,0.1924359165278547,0.7893110210835471
115.80000000000001,0.16047190815724163,0.07550368415855073,0.1574257076993813,0.1761124806438064,0.788054152407626
115.85000000000001,0.16372766561877775,0.07160789453615225,0.16747884731496931,0.14735781078612303,0.7836682713257977
115.9,0.1626401538675681,0.07091582680382771,0.17681948069988143,0.13729966361171506,0.7892285956506159
115.95,0.16149472939125178,0.07414015036320322,0.1920787997267403,0.12631396836771738,0.8068217166568724
116.0,0.15702498789101035,0.0786771532844876,0.18932684852647785,0.1316910013708024,0.81137268809174
116.05000000000001,0.16067785304941457,0.06704309339604846,0.18473945336239406,0.12226689685033985,0.8174203602120143
116.10000000000001,0.16113829354106352,0.06938957600127237,0.17985404479044256,0.1251184990257793,0.8342821168974967
116.15,0.15759642678137098,0.07148329332234564,0.18044297091227463,0.14193535226015538,0.838052874192522
116.2,0.14517164210999323,0.07664209189577446,0.18541441144156415,0.15208421628703925,0.8415161923342561
116.25,0.13674991565675554,0.07335162512454672,0.1837628247534283,0.15346921657820534,0.8363038524082448
116.30000000000001,0.1296401069388413,0.07079240134179386,0.1893134083088186,0.1667023072339191,0.8290972321723517
116.35000000000001,0.12321355053687622,0.07215345647373578,0.20115840623418824,0.19441516324018446,0.8265057005671606
116.4,0.11997583316124434,0.07295311937967744,0.212201684705394,0.21267985141366957,0.8203590155674972
116.45,0.11878344315499731,0.07349290816266547,0.21575645604628535,0.20333095250393793,0.818161090101723
116.5,0.11640666084205359,0.07504622964996875,0.22038412960205433,0.1746557910689375,0.8345120397065404
116.55000000000001,0.11237895519670978,0.08462645100583457,0.22224165523242229,0.16999191424604254,0.8114999289902501
116.60000000000001,0.1084448606400582,0.08838720417464378,0.22027966570269789,0.1311406038143526,0.7914893476377356
116.65,0.10629147152302611,0.09954952736044725,0.21796476497964004,0.1322055296369659,0.7893754767503693
116.7,0.10532835676203607,0.1027626066286556,0.22182485346361056,0.09764825449501731,0.7845652882299482
116.75,0.10484980349031334,0.11825594587277,0.23066284503379933,0.10071815512490481,0.7871936259658339
116.80000000000001,0.10290107772936838,0.11852078275404254,0.24087306530145386,0.07917775741532831,0.7830769519906613
116.85000000000001,0.10248906518038998,0.12721711433328572,0.2371447599725723,0.073814452453991,0.8054597933721758
116.9,0.104926493615529,0.13912477152960698,0.2251638136711887,0.05645287446575312,0.8222829753089762
116.95,0.11861355049383904,0.16570640125147046,0.20984643132673206,0.05549425204828436,0.844591071294733
117.0,0.11726032438832533,0.17868353786299648,0.19069701216302934,0.05849694074525467,0.862762471971159
117.05000000000001,0.1119192413238178,0.18790269781576738,0.16895810825742516,0.06893915404769158,0.8479238560273691
117.10000000000001,0.1098787081421897,0.18284004826964817,0.14456056977128473,0.08933513177085639,0.8501218173025687
117.15,0.11257414737553613,0.1931407142052178,0.1259506518390489,0.07178605016011372,0.8677687875517778
117.2,0.11758119594191693,0.20135242935542985,0.1130362929387455,0.06214814332586911,0.8669355621882263
117.25,0.1290361533522256,0.18488356585219695,0.1021372223216784,0.057119248768357486,0.8731133382635425
117.30000000000001,0.1422432615523578,0.1732795196705936,0.08680739572966586,0.05568757251488675,0.8965102931111814
117.35000000000001,0.1598013644582173,0.1602572542551764,0.09340840501399647,0.0550090724437049,0.9057396114049224
117.4,0.17619980880945013,0.15450445533563956,0.12110864709393863,0.050168289011533466,0.9146606377760451
117.45,0.19208854975249454,0.15601070148572196,0.14934038131187735,0.04550360291043142,0.9092943342692287
117.5,0.21275461415178962,0.16555578545762398,0.1689619914425241,0.056269558076579636,0.8976198404567048
117.55000000000001,0.22437785921210693,0.17768511855832816,0.1925604569556278,0.08142170133465658,0.8986065302516777
117.60000000000001,0.2226838020992364,0.1990303746516894,0.2124154006507056,0.0986533558544762,0.9077224985229329
117.65,0.21867886049314195,0.2135873333992366,0.22828094290921327,0.1418123035724554,0.9177938908843402
117.7,0.21515848073079122,0.24160629701590322,0.24925733915828838,0.1669391134487775,0.9208442291123751
117.75,0.20852387452459648,0.25754920744937476,0.27212170556751103,0.20617812761690407,0.9124104387035904
117.80000000000001,0.21030193738962064,0.2893817970949662,0.29281474999984486,0.22575626957988754,0.9131015117073794
117.85000000000001,0.20915505887803562,0.30845399687488056,0.2892355211504668,0.25958676692114324,0.9103941937710509
117.9,0.19735603467851737,0.3144604961084193,0.2730782916259229,0.26621743655031377,0.9111453527565996
117.95,0.19202055747561772,0.3264657169470314,0.25547859709049575,0.2542012166374969,0.9454605073834018
118.0,0.17870102129083354,0.3260907218793979,0.24871456109021034,0.2449806099329571,0.9860265931126332
118.05000000000001,0.1711756475603981,0.320182954794578,0.23920442329368738,0.2630193841278823,1.0194056113726506
118.10000000000001,0.1776803927205499,0.3456172419051741,0.22920883613313778,0.2454535735419476,1.023176128781396
118.15,0.1858326250216946,0.3576225507105175,0.23565213318015002,0.2428497865593699,1.0266802431967614
118.2,0.18844949611660083,0.3676749765316639,0.2359954613796943,0.2182049463468282,1.035336073369873
118.25,0.1962720561419111,0.36575404313816634,0.23262587743436977,0.2490062113025911,1.050782344706828
118.30000000000001,0.20974712076520285,0.3707781519982629,0.24074175578880555,0.24002258466907775,1.056162518981857
118.35000000000001,0.21112538838095377,0.36413079747564725,0.24244686251011088,0.2341948162357485,1.0535175273945003
118.4,0.20588936854285428,0.3741844808625217,0.23902677630768118,0.2232991742191102,1.0615255658506433
118.45,0.20173103183995414,0.3776393322218677,0.22766598483517558,0.2261548439604969,1.06075325466896
118.5,0.18950843336159906,0.3809823451750352,0.20846567395494528,0.22455400791733268,1.05784342812328
118.55000000000001,0.1830367664099341,0.37334742872461635,0.1707491943047214,0.2222833171200612,1.0551803766364147
118.60000000000001,0.18906304077215927,0.3814132349311569,0.15841194345806578,0.22592255209103532,1.0709064525414564
118.65,0.1858117675524949,0.3871506659136687,0.17172679127751048,0.22725577060962437,1.079113189326418
118.7,0.17303470962752798,0.39280164309073284,0.20273525390824754,0.23692887284954856,1.0876796993231648
118.75,0.15463328210023244,0.3961958782022718,0.1742865413946912,0.2564779040412596,1.0828306904553964
118.80000000000001,0.1318490748142665,0.39864068783077317,0.15508710628444738,0.26445004544004586,1.0905791845836745
118.85000000000001,0.11842958327534299,0.403297633838777,0.14267171969633347,0.27543331247710406,1.1006814760276513
118.9,0.10056999203562338,0.39896322531702605,0.11715980717665915,0.2742315249179739,1.0976634682649629
118.95,0.0826537806407013,0.4010544420249418,0.09195702008491637,0.2727049036977277,1.1065744693365989
119.0,0.07218203520014041,0.39118623958394555,0.07193434876769073,0.2731856079195137,1.121048406307599
119.05000000000001,0.07555103330036723,0.40617807105025344,0.06628235327370895,0.2670351064247416,1.131511627582063
119.10000000000001,0.07294403112330254,0.3996883104120024,0.09641770584908763,0.28200651114300884,1.1533226448920788
119.15,0.06919060234283649,0.395428369932493,0.11163275286086509,0.27419110655236156,1.139984310309368
119.2,0.0751699611932774,0.41068687761820133,0.1070284171560558,0.27483842918091245,1.1218360833760972
119.25,0.08198998323804911,0.40242310955859745,0.09971507866763692,0.2774478790514902,1.1271705247728265
119.30000000000001,0.0982445228493285,0.40255466594449557,0.10948897823124445,0.27402540765519134,1.1309418322088238
119.35000000000001,0.11465835493026111,0.39838467732920235,0.13445225237134753,0.2829964618142375,1.1352469915241359
119.4,0.13839131402905852,0.391389645471351,0.1258053604715718,0.2795529642346053,1.1261185543584227
119.45,0.1554216660518072,0.3910301787002308,0.1415602476857791,0.2770989141067542,1.1356868208921855
119.5,0.15828925929341622,0.38621105515182486,0.15718573669579333,0.268452775840768,1.1341072789177924
119.55000000000001,0.16637194423501114,0.3771699095352272,0.11653403462806809,0.27066434056752625,1.1251220108367996
119.60000000000001,0.17512746949051064,0.3910037073140911,0.11004271715786121,0.2725615553544463,1.1287053597642636
119.65,0.17927363709995564,0.38772244510578113,0.10155348882920048,0.2780081416345234,1.1304570839432102
119.7,0.19596760621269263,0.37187771310162365,0.08319969896398653,0.2810754833315324,1.1393313763132407
119.75,0.21102935989879903,0.36529577498318555,0.0740093906751122,0.27457601035936086,1.1433890113713
119.80000000000001,0.2152545665425253,0.3599368876361458,0.05768397526725889,0.26456084398177454,1.1362180782412428
119.85000000000001,0.22084006933332542,0.36519464978553173,0.03787583772600429,0.26039087269120487,1.140368096851064
119.9,0.22565680604957522,0.356778457944162,0.043668201406920466,0.2649990547468996,1.1499754997069007
119.95,0.23185271290700543,0.34499752849579546,0.05174024452770692,0.267006477000168,1.168845022626225
120.0,0.23238811962195446,0.3511072375514159,0.06946262456086104,0.25643301135141355,1.1811538721231116
120.05000000000001,0.23743429727534138,0.333657450784996,0.078532912363184,0.24815151966427218,1.1392730141734682
120.10000000000001,0.24850601296469138,0.3332133382164824,0.0843260724843735,0.24285496383203548,1.128351195186704
120.15,0.24597894753558136,0.3116841448287976,0.09350764397284518,0.24055989911809683,1.1177128853799418
120.2,0.24819362287345734,0.2932811197467582,0.1020717084303068,0.23481675268658406,1.1212029274116222
120.25,0.2549917106526407,0.273821829550931,0.11085169115327285,0.24106643819598558,1.134477671595897
120.30000000000001,0.27181684806213374,0.28238280731639387,0.11905147076359716,0.23439983176318493,1.1423749570652533
120.35000000000001,0.2817197131789156,0.27344200455424955,0.1343847635512563,0.23521125305200055,1.1528787613990967
120.4,0.29632221064944897,0.2629349208021957,0.14748492607668717,0.22144516467150532,1.149244133617412
120.45,0.31028931934785015,0.22886654354880567,0.15059671251693119,0.21359734866291327,1.1610417756884834
120.5,0.33269053055471165,0.2019894938061113,0.16836618418263952,0.21333900743706663,1.1740445820085565
120.55000000000001,0.35290142230267624,0.17750288720508786,0.17768153426726818,0.22177197213946023,1.1949086267368985
120.60000000000001,0.3660997152817111,0.1840368539841847,0.18591026474608616,0.21346358294411646,1.1776143986664924
120.65,0.385016323547229,0.16603096172497753,0.19431970661615375,0.21348774666302592,1.1556292890139441
120.7,0.4053796013577707,0.16743112624811118,0.211214591204164,0.21042409508776724,1.1593856781381744
120.75,0.4181520065263304,0.1693717488184102,0.22375048772330983,0.20664794123151148,1.1531105147441396
120.80000000000001,0.43085936862383967,0.14468326671796947,0.22875626982512326,0.2028209745148406,1.1345920433022183
120.85000000000001,0.441651916035416,0.15590865209705868,0.22939704130471344,0.20082144396627313,1.1097555750054704
120.9,0.452202180622513,0.15612912752099092,0.24718099710682948,0.20219628923933927,1.083513069143384
120.95,0.4672434142330181,0.14758950748988786,0.2485224346619422,0.20086466770501937,1.0346550681573643
121.0,0.47424524450200917,0.17309452776247897,0.2583121503524513,0.20667653400360372,0.9898264498827913
121.05000000000001,0.4740137028554298,0.17878141277807047,0.2663902355633828,0.20675844143902755,0.9864753106160213
121.10000000000001,0.4745286502652202,0.19690641866968592,0.26579506364782035,0.20627986297869016,0.978497284330283
121.15,0.4763091956106353,0.20829955973329842,0.2688687856452149,0.19691670660779284,0.9575660290496119
121.2,0.4838937741198011,0.21273381389221893,0.26966445591520083,0.19289611432816134,0.9931052500607903
121.25,0.4822087441655982,0.19491298883083197,0.2824647681016529,0.17680905687971704,0.9958641111740075
121.30000000000001,0.4855333033509831,0.18341555543503812,0.29427181251482737,0.17811616318295917,0.9970831898990905
121.35000000000001,0.48907197340145403,0.15391265556905212,0.31582941354519106,0.16410277696321937,0.97666894791572
121.4,0.49466789322549853,0.14599493255494972,0.3232096312904557,0.17113892124666644,0.9442343654582921
121.45,0.49874935819764576,0.14804814785297948,0.32680263174959406,0.1698084049273005,0.9138334030710216
121.5,0.5103284375077016,0.14077339912979697,0.33053860748375274,0.16943354274372638,0.8904287927761122
121.55000000000001,0.5132954773504944,0.1381370137423957,0.3261479961964577,0.16394793359199,0.8726911166317217
121.60000000000001,0.5160391014822382,0.15551130486478174,0.3329917140745075,0.16770910597304178,0.8621607189489832
121.65,0.5185546250708264,0.1737089294885725,0.333573594005996,0.16678091444601573,0.8560125398339408
121.7,0.5133214910935441,0.1550983925581336,0.3367243535597987,0.15669844923604512,0.8676528766137587
121.75,0.525356573276629,0.1572847841124184,0.34673963184454315,0.16380970547798346,0.866133005321689
121.80000000000001,0.5286917606377194,0.14223251356820601,0.36344816924515766,0.16383458860529956,0.8586032938227003
121.85000000000001,0.5372898545115481,0.1254791715701177,0.3711476314902956,0.15144688725907673,0.8585255887275668
121.9,0.531701958445002,0.1265374973890671,0.3741203557295198,0.16645441590246904,0.8564529376279381
121.95,0.5235843733131278,0.11982516041639457,0.3605046907516061,0.1651610331322383,0.8652454758014096
122.0,0.5223072661863013,0.10781663134748715,0.36014831776648903,0.16402247569813638,0.8690905703980047
122.05000000000001,0.5244032010622723,0.09974574241254833,0.3695164803760164,0.1496923249759019,0.8794686380441721
122.10000000000001,0.5198147780621492,0.09439134100490476,0.35312173663301893,0.15426833073104368,0.8737571263460902
122.15,0.5109621283000516,0.08898801129648752,0.31724515612705173,0.14936695697397173,0.8617148016813884
122.2,0.5004672732981724,0.09028663766166932,0.28566424219567815,0.1648908444191476,0.8535908910907728
122.25,0.4904483220731737,0.07954783763330507,0.24992920312644146,0.1725780540007112,0.846287273453746
122.30000000000001,0.49138924402370754,0.06445319888016281,0.24259247907426243,0.18011537723305718,0.8358509980329585
122.35000000000001,0.4844022667426534,0.06128518044046819,0.2442088174483857,0.18241621633996452,0.827810705479949
122.4,0.48188272769003493,0.05656023441828641,0.25066848312112006,0.1865989312350053,0.8289444119785999
122.45,0.49322195718112244,0.05971568330448268,0.2620855816858167,0.1941961100210278,0.8300012345708117
122.5,0.479725897306887,0.06843443700840558,0.27257938631991924,0.19214714449560258,0.8244225182209639
122.55000000000001,0.4661653881905465,0.07624356074043255,0.2739110057937299,0.18716207556165046,0.8282505577241924
122.60000000000001,0.47189454974450007,0.0950476273599042,0.293639531768607,0.17732659988184518,0.8304158010421281
122.65,0.47460024597151845,0.12006073720217013,0.28315732117368453,0.17169883919034648,0.8222874033084107
122.7,0.4575913360644793,0.12493879572545936,0.2799649254778221,0.16640344994869738,0.8126233639579716
122.75,0.4519653476143185,0.12152994434416897,0.2814950730719111,0.1536408942012142,0.8044479699404629
122.80000000000001,0.4392862387473594,0.11567812423689634,0.2954304502722986,0.1474887895927007,0.8166460369879851
122.85000000000001,0.42649552981650396,0.11702086051787047,0.3066663213198608,0.1505346651978558,0.8294186489030906
122.9,0.4234842313916735,0.12389987038053352,0.33140658817991864,0.15214956471728636,0.8451918787409616
122.95,0.4139424731469274,0.12233148870658316,0.32663381663226226,0.1570573659886345,0.8621816762960106
123.0,0.39988213135625594,0.12343172183171405,0.3227011350580063,0.17202439244821538,0.8922528661470084
123.05000000000001,0.39464388613212587,0.11976543573038348,0.31136591402564723,0.17296306637075462,0.9020888010161958
123.10000000000001,0.3736487217551964,0.11914674947918329,0.29279231664745525,0.17358755364523004,0.9216134315820808
123.15,0.35913246498844753,0.13678816461154134,0.2598422127735335,0.18655430669603817,0.9209107989295914
123.2,0.35461980106290275,0.1290818818735429,0.23367991377505587,0.17714195365331878,0.9053730546451608
123.25,0.3495525301507981,0.13073054482465526,0.2131804467002283,0.18754411126938006,0.9170333339632784
123.30000000000001,0.34183593889679903,0.10884182927171686,0.189883082854176,0.20232800011216498,0.9144110111295368
123.35000000000001,0.34363746438947174,0.09930538324507393,0.15386311099705482,0.18306387393740206,0.9005304469375568
123.4,0.3489356665293505,0.08578490222047111,0.10943807690887733,0.17361626667415883,0.8782509433482153
123.45,0.33927765823044953,0.047280945367894296,0.11577896109375244,0.20102359821703455,0.8318790702384133
123.5,0.3290927285093988,0.03982947112407205,0.1696436135930514,0.26026971446874625,0.7891354486998727
123.55000000000001,0.32945834208715874,0.08052857074172641,0.20480088615734496,0.3199143711550161,0.7236904805349886
123.60000000000001,0.3293291814213703,0.12239250575204791,0.2208849970854142,0.3688368608685841,0.6560655832413274
123.65,0.33023782468613055,0.1385082708119749,0.22463835039797475,0.4091970149894362,0.636961379919648
123.7,0.3230486710595007,0.16377748792163235,0.21577452992982954,0.4195664308996342,0.6201908528281467
123.75,0.31419449499853896,0.14970465033715888,0.19387148814394228,0.4445397617350237,0.6202887671395843
123.80000000000001,0.3255183376601767,0.12516461246586968,0.1634536909518195,0.4244494058404762,0.6285526996138961
123.85000000000001,0.3275989755345872,0.08204132433325469,0.13304667302886136,0.4103379190591999,0.6483773633114032
123.9,0.3216593288211038,0.048907694227298584,0.10588827306957742,0.35200032711761486,0.6783601239054761
123.95,0.3212502454672403,0.0305902018191289,0.10754697630097299,0.3165942678911572,0.7061678861376245
124.0,0.3124644624869631,0.03825260462202057,0.09369219538309585,0.30901896599168843,0.7175407080363416
124.05000000000001,0.3137781180868353,0.04124513228168423,0.0705310643926481,0.2788926384312059,0.7348049013662529
124.10000000000001,0.3124405142643058,0.06271882190858806,0.05159834599072055,0.23030694909430602,0.7353518225248796
124.15,0.30924839460834064,0.095542355329522,0.052445527854780766,0.20034674900658705,0.7547027431258143
124.2,0.3043086662931662,0.09647786995521719,0.06363616704741634,0.1691567631806556,0.7777304657966461
124.25,0.29229634023389595,0.12067494660215874,0.05900387831335728,0.15895446616061046,0.7963791174772932
124.30000000000001,0.28406667826470106,0.13578167439980196,0.06904355016807659,0.1638640439548667,0.8021024994410447
124.35000000000001,0.2780385926268479,0.12587559993930197,0.07913369570052306,0.14076713931230633,0.8057709695292457
124.4,0.27810867523274346,0.1504677733150815,0.08481430144667208,0.148395088821834,0.7982075257500999
124.45,0.27477820749258564,0.1527953956606209,0.09275538762982943,0.12662222869908785,0.785005246926231
124.5,0.28099170305253324,0.17716038474195017,0.09948537828707318,0.1253324291887798,0.766366285082521
124.55000000000001,0.2836805435858856,0.18231027715129772,0.10540164947206129,0.12089844788348493,0.7742069343193313
124.60000000000001,0.28444514201071935,0.18373995353658207,0.11963850334523077,0.10878096581730935,0.7823212847572226
124.65,0.2820888770956004,0.18288510339289968,0.1321195784554558,0.11596222702895496,0.783884387756601
124.7,0.2807720774017011,0.1897632244708373,0.14209644406023822,0.11074140733163117,0.7699060819903051
124.75,0.2795844699507059,0.16632437171893236,0.1462746390792815,0.11895991208485207,0.7487737120804415
124.80000000000001,0.27315644221515245,0.17075240086011134,0.15396699477136283,0.11902585813473093,0.7258169847552637
124.85000000000001,0.2702966092905104,0.1881911963389679,0.1582843044513721,0.1342077683928966,0.7142234873055217
124.9,0.2615134294189457,0.2050110379275636,0.1702438992162235,0.16042203061877705,0.6939641806121187
124.95,0.26047699978722855,0.23279618676193645,0.17685969392370782,0.18248596048339344,0.695938017226669
125.0,0.2513269862751487,0.24652028753464938,0.18306068887362098,0.20635217556825272,0.6999064262469283
125.05000000000001,0.2499649574119857,0.2516399586210734,0.18986499889594874,0.216714082757149,0.708822070829345
125.10000000000001,0.25559881850129595,0.25659531479356595,0.1966350148173759,0.215842543743299,0.7013037675960406
125.15,0.25779829221620343,0.2553824613174917,0.20612707762596394,0.2092602899033947,0.6994368139327772
125.2,0.26983941384547105,0.24357965052507885,0.21220075348795428,0.19469933895730196,0.7254226828301529
125.25,0.27888894893777216,0.24098053823105609,0.21545536376941601,0.18832835463447084,0.7466717285246168
125.30000000000001,0.2911512614947449,0.2395727249852633,0.22630765981592685,0.17205179277128527,0.7461360596281262
125.35000000000001,0.2971468172769833,0.22436316344685914,0.23867769870374278,0.1605456284860829,0.7188395560133699
125.4,0.2988666206247764,0.2183949545121525,0.24316626852369347,0.18827360542754698,0.6649042179033224
125.45,0.2935638403931368,0.22529603017306685,0.2501641443530682,0.2007929453783595,0.6636479474278038
125.5,0.30053094817605835,0.22477526468853787,0.2575710806273173,0.19349346588064897,0.6484296740994312
125.55000000000001,0.29841199669108626,0.21317921527638298,0.2689779871847522,0.20059214627321023,0.6347013838417573
125.60000000000001,0.3016814192621656,0.2181269012031739,0.27259507880132855,0.1790960603837377,0.6176136191102924
125.65,0.30678518149872397,0.20555184142934627,0.2796257266870084,0.16176221009216235,0.6322691885527774
125.7,0.3071847202085567,0.20396808601637728,0.29017881598810513,0.1626073325935079,0.6019026781759305
125.75,0.3163807577457238,0.18813672995855427,0.2974550397783999,0.15812874339251656,0.5163066314864057
125.80000000000001,0.31123174412584026,0.18411449690479445,0.3010313329921385,0.13602914724481321,0.44488759141273354
125.85000000000001,0.312483144866634,0.19191509011018354,0.30855370234309315,0.13213010977217896,0.4276887764898525
125.9,0.32053958728063736,0.19372001734975178,0.3206911805477005,0.10878383535406258,0.45548430114894095
125.95,0.32280247024574077,0.18011996762066046,0.31926987174189664,0.11519708261005691,0.46315989740529095
126.0,0.32043897349176037,0.20545839874461733,0.3415689852130426,0.10379650416514696,0.45428637473320727
126.05000000000001,0.3316775419743536,0.21041505850188105,0.3435687882914522,0.09272750572538048,0.426304795944281
126.10000000000001,0.32706739539193114,0.1901808653837741,0.3480402358916784,0.07681249120151916,0.367280311445629
126.15,0.33170756780358296,0.19527233847382883,0.35984739721778114,0.04693077236709981,0.34202711552615994
126.2,0.33938142803946647,0.21900507069823952,0.3629974181582172,0.05005151733225694,0.3131684613874537
126.25,0.3485731102895675,0.23155131578993737,0.35606987165029014,0.05926750499005381,0.2981531396988465
126.30000000000001,0.3529787540084949,0.25072854610439355,0.357083048962504,0.06364937040191615,0.2958843013002582
126.35000000000001,0.36010903000909955,0.2526592412985344,0.35400612419723704,0.0677195952084169,0.2955100231695303
126.4,0.3620348242881392,0.24370454308520226,0.3615973673914787,0.08401063353895323,0.3077169155601666
126.45,0.3579079232949328,0.2218798177985009,0.36303040116865987,0.0928771960807109,0.30607779356169773
126.5,0.37365887176441803,0.20133876795743444,0.3631812226656507,0.09941184299941791,0.32221771499754015
126.55000000000001,0.3834925850554065,0.1980895538582415,0.3535579884445736,0.13000866239645392,0.3762188232674925
126.60000000000001,0.38201458073402894,0.18910633990707998,0.35512177464372535,0.14413578648856798,0.3391614476469511
126.65,0.3874786449533572,0.17671105672631668,0.3461649681285228,0.15553042067853623,0.3091947367508117
126.7,0.398576794718298,0.1773360552758559,0.3467196224167667,0.15231251436061577,0.3064986088139615
126.75,0.39442232083999,0.1689329449996251,0.342904661063681,0.1666928072606971,0.3119326544854906
126.80000000000001,0.3999017716093127,0.13913569927615754,0.3339911661322957,0.172707362587923,0.3061114008273501
126.85000000000001,0.41316102286466355,0.11381486518293306,0.3294565131499756,0.17282012974896002,0.3281668993747239
126.9,0.4127097658107054,0.10673648229984775,0.29997035051179893,0.20091271771375888,0.3462076131223575
126.95,0.40943936425641736,0.09463134812551115,0.2696199960391594,0.20768368975729354,0.3815296903925198
127.0,0.408268718787449,0.0857999033722599,0.24626896811241147,0.2278890921151894,0.3645733497006327
127.05000000000001,0.4019188214748072,0.09815863341652153,0.21700244880299857,0.23740970362361005,0.3655100769693618
127.10000000000001,0.40182215593452075,0.10544898665581004,0.20320174229354107,0.24538988774023843,0.382664489409161
127.15,0.3910895472731625,0.11297314273485422,0.19703889087675336,0.2463863475148771,0.4083396616325455
127.2,0.3838299450766395,0.11594171844998277,0.16957004174064544,0.2628327780066773,0.4235997963027259
127.25,0.37937409257367743,0.1183375267341564,0.1601344438031754,0.25355095374896885,0.3958821392197507
127.30000000000001,0.36729617024243627,0.11381771213775024,0.16044528989395812,0.25679195677243083,0.38763522667950223
127.35000000000001,0.35377049529034954,0.09386123713057919,0.1423630437496185,0.2583795170233445,0.40233474578212197
127.4,0.3455832664357322,0.07928608066215644,0.15620729398619745,0.2620544707150097,0.40270926492060755
127.45,0.3347946234303746,0.05132036606339227,0.1597690869918151,0.2641092600936802,0.4005384003587473
127.5,0.3193807717249756,0.03547503498083789,0.15657184347573028,0.26736911863189317,0.39429119037780735
127.55000000000001,0.30951953353276423,0.04959866619170754,0.1561959532724291,0.2796394281540204,0.3967792034939022
127.60000000000001,0.3004738202404433,0.09722518882733676,0.14560346618366818,0.28236306479406037,0.4047039309121408
127.65,0.2798318832572966,0.13823019571618933,0.1451053015932705,0.2942906601919588,0.4056354731623468
127.7,0.2671796128111323,0.12895249865635883,0.14155996239183022,0.2926581226966161,0.4020462565298716
127.75,0.24815694225826318,0.11407536115467982,0.12089816756706456,0.2984937462058084,0.40311532113466103
127.80000000000001,0.2388303790207098,0.09308651837563048,0.09791613661792829,0.31168450095770117,0.41375968881314223
127.85000000000001,0.23919953607975508,0.07069679994415975,0.09114363679707113,0.3065077293505134,0.4188032982227492
127.9,0.24493244094183692,0.05767971428574344,0.14258824409797652,0.3035281891608222,0.45082226697624006
127.95,0.2560301105227579,0.06525730714036354,0.16366608156835727,0.2998992182987915,0.5156155320570313
128.0,0.2621504001285737,0.08779466773767365,0.145146509975817,0.30399983115091905,0.5357310133061666
128.05,0.2599666904553403,0.06901971409619385,0.12951489024106372,0.3099116540853252,0.4848147312609028
128.1,0.23373041477575066,0.04370468724630756,0.10610076556768563,0.3200286342594796,0.48736959056270307
128.15,0.20414068517749212,0.05467018357564593,0.0851316926921017,0.3310505633392468,0.4842049688795239
128.20000000000002,0.16752760671450426,0.05667215806731481,0.07417365699226602,0.34345210602308,0.48030553402668297
128.25,0.17002706546943017,0.05160132026448855,0.05336531321721992,0.3493263957509007,0.48811681947071944
128.3,0.1977551663012123,0.06017524268321945,0.037716696633085973,0.3563171947714423,0.49852323839180246
128.35,0.20805850960249375,0.05411187544620375,0.030732363420180826,0.36678123811998836,0.5069572541288541
128.4,0.2056701249158437,0.05148297619848254,0.01627767325697647,0.38548877259881636,0.5129851115788541
128.45000000000002,0.1983712806490807,0.0516175964157592,0.02568080474282945,0.37957554212196937,0.5282476555389624
128.5,0.17553949024976565,0.04250308550331655,0.044442691976342284,0.37157703733971037,0.5258458762458909
128.55,0.15365130961813858,0.051981745942687056,0.04258914043107572,0.36799067137992403,0.5121120225927565
128.6,0.15283284241436532,0.05070768092897151,0.0269556285218184,0.35775104241814787,0.49028529099240287
128.65,0.1426603355575379,0.045479933267168704,0.01261493852463439,0.34960081957868216,0.49772654609920386
128.70000000000002,0.1449751057721404,0.047770376392036455,0.048057086176166976,0.35142376085249166,0.5130168757583142
128.75,0.1488068240915717,0.061317903544758565,0.07728450707801549,0.34881394396479787,0.550412091249732
128.8,0.1452189601316761,0.07582814214642718,0.07338497352070962,0.37253925504918917,0.5767398131822731
128.85,0.1432936819356028,0.08561844449676351,0.06272166194395162,0.37920715664071525,0.5818868894344739
128.9,0.15125106115167006,0.11314064403769043,0.06551820101697117,0.3821353634078773,0.6079919245932499
128.95000000000002,0.159998166431452,0.11533215845321121,0.06509004308853207,0.376466408124621,0.5929994473405059
129.0,0.16770386090092496,0.1052589270975612,0.07252340543274963,0.3796122967368981,0.5948178887600792
129.05,0.19079204028267063,0.11514092980960712,0.08250920617276418,0.3425352152959882,0.5811783546191163
129.1,0.20682913312017046,0.13158784047243233,0.09160147183785726,0.34929840365014686,0.5923218725179455
129.15,0.2175699782321963,0.13070021711915872,0.10970253041568785,0.3487329539120926,0.6100223260512104
129.20000000000002,0.20994264681846164,0.14219731751614628,0.12092966913800869,0.3587341718222128,0.6282961597062859
129.25,0.2090890322709243,0.1309943075963314,0.11558005451020464,0.34451390875787435,0.6116971359230629
129.3,0.21602985803035393,0.09104953965222042,0.12783806534248132,0.34797108174791086,0.5544174776208823
129.35,0.22940544297139298,0.1148362869277545,0.13938667173117159,0.3351670216865858,0.5446189578652831
129.4,0.23766551261337004,0.12257367952101648,0.1382368833301172,0.3071248626998734,0.5472848491154882
129.45000000000002,0.24918703369106754,0.11369331559315743,0.1480192195020866,0.2642997481088324,0.5470995594358111
129.5,0.23732293120903206,0.12692422054954475,0.14395111345244466,0.23296970772815218,0.5953796075771274
129.55,0.23960557768092877,0.12346864126317837,0.14741816368512317,0.23877608626113087,0.5965745107147353
129.6,0.23218479244301352,0.1112305261187945,0.15480322848784767,0.2332421637884313,0.5772110908537736
129.65,0.22818121713662037,0.09020037507196578,0.1597760563479527,0.23027389416281588,0.48776989499585033
129.70000000000002,0.23312832077209936,0.08310634209711808,0.16769379178970256,0.21312464321582075,0.4519084939359909
129.75,0.22289982660549232,0.06144048109552597,0.17418382440518843,0.20220326169379907,0.44589985237115587
129.8,0.19860170621795994,0.061712681462420045,0.18500554385513687,0.16168977265236695,0.44346737320474694
129.85,0.19360855264335602,0.05258827437390412,0.2018221496010133,0.15729869732118903,0.4223857289690958
129.9,0.1934927622118515,0.05171217232556217,0.21055560703600004,0.13160415502260667,0.41685194405558873
129.95000000000002,0.19335652074670126,0.04888955638883071,0.21462209196193044,0.1323926650297215,0.4348223400749477
130.0,0.19226941128353406,0.051365873867813105,0.21511846048952815,0.1374246403183411,0.4416779338724599
130.05,0.183180804005548,0.04807726733879987,0.21571425281915033,0.14407842500028645,0.40383071414983895
130.1,0.19704499456155894,0.046505654818936856,0.21421004782869496,0.14092757324734906,0.37427938205329736
130.15,0.20485753296668088,0.041234958477364296,0.2179728131359319,0.1366694989491393,0.32758008047858755
130.20000000000002,0.19830011041031811,0.042053447477751506,0.21881120152778602,0.15239672538429483,0.3235217188594989
130.25,0.17995853584359844,0.05147636419460447,0.23165011401902869,0.17618064724131738,0.33129626040120586
130.3,0.16089499193105256,0.06421640469302803,0.2372963994670065,0.18395580947924803,0.35778312536714907
130.35,0.1559116186490471,0.060595608067825865,0.23335790103872062,0.18721890053792312,0.3380813110220372
130.4,0.1434220201788894,0.0636737374204934,0.23554654544280273,0.17326650082043876,0.33986490968152844
130.45000000000002,0.1385109079809419,0.061197484372027634,0.24152177386855683,0.1749030742840957,0.3344751551596927
130.5,0.1315522759052148,0.06925558690283631,0.23977030096735572,0.17304229544995092,0.3448808291152842
130.55,0.1281855182183858,0.09555594729257644,0.24747684279558918,0.17276388237973037,0.35201562567914535
130.6,0.12719122386841442,0.11763800763245262,0.2532520159332406,0.19648329596090008,0.34662252078910893
130.65,0.12530690428243768,0.12210987860872517,0.2525774843835165,0.21540292594878283,0.3442472651593475
130.70000000000002,0.1278898375949396,0.1216395075471432,0.24882718386092986,0.22053069065927527,0.3317953358382684
130.75,0.12819961613975756,0.13134594827042834,0.25119128364666193,0.22299426618983584,0.32421295449524784
130.8,0.12613340389242403,0.14087742719675064,0.2405687982881514,0.2381072244072265,0.34440260423521923
130.85,0.12388586340189738,0.14388520801759022,0.23265680522973078,0.23037940386297764,0.3746805739190213
130.9,0.12606014065973675,0.13190328554027306,0.23005303796081575,0.234485780853942,0.41664960224956066
130.95000000000002,0.13040190434933693,0.1414499450588183,0.23513593120057008,0.23606949769817934,0.46122874937526404
131.0,0.13352604347811478,0.13977490203095555,0.2361964526006546,0.24722863338223278,0.4765074416808387
131.05,0.1363056996102214,0.14305658348303202,0.23508036693552373,0.25833889200727017,0.4874675119664999
131.1,0.14379624078764788,0.15659869485405895,0.24736109491586458,0.251638653371061,0.49682494722693243
131.15,0.1432591864424898,0.1553893685225387,0.2526083384577681,0.24533564879350925,0.5307381377966885
131.20000000000002,0.14300162447915704,0.1619372975117808,0.25266838287616467,0.2350498253481687,0.5432108555877516
131.25,0.13899945229211386,0.16259299466662616,0.25098242985961466,0.2418933697102168,0.5526104551322274
131.3,0.1341329253174243,0.1618182852394992,0.25375765335449774,0.23854438018153187,0.5602044212657219
131.35,0.13669703027929891,0.15580604667703515,0.2683080184378998,0.23788408933699626,0.5554391815212435
131.4,0.13338533434022512,0.16913757969068555,0.27120159972477936,0.2248324297778243,0.5520533425920473
131.45000000000002,0.12815310803877447,0.17632799399780025,0.2685927119688446,0.226600940163183,0.5530089148417585
131.5,0.12909684040429087,0.17991237913364605,0.27908819937176094,0.22792015759371337,0.5598672877719605
131.55,0.13320232489227046,0.1795025195273225,0.28594979552886335,0.2292124670224992,0.5810732262892274
131.6,0.13502773200383617,0.18409707169628123,0.2822042590880645,0.23881198709513207,0.5921667999472615
131.65,0.14567143339673172,0.18160552319201162,0.28279874584575887,0.23718439814904127,0.5934479273596874
131.70000000000002,0.15314742630818837,0.17568966318797657,0.2847592221579572,0.22472791747101442,0.5909875067454566
131.75,0.1622280032500453,0.172501268787371,0.2921297603124977,0.2173299972492455,0.5896817526981832
131.8,0.16811493792256374,0.1766563622904476,0.3064529816970175,0.22949278693843803,0.5866157744334013
131.85,0.1597983012470641,0.18093599882126202,0.31502301096213803,0.2380032683745722,0.5800312990326206
131.9,0.14435054922027565,0.18562849854241104,0.3419752598493105,0.249162952230738,0.5794394888821551
131.95000000000002,0.12863919246791938,0.192555586058667,0.3469544556765333,0.2802721780796168,0.575905389431593
132.0,0.11295150792129754,0.19311003065516527,0.35002694287180597,0.27772345535812454,0.5947553090933232
132.05,0.08982565867023973,0.18018677034544633,0.32623039722189456,0.2922133943289599,0.596524439320957
132.1,0.06780749044269932,0.1702133066122414,0.3150689401030868,0.29711598881063767,0.5945281234851822
132.15,0.05984306298106317,0.16636607280759083,0.2905592030804253,0.2891164521489109,0.5981189276219728
132.20000000000002,0.06615083042730095,0.1606621790081673,0.2804357977107009,0.2719093018763409,0.5973232959461819
132.25,0.07993092617262444,0.14489994280136714,0.2726340273179614,0.25953416922098566,0.589358099775036
132.3,0.09748252068602657,0.1323854266307661,0.28070506725060945,0.2342385581863213,0.5815789224464949
132.35,0.10645432143971197,0.12907509377796753,0.27818468123640594,0.21788213976579504,0.5716161857242051
132.4,0.13121154612107902,0.12087515374766802,0.2676243639646282,0.20898395072506978,0.559015484342937
132.45000000000002,0.1644878175631439,0.12768234448875104,0.26726862208483054,0.18399640523066024,0.5537826392179792
132.5,0.19068150181922353,0.13235422158473806,0.26727588527538576,0.1819877146925698,0.5722570609073315
132.55,0.19567606411297014,0.13686497867332498,0.25537386917476496,0.20645233734780805,0.587462815388664
132.6,0.1986151376997701,0.13448634854440905,0.24276025103560595,0.22862764791704376,0.5726276053913566
132.65,0.18442617946791007,0.13034995081507197,0.22422544462260496,0.22892217371857937,0.5744913892463496
132.70000000000002,0.17173284374326628,0.11823391590680314,0.2112038452292026,0.2429726000147613,0.5525319106138089
132.75,0.13150863100283805,0.12152212103768736,0.20605662844641182,0.2270106718563081,0.5600289594927577
132.8,0.10018372214768304,0.12220138700077222,0.20680854105746457,0.24030531728566537,0.5389794910608979
132.85,0.10047293995556178,0.13122052257473038,0.21083534652043728,0.2530997681898485,0.5381591223127623
132.9,0.10032239667632194,0.13941871949317974,0.22451691396866144,0.2696869896092429,0.5431760536116336
132.95000000000002,0.10109662990311152,0.14763283496272783,0.22198597889283436,0.2846624147694786,0.546458894163863
133.0,0.09912835046938953,0.1342253448530311,0.2196161064736603,0.27214216150824455,0.5310421910758326
133.05,0.09754661525165734,0.12530976460070387,0.21657766549843388,0.23655318956710636,0.5221224973856957
133.1,0.09253178218599348,0.09129337871783225,0.21925442375092669,0.21685300588440648,0.5073931101866072
133.15,0.10335866422488835,0.06201748043421347,0.2120268117452441,0.2084835255934106,0.5052762045408118
133.20000000000002,0.10176716338463399,0.046316089238498365,0.19364813597666045,0.19179350460285646,0.4921212820889477
133.25,0.10976891187852594,0.04220041406926345,0.1732578538946733,0.17686838058513257,0.4684436481746921
133.3,0.11977499902329779,0.05039531095553015,0.16209276092911248,0.15169913862964515,0.45410390330253936
133.35,0.12066899274869063,0.05882510612634129,0.1524758249932019,0.1461341318542302,0.46445773517894223
133.4,0.12319798736175526,0.07316387907445158,0.16984272494246566,0.12822372730879283,0.45632784439996743
133.45000000000002,0.12819236811792756,0.08038160176722509,0.17369565004397416,0.12526014190694199,0.4597745820657082
133.5,0.12752171681542612,0.07427551895801378,0.16695762823553034,0.10881053952374015,0.4848599708135424
133.55,0.13004556565376366,0.08668061213031873,0.16592870015599995,0.1114853281954638,0.5116695377669669
133.6,0.13182411131995458,0.09061332655446774,0.17223712520417073,0.10600815699546576,0.530604124254962
133.65,0.14323369165768005,0.10125273233494572,0.17442653980630965,0.10337960217626947,0.5650946958049249
133.70000000000002,0.14447528978140697,0.10047792318796185,0.17675857091878314,0.1086441431040321,0.5395259124293722
133.75,0.14943596544601412,0.10299065342314154,0.1843851359413775,0.1178814737884327,0.5061363070718456
133.8,0.15506982025152233,0.10337079462724036,0.18648090710694631,0.10898011212477739,0.49874628369287144
133.85,0.15729032503833867,0.11294381853228005,0.17956243486560444,0.10452732701498209,0.4921947252770711
133.9,0.16840709512111332,0.12640797513515148,0.1912860487209503,0.13155781907865455,0.4556145200112836
133.95000000000002,0.17425112053359376,0.13923379484210172,0.1936301603623716,0.1516444613198533,0.4666838465426044
134.0,0.18356378208494453,0.1520803450361295,0.19078580725047867,0.16381314147860135,0.5023349343660565
134.05,0.19401593080737325,0.16474231563426492,0.19247017026222085,0.13711188025024162,0.48926596354770413
134.1,0.20307300209567494,0.1557440009347382,0.19869591120616945,0.1361345821389963,0.4863074775105994
134.15,0.20334796793750196,0.15520621181707447,0.20367867080762866,0.13815703046724703,0.47312927340525207
134.20000000000002,0.20613231742548818,0.1687313772600103,0.1994945002958996,0.12996509053348004,0.4603072380369093
134.25,0.21350787660627318,0.16673561379255075,0.2050820311656031,0.12168550907278747,0.4414116465173309
134.3,0.2236580083767032,0.1690933959384752,0.2137864981658346,0.1068540267590684,0.43729390075196134
134.35,0.22967126369755045,0.16424012648508027,0.21714327145026388,0.07342365691295774,0.4342790434156399
134.4,0.23412442303557823,0.1513363503191295,0.22553550355416044,0.05506475274079462,0.42255967674246986
134.45000000000002,0.23289136368771873,0.1428329996568904,0.2333807746075395,0.05992017580528699,0.43949116806268035
134.5,0.2322819383955259,0.14075353061518228,0.2363845762842384,0.05645174751271565,0.4625548055102763
134.55,0.2344056844203763,0.13791358517757485,0.23707230232587032,0.07639551276950393,0.4716203613594328
134.6,0.2313443544045012,0.145241048091204,0.24363963910216502,0.07849378961350857,0.48456596875867697
134.65,0.23615134628208467,0.14819208269268147,0.2624566267183472,0.06086833410546304,0.4732221246695054
134.70000000000002,0.24002029566680502,0.16589443459768186,0.2762919125010374,0.014023935880497015,0.4697514731446471
134.75,0.24078960725839216,0.17714490711474754,0.29261588598923305,0.04707864308227113,0.48377590416832034
134.8,0.2354185982413745,0.22484915913109352,0.3073361504699689,0.07210232756754358,0.5358878740913128
134.85,0.24043305068998022,0.20059003003081077,0.31395003989338,0.08486135116480624,0.6037340604043496
134.9,0.24857662023549712,0.19871296131283958,0.3166568173894182,0.06952399505282754,0.6747073166592136
134.95000000000002,0.2542010481271389,0.18909292007328637,0.3185427787899357,0.06988151383576069,0.71806094583846
135.0,0.25401404128629185,0.1827453325677204,0.32362474725112006,0.06111513437899126,0.7205064691328998
135.05,0.2594973240179911,0.21895867801647767,0.3361824280820045,0.05032826333346054,0.7172464078751191
135.1,0.26353153719386313,0.26113541056932965,0.34112415648697014,0.06688216471705753,0.7031621834586789
135.15,0.2557309452487375,0.27145533461072785,0.34524503550312624,0.09444675518206588,0.7012217920885012
135.20000000000002,0.2525629715340641,0.2725197565588849,0.34795699379420997,0.1272809900068298,0.6948364288902591
135.25,0.26048619472652407,0.2785659162520583,0.351740760661631,0.1312311070547018,0.7147169891529197
135.3,0.26797147851054937,0.260283787650102,0.36144301490828923,0.1330820804432576,0.7266038932722066
135.35,0.2618729128619761,0.27545614284364184,0.37409111335780904,0.1270676693362407,0.7558546537458232
135.4,0.26555775186537234,0.30483636448966683,0.37530221335540076,0.14573869170800205,0.7732209512323576
135.45000000000002,0.26969630527284205,0.3025080363331693,0.375182974511881,0.1675842621935119,0.7993239393760719
135.5,0.2753683219509318,0.3214056785025125,0.37160624079496435,0.1855194041717681,0.8263808294742819
135.55,0.27831581080597106,0.31687237512481986,0.3775582691274965,0.15893951577431092,0.8309399862528433
135.6,0.26979211494140687,0.28912185595910717,0.38129981340379104,0.17711049846431734,0.8372673795585891
135.65,0.26725549450417313,0.2617436543870652,0.378741434942905,0.14808375742881982,0.8588859205893181
135.70000000000002,0.27477511220657,0.23399283067673327,0.3789955413907147,0.1382271304903304,0.8697471005705092
135.75,0.2813327462036395,0.23588133236429148,0.3790340560723846,0.11964604264509887,0.8844729927930801
135.8,0.2774443684485607,0.21390674713679722,0.37377570439376506,0.11751139813500498,0.8912350984283584
135.85,0.28186266088388007,0.20274003529252993,0.3774687442485323,0.10907054763472357,0.8913304767947576
135.9,0.27822995793799776,0.17662242618132004,0.37256611201704604,0.10013257642591736,0.8820167817810763
135.95000000000002,0.27224723143565327,0.18503978129902238,0.3617048783447192,0.09303945315827153,0.8753964308906867
136.0,0.27739468571930415,0.16683318232015368,0.34273362395993273,0.10150639318318716,0.8655873085571488
136.05,0.2700921711270494,0.157379427092886,0.3266663616297087,0.09907945114282474,0.864625027820355
136.1,0.2726025960090168,0.16661967148005344,0.32323528269801227,0.1169189282952084,0.8659678450260907
136.15,0.2707533499740069,0.1645108706174187,0.3169501664757121,0.1226583119894676,0.8684692922742122
136.20000000000002,0.26518788003852983,0.17909446950748978,0.3151208168707242,0.13404175416557326,0.8667703407038733
136.25,0.2619798814970275,0.21067078577203532,0.31116368017231516,0.12067846705808036,0.8716234358309954
136.3,0.2685251078387548,0.2129337524056242,0.2991031979380059,0.11821537748843293,0.8820254451715243
136.35,0.27261910396943245,0.22066507707840055,0.2884608880498229,0.0850605855906076,0.8814768864195395
136.4,0.259468440222076,0.255500054743036,0.28226226714376884,0.04544423167468202,0.8842410299851985
136.45000000000002,0.25660960384179354,0.2982159322391708,0.2779143275001978,0.04871867176436048,0.9221479220353003
136.5,0.2609162809979599,0.3189380126978659,0.2713873293726467,0.06635583588311009,0.9309871005149744
136.55,0.2633539242074469,0.3373386591277813,0.27043765650313395,0.09169941523479205,0.9503098813834848
136.6,0.26044832477294977,0.35325545721517926,0.27856907819100873,0.1089033431415468,0.9545474967055392
136.65,0.25484188524318546,0.35782620664323794,0.2867521086353731,0.12713131499215233,0.9575789751540884
136.70000000000002,0.25220278006671265,0.3709544478589307,0.2950826377893609,0.1517963592184574,0.9431053812383551
136.75,0.25828109496675994,0.371826393915801,0.296497766493745,0.1422296664620893,0.9295496139313746
136.8,0.26459377247507915,0.39129703841270125,0.29812759842938136,0.12783949748072568,0.9318745961568642
136.85,0.26881452509433407,0.38048286608209336,0.2994727109612344,0.11197089830103966,0.9329865113570877
136.9,0.2705933193840665,0.37289920791952724,0.2872311177415709,0.10921581321479494,0.9301779118130273
136.95000000000002,0.27397391289253326,0.3693693266335744,0.2741389440215216,0.1131177074675977,0.9345602465203047
137.0,0.27172981975958305,0.35204666753331215,0.26129750209269054,0.12175520388623272,0.9411893598400007
137.05,0.26730407845789983,0.34269080091182746,0.24326109971294846,0.12403166349232587,0.9350140694967022
137.1,0.25690598172361306,0.35870447936845606,0.22497211054648586,0.11484271948713885,0.9439775981275647
137.15,0.24058258299560062,0.35997418973928214,0.21680693176731605,0.10396867632146324,0.9567978463147147
137.20000000000002,0.21458036638937666,0.36859014394448936,0.21128033599635845,0.11378351149323272,0.9756955556691038
137.25,0.190613608201923,0.36431028072063,0.2060016290944155,0.11933071258729147,0.9831373773317913
137.3,0.17663262263872329,0.36190738553254137,0.20082830222449824,0.1173824287801834,0.9834151521038267
137.35,0.1808425716900564,0.3701431603563206,0.18922223281092018,0.11294495724833445,0.9820673951005028
137.4,0.18090802430063577,0.3812638752522379,0.1806506533276161,0.09646802642088503,0.9752960835034383
137.45000000000002,0.1812904703908746,0.37657748400446966,0.17239101361177778,0.1065215093296868,0.9701669090463552
137.5,0.18138387236076856,0.3809963958382669,0.16172142046334187,0.12795228765452218,0.9672308662108554
137.55,0.1847784154490205,0.38210594757093985,0.15481710271313995,0.1551657199884496,0.9704932525390827
137.6,0.1944711781995954,0.3816505809338419,0.15163749859551978,0.1700967873463666,0.9735175321810802
137.65,0.2197629952162599,0.3811961428601454,0.1419094950300522,0.16073405626315085,0.9899449325296767
137.70000000000002,0.2479448535001071,0.3829418174961976,0.13553805144206582,0.16014562941453833,0.9877088485576234
137.75,0.2653831775140968,0.386477200656796,0.14371365808907283,0.17226374540153158,0.9937396965383573
137.8,0.2710742469196623,0.38631383343541725,0.1520306672862847,0.1673188207108094,1.0040803136743723
137.85,0.26957124959872114,0.3935174753527162,0.16057982870101967,0.16813365842536065,1.0142654535850366
137.9,0.27308330292834,0.39983273197907876,0.189462621845159,0.17410701575026788,1.0154211994567863
137.95000000000002,0.28007941752828663,0.4074550594731039,0.16413562627693948,0.19097352834877374,1.0399032850829313
138.0,0.2802361874764138,0.41570609610234266,0.14440920208166366,0.18967110941106033,1.0364674217156749
138.05,0.27933014410171314,0.42085150048463865,0.1335424319237302,0.19779363694576935,1.03043539366016
138.1,0.27999172520743454,0.43753093635818635,0.1107934562331187,0.2025301183311576,1.0297556023989012
138.15,0.27249946700881295,0.4417173540839554,0.1143245803547185,0.20924187760030113,1.0239843280555982
138.20000000000002,0.2645667700946783,0.44783052812002083,0.08686088341944218,0.22235059002434174,0.9897094724765009
138.25,0.252365824455228,0.43868737806207747,0.046792127797688585,0.24938773291966412,0.9818066118734909
138.3,0.2338915310165553,0.4417912928550738,0.015304131924008682,0.24429696277421178,0.9733917852899704
138.35,0.2103305908333632,0.4295413506455225,0.017068318966553402,0.24472649662634346,0.9502085394178035
138.4,0.17416329218272694,0.4203924245905906,0.05169036793650218,0.24633638641619732,0.9429441785884163
138.45000000000002,0.15240551837707117,0.4139243216617141,0.04875718052927065,0.24260594619013184,0.9444457729498614
138.5,0.1554074056627603,0.4003043506345988,0.027673215069220963,0.2571245358577712,0.957521143850163
138.55,0.15709001471788595,0.40092852858673206,0.04339380338348733,0.2608451649633216,0.9515015978410409
138.6,0.15852277834716902,0.4008083878052102,0.055029055717033704,0.2699070897439098,0.9440953782565259
138.65,0.15676419648188394,0.3917159018371616,0.06220007266450148,0.2941020736275562,0.9355330436185935
138.70000000000002,0.16175043740886275,0.4041862374338871,0.10583438071932222,0.2973334346596333,0.9139855251719211
138.75,0.17267380449240707,0.4046647347570706,0.130551896941404,0.3237081114101941,0.8760227646001324
138.8,0.16970621919043896,0.4044848595398559,0.11459588811533933,0.33689034062332673,0.8486787488739904
138.85,0.16146938402676708,0.40537170568435427,0.0966857434195044,0.3341576489921831,0.8327880490194921
138.9,0.1619343078154322,0.401123754027479,0.07752317908940966,0.34464124460235035,0.828642786735788
138.95000000000002,0.16626981559243986,0.4035693923763902,0.06771125582802404,0.33240256716423905,0.845679818321152
139.0,0.1668641535333354,0.40890577795680644,0.0817175349443784,0.32675073090127865,0.8695296086178511
139.05,0.17214492212644816,0.41837224968012765,0.08853519543704864,0.311429808948823,0.8648724728557298
139.1,0.17711806948795594,0.4191094874532548,0.09964913157644098,0.3184134846751982,0.869828613289882
139.15,0.17632649181608995,0.41693214630476283,0.10819065418128432,0.324469804148341,0.8813026001954605
139.20000000000002,0.17288811174010074,0.4152391640650078,0.12229921273216324,0.32221460493919757,0.8763135834482624
139.25,0.1789217727963817,0.41487286196489703,0.12815241667840035,0.3162325180820479,0.8680441972305191
139.3,0.18235570757266134,0.42325866559637526,0.14165469003971304,0.3376191027150465,0.8557875360770949
139.35,0.1813082343163908,0.4226574758557142,0.1517882603248732,0.3525574214891412,0.8420750059307109
139.4,0.1771726334774157,0.42784555900388144,0.1536051807237001,0.34486583297940865,0.8477983733251981
139.45000000000002,0.18184531286474054,0.42749108696509863,0.15358526336409262,0.3425943537909091,0.8258147403697575
139.5,0.1856441213588237,0.4251815219478004,0.1601584976672419,0.3570500033111788,0.8242298581427244
139.55,0.20033489148370628,0.4370883087751311,0.17307432800589787,0.3422792979088429,0.8037648321861768
139.6,0.20809470472075028,0.4367856151485935,0.18506666336733102,0.35427689449335664,0.795356962441164
139.65,0.21418827563624943,0.4303188305120635,0.18928377148976822,0.349390010454784,0.7836000090478081
139.70000000000002,0.2212356491728858,0.42521095969012784,0.19627955117078724,0.33323001305486194,0.7746586861658465
139.75,0.2240811817846669,0.39841848465660445,0.19901376870093299,0.33708983165225814,0.7899055111136686
139.8,0.22715866594686507,0.3823366083926763,0.21305105939942937,0.32122194880077315,0.7805955684031154
139.85,0.2301087227224847,0.38085070474768595,0.21698676619307666,0.2893458375834188,0.7737526260795445
139.9,0.2316242526766111,0.36374135219396364,0.21325041387225382,0.26133658389453546,0.7872864665509193
139.95000000000002,0.2274657269601986,0.3377310257566735,0.20970988393056658,0.26561494664601926,0.7790254705972245
140.0,0.22845891810151073,0.3333059993233845,0.21141526351154127,0.25665804864181785,0.8024049258856708
140.05,0.23656199544810197,0.3300275762693479,0.2200134105252193,0.25964425425386,0.8358298055168564
140.1,0.24401128928472746,0.32439920778901915,0.2235124483565077,0.2550068876417169,0.8154462874765477
140.15,0.2401514737026841,0.32705343016330823,0.23607906226040404,0.22853080473280443,0.8054151223797688
140.20000000000002,0.24786764022340377,0.32526953630591415,0.2436500623204451,0.19946054455338924,0.797783950461583
140.25,0.2569767185248935,0.31633833200638783,0.2403061733809015,0.18628775132185363,0.7953766216732061
140.3,0.25943797059999385,0.3062166590951108,0.23090580065316188,0.18287020514631686,0.8010388207419726
140.35,0.26741537232345536,0.2889393156460875,0.22537739137933158,0.19739549063193287,0.8024458124994426
140.4,0.2769760861215252,0.2863960484013011,0.2187425683606766,0.1927711429842855,0.797892153549587
140.45000000000002,0.28031641992589124,0.28275055149058054,0.22323475502442758,0.20039733088762096,0.7796093271160643
140.5,0.28190108055873736,0.2857139081187262,0.2138797695972845,0.20972398011399654,0.7564879279561147
140.55,0.2782536306559656,0.29621675551749804,0.20538022133877756,0.24030566780645535,0.7374142651161528
140.6,0.2782238989748018,0.3045212977928445,0.19289195688118613,0.2711471342004036,0.7381223769519097
140.65,0.28467742476786667,0.3121236948641713,0.19282173678493345,0.27284061577746527,0.7476598521387818
140.70000000000002,0.29404872691447004,0.3150987013783626,0.19420727542980454,0.3003644736618346,0.7432767197861223
140.75,0.29304898103602534,0.3244805212738569,0.20023678097610495,0.30868296933717354,0.7392957838971594
140.8,0.2895534562835022,0.3195904735686624,0.2028717127325794,0.3170785204933701,0.7448407551883985
140.85,0.2905004915782698,0.32159413412004284,0.19934757842108558,0.30642721388327765,0.7496912952967681
140.9,0.2944620392111713,0.3272680398595815,0.19901256443939488,0.304478064268271,0.7570220521711835
140.95000000000002,0.29165638444021713,0.3325292884780831,0.18486751834816434,0.27222121886923456,0.7600535750226806
141.0,0.2974574647906047,0.32359738751692385,0.16505496850038393,0.27545832586754676,0.7561975882250508
141.05,0.2965508362946338,0.3218451752447958,0.1546080588572627,0.2716065872142564,0.760357762551865
141.1,0.27940199901594487,0.3198055823252957,0.153168362584387,0.2685573303210408,0.7624059821596622
141.15,0.28359820138104186,0.322250790353471,0.15808367767789158,0.24332796854479943,0.7703813652791655
141.20000000000002,0.28224628431421095,0.3241870953451185,0.15780214387907934,0.22702024409821422,0.772743014239989
141.25,0.2805559988324254,0.3127192317484511,0.15689547045139743,0.21450885333629535,0.7930922411816124
141.3,0.2693603402565896,0.3039702806699993,0.15572711568365374,0.21777293369372108,0.7959105557646624
141.35,0.2715884535673995,0.30315927445913704,0.15579341497411503,0.20789884342358006,0.7990914704757197
141.4,0.2545753284006451,0.29709119883317336,0.1415155680583858,0.20166622636125509,0.8054223717381283
141.45000000000002,0.24095570225925295,0.2747298736111309,0.12956119292105156,0.20636724301393056,0.8063475536223079
141.5,0.22407911688232954,0.263023389091585,0.13063275449495085,0.24071260888332,0.8106418621484422
141.55,0.20696341609781943,0.26842617605147623,0.1352832846398798,0.27187466738079635,0.8182321243694971
141.6,0.1915162049757002,0.2554145316390181,0.14333521419721226,0.2699748878405617,0.8117961216142396
141.65,0.18025165186137626,0.26921556798690627,0.15561218586496373,0.2776658586503926,0.8184673010500351
141.70000000000002,0.1823417298241908,0.26895936391145436,0.15919730869901438,0.27180428264015555,0.8271407746549388
141.75,0.16853749218402128,0.262436871441226,0.1619954553598003,0.27929344146974455,0.8269813679872976
141.8,0.1618388909800891,0.2645026646926573,0.15952025188163338,0.2841671867505711,0.8352811286798723
141.85,0.1518823975666756,0.26589295471031543,0.16312590322390394,0.26709705863161254,0.8338746177074462
141.9,0.15072469285558832,0.27734176219140444,0.17800328723408165,0.25845092296114275,0.822779882705109
141.95000000000002,0.14966845043181679,0.2836042786775018,0.18900416122765784,0.26087663254580257,0.8137391612186208
142.0,0.14740343694349406,0.2879725493491003,0.19310663595492136,0.2656024400133036,0.8185316503962201
142.05,0.14226618071774036,0.2877689426192027,0.20030735563878288,0.2632208595700342,0.8261407603669595
142.1,0.1386391533748765,0.27409741522665576,0.21399484392112986,0.26893668342436083,0.8349927530993246
142.15,0.13957115748848908,0.25950291848425516,0.22405307327519247,0.2743887581186592,0.8402313729686
142.20000000000002,0.13675993380093665,0.25504041616964523,0.23830017412062737,0.27129144503592784,0.8492607968471402
142.25,0.1314187714110316,0.24194803651757046,0.2439108032707879,0.2811527588819836,0.8576805860353836
142.3,0.12587059582430735,0.23280624979743467,0.25207288344923495,0.28437072732661356,0.8580671848521175
142.35,0.12105220801176735,0.2537518968202634,0.26154397408890795,0.2874173085916817,0.8735467240840513
142.4,0.11432101097423861,0.2664569430504022,0.28024277265212666,0.306390468024226,0.8875365806544152
142.45000000000002,0.11099482911213515,0.2761771935621927,0.29358384833106316,0.32629766626030005,0.8927183644404098
142.5,0.11406603174979284,0.27419555087962605,0.2914194892183531,0.3602545904777838,0.9098436085305663
142.55,0.11114435042843157,0.2791938463855243,0.29585172894330464,0.351974310479495,0.9148352604789477
142.6,0.1024736965594039,0.2707614899474054,0.290085631598339,0.3248861739865325,0.9037784034878978
142.65,0.09132084170925242,0.28927561313103994,0.2876842180645096,0.30390319567787083,0.8995717199065805
142.70000000000002,0.08090778076649263,0.29269612130782724,0.2806136810276945,0.2919989235419898,0.8913925909404117
142.75,0.07680589078523939,0.31085021738144186,0.27105680054518927,0.28117637112963517,0.8742542927892013
142.8,0.0761872898455532,0.30802709501738945,0.28079876154658107,0.27690875987914426,0.8502851949799509
142.85,0.07592155227814558,0.3384531446879352,0.2922225741126458,0.27952869092930654,0.812097571295548
142.9,0.08543461784833836,0.3377837364328816,0.2956091550008175,0.30594841063342587,0.8268155933452415
142.95000000000002,0.09215542221719307,0.3680234886634786,0.3061496602965876,0.3134463180537279,0.8263945002565171
143.0,0.10748947015847496,0.3826375569884862,0.3027103573106384,0.34801575920979566,0.8409305541912561
143.05,0.12528584588379776,0.39607530156746085,0.2950005576181109,0.351326481983126,0.8520020474280046
143.1,0.12411200277102744,0.4005798869947329,0.2920911353289099,0.3574368836629095,0.8500134936481476
143.15,0.11772755819389993,0.41372683191360954,0.29598681287712325,0.381858463959035,0.8421523915246992
143.20000000000002,0.11592061103216232,0.4165790989519224,0.29679669332309805,0.41549868874797385,0.8245698805545738
143.25,0.11945172084592733,0.4136733722362749,0.29448954409259875,0.4344886896784581,0.8109397112365672
143.3,0.125473274681381,0.401627498378975,0.2750873967147245,0.4524788147121485,0.7997495046513908
143.35,0.12451829790814187,0.39324372250454614,0.26988561190933286,0.45792687383765546,0.7837634969617819
143.4,0.12584468705892918,0.35678737201753774,0.2635211590469454,0.42507184060020564,0.7545456768338987
143.45000000000002,0.13564301076923407,0.3192458407166791,0.2535286188923569,0.38670275584315844,0.7442894903660328
143.5,0.14423276560006473,0.29420645428091907,0.2486210561575614,0.3555882804937402,0.7279943105679084
143.55,0.15123327819838892,0.2821725471274607,0.2577066461342949,0.35163656899537843,0.7093483724513843
143.6,0.15745079884173335,0.27911881314096093,0.24710038887557342,0.3563161524837704,0.6963827057588572
143.65,0.16546708912905303,0.2516972800171514,0.24664342959967867,0.33668162457207756,0.6737103844026845
143.70000000000002,0.17138766187572416,0.2442129107697961,0.25451192279225515,0.30000488796326635,0.6766025089342387
143.75,0.18597405026101527,0.2297059017855095,0.2609714297392469,0.2793878460125394,0.6814477978378859
143.8,0.19406766370934236,0.21408458122468127,0.27116952884262124,0.24476651614819583,0.6722181162859532
143.85,0.19934787873257487,0.2170612139262718,0.2794888417614318,0.21116060539435333,0.6632251266626529
143.9,0.19582393337558368,0.20839609838358605,0.2847462477771558,0.1692931101858822,0.6528875220423813
143.95000000000002,0.19341233005837666,0.20275542678449132,0.2888366537775202,0.1355040000775992,0.6473114211496532
144.0,0.19779857373613494,0.20289809071075154,0.2981365892423389,0.12337063535556692,0.6519359295284338
144.05,0.2051920646951691,0.21271285259094913,0.3041803717141723,0.1269464618101225,0.65240890963371
144.1,0.2169760315189319,0.20634575273240155,0.31305390619412604,0.12884036463886642,0.6584516435346962
144.15,0.2223644392474175,0.19438550194455867,0.32199105198793365,0.1429955780005328,0.64942346917804
144.20000000000002,0.21769373920994742,0.20038660508763306,0.33213016199865214,0.14785703757410318,0.6389074158626454
144.25,0.2229747371458554,0.19009766519075358,0.3375712751221793,0.15922417417427479,0.6318296882040818
144.3,0.220036054166592,0.18992399830055764,0.3449285353481577,0.18290992725063493,0.6238883738589801
144.35,0.22361833024072872,0.18816094615966897,0.353533977163135,0.18682716701480234,0.6272777944221258
144.4,0.22606354640772874,0.18004515343743632,0.3568933769773609,0.20389849317640826,0.6142573470752495
144.45000000000002,0.23015040215187418,0.18370590308231502,0.3673214822967979,0.20958399696402807,0.6123379642655304
144.5,0.23915713782538647,0.1805383788415755,0.37528490744240106,0.19703213193102576,0.6268173076897884
144.55,0.2443719829991233,0.18301072208603286,0.38207261527449676,0.20515223400321322,0.6592283529197804
144.6,0.2574440212376427,0.1772300348016069,0.38349806494631117,0.20047978268633332,0.6658369139371002
144.65,0.26149413459412923,0.17983158636633528,0.3928685323953274,0.2078723098911555,0.6742481186778966
144.70000000000002,0.2666699143295571,0.1799350907917743,0.39256502265118126,0.2198117397535526,0.6292028909694963
144.75,0.2756745418719702,0.18244907690459233,0.40308724771725857,0.22431891461829848,0.6116920996426428
144.8,0.28498397212176607,0.1766140233788108,0.39884474305746154,0.23586866208471544,0.613753513314682
144.85,0.30129204558286904,0.17740259646917347,0.4101142030379635,0.23282352563699668,0.6035080160401598
144.9,0.3047711135349087,0.1847366012235645,0.4138162625682904,0.2393670927901357,0.6028620617521072
144.95000000000002,0.3138792304241831,0.1898033022423652,0.42265295324811636,0.22733009764873902,0.6297196630756269
145.0,0.31853613313434337,0.19740591618031766,0.407981135870836,0.2231240808751262,0.6365915326601459
145.05,0.3144986986943634,0.19719574055421768,0.4177529734003964,0.20395184824145304,0.6672822701689091
145.1,0.32055200743970813,0.20185598874343913,0.4059676913493001,0.23430924130544786,0.6578682696907339
145.15,0.33098461564680765,0.19043054443738433,0.4107804704515123,0.22533766887927367,0.6515859343292043
145.20000000000002,0.33442281989282596,0.17411199278019823,0.4134757851302655,0.2248874483328162,0.6266346498743036
145.25,0.34143851063236264,0.17024045506402177,0.4170335054160725,0.23083706501033965,0.6250363502507318
145.3,0.3433078648833515,0.1733185942387498,0.42265027135552136,0.23327837391746317,0.6329674799924353
145.35,0.33999370030720016,0.18205161171526307,0.4264005514124924,0.2455325939097715,0.6445952596749357
145.4,0.33249668217957934,0.1720588439645401,0.44580169022380994,0.24756148528702185,0.6489767184111996
145.45000000000002,0.34240697683942223,0.17411385810665111,0.4490159844314907,0.260883107185775,0.6521387183637117
145.5,0.3508155140859997,0.17139552491410354,0.43327509375367684,0.263866326803492,0.682831948568692
145.55,0.3512559431934874,0.1678437756366838,0.44399249620567766,0.27591826814756304,0.7340479565500704
145.6,0.36101281766474475,0.16033103841785956,0.44308255214753717,0.28072169085786325,0.7452485801531432
145.65,0.36679775757462957,0.1537897667791853,0.4312425247556749,0.299158206502009,0.7374874154654104
145.70000000000002,0.3865889751526133,0.1507933385950567,0.41656575916054195,0.31644639149795106,0.7651183057598053
145.75,0.4021091124101592,0.13705721908298837,0.4009361263123198,0.3495803800661064,0.7297562516915244
145.8,0.4173087027177884,0.13845748638639477,0.3729911083690113,0.34105119731018513,0.747991764933685
145.85,0.4247273160201192,0.14424603681227846,0.35673612062093785,0.33474612356366257,0.7700962928813433
145.9,0.4202680419101899,0.14646091827693555,0.3439711167921331,0.3425716060130759,0.7944793816833358
145.95000000000002,0.4165501345713232,0.15202032016637826,0.32708408181234266,0.3495929955198059,0.8427338878918962
146.0,0.42720547865771874,0.1622779360014244,0.290734321380388,0.36243889087069164,0.8468210735921914
146.05,0.4271116041753388,0.1876582527213341,0.2646124156283696,0.37961465591178195,0.8595901204607744
146.1,0.41464523519358937,0.20132371485881878,0.2505227861240298,0.39056245627637437,0.8664225981441215
146.15,0.3915251102854597,0.22644370932886118,0.2420802124343382,0.4010916068627362,0.8943784984826694
146.20000000000002,0.3667228452103913,0.24234381320818865,0.2561899646396866,0.396995003402486,0.8959778184910362
146.25,0.3516992517714239,0.23568930158209114,0.26463880563287256,0.39357917451883784,0.8772798108472075
146.3,0.34234468930653245,0.23222551963301225,0.2583952817175006,0.397217098745334,0.9088634608991908
146.35,0.3193721018155135,0.23231651680510063,0.27121590911707943,0.38401510390017835,0.9260655005246595
146.4,0.33101909013971614,0.23066874400994195,0.2736332323868111,0.37270329011725445,0.8959312735929851
146.45000000000002,0.33197121359926085,0.21301541649214104,0.25432683958560326,0.36860136560729523,0.875071147375461
146.5,0.32627360620434814,0.21929762062530395,0.2528092672300861,0.379770030569166,0.8716390782351349
146.55,0.3149286095832412,0.21958324293940226,0.26771764606941506,0.37793606060728596,0.8736557301560884
146.6,0.3151678875260246,0.22162073150612985,0.2522457679246717,0.37532405511320616,0.8654248382347438
146.65,0.31420562282310166,0.23032429895338638,0.22486084525967912,0.3948758016065663,0.8753016405520287
146.70000000000002,0.3161235158149447,0.24918385218615896,0.205717538493014,0.4076012436016378,0.891351259517356
146.75,0.3308480350601265,0.2625032495037622,0.20580775016288905,0.41896868658601377,0.9094442317968295
146.8,0.30851078911626045,0.27412951072470826,0.19651575297771443,0.4261363851496212,0.911866366299654
146.85,0.2785646857564741,0.28669869907094525,0.18397866588097628,0.4373201677198785,0.9213335749992638
146.9,0.28215950843930193,0.29081500866071053,0.17547133456275066,0.4503626490402942,0.9346473888600045
146.95000000000002,0.27483065335426365,0.28971883483538063,0.17879523221321228,0.44511800765220744,0.9449638845164524
147.0,0.25687143510899035,0.28801796209047165,0.1600110536130969,0.44036004015018443,0.9642332002749804
147.05,0.25645297667001316,0.2951708102198878,0.15101034685371187,0.4166821804204107,0.980586333911296
147.1,0.25264356025733287,0.2783033808134346,0.1667166727646781,0.38468069514113523,0.977691942312496
147.15,0.2248192002774122,0.2576888539950386,0.1769817172561145,0.38924049343583456,0.981570453613218
147.20000000000002,0.21070096908993108,0.2483158995189318,0.17595825528323433,0.3627460053867045,0.95708889936889
147.25,0.19935642182848176,0.2424350837062699,0.18098448566393316,0.34110813171618604,0.953586319748779
147.3,0.19883608224854887,0.23441149070155276,0.15730926970579065,0.31954322523181033,0.9492857605969464
147.35,0.20561542117455867,0.2261004954453364,0.14399034071081254,0.3466290568065053,0.9698675661708835
147.4,0.19848810768820893,0.22346252215139004,0.14157857744200347,0.3508305696260939,0.9826582867627315
147.45000000000002,0.17923247932586472,0.22400073534963474,0.13557884095972011,0.34933199390354946,0.9617968264778297
147.5,0.1766853001707091,0.24063016690504208,0.1279657509497776,0.3402883980485571,0.9620547680824448
147.55,0.1880950621868902,0.24548438951248483,0.12282607662750201,0.35885053700589936,0.9688900187590421
147.6,0.20420380971160676,0.24125927993777613,0.11722205140428513,0.3767118569193304,0.9707461810311168
147.65,0.1943196045723987,0.23972476458322042,0.11128136526427483,0.3725425090618495,0.9834929671025181
147.70000000000002,0.1971292632593949,0.23412134201440465,0.09899074917578947,0.3725644033330641,0.9818034404220154
147.75,0.1989112641398858,0.2269360369582825,0.08909379424252832,0.35684679504851585,0.9948330907314493
147.8,0.19234915954637005,0.21223796560324218,0.08333649210929664,0.34886192754750167,0.9800290722779824
147.85,0.17764180924976042,0.20684978720941513,0.07989306873051397,0.35338233376541517,0.9877436157778994
147.9,0.14466889769062913,0.1997805280897312,0.08318664610555702,0.33491135330825816,1.0153000727250374
147.95000000000002,0.11922321826074794,0.1984512012416761,0.09463119285918148,0.323226957245658,1.0183671602214568
148.0,0.09631998116978581,0.20641344931791647,0.11015166832662701,0.31111748655345994,1.0257396873861262
148.05,0.09249738914344799,0.2044559762525409,0.12889056846482286,0.3114863267676058,1.0562005798621619
148.1,0.10920379447035017,0.21114099633667496,0.14128737249979767,0.3235978529927637,1.0637140031351886
148.15,0.11637846480454143,0.21927920101662704,0.13354360056678966,0.329837112006233,1.077337993820083
148.20000000000002,0.11728254147147713,0.21498086556329635,0.13331298149795076,0.3085956339891517,1.0596184535583835
148.25,0.08789982433688298,0.23039374073031801,0.11557448921478383,0.306940919789005,1.0248143640208078
148.3,0.08855229064179672,0.2197951805698707,0.08584278392224956,0.27348612316512366,1.0157839834254752
148.35,0.07270848559073485,0.2120308435475578,0.08907818634264103,0.25264606081423735,1.01319306152315
148.4,0.07112521273331779,0.1874421998450786,0.08841983737312988,0.2390464284118605,1.0132912475618288
148.45000000000002,0.06705005727468602,0.17185631490806377,0.0818815952546809,0.23891076092928765,0.9938688326346111
148.5,0.06426892553717443,0.17139239115220825,0.08469298391959079,0.22131140297828517,0.9535795247045945
148.55,0.07228829320200257,0.17530445542734663,0.07782764498872345,0.2111412298510136,0.9133216727741303
148.6,0.08315678332599576,0.17876585145554796,0.07211189692874298,0.2038186723689567,0.824197823543529
148.65,0.0849449170552144,0.16229560289535847,0.07337059761578939,0.19661779598099235,0.7875628697695343
148.70000000000002,0.06948766794758969,0.15933233834812197,0.07191748115948784,0.19289778203301514,0.7612962105697488
148.75,0.06433634174546962,0.15955286067333846,0.07831791617632435,0.1819554858672206,0.7602163533935268
148.8,0.0454989953973533,0.16234220359830195,0.08042820337070213,0.1635143712138323,0.7491400760376365
148.85,0.040757866205778225,0.18005679061722946,0.08457904687574293,0.16461022398106143,0.7749868163217182
148.9,0.03797876137148811,0.17707810737256233,0.09631116164631986,0.1571803602077284,0.7684974247088683
148.95000000000002,0.031135092530851276,0.1720398815250164,0.11020317379978499,0.14588511924531744,0.7593257522316683
149.0,0.023177903240050438,0.14979378252770278,0.12148694632633417,0.15174605145050415,0.7493001030067181
149.05,0.01890072312378555,0.14037254521122638,0.13382449624068296,0.15338390571244667,0.7370162647297509
149.1,0.015296990716994635,0.14182345121023307,0.14436976094459109,0.15545474347693403,0.7283996201358957
149.15,0.013239975258555903,0.13190158801474253,0.1507372185833586,0.1517791492901683,0.7166761068032091
149.20000000000002,0.008076628438399175,0.14969858253027632,0.1538908132935353,0.15222986310501857,0.7091980229362254
149.25,0.004803426275387012,0.16815244470869292,0.15760108229176636,0.14462236839187487,0.6917004011345409
149.3,0.017109092283338224,0.1560220356923728,0.16919273297233056,0.1493804973521273,0.675378665871569
149.35,0.021165300428606596,0.15537916602491908,0.18162754007533213,0.1601473592820904,0.6630667082886662
149.4,0.02541263300582527,0.1661886651769951,0.19231156376712571,0.1469752299800334,0.6588111352026108
149.45000000000002,0.0329606351025761,0.16994443742840737,0.19475522464247627,0.15527965967103605,0.63758837795522
149.5,0.03846165927778843,0.208379028863359,0.20153236497584823,0.15704620149981288,0.5880951768010992
149.55,0.041085648796215755,0.23341173304621388,0.20401175616154157,0.17433237423442635,0.5622061537959281
149.6,0.04895831002146087,0.2413820214420588,0.20599198322793608,0.1865310812314013,0.5608913101921954
149.65,0.05301188363360468,0.25938770986595294,0.2028468029354062,0.2183380923610718,0.5530557037513624
149.70000000000002,0.05864076025209593,0.2747918499461749,0.20295223716080638,0.23202589475139193,0.5673602968186294
149.75,0.07612236373588609,0.2907651374438698,0.2038870322363774,0.24102603204771222,0.5663928133344218
149.8,0.09286289730559548,0.29240309825118643,0.19653429914204082,0.2324229438158868,0.5705930587186833
149.85,0.1029165975352581,0.2757259186617592,0.19596042938220268,0.23454947205973523,0.5784306573053312
149.9,0.1118524728326334,0.2806053588689419,0.210089969757058,0.19822180468891196,0.5891646580841662
149.95000000000002,0.11459900533960837,0.274506888934362,0.2233190639304684,0.19960695399711523,0.5982443853038344
150.0,0.11588463989225624,0.26921039618822357,0.22450715205692304,0.2140290786045489,0.5900685149861057
150.05,0.12851922008573335,0.26611750162364284,0.216191655412732,0.21795811670611318,0.5939286552960769
150.1,0.14269624851444904,0.26238380008679735,0.21454874364926793,0.2101795379546781,0.5865655967889534
150.15,0.15599453568246976,0.254691935247883,0.21965240997810762,0.24213160278062051,0.5956103497941908
150.20000000000002,0.16340463754036602,0.25926527198827076,0.22986290035384405,0.24533613915368116,0.6072718593742299
150.25,0.17122706204108237,0.275390861324857,0.22492189832979975,0.24239278312094317,0.60939199407677
150.3,0.18795881204614892,0.273212105409929,0.2317226873901804,0.24274291414746327,0.622424994905734
150.35,0.19634293249642165,0.26932235404974064,0.22088294091530064,0.23835706609070553,0.6392296782979989
150.4,0.2078876551593608,0.2736010544271253,0.20032064872371882,0.2468545297895341,0.6434763737979909
150.45000000000002,0.22620541613553657,0.27810915241847173,0.20375983376933296,0.25257253197742163,0.6612376412226822
150.5,0.24563452973054,0.28038962398565737,0.20444768153653503,0.26557074975262834,0.6855062449509318
150.55,0.2647473658073957,0.283270583845121,0.1983042176812843,0.2642761145188662,0.6892081323862465
150.6,0.28571085061305307,0.2773370540463476,0.19643507376160615,0.25251518725098043,0.6871004319922559
150.65,0.2858404817916333,0.2700478251862657,0.18510761633341669,0.24928545466780416,0.6941009565076169
150.70000000000002,0.28110964229791197,0.2756354022773025,0.19469405951725277,0.2549528662462568,0.6986171441202785
150.75,0.2785444022130059,0.28205189899696576,0.20557062862123646,0.25285247406809513,0.7008557164576253
150.8,0.2627558487590048,0.281493707997736,0.21711425957266695,0.25692965289619746,0.6994153820318142
150.85,0.24577906704314212,0.2797032234140809,0.2117752582672632,0.24059032489558818,0.6908383538351549
150.9,0.24198033051935677,0.27188695769997984,0.20533917286294756,0.24133937868600916,0.6990498516048556
150.95000000000002,0.2367874849290439,0.26914340499852535,0.2056465027447048,0.24647352103862427,0.7008572303635038
151.0,0.22689642073487326,0.27612849018578595,0.21164102965055237,0.2411932107994468,0.7103846521470051
151.05,0.2218354728601986,0.27548015633849526,0.22845774602480323,0.25892346910917785,0.7191329372724262
151.1,0.22561744433939485,0.2844114933800072,0.22863279233077852,0.2601099525837548,0.7236171926969026
151.15,0.21661745543533364,0.29719862099314676,0.250365762568233,0.2777951398799056,0.7287996010885411
151.20000000000002,0.2059527323246688,0.2983564639804087,0.2703255399794912,0.2866812916102914,0.7306349672266715
151.25,0.2085518997407958,0.3029963313138922,0.2736945336673594,0.2901839021450078,0.7450411467176358
151.3,0.2100392443719259,0.2878172592064243,0.2693800756736277,0.3104967674744433,0.7472122256725352
151.35,0.2159582111370642,0.2863173588154576,0.26498165973944887,0.31051124013465864,0.7456205807816874
151.4,0.2275616022365193,0.27906487290962845,0.2552186499851792,0.3315742231548243,0.7327837345878846
151.45000000000002,0.2291241040698374,0.2707185403304717,0.2687254747076582,0.3592126627425181,0.7254402978526456
151.5,0.216627989812247,0.273761697875775,0.250737823305763,0.3736568595530074,0.7253946991702815
151.55,0.200154907439563,0.2661929304565979,0.21853352033659973,0.3823926281259195,0.7300497224749377
151.6,0.18266631150095758,0.2784784443878064,0.19944755442372641,0.39365521939721476,0.7357626853105504
151.65,0.1895692570517983,0.2929462917519898,0.15993006625427303,0.38086816466889045,0.7226681399535095
151.70000000000002,0.19343052542712652,0.3103087357833749,0.15170275721803153,0.3841320799459684,0.7018358232341874
151.75,0.19628713758164643,0.30564947616476507,0.15231980993149558,0.3611345663025868,0.689083114762001
151.8,0.20709489081210075,0.3144454082366584,0.14305209592169235,0.3685895431084472,0.6665785148698422
151.85,0.19583841970513804,0.29764601250713835,0.1608927821153974,0.36727485906722196,0.642034722669923
151.9,0.19631119548933887,0.3048469056034712,0.15422294697235814,0.3737087095207674,0.6409183735932341
151.95000000000002,0.19308529609395297,0.3125702206324243,0.13293187023998815,0.3764916034553449,0.6426252794090263
152.0,0.18755236499749647,0.3098887641557573,0.11845645674328806,0.37260925383519794,0.6367231341468105
152.05,0.18225364156978172,0.3306535186783712,0.12347949876112504,0.3757689238009992,0.6321504573853363
152.1,0.1856972130886451,0.3495749047941144,0.12821366369408638,0.3799817847165186,0.6309152295326642
152.15,0.18012965143364207,0.354531986871167,0.148260269794587,0.3797357885678601,0.6282978700071598
152.20000000000002,0.17370717155178675,0.33160342622349237,0.14353222727336537,0.3857749889947728,0.6339198166325886
152.25,0.16144382746943164,0.33036283175911846,0.11322515304109845,0.39071092053358886,0.6337066379884124
152.3,0.15795418846412895,0.33312859939386014,0.10038886312697766,0.39598870781529205,0.6037411160517356
152.35,0.15768692161310363,0.32725758116190345,0.09866692373552319,0.386794648012455,0.5711351577739813
152.4,0.13742892903816004,0.3175462092772929,0.09921888955261447,0.38030148754878756,0.5460925417541176
152.45000000000002,0.09147557649576447,0.291491316349086,0.1227474304391659,0.3745005244010074,0.5488503059696264
152.5,0.06868527210780792,0.2677891760726481,0.12082699855872242,0.3602280999801787,0.5608580812968742
152.55,0.05494298927767049,0.2532279578149111,0.13139765437417933,0.358581962349062,0.5618577331351817
152.6,0.04164119297648469,0.2515626378834422,0.12683488458954975,0.35015166618267896,0.5583799540359577
152.65,0.054393152041469724,0.24210845556640592,0.13982199841214923,0.3587703151222822,0.5494772205811134
152.70000000000002,0.06915971000944894,0.23243756645174918,0.14579607603672834,0.35879804152189604,0.56305661514659
152.75,0.07351595797318214,0.23666905654228998,0.1445263595360058,0.3563075571807322,0.5552671432930968
152.8,0.07476019748850345,0.2570045924503883,0.13773536010459225,0.3465079896433714,0.5455197501999213
152.85,0.05721984347191452,0.27262612904819944,0.16204975650171588,0.39193870229934863,0.5380403748103417
152.9,0.05089104399833116,0.28092750910301373,0.16842294799777788,0.41179168509654884,0.5503654689857022
152.95000000000002,0.059362140384724225,0.315453002832269,0.16356056937874747,0.43245311593595726,0.5560802986788494
153.0,0.060130890626928606,0.32772832199731633,0.15607060847238594,0.43948678584323264,0.5604660875408606
153.05,0.05737784968892007,0.3332541258257292,0.15240421225774922,0.4074942991930809,0.5585279669498079
153.1,0.05750142860494892,0.3373177607674825,0.15727589198710837,0.3752191863426286,0.5446385611474444
153.15,0.06603414978893997,0.32370675278650657,0.1611834854456149,0.38655995654255504,0.5396831400393918
153.20000000000002,0.08086906366892138,0.32745971645212757,0.15669594142758078,0.3868862402375861,0.5415142051552114
153.25,0.08506370283005509,0.3173761550908243,0.16265450304430315,0.41447566693900034,0.5398692999307071
153.3,0.10175243533964819,0.31443194241038186,0.15484486711621695,0.4008175472780305,0.5541095330841682
153.35,0.1206281429353128,0.30772392661820475,0.15697694521429473,0.40058831174478116,0.5563889635773414
153.4,0.12995976698940984,0.3002453635655624,0.1620772899294864,0.3858170770243812,0.5429675571527234
153.45000000000002,0.14112448484771703,0.31049749561196976,0.15589670833829536,0.3414237453718489,0.5333643292615922
153.5,0.1521106150617322,0.2963729630622945,0.15531200177601898,0.3194708080783557,0.5365924030294292
153.55,0.15688635662556136,0.28164478483663885,0.1603804821060772,0.3195346254929692,0.535010311833287
153.60000000000002,0.16481571089739921,0.27798189815357804,0.1575742079940031,0.3055161748135709,0.5456612558243217
153.65,0.16401748436107588,0.2681400958692273,0.14709529579308767,0.27660538853886246,0.5494088340231041
153.70000000000002,0.1662139225763552,0.2559333071140295,0.13658446370532265,0.2779248683526279,0.5561944894289526
153.75,0.16682151488733243,0.2662708187490283,0.13266695406050577,0.2885565687379867,0.5452945782999127
153.8,0.16441312142034342,0.264810089239685,0.1262607254185812,0.2997473293636414,0.541254438543378
153.85000000000002,0.17444936562488628,0.27377633073323887,0.12667113080952372,0.2788016417300699,0.548171937300679
153.9,0.18128954188218996,0.2817364933193232,0.12957371268192772,0.2759996756696744,0.5260428387607439
153.95000000000002,0.1914956079886006,0.29328643637328305,0.13937785627212762,0.284601463711454,0.5091051909056814
154.0,0.18736912748510137,0.294401050144366,0.14733739981411517,0.26610041966525083,0.505309003527647
154.05,0.192599360311657,0.29500538579005087,0.1519534224901382,0.25886078856874634,0.5028019084991311
154.10000000000002,0.20309166982499002,0.3003816326075458,0.151661978415356,0.23817762947338886,0.5061638866182154
154.15,0.20758144176809,0.30312986688692817,0.15692876431770106,0.24029151774871604,0.5041953901777672
154.20000000000002,0.20950924475549412,0.3025051239167864,0.16685541620393002,0.241842224953471,0.5017499003478832
154.25,0.21935533737588278,0.3029148337304029,0.17796989610155178,0.2523026677202966,0.5110640537660923
154.3,0.22002337070847713,0.30708809815798077,0.18997248550417703,0.24706457864952577,0.5149787541487741
154.35000000000002,0.2312065206719172,0.3098829797471228,0.20299289080190494,0.251231107607023,0.5189237490343495
154.4,0.23103439653468452,0.3153934597644982,0.21296203511033562,0.2574767291566699,0.5230835647107993
154.45000000000002,0.23519061710824854,0.33607459399076045,0.22148580855846292,0.25586188633185647,0.5402933281284609
154.5,0.22606768535846794,0.3384025067568291,0.23876875569983266,0.2545885769140708,0.5777734747414753
154.55,0.22885457893419411,0.33605239410954796,0.2531227208819527,0.2559742574072267,0.5817046534732764
154.60000000000002,0.22986979269851018,0.3390224347905338,0.2530995750661088,0.25449577644427,0.5824847395645366
154.65,0.23124085268683858,0.3335394556076718,0.24522423038577312,0.25179613987393834,0.576675383376204
154.70000000000002,0.2294896220487142,0.33290518609574554,0.2399454526690803,0.2343710908464806,0.578130700095151
154.75,0.23662805949038926,0.3155529086236279,0.2309610068909814,0.23517215514166126,0.5757891555620659
154.8,0.2382569938993612,0.29348341363481617,0.21738991589936246,0.2388324865499348,0.5652907278605419
154.85000000000002,0.2312609306044518,0.2824311070772674,0.21345994289277992,0.23892246181498455,0.5658424552632775
154.9,0.21731613139918085,0.282782687525952,0.2136327652230576,0.23362064685412257,0.575766687149149
154.95000000000002,0.21684372105708233,0.28643653638091804,0.2142332293785859,0.22890734942137833,0.5799529952738152
155.0,0.2094554097924819,0.2982920333392341,0.22084194151220102,0.2545540764154798,0.583577431921312
155.05,0.20649034591817017,0.29875242689051135,0.21332936497604313,0.2626538462341769,0.5925440943210272
155.10000000000002,0.2049203856228138,0.31126104264107035,0.19986709506274286,0.27678605008450935,0.5938613445470243
155.15,0.20551883887376218,0.31016594702960265,0.18540837048159675,0.23683642143532604,0.6120929751062695
155.20000000000002,0.201469120030427,0.30592449752983575,0.18826603903302105,0.2500654834815705,0.6173851215023987
155.25,0.197117430373201,0.30886629366507784,0.21127990449363288,0.23435506078441937,0.6293436830202624
155.3,0.2039738383334664,0.30755261597768235,0.24083470428276407,0.22779468674555878,0.6224749815498773
155.35000000000002,0.2025639657711765,0.325190913320035,0.24589221909992887,0.21488371086805524,0.6236623430170987
155.4,0.21340561518382375,0.33485721930513135,0.24811835415517106,0.21156112013544096,0.6289221961117593
155.45000000000002,0.20770870390685844,0.3260913414297213,0.24577064798302284,0.20078741366874803,0.6472965222209016
155.5,0.22920816200108057,0.3373575625685668,0.2454540989882356,0.187395245065654,0.6648540334914891
155.55,0.23454354499956728,0.3365943082541597,0.2381649651108191,0.18116448695594486,0.6766711931754468
155.60000000000002,0.23410540983803352,0.33930642207888956,0.22368478421451676,0.1757867603093038,0.7394262407300869
155.65,0.2356702233046705,0.34641445335106885,0.19461858129002094,0.1803533357225544,0.7547233206588382
155.70000000000002,0.2448364302065467,0.3357925086651812,0.1830709969138255,0.17699286109864285,0.768765000159026
155.75,0.22946165135129462,0.32883414880623363,0.17792902326981128,0.146205910426245,0.763774361935103
155.8,0.2168935900757181,0.3198283970989764,0.18446112747428614,0.1286338919572277,0.7494922167861774
155.85000000000002,0.20332664082315655,0.30753385912676356,0.18722089293886293,0.12048565317621883,0.7550448047110596
155.9,0.1955915712010672,0.29572462976852265,0.16829384077248047,0.11662385140442894,0.7514125647723163
155.95000000000002,0.18373941483311618,0.28763528153907636,0.16196330604475306,0.09556024824854077,0.7589112442769226
156.0,0.179441289956123,0.3013906496663374,0.1559521844531744,0.07217850116253448,0.7633472895158661
156.05,0.17669183598719318,0.30637811633467904,0.1392818186279286,0.08851806921983939,0.7740349294832448
156.10000000000002,0.17270776970006585,0.3051977294921923,0.11306273160048963,0.10088262236277533,0.7765202797054443
156.15,0.1701154886427926,0.29636131318228426,0.1195877867036207,0.09330627323037256,0.7892625798455389
156.20000000000002,0.16199829149560538,0.3032546848799831,0.0988396131552356,0.0928110474798371,0.8265214735842076
156.25,0.15823292498078423,0.29550041506945746,0.08289211896381472,0.0754419535941544,0.8555064122098355
156.3,0.15498459202251708,0.2885746738367742,0.07089192240284506,0.07085925401449175,0.8720316963423811
156.35000000000002,0.14969396372416585,0.287856508441819,0.06261082429408608,0.08113381935764961,0.8897670618296653
156.4,0.1426405969594721,0.2834530605316725,0.0716964405937474,0.09032338083725243,0.917408548043297
156.45000000000002,0.14488481774210252,0.2750417012552528,0.07621575142530734,0.07800984004526461,0.9284486656682479
156.5,0.14466085907343518,0.27749616426838775,0.08661485333595001,0.06513104380941998,0.9430502948330917
156.55,0.1366522254108204,0.26267721392886395,0.09456469913072367,0.05913450359106149,0.9418639567934403
156.60000000000002,0.13074659542661546,0.2620003285106096,0.0980859025587216,0.06307608342608782,0.959035297737581
156.65,0.12423845583835261,0.2552587477370523,0.10576270571727313,0.05943345182484699,0.9597644806916856
156.70000000000002,0.12851547685683004,0.2504833160384113,0.10926056546784652,0.07929422371285816,0.9701545352066222
156.75,0.12475728931913137,0.24566078928054205,0.12103070020586999,0.0886943635107264,0.9767727692910744
156.8,0.1166384231646101,0.24698260244160988,0.12880672944524846,0.09533451721277252,0.9775218006167414
156.85000000000002,0.11204653826355956,0.262300940684752,0.13015047576738598,0.07789497154569942,0.9760758197411439
156.9,0.1075795822890674,0.2592183294503841,0.14145255988981895,0.08259053347269017,0.9759215033986698
156.95000000000002,0.10583067360294031,0.26020749605169097,0.15246806311934052,0.0715126878291986,0.971468700027055
157.0,0.1018240389764573,0.2704777478823118,0.1556430021994984,0.09689469878706143,0.9746086448611886
157.05,0.09446153776036172,0.2757290530481298,0.160409280674828,0.07858763216560884,0.9796030560012093
157.10000000000002,0.10016920030548093,0.2743286023223665,0.1626034239645956,0.08339555925126317,0.9874973240372045
157.15,0.09976763868803926,0.2769042819091167,0.1692383582404513,0.11347407553648073,1.0021312867942034
157.20000000000002,0.09934273322586118,0.26678853581781764,0.1764192178004411,0.14166455514299367,1.0151054526869372
157.25,0.09979037169520183,0.2795667754245006,0.18751173157404838,0.13883969686900258,1.0162494345934272
157.3,0.10189948978388813,0.2846729672810703,0.19073506865330014,0.12994585534968775,1.016427991620946
157.35000000000002,0.1144541359227835,0.2850117487779836,0.20213981059788055,0.10467036013949262,1.0058966197673747
157.4,0.12501379073065938,0.27598411075013335,0.2060160752970181,0.08424025224106646,0.9838768574828984
157.45000000000002,0.13666555301498842,0.27528977421999945,0.20887952659243658,0.08213455082573713,0.951288650392406
157.5,0.14288085745237125,0.25671644322230963,0.21207084505206222,0.08622573763666061,0.957395197133441
157.55,0.14147333242375235,0.2554763286238913,0.22472662576103863,0.07728710510465349,0.9587553972745062
157.60000000000002,0.1431318187746864,0.24422298824714006,0.22933950114743382,0.09281374817350577,0.9536456875920767
157.65,0.14690928566627148,0.2337296441117089,0.23559185209226288,0.09239689553859658,0.9600634047051827
157.70000000000002,0.1499415878643579,0.22369063737411518,0.23943647927893688,0.0888244348391261,0.9806185808484713
157.75,0.1529106904541625,0.20392764343450012,0.24737448061337763,0.10038535473433856,0.9942854336339991
157.8,0.1544271398515819,0.207522317901313,0.2522964350649264,0.09674739265111887,0.9816784005713332
157.85000000000002,0.15630927091709104,0.1977205717166947,0.26311771678274926,0.09387711846570967,0.9708660149675031
157.9,0.15320284082419777,0.18164443651741025,0.28104461717678375,0.1141747629248185,0.9289542348285535
157.95000000000002,0.14690185841681933,0.17586035025292313,0.286202767762132,0.13177817621739307,0.9173528998793594
158.0,0.1387822545091247,0.20027394402669244,0.2984308829776537,0.1301418915962092,0.9121504641993977
158.05,0.13471962900023426,0.19010181276457774,0.3041143059677778,0.13548277689700425,0.908058590100366
158.10000000000002,0.13271993359878545,0.19014314305887736,0.30883247230745403,0.14199400355469102,0.8862830526034253
158.15,0.12646429273202486,0.18949195236423838,0.32460807025560956,0.1549002067560562,0.856958491132977
158.20000000000002,0.1213522842298975,0.2053717704890998,0.34034811767673157,0.1585734925473731,0.8563426102707877
158.25,0.1211176426041933,0.2101716605211398,0.3470614778807924,0.1601705603240775,0.8562539993034948
158.3,0.12056660755992646,0.22484469797673481,0.36429611387204763,0.16947527049254707,0.870480341058461
158.35000000000002,0.12609428759494104,0.2345622021517271,0.3734268022420784,0.18960282649120117,0.8459955740446683
158.4,0.13650384115031358,0.23958902186171627,0.38531388157422036,0.23140582220920347,0.8313468457023037
158.45000000000002,0.15018514196990268,0.25305386730990553,0.38574377322770614,0.2513986073435575,0.8170294736811813
158.5,0.16544989220695985,0.27621164959999345,0.3892575859707923,0.2821921937999445,0.8222594549144958
158.55,0.17800502878094765,0.2834638996348596,0.3893492524831425,0.2897436536697176,0.813837413574995
158.60000000000002,0.18594586719388367,0.2877979933500957,0.40003991183499005,0.2822971722878863,0.7909210741733632
158.65,0.1946835833968208,0.28532486306670285,0.408643359605892,0.2941098966113697,0.7899658665721545
158.70000000000002,0.1958596622743511,0.327531855623082,0.413775156300307,0.26596658545826435,0.8116852417804427
158.75,0.20138053522242405,0.3357054346978497,0.4079481345446059,0.26385800611266513,0.8279864223964924
158.8,0.21773331793415537,0.33437381261306326,0.41641865358100594,0.2820235626965119,0.8276754052888613
158.85000000000002,0.23087624297983766,0.365235334448667,0.4151052970325267,0.2915803296633426,0.8208045779255305
158.9,0.24678133760223503,0.3600323663502357,0.4259619104098982,0.3054944213793419,0.796510124605427
158.95000000000002,0.2564789196110959,0.3691914882394088,0.42912953791206393,0.29541710758924766,0.7772398622399372
159.0,0.27039145827512545,0.3842844551745051,0.4144961379730105,0.29574184514811674,0.7796994359565067
159.05,0.28081430454066086,0.3826393214796921,0.4070304734714809,0.2851092561746383,0.7873365232305104
159.10000000000002,0.2915520387374783,0.373789211159695,0.3965353408969077,0.2835807734903745,0.7585395845904978
159.15,0.2968824068938841,0.35390034659425923,0.3950300020560204,0.2793636462712603,0.7202183246214106
159.20000000000002,0.30246941855444837,0.32925718208074367,0.396486311077924,0.25948096709482316,0.7184996708415018
159.25,0.30996023493188757,0.3239167257654308,0.39193847715368973,0.2018061187079604,0.7154052838314743
159.3,0.31385086788430844,0.32919686432278866,0.3987574839108383,0.16735887109269196,0.7228840310525465
159.35000000000002,0.3241350030127829,0.31069623413896247,0.3959152043967835,0.15931195666606052,0.7020439163374825
159.4,0.3252574200340791,0.3180322251934156,0.3876133396079445,0.15512735820278292,0.6706274849262477
159.45000000000002,0.33007449530852034,0.30710817421304015,0.38176364679379243,0.15353638959062405,0.657522647226884
159.5,0.3307302526214424,0.3047417765264965,0.3828182484908956,0.12830060088826495,0.6650500517208842
159.55,0.3337138663886864,0.2955379076808117,0.3636777565401184,0.12743776384333808,0.6691500035440954
159.60000000000002,0.3435256159524301,0.3080308538297446,0.36316322753645597,0.13166515519828983,0.6665546306339722
159.65,0.34510252347694437,0.3315616871437113,0.3544205040157248,0.15485099090976587,0.6595296139416588
159.70000000000002,0.3464660236642339,0.34021603446431614,0.3292204632523851,0.15106338156293675,0.6565747967203229
159.75,0.34659498376362846,0.3171472944791518,0.30875831501420903,0.14974409152132673,0.6606410906868143
159.8,0.3494730892658078,0.29155448903593806,0.28022537947323906,0.1478157316398236,0.6593977763191332
159.85000000000002,0.35851208283830693,0.2927554043473806,0.24949799118069155,0.13235670378117226,0.6630576951531444
159.9,0.36781712197918837,0.27158077345792,0.22270116248937222,0.118082633291391,0.6671597397555111
159.95000000000002,0.37607117121592726,0.2696804548500502,0.2028151998305369,0.10881236068973561,0.6729285082737457
160.0,0.3765372282886694,0.2498149649560701,0.20597918658466494,0.10392449322889971,0.6872523393628308
160.05,0.37076030522479886,0.21778189333938525,0.22712202283980726,0.10569968812581229,0.7030095772262674
160.10000000000002,0.3646204617666842,0.23292466385936908,0.24378104021225075,0.11317575400178824,0.7160498618781346
160.15,0.3746351625787217,0.2525289809768434,0.2507339897675524,0.11992845211156357,0.7114663453056528
160.20000000000002,0.3858905987267486,0.2818790900541413,0.2662735104899397,0.13179316511615446,0.717657525934546
160.25,0.3912427223216894,0.2900587831609418,0.2684273144209974,0.14151745589951503,0.7212812590209294
160.3,0.39274843933636894,0.27726245079818845,0.2840136828433323,0.15199673485121307,0.7391563264221421
160.35000000000002,0.39072955120175273,0.2868073328994581,0.3172242852713747,0.17392316697315305,0.7592564172496341
160.4,0.3855490031455213,0.30519787648448005,0.333976878001012,0.19821303546252445,0.7674799802198002
160.45000000000002,0.37540502804893355,0.31792050008825656,0.35357987409915087,0.19546332012795156,0.7786013446540065
160.5,0.36311879578199785,0.35525861574015,0.3712535572150801,0.20078179644627497,0.7757307299510204
160.55,0.35350178215772726,0.3712684484451725,0.3901539668564096,0.2463519007168053,0.7776792150003335
160.60000000000002,0.32994101941885373,0.3942290535679396,0.42379592084013057,0.3031534049340013,0.7799697590404566
160.65,0.308407981544687,0.4000060130237805,0.44993130819414356,0.3365115394588021,0.7861716487231614
160.70000000000002,0.28420961775912107,0.4109705338313588,0.46341546570282655,0.3526430095044091,0.7957984311505363
160.75,0.26309151702991285,0.40661224046864836,0.4818807054966629,0.3652914513645132,0.8099525070702246
160.8,0.23349661167225194,0.3964450185434643,0.4901263642371345,0.35935584780392466,0.8370152154028828
160.85000000000002,0.21582526340086264,0.3899196832033754,0.46999541436311065,0.342492753411675,0.8480398965116975
160.9,0.20550810039444942,0.4035549159090322,0.4594031704046113,0.3423105260258804,0.8363263051236295
160.95000000000002,0.2016395763589196,0.42232006017449,0.4334141406304559,0.3635762491473133,0.8229249798962522
161.0,0.21090735281133952,0.4232025318673041,0.3935923648968505,0.35905211499988565,0.7983322614512075
161.05,0.2013139425729267,0.4274780314181075,0.3627852952760883,0.3505972169142082,0.7751564340422427
161.10000000000002,0.19481500651879063,0.4247288494981451,0.34034208354756396,0.3369696637365775,0.7605124802411178
161.15,0.18624047321153772,0.40849281762721623,0.3263475213624475,0.33694455227144493,0.7589315798360825
161.20000000000002,0.18794440050895286,0.40925266014211026,0.3091268197417222,0.33998459898410804,0.740993239108921
161.25,0.17882873966906312,0.41783449244708526,0.2755306565684636,0.3178105455136055,0.7469017668239786
161.3,0.17774316403156884,0.418242155391422,0.25040285282979435,0.321151275534573,0.7531370186495878
161.35000000000002,0.17988005221838188,0.39850686643885536,0.22433398677358238,0.30715733032320536,0.7215120391764893
161.4,0.16592602709491486,0.39596200889125793,0.18961616425796968,0.3051936815526871,0.7119904302881297
161.45000000000002,0.17588915565107938,0.39856903654411036,0.16374263175734366,0.3018218150511125,0.6629129556529417
161.5,0.17551672862699916,0.3995884349192181,0.13819450550262058,0.3007224136871069,0.6286629637022142
161.55,0.17247216366985837,0.39942315417990937,0.118555413402208,0.30712183350302436,0.5998226975667795
161.60000000000002,0.1640470366263974,0.403895194225188,0.09905837041561065,0.31353435457388634,0.5760193319228291
161.65,0.18133765543753316,0.40538285673257235,0.10255556645623516,0.3533588853536246,0.5343504388700437
161.70000000000002,0.17610025232333076,0.4099728810869303,0.11419570036931916,0.36584786575873546,0.5057685847624225
161.75,0.16343187599295336,0.43945560386917676,0.09435115854021268,0.38362511059729504,0.46089651429687295
161.8,0.148733851376821,0.43526385133224466,0.08347776644143466,0.39269671899622693,0.4217297464616395
161.85000000000002,0.13610241427693837,0.4371120152283525,0.07647624940545898,0.38278596220651034,0.41614062693233433
161.9,0.15046065756838917,0.44016805633901446,0.08007250736599741,0.3860868076281056,0.42949290578179006
161.95000000000002,0.13683826024328669,0.46224260607151074,0.07059549269537803,0.4085179167218506,0.44144919202044997
162.0,0.1268532661765043,0.48514276856439376,0.06796015577811305,0.40910827395157934,0.43482343284001
162.05,0.12987213547483847,0.5066244203634983,0.06868056013254363,0.40619572612579397,0.44545648838855917
162.10000000000002,0.1407356447534211,0.5266616911352111,0.07246032006235473,0.39424885213623356,0.4387914311749867
162.15,0.15521463467967653,0.514208757572364,0.07493301199198753,0.3990256326493325,0.4399729784605611
162.20000000000002,0.15833122551056228,0.5216158347181309,0.05373321991382886,0.39099842209750413,0.4451464902313832
162.25,0.16358874517434485,0.5379345630395839,0.027202014979621707,0.39240011793706786,0.4561064402945349
162.3,0.14390976834901018,0.5049146189154938,0.010879312095574174,0.37355515351025914,0.4754540594964069
162.35000000000002,0.1362937309166793,0.49138544928067984,0.04256868243718639,0.32966065932967864,0.5032936791333834
162.4,0.1259635523494071,0.4723995987972218,0.051267613828250146,0.31211787729067425,0.5429888784776429
162.45000000000002,0.12252313010291654,0.4793934486173264,0.06151645825666896,0.2860050970962115,0.5735987701080612
162.5,0.11978184735713555,0.48854694985852515,0.07018898594425131,0.2957933226751387,0.6053525767451812
162.55,0.11950806844837361,0.48619376210124027,0.08683899902258224,0.25485439160630197,0.6096705761904089
162.60000000000002,0.12006820389213076,0.4526743821890504,0.10644851701015337,0.21822851455868922,0.6268872256463057
162.65,0.11557962675742797,0.41866963385041084,0.14029371096122298,0.17766251388087478,0.6400463365867936
162.70000000000002,0.1158311633240607,0.3851022675880249,0.16509559861411605,0.12544247629781305,0.6449723650744623
162.75,0.1188868204787492,0.33963666724141744,0.18281776211064446,0.10002401210266805,0.6715985392082564
162.8,0.11885711162437011,0.3426305239201965,0.18645711193988065,0.0623626487435588,0.6903176886212482
162.85000000000002,0.12405386308661452,0.32451998696917034,0.18519442145204812,0.03507552092776186,0.7233151734892156
162.9,0.11864020718104341,0.3140230548391287,0.18996995897239377,0.025621281898762897,0.7436054859306912
162.95000000000002,0.11524409639143486,0.29559416742159456,0.19319696044157592,0.03379611458436153,0.7837473431806504
163.0,0.11777039417228741,0.27732362096041396,0.187614520818339,0.03545927598179622,0.8167080030239727
163.05,0.12132267912535123,0.25938757833388604,0.18185206617007163,0.04655140875813879,0.8007356311779915
163.10000000000002,0.11869422113300185,0.23550727335101998,0.16501150001325054,0.07686234007828552,0.7895596830073547
163.15,0.12416800734562257,0.20887543234802114,0.14434683324882255,0.08351935762574049,0.7513657789493836
163.20000000000002,0.125910097916575,0.1887843736778043,0.1341354087014752,0.06860083611758865,0.7390004212298835
163.25,0.13575653622538014,0.1823303780190636,0.10989982373059955,0.06866937830078004,0.7119107697237602
163.3,0.13738162478458057,0.18061677384489752,0.10238902465216007,0.06651176923991742,0.695689274981069
163.35000000000002,0.1439119253544217,0.18568293461832688,0.08818813759165792,0.06234538612223764,0.6816738089733057
163.4,0.15184161504274357,0.19020732433041312,0.08605680156491752,0.05545699619222149,0.6978692968534183
163.45000000000002,0.1599222731987079,0.203151189923771,0.07846218236397784,0.06640918064613555,0.7409803949266482
163.5,0.17015684656991956,0.18603197451734407,0.07139658458474721,0.06394487928626676,0.6992721544398762
163.55,0.1740494354006723,0.17038118549664466,0.07239635436979383,0.06748238821729383,0.6500050562233138
163.60000000000002,0.17852018301804337,0.1600323017966005,0.05827074154558821,0.07581155605439345,0.6241528270541563
163.65,0.176324529386445,0.15587219652849416,0.05463261474937559,0.09021953009739117,0.6083714350108806
163.70000000000002,0.18106377327310128,0.15120727050206872,0.050477880030811335,0.08023045672683644,0.6376802967508689
163.75,0.1854061833024082,0.16967649976359603,0.04910538162149842,0.09800769826003466,0.6593277919988987
163.8,0.18439681675618333,0.16816351750936634,0.03795202935803718,0.10668491302972935,0.6715465918159716
163.85000000000002,0.1931870286289515,0.16420922353232403,0.034971485314896564,0.09378232145832584,0.6478450055678489
163.9,0.200431097788111,0.16819457570089447,0.0366682192800643,0.09927412122972205,0.6175403630264955
163.95000000000002,0.2147834377166462,0.16948492781544602,0.030609094608805842,0.11097232994206481,0.594641089987826
164.0,0.22192188748185623,0.17183436841353433,0.025646683027934578,0.12683362329069173,0.5940452830717889
164.05,0.22073083162687712,0.1747138270933346,0.04153057548746382,0.12071902468573993,0.6067923886948006
164.10000000000002,0.23542813912103092,0.1681688739710758,0.054392089472707114,0.1203796303312306,0.5453354766731463
164.15,0.24302879438881891,0.17011681083913324,0.0668821116860736,0.12247885319320397,0.4914494103516359
164.20000000000002,0.24860466073587983,0.18587424930968197,0.06815054635107327,0.11025724002642805,0.4273038832543884
164.25,0.2559318291730244,0.18423646491676504,0.07176620474538525,0.1322579991303587,0.4120309562960343
164.3,0.2561258790941189,0.18108550411812085,0.08122914588570554,0.1338411928505393,0.4166510501962165
164.35000000000002,0.2583569155823659,0.17905543818671404,0.07927881295643223,0.14311300318055986,0.4275576778290638
164.4,0.25357654991969275,0.17377433002242326,0.08346522951643819,0.14561809093767306,0.41219765631045846
164.45000000000002,0.2528333291052684,0.17493888324603557,0.07406097737228653,0.15101474032404066,0.4233937825982405
164.5,0.2502055502709836,0.1502825515317194,0.07370989362458166,0.1622787764238427,0.44705782727134274
164.55,0.25281654796284575,0.12760183243876527,0.08382169280613401,0.15771503483743196,0.4870107888709187
164.60000000000002,0.2727663308557126,0.120444085301728,0.08308878632669968,0.1749573302536754,0.4937772568570958
164.65,0.28596808816369074,0.0956047577452634,0.09678122228901517,0.17854993463059726,0.4916864172468613
164.70000000000002,0.280977337545369,0.07877141060496275,0.09505185128683091,0.18044154989219824,0.4704560014725206
164.75,0.27880157585614057,0.058310817556644745,0.0854682574149975,0.18536350377058236,0.474188738603739
164.8,0.2881193827071682,0.054690891862463835,0.07745414133596507,0.1854608644166483,0.48503165282476207
164.85000000000002,0.29500784226511084,0.057088395038053213,0.07808484069971769,0.18971456251869148,0.5055077357533773
164.9,0.2877879948701825,0.06561411206821138,0.08575535967869398,0.21748879046382696,0.5227498220437895
164.95000000000002,0.3033519688016431,0.053301660886798746,0.0877378227044765,0.2096594711202512,0.5102288464208133
165.0,0.3369294359017929,0.05674502303972618,0.08577908037035137,0.22383095327761965,0.510692717613487
165.05,0.34986421124344896,0.044637695537257695,0.07991826410071663,0.2384815412496201,0.5373696046347485
165.10000000000002,0.3533031618414124,0.045219177933965855,0.08575317616563355,0.24561882557386036,0.6206664638431186
165.15,0.34901597784497884,0.03499679123452817,0.09650654326760512,0.25257318542715956,0.6232742025998199
165.20000000000002,0.36557619064322344,0.039587820534996154,0.11347717420012282,0.26369306352009836,0.5927921107265094
165.25,0.38465536957468127,0.040486678697188,0.12066457854714263,0.2561040717736509,0.563411060659138
165.3,0.38299537177681564,0.04518219215608277,0.13740468706439385,0.25023623748426205,0.5564174886441805
165.35000000000002,0.3853382900220878,0.04614192471681444,0.1462240972469611,0.21996449855248495,0.5476712105065603
165.4,0.38041605599413625,0.04410615583236538,0.13816145847943095,0.19260563196377148,0.5441964554071133
165.45000000000002,0.36844785921903367,0.037469805235605426,0.142832384216837,0.19092293346287303,0.5425676744660548
165.5,0.3830270471457637,0.040657623716540275,0.1497931636004491,0.2009299196754745,0.5454086744944531
165.55,0.3745841739726889,0.029789042921537095,0.15708677998495943,0.19119303279436545,0.5508682335812483
165.60000000000002,0.35811888221039784,0.03368088159037623,0.1515502452287257,0.1997438167292508,0.5671483441457434
165.65,0.3530258326291619,0.034152943322941484,0.1474783066874797,0.21699433263991802,0.5694767742898533
165.70000000000002,0.33399071269706965,0.04073495760935832,0.15622673981325028,0.21217505502132078,0.5710469088448833
165.75,0.30684672742548336,0.026612160027070574,0.1650260527696508,0.178825926428113,0.5846820347805339
165.8,0.28323717602200155,0.022157171765283843,0.17119392574307407,0.17043422617212206,0.5829222101938418
165.85000000000002,0.2637061790328509,0.026534556716569326,0.18117439941497765,0.171392164452483,0.6044193216780651
165.9,0.2765120990654741,0.028032929047875545,0.19099316821446188,0.17157230504945578,0.6031987199299376
165.95000000000002,0.2660382065114312,0.04183859802712119,0.1988038025604999,0.16456150621063229,0.6241111615460978
166.0,0.27067179903207866,0.054680190880878644,0.19762701059758894,0.16621192127224346,0.6543997751505882
166.05,0.27078882692542616,0.059816417737279005,0.18838928226427654,0.16446765373751196,0.6385056054669273
166.10000000000002,0.26261051900163773,0.08239126310559482,0.18947374360147778,0.17138659485935107,0.6473577147547253
166.15,0.25881131459486206,0.07842344116662402,0.19376859234362367,0.1692212356367888,0.682276126387206
166.20000000000002,0.24733641812330934,0.09560509065258235,0.20614056015411783,0.16046820123694994,0.7045694260304501
166.25,0.23017854997674952,0.14748822034149917,0.22432802411790234,0.16727577159293808,0.7072223151484641
166.3,0.19626658048415702,0.16438412116822945,0.23363904470274877,0.15185225521563467,0.6252638398638022
166.35000000000002,0.19821065192477674,0.1655301887219191,0.23040171715200156,0.14718155587815937,0.5581793511236419
166.4,0.16278067724856646,0.16474418714177377,0.22755910187962838,0.1551156156551472,0.5301822488226101
166.45000000000002,0.15255336033728145,0.14837319993042378,0.2313248695073643,0.15941372103491072,0.5304487830377749
166.5,0.11097273250057091,0.1685547901548397,0.2413088671211277,0.15373164237562598,0.5159621574270059
166.55,0.10870693746499352,0.196943704138296,0.24354172327939583,0.13833642125093337,0.513300558909105
166.60000000000002,0.08803057823826743,0.19889548340673016,0.24769680861635995,0.11849109917512471,0.5302845418690094
166.65,0.09534512224605886,0.2024493095556167,0.25487859876807284,0.11665003705383435,0.5422614302984308
166.70000000000002,0.09526379578098816,0.1938774215956679,0.26654880751332444,0.11526990308117525,0.5347416972953349
166.75,0.059023411338876265,0.2227771446750198,0.2795224197128714,0.11592353538306299,0.5393776826495538
166.8,0.05647570139303057,0.259852696413956,0.2894959346301099,0.12782273562301624,0.5342677019446054
166.85000000000002,0.027274860997148258,0.307303662054174,0.29649595829271647,0.1509593459164788,0.523653633428948
166.9,0.03344555507820617,0.33510629115678486,0.30705304563642055,0.17065795588915308,0.5254094787322191
166.95000000000002,0.03916463749225402,0.3715334236379662,0.3147076392378856,0.2005203533986452,0.5296737039855933
167.0,0.03518782198434557,0.3489651315702372,0.3145928279225244,0.21116736615783985,0.5449026275267286
167.05,0.047166212248106694,0.3585503395045031,0.31601513679527404,0.19434050270616893,0.5477889248404556
167.10000000000002,0.08333347718931454,0.3858117262532138,0.3181139806265582,0.20966704096160158,0.5433255286868383
167.15,0.09650523316272147,0.3699179768722478,0.3204986360431551,0.2404786932787594,0.5438858566541291
167.20000000000002,0.11003691128788808,0.39213838058730904,0.31145380097274783,0.269366815731586,0.5575461068457157
167.25,0.1396635949317168,0.3775569751750217,0.31075687684345465,0.2964471545277699,0.5584081094937347
167.3,0.15383553133405628,0.3834200069545913,0.317885763266592,0.28837945531252246,0.5733875439372409
167.35000000000002,0.14689075498180307,0.39918107364188876,0.3109392060741492,0.29065642246607254,0.5800443712066311
167.4,0.15558489597440614,0.3918252180349596,0.2858243347382052,0.28488361390897915,0.5768580832389354
167.45000000000002,0.17099324628936818,0.40677735121454506,0.272559911655478,0.26310882101621524,0.596456487853588
167.5,0.17250071918363857,0.3990515871222925,0.266320647841133,0.2748596961516951,0.6079565182385663
167.55,0.1717729275151431,0.39831972648438896,0.2680697756991984,0.2642259627628017,0.617683988327351
167.60000000000002,0.17735158142679325,0.41992728069146573,0.2753462496927506,0.26530817947849195,0.6092517179091447
167.65,0.19140299506638975,0.443587668723831,0.28475903425364074,0.27052419255384186,0.5959316515587307
167.70000000000002,0.1781560009098541,0.44100168130250733,0.299205156582708,0.29072850669245376,0.5701778269086386
167.75,0.16653969462072135,0.4521162526430515,0.30510854108767854,0.29337009620775933,0.5495280755421106
167.8,0.16203724433778213,0.4442240674569403,0.29903365354668854,0.2973771144509952,0.5491214653174216
167.85000000000002,0.16565538300995147,0.44554191714873936,0.2925319623037935,0.28806368134480603,0.5590873927498092
167.9,0.1621250618379608,0.446978352447886,0.28460685494327737,0.28960882919654574,0.5559804799480207
167.95000000000002,0.16607535921542074,0.44790079435128016,0.28493914205592125,0.2917548709937255,0.5593731694997887
168.0,0.17779473017276481,0.47276681590462727,0.2891675856074677,0.2968325294325582,0.5540651239026109
168.05,0.1832534780141322,0.48091292831433385,0.29176234616892893,0.2975663024593655,0.5580831563335545
168.10000000000002,0.1944437569200582,0.4891745316801683,0.29990731070727483,0.2979791908944379,0.5498360017648076
168.15,0.1952314080925508,0.4997284512948988,0.30593489522225825,0.3024023487939778,0.5512379248081328
168.20000000000002,0.19512028470370252,0.4943423357427714,0.30777202459611985,0.3144650920791191,0.5356233734396808
168.25,0.19375776983785745,0.492859619810745,0.3104704173259638,0.32347954268195034,0.5177299064779733
168.3,0.19755830028413013,0.49535462331858093,0.3097743417177019,0.3202885281070706,0.49582072053962145
168.35000000000002,0.20338595055172926,0.4971575438441419,0.30466795169796496,0.333091035617776,0.4774196503239303
168.4,0.19996536447747035,0.5105976823440905,0.29676684488987476,0.32746091554119455,0.47322823561722743
168.45000000000002,0.20290830643647303,0.4987774520223229,0.28414659730071623,0.32691609755207773,0.4908735848360882
168.5,0.20290423839546393,0.4949160191875466,0.2656238984706307,0.32353424871880404,0.5219560748281397
168.55,0.19983297886162488,0.4964329096566487,0.24347002760862155,0.3134024073294802,0.5572859757977312
168.60000000000002,0.2017345144108719,0.49973605392784615,0.22791366510775374,0.3205691440467559,0.5870681862766886
168.65,0.2063807264054656,0.5037529603153955,0.21731468751548028,0.3235579278305558,0.5820723235633308
168.70000000000002,0.20773202107875116,0.508630096183336,0.21405579793606716,0.34451747097019036,0.6006549880380894
168.75,0.2114278516995668,0.5088127034265859,0.21816873442476298,0.34298810170075716,0.6050847937851653
168.8,0.21647209681043447,0.5163988281842645,0.22234194380266414,0.33829377780694964,0.5897281852461774
168.85000000000002,0.22798503319074462,0.527291888757562,0.2316657753494287,0.34355594631601066,0.5818905896636063
168.9,0.23286575299170095,0.5273067796805428,0.24619701638571193,0.3595422724225812,0.5810535984635499
168.95000000000002,0.23071780434975714,0.5284201912565957,0.2624707024572032,0.35119928987194715,0.5857513108686717
169.0,0.22839777921228263,0.5257769331691222,0.27122886090278137,0.33279839131633593,0.5843428635166701
169.05,0.22905071398907165,0.5249896998378234,0.28188749601270596,0.31424295634269384,0.5567687143138615
169.10000000000002,0.22684414421487123,0.5168075153797425,0.28371376706572177,0.2897613113052154,0.5384174336104394
169.15,0.21633464364508317,0.5168110060149587,0.29343905761822864,0.28081220226604403,0.5275428351758529
169.20000000000002,0.2052858092237206,0.49983767938175583,0.2994719105993804,0.27981379481771823,0.5204899306246837
169.25,0.19558204759082015,0.5011022625391308,0.3069213443729518,0.2726185760544756,0.5207813332035669
169.3,0.1860143814232781,0.4920700365393932,0.2990974836328607,0.28075591027063473,0.5250064511094396
169.35000000000002,0.18039810537053647,0.4957986730781108,0.303469865244588,0.2693346406566257,0.5203270708958847
169.4,0.17523268236753345,0.49496996077305133,0.29259094122154683,0.2578297381287627,0.5330035885317836
169.45000000000002,0.17463723061928385,0.49411126379815123,0.2802252854899079,0.24470524867189347,0.5408810042910237
169.5,0.18748135908835206,0.4947997730363629,0.2717909600959418,0.2695344268495794,0.5445292346856598
169.55,0.20448590259261729,0.5057382458808721,0.2704098648188191,0.2615468699860812,0.5474236127114063
169.60000000000002,0.20863935531461883,0.500442735580193,0.26017683041874334,0.25815905629185415,0.5524764882401294
169.65,0.19941615922603595,0.4977857770211578,0.2501196560096685,0.2569173824331891,0.5595285919878838
169.70000000000002,0.1879296008690372,0.4931658803125814,0.24567971969896057,0.25252775385959647,0.562604193732389
169.75,0.19419634589349818,0.4939985669524814,0.23382731113445251,0.25802904741381594,0.5696947061051963
169.8,0.20512531801907588,0.4947241949492027,0.21459444666974822,0.2622066572339837,0.5767845853608217
169.85000000000002,0.21719577941376694,0.4917462006453766,0.19732166372743853,0.2760531188202288,0.5763985560503154
169.9,0.23560807418940083,0.4985739179233436,0.186632777531004,0.30065850264732225,0.5713828976084425
169.95000000000002,0.25122705688463065,0.5154616705400469,0.17287674689162344,0.314953517725229,0.5692738673961699
170.0,0.27455960202837953,0.5275098492266115,0.17098810964775377,0.327288484743281,0.5750873257487744
170.05,0.2865370908255026,0.5186537632984622,0.1636093902092997,0.339261549733799,0.571763743617439
170.10000000000002,0.2877746432216578,0.5131393745901,0.15077396539488863,0.31574774939854894,0.5668071062235572
170.15,0.2961776011871579,0.5022894790854642,0.1372077441923645,0.31709608307954823,0.5595115243710478
170.20000000000002,0.3015373843631822,0.5007247226004049,0.13214794576559674,0.3097447897774464,0.5565485494777871
170.25,0.2928375595991429,0.49959288941799357,0.12394049894730444,0.31677824575050273,0.562007600145258
170.3,0.2863428561707294,0.5214004508169997,0.11410789944846639,0.3165423632950788,0.5514382116654731
170.35000000000002,0.2771397884254099,0.5278274569312471,0.10555800545063991,0.3083029991374182,0.5432152771293183
170.4,0.2852619428243995,0.529188574312445,0.0984330151354505,0.3154274755146338,0.530073673977984
170.45000000000002,0.2814284608601603,0.5371360816180875,0.09592219929808436,0.3086754037187922,0.5353383255642485
170.5,0.26942830288054825,0.541800003991266,0.09121770871177329,0.32074808956474565,0.528515225468482
170.55,0.2552679916494968,0.5496108942005069,0.0848419944439343,0.3339588263047905,0.5284399788513086
170.60000000000002,0.24077517925860376,0.5491288535745767,0.0826921473391812,0.33710714431753325,0.5554609319679723
170.65,0.22895341649806125,0.5493195503646149,0.08459083117057746,0.3471958304647132,0.5536534173588792
170.70000000000002,0.21197839333640617,0.549580918056898,0.07569145623307498,0.3675794017669865,0.5365737381929013
170.75,0.18463006814300592,0.5495545758276881,0.06467418070111884,0.3624112558867716,0.5357096844225226
170.8,0.1666198600808238,0.5479479262155691,0.050222010204683865,0.3490886036296265,0.5193197476300495
170.85000000000002,0.146751181148496,0.5273594844772083,0.06019055966139094,0.3395385056364491,0.5256321536507041
170.9,0.133630728084063,0.5030638225524855,0.08823678555159856,0.3139243725778769,0.5318927907762113
170.95000000000002,0.11832242516705713,0.48458697547627916,0.13015432733532697,0.295486247413918,0.5684367201764855
171.0,0.11953554192934462,0.46968942742657094,0.13655981102919493,0.2683644452737455,0.5851692394509421
171.05,0.12571337745768357,0.45719470801335077,0.13250524049626025,0.25242026885366203,0.6072051234938779
171.10000000000002,0.11854192653996677,0.4475642392234964,0.11859132679061413,0.22431299243098923,0.612913483757261
171.15,0.11564839376282669,0.4568468437074505,0.13918109534035922,0.19885833016692114,0.6018170651114391
171.20000000000002,0.12092406775148948,0.4446950529020531,0.14261901390639717,0.17837330673483373,0.6029372953594135
171.25,0.12193284707369365,0.43056261029325776,0.12566240917483473,0.16503897200388518,0.6327121051333946
171.3,0.11892770875407166,0.41827877660812324,0.11785463100253626,0.14784788651650108,0.6834567297089397
171.35000000000002,0.12623184099595,0.40928563866943707,0.14717459222322304,0.17207760732441024,0.689183784025139
171.4,0.1423284163042384,0.3951359454024522,0.15573641847221142,0.14926240923379905,0.6883050014803481
171.45000000000002,0.15217165749078412,0.37698715702435115,0.153088586062704,0.1294006603072053,0.6742458887507548
171.5,0.15152214703327413,0.3565584472950127,0.14753694152888866,0.11349511636385286,0.6565075033316036
171.55,0.14661195983703604,0.34091224850309665,0.145309410910233,0.11932910686297711,0.6500642208152767
171.60000000000002,0.1378613518679499,0.331946382464244,0.15763631250613988,0.11001582931358052,0.6457748305370427
171.65,0.13269929086871232,0.3282060536601535,0.13469725484285833,0.11514209163892396,0.64621381844502
171.70000000000002,0.13858638994847802,0.32353016226552567,0.10469500270714575,0.11600854124481128,0.6436911641801181
171.75,0.15611692755105036,0.3320964459356542,0.10006103785506479,0.12982765704090196,0.6308460891566389
171.8,0.17574291601334482,0.32503258778554434,0.09189822199538036,0.15565521073274224,0.6221482577795832
171.85000000000002,0.17209752378965545,0.3247456763715356,0.06695155442318824,0.18425087588392716,0.6264534633441915
171.9,0.16678422359553866,0.32253149250916086,0.04388273128766975,0.18214858045554522,0.6183742212438014
171.95000000000002,0.15369264901032842,0.31817130048214703,0.05246043532376334,0.1756577416620059,0.6102515889618146
172.0,0.15363746520038346,0.30442605494603614,0.048643238175560786,0.16282653260650168,0.6177029397756914
172.05,0.15907535776457318,0.311177790880729,0.050260583996878855,0.16948317320499098,0.6207524924294548
172.10000000000002,0.15550094333137732,0.31982163495754456,0.04571679792446931,0.16979531513148802,0.6276343671330462
172.15,0.16075799107932778,0.3231703642524568,0.05543090395553269,0.16613897831717828,0.6309271399196797
172.20000000000002,0.15125518408227648,0.32310676893348333,0.06230898781191142,0.15965023351903695,0.6323973958986204
172.25,0.13839606856924275,0.28652319495886663,0.06569081060690178,0.15339299551275057,0.6348489172063172
172.3,0.13027723274235456,0.25163852981896573,0.05715565709158894,0.14640315414523342,0.6409346095801002
172.35000000000002,0.12033079868985473,0.23855643006761607,0.05492475114183518,0.13957387932299714,0.6373332606217151
172.4,0.11662291487044456,0.22518488066086728,0.052712459513307774,0.13951685269017175,0.6265691380451902
172.45000000000002,0.10943779173645904,0.23212388105308318,0.043091612006973826,0.14125923313216043,0.6199985052787444
172.5,0.10198606302695329,0.2508743475551502,0.029650218572604158,0.14176975906787712,0.6157186890447633
172.55,0.09425579032712425,0.2800202964845592,0.04148028884769901,0.14384088046325377,0.6048077817750792
172.60000000000002,0.08580753003976022,0.31893413536684556,0.048840147868815714,0.16168395788090692,0.5852496637346567
172.65,0.07862559342187748,0.35738021698702094,0.06761177731260626,0.17591849205975943,0.5795574915754337
172.70000000000002,0.07681149053306209,0.3893062910231278,0.0793192603652852,0.19538284949791695,0.5696866012087137
172.75,0.07018647790366686,0.3994915940960378,0.09592890218741756,0.19120147544561,0.5687292314883664
172.8,0.0598430194302196,0.3893432472914827,0.10570873989987149,0.2029113654215616,0.5698660018096044
172.85000000000002,0.05634514670751276,0.37425035933387396,0.11358022754331225,0.22167283514706054,0.5633692504794939
172.9,0.05800772617924352,0.3475434163145243,0.11510997530482671,0.20618339600551916,0.5722129626839747
172.95000000000002,0.05329872468300049,0.3238528281133359,0.11879549761940268,0.19906165732296915,0.5962316327311865
173.0,0.05304638663552146,0.3321642073414765,0.1277639508328935,0.20334015358987845,0.612454719493277
173.05,0.05432381241101003,0.30718832637056664,0.13187953758193405,0.1979107426889396,0.6262158782352107
173.10000000000002,0.05538964990315694,0.3089647393863627,0.14266186616100468,0.17902526520886297,0.6362934630048709
173.15,0.05625806488342086,0.26776608328802093,0.15304473728629764,0.16633348375545817,0.640705930245749
173.20000000000002,0.059605835462335735,0.23549960216272722,0.1604715702721593,0.16261993664765437,0.6313551079521706
173.25,0.053293038545059,0.20741604060531485,0.1670012312864098,0.1645667434895404,0.6281918474629647
173.3,0.055452587986172176,0.20242322833281223,0.17048636074848228,0.1657109686025336,0.6223024180968844
173.35000000000002,0.059401831689974545,0.1796903952967937,0.1700840823013035,0.1574380144799171,0.6311343597251459
173.4,0.05732467803653761,0.16761740179384207,0.16831208784057036,0.15475080413970976,0.6341944096651004
173.45000000000002,0.05683190900881575,0.16945914473141574,0.17425428509332214,0.1344891166486248,0.6301760577345522
173.5,0.06418111802535678,0.1608653850812359,0.18345038458741553,0.1405549925456358,0.6195448864075447
173.55,0.0611548209298911,0.18475191080422185,0.18851167333188282,0.12812669384144046,0.6010480476054059
173.60000000000002,0.06743658767993878,0.19965010620184967,0.19251135361424504,0.13567433772493376,0.6036085406910928
173.65,0.06996050490965283,0.2221849275724845,0.19899466500018642,0.13356834190833208,0.6037852039637892
173.70000000000002,0.060121251435053244,0.22343968269618814,0.20425623282797142,0.16764880748264843,0.5961102658623444
173.75,0.05036310811039188,0.2355100212538357,0.21307626476656816,0.1578744362144455,0.5872999763482348
173.8,0.0532579820698874,0.2182643186638976,0.21633730425681397,0.16316285208399756,0.5846799275795306
173.85000000000002,0.04606408609640893,0.22171035976059048,0.22503369864197595,0.14441008585309617,0.5938159136955872
173.9,0.04471200814885652,0.21605149401418167,0.24290155454482218,0.14447391302038562,0.5898054817901408
173.95000000000002,0.05398635122767449,0.2173022909923922,0.25538455354689105,0.16616773288631434,0.5885665484408905
174.0,0.05766028866866234,0.26038184413234444,0.26091753006599616,0.1771317070181725,0.5858128023766194
174.05,0.06269382257551805,0.24825546822900915,0.2650762295990468,0.192710136686968,0.5931506591109791
174.10000000000002,0.07827634394353052,0.24586053396434263,0.24619746302961562,0.19760961350811976,0.5794865565184798
174.15,0.08789394427751068,0.24155472687982352,0.23517152153129517,0.20096019623313705,0.5904876369650706
174.20000000000002,0.09449696002284376,0.24516477547016313,0.2347265491001886,0.204678911535717,0.6072586427733213
174.25,0.10854517988331645,0.24119432338474073,0.2288343356604374,0.2162541979567702,0.6136407756293547
174.3,0.12133995968295427,0.25679369056284085,0.24816818428119855,0.22702427297512762,0.6307562140150533
174.35000000000002,0.1209045950194173,0.27982240853641516,0.26522166448945034,0.24357122040987095,0.6354609500643343
174.4,0.1364481770004091,0.2972122193182178,0.2808662818905973,0.25381350430956395,0.6361875326210915
174.45000000000002,0.14156840176990923,0.29825281118653557,0.2946939328824092,0.26028445328876243,0.6457646857507807
174.5,0.13621240388201014,0.30546508996430977,0.30278197824991965,0.2688392721389212,0.6494506712179694
174.55,0.13988931082707853,0.32350604842150776,0.29172927970918033,0.2504285846937235,0.6367796472095966
174.60000000000002,0.12702599112322166,0.32764955274880614,0.26824666310036765,0.26880908677478105,0.6430277182117133
174.65,0.11732580661089552,0.338494123082044,0.2475613977540143,0.26580983581957046,0.6488130686207942
174.70000000000002,0.10320898207676724,0.3180427978572991,0.21773335441525,0.2844015231036433,0.663032184598408
174.75,0.100922840599196,0.3215144057673629,0.17771821778731617,0.25869182474745517,0.6745972678707224
174.8,0.10383808195481979,0.31769903593580956,0.17077652956041606,0.24755658931307303,0.7014015186462783
174.85000000000002,0.10588789664251962,0.3190287302887677,0.14430806374186544,0.2339461697841212,0.7200620039630331
174.9,0.10531054727393517,0.3280216276186649,0.14863291846260968,0.2048417533769683,0.7359222713044861
174.95000000000002,0.10156279032142303,0.3391801846798234,0.12113364198482157,0.1834227133680834,0.7434022287888904
175.0,0.09354858979127052,0.3410125654828923,0.12489022032011005,0.18228658399715558,0.7595969397196023
175.05,0.08859049918920449,0.3490473799988949,0.11932133791119022,0.1755230114319939,0.7674062356432824
175.10000000000002,0.09451747112977543,0.352602776342837,0.08379562366406026,0.1747778816630634,0.7781237212783043
175.15,0.10958305704835247,0.35904435668122964,0.08330684655342142,0.18485512299259327,0.7947432178735808
175.20000000000002,0.12974799817597651,0.36216288925875867,0.0893677781430467,0.19876349667225637,0.8099648406941499
175.25,0.13886430427210902,0.37048231549894317,0.0951153749418311,0.2044132943898079,0.8273143124238493
175.3,0.14154004478780463,0.3627638096048364,0.1072629478841601,0.20699737683746344,0.8509651655860153
175.35000000000002,0.1426164416176944,0.3412880428100637,0.119535640708962,0.22183200474870537,0.8532176178090362
175.4,0.14627414620968385,0.32322463338450713,0.13514114694255183,0.2244086502507755,0.8521966502183733
175.45000000000002,0.14729674666814815,0.3107287067371346,0.1531941831740779,0.2032481960264597,0.8450290593986598
175.5,0.15166567241909037,0.29544952294477944,0.17515934947938702,0.18652264477211836,0.8461790264238721
175.55,0.15936036799232936,0.29178712471136237,0.1979985656845069,0.1776497848672476,0.860000032519767
175.60000000000002,0.17044972691228955,0.29187968248813617,0.20982571109940354,0.17683077614007162,0.8746918375412464
175.65,0.17958849663329313,0.30122225021114535,0.22233880941007486,0.17167136629719937,0.892261646018196
175.70000000000002,0.18614518867284938,0.3011085885656606,0.2351617689042273,0.16101766567800088,0.8871140982192784
175.75,0.20123189300142197,0.29370466696440956,0.24896942881322906,0.14177160047415643,0.9005169258027513
175.8,0.2196985220863607,0.2948144237191556,0.2579520209166608,0.14685195200101792,0.86929532460225
175.85000000000002,0.23290017960871234,0.2835092024954949,0.27692291040063727,0.1524988407193562,0.8661329570911754
175.9,0.2352681496341316,0.3137166080512306,0.28721098751059654,0.14919383377848364,0.86267904404058
175.95000000000002,0.24941984126061714,0.33286192308562373,0.29368943433895894,0.16857321173692533,0.8794600391254631
176.0,0.2794192386438053,0.3269783709629137,0.30273992984735465,0.1506427436308289,0.8527810696502405
176.05,0.30770144761974433,0.3195008487553656,0.30271282821964435,0.15307935724239152,0.8544626089088971
176.10000000000002,0.32123385896658513,0.3100128209868816,0.30290104917522326,0.13563984377074628,0.8648929764817492
176.15,0.3382151657532458,0.29624148146294826,0.3066227548813988,0.10972764983039564,0.8454474291858122
176.20000000000002,0.3587148779739872,0.3064838814251179,0.3180543680015079,0.09788616791035362,0.8352859550863264
176.25,0.36882058990689953,0.3151313833118676,0.32982379542541534,0.10508319752566983,0.8263384909926241
176.3,0.3781237555385301,0.31006869651346763,0.3451476857362013,0.13529360820595293,0.8062656695731901
176.35000000000002,0.3879695111168121,0.310224625521917,0.358088402376962,0.1569956559549491,0.8103442846944066
176.4,0.387476972547155,0.32469432034199225,0.36495120110843593,0.146873594176046,0.7948759064107819
176.45000000000002,0.37656085283415636,0.32683426857541686,0.36673092329750523,0.17643881388108038,0.7974876821542094
176.5,0.3723698305657011,0.31689601644931725,0.37670126662017456,0.20688083870235455,0.7955059553700724
176.55,0.3748533141436223,0.30798623001397396,0.3775010634040806,0.1977597514206615,0.8010283718532407
176.60000000000002,0.3790632560466307,0.2779964458038479,0.3912700372353763,0.18379605624563544,0.805342775757429
176.65,0.3850613288780105,0.24181437965622574,0.4021996892831763,0.1605454988449032,0.7940987385298414
176.70000000000002,0.3912705694530182,0.22563845078980985,0.41098725337293684,0.14811682898767897,0.7981093597118983
176.75,0.3991914916352662,0.24376340925101952,0.42123754283349707,0.15080875160413354,0.7939384823981724
176.8,0.3999106049301134,0.2447334048793646,0.43737690579545846,0.138003581365395,0.7858436116198044
176.85000000000002,0.40357900814763054,0.26745740242717453,0.4518214477751374,0.1294278586713573,0.7793021810619835
176.9,0.39998722018597266,0.2867683012023921,0.4639439151279249,0.1458771205809753,0.7875036450935654
176.95000000000002,0.3917037490283559,0.30435283048054024,0.48405380973513457,0.17194885027239093,0.7944615668734591
177.0,0.39098334119027595,0.30798623899002114,0.4991404285978907,0.19492382155350385,0.7984897686933297
177.05,0.3846627725892002,0.3322111100806446,0.5075825464345426,0.21753310595380165,0.8367362209248416
177.10000000000002,0.38918114048387986,0.34187809972762184,0.5203646299460062,0.22003556600822996,0.8156912303086947
177.15,0.39145617469206306,0.36441234290425856,0.5258598800066948,0.21665150799816382,0.8146379119073751
177.20000000000002,0.3885614673657843,0.354970186999041,0.5310587355148277,0.23344629410203538,0.8135403572201997
177.25,0.39173938149673776,0.34365579867010526,0.5273505338645906,0.21872170681429373,0.8287669574296027
177.3,0.39062673153363586,0.3473668793146759,0.5314981285487721,0.19730580318729635,0.8414333419884439
177.35000000000002,0.40045419335304344,0.342877815050879,0.5465845709099783,0.20651853962411143,0.8386238273446049
177.4,0.4054862937936541,0.33384646886866653,0.5484048908008117,0.21352930884046806,0.8074592972268898
177.45000000000002,0.4052615163314586,0.3387600645622975,0.5613509452114763,0.20445276949224642,0.7529690459452857
177.5,0.41462858676235614,0.3256848087438529,0.5573555931371863,0.19477151319753974,0.709972244569374
177.55,0.42528728422887196,0.313500550866477,0.5578411610355934,0.18051054399870903,0.6751539751789041
177.60000000000002,0.42750587877895446,0.3015095642889023,0.5645725307446977,0.17315336565135392,0.6655214562616567
177.65,0.4217701974090788,0.2922611012985489,0.5766554499165567,0.17744048599670223,0.6830187447021764
177.70000000000002,0.41569295770812337,0.28527526799016717,0.5803098907063,0.16417464731424253,0.6847962738426527
177.75,0.4210071883035333,0.2750088803687743,0.5771862662371297,0.168543084707668,0.6856553668267364
177.8,0.41751115472567174,0.2692446609486551,0.5779433658220943,0.1620920426489643,0.6859059966704598
177.85000000000002,0.42266480555963437,0.2653668362317139,0.5786087631469258,0.16449567426736098,0.669449613701325
177.9,0.42727096950171434,0.26415454248238596,0.5787987047780977,0.1740546063886623,0.6505638832913766
177.95000000000002,0.4221067567837016,0.2608686020131767,0.5623675605317561,0.16351470790785164,0.624972546665579
178.0,0.4219170941413889,0.2563712286858761,0.5568827243598439,0.16748489881359363,0.6196186345136785
178.05,0.42537403054709405,0.25401559710988225,0.5533608122569864,0.16467398351765672,0.6249495104150126
178.10000000000002,0.4291546684610668,0.25247488964570913,0.5446549656681414,0.1540429158845141,0.626302822932406
178.15,0.425028357655716,0.25945506671956714,0.5347022480857004,0.16287478450135442,0.6287114966406744
178.20000000000002,0.42172353403065516,0.26112025953601775,0.5338379879197408,0.17330172244672895,0.6423754387820415
178.25,0.41752965200130654,0.2789524185938936,0.5310324021880785,0.16521493620091157,0.6462282653220724
178.3,0.41392576442829404,0.2704068042403476,0.5292354528960309,0.1570372747800485,0.6479410579510623
178.35000000000002,0.41700758159340184,0.2816601998193805,0.5140782849539328,0.17885243734842884,0.654796742103931
178.4,0.40990802171550367,0.2896482126335091,0.49495237113715723,0.1587994456618489,0.6583884282744323
178.45000000000002,0.4073130511294509,0.2924639762327271,0.4751449873342211,0.15698958395180673,0.6555955363370304
178.5,0.40592557644119787,0.28439912384383303,0.4498704973485129,0.16108305190417072,0.6510760457131382
178.55,0.4015923069910494,0.29033985460471484,0.422251751817904,0.16501117119626765,0.6406470180786565
178.60000000000002,0.39865936876116326,0.29436722516849184,0.40588029824813265,0.14916949353266412,0.645879822640185
178.65,0.4005470537162756,0.30166013885449267,0.3986040396447759,0.15053335761931688,0.6456784484195404
178.70000000000002,0.38385509079020796,0.3152900147814022,0.37642232572014395,0.15551651007164669,0.6504223930686137
178.75,0.3835597287733529,0.3132387748124069,0.359403344879851,0.17468504280621805,0.6556785267194941
178.8,0.3944249483668049,0.3274951504478667,0.3489636644002655,0.16820155371652437,0.661303677251209
178.85000000000002,0.39572453956354803,0.3203664307221034,0.35022477823924103,0.1599815707736131,0.6694218119834546
178.9,0.39551991449272056,0.32448126166522684,0.347013305679594,0.18289473716234952,0.6772109564755798
178.95000000000002,0.39779340841342825,0.3227200073019516,0.3461638900007591,0.2086649595870272,0.6735890662291146
179.0,0.39541879161134824,0.3262366466482885,0.34803606663567854,0.24500670343617797,0.6833884990466279
179.05,0.3999582750342924,0.31302882421614425,0.33929864032078993,0.24839064801937252,0.6789038201186673
179.10000000000002,0.39799114374568006,0.30072930627900296,0.34149157998876145,0.23378367636971717,0.6960208347369371
179.15,0.3876514669102164,0.2812415842838501,0.3362489509295954,0.2174426987377221,0.7142644565787063
179.20000000000002,0.3769998859388098,0.26341338077375254,0.320483340296016,0.2281156953780623,0.7186565331377224
179.25,0.3780810157788021,0.25347884090188166,0.29223600070156575,0.2271993132208247,0.7079539149601195
179.3,0.3729262464086941,0.21778878629331927,0.2639275211763184,0.22101175069420664,0.6928196946272416
179.35000000000002,0.36888755583703065,0.22330381623862688,0.2227125655701974,0.20578166928099467,0.6687781935153945
179.4,0.3620059707383938,0.21732040378223594,0.20262086183270392,0.1970235135132444,0.6612185750862251
179.45000000000002,0.355476132539093,0.21253287184320097,0.19006779438356172,0.17643941507630004,0.6480901519029918
179.5,0.3497340017289293,0.19106518652092702,0.17200636418156237,0.16807204360093606,0.6495151074386653
179.55,0.3430692126834077,0.17856860254630028,0.164555980556345,0.15697787573953037,0.6211898768607975
179.60000000000002,0.33677610501508504,0.15093824569416056,0.16604203074576154,0.154338806960992,0.6123164712070444
179.65,0.33382460383380325,0.15794552118533403,0.16002674389268573,0.1404745007226922,0.5911473457843761
179.70000000000002,0.3289034690095537,0.14723351303767457,0.1419275188573302,0.11731076341990698,0.5818972716905901
179.75,0.3261358264480573,0.15169826642999507,0.127444103933535,0.09769590258572154,0.601261003311424
179.8,0.3258143180954075,0.1359659933702308,0.1212376480310615,0.09666103852718541,0.6054495829724622
179.85000000000002,0.3277588759066188,0.14998094224039316,0.1100420596166585,0.09877376906207629,0.6077953249741549
179.9,0.3310786483740928,0.16550362099803975,0.10244261118999749,0.10961919540089915,0.6163582357630686
179.95000000000002,0.3357021299418169,0.17597274877871305,0.09692035307519463,0.1137133790252762,0.5997752418657333
180.0,0.3365182242953376,0.186096867353447,0.09837733300232887,0.11215442419987792,0.5931190569462211
180.05,0.3328253360480697,0.1896225601369438,0.11211998816323718,0.12063516683240887,0.5801243423030309
180.10000000000002,0.32733468292639456,0.17970542648299107,0.1150480244599682,0.1285975628709642,0.5751773530627312
180.15,0.327037235353911,0.20307819316953332,0.11532383957439082,0.12046657462760113,0.5754679033370794
180.20000000000002,0.3262179265191014,0.2021611394889702,0.11037088220819288,0.12336413210479369,0.5792651959577867
180.25,0.32763439569263547,0.20027811938730833,0.11295987429277608,0.12660017515419902,0.5954114504976016
180.3,0.33284590796354,0.20875470011980715,0.11434158399262803,0.13538784439760093,0.57798989037304
180.35000000000002,0.3327990140836224,0.19885622498323682,0.1256340831562982,0.13309917509596106,0.5350284610315603
180.4,0.34167702565474073,0.18296081567079012,0.12757284128454324,0.12057624959524202,0.512250188092892
180.45000000000002,0.33928685275804554,0.1732045240225864,0.13334079208749883,0.11728055304512035,0.5117937917739459
180.5,0.3232502822516492,0.15527130911021367,0.15711463818794574,0.12132933899250797,0.5058437656279363
180.55,0.31121225100826155,0.15174949478067515,0.17559173113889823,0.1142998804810705,0.48239355666768235
180.60000000000002,0.29482471134443444,0.13728715964995697,0.19324076048560687,0.1193189014041944,0.4621554191109218
180.65,0.2831591978823618,0.12123001269272003,0.2166660110969976,0.13152783982362368,0.4444979273823046
180.70000000000002,0.2735391825637084,0.11511871036754534,0.23258629437999062,0.16052625002088983,0.43322671721052963
180.75,0.2668607715345904,0.1119657090583994,0.24351858148936384,0.1799564515062693,0.42913054185290855
180.8,0.2646111614164415,0.10822178180120917,0.24464495911166043,0.16995064225578058,0.4019664679128944
180.85000000000002,0.26650208982149864,0.09461914669547407,0.2429682706911535,0.15212978255864198,0.4042248174173006
180.9,0.27066603469126976,0.09208111369031768,0.2414982703338436,0.17275315818445855,0.40902089188239993
180.95000000000002,0.27796091227603986,0.09140459971143104,0.23633062799571428,0.19246011636147045,0.4158300958089606
181.0,0.278906842484147,0.0846788203674564,0.2345087100861429,0.22608025793749398,0.44727902037742384
181.05,0.26336082309129843,0.08042907559685537,0.23298815514103224,0.24985448129569515,0.4607810367764554
181.10000000000002,0.2524888257192802,0.0816840712790704,0.23509132357833606,0.23506202774080853,0.4760260644340826
181.15,0.24297438865215945,0.08054605070182817,0.23530734335358505,0.24730821446087148,0.47295525838876845
181.20000000000002,0.23149116051099536,0.07944150922643893,0.23281039607003098,0.21974106969018595,0.4789238530219521
181.25,0.21866734282720257,0.07781523636855886,0.23034174798611362,0.19151489319091483,0.4867346724745522
181.3,0.20124816316961464,0.08607595661268697,0.22679776946911231,0.20527105415691885,0.49495232101880815
181.35000000000002,0.18606100852195886,0.09364931855043984,0.22363711698160121,0.19673375824044642,0.519385819745586
181.4,0.17307990832886203,0.10806535305994369,0.22516318943964422,0.16825313897919822,0.5441992116618249
181.45000000000002,0.16704971120330542,0.11671254077025164,0.23609289189149804,0.15217536551215854,0.5600965203490054
181.5,0.16240302917726696,0.1200259452594643,0.24755834638711055,0.14249490671949105,0.5609060528618358
181.55,0.15421943540060795,0.1111703496630485,0.2569923626355917,0.1551122974199367,0.553605327346145
181.60000000000002,0.14684857531837917,0.11821606171046908,0.2632054505962348,0.12962421601603127,0.5461288536286687
181.65,0.15004443323943195,0.1162517980802466,0.2675563189444009,0.1312650553710437,0.5410534710090587
181.70000000000002,0.14851186472153877,0.12556838085257796,0.27515801391228495,0.1514158682941631,0.5674967922886663
181.75,0.1379637865529804,0.08724713564401998,0.28074214133757064,0.1602552986303856,0.5571466942944963
181.8,0.13416535242405717,0.0753602488637811,0.2887436944596953,0.16373904007313467,0.5558193501856494
181.85000000000002,0.13310395874096068,0.0842010886250942,0.2963011024332944,0.14824912249690708,0.5620595379313554
181.9,0.12728306237957224,0.08036921126490039,0.2971353070852867,0.14715966925413454,0.5409118423310417
181.95000000000002,0.12229342381732085,0.07824492861905565,0.3004033283331831,0.1355345723483197,0.5310926420480686
182.0,0.123899099322671,0.07940312956750804,0.3180646047227849,0.13047791529894467,0.518983321851033
182.05,0.12205707520214538,0.08460458141888133,0.3210701785685777,0.12893439167651716,0.5188972313244351
182.10000000000002,0.1189307327320966,0.08791008789605843,0.3252945413610902,0.1437593748799194,0.5272084914518219
182.15,0.11284829520740368,0.087980995484989,0.3387412306756772,0.14944523086100894,0.505732880533238
182.20000000000002,0.11074523543441456,0.09381697906009683,0.34054268267408433,0.16528789000172603,0.5076465513592732
182.25,0.10766275302001563,0.08731260404970885,0.3423996184982255,0.1814205154847077,0.5099545297354384
182.3,0.11055731018294385,0.09572490050521441,0.3434705576536318,0.19555889368145815,0.4996308901811951
182.35000000000002,0.11891535525144635,0.09832753981488586,0.3567180204723245,0.1867871519646127,0.5093009227854303
182.4,0.12688899725934222,0.10791744397738647,0.3663952146496539,0.18412868735131943,0.5002052726782683
182.45000000000002,0.13075801015557503,0.10788109150936631,0.3737534262676762,0.19075544773189415,0.500936456456487
182.5,0.13527712734047118,0.12142584151667944,0.37119995704543507,0.1852327662163663,0.5046332898041131
182.55,0.13810911179756824,0.1066661541822889,0.37289093577623394,0.19479171464141437,0.5236753190280288
182.60000000000002,0.14194902103380494,0.09923769928468831,0.36776738116474866,0.19859284345089082,0.5504343276207698
182.65,0.14093035640511054,0.09003215407760633,0.37655883344903446,0.20655339874728548,0.5716186153803963
182.70000000000002,0.14359100287685259,0.07337743557885468,0.37211616788250057,0.21344711837359964,0.5884065239440271
182.75,0.14925251522555263,0.06528443706089246,0.3785097850243799,0.20596779987687133,0.6074442154118677
182.8,0.14889812448209333,0.04396189520463227,0.3730157657085644,0.2105349506028723,0.6150083968661618
182.85000000000002,0.14865583295828272,0.05563606179481584,0.38368467795292427,0.21737935152147225,0.5924738904904505
182.9,0.1663256890876049,0.03479269236194599,0.3804282599726141,0.212742037811948,0.578932103451482
182.95000000000002,0.16784773681762663,0.046424965390549355,0.3864297395792258,0.20881835130202014,0.578300927894872
183.0,0.17272825367838127,0.050617080532797266,0.3909270534679429,0.20443511892951718,0.5728936357352594
183.05,0.17439834455758724,0.06969450609872313,0.38058602931543006,0.20672664041081626,0.5974159585652064
183.10000000000002,0.18083549537158852,0.05590210499469074,0.38345257264557664,0.21526186352076127,0.6172825314205109
183.15,0.1773138217320202,0.04100373845828947,0.37157631353137416,0.21302249586894617,0.6423691614976719
183.20000000000002,0.19204191601831988,0.04817639297756577,0.35567837347655035,0.20359073972261518,0.6596788878774599
183.25,0.19976047182608306,0.047152705483423464,0.35170625222391716,0.19312431609304012,0.6701907830849264
183.3,0.2155567509585854,0.05159320991704751,0.3676525728887268,0.17507195159663017,0.694529314124539
183.35000000000002,0.21376659755769176,0.029116523791305922,0.3743170574618294,0.18957295383751535,0.7034333555116651
183.4,0.20866159298040132,0.039066610775305786,0.364590559378285,0.21740766439272335,0.7004011054439001
183.45000000000002,0.20770154323212625,0.043235054361063625,0.3761465463383598,0.24362227210555304,0.7047817221675269
183.5,0.1932648220570438,0.02506525460821954,0.3876924462659832,0.25769498645238803,0.7257722848503968
183.55,0.20130733390686845,0.024924655060370726,0.3872366325867477,0.2754537232857339,0.7840194030918695
183.60000000000002,0.19657155445506067,0.03988321231124558,0.3795251646442026,0.2868936884887538,0.7542642763109183
183.65,0.201794832517028,0.05003566296687757,0.3833285946975404,0.28905856381212774,0.7326057014742725
183.70000000000002,0.21420371997886853,0.045974978180410624,0.38090939128616846,0.30735258445654257,0.6918927277122743
183.75,0.22465339635781525,0.043944376657923716,0.38816675132622513,0.293616696089691,0.6907849861641301
183.8,0.23609419312423008,0.039990680462236236,0.37084012804483996,0.28492822740822993,0.6924152935314913
183.85000000000002,0.23573468634186073,0.037894296846405315,0.38061069273002796,0.2475220729663919,0.6955757210666724
183.9,0.23713166960556636,0.04044250723572532,0.38669483581174824,0.25130747007678783,0.6906417034059003
183.95000000000002,0.20349445274460534,0.031231663677010513,0.3672420240358751,0.23251235297062103,0.6991217245875281
184.0,0.1941506295080016,0.02677431895923771,0.3708606903775436,0.23012256909462625,0.695924342439282
184.05,0.18083171076321555,0.03724425529840785,0.3402862274462127,0.21758439529845325,0.7149052369338337
184.10000000000002,0.1760827246846138,0.04532378441664741,0.3319509539924736,0.2128618887629833,0.7260325509030221
184.15,0.17343932606881465,0.02503113128265174,0.3305224019472157,0.22607437408887335,0.7424581025870006
184.20000000000002,0.16843058606925293,0.01876433774059151,0.31331281552200435,0.23090717370119157,0.7636485395608372
184.25,0.16293766466406345,0.02339301929301909,0.3017245968457254,0.2280617506922251,0.7785172449562057
184.3,0.15430479396723773,0.039124823835127324,0.28718087736905074,0.201012449995294,0.7819599532767189
184.35000000000002,0.13287507663246728,0.01592899073238199,0.25946421011422044,0.1819954629749322,0.8143565842536179
184.4,0.12222036835791242,0.020666773676331428,0.244974588935947,0.16927947373451022,0.8331197132178819
184.45000000000002,0.116086193253625,0.034460152294594065,0.24247962469710235,0.16094014033348994,0.8340914324248269
184.5,0.11158764726795305,0.04092120223426509,0.2401594149619819,0.15955044868968613,0.8320557456802806
184.55,0.10703096727252889,0.03973652401102518,0.24938270259313786,0.15519809892545522,0.8278101602630493
184.60000000000002,0.12252406941257256,0.03612699455408047,0.23690658006832782,0.17060798880289926,0.8364715144548809
184.65,0.13154109396057068,0.04230484576722425,0.22149085135446017,0.16799331202076528,0.8467479574131568
184.70000000000002,0.1305843735819315,0.03488274325223757,0.20489120200750932,0.16460040350252642,0.8656840152769316
184.75,0.147035169799825,0.027692480196670474,0.19610788888860006,0.18224000646095545,0.8677293365924761
184.8,0.1641382703255472,0.009437702944583407,0.18702726813684104,0.17459876242310848,0.8825253170043297
184.85000000000002,0.15555913485201617,0.020004073592218806,0.18952572742076035,0.1773027195323117,0.8828178874991711
184.9,0.1493009261193624,0.004092110646177016,0.17531906347741438,0.1780229061808463,0.8867736173630942
184.95000000000002,0.14637198713631727,0.002543269291833544,0.17333373538203653,0.17236450541822296,0.896889566667254
185.0,0.13878256606701514,0.010990907900316755,0.16652763003108195,0.1707180383108057,0.9022928486286556
185.05,0.13998205042312137,0.011195470920893692,0.15577757376556706,0.17191808490286667,0.9133443319766261
185.10000000000002,0.13970127441945845,0.01812413213133281,0.1554437136697795,0.161679157487914,0.9234550692763066
185.15,0.1490099763901158,0.02030605169207628,0.1510660187167507,0.1682974607985686,0.9274624879492718
185.20000000000002,0.14783645161097145,0.03592624099503222,0.1410475041966988,0.16099240661289466,0.9412689815409012
185.25,0.1450322330542971,0.0408330169257901,0.13927782590200807,0.152405227312445,0.9355390487659778
185.3,0.15571957066877481,0.027032122642037824,0.14065717385380272,0.15755547344858448,0.9246876968744329
185.35000000000002,0.159362439149864,0.019498387774425096,0.1415717250546818,0.164050971892237,0.9115552913128555
185.4,0.17371093747022875,0.023747146821140104,0.14413555476954665,0.16267162393202728,0.898114850360391
185.45000000000002,0.19654335569505896,0.032322373675658496,0.13769040012065994,0.1394083028613182,0.9168460893304803
185.5,0.19421749910651656,0.04325560332374971,0.12829979137321293,0.1403588293234939,0.9308566169366075
185.55,0.1872193442145212,0.03090633618359432,0.13020141444564715,0.13915790008912735,0.9382917993452541
185.60000000000002,0.19304519108062015,0.03791315734496378,0.14887747815314653,0.15598423726198385,0.9189538305938845
185.65,0.1947522573969212,0.03432214014534937,0.1751521135433995,0.15469116694195822,0.9200888307374813
185.70000000000002,0.18965332838467253,0.046829713227255196,0.1862387864858758,0.16101549349150798,0.9320382756511613
185.75,0.18924421125564284,0.05986835694380759,0.17666614792245058,0.16333945188528803,0.941216203183798
185.8,0.18066703489301011,0.08211518306558191,0.14353019716419102,0.1761399629620299,0.9862418246209629
185.85000000000002,0.16924305613119833,0.09727399030425206,0.14375119058448596,0.19059105804760917,1.0001125079753024
185.9,0.16573217870067417,0.10451577932756133,0.14350633885639405,0.20245861808292273,1.0146893047625085
185.95000000000002,0.1562351082157227,0.11028630886292455,0.14932860003625908,0.2032124069092597,1.0134118799520184
186.0,0.14772095997654922,0.10241075204301539,0.16257986307037126,0.1794492762847445,1.0142993017137807
186.05,0.1466099771177134,0.08939461283266258,0.1804267922448798,0.1644378540122556,0.9779720316153221
186.10000000000002,0.14707823451512014,0.10955963524017154,0.17189479863445223,0.16654023927359912,0.9833721749403587
186.15,0.15195819680603306,0.12497226469797716,0.1487436867406249,0.18650749584763512,0.9710243735313346
186.20000000000002,0.15565967771499,0.12987175186258418,0.14108453828399573,0.2059815515002024,0.9582030370046477
186.25,0.1533647811419189,0.1363930708089424,0.13537859994683263,0.20354170530940596,0.9858053485914777
186.3,0.15458452200938735,0.14603102780512753,0.1270360615321879,0.1572670870268832,0.9668778847301711
186.35000000000002,0.15179887192968672,0.15508994377540608,0.11706728327808431,0.14236561077788026,0.9289687883660686
186.4,0.15107210944035976,0.1346823872423898,0.12430097146444621,0.15645960029853276,0.8735325278446928
186.45000000000002,0.1443475855742788,0.12945627737903234,0.14755200748448402,0.1473517889108957,0.7835075428937871
186.5,0.14898958411986238,0.12990746938929168,0.17484125263434502,0.15520526225343323,0.7556355782611762
186.55,0.14674884816892714,0.14675730284528687,0.1838846653858854,0.15085518304133513,0.730668103379659
186.60000000000002,0.14352273789743636,0.14978586735025648,0.19282023081049987,0.16216040972033424,0.707931108648014
186.65,0.13509803722443692,0.16116490970065722,0.18739286936352262,0.16924002793159038,0.7121550674067195
186.70000000000002,0.13481655091173683,0.15823289207445562,0.19458045830071846,0.17697693286504573,0.7058097883947411
186.75,0.13985757139811592,0.16559746982791906,0.20280283348093947,0.15683664185137808,0.7093462293091436
186.8,0.14783254344729932,0.16952750062739771,0.21271376278956217,0.15510577092365543,0.6957160409675451
186.85000000000002,0.14937000158148012,0.16467831793077523,0.22895382952622517,0.1634965318426331,0.6829281613269407
186.9,0.1427297941427824,0.1777210383105818,0.22999867179850803,0.1510842568094047,0.669112670107444
186.95000000000002,0.13623154878150484,0.16594057946138852,0.23486496714017435,0.15166850878626723,0.6460842668992464
187.0,0.13615699500454712,0.16864907534236315,0.2335049495797086,0.13446768518197297,0.6256755248457294
187.05,0.14001242235036088,0.16507678507758453,0.23550913986795463,0.13163555509974648,0.6267400879902446
187.10000000000002,0.14115968305745089,0.17387140228260003,0.23176984228825406,0.15227362035952763,0.6127163800219585
187.15,0.14882029523438003,0.1683066095830322,0.2350922360590393,0.14408946614906593,0.5934947136506746
187.20000000000002,0.15272145779076338,0.1633294813989769,0.23414367002442124,0.13645613862223568,0.5671795229307592
187.25,0.1570690418490707,0.1543494495756428,0.2413001825816808,0.101299010075334,0.5179663972996119
187.3,0.1685084228672979,0.16268274114302997,0.2526774777245365,0.07173889454173649,0.49345566794256823
187.35000000000002,0.17452325082835923,0.16457879794801802,0.2663485116040868,0.06917812100487673,0.4651046557909527
187.4,0.17063946014678774,0.17119978422237264,0.2748520795280832,0.10163350827514363,0.44307376805518417
187.45000000000002,0.17281245508112336,0.1877709825581343,0.28514262038690447,0.1299598109744246,0.43543592454375213
187.5,0.17040013685608615,0.2030875532348785,0.2959264314069991,0.1361871465315788,0.41359908747636137
187.55,0.17257879835932338,0.21097625784496402,0.2991540541493096,0.17348568330324085,0.40059929579344666
187.60000000000002,0.18407925783400034,0.22485727086612528,0.30045567586661687,0.20685394164650586,0.4203076597756642
187.65,0.1892785387349188,0.2285662328706159,0.3073204922734091,0.20382580577916204,0.4404927747571056
187.70000000000002,0.19971187017845798,0.24133358748753028,0.31404750072999366,0.21722167023752187,0.45227993810955136
187.75,0.21641862878144677,0.24389367381749882,0.3149420025611376,0.24339844643727282,0.42982027529577055
187.8,0.23275229803974865,0.2544667590937343,0.32143894608644397,0.2400919208309273,0.4516980010844113
187.85000000000002,0.24918832769596466,0.2592287943609957,0.314634434751671,0.24412431223956388,0.4707611398402904
187.9,0.2601670364831562,0.2626255833190898,0.31402179431236105,0.26742899643861673,0.5039483602011934
187.95000000000002,0.26050683380128475,0.258609783845395,0.3156455939576578,0.2695211306765246,0.5025479446188682
188.0,0.2567641530180754,0.26285521195451517,0.3259866882016034,0.24953496393811017,0.5058263716369501
188.05,0.25391410025124617,0.2592925081355969,0.3151372354299012,0.24734370977713535,0.5131834807241085
188.10000000000002,0.25488678079352617,0.26510291750079246,0.3178767654534081,0.25655661738666236,0.5294079962235472
188.15,0.2648976463036383,0.25679087535518746,0.3236968109392093,0.2550820962801641,0.5226887198391921
188.20000000000002,0.27685920104619866,0.26303829948162366,0.3135520196870611,0.2513344343598148,0.5263778749871918
188.25,0.27878850468269734,0.2737584560822399,0.3179511676597279,0.25663434451889194,0.5349523483082571
188.3,0.2685810258968758,0.2745865856127148,0.30516942602831737,0.26597328906098816,0.5541716110705195
188.35000000000002,0.2584697458487233,0.2826324514381857,0.2987645097220952,0.25127379473099776,0.5580467612945126
188.4,0.2581986569100928,0.26913078669640883,0.2861969976750633,0.2437367778607935,0.5782302712747827
188.45000000000002,0.2640269547681206,0.27411148157531107,0.2649010764322649,0.22915130408119397,0.5825788613076369
188.5,0.27280024048899304,0.2690626025405007,0.2737390825279344,0.21381436180191474,0.5776221433963998
188.55,0.2878278676849263,0.26073031519658857,0.2538614032699817,0.21562752016419154,0.5832375288753783
188.60000000000002,0.297645160848209,0.2565372670763086,0.273045439385312,0.23238806870562667,0.578944980653249
188.65,0.30301404161265494,0.24817494295288323,0.2984401158088467,0.2128468304419843,0.5704232829039927
188.70000000000002,0.3115346164422699,0.2383689573653518,0.31144287578963004,0.22492483960933427,0.5770320226326957
188.75,0.3136690326562832,0.2442228380855291,0.3087643891287691,0.22570073696246118,0.5822310952921953
188.8,0.3054794503701706,0.23877214949551695,0.27555760608637614,0.2114156560775021,0.5846302210671661
188.85000000000002,0.29633200420565126,0.23212757956092028,0.28633235813464947,0.2158382333968718,0.5722311376801381
188.9,0.27599026526880516,0.2154168818098376,0.3171595430981822,0.2126509994290691,0.5737918425210666
188.95000000000002,0.2495310545569472,0.2215670634081065,0.31951058147756534,0.22073390108628602,0.5862758182207035
189.0,0.22867220466229735,0.22519251997986522,0.3263813748971179,0.2233995704917517,0.5903949052764921
189.05,0.21719388136123297,0.22618818649816366,0.3170590459475535,0.23653519414718968,0.5987113956439731
189.10000000000002,0.19577575546993053,0.23080418746279052,0.29479165223243964,0.23343923845869266,0.5999504975169656
189.15,0.1728091170193875,0.22769787311160952,0.2782461786273444,0.23368055209036132,0.5932846660077865
189.20000000000002,0.15579116901829118,0.21150608089084522,0.26027299393320447,0.2318685545089102,0.5849102215892334
189.25,0.14066672714943218,0.22079152293809545,0.248114734594694,0.23703734262744083,0.5696981937951668
189.3,0.12623679830831214,0.21382508686142865,0.25201793280259344,0.23655008509402878,0.5557442218902964
189.35000000000002,0.12451092289008457,0.22223408789770466,0.24049658874745136,0.23310630322483183,0.5342781502188318
189.4,0.11940394713031398,0.22052866379069402,0.22919007325719162,0.24016363439944713,0.5283792824165098
189.45000000000002,0.11519373340593286,0.2165530840883156,0.22881826521332777,0.24043967209613995,0.5130420353816864
189.5,0.10989379129197371,0.20772468461629648,0.2540530721539304,0.22950424322829713,0.49810908125261133
189.55,0.1011150988937953,0.194797778188789,0.22728866554538088,0.23158705848773276,0.479178739333121
189.60000000000002,0.10146951958188236,0.20736529120861918,0.2252609553502945,0.23050258657309855,0.4505726898718268
189.65,0.09584304768428625,0.21790333932238756,0.2373965953047756,0.2270607363096362,0.4249507328530981
189.70000000000002,0.09341539568172559,0.22488501177677978,0.2198135137259956,0.24073230965522244,0.43165611788653313
189.75,0.08264066780569022,0.24252068158770668,0.19551531233695743,0.24690595756524036,0.441101242823641
189.8,0.07709434861547165,0.26735037169129605,0.17811824510984628,0.2775007397556268,0.43763727926867363
189.85000000000002,0.09313094162114838,0.29181995774847275,0.1736534645171816,0.3017469700972145,0.44958024754554454
189.9,0.1042506395679004,0.32549336283872965,0.15139026493901386,0.3128505581377202,0.44918721214896923
189.95000000000002,0.11671264305620008,0.3374781217010926,0.15525285760353646,0.3511296083916763,0.4461080206474073
190.0,0.11166005093716178,0.34254009695471616,0.16610370742261724,0.357467137893833,0.45822529320557964
190.05,0.10680383086606798,0.33748815909395286,0.16460641597891126,0.3386826039192589,0.44789976652944563
190.10000000000002,0.10791055521961089,0.3229224664201508,0.14769050438626727,0.33308810661970856,0.46623345645293135
190.15,0.10855046925694227,0.36021507859244495,0.15458774783536533,0.3318361304728368,0.46756971780538814
190.20000000000002,0.11054365279900859,0.3420748338273,0.14737660365402455,0.3419458979686663,0.45825205032463096
190.25,0.09766418383029953,0.3454869727453616,0.16339131572785318,0.33555042774563804,0.43672878742678684
190.3,0.08790591091925734,0.3299222104321639,0.1592692312078583,0.32225846954051696,0.42483281770296594
190.35000000000002,0.09604269181249069,0.29296479912970064,0.14044785779669164,0.2736703722357899,0.4033440410019511
190.4,0.09233835392817594,0.2594015062504465,0.13036788453559853,0.2407550866252057,0.41076944908908397
190.45000000000002,0.09978251193579193,0.24723013593576215,0.1529811190368286,0.19543134766643444,0.40166507880764024
190.5,0.10384977371177771,0.2479037542502114,0.15026401197720637,0.1389164092857599,0.404684699024759
190.55,0.11015281227946874,0.21261099715030302,0.15842466773135,0.12660334803437745,0.39773201611363873
190.60000000000002,0.11010574413339239,0.17728276959574793,0.1721484762151326,0.09579323835804145,0.38824620202776733
190.65,0.10654661198661183,0.17077226198042952,0.17356871468259763,0.04633038665083859,0.37125171352143
190.70000000000002,0.10080075407883347,0.15705340092839642,0.18564690705431505,0.045831900700003654,0.37348048383242227
190.75,0.1093243197686941,0.15516786317730408,0.1929234109155173,0.046113432800958754,0.38757321098990083
190.8,0.13047642958075836,0.17428810500958702,0.18630704517944086,0.037062768931904744,0.4034927249031475
190.85000000000002,0.1289698860088968,0.17912444875822223,0.19988206649304865,0.037109697397540366,0.4158732686421075
190.9,0.13822503663227365,0.16607971517154058,0.21916215486498725,0.04594922198440118,0.41844598899706353
190.95000000000002,0.14715855408428014,0.16503949387912806,0.2388101666038199,0.050279611176290574,0.42580892683310495
191.0,0.13278360389414862,0.1606017237882107,0.24026444478491318,0.06370178854279694,0.45840045814277386
191.05,0.11923203410919654,0.15185349251790145,0.24004338242587198,0.0785289750955495,0.4717612866252061
191.10000000000002,0.11359187982217432,0.15031366270359217,0.22844345943757888,0.0698309001953706,0.4694169859743931
191.15,0.11387690431690357,0.1498192269111153,0.2223453889865046,0.03147399560254758,0.4739437792414239
191.20000000000002,0.11902157362327855,0.1581237950171255,0.22659845885766766,0.03891986218464816,0.4632735200856423
191.25,0.11493286930728432,0.16305510784461838,0.23185001703579367,0.04466354229702688,0.456230370454794
191.3,0.11644771107406345,0.1735125128691021,0.22358423490566198,0.08409737953243965,0.46832259988625646
191.35000000000002,0.1104719601390363,0.17481289876035633,0.2255790492789827,0.10344161151232074,0.465194799198378
191.4,0.11752909527541938,0.16890346070531334,0.2324870420519248,0.11482826507993099,0.46762771223060845
191.45000000000002,0.11823744434528702,0.18070268185880123,0.23671194980364407,0.12017656417988633,0.4654742378244404
191.5,0.12463375684368382,0.1842111347823702,0.24012999463047663,0.12986985046410907,0.4729062639060329
191.55,0.12850589257791262,0.19288905320852837,0.2502200584001934,0.09808839984227834,0.48000981774643353
191.60000000000002,0.12871424643710558,0.1973863939431084,0.2502428668366724,0.10869752809479183,0.48290065174170604
191.65,0.1308194575114213,0.19213724387920214,0.2494970627933672,0.11061315180479823,0.4927753720771776
191.70000000000002,0.12909968798546903,0.19380751500880616,0.2471845987122032,0.10207874662416892,0.5187143112307977
191.75,0.13808451913706854,0.19469316776473117,0.2406676757612389,0.1067012777780332,0.5312865837017524
191.8,0.14577411906965657,0.1847537431513912,0.22890028331195947,0.1132704845097875,0.5460162127146716
191.85000000000002,0.14799232168261992,0.18105674496539376,0.22240757153462215,0.11620149763061592,0.5203954569750203
191.9,0.15796023612637633,0.16875338075325638,0.22117736654985945,0.13857345080272035,0.511221089851133
191.95000000000002,0.16094075681792647,0.16170648275281663,0.21516517733137863,0.1107308978058147,0.4955410890120442
192.0,0.1781314540241769,0.16036068791449948,0.2020417045963869,0.08344747753951146,0.49719543120629556
192.05,0.1843812371168865,0.14247901976459015,0.18250659606449682,0.08064177719401522,0.4791221702865427
192.10000000000002,0.18773411034256965,0.12287640467070438,0.1695441733148165,0.09042355149942183,0.4510793016051711
192.15,0.18268046044330113,0.10071237022964408,0.16342409349014814,0.09300933635311907,0.43977812272415656
192.20000000000002,0.18212564972820014,0.08415292220626057,0.15216795549549128,0.0820530768581243,0.4193602497361495
192.25,0.18361098048943247,0.08105094296461349,0.15366607227221832,0.08051875339320398,0.40509051802147933
192.3,0.1820506006303168,0.0807230283760815,0.1505486257510731,0.0889294028728306,0.38018896741062824
192.35000000000002,0.17595442008016432,0.08512625004930918,0.14589229056561295,0.1011811238844765,0.3776861182988454
192.4,0.17099566524400603,0.06852862842129803,0.1380574206863275,0.07905294263121154,0.37681356752700035
192.45000000000002,0.1637310733725552,0.08038659933398828,0.12655164219671264,0.06565049610378866,0.38255100199332354
192.5,0.1643316845622208,0.09937075014756709,0.1087697500071748,0.057111791611501254,0.3898531763712658
192.55,0.15321885422494308,0.11013726007649022,0.0952610419693874,0.06448890297504113,0.4391132863138489
192.60000000000002,0.1503431392064674,0.1477297325909039,0.08337668881123048,0.06697416515907456,0.43946871576002483
192.65,0.14909388755565403,0.17510924998119717,0.07464150704444955,0.07815206045138497,0.4610170633472309
192.70000000000002,0.15176068819109131,0.18257437522015108,0.06508291888961097,0.07127531084303633,0.4759261203346731
192.75,0.1496009740731995,0.20494102867922878,0.0633602664897156,0.05529302240920283,0.41472516564892226
192.8,0.13711307451718896,0.2173554091464319,0.07274834586484219,0.04007757541595861,0.3608018783484613
192.85000000000002,0.1366424049728175,0.23884926698583303,0.0853403050884566,0.03413897697978362,0.3485061759595072
192.9,0.13181581070421564,0.2565307502529741,0.09028654291918056,0.03416106062534281,0.3349036218968012
192.95000000000002,0.12599810665894676,0.2687334016691637,0.08743457198343015,0.019188370038052283,0.3450924364946249
193.0,0.12846157041340045,0.26621767191893625,0.07352775593503393,0.018634380115857656,0.3648184378533941
193.05,0.12667006722984545,0.2547267101094675,0.06437012577581065,0.03288491951013015,0.3763523508165972
193.10000000000002,0.13346184952164564,0.24702322318678732,0.04595956377543247,0.0543531292321647,0.3624523203110556
193.15,0.13330031711077733,0.23347915742381148,0.037511848562138975,0.041194516377156085,0.3994621125181792
193.20000000000002,0.13595658373748867,0.2179276608848821,0.02619176373327828,0.05229855260351352,0.3772057864488639
193.25,0.13703349067947768,0.2027578667585701,0.011461223444014077,0.08751141571512448,0.3956582928914475
193.3,0.1371370612202785,0.20050008850398332,0.015877309754267686,0.12974140823458263,0.40575169373064107
193.35000000000002,0.13361814995243576,0.1905732191673706,0.021848572586702815,0.14074493019382098,0.4233262288364089
193.4,0.12453863366542765,0.21672321453771934,0.03588140511117442,0.13898602394788015,0.4410416697962266
193.45000000000002,0.12206992551597198,0.21659171874159536,0.05093151717168273,0.1271416628267992,0.45181508428329203
193.5,0.11784008785524144,0.21092665325628765,0.053622660251075094,0.11915730340487032,0.45217297412914825
193.55,0.11899488190443122,0.2283865644561618,0.05778700434381741,0.11441980117627389,0.461310844712913
193.60000000000002,0.11936288848520218,0.23866213905095424,0.0724881205248843,0.11287146050104815,0.47345161398993874
193.65,0.1286495516804495,0.24075347338904313,0.09242961850137149,0.12174685199623946,0.4918466251309496
193.70000000000002,0.13432218404225071,0.23272452192006135,0.11072667984917162,0.12724405005701037,0.5051020753398932
193.75,0.12950716939774573,0.23805699146310788,0.11933710276397888,0.14639391300775706,0.5154297196049532
193.8,0.12150987826945513,0.23679053551945295,0.12805932661915578,0.13154575582598885,0.5172091409962607
193.85000000000002,0.1131299160423963,0.2358130536784686,0.13816076741619904,0.12471832509606487,0.5278843790796355
193.9,0.10466759538554274,0.23697759175534855,0.1506542337949804,0.09328938884153266,0.5247859997471686
193.95000000000002,0.09874345523317797,0.2351900946637775,0.16002463943480436,0.10609467017411543,0.5455245824498542
194.0,0.09018090174679079,0.21976527554290545,0.16954529930971915,0.13502359921894527,0.5697956688308546
194.05,0.08434930477944076,0.20251462300971204,0.1751367896917146,0.17059981585734796,0.5935868788217779
194.10000000000002,0.09390243524521542,0.20426526935056374,0.17314373649434142,0.18945690910709603,0.589177967616777
194.15,0.10469452433132201,0.1864846822113852,0.17852233655729194,0.1984654946289942,0.5656218158267056
194.20000000000002,0.11310014844114843,0.18414518415732986,0.187124192842645,0.18788656959238403,0.5565433202371266
194.25,0.11450264552894793,0.16796423461922447,0.19433064221607238,0.17939226545267242,0.5190981168310028
194.3,0.09215442104373922,0.16797080692442964,0.19901524164027817,0.18058962488855507,0.509496179975474
194.35000000000002,0.074626424608382,0.15959196475733559,0.21397982360292558,0.17617136301350664,0.48529697539545447
194.4,0.06872647712175439,0.15121863805834224,0.20940653723796476,0.1640566136098177,0.4695701515105183
194.45000000000002,0.07701283707798087,0.15090466892783916,0.22173294017986087,0.15547741445858695,0.47432483792714697
194.5,0.09345131501875081,0.14375611025838334,0.22800401848507687,0.1409634999944134,0.4760800687366619
194.55,0.10173316442746347,0.13789815345016157,0.23534518618604638,0.1404809428207867,0.4832169054016065
194.60000000000002,0.108809477070331,0.11516537311959722,0.23350270162319123,0.14741403320504537,0.5012361585793192
194.65,0.11818068197810375,0.10613978475921837,0.24684274033687476,0.1515275099750065,0.4984720865519262
194.70000000000002,0.12039566981178566,0.10828227854030917,0.27488168678009345,0.1716219372948971,0.46660527450104233
194.75,0.12272002373459899,0.10700042949467824,0.286111142977299,0.17872736171690995,0.4433276877391262
194.8,0.12470329680097916,0.1029368306310638,0.2861337489707024,0.17249990679634725,0.4245202395884222
194.85000000000002,0.14147535372405315,0.10648671328168209,0.31032124860402904,0.16511205696417927,0.416642937428
194.9,0.16087778485521206,0.11074594222805649,0.3109544749928936,0.17758871944189017,0.418527465360713
194.95000000000002,0.16795521676329334,0.10784630275976935,0.31853079101922016,0.17031217861554393,0.4329225290045697
195.0,0.17416872888945573,0.11500180975520656,0.321153789620746,0.15065582655242465,0.4537638702974078
195.05,0.17527702355323682,0.11695508566203026,0.3085280470109957,0.1503399628006049,0.474837240409629
195.10000000000002,0.18650437792464206,0.12350103990359582,0.3380848393118454,0.14571157027868825,0.4929024026986735
195.15,0.19547869427923067,0.12730566811349833,0.3367991404470237,0.1341983965924143,0.4894204773465668
195.20000000000002,0.20563699914695366,0.13982009459733152,0.3217999369655653,0.12747495134016815,0.4849964746151665
195.25,0.2112497045493359,0.15250720440078164,0.3074211053488138,0.1318670776067359,0.4858492388845976
195.3,0.21224745364543546,0.1687185239211907,0.287385066439489,0.11744832382477441,0.4998814824450074
195.35000000000002,0.21404251169973293,0.18016191591062763,0.2806113681487306,0.10592049005589259,0.5081302914575613
195.4,0.21321589479708491,0.19488076652532918,0.27081111687693027,0.11295992512922044,0.5264314400198694
195.45000000000002,0.21133888932855704,0.2127944072371804,0.2692441368084543,0.12072784585986919,0.5463099402786741
195.5,0.21233612320531342,0.22972186791497443,0.26755968590249535,0.12741881367415153,0.5861761995949928
195.55,0.2202838248290551,0.2462426555232509,0.266613875969143,0.10986951694057102,0.6174457784672058
195.60000000000002,0.22941039878767253,0.2635872538465603,0.26992967081710406,0.11815898480221027,0.6597004809895669
195.65,0.23504105921471166,0.29610007017935025,0.2806604449565654,0.1326679160252451,0.6929240611182779
195.70000000000002,0.23747384190909587,0.30723314157528603,0.2973568535365551,0.12918999759674832,0.7250362406902802
195.75,0.23578256875799714,0.33813929986669056,0.3244944908035573,0.14691779195166535,0.7843346505354833
195.8,0.23363014690317366,0.36917594791732306,0.3478587620054815,0.17532812662869707,0.8385679089638676
195.85000000000002,0.2323954721766681,0.39833742679737555,0.36115934005260414,0.20704119880320515,0.8978247156625943
195.9,0.23843730067700258,0.4261866600198561,0.3610006804825177,0.23413034377667297,0.8945803991681918
195.95000000000002,0.2532196400284189,0.43548667942811753,0.36251621749919877,0.24115974137822543,0.8774916220378204
196.0,0.26933792736971335,0.44273132219342576,0.3601774191498716,0.24779125512237907,0.8545324053076616
196.05,0.27739957118759684,0.46570973963759044,0.37073892311361606,0.25415611327709087,0.8572438136699152
196.10000000000002,0.2816968758347115,0.4719411630252877,0.3774729379504927,0.26596512045251364,0.8443742372385561
196.15,0.2828710524407571,0.47358429039602745,0.388546622138077,0.2695858979958479,0.8289864641838323
196.20000000000002,0.2870061383809667,0.4774431236104301,0.3996672119602812,0.2599701311971979,0.8058679516467436
196.25,0.29233966714035675,0.48323253694870577,0.4052147581645693,0.26580030299764906,0.7692324403790773
196.3,0.29455206677847856,0.49085107629900915,0.4091192316917679,0.2758697093592104,0.751813537645781
196.35000000000002,0.29930501637553397,0.5016316093801781,0.41388517428431165,0.279268328696792,0.7582591556219209
196.4,0.30133487686315574,0.5095192181998084,0.41665623076055364,0.2830989107682321,0.7694130563043476
196.45000000000002,0.31079250078033344,0.5122081353071152,0.41884306768442175,0.29058081136314845,0.7901876353207132
196.5,0.31438740566777584,0.5290210242673592,0.430419746854455,0.2946651208124599,0.8367877113704201
196.55,0.32490337639145617,0.5446975956726404,0.4401347642545013,0.30132991809377524,0.8652068274253268
196.60000000000002,0.33173910114242006,0.5410623699150091,0.44917009895682747,0.3192443238797799,0.8721859521011591
196.65,0.3398862063865879,0.5602072677705717,0.44415184875591485,0.3314226197519642,0.8785527650178843
196.70000000000002,0.3532782934489795,0.572694456070754,0.44104344611034546,0.32627174811160115,0.863468034551368
196.75,0.3672579451628703,0.5896688145841413,0.435197641018727,0.3257285515302579,0.8500867714187342
196.8,0.36885913510891727,0.591261492701146,0.4347816451281647,0.3309170255912273,0.8432879320802619
196.85000000000002,0.3713189277275302,0.5909235606469743,0.4381019276351583,0.32594258499625084,0.8405537208813241
196.9,0.3857584510810839,0.5993263287334479,0.4389271671893234,0.338113167009177,0.8476472095302504
196.95000000000002,0.3915042897051142,0.6060966089381322,0.4483207549554984,0.3361572902777327,0.8516369744013247
197.0,0.3899646933493089,0.6051760280250866,0.4543524191950629,0.32900886768326626,0.8585150074919834
197.05,0.39241658764813314,0.5991388905467561,0.4566201422859632,0.3536363211165677,0.8585143874130836
197.10000000000002,0.40003452773538617,0.6104464372896924,0.4704732552890792,0.3530068374077283,0.8664715456205347
197.15,0.4078332640433977,0.6121146655384516,0.4749201012867037,0.35192454267400186,0.8819287922935668
197.20000000000002,0.41094145376940533,0.6140719707913513,0.4888794211157669,0.35396045099836587,0.8897017762107118
197.25,0.4037950036565126,0.6144270223911112,0.4902250619116591,0.3615411102943,0.8957908448695158
197.3,0.4099880381846326,0.6152695063929247,0.4948918412136021,0.3523232725213814,0.8990054396064611
197.35000000000002,0.41736036370925866,0.6044551254823783,0.518298701250454,0.3611059652688712,0.9160776032495884
197.4,0.4161124425463392,0.6006764746674033,0.5316948323317839,0.3808608227382083,0.9273380290689303
197.45000000000002,0.40792484142356816,0.6143176536747518,0.5300954415385287,0.38566992270114864,0.9330158969964232
197.5,0.4099001516482629,0.6009997246250217,0.5283688189247632,0.3935774146284989,0.9317641628109999
197.55,0.4136459236012126,0.5944046116073667,0.504183271815687,0.35504800247497104,0.9363446505114952
197.60000000000002,0.41635746608637364,0.586838049658152,0.47533496037731826,0.33667861039887936,0.9283834773787735
197.65,0.411079062124637,0.5775098240868262,0.46117425107309445,0.312733842918738,0.9271550684283743
197.70000000000002,0.4129059531391541,0.5691419321662442,0.4373841839799194,0.31183144376372235,0.9174268962845197
197.75,0.41167837613712377,0.5543608444362637,0.4384998064555187,0.30005565137813106,0.9119531072685361
197.8,0.40826718223832176,0.5463864730712248,0.41957617443111184,0.28600262648534835,0.909907484173228
197.85000000000002,0.41250906491145783,0.551451308849931,0.4272105995958954,0.29194413746875564,0.9103082089279163
197.9,0.4093506624895845,0.5564286046253447,0.4286570027323725,0.29767281623719966,0.9246181756600981
197.95000000000002,0.4097689470119071,0.547070066859988,0.4211100343838997,0.30559784682080304,0.9477824480324125
198.0,0.418973942877855,0.5543145350462536,0.4209592575187221,0.29147921206244193,0.9398948662928283
198.05,0.4326282018084735,0.5661198150539993,0.4058510836729987,0.29137085614829783,0.9249082239546181
198.10000000000002,0.441868125045028,0.574520483013702,0.38423121227007556,0.2681235386482096,0.9250577791239167
198.15,0.44670038435333653,0.5826399751651707,0.38371712178599443,0.25755258688649335,0.9210602415340778
198.20000000000002,0.43830484461865704,0.5786098824767251,0.37411144720648193,0.258863660794943,0.9146225843860407
198.25,0.4087465225614213,0.5334200548480366,0.35010772405449964,0.2601983777145436,0.91847358517314
198.3,0.4079868196916331,0.5377902056397554,0.3416437815716167,0.24836545768146132,0.8847651932009092
198.35000000000002,0.3947425778797792,0.49664486428680327,0.32390878090117725,0.24482496512853893,0.8704242444903975
198.4,0.391613953364132,0.4682764083092168,0.299284728957781,0.22442656506190023,0.843524002953292
198.45000000000002,0.3778269239855068,0.43124200771588156,0.2846046138542533,0.22050198407653654,0.8264923306579364
198.5,0.35737589513492646,0.39156391659683465,0.2816328218689389,0.199614871717487,0.8137624445302861
198.55,0.3450673638853304,0.4089185946416061,0.28474081116830474,0.19422524057160928,0.8222349191452085
198.60000000000002,0.34059778265301416,0.38947421899586726,0.2842876185251153,0.21087002355793577,0.8497192057880628
198.65,0.3428258098398984,0.39672162607195255,0.27725887797988147,0.2264963439007193,0.8518486495835432
198.70000000000002,0.3490266849273583,0.3969630975636349,0.2637560649025028,0.26011305638810567,0.8500917224447045
198.75,0.3424576717912396,0.4300004910431982,0.25018815764608443,0.26993932872194354,0.850940484793172
198.8,0.3229939978827483,0.45107497092601684,0.246246490117484,0.29464892001951365,0.8286445313429955
198.85000000000002,0.3140897922564573,0.45367560515206845,0.24341078199955585,0.31343482966449127,0.8260732233466329
198.9,0.29718233685972295,0.4467541373076363,0.22799364293777627,0.3059527777025803,0.8178912464862318
198.95000000000002,0.28247747667521284,0.4140359536119089,0.20703538357093818,0.3162543337441202,0.8082961691764486
199.0,0.2853031939443157,0.42331263330063645,0.17896703756120944,0.32103071272653794,0.7989583301933357
199.05,0.2742025372169235,0.3981709730982362,0.15924094705014505,0.34211144792869824,0.771358819361717
199.10000000000002,0.2746692558460284,0.41046837229204786,0.14965725626132745,0.3405284855919682,0.7479599873921021
199.15,0.26473848364393426,0.43187778165452406,0.15601618353538238,0.3310100351109965,0.7406807673097187
199.20000000000002,0.2604426426510254,0.44027620353339036,0.1532292953329623,0.32687736072546697,0.7356968352070099
199.25,0.26172892044606905,0.4214537997934625,0.14869514389337746,0.34031204558549494,0.7159877466951067
199.3,0.25991721130932643,0.39490468225944747,0.1462369421534322,0.3521131645208123,0.7146724617063946
199.35000000000002,0.25964449074446383,0.4167787860265264,0.14268871977449246,0.3697879608531945,0.7177989797545238
199.4,0.25625775916775956,0.4009160069422782,0.11305801875382711,0.3593554580872644,0.7165787551831614
199.45000000000002,0.26096711566331476,0.4171400152125509,0.09279897020573499,0.35380418338068836,0.700570602082471
199.5,0.25301626411426786,0.4232615891458887,0.06272111097379288,0.33304386016794774,0.6775669699325647
199.55,0.2556426577513904,0.40672000698087524,0.03496983085806573,0.3077465731992691,0.6433315998666128
199.60000000000002,0.2571885166922057,0.38006275528703254,0.023953061969452814,0.29109630735038733,0.6278741132457729
199.65,0.24755600415591816,0.3456131130694574,0.02927943588600942,0.2676821854405362,0.612102542955224
199.70000000000002,0.23983097302311795,0.34612859669038365,0.0312529772521359,0.26416433706639525,0.608216056342453
199.75,0.2369706439078624,0.36121987810488726,0.03253258140881423,0.2691871728246253,0.6095032894512735
199.8,0.23940398440566968,0.3734210865449824,0.038741277781894255,0.27595264022957927,0.6130138843940541
199.85000000000002,0.2350905146712395,0.378737951561944,0.049769554696717705,0.3072529599027824,0.6234855472857791
199.9,0.23730176113759063,0.38423083598342384,0.05394245677844314,0.33622871744464566,0.6315533140515905
199.95000000000002,0.2384935659904641,0.3811869670338281,0.04288872751638236,0.35956431125339144,0.6324803596797198
200.0,0.23883934336394952,0.39030250205010564,0.05481419021859248,0.3510493237792299,0.6345688708700284
200.05,0.23677112744548898,0.39250696375350475,0.05187485293060433,0.3504367712998835,0.6306892031921827
200.10000000000002,0.235524527214672,0.42511846116229857,0.06858107788290825,0.375861930173532,0.635917977075406
200.15,0.2309878746116093,0.43501351990886594,0.07682103177227508,0.40337732091238665,0.6558405161069996
200.20000000000002,0.23036348983914923,0.44316265738290633,0.07407543839428014,0.4097044025864849,0.6444926765917577
200.25,0.22552381421371376,0.43610333560561726,0.08034161811442377,0.42102912800138625,0.6362353279180297
200.3,0.2282358881293437,0.4304857970379443,0.08138293602043427,0.4218607480240522,0.6292659704269711
200.35000000000002,0.23235564838473077,0.431364324111738,0.07220841344745825,0.4061446150544921,0.6071281537199463
200.4,0.23136956258004532,0.4363974496695275,0.08161744848716385,0.39196827113148175,0.5983129523070069
200.45000000000002,0.233703649903582,0.4292178871097467,0.07719751927935078,0.383937603581091,0.5869061642797497
200.5,0.2365352438263126,0.4277003772167004,0.09085099538408749,0.3905750459710192,0.5776434689004337
200.55,0.2414935077442768,0.4251776677620856,0.09289862029536766,0.3973298168278482,0.5761558050175543
200.60000000000002,0.24558567124455313,0.4237451616724398,0.09763758583427609,0.3905157321426805,0.5435593575110121
200.65,0.24716774587612864,0.4262798167008917,0.10672336181906576,0.4012457554035951,0.5032723354796903
200.70000000000002,0.252168376361218,0.42155854795389197,0.10687016197062311,0.397195698690536,0.47823199472139466
200.75,0.26197752534673874,0.41859002956665914,0.11315327267750865,0.3888497067827911,0.4531220283130215
200.8,0.26927864505386045,0.41410382824091096,0.12133058063357893,0.37378352375237855,0.4529096370403451
200.85000000000002,0.27358414500873646,0.41714684651195694,0.1253566693923063,0.37423157778550176,0.43380546451676355
200.9,0.28001006602338574,0.4119274582559426,0.12784750717610527,0.37056192533351334,0.4159855946677705
200.95000000000002,0.28424817071353703,0.4114981965893601,0.13911990650406086,0.3796234929802897,0.4024483084134658
201.0,0.2920738129719589,0.41522540693657634,0.1495510460325064,0.378126385293353,0.41935381667449867
201.05,0.3007591198057027,0.40772132461049365,0.1561489824970623,0.3673357179683388,0.4242185083899656
201.10000000000002,0.30899837404757435,0.4112031185843397,0.16063208494477585,0.35284814358209676,0.4173141325241231
201.15,0.32587837153652394,0.40833032230335736,0.17263932412326832,0.34141021199408783,0.4345128887342096
201.20000000000002,0.34033159165433546,0.41125173539529525,0.18244630514098567,0.33780970037999053,0.4048774287943597
201.25,0.3495506993548737,0.4023852286631144,0.18804001452294294,0.3234800415841471,0.4003770202903199
201.3,0.3538828330898142,0.3932710489819549,0.1857781982955061,0.3303169446745167,0.3991567550712675
201.35000000000002,0.3650922960382088,0.3918857074818028,0.1936386529867576,0.33618369425035355,0.394917405584579
201.4,0.3705822573602689,0.3910656861384671,0.20058147065442164,0.3395186553194294,0.4201927988478883
201.45000000000002,0.37796197958545097,0.38838320645841107,0.2053501998518244,0.31986581470658837,0.38778860451085023
201.5,0.38529797468647026,0.3727984811412775,0.20377880690664113,0.303586914325212,0.38486916318782943
201.55,0.3954334106002467,0.3564558917279015,0.2208490395785231,0.291170233380655,0.4084726223859609
201.60000000000002,0.4011113055391214,0.3489006478869798,0.23701525603066087,0.2753658329749671,0.38395224029085273
201.65,0.40214733716471174,0.32824672789214576,0.23514521350831397,0.28577080343989064,0.3744983236518088
201.70000000000002,0.41847366600841707,0.33228705509190937,0.24128756272139143,0.2882180744039942,0.40521933627979595
201.75,0.4214595187241628,0.3207647093698506,0.237397397426624,0.27663854048712355,0.42429572011562827
201.8,0.43083531936345315,0.32524513131318944,0.2390238680410499,0.25274157943579856,0.4365768163694718
201.85000000000002,0.4314560160044707,0.31672489528399445,0.23777008209759193,0.25196268720937126,0.4784440205595874
201.9,0.4384829708921834,0.3210420235546509,0.24331953360781503,0.23989595315711454,0.4244485657176992
201.95000000000002,0.4468852850143335,0.3345010492436925,0.24628410892204503,0.239206469269261,0.41627218672559957
202.0,0.443040228869014,0.3321123020302248,0.26864278410347087,0.24110056691848397,0.39824230592613397
202.05,0.4470795705199545,0.3316705276992358,0.2725413713136195,0.22766827872190448,0.3722804099015614
202.10000000000002,0.45400890050423015,0.32334427893821394,0.2951465164086095,0.2218497994313544,0.2740362130960199
202.15,0.4582925051585464,0.31454765908985927,0.29510889434781,0.222655441007198,0.2089826553494871
202.20000000000002,0.46004284705848,0.317054933713496,0.3021400250585728,0.23100606107027669,0.1798904176653472
202.25,0.4592803061498371,0.30890360008673623,0.30946463600651825,0.23928341892344943,0.2784720430054911
202.3,0.4513431193421604,0.323381468601465,0.29872128811710935,0.23500785693542517,0.40546500091360527
202.35000000000002,0.45405770470356616,0.3116981655009868,0.295199820437885,0.2400621516362214,0.4458416790697518
202.4,0.46329475426166916,0.30898342515548927,0.28287807884365895,0.23042354983533792,0.38753339795982494
202.45000000000002,0.4457674012266744,0.2965245112381245,0.2752713404383476,0.22383824352109852,0.3533207346374693
202.5,0.44026985504263877,0.2789240119701874,0.27185069913921917,0.19661969205736554,0.37455465589674125
202.55,0.43009320090819453,0.2693296426123938,0.28611065390535423,0.1905042282013586,0.2802288125042047
202.60000000000002,0.4414167846084162,0.25351815931320476,0.27684168302819756,0.17506136668302355,0.2780553955434039
202.65,0.45115961665329346,0.2624293237895026,0.2956030829192529,0.1692357463556405,0.31700379884045127
202.70000000000002,0.4379146147158544,0.257254568753234,0.28511709461871004,0.1517009196995325,0.3089903974782197
202.75,0.4227989923140008,0.2639741957116992,0.2501368222787412,0.14629862174944042,0.3387831012351178
202.8,0.4170831406201545,0.2738005287063912,0.21989721289666242,0.14893041012202338,0.49939018645875
202.85000000000002,0.38612158806145125,0.26519700752301767,0.22015197198634107,0.18250584190541858,0.518982089931234
202.9,0.37391596912893277,0.26927994912306596,0.23584427042799255,0.16798573094549926,0.6034039201888156
202.95000000000002,0.3668673375393808,0.26987591688077656,0.2547385449389164,0.15617426033092557,0.6113402066215559
203.0,0.37569440014352723,0.2621648794808716,0.2770260831945397,0.1524739413638106,0.6576638869917656
203.05,0.3714443710756198,0.2646810090546216,0.31624786345921013,0.15084843123688277,0.6336263603523501
203.10000000000002,0.358924096025377,0.2515773415796071,0.3037686648988125,0.12108502371903757,0.6285645346815353
203.15,0.35908806615944994,0.2393103548029228,0.29165382211413454,0.10252491195396159,0.5697087381139643
203.20000000000002,0.3432979252350568,0.2321638168290219,0.23668109907002394,0.10682163494855297,0.5586813036548015
203.25,0.3360159781361785,0.23627136278955452,0.20758293311930998,0.12677359154341916,0.6066482481989204
203.3,0.30273220483043595,0.23441817726412256,0.18636285438986294,0.16859789151190221,0.5537700424017151
203.35000000000002,0.27352123474867035,0.22645016104806762,0.15639858854111321,0.22243319804907,0.5167538389392401
203.4,0.25461404929946957,0.2381235663531396,0.11643072192081054,0.22328339976857847,0.4852860762457064
203.45000000000002,0.2355256154808554,0.25336674381515634,0.08483542567826184,0.2523570330503406,0.500636095497491
203.5,0.22525332779959506,0.26847308570437184,0.0717319445162366,0.314020631124381,0.521822931190914
203.55,0.19759537136142982,0.2862887099088266,0.04110347991942804,0.3101066531152377,0.5363829029010136
203.60000000000002,0.2041915011961112,0.2951448738187963,0.06463932329222041,0.3012397942071415,0.552333853773546
203.65,0.19026562519202378,0.29855603402976855,0.09271152956587377,0.29864827626185975,0.554678917710451
203.70000000000002,0.19816327823898935,0.2896831129572415,0.09154487204022066,0.3035115760348742,0.5200652476556291
203.75,0.19642323805467032,0.28390455264749526,0.11514445456019626,0.3051272017823148,0.5040399661486594
203.8,0.18727517619681217,0.2830508550030797,0.14903896295275715,0.27182618746672665,0.4925515199110389
203.85000000000002,0.19948695123621138,0.2763775897020942,0.15393979369515398,0.3021454331471303,0.48045948635319385
203.9,0.22918394029651773,0.27623274445598894,0.15839389822265457,0.30601201811062756,0.48172047464453277
203.95000000000002,0.25214591246355095,0.27129812018311145,0.1476047992139299,0.2875436226132173,0.4842550130159816
204.0,0.24330574348982914,0.2634384880239071,0.09305492285429208,0.27569151082296317,0.5218840440547686
204.05,0.23697283671520517,0.25755065569580055,0.05721939893295801,0.2707254814980663,0.5440692978144598
204.10000000000002,0.23832818821570267,0.24723074756795105,0.025645096473491866,0.2633955284360491,0.5896420667480141
204.15,0.24685258291374007,0.24563440024128452,0.02496832558891832,0.298644042735814,0.6462619926334697
204.20000000000002,0.2770393765817278,0.24976182623074838,0.04153592807895666,0.34067979256800374,0.7259725992117192
204.25,0.2778815116401731,0.25594561428952184,0.04623657766064934,0.34831896255507827,0.7261904463342627
204.3,0.26201741590638367,0.2686839485039841,0.0641263075916436,0.3247803646447987,0.7065420887220771
204.35000000000002,0.29212682797114387,0.2676255151103669,0.07319644285757752,0.3100692807551357,0.6300909405007243
204.4,0.3033522151760419,0.27434293969051016,0.07283635323525181,0.32924953321993744,0.5978471867888194
204.45000000000002,0.28797178113045235,0.28238113093731265,0.08300806096347618,0.3183000823026644,0.5721578311796024
204.5,0.2896672588405566,0.29647466499213465,0.08978447494841965,0.31234994638328395,0.5956637773374038
204.55,0.2627490497936202,0.2923710160868728,0.09820660340443485,0.29651900156849836,0.6412334865988075
204.60000000000002,0.2608255642005423,0.2902905023266721,0.10483521337339262,0.2917875092698462,0.6684002727475736
204.65,0.2632774819094592,0.2966505157429756,0.12084862996334467,0.28910936570333035,0.6729015951942084
204.70000000000002,0.23604267429129627,0.2814256911878005,0.12353575982780703,0.2862119787923365,0.6892940152724931
204.75,0.24777524895331537,0.27807512638893095,0.1313145670920375,0.2917979938866316,0.6969010999769242
204.8,0.2231803493368751,0.2857221877967577,0.1413706674289313,0.2901839505349961,0.7108025533837606
204.85000000000002,0.19135078683646514,0.32458616849825545,0.14844216310755123,0.28620136272625035,0.667025616231386
204.9,0.15363814223797956,0.315386155701021,0.14970788115934308,0.27885127109477376,0.6278368678172385
204.95000000000002,0.11778127741060905,0.31601563126217863,0.15428964737838022,0.27082577928067375,0.6130453429082667
205.0,0.10648881161446475,0.2993234813124748,0.15545266992489845,0.26603790012941153,0.595751613086705
205.05,0.08526195273449515,0.2957396017419169,0.15526620120775234,0.27031570392640913,0.5728126398632969
205.10000000000002,0.06144966122190533,0.2944960271373808,0.1540926712231958,0.2939632063584553,0.5549897021117278
205.15,0.045564853455952736,0.2959735617016965,0.15576713854914417,0.3021967906603332,0.5441414774630109
205.20000000000002,0.04306754556586323,0.3126566255079338,0.16488489957588937,0.2803826888607486,0.5179314153663604
205.25,0.047098313064520315,0.2812228967998514,0.1729287352878969,0.2746942485807435,0.48193686851320683
205.3,0.044626820135161165,0.2582111219634029,0.17484157170393752,0.2731305879540305,0.3955690374695934
205.35000000000002,0.04981937101009346,0.23396830402549915,0.18111244763673398,0.25155279045724616,0.3322502426989822
205.4,0.06414614801390434,0.22354252737407923,0.18755624039755564,0.23910922743313,0.31397088151074076
205.45000000000002,0.07497035469319227,0.2285717132903275,0.20160573239708898,0.23331019131053235,0.32726320995777747
205.5,0.07795300301503899,0.21425272639888845,0.21490239408143647,0.23787053941760528,0.36156849973373195
205.55,0.06603598785253528,0.20295426825300028,0.22688396459571386,0.244976628361542,0.3394389979430653
205.60000000000002,0.0515155327976527,0.18541522938561736,0.2309879215474022,0.24607646849553083,0.34661353663077477
205.65,0.05710225712393047,0.20456664834051805,0.23940665984688853,0.2374414418311445,0.33163769524842646
205.70000000000002,0.04966875550694591,0.1989387088153118,0.24241812319850323,0.24009800545025034,0.32394633492607267
205.75,0.03588402249492607,0.21044757773706652,0.24372324802374282,0.22971475885483644,0.3610725272067764
205.8,0.037515830537280595,0.19497835122547866,0.24665765762034336,0.24692039445358083,0.3771020250271442
205.85000000000002,0.04169422468612083,0.20496099671604673,0.25401011394594514,0.26417140279845497,0.38274473700743444
205.9,0.05078873524661309,0.21859775648653776,0.25368389147808384,0.2508515988803662,0.40608293495656633
205.95000000000002,0.06281335026914073,0.21444556642976306,0.255946886563167,0.2392315923093066,0.4214290883287674
206.0,0.06635126874873154,0.20970599927032468,0.2631085759372691,0.23340384860763294,0.471342124142331
206.05,0.06967852896779272,0.19709045596538946,0.2680410627810019,0.22832723574570932,0.5085625608142961
206.10000000000002,0.0778200579668719,0.17957130718631828,0.27977635422881797,0.2414331804188761,0.5451827714590067
206.15,0.08560223745911644,0.1670271715825849,0.2915128885098415,0.26279687424165815,0.5823494310602478
206.20000000000002,0.09193427685172156,0.1663891336134761,0.30013640790487073,0.2558757712152378,0.5832553771759027
206.25,0.1063651922214301,0.15600205349667667,0.3122182738223333,0.24791076889912605,0.5659470163653774
206.3,0.1213991681570712,0.16656406168813237,0.31506127390249505,0.2668929586410105,0.5638412329098998
206.35000000000002,0.1303946637308168,0.1885138861555833,0.3249557770887025,0.2646703913633863,0.5644570348952338
206.4,0.1384073067404383,0.1954880993501798,0.3362250959872213,0.27065072648335253,0.5625433243250334
206.45000000000002,0.14731492066948776,0.20530045957496545,0.3460304181778623,0.2727287555599074,0.560509524243324
206.5,0.15282696193618356,0.19232588264439782,0.3481955532366538,0.2858176645000655,0.5645665860100337
206.55,0.1697035584877424,0.2024013249418401,0.36345050871449497,0.27609656301096286,0.576436337785297
206.60000000000002,0.1750640228507552,0.20304427723830715,0.36319006543459803,0.29527411420413185,0.5846401250241097
206.65,0.1774822649644926,0.21329750114437254,0.36580371513082927,0.28250102588909176,0.5993123021525921
206.70000000000002,0.17636979990102322,0.2086407462170231,0.37646764280355793,0.27904600001709856,0.5892859768304081
206.75,0.17177144132500716,0.2116815929327206,0.3874129938375918,0.27232417745211646,0.5949548761305667
206.8,0.1689039945846169,0.21702897697588086,0.38248077085718873,0.26945342262752503,0.599653561655536
206.85000000000002,0.17235888007768987,0.22090341772515726,0.37582789400088934,0.23204422992366266,0.5925260125018227
206.9,0.17408963917103548,0.22085845064737447,0.362077964939527,0.21037581178478584,0.5888463016330047
206.95000000000002,0.16758754287896355,0.22068714997751,0.3685068591608498,0.21275620294242525,0.5809061985737403
207.0,0.16248833071971266,0.21925832676690196,0.36859788797894183,0.20745515942995088,0.5870588150856749
207.05,0.1549383865466997,0.22899926067665285,0.34712355224554886,0.1998899463663044,0.5853035757123575
207.10000000000002,0.13804924870617227,0.2324122677672581,0.3281838344749192,0.14895443693521335,0.5738090966577063
207.15,0.11788766881003004,0.2356498397577279,0.3101139486769685,0.1507227442555087,0.5647239393459851
207.20000000000002,0.09709645059631555,0.23441729088322497,0.296675537910566,0.13188902566473643,0.5607677166843407
207.25,0.08804188708082918,0.23944777302544035,0.282127153942155,0.12546094875542926,0.5626376680903997
207.3,0.09044260433424955,0.26229871895168,0.28249344114400393,0.11228192951263091,0.542029646907577
207.35000000000002,0.09386389864147329,0.2711372125408215,0.29692620691496635,0.11200117215895389,0.5375775281109051
207.4,0.09226886430518959,0.27993865350656794,0.30711588007431556,0.093736500927574,0.5470052549050268
207.45000000000002,0.08802677499264196,0.29354197558965917,0.30966108386509306,0.10796621587521384,0.5531226552606698
207.5,0.09971677099587223,0.2863924985537044,0.3176935126768159,0.11183562557560932,0.5433009099719343
207.55,0.122647699111697,0.2710910620004827,0.305764963853018,0.13079582741488002,0.5515497798933895
207.60000000000002,0.1342617246722276,0.2532350555636678,0.3048668179623174,0.12909631137986516,0.5456782200425461
207.65,0.13495290394756135,0.2347114618013578,0.29690777745425434,0.11467053541252738,0.5275568754638394
207.70000000000002,0.13915581833128812,0.250992994719226,0.2872707556159249,0.11021377649225991,0.5175962130085159
207.75,0.14886307969756518,0.2635136846898705,0.2618518477857044,0.09714095286835293,0.4733772477483107
207.8,0.16130257734172945,0.24763161276799914,0.25042630617491846,0.1023331893240638,0.4455453080617784
207.85000000000002,0.16849152542132767,0.24721930724041755,0.23352012081344953,0.09808197103122956,0.420872446642984
207.9,0.1835903087881751,0.2651537366153161,0.2500030644249825,0.10483037972004715,0.3818636994686098
207.95000000000002,0.20328412819736813,0.25127951724013703,0.25693203994066627,0.10417926622799419,0.3758954221644776
208.0,0.19483674653134744,0.27516448867873444,0.22397161208413044,0.10914822736967633,0.37076444685227977
208.05,0.19168994790643545,0.2589044853357948,0.21931325195861232,0.10971570836127079,0.3426693924780445
208.10000000000002,0.19121839971956403,0.24273339237805075,0.1966145012398061,0.10900384191809721,0.3173194994222851
208.15,0.18644046265752104,0.24501811851662772,0.21061442392650895,0.11960767177250872,0.27061805981351794
208.20000000000002,0.17855027675301433,0.22474080423979198,0.2050654763515412,0.12789432827145464,0.2634296755122369
208.25,0.17108559471137585,0.20903256011463162,0.19418306302474878,0.11291827537525163,0.2777676909193897
208.3,0.17601955275895778,0.22129683349096319,0.20038880956893354,0.11832307765105846,0.2714251511778024
208.35000000000002,0.18267022676808145,0.23668927902801212,0.21937888813809964,0.1291141857652667,0.2560159572801422
208.4,0.1881498880404909,0.23668084104626277,0.24894075165818585,0.1168851658924651,0.2631924862623071
208.45000000000002,0.20149401874652897,0.2315973975196243,0.2648672191917095,0.11943664344243267,0.29197569222499925
208.5,0.2289280583404718,0.21054688280826261,0.2740703186688379,0.10914874062885117,0.30780305215161996
208.55,0.24810856942926865,0.207632325441683,0.2829814262321956,0.10652018096602227,0.32224760453651996
208.60000000000002,0.24403010881530227,0.2117712376369838,0.2827906093265656,0.11017465685512579,0.3303105805598693
208.65,0.22513724868253246,0.23023012504725926,0.2864317125901855,0.10631880069195841,0.34517826496276954
208.70000000000002,0.2335254316207293,0.23315180926786366,0.2926087252491621,0.11180096885319497,0.3606055627789824
208.75,0.23402996652277414,0.23720438767654836,0.2816709126146692,0.10113144367420276,0.3605453274567606
208.8,0.2441010480433145,0.23645606714493425,0.2461603375243825,0.10610020936768906,0.3512547918064969
208.85000000000002,0.25956732160949053,0.23039079354037448,0.21908323326112977,0.10356974874670584,0.33762992730485464
208.9,0.26928075641034105,0.22589833808287657,0.20486781634202525,0.09581584571434316,0.3164491991033042
208.95000000000002,0.2801356160819616,0.23483432297435664,0.19130257842038786,0.10377814942053391,0.3133221485371512
209.0,0.2745006065888297,0.24183298342603432,0.20052428798813768,0.12001721102781811,0.2882935903918018
209.05,0.2664389934655987,0.23956540986818656,0.1969114218986322,0.10013583809363753,0.2803639152194629
209.10000000000002,0.2596802169604331,0.24233202088442868,0.18724188385138027,0.11157028528296557,0.28833658119593364
209.15,0.24667196548342113,0.258835582752036,0.19586398435425745,0.13338095682380974,0.2842564319172206
209.20000000000002,0.2274919059272229,0.2542009843744225,0.19241691727502852,0.10878966394902194,0.27814408391857487
209.25,0.20899378453084244,0.24680258629135773,0.18670037808142534,0.09528006657960594,0.2744039121327231
209.3,0.2032365538514746,0.23876352860358527,0.16592098917168938,0.07531226178031455,0.2796873465842292
209.35000000000002,0.19179498244463933,0.22917904861378624,0.15369872148843217,0.040695815024445046,0.2731705064761678
209.4,0.18937838246510094,0.22416743648544382,0.14696276756797236,0.06763408169515563,0.2791316449013303
209.45000000000002,0.184101982784578,0.21693675115389938,0.14403812449107667,0.08224729414295659,0.25933916104023463
209.5,0.17610097364421212,0.21919059144137293,0.15359684819997063,0.059154762417447944,0.25549947350466423
209.55,0.16256410854116818,0.21211418799604584,0.1630267350290332,0.04459691999524442,0.26922473984283535
209.60000000000002,0.14708357959485271,0.20409028603182883,0.15978640256852106,0.061026958336251366,0.2798938694978459
209.65,0.1267390303650039,0.20711460359870587,0.14369817330179158,0.0665445259799706,0.28521178304104217
209.70000000000002,0.11671998276176201,0.19507452686432916,0.11184388773277085,0.053814138781780874,0.27321720663402876
209.75,0.09755775714285053,0.18988975645563413,0.10117443270791439,0.04590456533087379,0.2632163148798227
209.8,0.09008175560795005,0.19526992934997922,0.09900215575484442,0.043286220212943254,0.23653048643117056
209.85000000000002,0.08456653390089393,0.19583663795456868,0.09989822627754075,0.02952385504738849,0.22307221135700114
209.9,0.08470767222999098,0.20156770703917548,0.1075221825070213,0.03698014559272153,0.2278075278595378
209.95000000000002,0.081550911732216,0.19942491780196334,0.12103928387900854,0.005208458749839537,0.2075870849548967
210.0,0.07817835237056091,0.21280966603575668,0.12270032668806856,0.02505745997134384,0.21242116659803617
210.05,0.06332180281855494,0.228428452640622,0.13236984329614968,0.020602629463173854,0.24982813556281142
210.10000000000002,0.04749137301725398,0.22977079068231984,0.14220306804719143,0.029725285650186457,0.24216529505808504
210.15,0.03877315327524982,0.23806637890777932,0.14728567049046157,0.03504057552998165,0.24792974554808622
210.20000000000002,0.03328460994815555,0.23834777983097663,0.1471437151667182,0.04048410343929163,0.2563311178160596
210.25,0.04325063143641999,0.23551603100783833,0.14823093608112556,0.03265748320986815,0.24669030364009253
210.3,0.05223035113872247,0.2342927289963052,0.14768808843729606,0.029143216170902327,0.23890687540567979
210.35000000000002,0.05768211854706718,0.23695521488592178,0.14363792859416327,0.051314592552480415,0.20477422918354587
210.4,0.06279701015351533,0.24020065588499828,0.14676013169427757,0.055795382528934505,0.18496153495580436
210.45000000000002,0.08397810268805939,0.25936192170233263,0.15954027087811642,0.06312372050765291,0.13945605470082134
210.5,0.10053447362071333,0.26275268352400877,0.1679751028943235,0.06571781475749064,0.12031831086840618
210.55,0.1044374636017254,0.25989431479482905,0.17333094509747893,0.0678825903029985,0.15270154144719109
210.60000000000002,0.1122524079378299,0.26745324559824524,0.17758108284443094,0.04940035970121606,0.19579613027528422
210.65,0.11955587416048888,0.2686489174062168,0.18575187948747662,0.05312191594295981,0.22146237606383626
210.70000000000002,0.12450098162866116,0.24791440320875852,0.19123402375619344,0.06562835609402948,0.20205674649260377
210.75,0.13107201026368834,0.2506438054451043,0.20044074544000562,0.06333034360872322,0.18321915053871013
210.8,0.13532184897212754,0.25101938799206325,0.20595414508381646,0.06177632494852514,0.17319188868024077
210.85000000000002,0.13656116615902275,0.24536948283821977,0.2095647624329603,0.0711877365999293,0.1587013412856036
210.9,0.1435380507027323,0.2702628722594119,0.2144061210305028,0.0902431521395045,0.12928050083143205
210.95000000000002,0.14649936192839577,0.2826462563245751,0.22222072674460389,0.15259772649584372,0.1326624132607422
211.0,0.1542105316776707,0.29692264468141905,0.2337350728487546,0.21353399656700728,0.1494837780831984
211.05,0.16606397963537164,0.34339696729618174,0.24491090683143713,0.22494250514842418,0.16442286525452912
211.10000000000002,0.1782202621711677,0.3607062314460687,0.25336570370098493,0.26208934735604067,0.16478096257833608
211.15,0.18199310651442074,0.36222645929584474,0.25596996656575877,0.24089181227292786,0.20856411082685847
211.20000000000002,0.1865190073334453,0.34580092643064786,0.2509291249779912,0.20242743403765862,0.19570912670502227
211.25,0.18440562255354045,0.3460436771997752,0.24842863769218965,0.15632552257103036,0.2033541774705058
211.3,0.18110504817993503,0.3353865340490618,0.24417134793912218,0.16111711932051484,0.18601557159867088
211.35000000000002,0.17351477551771516,0.30196598103568656,0.23972867865755168,0.15062394677833887,0.18461589842564438
211.4,0.16352010508433865,0.2940019957427955,0.23843042002889925,0.13897672821787813,0.14995388341351917
211.45000000000002,0.16751343490458906,0.2987279682166503,0.24296165244732273,0.1175946494734498,0.1653564772148275
211.5,0.18478810259073294,0.2885589415715778,0.24094280340316473,0.10584849448580856,0.17752404607109315
211.55,0.18824070938166895,0.29539280295871456,0.23761625696155853,0.09947100007017833,0.17813263528571568
211.60000000000002,0.1958933111017082,0.28499289421099716,0.2493314559075799,0.09824409224217125,0.1655049950536283
211.65,0.1978230917886091,0.29405714982406655,0.27368952541314456,0.09373127311165655,0.1960570256144983
211.70000000000002,0.1933993978475665,0.2906908678169532,0.29233623461175073,0.04934702669697414,0.16394228960127613
211.75,0.19411651384746667,0.28361179575773915,0.31045183047421787,0.03329281178742277,0.16768921866400144
211.8,0.17824957153152088,0.2841356948430793,0.3255035830531467,0.04412440027000943,0.19219592204837158
211.85000000000002,0.17267402097350362,0.2757263834850715,0.3319901664417784,0.056609819194259364,0.19581665880308194
211.9,0.17392392692148118,0.2830902449308336,0.3251319555958742,0.020010743848396333,0.1694743029622177
211.95000000000002,0.18426450670313474,0.2740250093265374,0.3001178360716995,0.01687675746935303,0.16645680376914046
212.0,0.19217204889861203,0.2682682957572526,0.27375799693873426,0.025055139516851076,0.18405274006020778
212.05,0.22262556929262411,0.2693173244170649,0.26234790767965654,0.029191933056691162,0.18341879054041368
212.10000000000002,0.24602625627109717,0.26726438792183493,0.23551495541656814,0.034675065349024134,0.19596866066711233
212.15,0.2646847225992503,0.2551345263470158,0.21255324463152855,0.0358084588564277,0.21924946397295692
212.20000000000002,0.265246455312882,0.266344791609104,0.20345153870138263,0.04367658472853825,0.24625677026085066
212.25,0.25524725794543845,0.26842995084248084,0.2004888186102571,0.05314969922492469,0.2670587951369388
212.3,0.2520629752713074,0.26874918205376,0.1980418727545507,0.057871810356204346,0.27224223356499583
212.35000000000002,0.2535307080099433,0.269854237407044,0.17584919949426592,0.07083149801601576,0.2706702974965852
212.4,0.27539973547647334,0.279579347814877,0.16239418457336224,0.08940080095178517,0.2725673713269534
212.45000000000002,0.2920088113016406,0.28089778060456644,0.15851189669559781,0.09032002248720933,0.28113558483540363
212.5,0.30038033619300814,0.2855087908175421,0.15249430937717265,0.08729024685249712,0.28408610301069054
212.55,0.31435371901451714,0.2887225633516154,0.12913913202911234,0.10029858971563539,0.2897859038663806
212.60000000000002,0.314781127522648,0.2959352859953072,0.1374289247073951,0.09893978643379102,0.29604212274304476
212.65,0.3103188038890588,0.30140608887164266,0.1529676510204431,0.1066714731855793,0.3002513186133974
212.70000000000002,0.30417596692932203,0.2993951091172742,0.14954889204426255,0.10699418116800166,0.3071341150051682
212.75,0.2893321566814077,0.30141796770020757,0.16187500965969975,0.10408974631433295,0.33070747825588376
212.8,0.26901997378716797,0.29822310811625785,0.1438882706759249,0.11229309589826489,0.34303104749829016
212.85000000000002,0.26134417944130045,0.30036068999735227,0.12891697341959119,0.11041319296382028,0.3331233471127266
212.9,0.25593487627751355,0.3065933647195639,0.1384462735842933,0.11660296823009045,0.35023945045265636
212.95000000000002,0.2593417190104297,0.3051513802271596,0.1529123438338159,0.12739141002597879,0.3544706391442216
213.0,0.23610641361291018,0.31035759282230807,0.16098138259358294,0.11956504038830822,0.3505389042043927
213.05,0.20389787923669744,0.30844501533000007,0.14625502766374754,0.11009639597531777,0.350194825695283
213.10000000000002,0.16077462215644217,0.29149560202201524,0.14136508623576946,0.10915477789266693,0.35631377683544785
213.15,0.11308882008969368,0.28888622380790663,0.15316236112115214,0.1045326910824225,0.3853283339363824
213.20000000000002,0.08150676397567996,0.293480825393254,0.14022636440404918,0.10234023820909044,0.3948543916898511
213.25,0.06741483366247489,0.29283606802974865,0.1328187247644241,0.10538274437773236,0.3902641465329852
213.3,0.05988599220390723,0.2828938349921509,0.1276951474780476,0.09884407060881929,0.40553511985446056
213.35000000000002,0.06279008003514465,0.2828155748575838,0.11513013735166003,0.09304915334107638,0.40123388799730053
213.4,0.061129675134205946,0.27427085943343615,0.12503034132696303,0.09717821180390036,0.4136588732420467
213.45000000000002,0.054699207239960516,0.2736842075394801,0.12407190987186098,0.0954034105009359,0.41801593059344666
213.5,0.045966288578110664,0.2522016234704648,0.120666998767451,0.09492479389302713,0.43361754982744183
213.55,0.03144051078042233,0.2588069223198485,0.12356606371568715,0.0698939907999524,0.45330239224373875
213.60000000000002,0.021103191683407012,0.27230357017167334,0.12183440406240252,0.08380314138702938,0.4640592402353842
213.65,0.028134866838307807,0.28692208021827564,0.13225565247860255,0.08903326513148122,0.48163696858734906
213.70000000000002,0.052997322103017656,0.2907170254871818,0.13391979458554545,0.1063344746816075,0.49204533773056897
213.75,0.07108281637087135,0.2862034766709232,0.14834018099108073,0.10294186191320422,0.5025379407122698
213.8,0.08286134753895162,0.27015059849851675,0.1603203965826215,0.11538282661881706,0.4769867545619787
213.85000000000002,0.10773450219446766,0.26368354459742105,0.16484902443628158,0.11041531714623448,0.4544424293650884
213.9,0.13392921912252168,0.2503410950224235,0.16648933073760133,0.10995784125263415,0.4457927325963427
213.95000000000002,0.15312494164559254,0.23530378489986647,0.17316638365492115,0.11969284431018616,0.45027142339577825
214.0,0.16520663711729552,0.21747255700087817,0.17156578934930855,0.12081613553038836,0.4691143276019504
214.05,0.1741725580320243,0.221321525748174,0.17626028580931477,0.13404128062128728,0.4946745507344354
214.10000000000002,0.1913980322982321,0.22253695610574836,0.1845589861031141,0.13691438151810856,0.4966497993063474
214.15,0.20799919485969837,0.22094758918406462,0.1918475497795191,0.14687321129544825,0.5074058999248447
214.20000000000002,0.2149117939847102,0.22141565438432315,0.1921967420428608,0.13956796639326713,0.5109949337866317
214.25,0.2100885110510474,0.2235467142547119,0.20948200394606778,0.12070669684057156,0.5117911601313578
214.3,0.20394872759124066,0.2028035111057149,0.22564575106447518,0.1390740101586376,0.49978560135322636
214.35000000000002,0.195471805512998,0.19125419439500607,0.22755722882153226,0.15384736100582397,0.49863777669524484
214.4,0.18758920649423827,0.18416977157380168,0.23343014649219002,0.16629002566230813,0.4844809906924631
214.45000000000002,0.1841678660529713,0.17141218688673596,0.22374402402601856,0.1689191722180818,0.4653199247513868
214.5,0.182252732317714,0.17651347734504388,0.21679997480223415,0.1619551603275595,0.45775950362099377
214.55,0.18292650418107645,0.19384202835977982,0.2096269316723091,0.16471115970887493,0.4597771002078885
214.60000000000002,0.19462220604941452,0.20007663017687613,0.2164468478454364,0.15355871371284982,0.4835973880193884
214.65,0.20825312808350344,0.1775035183411432,0.21344286020780381,0.1461051358030279,0.48067700761299215
214.70000000000002,0.21469443339989167,0.20476232703239605,0.21819767129699555,0.15003105268637928,0.48932039190335636
214.75,0.21827482700505496,0.19705643202652798,0.2218603759974713,0.15273578142821753,0.4866277112773507
214.8,0.2254833350071529,0.19750102877518338,0.228146826411268,0.1431424440095579,0.5000535066827232
214.85000000000002,0.2349628274420797,0.1887415665739947,0.2289348599336473,0.14274802334796577,0.5008610861258087
214.9,0.24490149872042882,0.17526298648478733,0.23526486723825143,0.1539721698951986,0.4882962382590465
214.95000000000002,0.2574950069449932,0.17510075629581448,0.24297980727349786,0.14830795121308804,0.4626102059460528
215.0,0.2683626256135003,0.17598442777109907,0.24278663096605893,0.14306911749532059,0.45695569433517846
215.05,0.2762262980872829,0.16442677743358103,0.25278530423131756,0.13760749103210573,0.45431802811710736
215.10000000000002,0.2861994012142271,0.13929902607027236,0.2636453137322101,0.12689142830905925,0.4574402700174849
215.15,0.2923899939108965,0.12532154347319793,0.26414416508062144,0.13227854909916886,0.45242635664869957
215.20000000000002,0.30366450380343823,0.11862540369420198,0.2736816875717203,0.12337686761973465,0.46622903687850553
215.25,0.31026721276882396,0.13535544972629748,0.28111927347441223,0.12725075043315456,0.4941244382880062
215.3,0.3181269103550301,0.11716741405802426,0.29300402844471335,0.10833959160253531,0.5360602604299209
215.35000000000002,0.3241025297509421,0.12793986816508032,0.3006619304977009,0.09877654207367925,0.5596839024682472
215.4,0.33158024928816,0.13666115365135817,0.3053705901415337,0.08514756255502533,0.574829166800663
215.45000000000002,0.33164733622708104,0.14534596730348573,0.305446331197721,0.08470348419445582,0.5856427314212872
215.5,0.3348186714878677,0.1443802336196627,0.3039964044080876,0.08175631944438029,0.6046804958841223
215.55,0.34407157600494276,0.1541134682901358,0.3143695363803366,0.10643115007827147,0.621589991483965
215.60000000000002,0.35289533679791935,0.1502410872314844,0.33091891820136915,0.13405224286244397,0.6142467446710425
215.65,0.3560186569266229,0.15525037219918408,0.33692723547887826,0.1564314114540892,0.610772019535032
215.70000000000002,0.3594601143139407,0.16277490828492144,0.35444937676736826,0.15726586588817024,0.631894870283865
215.75,0.35864964157168744,0.15825778174104096,0.36509265843850497,0.14963036769100924,0.5998850587515033
215.8,0.36311010234067226,0.15786328148181178,0.3623616564637457,0.1609439814993891,0.5748818431634701
215.85000000000002,0.3719300624589742,0.16040781238087604,0.35244195931902483,0.17585799325084664,0.5779073771239897
215.9,0.3800053889985362,0.16043202758226704,0.35218641536108236,0.17507438674634204,0.5766175041694179
215.95000000000002,0.38031315162371276,0.17310785747417387,0.3603808313167667,0.20219336655154738,0.5738621861739875
216.0,0.39326994632973256,0.17570722787404236,0.3564579599078697,0.22557472266906134,0.5710205795122367
216.05,0.3959355021421111,0.17596264917500576,0.33936572419106387,0.23828586516300027,0.5664060720809019
216.10000000000002,0.39604447258609127,0.18002093284059592,0.3448115515185904,0.2011125480193567,0.576703072883507
216.15,0.395034861125608,0.1811691890925416,0.3585078520716131,0.18483733942924488,0.5775355247848302
216.20000000000002,0.3868105884125042,0.18962822914670438,0.3699326435894552,0.16593524037032792,0.5746397687187996
216.25,0.3868258957831645,0.19271962410833235,0.3718050862994806,0.17490465496334018,0.551337636150871
216.3,0.3847450950522228,0.20219994681875314,0.3677368414268005,0.2023086657544418,0.5440411719098037
216.35000000000002,0.38834351560401775,0.20919928118171638,0.35961288465505387,0.2284291559493742,0.5458200895743457
216.4,0.3739082477105983,0.21802739537501967,0.353902127147483,0.2204384506606318,0.5474303944166004
216.45000000000002,0.3813584922456269,0.21426093110859085,0.3369046134446242,0.23844783665966907,0.5469087562511641
216.5,0.37952518522845785,0.23489898503950124,0.3268702971328585,0.25978088676494987,0.5458671582375066
216.55,0.384464664108007,0.24187667405896693,0.31490273688600445,0.2492232419163233,0.5432495329808603
216.60000000000002,0.3705432092893888,0.2378905588920529,0.2993962700847702,0.26819668083374026,0.536555925224644
216.65,0.3668135005268554,0.23787682443933328,0.28150616055308314,0.2740256025442086,0.5391126283635143
216.70000000000002,0.3739410581958512,0.2587054926804306,0.2735003468617283,0.2943353297422323,0.531599069686619
216.75,0.363943056910911,0.2616814762833359,0.2595732450856449,0.2904516513207535,0.5298056148373862
216.8,0.353032325733922,0.2627080344666832,0.2424723229819688,0.31075194624468055,0.5353958874646262
216.85000000000002,0.3596904875829506,0.2663981768714541,0.22571623679727087,0.30754270872700085,0.536577426861757
216.9,0.36109670905389774,0.2713095650527342,0.21572638377642311,0.30613159812474733,0.529144793019783
216.95000000000002,0.3641683722257995,0.2603791446374871,0.22360893425400638,0.28916817083487445,0.5391978037655006
217.0,0.37004243522144364,0.2486273375354366,0.23047178930970863,0.27630274826450624,0.5451772333675629
217.05,0.36494697908690454,0.23775823800453674,0.2391643456547255,0.2623463049074908,0.5642501915736263
217.10000000000002,0.3430447439884982,0.2466026862479292,0.26305391303147385,0.27503781199100785,0.565890915433156
217.15,0.3354421078990291,0.232915586635716,0.2995414342337156,0.2750554953751492,0.580238555583801
217.20000000000002,0.3344111343089792,0.24261157245669118,0.3125332408928931,0.27626250340417846,0.596558149445319
217.25,0.3261453261354058,0.246531316742258,0.3227445938990941,0.28678533578273874,0.6205022329119251
217.3,0.3061154724980519,0.26433721888620026,0.32140078942512135,0.2899528829567548,0.6318244886278835
217.35000000000002,0.29293041202101067,0.2546491571460358,0.292981578890148,0.2913646137085795,0.6256089947813719
217.4,0.2889513236290476,0.25548889650780837,0.2692038117120169,0.29587053629953136,0.6030171953761226
217.45000000000002,0.2848906805435918,0.2707021003911891,0.2398010306350542,0.29660033604518,0.5950097160558325
217.5,0.28555638896110874,0.27316695651850725,0.21903609585293388,0.3016487479975244,0.5699867590025819
217.55,0.29341135252654127,0.251572446996208,0.17131513749962687,0.28581504437158767,0.5625109677168311
217.60000000000002,0.2912213429450173,0.23304866204796973,0.14389563253913243,0.28835571369815466,0.5382965122024201
217.65,0.28066520354469005,0.21945966773971273,0.11955894336637046,0.2835344147641845,0.4889948919466538
217.70000000000002,0.26689195604871696,0.1980544111134504,0.1112434585575754,0.29424908458947246,0.47579889206092507
217.75,0.2654734293133759,0.18575882560059293,0.11159279554328251,0.2870809824318505,0.45536977474265133
217.8,0.26927722882072186,0.1713983036851375,0.10857385163779303,0.2913260889267986,0.43470164770664127
217.85000000000002,0.2610091781300663,0.16544618798393987,0.10229285815800761,0.2829124462765326,0.44480511651652727
217.9,0.24570400848829077,0.1610322721450468,0.09042592314750705,0.26685399111892594,0.43395918781695086
217.95000000000002,0.23240022032269508,0.16364254989052157,0.06881997823993943,0.27077695305365224,0.4253085869759119
218.0,0.2190485170974565,0.152993249233089,0.05376470810902629,0.24773262286777573,0.42009131965982777
218.05,0.21281252829870434,0.15765103110827763,0.03856975788120393,0.24972737363206057,0.4259507917591314
218.10000000000002,0.21094446404972278,0.14324085634175196,0.030227626543292196,0.2688719634377959,0.3891674945939425
218.15,0.20170728505230212,0.144794840967182,0.03959890119094796,0.28336579446759397,0.3501335830463014
218.20000000000002,0.19818420032938752,0.1476498975655599,0.04061494606445595,0.2989727133721957,0.33674081152492563
218.25,0.19834344306797128,0.14765647525558928,0.04815678650889336,0.3190654877194332,0.3100605450591183
218.3,0.19952432333053896,0.15856741124451795,0.056151292560046986,0.31062525929451623,0.30801753573154234
218.35000000000002,0.19632045989505684,0.1583682516087412,0.05681657169876765,0.2989477556089496,0.2798777462269893
218.4,0.19537203901093822,0.1400035032792655,0.07163637003454595,0.2804336055558901,0.24549453049385925
218.45000000000002,0.1931544586392544,0.135021696853944,0.09758639247295078,0.24811504290067776,0.23705021779465685
218.5,0.1849365692142814,0.11815370361966092,0.12277200717564464,0.22934753569026842,0.24135836402771405
218.55,0.18547853460401903,0.11940065440533075,0.12949043863178436,0.18423439707233735,0.2568517469124135
218.60000000000002,0.180688403708572,0.10672741769281488,0.13480734654531712,0.12296348377916849,0.26974479154569614
218.65,0.17840342724073635,0.09256723454099498,0.12168810144387068,0.10200879410274313,0.27173965114904053
218.70000000000002,0.17941680050794565,0.09551787297976437,0.10834620994917742,0.09167335204362698,0.25857155410108285
218.75,0.17928895378974546,0.08924617989839513,0.1122841955535354,0.08173772275838768,0.23053833206644597
218.8,0.1751782763680392,0.07333612459381923,0.12755919760319195,0.10011034606515108,0.22078663917952762
218.85000000000002,0.17146772798391738,0.067814323219072,0.14014915643895165,0.08973232536413651,0.20051839952847067
218.9,0.17266376943326808,0.05467921240400535,0.154092239659694,0.12361405930283081,0.17693265532500188
218.95000000000002,0.17122580895253312,0.05281274200108951,0.16681330380909373,0.12308829123971997,0.1616765643529896
219.0,0.1712631063589876,0.047934031803745336,0.1777527177780146,0.13801666929741194,0.13605323278523673
219.05,0.17802964794967888,0.03816176208953346,0.18270550518347842,0.13924698015237738,0.12077115375118261
219.10000000000002,0.17324282882939554,0.05160765644692803,0.1914301174231346,0.11898379610665141,0.11464954532259923
219.15,0.1615160167111866,0.04107723764950645,0.20108710002299052,0.09748317692337934,0.17304286008114947
219.20000000000002,0.15590793986872717,0.04195038461420495,0.20727499243031688,0.07763253383813146,0.1693088645486657
219.25,0.1537295710604247,0.028610660085069836,0.21789971300195388,0.044478585917803765,0.13358198631728413
219.3,0.15089201644982103,0.020853831691400974,0.22666507781891598,0.05018280177351691,0.12218600905199846
219.35000000000002,0.15464781599332475,0.018095869079165005,0.23397506043003244,0.06812511084969783,0.15529797176046412
219.4,0.1529384868975332,0.023321104806572825,0.2384852936447102,0.055792835237591584,0.18388094165621308
219.45000000000002,0.15324346732915348,0.0111695308889966,0.23617336670155686,0.07208794952180338,0.23868001088883
219.5,0.14815966698850858,0.014930263765741627,0.23627783762402715,0.04353185790583736,0.24761123314028208
219.55,0.14102386835766148,0.021021255967842628,0.23886085925605682,0.03610907165265876,0.253705321960824
219.60000000000002,0.13805283612421126,0.03307802058665255,0.24543931681689823,0.0519674007098297,0.2742518774301741
219.65,0.13493020865634,0.04073536017836955,0.2536595162021598,0.06429427832928275,0.25043054889661504
219.70000000000002,0.14043728065605082,0.07693897723876729,0.25768770035988076,0.08088929611478139,0.19621400170179318
219.75,0.14261727164458096,0.08234593990779204,0.2765267952705429,0.09806331155136036,0.14114999565303987
219.8,0.14466889616334597,0.0841550704537768,0.28345272957449613,0.09625776989346078,0.1430879051357993
219.85000000000002,0.1515091674807204,0.07930655539847722,0.2913098153183536,0.14030775044093158,0.1336591059734113
219.9,0.15527264595912707,0.09250267171128577,0.2848780848474763,0.15477782777118587,0.1433407183371431
219.95000000000002,0.15326021317181945,0.11132521009919487,0.2858293680451323,0.16984845532414325,0.1468480850415175
220.0,0.15969509481856506,0.1374760334309331,0.29217556538674383,0.1677701523602624,0.14815338828623897
220.05,0.1663653211342316,0.12642659328199,0.2945848715646985,0.20639574266677121,0.1816155575914368
220.10000000000002,0.17443007532081534,0.12474343687671376,0.2883417046905887,0.23933135950739223,0.15149198512143822
220.15,0.17922830477221272,0.1250047397957099,0.28432025418347245,0.2445890608407513,0.14042798537691445
220.20000000000002,0.18286020914668302,0.14284562685906413,0.2893872566531072,0.2524767409438831,0.1338056618101665
220.25,0.1937226186170955,0.14428054895144585,0.2848073402917884,0.243790212511457,0.15186530660956626
220.3,0.19469241563946738,0.1416342999625835,0.2747235928518682,0.2529993776158474,0.1400571047806494
220.35000000000002,0.20534501240352943,0.14485803608078093,0.27329463511156465,0.274774338220908,0.1381195447851095
220.4,0.2117113476424684,0.14455284446217467,0.26677236841484403,0.27308247395831203,0.16791612254287974
220.45000000000002,0.2267877658144182,0.14992762814407995,0.2525992767725108,0.2821064394693773,0.2217369622924806
220.5,0.2322893480304309,0.14785176084470356,0.2509765552997496,0.29685738085282304,0.2636311478904686
220.55,0.23312082938234124,0.145811787306104,0.24013927490279938,0.2856505214817286,0.3764445171129373
220.60000000000002,0.2420412554401828,0.13389874282286843,0.24176962667873023,0.29095704912087383,0.4495265013971647
220.65,0.24081023173914703,0.14024253843199072,0.24126231657025685,0.2869772157320223,0.5058741562887156
220.70000000000002,0.24134776440197966,0.12945215444132668,0.2512960043349802,0.2916124700133257,0.5616422781355112
220.75,0.2532575256947047,0.12055872026682164,0.25129721895765944,0.3076236625676093,0.5344795105527411
220.8,0.2628353351532409,0.1251604532054285,0.25588207066760027,0.3324307186254646,0.4514671352559657
220.85000000000002,0.26061399453658185,0.12029445693123952,0.24697332910377573,0.3789500312644751,0.4400637555401888
220.9,0.26793798341233044,0.13137063371781693,0.2347229141539624,0.41484837832800436,0.4783040938673311
220.95000000000002,0.27367180614746717,0.14660952549972342,0.2126427459560726,0.43671992898329,0.4504466101757402
221.0,0.26283112399644437,0.15046686312934582,0.19034073997126053,0.4253818305374721,0.3611405327010272
221.05,0.2701414906126706,0.14608009973708377,0.18040069386034435,0.42788080922341143,0.2876317329134044
221.10000000000002,0.2680287717728479,0.14372698316096286,0.19211642889622133,0.4435781884560751,0.2630108568606711
221.15,0.26912054240210487,0.14644857799938463,0.21475107507521382,0.439946264616619,0.24955393156725417
221.20000000000002,0.27712880953327607,0.13979146761872013,0.22826734735270207,0.4281740350923507,0.24448556028475715
221.25,0.266168120368982,0.14144716998002696,0.23047485349843214,0.4401717098495649,0.2294730820861918
221.3,0.2787403086559963,0.15320112084157775,0.23592247161814434,0.4278591914038837,0.22148391446034724
221.35000000000002,0.2733139027237068,0.13613781489382779,0.23869161259723523,0.42403677764444553,0.22088836725067598
221.4,0.2651041691528829,0.11419701189210334,0.24161572560788944,0.41887292272189053,0.24190358883722105
221.45000000000002,0.24993886932109288,0.09982654872756454,0.22897283780378053,0.4157807505309476,0.30831873305795554
221.5,0.24334395183324434,0.07570921932220895,0.22072749907476624,0.4221550559143112,0.348755500055687
221.55,0.24162819246858608,0.06480072890677883,0.22382974627983607,0.40984044912298256,0.40562314833785035
221.60000000000002,0.23169000910411955,0.07196043308937296,0.21265804103890915,0.4044265994308691,0.42381775174943975
221.65,0.22779225571544057,0.07361313001091031,0.21066811926001888,0.40979193654087764,0.4541081273755886
221.70000000000002,0.23023241722457397,0.06622172748144023,0.21933378488221364,0.4148370127368116,0.47492160444599385
221.75,0.21445049936119215,0.05727344314087934,0.21976792130169073,0.4025073215894257,0.48053898314909543
221.8,0.2187320942716693,0.059566870074784006,0.2273797880210214,0.39322450064674047,0.49106590277580275
221.85000000000002,0.23218558629118036,0.05824897715561084,0.23408537403121302,0.3888617115063155,0.5098382386130123
221.9,0.23304543592276103,0.08248951156054117,0.20972767791556485,0.40014362359687006,0.5106475133723809
221.95000000000002,0.2237380651938785,0.06813109223430062,0.18841933661153606,0.40895832629378137,0.5620989384293783
222.0,0.2320241983862215,0.06985250756284828,0.1661009772319045,0.41610080254572984,0.5580490908278543
222.05,0.2248778294074678,0.07481777174797702,0.18069034660171063,0.41627321142732365,0.4708902982219917
222.10000000000002,0.232249766692874,0.09753046784925745,0.1738405154158489,0.42319686056339806,0.46236983489977634
222.15,0.23824219370165686,0.08965797283714919,0.16367000700627016,0.44948183521016427,0.4439495951009339
222.20000000000002,0.24419052053282,0.11480836223171303,0.13748290854618309,0.4529933134140688,0.4672100263171105
222.25,0.2362412771596387,0.11832054378362913,0.105732725716147,0.47932029290367156,0.46864462654502914
222.3,0.2652328520987851,0.15212551995728063,0.07863097234940065,0.47884084826194906,0.4843579150977013
222.35000000000002,0.29676571607177377,0.17756633213738315,0.07363608112304587,0.5003485356196627,0.4821544109903185
222.4,0.31510008246849036,0.1950853082796604,0.06143011469479857,0.5080897092717765,0.48338760750515725
222.45000000000002,0.3120570669384822,0.20943357800153148,0.06172456171859315,0.5083277806933051,0.48980107175033905
222.5,0.3054776199417102,0.20229658617657265,0.08942662403793397,0.5144597676991394,0.5032588732914538
222.55,0.27830684477961537,0.18471354113712354,0.14417564422925305,0.5369571374435957,0.5265146648119179
222.60000000000002,0.27235031502050394,0.1991722656249399,0.15056949557237276,0.54977811618296,0.5455181913187119
222.65,0.25526944168866555,0.20583693491526475,0.141222161562553,0.5573515693291807,0.5621499221625968
222.70000000000002,0.2638027699770841,0.20453370212567815,0.12437091478579923,0.5443481152132209,0.5647200062738935
222.75,0.2587942453781632,0.1961491304474642,0.09925515715536934,0.5224616682883617,0.5740383489854888
222.8,0.22773171800035416,0.17384390819479598,0.06394013845931869,0.5142653418523285,0.5727124056424703
222.85000000000002,0.21361610387392765,0.14423158324353771,0.023423168831816055,0.48958325044100487,0.6288710664223021
222.9,0.2162870624065141,0.1012228134302983,0.034147236626762056,0.4217990080238937,0.6338042415907392
222.95000000000002,0.19590921337438397,0.0820179688372159,0.03517795756357698,0.3909785762378188,0.6761180685318182
223.0,0.17588759186294453,0.0774664881384088,0.029605975704557683,0.35459011892391695,0.6803339933977962
223.05,0.18300141091932343,0.05003084570948703,0.0256979676141571,0.3458404101124666,0.6559402584507817
223.10000000000002,0.19146774523433185,0.057420405826019635,0.04409604413293727,0.37209055378850425,0.6587909433759637
223.15,0.20636073845779468,0.07722734910504643,0.06453107653570027,0.4012875733835348,0.650121423021389
223.20000000000002,0.21088426624556578,0.09500607055193752,0.049114483166782644,0.42435821393193107,0.6462141543995279
223.25,0.21455986153540924,0.09976172432134266,0.05778019699702738,0.4252288399593365,0.6622508615919462
223.3,0.1975631138413241,0.10408539732955902,0.0654575731455008,0.4285064074514343,0.657518812230341
223.35000000000002,0.19284315665018598,0.11308252391065866,0.0687834447317722,0.40183231714391476,0.6634190067810731
223.4,0.19949343469583222,0.1042473761063047,0.07395988679006396,0.38295185214255095,0.6547540973674005
223.45000000000002,0.19878806224702836,0.08911978931665243,0.08681877597942327,0.35846725433083465,0.6540581630128971
223.5,0.19685948162025568,0.08404901331282116,0.1091702034262772,0.3670572397510809,0.6610941609294603
223.55,0.19541202532037533,0.09463762078654275,0.09904685957683404,0.33592865881541856,0.6633198196236183
223.60000000000002,0.18190325281174366,0.09703098879655364,0.10575576765632928,0.34485602942176274,0.6614501179274871
223.65,0.17630996722653267,0.10769702120528196,0.10699779284796822,0.35012336675417943,0.662678718570135
223.70000000000002,0.17504479401301526,0.11511455631680642,0.1112282438090015,0.3426974988545645,0.6653599318563557
223.75,0.16891745292653193,0.10748764319678666,0.12052155163129412,0.34729727603145444,0.6703842572393227
223.8,0.17000296036625312,0.10049172806276396,0.12519395402441824,0.37430829218547196,0.680055340718288
223.85000000000002,0.17348603105011626,0.1089202031096128,0.13596250854413933,0.3261585303797931,0.6768170108475021
223.9,0.17757899891434561,0.13835712774209613,0.1422971805959757,0.3268025671325928,0.6698911013343686
223.95000000000002,0.18057481742660517,0.1427896394147176,0.1492042940845726,0.3073098071760655,0.6637188970479627
224.0,0.1807609299633695,0.1603143640274134,0.1499743038580541,0.29701486419931417,0.6618419120422872
224.05,0.18555161616913438,0.14257044665681531,0.15070345957068992,0.27393657600886595,0.6535601983308224
224.10000000000002,0.1861720326637912,0.14108962998648375,0.16118265862729841,0.2973636459374157,0.6573673684415566
224.15,0.1916942906964686,0.14044035817013462,0.16997479910025529,0.28214894376425553,0.6620975594019252
224.20000000000002,0.19607505146117057,0.1399167436549966,0.17498546003662133,0.2520380739180743,0.6669003325928058
224.25,0.20472105673704638,0.11862153426388575,0.179887610794039,0.24000244086087835,0.6558724306688785
224.3,0.21139473417243626,0.11505460722542997,0.18115137131446776,0.21282924597303843,0.6382125096762565
224.35000000000002,0.21111037092188165,0.12110563763498089,0.17864856134338084,0.2259540541532427,0.6297366952363228
224.4,0.2076819325145855,0.14399403210464334,0.17715594132711043,0.22723018409347118,0.6394486337332467
224.45000000000002,0.20448428505766458,0.151289181562398,0.17961421356432475,0.22574411676686784,0.6478380148026014
224.5,0.20797314390956564,0.14592698506920956,0.18801435850674067,0.2163959107936175,0.6589754120996805
224.55,0.20884378224560415,0.14532043651028465,0.19840173917956386,0.22556638827678108,0.6514802937518973
224.60000000000002,0.2136121297092366,0.14629503217733178,0.20763123321848675,0.22072358673485634,0.611105686310683
224.65,0.22295666936674996,0.15411602926762244,0.21535037612028596,0.21267839213145506,0.6007150010692136
224.70000000000002,0.23182653889396526,0.14704554830054706,0.21538418210473945,0.20622226800607044,0.6099940231897775
224.75,0.23958927180401626,0.12578335357128828,0.21682444514973034,0.2095684783156381,0.6237594590885738
224.8,0.2524043877439018,0.10643391811261618,0.21859302114016615,0.21330145120060348,0.6181164580880256
224.85000000000002,0.26345048878822885,0.11163988538706256,0.21593400342272037,0.2262486188069428,0.6293764940167599
224.9,0.2764551541522377,0.12348263971467732,0.21935013744223603,0.2528734063347898,0.6433920920935828
224.95000000000002,0.2897602059113915,0.13611101572122195,0.2275372269636787,0.27264420015710766,0.6533875129813009
225.0,0.29253395009718536,0.15091488881594792,0.23398632310591436,0.2658736835365369,0.6683523520910805
225.05,0.3014039913933753,0.14427221760988448,0.24334812977456788,0.2819312524367566,0.6814683963511047
225.10000000000002,0.30483664354313883,0.15060262354632079,0.2435940536665233,0.31005350871676335,0.6756572493295104
225.15,0.3001473707446853,0.14759484095529374,0.24522423743911523,0.32895929376622024,0.6609699746282085
225.20000000000002,0.29691159506366355,0.15287773035392313,0.2541124831727928,0.3191611300387062,0.6795937789677532
225.25,0.3067358043284868,0.15477563116672904,0.26756125586391105,0.32533202760666174,0.6833980262240988
225.3,0.3111314538401185,0.1603256136627284,0.2748919470608984,0.30763490957657996,0.6969032197890488
225.35000000000002,0.3237385948565427,0.16457245887517793,0.2917138718649589,0.2762473936252748,0.6959959162204421
225.4,0.32319955807004697,0.17092737134479585,0.30363649678533183,0.2825008388355224,0.7065166191975583
225.45000000000002,0.3243989784150814,0.1804919726792781,0.3154664267285716,0.271158165838704,0.6955408975218111
225.5,0.3177354476070011,0.18023132625465965,0.31463072082777144,0.2632023414801046,0.6687764782228293
225.55,0.318270793726431,0.19681385014054048,0.3219168093060045,0.26642976142979813,0.656615913039824
225.60000000000002,0.31372738226589375,0.22904945337183383,0.3262039914383445,0.26296471394079013,0.6453520504913287
225.65,0.3150443808257391,0.23924478679590605,0.3309279888443885,0.2945407414470732,0.6429715622552972
225.70000000000002,0.31199134742619605,0.24317522167397795,0.325360965741178,0.31927332756412996,0.6375144316826356
225.75,0.29760148558334576,0.2559915343493991,0.3251443007576801,0.38593277287455957,0.6394455174073994
225.8,0.2728268449466102,0.2835194495905103,0.31749971789139164,0.40081965256963553,0.6428132873964238
225.85000000000002,0.24965574268827365,0.31564987636556185,0.30487958409183025,0.39293573388192005,0.6501834599062035
225.9,0.23301517448480194,0.31751382919133825,0.2976334298432286,0.3943800058015329,0.6608014385820975
225.95000000000002,0.22138380477499603,0.3222904728045696,0.29758753434847857,0.42614890867614297,0.6545239330106777
226.0,0.2138710938089912,0.3589044988457243,0.30715441215740963,0.42669338148709585,0.6479061043793666
226.05,0.20819193067814273,0.3671435583365196,0.2995598956905059,0.42302149119867866,0.6475601468077544
226.10000000000002,0.19723650348857893,0.357655239958936,0.2949852539058473,0.40827582424246384,0.6479117628641329
226.15,0.1899169806157456,0.3571016954701569,0.27652316639551255,0.43510439328946676,0.6553655835113782
226.20000000000002,0.18737433416557564,0.35661682419095714,0.2605995037564068,0.4016494064064661,0.6649622013717755
226.25,0.18062238352621277,0.3532956217229133,0.23833006873631213,0.42908000831706794,0.6618578017673099
226.3,0.17866795109057643,0.36130824476428947,0.22076507399358067,0.44266911331803777,0.6535356642250857
226.35000000000002,0.18124493048411233,0.3732604667155717,0.20000439632996364,0.43896697362920417,0.6466303729133367
226.4,0.17183927968544452,0.36868255769718383,0.16706491183046612,0.43324289039129515,0.6522773638639388
226.45000000000002,0.17198790749972145,0.3622113924359051,0.14616448963483808,0.41598313681610327,0.6509682526502027
226.5,0.16540101033262872,0.3623147766714699,0.14805118283919758,0.4240330062995119,0.6440040737443088
226.55,0.1610406875924924,0.35470986144151323,0.14294048359941092,0.41564771312574095,0.6508924185056593
226.60000000000002,0.1574732863033206,0.35308054034482045,0.118866340030106,0.41772516946865934,0.659751812540923
226.65,0.1545043108013396,0.35020250519324037,0.11542059281467318,0.43265816606404706,0.6543476276447393
226.70000000000002,0.14940196177302403,0.3469514101819301,0.09021842445707313,0.4336205014575927,0.6673719830531105
226.75,0.14376920940642698,0.35181776429679684,0.08685729383919331,0.4507230865602425,0.6667106712107825
226.8,0.14555686362905157,0.3510971179660747,0.0701193021426635,0.4362073077959075,0.680562487624479
226.85000000000002,0.14405464789293695,0.35770645766763254,0.05624486226460117,0.45727844061455913,0.6809667692313017
226.9,0.13971932806495177,0.3581949240317715,0.05972825913185971,0.475223609361464,0.6738245994678188
226.95000000000002,0.13463743267582323,0.37077880595899415,0.0694184369178026,0.47462757912398074,0.6637341165060586
227.0,0.12828539757034166,0.3752743370994335,0.08089724259966187,0.4802466584347605,0.6587058662587949
227.05,0.1309777475169775,0.3797847205121134,0.10295244102105704,0.5009897121689516,0.662689686622178
227.10000000000002,0.12361613692659766,0.3784722492189271,0.10260302451543227,0.5103057738804772,0.6616483978965576
227.15,0.12595308726553373,0.3713648598452984,0.10786438036771585,0.5128495525253665,0.6788280917377066
227.20000000000002,0.1181308125374594,0.372709482512767,0.13845093093046254,0.5168153999836428,0.6610116958597145
227.25,0.1153349413729073,0.38497447206684876,0.15097294400246636,0.5257542377462125,0.6477595384362131
227.3,0.10444452314162801,0.3848999636476158,0.1688941917482577,0.522227731582845,0.6359674806087907
227.35000000000002,0.09962567888337168,0.3754881058342687,0.1623892934165756,0.5363008345867825,0.6179964143547224
227.4,0.09854127685295519,0.36999700964812915,0.16275468145298824,0.5286750052696184,0.62906482334625
227.45000000000002,0.10811664647292325,0.36580708680554563,0.15184286450366385,0.5392800603997974,0.620363595144626
227.5,0.1112721219386666,0.3712036402383075,0.12893343617708325,0.548250701230407,0.631283003131341
227.55,0.09964886732419963,0.3729723879279998,0.1219615978998841,0.5700663567276937,0.5997633291631664
227.60000000000002,0.11084400504446006,0.38023070720224306,0.11836469043059304,0.5674796539473503,0.5965111554221719
227.65,0.10494218522897,0.38279807427532453,0.1339976100316281,0.5713941165733275,0.5682918612429284
227.70000000000002,0.08098014075935421,0.3788629043684905,0.11809118184382174,0.5680395016306143,0.5543234558908554
227.75,0.0630713677901436,0.38696534810014993,0.09787209046670417,0.5496764388546493,0.543503508041573
227.8,0.05737029420520585,0.3659983730265777,0.07370035082914672,0.5546210129929142,0.5414548170547443
227.85000000000002,0.06008262757728328,0.3868738694330207,0.0789179613748057,0.5474319166620012,0.5210059904203058
227.9,0.058953266452024276,0.3992106813965955,0.08392351415064188,0.5404314018305815,0.49555608186686223
227.95000000000002,0.06966536770566736,0.4060338747271044,0.09641520722333892,0.5329267677240218,0.46059243286002277
228.0,0.07300743803986466,0.4261425789372272,0.1058220433673206,0.5341533264270903,0.4521746680716083
228.05,0.07272569447491589,0.41821233863195545,0.11643922569948713,0.5388540222264325,0.46771445273255685
228.10000000000002,0.09083077463603255,0.41337930882151896,0.12551526239425345,0.5409288292476048,0.4378068611404357
228.15,0.11023183678352484,0.3662621329288674,0.12909299604571856,0.5227720547284084,0.4261152635211182
228.20000000000002,0.11422899565041739,0.33558504261495664,0.1367802862745439,0.5078695564227074,0.4262187060826501
228.25,0.12242250143000723,0.3258622883252009,0.14297255239101272,0.4896536791279948,0.40706609465020016
228.3,0.1403197144602834,0.31620198184819376,0.15468821068007635,0.4804129975988736,0.4199922785354866
228.35000000000002,0.14607193173867572,0.2751285587273797,0.1579454798147684,0.44845996535338245,0.4355790642505259
228.4,0.148893572584582,0.2727042249664972,0.16840686433893748,0.4360173078917417,0.4607416940964933
228.45000000000002,0.142958873588344,0.22058242274646986,0.1755934766400482,0.4195730462418034,0.4766503903060898
228.5,0.14726539047484466,0.20282750517207618,0.18186071630247516,0.4007830161640594,0.4870338435351138
228.55,0.1530209948190037,0.21812992930362193,0.18629296429370998,0.41369649259424945,0.4953059515237153
228.60000000000002,0.14986119696554392,0.22179741891618288,0.18077709702835007,0.40994856453958906,0.4987925822067474
228.65,0.14274156837481236,0.23130122224914565,0.18540296030349793,0.415741156329875,0.50573094826159
228.70000000000002,0.14199338054224986,0.2096148568710441,0.1878579978886316,0.4244004403050922,0.5080285531436914
228.75,0.139219126655786,0.20420671216666259,0.18004784976184116,0.42133363105289917,0.5004061328222441
228.8,0.1322831692552281,0.20602212846741777,0.17546527535689357,0.42561736739488704,0.5019013774551865
228.85000000000002,0.12358933123433105,0.207806293983807,0.17264562135147746,0.4324205241957177,0.4890258884158731
228.9,0.11661446068460038,0.19267715764530732,0.17778589909552978,0.43555662329316747,0.48453230564924504
228.95000000000002,0.12003401457649417,0.2133282421748227,0.1896793878535229,0.44511318529990984,0.4862479961954073
229.0,0.12220419984877058,0.2003790171157291,0.1914860164038789,0.44261742276111316,0.5068259784505298
229.05,0.1340938769898897,0.22502892817908657,0.19491983574791366,0.44347008298126656,0.505688916806627
229.10000000000002,0.14217341732474673,0.23085274151663643,0.1958304555636815,0.4979160433332918,0.5125805922792207
229.15,0.15682609673007908,0.25499333077496056,0.192265983748527,0.49382472531514554,0.5128355511122876
229.20000000000002,0.15764825066398247,0.2280161044856417,0.18818009684404477,0.50898215508901,0.5164060422014958
229.25,0.1657046717221323,0.19309977777071877,0.1885818603014694,0.484089425997751,0.5062056721794603
229.3,0.17860650579854867,0.177263971799116,0.18677735968700465,0.47969399731190393,0.5069226972283847
229.35000000000002,0.17633005295212445,0.1665083559367988,0.17941068027641277,0.44938685884491597,0.48782192251284007
229.4,0.18603747573905347,0.1897594359968116,0.17665953640431492,0.4409939756151037,0.48041528440865333
229.45000000000002,0.19717262526739515,0.21286808186947903,0.1820489992013626,0.4319186604239041,0.47287193085594714
229.5,0.2026919659955246,0.20942755168572097,0.1873918503713925,0.45812586994844834,0.4677709401815341
229.55,0.20779136085751443,0.204336661481816,0.18769401887972847,0.49081952168075044,0.46264674883066087
229.60000000000002,0.22192294704035284,0.20596238342327486,0.1857822216892906,0.4404399213806345,0.4626261484967399
229.65,0.2281265748884921,0.19099210758201463,0.17868144660144464,0.4082633743757321,0.46166439325949626
229.70000000000002,0.23727727732193868,0.19028453305131277,0.16516920145098232,0.36546212633396197,0.4783233440062702
229.75,0.23583831428640703,0.1977421775491475,0.1547484408585162,0.334234867450434,0.47397100518338003
229.8,0.24435986039074142,0.190868280757136,0.15866257228029657,0.2907609879992445,0.46783430475851984
229.85000000000002,0.25016253707686636,0.1996101943500794,0.16363076546357766,0.2748596216330545,0.4659788018560095
229.9,0.2592624433733892,0.2050275234690895,0.16515225003504508,0.25007676760206393,0.46021243218203595
229.95000000000002,0.2679236553699393,0.21154128062509137,0.15961891103486153,0.2752846740921549,0.45470953256201174
230.0,0.2745499218770718,0.21683070523755443,0.14864093559595606,0.316584653518814,0.4660588700500277
230.05,0.2693846359544821,0.1873592904182903,0.13958310508932367,0.30452197324652086,0.45758237799124846
230.10000000000002,0.26315888853750313,0.1924073176789575,0.12698753623121434,0.3110902971467278,0.4463009542556427
230.15,0.2693159794846061,0.20633255940106696,0.12412430914495243,0.3063893383549253,0.45069576957675384
230.20000000000002,0.2777810865043026,0.21000818787901365,0.1303958228484585,0.2962178119505374,0.44602278324932837
230.25,0.2762691866005721,0.2302864032966404,0.1384737230116112,0.30174647243621605,0.4499079925667633
230.3,0.27901570968173817,0.19956628636063764,0.1496079811306177,0.2844937153478869,0.4571033316254781
230.35000000000002,0.28384255800794317,0.17768238481040613,0.15496149941903684,0.2754295131790401,0.4413006173535048
230.4,0.2842584856272472,0.15758353217620202,0.16248303349138976,0.2715078071465597,0.4399003924518782
230.45000000000002,0.2953234893807716,0.17766196283941163,0.16283382608002406,0.28956038036968273,0.43880724307244157
230.5,0.3040230606934622,0.16214574428907658,0.17324382759383625,0.3072593059036044,0.4390107289620482
230.55,0.31706999347497744,0.16144476661673157,0.16453355361176983,0.3391411119764808,0.43716717890868717
230.60000000000002,0.3283304762755203,0.13014769575821195,0.16680650317481246,0.3607222921983473,0.45525922480996284
230.65,0.34206127353353843,0.07997613165504182,0.16490064578694785,0.37791692794435544,0.46760534301511514
230.70000000000002,0.34512024857213996,0.07425018686444007,0.18026382664923898,0.39416201771992004,0.48851513014500103
230.75,0.33197167944667927,0.061180417230216264,0.1845113845603886,0.3857566358509913,0.48986330788720617
230.8,0.3156130253116656,0.06059867232299623,0.18470246402717425,0.3812299029352814,0.4926052875688492
230.85000000000002,0.3000232307878867,0.06960276491407356,0.20486129098595415,0.3777780884535494,0.4916200329188076
230.9,0.2912610427964363,0.059173376567550624,0.20851046819303903,0.39754184350148486,0.48833035433926103
230.95000000000002,0.284586322097623,0.03246941207538101,0.2127313553583212,0.41095941833089067,0.4877949320329342
231.0,0.2784020989498385,0.05154019473165731,0.1975915528845222,0.41558415183334396,0.48247137757367053
231.05,0.26981447031318273,0.058617103498930644,0.1871125001921201,0.41045043326525726,0.4960743990688952
231.10000000000002,0.2622094972041867,0.0762334592490954,0.18850528748410897,0.4223085486428648,0.5064453228748325
231.15,0.2384319486288686,0.11069516918084757,0.1658246561286655,0.4308341489933249,0.5236426959154706
231.20000000000002,0.2188235053811448,0.12817674130392948,0.1606909056193804,0.43306479772181194,0.5393428443945826
231.25,0.20248574600471203,0.14869433041231694,0.16866787880722708,0.4282158119218052,0.5517016148716253
231.3,0.1939868432925432,0.18086032949942976,0.18094731024717808,0.42360305321806446,0.5686647386557335
231.35000000000002,0.1795142890669015,0.13244695145589383,0.1863398784506171,0.43026730983731665,0.5632498252634854
231.4,0.17070798536962173,0.08841418715501713,0.19540645681040775,0.422313076616907,0.5699805283735098
231.45000000000002,0.17124697145156456,0.0623744234654343,0.19040837253784562,0.43879612111108685,0.5540330677359268
231.5,0.17920083476967508,0.06041943784714144,0.19288116213158202,0.4357853509392259,0.5581964241094652
231.55,0.18634574357204828,0.09587928189085418,0.18487368207939145,0.41894270630396213,0.5496504142267046
231.60000000000002,0.17872420934310534,0.08988183901498943,0.18956293473857908,0.4268198540524421,0.5661363373614503
231.65,0.17467070890545364,0.11565537680674634,0.19119462760698783,0.41149105812734266,0.5757216289782379
231.70000000000002,0.17997102743445506,0.10279945682129589,0.1908990106440238,0.39147459283618313,0.5942958311650277
231.75,0.17577521447049632,0.09996425652756162,0.20668826682880478,0.36410706029678763,0.6103576489553425
231.8,0.1575377274948437,0.10757953725874415,0.2067083851453238,0.3940642805730424,0.608848950552066
231.85000000000002,0.14925622032995844,0.10917372757007768,0.22332964870462152,0.38777271028379184,0.6190431340398193
231.9,0.15049645609852022,0.1021274836623047,0.2386290580615128,0.3842957034749198,0.6203243243020057
231.95000000000002,0.15718119356448043,0.11214148786836416,0.23631958616047072,0.36845160524994075,0.6147518046430871
232.0,0.16350406705074189,0.10903368433423405,0.244943125999932,0.34066736933049613,0.6204797575338855
232.05,0.1782749363530371,0.08457889782515662,0.23937025753636565,0.3095388688270727,0.6137258731816645
232.10000000000002,0.18548013896591622,0.07595417541296931,0.26247543949304314,0.3049428580201602,0.6083674970476904
232.15,0.20373027164964647,0.08481821233890781,0.26576572669169846,0.2702834223177916,0.5845340524874616
232.20000000000002,0.20714345896252256,0.08421862919597473,0.2684667836249806,0.24092270621829337,0.5875613035147148
232.25,0.19584772957112923,0.09099934037483388,0.27453804674783994,0.2228878865949937,0.5885445802252073
232.3,0.1743988048610813,0.09012723172008626,0.2741763325137506,0.2177033472790849,0.5863572132535837
232.35000000000002,0.16012420165703992,0.09478841298544594,0.2706494035149993,0.16889322602845505,0.5799527199492855
232.4,0.1702254922658693,0.15090532498260006,0.2702507290953606,0.15559792584975124,0.5746120922858876
232.45000000000002,0.17918656979028605,0.2054821430477961,0.2652092441811309,0.16237134015225932,0.5881844508664724
232.5,0.1780841409464932,0.22544435240158336,0.2695412427360842,0.16793320271891313,0.5979366766759883
232.55,0.16655471164536642,0.20460795463436557,0.27217244039804434,0.16190985906461366,0.603512559520307
232.60000000000002,0.14219254293552777,0.2226010168795921,0.2763377586962095,0.17405065531757324,0.5990316959040068
232.65,0.11393546639122756,0.21786239110023117,0.2837502901936382,0.16073808712198082,0.5965439840019275
232.70000000000002,0.09417674789718193,0.22410109983152884,0.2849969176225186,0.15844558220435168,0.6144832965926108
232.75,0.08490411417153926,0.22780019548644156,0.2942922794744147,0.17213678507334637,0.6190070329845997
232.8,0.07932387808155192,0.21627517957402415,0.29529549432059105,0.18084342728181743,0.6188959187885715
232.85000000000002,0.0779926883250607,0.20663747192642856,0.3196637143015402,0.16866360575862518,0.632022049920628
232.9,0.07946299927801752,0.19930012858916324,0.3245835641671897,0.1851729369323303,0.6266380732604778
232.95000000000002,0.07704235342326372,0.19084572922353604,0.3152590561051354,0.17047829844717502,0.625832275383786
233.0,0.08562397886889858,0.1893682191841291,0.3230632233089656,0.17775940366431356,0.6199590492910262
233.05,0.10307755480155799,0.21068474440897592,0.316280763458705,0.19978474607612073,0.6201325217665836
233.10000000000002,0.11983495561191254,0.2340085697616673,0.32729906268049885,0.18253064204610497,0.6231130671711054
233.15,0.137201239995138,0.235320253990332,0.32884675423124987,0.20049635097614552,0.6145859897350342
233.20000000000002,0.15258884324182867,0.2461611897838787,0.3322444790926864,0.19701908996680303,0.6041160831994168
233.25,0.15878386681711792,0.2457807834001646,0.3348407625791902,0.2350805592912233,0.5842942110739683
233.3,0.16302575096376665,0.24303833488081827,0.3343162333995019,0.24965804442939657,0.5551565306470014
233.35000000000002,0.170083558371467,0.23821177133593704,0.3338404309487755,0.2645475220105986,0.5742326426883744
233.4,0.18426916834953164,0.24717315074623072,0.340685282772368,0.26433189838817844,0.5883978070978473
233.45000000000002,0.20964357994415897,0.23712216907428252,0.3545043748399583,0.2544985251673966,0.5664573992073573
233.5,0.23433965362271983,0.23252657933459675,0.35500782062930036,0.29265801714858447,0.5439181464599255
233.55,0.249032053275462,0.22383965256697178,0.36389537152486584,0.2936109998644162,0.515382674756097
233.60000000000002,0.25101661704455375,0.23075049904162517,0.36164897697203285,0.29435989954947844,0.5169390982945192
233.65,0.25278388011297015,0.23175503474673234,0.356313779132523,0.2523632874427879,0.49285761828597346
233.70000000000002,0.24882285960553352,0.2340247490972487,0.3466237876133224,0.1751967897236574,0.46664546983984356
233.75,0.2518614368221561,0.23665285155537705,0.3644324167958684,0.17172703312828466,0.4498675199795964
233.8,0.2577770659308234,0.2437356824931548,0.3641528041521075,0.20327410878009455,0.4238523685194459
233.85000000000002,0.2581267410465722,0.2414583281925326,0.3608272602420107,0.22186735675599115,0.4060186074606802
233.9,0.26097467000220076,0.24869744939087854,0.35958229997796826,0.2151723736769374,0.4143186511376143
233.95000000000002,0.27002592648062224,0.2357584232946462,0.3580934072941732,0.22596903842391694,0.4153302017516225
234.0,0.27900302269184607,0.24646965429958048,0.35008847309424923,0.2640329197974745,0.4104995953617371
234.05,0.28463580008395845,0.2403151429426027,0.34770799856478274,0.2669012358766296,0.4181993603398836
234.10000000000002,0.2919958450491004,0.2499227376441587,0.34236239477879693,0.2418645764004288,0.3892747987280405
234.15,0.3076215167462544,0.24519505233795358,0.34781273199346874,0.23443882755068313,0.4067235993819653
234.20000000000002,0.32042333779230736,0.2462904768643273,0.34487100233692763,0.24688116120850012,0.40218239686836366
234.25,0.3373004869618783,0.2570352969459871,0.3565899229708473,0.2280404435332966,0.39560836868567395
234.3,0.3491774653100933,0.26107364441695724,0.3630586022929107,0.23086034389139262,0.39914190579349457
234.35000000000002,0.3568152347279912,0.2653449011894686,0.34823533062767004,0.250902110877915,0.3886982882915172
234.4,0.36416618247532145,0.272482403543689,0.3359903853067082,0.24137271434470686,0.3789589191324451
234.45000000000002,0.37557509372984466,0.2702051425363623,0.3341872290455054,0.23229960810574893,0.374769844384084
234.5,0.39289915316418855,0.2600758961333131,0.3281380167522941,0.23172079990277825,0.375613365416445
234.55,0.406128026207982,0.2522710957820965,0.3199858207852084,0.20721661660788737,0.3724664320545649
234.60000000000002,0.4138685458315201,0.24774877754292113,0.31390925902459627,0.21523644513685047,0.38288508634743135
234.65,0.42078768236593944,0.24927773498521807,0.31202995631877095,0.20594873477255984,0.37919911301102455
234.70000000000002,0.42865861209655776,0.23156862127323677,0.32392081948792356,0.1815218853169989,0.3887616097120761
234.75,0.4317106289290267,0.22320261679674366,0.3325970879780444,0.18910912998633225,0.4097000674464451
234.8,0.4377940001193867,0.23530752443244152,0.3347763175774549,0.16874959490933192,0.41986706037274574
234.85000000000002,0.4322256572044493,0.23997845096955497,0.3363266674412862,0.15307136492855805,0.39942251876188956
234.9,0.4440756977086629,0.2524949445932378,0.33773629560402146,0.14865807214200827,0.3901898202321025
234.95000000000002,0.44678652683887293,0.25399781645363406,0.3403830359113284,0.145781559555598,0.39783940221288866
235.0,0.45505030401687163,0.26569255357614235,0.3453078849069001,0.1445675019495679,0.3973579125834729
235.05,0.44768977721305814,0.26817218978996643,0.34444131104554815,0.12952985591276917,0.4162173478518276
235.10000000000002,0.44493705592175764,0.2732452335103193,0.33043369909579123,0.11980607542934078,0.4230254667301107
235.15,0.4444137432749265,0.2961344894249167,0.3395850400843559,0.11267950473330109,0.4261764322048812
235.20000000000002,0.4426129809643958,0.2995306555975958,0.35418590664217503,0.11491573228734808,0.437247853521615
235.25,0.43875019417643213,0.30556266677897426,0.35562575147564507,0.12179742262877453,0.4423391662819042
235.3,0.43516142959802084,0.3072125150034119,0.3414579455237684,0.10735098956363238,0.44122438873349734
235.35000000000002,0.42958375776927243,0.3160274742014995,0.31907412689806197,0.11381879367318867,0.43447287884735397
235.4,0.4261778166350409,0.3232259843216639,0.2762494035133775,0.13287386167783188,0.418063415594558
235.45000000000002,0.4204050157877976,0.32901353544818424,0.2546225019168926,0.15696935262112513,0.4033902710819343
235.5,0.41833160636322286,0.3503159425281549,0.23158240752334633,0.17404766957000442,0.3897976379628595
235.55,0.4088591490091218,0.33031594136620873,0.2131430206540268,0.1765504339856427,0.3858250872750034
235.60000000000002,0.4144341109837297,0.3191587019056304,0.17896620834706378,0.1852857750564718,0.37514434470602437
235.65,0.40150602872783836,0.331286820615391,0.14757799571008573,0.19411965297243478,0.35787237805161826
235.70000000000002,0.3944042982380691,0.30066531467553825,0.14102415138095262,0.20860012188932736,0.3695768314369818
235.75,0.3914393975706615,0.25548320791610196,0.13582586847368447,0.20302010270426488,0.3670816234500959
235.8,0.3729564567666381,0.2683363885336589,0.130140875346757,0.1898929001438176,0.3702397595649132
235.85000000000002,0.3696781962673102,0.26070586943329344,0.13800862102829178,0.18984427867937528,0.377877905667414
235.9,0.36362309657973235,0.2397381653130334,0.157641632166708,0.17822757776070733,0.3934339857689264
235.95000000000002,0.360828882740324,0.2316979138651685,0.17374834006338788,0.1692579296851292,0.41561982702311256
236.0,0.3380452816536217,0.21625428893739027,0.18182271099220934,0.18048749140703205,0.44706881949879457
236.05,0.3316824814587591,0.20181796842899466,0.1921269754227425,0.18013615605677588,0.4790804420798246
236.10000000000002,0.3481169708025655,0.1936506287106727,0.1825004890216326,0.1824907084177912,0.4959277912891158
236.15,0.3362205395363538,0.1742973755043296,0.17843216263853484,0.20665376335451738,0.5016172314783319
236.20000000000002,0.3339880408381081,0.16446739329666227,0.17969653782328812,0.2496516036664672,0.5133112716787388
236.25,0.3348980334104456,0.14999269731870749,0.1730805273871936,0.23659825504250687,0.5075036612330369
236.3,0.3151238141029871,0.14731871392852547,0.15538919813285026,0.2385124338053976,0.4865264735558656
236.35000000000002,0.3106084030373984,0.1535442224345889,0.13474461880578883,0.2033339496834763,0.47806629055867256
236.4,0.3010600801333763,0.16138737276249418,0.11751127541356116,0.20194823265929487,0.45969931168349637
236.45000000000002,0.2797078525479209,0.17682645326316054,0.12154927845609209,0.2300529495105193,0.4549050220081225
236.5,0.2664279653259852,0.19112918409443835,0.15493767513138434,0.19771861590809117,0.44609226759297677
236.55,0.2485604797368562,0.20958694757073085,0.19227802072189756,0.19398006207981905,0.4615149374567247
236.60000000000002,0.23118559239382686,0.24080430288431168,0.2035371134777311,0.18279664265693552,0.4975991744737729
236.65,0.21534423704625297,0.2500134672978494,0.202184373326608,0.17141851324285168,0.5133911457311918
236.70000000000002,0.2159681095329741,0.2603443483909906,0.19388332574486616,0.15223223318793025,0.5225637600579797
236.75,0.21437082273074834,0.2668203152821002,0.17773682377800867,0.13810807519217727,0.5336761190794258
236.8,0.20082237278890222,0.2609858945352753,0.15449426361554783,0.09138050845134839,0.5364413585804295
236.85000000000002,0.18943146185983523,0.2584293797122879,0.13388784917187305,0.12870631858086462,0.5359491033907945
236.9,0.17768704282944625,0.24845998256863633,0.10941790881462755,0.15842437532766743,0.5406241327092627
236.95000000000002,0.17396671192835983,0.24589671989674905,0.08789215597134328,0.21249126300887392,0.5169946905365618
237.0,0.16569295368770126,0.2354089829286205,0.07526112927562868,0.17806447468477124,0.49571573669015145
237.05,0.16934007917317925,0.24197595987664222,0.06848958443640588,0.1728088049285821,0.4837126934881954
237.10000000000002,0.15973887031777337,0.24536914924291328,0.06824762104968751,0.18654672679577813,0.4884954124170486
237.15,0.16155164353611,0.2575855507560633,0.059418015297486484,0.19060736233897582,0.4857874399296894
237.20000000000002,0.15594622605686928,0.2627682038756019,0.05616131864231663,0.19607829409953426,0.47642383684917267
237.25,0.14736884456720087,0.264437512483946,0.07842729715673052,0.1754969254807888,0.47903189038068267
237.3,0.1455531735978711,0.26769755191754985,0.10819310228331074,0.14815572746593658,0.48945928004315364
237.35000000000002,0.1429374074137106,0.26430560788397356,0.12111195160100294,0.10512029316725469,0.5321212585912221
237.4,0.14143068166702533,0.27133994692383945,0.11640861265630617,0.06276419312895933,0.5624468750616928
237.45000000000002,0.1385228490140726,0.2776960236634054,0.0908527481823446,0.06362928919447847,0.5741561521878722
237.5,0.13540796703409497,0.2823295218818426,0.060063556276664175,0.09326183212818304,0.5696501196070995
237.55,0.13219447216450067,0.28292775520970853,0.031995799013005095,0.10917458482257354,0.5575969515021624
237.60000000000002,0.11944894717997792,0.27145224886529773,0.014360435380336026,0.13463230409733062,0.5501085256836293
237.65,0.11360150699567943,0.2667605392817097,0.014551249690860487,0.13850394129057006,0.5348013028145351
237.70000000000002,0.11836872117511203,0.2539504603095876,0.014986385238732858,0.15248884084558317,0.5254972338770272
237.75,0.11543430908889782,0.2572152717044415,0.016968440154664165,0.1485229454013517,0.5022418914774384
237.8,0.11223792433974948,0.24489320619813107,0.01854223918210153,0.11708128533342708,0.5033131039605039
237.85000000000002,0.11783816401551145,0.23331702435917118,0.03311549978935385,0.1238115678121747,0.516652540369539
237.9,0.11201287822223885,0.2282135869487728,0.04961494544342433,0.13182081049298539,0.5091020966209904
237.95000000000002,0.10334010689812159,0.230558826082779,0.06160254406132977,0.13598642711000922,0.5054510968536466
238.0,0.09246884535182161,0.22605511661349656,0.06874284223216161,0.13157904986953473,0.4937018824217794
238.05,0.09037327178196172,0.21426592555301885,0.06731614745645542,0.12457998194404554,0.48475650813395305
238.10000000000002,0.09005454500954832,0.1931615927576582,0.06871911275584668,0.12388153371195645,0.49327440567053993
238.15,0.09313224826494869,0.19263259919099393,0.0725216812635715,0.11279178719588025,0.5155111307586917
238.20000000000002,0.08543667729147998,0.20880137438550153,0.0771611622947004,0.11310254266421019,0.5279580253950851
238.25,0.08335121968913213,0.22443500160543056,0.08412369901889355,0.105608181344559,0.550011219684113
238.3,0.08323278313393577,0.22359466216898394,0.09020393480153019,0.1052835288964393,0.5684485714490498
238.35000000000002,0.07859645801805779,0.23151535163127204,0.0911345170977254,0.08828767860135504,0.5946606013899421
238.4,0.07544217761511114,0.2386204169341236,0.0917497431569729,0.0908373271312204,0.6195988477596364
238.45000000000002,0.07350133249864346,0.22066972337547733,0.10342651827535021,0.08046904613587635,0.6298923307928186
238.5,0.07003342615544546,0.1948549808274494,0.10778169971519021,0.08528124489171508,0.6171794844683353
238.55,0.07857277744348289,0.19587586173715782,0.1154484995525831,0.09302926909770186,0.637685665567712
238.60000000000002,0.08374069218466616,0.18195482150728026,0.11927618611910477,0.08407859761138646,0.6299884144727534
238.65,0.07958529721539065,0.1821317072443629,0.12658860560372526,0.11673547308858352,0.5801972437948426
238.70000000000002,0.08321485133510684,0.17736601846330918,0.1265612502799625,0.13030757528359832,0.5763672276485102
238.75,0.09440441661522064,0.1654050512427936,0.13819015475311708,0.1525152335987448,0.5621371778028668
238.8,0.10454785952909768,0.15994738010809983,0.14421861083206922,0.17100351049365856,0.50416799131497
238.85000000000002,0.11817847444594222,0.14848043709026987,0.1414216418021285,0.20562595199076875,0.4832362917348855
238.9,0.133929237538895,0.145049043880748,0.15739622543453827,0.2515602721904587,0.46766535285661753
238.95000000000002,0.1464582545732379,0.14263749222075145,0.16638186570821403,0.23245593289717856,0.4319340062786541
239.0,0.1605572626409418,0.1490471254730833,0.1745827487389228,0.2192867645029279,0.4378299006636924
239.05,0.16866821985056435,0.13648354689211223,0.17476259280941833,0.1808923255237108,0.43582851975503223
239.10000000000002,0.17908850399326787,0.16773115555881857,0.17345584292026314,0.16382454943997307,0.417560043140912
239.15,0.18088269460026402,0.1856336495769445,0.17167148542653063,0.12341323644624252,0.4193121310313095
239.20000000000002,0.1843735741160086,0.18164936458996897,0.18289817846498593,0.09055170154343237,0.42774879659158843
239.25,0.18849819360870748,0.16818845377040606,0.18206073204925277,0.07030027048232954,0.43966502234922783
239.3,0.19706879127148558,0.16763941691024611,0.1894643994333028,0.05359594489081904,0.4547705350267278
239.35000000000002,0.20848044232297397,0.18725658945211016,0.19848417085158784,0.06123150127469764,0.43114073486633375
239.4,0.2154146037775531,0.1879732155460779,0.18813533029729967,0.04571138754287055,0.41574939488594304
239.45000000000002,0.21861255994160625,0.20311209302031433,0.19242569646974442,0.050966116706621704,0.4154958994105798
239.5,0.22179222519602082,0.21410975371394458,0.2018062282175626,0.045333493132426184,0.4202541400457427
239.55,0.22625705127165738,0.2206016344027611,0.22279539495468567,0.03258261093059525,0.45358554811726826
239.60000000000002,0.23149762249060005,0.2105457647839687,0.22293287694743563,0.02313255941469159,0.4589054899577498
239.65,0.23847696990306788,0.18983791434168942,0.2196275296199481,0.023570416003991814,0.5227991487384015
239.70000000000002,0.23897458123971305,0.17737016048970872,0.21308721764212457,0.05383596229367614,0.5226025686464914
239.75,0.24247919536895052,0.16078662046859107,0.2068027115510512,0.051598895437492215,0.4954515129817649
239.8,0.25174954428221874,0.14895263776425458,0.2046541716205652,0.059480943135436525,0.4286287799409896
239.85000000000002,0.25424257955593277,0.12392741588392572,0.194047808323629,0.053879983966769025,0.4252331815256356
239.9,0.2599349017764525,0.115072424119174,0.18937879019948148,0.05877531755381365,0.4239085090204121
239.95000000000002,0.2656656496283091,0.11917067245682356,0.19491598244667893,0.09015696283628351,0.38664140689340265
240.0,0.2803333672662973,0.1165693757626253,0.19971527129230762,0.08835212321393741,0.3709764162117121
240.05,0.28419757201784196,0.11082060655879723,0.20220542093628255,0.06871226761282336,0.3650214825665771
240.10000000000002,0.28012814501863925,0.11769322646247732,0.19439399182553968,0.03765457469591605,0.3654281119955945
240.15,0.2777831399703418,0.13034664572627508,0.1999436059244308,0.05138665854335956,0.427839019592922
240.20000000000002,0.269867250941683,0.15268968805572825,0.20323117344694508,0.0654826237555331,0.49163574801212306
240.25,0.26877626810324806,0.15148672227502247,0.18445721848248892,0.10758453283259012,0.5424827176375493
240.3,0.27110074460165506,0.17798891833745373,0.17671604073987804,0.13546301435423594,0.46737547668152274
240.35000000000002,0.2771769601427644,0.18803016601984582,0.1763484547058296,0.1566879781377462,0.48851397871185337
240.4,0.29308765954560667,0.18963399216411278,0.18482454617279184,0.13273245450439528,0.48700829303553794
240.45000000000002,0.2874172692009135,0.1931881703335956,0.17135579630208642,0.11312109301263451,0.5110894473226127
240.5,0.27188339445361576,0.18157834461246058,0.15761822561118768,0.10562915258465488,0.4886749841682056
240.55,0.27696206696067527,0.1742352760771119,0.13628039904589379,0.12044876003398496,0.4575005370244407
240.60000000000002,0.2811640171443076,0.18562231516607972,0.10512572003257532,0.1376903992123921,0.4727897062024086
240.65,0.29874504770927274,0.20075404800588656,0.08436608240979379,0.16744438678862578,0.4861599606894631
240.70000000000002,0.2949395942307226,0.21702647094934863,0.042182693363038495,0.1676380001662123,0.49795066904300034
240.75,0.29664103648768425,0.2139102447395321,0.022270866253758296,0.17188916635913373,0.5212553205712028
240.8,0.2891483592402135,0.2148460420185364,0.004722929373458291,0.19814777995388497,0.5452454837150711
240.85000000000002,0.29422070020653535,0.22070377718973677,0.02197022098275835,0.22314444285895116,0.5613969582193608
240.9,0.29940794756760064,0.23287455970535548,0.06310610386551295,0.21061338842571545,0.5666503958728907
240.95000000000002,0.2885123590782192,0.2302144121163004,0.07957542443746397,0.21944652309012483,0.5783504709160016
241.0,0.2978317053319799,0.23823232794965962,0.07489207016968197,0.2485718859704712,0.5852665367393344
241.05,0.302565006284687,0.2410796846002857,0.07961648482694104,0.23867406091924226,0.6011176863441733
241.10000000000002,0.32098604771505584,0.24927671190541098,0.0922329223505174,0.28325147957142055,0.6075896863729007
241.15,0.33813382612182746,0.2518721179326015,0.1170422051559479,0.3033431317438383,0.6087441518012128
241.20000000000002,0.33130449961119607,0.25292113397906835,0.12495402688532999,0.3128595589913113,0.6076940285656561
241.25,0.330362957742115,0.24577489329052618,0.11984656388652606,0.309852955930581,0.6038280520360827
241.3,0.31671471537212553,0.23263415578113975,0.12521630183466248,0.3170124837615447,0.6170419232961694
241.35000000000002,0.2985556627141812,0.23025385612997898,0.13679599856099947,0.2884983426238379,0.6245153717278636
241.4,0.2904348746914644,0.2252003400395789,0.13566141685184047,0.3092371305794133,0.6442771603470403
241.45000000000002,0.27656838019215507,0.227573088329379,0.13718887768098575,0.30862274730871164,0.6547142953400635
241.5,0.2526636685045555,0.22557863383700041,0.12768869296241045,0.30988028697149894,0.6875329089293759
241.55,0.25356285386309996,0.22317559354351124,0.12665572320849913,0.3127684082817336,0.6914919036238145
241.60000000000002,0.2559548668100281,0.2157186840695807,0.13323502414329805,0.29073680189788953,0.6839325116043162
241.65,0.25259352180775146,0.20693114716880945,0.13540624926369624,0.2752745721701348,0.5976754317763624
241.70000000000002,0.24939277074068852,0.19810124753912245,0.14063393543403843,0.2778724714568536,0.5891714523230424
241.75,0.23412087649950905,0.20975215027610913,0.15376623106565857,0.2765805057613088,0.5702792048600006
241.8,0.21020985097263722,0.21279151361373844,0.16879873490075883,0.29214655616185764,0.5790942118167923
241.85000000000002,0.21528508711180797,0.22770111822875283,0.1871254959024053,0.29855902951579877,0.5872455153457389
241.9,0.22154703104247636,0.2374340362387795,0.19481322047289126,0.2889376586113413,0.6181710705196028
241.95000000000002,0.24302275724713734,0.25110692564059295,0.19043360538206086,0.28610197229789897,0.6648724192493032
242.0,0.2719003781487909,0.25392451742245375,0.1919317398660928,0.28512374103764637,0.6457738307867451
242.05,0.29213306664386635,0.2485006270049978,0.20372024360919708,0.2770809561208279,0.6273887960172386
242.10000000000002,0.3106902561757895,0.2479063950713954,0.2055267866031976,0.2803757018816566,0.6258478577303982
242.15,0.3097417259578918,0.23200972199097128,0.21145342152833418,0.2874974742850955,0.6539051171141178
242.20000000000002,0.2980502615634985,0.2255735563277677,0.21836239465118862,0.28847815912461516,0.6339552085181057
242.25,0.30110986671597995,0.23002190784506893,0.21939939391282823,0.28635662117074395,0.6110160767645922
242.3,0.29447951429052394,0.24284298423259967,0.22148411802743162,0.2912594259984876,0.5746930967250219
242.35000000000002,0.27708904535734274,0.24607165483824878,0.23779458014321897,0.30150365659346035,0.5173864747304073
242.4,0.2694495113276483,0.2649602208568577,0.24482928269293405,0.3242613606389279,0.4794333721896355
242.45000000000002,0.25161777207300473,0.2661924269795417,0.24915660112793528,0.3245362774400782,0.447154835468531
242.5,0.24864562037528265,0.25497032810170084,0.2546376991562518,0.33717364889251183,0.4443420958835162
242.55,0.20015499572633005,0.22681982996377784,0.2620822407420314,0.3357219317222201,0.4302937183863919
242.60000000000002,0.1743643164047687,0.2120964044216089,0.2634526456012308,0.33899978373393885,0.4513120531683943
242.65,0.14530553738435348,0.20019123373022224,0.257289395891598,0.341204969401587,0.4441751921007902
242.70000000000002,0.15728854529888966,0.206861954185346,0.2594160327519178,0.330657948910452,0.4664012640093831
242.75,0.1510434261895793,0.19463523284116052,0.2649276872236924,0.34938337295884303,0.4545291714734929
242.8,0.15671829838867082,0.16612319044048895,0.2623045028806346,0.369957863810421,0.4456936478550957
242.85000000000002,0.14650188612534076,0.1531152870337483,0.2653393604633507,0.3637182273549352,0.405343344659294
242.9,0.12057037730574627,0.14960489437830443,0.2660202939742271,0.3734199305032115,0.4049027514476141
242.95000000000002,0.12243855230125339,0.14443746707589028,0.26783240115176504,0.36166912961526376,0.42094551155579363
243.0,0.11018197198805212,0.1378695081047304,0.2701210226410203,0.3693664570085389,0.42634967832208653
243.05,0.11362999845897885,0.1167886984349102,0.28349745827346046,0.3909819725263942,0.4389749148164844
243.10000000000002,0.13205342717823879,0.11649442641191497,0.29362945530843376,0.395166412650864,0.4727440703961705
243.15,0.14888837685180492,0.10650208773923805,0.2986986830762048,0.3935962246590928,0.48058411902485065
243.20000000000002,0.15613035386711516,0.11608997045403176,0.31147967190220127,0.3933486799042865,0.48413654563813624
243.25,0.1473547647436377,0.131438197314903,0.32308605566133813,0.3994458199761647,0.49236761102502385
243.3,0.14631803046902675,0.13578879697106408,0.3311729586899899,0.417830681176605,0.5075239994434914
243.35000000000002,0.14146544477301726,0.13292660799770845,0.3379614581970328,0.41728190211363275,0.5129241966562469
243.4,0.13347118327136812,0.13426866587025174,0.3445315599923339,0.41988840898690466,0.5111487703819475
243.45000000000002,0.11919269392568511,0.12414996846693609,0.3522132875363103,0.42054086430973836,0.5193680741778866
243.5,0.1123625070756696,0.12402496390625632,0.36199807857583477,0.41217724850483184,0.5339710705809123
243.55,0.1061586184624596,0.13874440048274883,0.3700280835278743,0.41970549116976164,0.5562802346505021
243.60000000000002,0.1077811487044457,0.1525886161713405,0.3703670934019242,0.4299929493857582,0.5499853044767133
243.65,0.10994629415837195,0.17626273621621869,0.38480276996023,0.4249710961701472,0.5092735860462798
243.70000000000002,0.1037008163089363,0.1874676738499602,0.40246295503234975,0.45260062849285876,0.4925660071330433
243.75,0.10626628807959913,0.20700777257544506,0.4167222743817758,0.4534835576710639,0.4735692689100028
243.8,0.11066782082468439,0.20619637324372347,0.43200683699638526,0.4550102130973718,0.4502572932567083
243.85000000000002,0.1097085456924578,0.22388921562439798,0.43966325455881305,0.4465922750767248,0.45885142073618956
243.9,0.10386754092086818,0.2381166955870006,0.4410654579108132,0.45155965373369916,0.4525153152071822
243.95000000000002,0.1133203470851708,0.24563328894177697,0.4420118932328114,0.4508849363931404,0.4374418144900088
244.0,0.12666244984652286,0.24933858443117562,0.4466906790170091,0.44410669974073375,0.4354814297651782
244.05,0.12691205751147433,0.24084009447918572,0.4526723027586383,0.41750095889406313,0.43464434545176434
244.10000000000002,0.13587526265992914,0.23718906409354876,0.4529258860620442,0.41152627242908674,0.45013859816867413
244.15,0.13449899981428204,0.23717291547288458,0.45099509606737276,0.4254116988412566,0.4491735681318432
244.20000000000002,0.13841803469266448,0.23452024882051506,0.4576076571071473,0.4383539550869106,0.446329722886805
244.25,0.1320183073826098,0.25231534099846287,0.44967526456845874,0.4382738488086462,0.4407390327972661
244.3,0.13049035987857766,0.24691085218797884,0.4153314987253712,0.44206964683792555,0.4368535647482466
244.35000000000002,0.12941583628398765,0.23693227817568263,0.3988820006675611,0.41567970298515267,0.43056672728083273
244.4,0.12419627855126346,0.22822675411090257,0.377745635582704,0.3843505746347217,0.43070018686840433
244.45000000000002,0.1191075587814614,0.20984924520602713,0.35738436521183004,0.3735172623246479,0.43350617667133434
244.5,0.11609965269818,0.1937734299358222,0.33555814722982585,0.37023486462248467,0.4500091323493061
244.55,0.10754827569434641,0.15604507805173626,0.3141363761468843,0.3623876346252714,0.4637839907850176
244.60000000000002,0.09827018494888076,0.1289938667981425,0.3010919145265713,0.3471246421208891,0.4761698984885856
244.65,0.09141497475273097,0.11976232034596848,0.29159459013003486,0.31314495667898046,0.47820152765723
244.70000000000002,0.08470620550422442,0.11042921788418579,0.304270889835408,0.29684416010196507,0.48564509333408684
244.75,0.08769694586236665,0.11092885311969528,0.3048434456605692,0.27911667615480096,0.4835126096353517
244.8,0.0896640654339531,0.10041076533619916,0.30660294710457814,0.2721643470386123,0.48356621782315834
244.85000000000002,0.08907490236563145,0.09174034884628651,0.30972546568833953,0.2642663586842364,0.4812758515658401
244.9,0.09005920896274235,0.08591214460585297,0.2922543636272519,0.25793152138070785,0.48685743776817286
244.95000000000002,0.08845513218507967,0.08186331364232398,0.27417575865479094,0.2613840030726196,0.501818044004419
245.0,0.08091211043859581,0.08426960547344058,0.24211936622016783,0.2470039170526742,0.492615903264133
245.05,0.06808056953191086,0.0880062554381085,0.2214566349934078,0.22015436240046724,0.49410573191545987
245.10000000000002,0.060317643099747374,0.08840493680775366,0.19965112231542184,0.2023966889201306,0.4873551895735146
245.15,0.057527354896070804,0.09474258905820869,0.18622181313915326,0.2120517564981716,0.48452204232630375
245.20000000000002,0.05404433243021163,0.09603390890187022,0.17860054915414014,0.19360162517363294,0.4856910895774408
245.25,0.04539150352515949,0.10430930352176143,0.18612089046893562,0.15938068882844536,0.4673611287655185
245.3,0.03652891293728056,0.08984420256778768,0.17813226858491085,0.13354881006929323,0.45705320386101395
245.35000000000002,0.030252336593457635,0.086392197306301,0.1911194706018947,0.13126608854522184,0.4612196914478948
245.4,0.022612038769658536,0.08442305877283436,0.19582185103161093,0.1512850749551398,0.46767087945437885
245.45000000000002,0.024818006230372197,0.06632019818802425,0.20410215443219373,0.18122528203966726,0.46134993550963693
245.5,0.030819830292044173,0.056336575317336796,0.20723813297765678,0.19420653746038508,0.45050984965397844
245.55,0.027105560133350085,0.0530360657654699,0.2005344656488626,0.16857932983528276,0.4562579829525699
245.60000000000002,0.0058304312111608254,0.06343388181337334,0.1771482969230411,0.16120952601431449,0.4699723416531894
245.65,0.0020235818580278497,0.08097753606395373,0.1819572982806899,0.13386127388721364,0.4576326122026327
245.70000000000002,0.006806266842579029,0.10126056260542853,0.17853351160367423,0.13416439271697117,0.448909753770036
245.75,0.0011092249173822036,0.08147754209811214,0.16784104190707863,0.1281093222257741,0.45360005285048605
245.8,0.008083759114801699,0.09340510068047361,0.14479103102027993,0.11893675566600088,0.4565162041574258
245.85000000000002,0.01772233043189901,0.07230219178629975,0.1280748705293034,0.11145965883894084,0.4439357244594285
245.9,0.022759817135820815,0.051571905588918554,0.12498571951139521,0.07408682884200023,0.4200971978090417
245.95000000000002,0.022869561233798998,0.028863625280639037,0.11159060015208903,0.09540244111366264,0.41475279752256927
246.0,0.023027132889923835,0.04648162985611446,0.08237967316340401,0.09081305234822801,0.4011076682881505
246.05,0.04724696629636703,0.046124486423793104,0.06480916571336441,0.05751742868130101,0.4026565763204348
246.10000000000002,0.07216401517519254,0.057564602203703394,0.06118163346517105,0.04931315371698992,0.37588870410117314
246.15,0.08215110549035978,0.09194031158209623,0.04813935659440642,0.0601042020117367,0.36612005437812145
246.20000000000002,0.08374343705484333,0.09485627721673871,0.05011494657501162,0.06819626533848076,0.3751413431393604
246.25,0.07506775990429979,0.11779493892820596,0.03724460552430415,0.09104074843287398,0.36374205144617267
246.3,0.0709909020199918,0.10924040202352482,0.040403915218453886,0.09655273521271587,0.3564551173393075
246.35000000000002,0.06696037488710573,0.10547785404542992,0.03817540120843745,0.11209423754709073,0.3457923295555681
246.4,0.06730092195061223,0.11350437498671939,0.03244445024402546,0.10374346037943463,0.3520979459305827
246.45000000000002,0.0682971250418894,0.0958281347421987,0.03250870127244294,0.06081098731373842,0.3648402553798319
246.5,0.06803461191747881,0.06668282298044678,0.018516043928966826,0.05949496276334645,0.3666882847155242
246.55,0.07731559877868906,0.0537994493395815,0.0139440811438435,0.053377667419784294,0.35470969911093114
246.60000000000002,0.08901212651922366,0.0369717788051799,0.016378145518651435,0.05082369523585157,0.347004393416222
246.65,0.0928213892820296,0.023109980266677845,0.032524386376720414,0.05630452048085326,0.3342810701752794
246.70000000000002,0.08508728661568733,0.025836466370079074,0.033208200728280006,0.06341562464114178,0.32672002111210435
246.75,0.09733926199880608,0.032005898757149244,0.03721262203642478,0.03650279688910528,0.3184746450691143
246.8,0.10374522257592006,0.039796895337470065,0.045063414066003026,0.014784470896525643,0.32149104537976886
246.85000000000002,0.11001002146087419,0.04795356054356023,0.05097218998354682,0.022053152460483928,0.3134646041830079
246.9,0.11096881382404787,0.04751961614774813,0.05184947022698932,0.02073096901423864,0.3140712273565263
246.95000000000002,0.11007457123258527,0.03533917227806921,0.05866200500782201,0.03434148149672988,0.31730557974583573
247.0,0.11959077892786976,0.03023416412625426,0.05608310754659537,0.014901530613019472,0.31577079401366237
247.05,0.11607543195531883,0.027707496281333746,0.06739200018932037,0.054339335587078694,0.3303908429300016
247.10000000000002,0.12705203644411317,0.02282404790847669,0.07032858177507528,0.09103441911837458,0.34784501700599874
247.15,0.1340696328572795,0.02919581416167067,0.07481183628719966,0.09626801403334512,0.3642357066511238
247.20000000000002,0.14388986651432867,0.03581660104422075,0.0822640295856134,0.09840641797739576,0.37393789372093444
247.25,0.1493866260438956,0.03538038218153844,0.08826899802680971,0.10009160017710356,0.40460568786810913
247.3,0.15923672725504986,0.026991082954456576,0.10026035632167413,0.13083480676042264,0.4316807048808185
247.35000000000002,0.1545884277880067,0.029267699515646454,0.10682307852406014,0.13959365754379302,0.43706987554654547
247.4,0.1529213787217715,0.0353952804541101,0.12481984834652243,0.11562287886880754,0.44323536361389304
247.45000000000002,0.15576108212983467,0.039831734127704174,0.13863153055516525,0.17122472191417593,0.42971984613063785
247.5,0.1569967759980326,0.05121104669784979,0.15094931507853176,0.1846829537810858,0.42595147329774713
247.55,0.1585825765099344,0.07037302330496949,0.17517311229745025,0.17455585122076872,0.4058879036675869
247.60000000000002,0.1525101098429238,0.08942085793357048,0.1793835823640177,0.18378165688308534,0.37820141978099375
247.65,0.1463703855795647,0.09137150323700224,0.1770303201553943,0.16249624772886223,0.36997677055324696
247.70000000000002,0.14503622883520909,0.089070962487677,0.17932093510063757,0.15536418097156038,0.3753366028355855
247.75,0.14285256960212278,0.07333591532602245,0.18198899229183468,0.14848364365863548,0.38093974970386285
247.8,0.14383017902429077,0.07354785909598231,0.18748343735609305,0.13733085087636956,0.4066253942804397
247.85000000000002,0.145686456563077,0.07696104894643088,0.19455900685493496,0.16745674002596786,0.4368052279807329
247.9,0.13723693087851968,0.07406551248473839,0.19870837083789042,0.17720622795614274,0.4603295341366695
247.95000000000002,0.13210435633087964,0.07902968453824055,0.20910274453994546,0.16504026045435036,0.48320513904057083
248.0,0.14024605353894176,0.08123673095245759,0.21907140939230624,0.15939399171725405,0.4752049939716641
248.05,0.14501006492367213,0.08385904518811223,0.22496191228937587,0.15626211186209238,0.4640898477533356
248.10000000000002,0.14102139969612862,0.08580561060109572,0.23358018052742724,0.16105571255697748,0.46388140240854187
248.15,0.14958816149613677,0.10225410391001345,0.24012444247087752,0.16400221504366974,0.4599131178992906
248.20000000000002,0.1509630425007143,0.10271389528281197,0.24773298864953408,0.16897529376366505,0.46812654389025166
248.25,0.15026022602487374,0.10292670546087482,0.25466506326988597,0.16204382499754572,0.4715702841367377
248.3,0.1518389893493729,0.11248218131311244,0.2599385212119687,0.17245823471939367,0.47386917975127163
248.35000000000002,0.15389937185321123,0.11817404802472392,0.2654774747035386,0.1786340335603842,0.4918604566781191
248.4,0.15622012592669798,0.11315306671103578,0.2717497780407112,0.16367554249388314,0.4920860866909651
248.45000000000002,0.16262356596795183,0.10656368339317937,0.2757004989409012,0.16060557206221818,0.5038782934765028
248.5,0.16601682378892316,0.10069730599810817,0.28145546275971467,0.158709076134701,0.5092724984316692
248.55,0.1703273981611636,0.10823845074320083,0.2827585054739553,0.1708334279302023,0.5254379729695906
248.60000000000002,0.168143945818541,0.10256325647857939,0.2707813074061497,0.19610538879271738,0.5668100286589753
248.65,0.17401036264407202,0.10598376220920684,0.26019971252890256,0.2090248594167909,0.5728079649315055
248.70000000000002,0.1706982710560352,0.10821118571864596,0.255236951880865,0.19404136562660007,0.566619852772692
248.75,0.17202712798916356,0.12208413920393489,0.25501834376241045,0.18707974919298023,0.5647106024606635
248.8,0.1645914136472074,0.11587702437999649,0.2564461331263202,0.16869892611252826,0.5604642042884117
248.85000000000002,0.1563787358165882,0.09609999926022982,0.25462967310916224,0.17493162850128238,0.5644294545542985
248.9,0.1594339208836845,0.09741821835264584,0.25193279586791256,0.1912951145764852,0.5595448631272718
248.95000000000002,0.15971954988499373,0.08742069985859315,0.25006706537786205,0.17876976711789533,0.5755649600289664
249.0,0.1707704569689952,0.08089935839808864,0.251815303856009,0.1428796467120842,0.5839959003154547
249.05,0.17793420866665283,0.08976980280387635,0.25374003253086974,0.149077828605942,0.6057222113429995
249.10000000000002,0.18399056121861088,0.09827236155705367,0.2579882958217923,0.14109053586435122,0.6217783090351062
249.15,0.18274794715439088,0.10461339917789915,0.26657673947558796,0.15694920775800655,0.6349129835350052
249.20000000000002,0.1867235463837859,0.11945390187294892,0.28101911842323185,0.13177040695936754,0.6808510598274472
249.25,0.19312159874811602,0.13270228476299578,0.2869354498442632,0.1560842546964065,0.6898492636126988
249.3,0.19279240827225083,0.15426085835392322,0.2833054921405372,0.14726410917659474,0.685785026986592
249.35000000000002,0.20231444458147488,0.16119089216999274,0.2763970153771168,0.15951470820959038,0.6786027830215283
249.4,0.20587396151960644,0.1723748163847158,0.2750357664585918,0.22188273281602489,0.6931236756196877
249.45000000000002,0.2034212488283535,0.18804168089385007,0.2687303351860988,0.2820500763447098,0.6839718084966311
249.5,0.20508192128705596,0.22211462067518756,0.2569912875875057,0.29008012259924915,0.7000259679929884
249.55,0.2000416909346327,0.24247819243533608,0.2515425741524117,0.30496625475961786,0.7306548228502009
249.60000000000002,0.20672418851413718,0.2545954749969609,0.24404133679870288,0.2966030298499167,0.7384821763034174
249.65,0.2065217913867712,0.2547992682644785,0.223891233573062,0.319614140200682,0.7419884701742148
249.70000000000002,0.20769417642593843,0.2726495795232746,0.2201020056154038,0.3307236657476636,0.7511607740647153
249.75,0.19914191566262462,0.2890173648806648,0.23514472107486759,0.2882472379878157,0.7453626531466705
249.8,0.20563153527615127,0.3002396291568946,0.25568825391740757,0.24777449722608225,0.7374339078649742
249.85000000000002,0.20932749986139604,0.3078117238176538,0.26843599125522183,0.2873130742328898,0.7239695668591029
249.9,0.21601791187920202,0.3083754479000272,0.2809691608001478,0.3178816757245519,0.7314939553653779
249.95000000000002,0.21577657669401373,0.32073124057381275,0.301464889701737,0.308459209743551,0.7363558508561175
250.0,0.2137563430396925,0.315038727812754,0.321029445853724,0.3492452495826304,0.7439180513202398
250.05,0.21397890950660983,0.3177947118219137,0.33708775914511163,0.3701716679871979,0.762436404779177
250.10000000000002,0.20715684464361922,0.3054007457057112,0.31564453906021883,0.36832506546333055,0.7773365574846103
250.15,0.19695784789090173,0.29006929672239173,0.30601857554876843,0.37511318327161736,0.7964056525991722
250.20000000000002,0.20092857344434198,0.2731814994305046,0.27813099761024307,0.34550375849204773,0.7986048805302162
250.25,0.18962236809299518,0.2666951564652869,0.24413833864023682,0.31732179312812875,0.7867604631840674
250.3,0.17569103628726243,0.2643069059571398,0.20666094396002058,0.28471351155340535,0.7917591593877704
250.35000000000002,0.17573292929777815,0.25353237906116766,0.19550947171232633,0.2889817221428452,0.8074806287576033
250.4,0.17272121511447097,0.2527836548838847,0.1725761446494644,0.29190927259289295,0.8198902838074835
250.45000000000002,0.16492721364869156,0.2516737572127752,0.13198430660352875,0.26916634175153037,0.8238142596610802
250.5,0.16130516294836164,0.24536530126918635,0.10792534711604974,0.2761556464692831,0.8458751235583338
250.55,0.15335070932572953,0.24598747477705887,0.09824653520554093,0.28183717588626644,0.8502140004484188
250.60000000000002,0.15244289764615876,0.2500789646998734,0.0789675497505422,0.2935000050952714,0.8501991961902398
250.65,0.15336982875966942,0.25237986615440944,0.06852895014478258,0.2907685057796873,0.8614140527774313
250.70000000000002,0.15052327848029134,0.24792079568495035,0.053934131516778276,0.2935966478360878,0.8762383574034547
250.75,0.13782607849255182,0.25803275099175665,0.048726277323329056,0.28940836274326576,0.8891566014727732
250.8,0.13161999368027455,0.26506501463706295,0.05679006813506303,0.3003006354362653,0.906403350868682
250.85000000000002,0.12776023839660977,0.2600121564449014,0.07099512726498478,0.30442488436124104,0.9028329109589123
250.9,0.12835576437676977,0.2690406901176425,0.08048542387038497,0.2990886390442135,0.9081077605083089
250.95000000000002,0.1276752324873786,0.2580941314690181,0.09304670967983666,0.3056233442936341,0.9106401323556409
251.0,0.12129687127985411,0.26228656235775294,0.0793662139109118,0.3088751699788276,0.899013231573347
251.05,0.12271599973432128,0.26733208581723256,0.08575205952973984,0.3063171816659362,0.8984371531509481
251.10000000000002,0.12207773721333404,0.2683155961850756,0.07431115140140829,0.3120212494862978,0.899479926764773
251.15,0.1270390716296247,0.26725838059565393,0.05595698807636876,0.3060315681684338,0.897556061605234
251.20000000000002,0.12435547015560047,0.2685092432700046,0.07462121756335581,0.30638820634316993,0.9199359370432052
251.25,0.11576607808995726,0.2597000381284516,0.11398200054544991,0.30600191506173174,0.92533211020765
251.3,0.1150047514887524,0.2568720892741994,0.14891234556864577,0.3004932005722342,0.9275250110352269
251.35000000000002,0.11315667294523504,0.2589548917637705,0.14995514197066326,0.2826569693441198,0.9257534665998678
251.4,0.10892212403392171,0.24786963976238527,0.15551878505808073,0.28340808817441304,0.9244293920689094
251.45000000000002,0.10692551113416036,0.25021836301420464,0.161272165938663,0.27519106870254967,0.9233694211012903
251.5,0.10777561776178343,0.25180912968578867,0.15503204841126342,0.27272512835860874,0.9211254380807713
251.55,0.11398685980080628,0.23560695305847423,0.10809660370850685,0.2645243739338512,0.9126869138048833
251.60000000000002,0.1176116507887414,0.2232211575609473,0.09943806469138904,0.25681388493027113,0.9283590518876763
251.65,0.14166426402814242,0.21249310393221152,0.04311471756248054,0.2450958765637045,0.9454110657216196
251.70000000000002,0.1674049982472617,0.20684060494621953,0.033107025654623375,0.243045750126518,0.9603370345173902
251.75,0.19282941242319984,0.20999578747251968,0.042786510025119795,0.25806227365554274,0.9737504028482445
251.8,0.2143364852672707,0.23641467573341202,0.0531908114713492,0.2542539845286674,0.9899899146016633
251.85000000000002,0.2250753488773436,0.2644190986656489,0.06795521611064281,0.2634448478391649,1.0008308334744644
251.9,0.2301026638447226,0.26841189796061116,0.0834595021386592,0.2876923513651231,0.987200985333482
251.95000000000002,0.24407047554318262,0.2866199569823788,0.11504270876051031,0.2906456991856266,0.9871672456529692
252.0,0.2431609232733349,0.3233094152352444,0.1385754037267884,0.316596605857634,0.9847924820917051
252.05,0.23670133430295054,0.3419350988160864,0.1639943699056738,0.29972779470507044,0.9932454232799405
252.10000000000002,0.24209588749248695,0.3414068986955933,0.19437252861609178,0.3359102126435304,1.0053320344218497
252.15,0.2494385213478487,0.37507026052160247,0.21121008711221426,0.4026638409455941,1.0253649184998628
252.20000000000002,0.2558193170301515,0.4066952698837341,0.210171467638973,0.4265848641503955,1.0568412739682003
252.25,0.25868309788985405,0.44019897015818704,0.2223501869595678,0.4115317801318644,1.0745465136487786
252.3,0.2642423363982589,0.4571485437356393,0.22826024224670402,0.43434636734654003,1.0784970809405956
252.35000000000002,0.27164439631648857,0.46252209561555246,0.22378449602413403,0.43612203759647544,1.0819196621012568
252.4,0.28169515943002554,0.46092440476223323,0.22844106960003685,0.43267520507386836,1.0592112387495356
252.45000000000002,0.29930100723748077,0.46843504027476524,0.23108334322528643,0.4253114901662219,1.049611876490575
252.5,0.3155630192193386,0.4332520205805688,0.22974390305866726,0.4020013607190413,1.023774285784602
252.55,0.3289634961963505,0.42385521120105557,0.22381849249437594,0.3809451446423777,0.9841305648054387
252.60000000000002,0.3418138085391849,0.4147593710073759,0.23482517759945798,0.3488663703783623,0.938807420384599
252.65,0.34832796416113176,0.3922030540385559,0.2442365674438804,0.3480059919799815,0.8878295372851525
252.70000000000002,0.34704202511606824,0.37921462578067167,0.256850445066832,0.30691051216842535,0.8787183201746566
252.75,0.3482785832142838,0.3680812507621897,0.26011248594687303,0.27808169697375396,0.8773141923730894
252.8,0.34328549507909517,0.34881052072226226,0.26327623032633624,0.2561286636348243,0.856359810131554
252.85000000000002,0.33598578530467577,0.33019701968239745,0.2642520706632793,0.25948838505753785,0.833573253054627
252.9,0.33692520763865935,0.3234847641655684,0.2618911313537805,0.2567733001425488,0.8040750681544367
252.95000000000002,0.3351813427059373,0.32739288338877076,0.2636398600590518,0.23498530630137623,0.7821839536228924
253.0,0.3364802886682642,0.32935126838070095,0.2506878507409325,0.23656556802828588,0.7647653641093674
253.05,0.34011799857781333,0.33584359011774184,0.25055122886358583,0.24034687142692882,0.7678869361492596
253.10000000000002,0.3440111233799817,0.33646432357807876,0.2598260531201758,0.23846752944274688,0.768732603260942
253.15,0.3443230666323186,0.34438819385066016,0.2657405782401296,0.2396366955606476,0.7683580956241196
253.20000000000002,0.3467120564687674,0.342916363634403,0.2630884919333747,0.24780547876011533,0.7406200938775613
253.25,0.3493658748310611,0.3543500111425386,0.26823860736255517,0.2515045665086428,0.7158653339208308
253.3,0.3518096361899944,0.36034602396326987,0.2643032309871607,0.24786294326704192,0.7006453354138871
253.35000000000002,0.3608592537012173,0.36310618375334797,0.24992132175992202,0.25622447035477225,0.6872135350432931
253.4,0.3596614905994902,0.36798570169290856,0.22936269314258367,0.2561942151127958,0.6819054626590232
253.45000000000002,0.3555168185041861,0.37058315401629693,0.22422031530904266,0.27465145046550654,0.6946602332448368
253.5,0.35819293103785316,0.37435819490298666,0.21789751404423383,0.2852850399912724,0.6943832005361789
253.55,0.3678988331571932,0.37712318085295127,0.21576748801086362,0.2918555050342043,0.7141652596150927
253.60000000000002,0.3841694306143076,0.3804325559326168,0.20364259864492606,0.30248519892842324,0.6883404862555527
253.65,0.39017824838069765,0.38681917853400044,0.1915770209798531,0.31215051133802213,0.6700813578948353
253.70000000000002,0.3981755745822182,0.3915315816914218,0.19080460315492956,0.3153330398225641,0.6793006653900563
253.75,0.4011073955146634,0.39052602026492395,0.2006870651798655,0.3240719958672387,0.6816566915042769
253.8,0.4119402609512153,0.38920332900492993,0.20161941296581293,0.3440632747652418,0.6785327109327817
253.85000000000002,0.4034618262487591,0.3920838917730953,0.20075024724454907,0.32057987623619094,0.666964799792201
253.9,0.4073539868349129,0.3909188227398465,0.19319538150459983,0.31297923677215617,0.6734968024190233
253.95000000000002,0.40626329579188014,0.3895757302301079,0.17930025967018665,0.3087975420795531,0.6754598768573119
254.0,0.40855755355660106,0.373818517381106,0.17670968364041104,0.28185908144197425,0.6783999972421517
254.05,0.4100531639751217,0.3712243755949811,0.18602385558549692,0.2511852729805096,0.682671858591198
254.10000000000002,0.4061479842128297,0.3822168758615981,0.2007303778739263,0.24301638445436935,0.6822651179410393
254.15,0.403651536355304,0.3909109823330337,0.20238169627749897,0.24479122022580851,0.6799855824074628
254.20000000000002,0.3924960966169132,0.38733710817445194,0.19432683624219121,0.27871781005670876,0.6774314165850774
254.25,0.3941012055533585,0.39091553763125453,0.1978477246405545,0.2759229716389979,0.6675980247178654
254.3,0.3863756693273295,0.38466815111672437,0.21311855781850073,0.27127790742217506,0.6683844553705318
254.35000000000002,0.37581805913814176,0.38199193656145175,0.21467904436730664,0.2793209131225744,0.6846451193806327
254.4,0.36594045805954345,0.3948609123131016,0.2177193570593019,0.2757652811982062,0.6834066078368526
254.45000000000002,0.35767840526288974,0.39925661933485196,0.2184235625443345,0.25509442145146427,0.6757409103821783
254.5,0.35273829859135625,0.4041361742337631,0.22730322649705015,0.2784955311018216,0.6685651626236762
254.55,0.3701142999516476,0.40956139571116756,0.2224371990189446,0.28599725200299847,0.6756626829972616
254.60000000000002,0.3722697378367056,0.41871703379862857,0.2092194369545543,0.2630241795265712,0.6708079859269814
254.65,0.3702861658315163,0.3957065380555734,0.1894144629724473,0.2645473657003731,0.6710562296927294
254.70000000000002,0.37025680063196265,0.37475317606576736,0.1633854542386497,0.24382514875845754,0.6587961388353542
254.75,0.37059085208742343,0.3457820917314046,0.13424632929986582,0.22503337489078723,0.6521272434249726
254.8,0.37057302934628505,0.33346308795436835,0.10373354775710017,0.21636607079661963,0.6423324967391761
254.85000000000002,0.36099263791827757,0.3410004557569641,0.08049979914504175,0.16093123690245612,0.6529154110599537
254.9,0.34415231004982894,0.2995113965868013,0.08436929832296046,0.13766244388975857,0.6487145346127854
254.95000000000002,0.34721668005228734,0.2685109645911831,0.10062677419986467,0.13315690616098816,0.6491606628830536
255.0,0.3344165139190789,0.2527678615680603,0.1262126585502685,0.10293919236547443,0.6435126381065216
255.05,0.3173097351874619,0.2447047333606532,0.1449551473990138,0.11496427249320135,0.6471823419373581
255.10000000000002,0.30886298318409217,0.23800376737323917,0.15194391798922344,0.11724979601404108,0.6855869482558363
255.15,0.2964329989978058,0.22954631300023245,0.13981777973399362,0.08950882092881815,0.7133264886419826
255.20000000000002,0.2937743014661751,0.20440354473003663,0.12384666293314028,0.057984357577566537,0.7320452010669453
255.25,0.27858651611777396,0.17486858726615773,0.11983258114985502,0.0786657997229756,0.7388993447047467
255.3,0.2699627689699797,0.14864449267402355,0.12656661769062214,0.09582097895604973,0.7490346005690677
255.35000000000002,0.2533448584628446,0.15374571691972727,0.14323675101824998,0.10568747562814788,0.7635783539133704
255.4,0.24048618250997691,0.148918141769064,0.16127507916518777,0.07381751336408053,0.7838587193341849
255.45000000000002,0.23617522683651063,0.163747284044454,0.16068813511595975,0.0576989007559893,0.789608187817731
255.5,0.22744735065774285,0.19610214033729767,0.16391921693950434,0.05945035961355441,0.7753795998825859
255.55,0.22081891423231423,0.19469943161496797,0.15180530654357913,0.0722310786773979,0.7562449807857742
255.60000000000002,0.2091110470736356,0.2038769992121471,0.14370882826272532,0.04969293379156785,0.7488748038179249
255.65,0.19986538244112406,0.21736948281884477,0.13984812231261104,0.03712984616692755,0.7289946367683114
255.70000000000002,0.1966317844482728,0.22201993933130035,0.12754757332937594,0.04068939939959717,0.7249204318575759
255.75,0.1885591827749257,0.21676812635587736,0.13030248946228315,0.03777129227582281,0.7030665278413605
255.8,0.185058320356684,0.21012608493603224,0.12766854574893435,0.02595878485056458,0.6867260518704584
255.85000000000002,0.17887317594426966,0.1745499910093633,0.13446705575414922,0.02781199036331287,0.6865744500729338
255.9,0.17387445149048097,0.18084783927203768,0.13867714000956977,0.04237178820449194,0.6656294067099897
255.95000000000002,0.17961125103714465,0.17860756749437207,0.14228732224008553,0.02950514719246159,0.635484035385955
256.0,0.18232894808020383,0.14988707019098366,0.149712621862192,0.015826467682339206,0.5959231759293105
256.05,0.18466230278881746,0.1483123044087348,0.15942558540131088,0.023788035044011935,0.5688063910248727
256.1,0.1882641295404217,0.14771452118255976,0.16424994176514976,0.03404612617052903,0.5510900094669013
256.15000000000003,0.19343317188753661,0.14265448162642438,0.1665045723341435,0.05483911827378148,0.5495841936324785
256.2,0.1948465348515187,0.13645751819941002,0.1748180472361883,0.025697410966196037,0.559668088971221
256.25,0.1915968759234783,0.1386299141428792,0.18836009862650965,0.053435650731239244,0.5683987858158609
256.3,0.1787435265974741,0.13706629389896913,0.18882920539913006,0.04930522140366488,0.5807644550441564
256.35,0.16575423914360587,0.1360003514796262,0.19672902295136374,0.032476438733680286,0.5965863237333846
256.40000000000003,0.1588624284455587,0.1288879673056072,0.2005138704983556,0.039786069513459116,0.6206352680884982
256.45,0.13490153832476404,0.1284854058714923,0.20311572943311076,0.03930732482194773,0.6337497052852691
256.5,0.11977277128217181,0.13190142300199684,0.20568721478963176,0.0588331985072513,0.6281533483602759
256.55,0.1089040723115168,0.13417966439423382,0.1997157674323913,0.06650143909887757,0.6285401451054422
256.6,0.10456715400970636,0.13772325308469005,0.20582092537149502,0.07536037454935807,0.6268185473389116
256.65000000000003,0.10790799276459391,0.13617056391093077,0.19465593663566508,0.09374640276007505,0.6153218209304708
256.7,0.10587680637025226,0.13711341694029508,0.20336334905042938,0.10973981213494435,0.6033290771931115
256.75,0.11066673636409648,0.1381446868702638,0.21480161253131136,0.04913738961719388,0.6152450282790662
256.8,0.11623576183120253,0.14939259963250273,0.23464664876937144,0.035933035279742,0.622699848845139
256.85,0.12442002202953005,0.16034653556204204,0.2451722102712648,0.039881754853966014,0.6501860330317912
256.90000000000003,0.13196030934120476,0.1654083603465575,0.24561783709700982,0.06612697612859614,0.6684036034764879
256.95,0.13718249471062194,0.1621777602765879,0.2470288472762662,0.04318566153826098,0.676157756293106
257.0,0.1461625341795407,0.17024850375064413,0.23672717697923243,0.0509843073691348,0.6839685451173827
257.05,0.15821996747361314,0.16905856914343473,0.23476005535006628,0.06335415341395254,0.6835016590911507
257.1,0.15634213202054872,0.16580792824193497,0.23262066025670827,0.053551375029833446,0.6604269051218327
257.15000000000003,0.15620738661762967,0.16247050635269494,0.2398578235747283,0.06523384587185116,0.6453833321076936
257.2,0.15872516490529395,0.17130699706043231,0.23311108034151468,0.08317214444304635,0.642083169548203
257.25,0.15997855157674667,0.1782823191579205,0.2451789652166327,0.1227571956152264,0.6385328651591392
257.3,0.1631320003575372,0.18077839818040448,0.2501887262724753,0.10200340047225015,0.6511968333816832
257.35,0.16257959900299304,0.17072895147086817,0.26281925591516697,0.10216798942171701,0.6551850826560046
257.40000000000003,0.17257186736301572,0.16520476574216245,0.26173800223389915,0.10666145736207427,0.6602340639829062
257.45,0.17529611289846447,0.15511441474010992,0.26162717678673525,0.13944688720823029,0.6737454447163872
257.5,0.18362606700225695,0.15509689141986127,0.2705717994108919,0.17741034436573905,0.6917997795160428
257.55,0.18868856566439157,0.16406016616830918,0.26216474451472827,0.1490033527668959,0.7120575041676285
257.6,0.19693562667895387,0.17878330225639402,0.2568863075531595,0.1734578752283776,0.6919708311856961
257.65000000000003,0.20019308062899313,0.19147100457979255,0.2568308819655947,0.18871306564224855,0.6207464464427469
257.7,0.21104230317438755,0.19750711363838233,0.24621853884097714,0.17358181988642407,0.5648569311759576
257.75,0.21580128862456757,0.1957216338723789,0.24542909579989464,0.15166190637403054,0.5363605776754269
257.8,0.215221168763533,0.1894129148080336,0.24227786229049864,0.13636819349826287,0.5336237426934307
257.85,0.21698320394655843,0.17919352006943326,0.24345046082627284,0.14000003432317581,0.5273362971597951
257.90000000000003,0.22127221508579922,0.1694551868547489,0.2376574083531443,0.12885803169919566,0.519052883849734
257.95,0.22130038946110084,0.16273214116796642,0.2430161853985563,0.13739046023022577,0.5105230948938109
258.0,0.2311048811286442,0.16938247633807957,0.23942672415548327,0.15046832668817067,0.5027385821147169
258.05,0.2388677459722525,0.17946168691604403,0.24095771166534807,0.14126796724824559,0.49952033583404554
258.1,0.2382522663626107,0.17717461632518974,0.23654357369666795,0.14815482671514166,0.4962676996687279
258.15000000000003,0.2363724039918338,0.186547559021125,0.2333236018636823,0.14965250224500537,0.49393546629175117
258.2,0.24221781503339043,0.1897007845906923,0.2296270740617335,0.1413110618647941,0.49116986413282226
258.25,0.24863636337839548,0.20059184578341357,0.22507568788007035,0.14082099201704973,0.49595988509077327
258.3,0.2582233909569833,0.19073425384927603,0.21818934206015644,0.14022114098988345,0.5124325501025395
258.35,0.2591771246714893,0.2019833459236289,0.21173327828541466,0.14132854490376162,0.5050560300658467
258.40000000000003,0.2710849813731077,0.2079315562698747,0.2039163276950461,0.13410130365584189,0.5089878575340938
258.45,0.2781042417685187,0.1998973553022644,0.2099165976737496,0.13353587568328723,0.5264182438397954
258.5,0.27321889119439535,0.2036994987003145,0.19523912224153134,0.12740025670355248,0.5336371390947708
258.55,0.2819714770315897,0.21035466153502097,0.20016169777844572,0.13723964186340767,0.5193727711651767
258.6,0.2816751424808067,0.22392733670978418,0.2005252655106027,0.14168267369138374,0.5134460253575893
258.65000000000003,0.2748850165805692,0.22598330878769346,0.2062918207538347,0.1517897263498128,0.5079090025115108
258.7,0.2925479974786211,0.22080128263536453,0.2021458897384576,0.14809699797745976,0.5138349842987275
258.75,0.29322287098973865,0.2227010583227734,0.19005432973431893,0.14293346600916895,0.5082101598632108
258.8,0.30230385616599725,0.21489007224011467,0.21150510980702317,0.14604678020274303,0.49894457748698784
258.85,0.29411087345531906,0.20354962241590896,0.2133199911179209,0.1635117006446515,0.4923783119409944
258.90000000000003,0.29977222382569724,0.20083673070677022,0.21214036262100178,0.16741469250385244,0.5051060118075325
258.95,0.2970511233454677,0.20344518148484472,0.20465806450707497,0.15969432017346963,0.5186978662968549
259.0,0.3014533411482065,0.2170361416441944,0.1849492861249242,0.15583840270496535,0.541765692125377
259.05,0.30440675419187496,0.21697452586610538,0.19575774164999543,0.15455801458391252,0.5308058742285803
259.1,0.30658276275623103,0.23320270900800136,0.20226732780353998,0.1518747891703976,0.531223448787662
259.15000000000003,0.32915281888456815,0.23325926966835064,0.20518269584197596,0.14493571501856686,0.5328492277689727
259.2,0.34627384899552965,0.23016987263490934,0.18778023646602346,0.14629464126450337,0.5370039555307579
259.25,0.35898495044866946,0.22590244230800802,0.17516934501761636,0.12456536759084738,0.5535081030261225
259.3,0.3679483253461083,0.22034259718945623,0.13911534043897344,0.12654613166604303,0.5790241508654554
259.35,0.36374213690315704,0.22277703523476813,0.11315779220014975,0.11888019514626515,0.6105699494681551
259.40000000000003,0.3499023924378488,0.2084033773207206,0.11117870805381731,0.1314892596091906,0.6121476707509341
259.45,0.35788444562392224,0.1950403034078136,0.10278404836594698,0.1387859192761353,0.628365799986352
259.5,0.3670531534336721,0.20468432756748078,0.08676182104857563,0.14307020883376795,0.624328682762158
259.55,0.3599623599458833,0.20408055044435558,0.061253021735487204,0.1667480104963454,0.6277805797475615
259.6,0.359239489197854,0.19045652217137732,0.046311368165725314,0.16323320082255205,0.6210708518768028
259.65000000000003,0.33475689556845156,0.16582738901131003,0.048332001895588596,0.15073719403473462,0.609155048320242
259.7,0.3268982118435357,0.16766682249260476,0.05897104496251013,0.12500747867473225,0.5991736874271533
259.75,0.339208977609175,0.18535451563155375,0.07055955739680406,0.12091910450525288,0.5881424582755742
259.8,0.3281418791899956,0.19260913039680028,0.0625087926666718,0.12972415198231219,0.5830083593017097
259.85,0.3038214676092193,0.1894653259073037,0.08367637850584334,0.12921740262939704,0.5899644644993102
259.90000000000003,0.291923165161558,0.19887362114614532,0.08699801545172649,0.15515416908979815,0.5888097268719559
259.95,0.2726112635298164,0.20790098658968323,0.06859076370063358,0.18049244490609584,0.6065491571930175
260.0,0.25558342982553317,0.22325596037497786,0.08220376900801621,0.20823064408977865,0.5954874174090137
260.05,0.225998310980715,0.22617452286099274,0.06530804493527313,0.19820852050240617,0.5674698363451748
260.1,0.1995579699011237,0.20351460917802427,0.022673992665543503,0.15363974595719013,0.6002753998977696
260.15000000000003,0.17431656851678884,0.17830194373477334,0.04593781882393782,0.16653841809298572,0.6098949923184119
260.2,0.1397603779070963,0.14880213890735208,0.07687421220665434,0.10315548240650319,0.6425162875989248
260.25,0.10955588204612189,0.11923531323796302,0.10400740283139308,0.06534745549943709,0.6422191967747145
260.3,0.08440221464526307,0.10540767276071966,0.09049894845485337,0.0347172320479632,0.6338856259618004
260.35,0.048563177604475254,0.0951991578876251,0.06721814074291485,0.03598380665643531,0.6224523061345205
260.40000000000003,0.055469731836089976,0.09621383623712021,0.06437707326177781,0.02458105410201865,0.63148038408228
260.45,0.07046434558675777,0.10408616707555489,0.0846237245330247,0.017856407631576546,0.6639250528434003
260.5,0.06798457983023495,0.1334565213541528,0.08466598290335435,0.02749323334992833,0.6750917985184816
260.55,0.08534166271634504,0.1331026838277915,0.07257173248335282,0.018073085857993196,0.6616051996312424
260.6,0.07135702417556287,0.14363264609162935,0.07608970477357356,0.042348485548309465,0.6610853293846635
260.65000000000003,0.06657538203214697,0.14118152899350145,0.10917905525912602,0.015719520376830075,0.6661017656959742
260.7,0.054889748530607435,0.12245930171555704,0.15057377562346108,0.020416086017697035,0.7070171739279203
260.75,0.04640044574608064,0.08354143352989618,0.18972814036390087,0.04307268138661863,0.7551092758117693
260.8,0.04725870829994273,0.11580062150015362,0.18668900207002861,0.030349236753326948,0.7791228834209367
260.85,0.05877180380495396,0.11231719255359436,0.19288990179245577,0.011350308498884925,0.7795705153518178
260.90000000000003,0.06191246976881182,0.13482855991663364,0.18535980174581032,0.03433376278104011,0.7791052852810781
260.95,0.06051067451386083,0.1334635755286402,0.18138664739273996,0.021304062807252028,0.786494541946968
261.0,0.06364481649141278,0.11624527257528909,0.17512793520309605,0.02079855592842921,0.763440100665032
261.05,0.0780056637424002,0.08906616903308687,0.16028528357650623,0.035657444733633414,0.746172029090849
261.1,0.06410942595512446,0.08249376205383402,0.17072096555203,0.037067230095059675,0.7097218567709688
261.15000000000003,0.058320916716069426,0.0822296687603331,0.18767739274183376,0.04692656873114257,0.6826331582615522
261.2,0.056779969764150603,0.08503368068045482,0.20028346783676193,0.08061658834080561,0.6549006251281168
261.25,0.04805697204438624,0.07999859624553941,0.19321454484616785,0.06452595636260348,0.6436832202148633
261.3,0.04660517453096593,0.07912537208442069,0.20254784437732615,0.04717044220854458,0.6421043693181165
261.35,0.05335447906945077,0.08535414239636847,0.20698840679364375,0.01963768094574177,0.668299995105814
261.40000000000003,0.05171536261377055,0.07041646206306262,0.22364397383302836,0.0698920385955187,0.673888455614421
261.45,0.07250858203322488,0.06731120214134392,0.24090834817163642,0.0516303154324554,0.7074631047842906
261.5,0.08172184334741109,0.05741739664540287,0.26392178032506003,0.032529687696004395,0.7370740876826841
261.55,0.07043775929115725,0.06827682951454293,0.2951527083501691,0.06309196932047187,0.7247881076861084
261.6,0.06332653803290558,0.0791925123261739,0.3265199219477878,0.07730030505812069,0.7258598094297848
261.65000000000003,0.06372278265683265,0.081938632703735,0.35296509395160414,0.06706584080977737,0.7250662245507913
261.7,0.0653678646278708,0.0852235780306138,0.38135224948924334,0.09290267752169504,0.7100775162226398
261.75,0.07417983712660699,0.08990360454449621,0.38988947288190773,0.13938903974279515,0.7036197751285008
261.8,0.07870373790061434,0.07634036344894225,0.3913329446762192,0.1543031117835495,0.7131391711096634
261.85,0.07878480493161494,0.08153322661202882,0.39732530062894006,0.146742633085387,0.7003767170651991
261.90000000000003,0.07414175191929671,0.07529200606658927,0.3986089879114362,0.18662723387656638,0.694978269328682
261.95,0.07832830354532004,0.07477480495929964,0.39422575408150656,0.212927757206476,0.6884607258123965
262.0,0.08018257746373023,0.09072791208892737,0.3944161516445611,0.2039380786013435,0.6235238061510859
262.05,0.083564308492411,0.08863058689832834,0.3923129978962695,0.19515593981439874,0.5422983283918025
262.1,0.08568286513661379,0.08380444875659612,0.3953071412176907,0.21701160824708915,0.4868856032055872
262.15000000000003,0.08722792706608645,0.08917264891455097,0.40132956229492656,0.24337924155773633,0.434153963896368
262.2,0.09246708738358679,0.10935056816126858,0.40527726328711877,0.227640628042562,0.4054721475460593
262.25,0.09957964117128816,0.11661955745264364,0.4159463265024875,0.23392949120730425,0.4053685363751042
262.3,0.1074668030797574,0.11704654692901455,0.424025998214389,0.22088218951752667,0.4102460459895943
262.35,0.10789591258836376,0.1047053036402768,0.430024850623039,0.20499005663726072,0.4064376745930313
262.40000000000003,0.10354231023958135,0.113732061372913,0.44501623972618853,0.17677003144240053,0.4009729194280264
262.45,0.11082158497257404,0.11727476030385896,0.4512849666333866,0.15798045278310466,0.38785995816124097
262.5,0.11280701511509528,0.1114346726215561,0.4590134511244733,0.16446722630195862,0.3789171296700101
262.55,0.11301642510270951,0.11993344947332187,0.46866330469767936,0.16767169392818848,0.3823306131313586
262.6,0.11029938496132984,0.12060782485620491,0.47704158040885986,0.16215247556861329,0.3737951814162076
262.65000000000003,0.10986613915533987,0.12141724092331556,0.479768008492534,0.14935766890798857,0.3699280417945678
262.7,0.10037113192743273,0.1103317724344041,0.487813125789364,0.15466908363891962,0.3625735637379218
262.75,0.09593031364244894,0.105796832550122,0.5055327459390805,0.15304375047576962,0.3656164573394408
262.8,0.09276558052213725,0.11702254833491155,0.5130764590627632,0.16731414812517426,0.3686284601644381
262.85,0.08643602388925685,0.1166460789310025,0.5261832355613015,0.16509635869360811,0.36634516727896294
262.90000000000003,0.09275671511098128,0.11475286136890377,0.5334003156789933,0.16133440258039985,0.36191133643675566
262.95,0.09816496318411219,0.1202048422290985,0.540518127775573,0.1488799654536865,0.3398618668754355
263.0,0.09857377121526004,0.1061512833551875,0.5429629444146323,0.13422964187433242,0.31502605749090123
263.05,0.0943696561842724,0.09603985505314962,0.5499005145574484,0.09922232867313291,0.2803684955017567
263.1,0.09244802675662792,0.08844610271624662,0.5424367689884599,0.11149175623935802,0.259398354836601
263.15000000000003,0.10421962802663877,0.07190618878192566,0.5349452421210845,0.0742618773635204,0.2383079039314304
263.2,0.11844459756439614,0.08500034161960318,0.5349421704063341,0.06765826596493543,0.2195568938916555
263.25,0.13063938975383826,0.0905880617219444,0.5263568858991988,0.09552229188923528,0.21094889675590903
263.3,0.13299755668920932,0.08900986811749366,0.5163604631790348,0.1005889526400187,0.21896459234851237
263.35,0.13098516039902963,0.09213194439296296,0.5043337679532478,0.0977664425143654,0.2361126812086368
263.40000000000003,0.13185403360754241,0.09392467473470194,0.49591890419718876,0.12509469165544684,0.23133043661691005
263.45,0.1430641924146405,0.09533406399171736,0.4901463634440807,0.13872280995614855,0.25517301873246095
263.5,0.16554417533110366,0.10630390390066329,0.46825896142084733,0.1421399926120558,0.26788247023596273
263.55,0.18893064480653024,0.12534335007514896,0.44412007191149466,0.10151558275758718,0.27429906718620023
263.6,0.20217407172682417,0.14475959897610563,0.4250569295059856,0.05453763783810827,0.29252866968269814
263.65000000000003,0.2045538347993695,0.16373841912018886,0.39340618468638217,0.06483925908563014,0.3064085520225346
263.7,0.20388057722638975,0.19330593899871604,0.3695405443197629,0.08943204276085266,0.3102930767141154
263.75,0.20414441916511325,0.2102935053168662,0.3612782734175565,0.1397582245457699,0.34037714926308377
263.8,0.21369258005042843,0.23135988855530265,0.35806231631668217,0.11238735510673661,0.3482577345496147
263.85,0.2348279784443149,0.22759580989283038,0.33862641565889706,0.16353498370038475,0.34916374043000276
263.90000000000003,0.24487361605747332,0.21713728217994915,0.3374621917729034,0.20548739437635632,0.3372336409022333
263.95,0.24581750484866047,0.22092082402305083,0.3372649697797736,0.22008840603366323,0.3199524343016307
264.0,0.2562068155817805,0.23322045632042643,0.32596129946477437,0.23352502825490037,0.3255634696350922
264.05,0.25604249604225526,0.24986950905867464,0.3129739144840921,0.2204525270429188,0.323484282235813
264.1,0.24778672132800852,0.2470697181051303,0.3078366379358061,0.23780644614435356,0.32517719028487374
264.15000000000003,0.2435342682064764,0.24174153971961895,0.30379751045108633,0.24218716535584273,0.32554309146698607
264.2,0.22795193504014127,0.25137545751327844,0.30595258107896744,0.25420100506233334,0.3202188987953498
264.25,0.22496613454966694,0.26355774710499213,0.29395289876226893,0.23755555327486727,0.32872319462646904
264.3,0.23742547022715216,0.24602867410341908,0.2781292162905131,0.2469720503066128,0.3329855712525975
264.35,0.23822072923392382,0.24113980812864044,0.27903781904292135,0.21583994753865246,0.34168752027605986
264.40000000000003,0.22596192383893338,0.24691465902635693,0.2684893565627162,0.2003425286590965,0.34783490437366166
264.45,0.2276143602248891,0.25074849202468186,0.2722741120044475,0.2138177359408907,0.3566446591405636
264.5,0.2407516624440065,0.2497226142667361,0.2714265286993313,0.20403045598153413,0.3634014963187572
264.55,0.24213270473298037,0.23746224947121597,0.2623763697022055,0.18863972554847994,0.3758032894062636
264.6,0.23483395169984664,0.23590818222996476,0.24587433029353975,0.18108411198731816,0.35975004784399656
264.65000000000003,0.2116096730926444,0.21804837390512857,0.22873819649878746,0.14549787421605695,0.36451655447960984
264.7,0.1912774129310893,0.21886454402544958,0.19535283300596853,0.12926043432049164,0.36172863770566654
264.75,0.1929702901378854,0.20198146875483847,0.1772180911115329,0.1652910551016641,0.36761252554930834
264.8,0.21602732424925428,0.19703725285105836,0.16527441271017093,0.1647796221125697,0.3671033678898094
264.85,0.24332679026107115,0.23166107015859086,0.15285286466273684,0.23202029012906025,0.3655768308045394
264.90000000000003,0.2669116546249595,0.26339702665146986,0.1488250947426659,0.26238188981210553,0.36942764570550224
264.95,0.29358330911994895,0.27176984283417605,0.15242450174831665,0.3091781031875847,0.37823511757010914
265.0,0.3194273151827813,0.28968013319242575,0.1340224889720919,0.3250698293856376,0.3803829726345112
265.05,0.33178492057944203,0.299577915140307,0.13280829227656205,0.3387818319430322,0.370062939295471
265.1,0.33853352234737405,0.30094643634952717,0.12281214606731657,0.3025379972806892,0.369388400230984
265.15000000000003,0.35948636225751235,0.28815602271289414,0.1152641601026302,0.30054931340747865,0.3619015041591742
265.2,0.36676229755695977,0.2867745537335765,0.12298981544550378,0.2865905212894978,0.33097519463610753
265.25,0.34712784236803584,0.3029646211934014,0.12608971929182444,0.30361600370599845,0.3189423974387593
265.3,0.3348560131110396,0.31271889376931117,0.1255399698335759,0.31043098080161485,0.3174447230377269
265.35,0.31216355197437556,0.3131667874480802,0.116568215051373,0.29133139815907333,0.3143236571341385
265.40000000000003,0.28669996540191195,0.30718154837219724,0.10016306063333807,0.2823144088612583,0.31399544752956493
265.45,0.2721147183642628,0.30864979506653983,0.08542372172441777,0.2424042408496088,0.2993284284374843
265.5,0.25980275378363527,0.2937971099748955,0.1067402195146001,0.2344771424516349,0.30955021750495415
265.55,0.22595214966789545,0.274685647519274,0.1072077159202368,0.23882455415889522,0.29828462403895956
265.6,0.20393561010262232,0.26844526377086836,0.11525460441538328,0.24255172251891535,0.27044659927664927
265.65000000000003,0.19422037392653066,0.2670846832301425,0.1225565150829337,0.2394113941131282,0.22439984423909148
265.7,0.18262427368845008,0.2730854041918038,0.13455435412417827,0.24289671852196326,0.18793502002649365
265.75,0.166054272346959,0.2744432380039603,0.1384608343282601,0.24214376946878025,0.16710960667920907
265.8,0.15210987042676247,0.27373565174697123,0.13651317517747064,0.24298205124395533,0.17407796639974868
265.85,0.14059168415089873,0.27336864163166785,0.1431766719677958,0.2421250083569477,0.17389984570148975
265.90000000000003,0.12776230471811065,0.2784332842515727,0.14983115648964798,0.2524200248162161,0.17584008470807783
265.95,0.12062130553742294,0.286231258681015,0.15498643015332092,0.258847097013257,0.13506416933951843
266.0,0.11180972060960559,0.29317137756787304,0.15105217653215824,0.2627210510056832,0.13624203799197143
266.05,0.10313530663972453,0.29849914856584403,0.15543802184906153,0.2679265746855721,0.14391648101770577
266.1,0.10290033135175337,0.29209079181658015,0.1583390795562409,0.2642420563227811,0.15977041044414836
266.15000000000003,0.09770663232344129,0.28841900070707677,0.17419271674121883,0.2694099530103071,0.13441502512416564
266.2,0.08921828981756924,0.28365970565817455,0.16897927333418097,0.2960658869934851,0.18737493760027582
266.25,0.08641121205291032,0.2819477815611627,0.17501780051729265,0.28859152818979605,0.2100783544278071
266.3,0.08547050942370657,0.2888294014176462,0.17828927377497725,0.2706026731837206,0.18371645290581937
266.35,0.07792200808974455,0.27878836906943477,0.18919202957928616,0.25809571260235376,0.21894080225623458
266.40000000000003,0.07533071343520156,0.26473211581813544,0.19126097776826795,0.23563164802097003,0.23576138000691022
266.45,0.08024445934746127,0.2557806919283891,0.18700964836694337,0.2139724061694369,0.21198403677367214
266.5,0.07589187328399502,0.2596651499608047,0.1956390340016533,0.19791785948643287,0.18242989238857107
266.55,0.07171462744624799,0.2549277691726021,0.205962512828978,0.18882237970826685,0.13026235312966947
266.6,0.0730533868331274,0.24248864520106958,0.21521852077321713,0.21448253304526532,0.14210039735313318
266.65000000000003,0.08305294201245998,0.2631481006291879,0.21096639772286266,0.1871020975481379,0.1688243233217092
266.7,0.08622186125714339,0.2551385918558803,0.21447661168461365,0.20389933256028517,0.21603770546508996
266.75,0.09412837660905117,0.23467129736454032,0.21121540147318127,0.20384372113202157,0.20005992332398706
266.8,0.09684043865101961,0.21029622978275664,0.21011670517602754,0.19197390804896897,0.2595425473979973
266.85,0.09721142519247442,0.21748427354538952,0.20779741203047553,0.17047853041321792,0.28279576077479385
266.90000000000003,0.10193794010555186,0.20315057655015709,0.20501474169253417,0.1395554608732779,0.2643508486402093
266.95,0.10977897810573446,0.1950562903372497,0.21251776362630787,0.13977901697773598,0.2319852955768856
267.0,0.12938227402354413,0.17359095505760977,0.22063533703233304,0.17605804948257192,0.22084515358504334
267.05,0.1416571494179292,0.19781053950060953,0.21944503533112406,0.16421705204023743,0.20504207037578803
267.1,0.15497068810330356,0.18169520394431912,0.22870476520078512,0.21564109389724362,0.19555647155711564
267.15000000000003,0.16487960508059912,0.17669666373632012,0.23939117546464944,0.19373832018963372,0.20233849092735692
267.2,0.1656573313919684,0.1547478371426853,0.2540454994809726,0.18697173214298213,0.211026292447753
267.25,0.17426384327452643,0.13482431530953815,0.2682937521943819,0.18874120327944674,0.23136803865715097
267.3,0.17309822759314822,0.14811128786928565,0.28548839712175456,0.16107002828999314,0.2513436294782735
267.35,0.18056818131583036,0.1507975568075173,0.29796598980241373,0.11711462735038225,0.2569779587355998
267.40000000000003,0.1927390701029114,0.16758276037355688,0.30996781192124034,0.08685117542100672,0.2915442223695826
267.45,0.19739100203426765,0.18290725211513334,0.3145283224617479,0.06590444627457127,0.3278122825886323
267.5,0.20552358378204322,0.1734501517148898,0.3172259538940654,0.0643340243437078,0.390113386582772
267.55,0.21091173358343243,0.17607795996592313,0.3219756719206201,0.0977211299853898,0.3700967833560065
267.6,0.2192198442887178,0.1696771230938405,0.33154595672898857,0.08078972179576921,0.379037882849757
267.65000000000003,0.23044001143764517,0.1724384597863136,0.33842807184141577,0.0836048574841226,0.4617576360282113
267.7,0.23917991905955724,0.163389725133819,0.3397677195454032,0.09973596973079964,0.5016939852179868
267.75,0.24976772767549746,0.18261280915764766,0.341978369952629,0.13549169705029632,0.5141443226833469
267.8,0.24755157512272202,0.19756985349409967,0.3424842301875641,0.12818454232879306,0.525030545501262
267.85,0.24217319904263418,0.1919808310395639,0.34214976313456735,0.15793817322051298,0.47207890954160864
267.90000000000003,0.24323919567633537,0.22329287791486976,0.3480080562710023,0.16382707551998127,0.414195503352973
267.95,0.24613474957387335,0.22416750207815897,0.35499600169447965,0.23871842393828382,0.39883040909793804
268.0,0.24977125223304303,0.24510583893371682,0.34062296130009617,0.22666981074492418,0.37399630931595607
268.05,0.25560477390275066,0.2301851519690938,0.32039292988261064,0.19825281392426605,0.37008611235721844
268.1,0.2608743438727486,0.21058918623561,0.30669236582088316,0.168819371954519,0.3975174100800815
268.15000000000003,0.26385205103580295,0.18081829710643982,0.30889704266606904,0.1473644587585945,0.39584180426065246
268.2,0.24858937404149592,0.18599125712541653,0.32213046852275035,0.13351778636358766,0.45555351522614485
268.25,0.23296796308342999,0.17441744291660743,0.3552677677460871,0.131659687728569,0.5232113414283636
268.3,0.22693816273337095,0.1727637399772075,0.378152731961996,0.11204496181821523,0.49972613023130374
268.35,0.2210052722233795,0.17286919877868487,0.3831086287393133,0.11353880517007682,0.4675978145747574
268.40000000000003,0.21066840314338037,0.16838120455544955,0.3827771809776564,0.10989367961615562,0.513456173792102
268.45,0.2056474144727793,0.1656989084673407,0.365352471830535,0.11348357016196194,0.543721980883242
268.5,0.21346230450558468,0.18220919986144485,0.3489518913203492,0.1006179036582785,0.561283898430748
268.55,0.19801055999576891,0.17518772560753,0.34010496513101046,0.10806569676863795,0.5537761721901697
268.6,0.17393004076680244,0.17535034739372765,0.3290640106978365,0.11675730465074428,0.5859801749036196
268.65000000000003,0.15281354270557151,0.16859301391992523,0.32681415032731453,0.12279151014720657,0.644953778736967
268.7,0.14919695786719134,0.1775590641830872,0.34936068591343195,0.12460313647041103,0.6927244190114639
268.75,0.150513176369922,0.18383612569985486,0.38489927925479034,0.1270570922212953,0.6718998652447178
268.8,0.1580981065493165,0.1858258125840056,0.4167663580249685,0.12193557096139697,0.6532685551629656
268.85,0.17600042072099178,0.18235134951129606,0.43101350885280015,0.12371021808252428,0.708965667633227
268.90000000000003,0.18701993941143139,0.1893805719381176,0.4452352199548139,0.1185031148325448,0.7303853166277687
268.95,0.2138761082165693,0.1919605189347783,0.43990823133487533,0.11404083225996936,0.7256483253732218
269.0,0.24122309851668738,0.1877082323666595,0.4355420741801416,0.12950001675873613,0.7484074678160563
269.05,0.2562017242293401,0.1903452903386137,0.40710017638458723,0.12536533310738213,0.7637988272144253
269.1,0.23493906518873198,0.19236528340910777,0.37634379787375716,0.12482660774659213,0.7818828171295806
269.15000000000003,0.21898937509825891,0.20295625242977994,0.337600813342929,0.11014858818474395,0.8018878811808579
269.2,0.20693615742276222,0.22087920172136344,0.29040878331486614,0.13883903727398827,0.8374944990481773
269.25,0.20397419230782524,0.20981009192725963,0.26414039334155404,0.1377898634910655,0.8293500007277794
269.3,0.20033515111458447,0.205178348531747,0.22992755009044463,0.12844493006083985,0.8289554542251313
269.35,0.19431148395986,0.23072454546276094,0.17745286783666173,0.12999895236682135,0.8245281263055523
269.40000000000003,0.1882904746646864,0.253187180353718,0.1459308848674344,0.1443948297186448,0.8246684271665073
269.45,0.18395182159579526,0.26541666983572676,0.11607878838797073,0.17577691427210526,0.8268370479916364
269.5,0.16981294869848584,0.2869651896292742,0.08276904629431683,0.19918020777470039,0.8378843636492505
269.55,0.12792327349305438,0.2849405761958044,0.06340795564902617,0.19384783832572575,0.8704148733768322
269.6,0.09398045762782964,0.267017633653219,0.05414036375293597,0.19080407047947215,0.8933954072985122
269.65000000000003,0.0671109871005477,0.2633507459713157,0.0482076944993142,0.19057938004764036,0.8925515850923816
269.7,0.04780210139979179,0.2484013768888537,0.04420433393502617,0.17926037614482754,0.8906386840749507
269.75,0.03179714984361864,0.23777298798822452,0.04963041307279599,0.15941090177564546,0.8922415907370919
269.8,0.033645417982327036,0.24516488783142512,0.06403205535799046,0.15383597153257278,0.8723778082348302
269.85,0.03193222018356296,0.2429696934601584,0.08682716475539973,0.15444261127967523,0.8590804869613892
269.90000000000003,0.012844257556470331,0.2346385230478424,0.07523050485459254,0.1533894650178468,0.8339615971875216
269.95,0.007906423461796654,0.22676346715148055,0.06358718410175686,0.15076492472564448,0.814968223309084
270.0,0.01823770563885015,0.22575600823763442,0.057348020922870994,0.13667292828597827,0.8236134828391541
270.05,0.02706689270169928,0.21041617974549734,0.042246646928112516,0.1397989597408437,0.8245431854281927
270.1,0.018316374491264092,0.20987851642980687,0.03688225613965187,0.1354620450126095,0.8154800055670635
270.15000000000003,0.013925562335155944,0.21223404085557115,0.01867799234664489,0.11438179271214713,0.8074617134169678
270.2,0.012801129439521875,0.20778162481989862,0.025791081518203383,0.10364681659731655,0.8064037046511411
270.25,0.030350193514406123,0.19477079708618006,0.03537981317675072,0.08914552557910699,0.8191755491178722
270.3,0.04643112352136869,0.17483574043932157,0.04842827946241315,0.10160572520829128,0.8242707429177015
270.35,0.04408257615745136,0.188528127975341,0.056104924947336536,0.0970990296943814,0.8277604625391294
270.40000000000003,0.03714471974902781,0.19817923671806434,0.05896772238349007,0.13985270297308525,0.840631426622157
270.45,0.038455402120526255,0.20953619333650578,0.06486315395028856,0.14617201985819464,0.8386067337140993
270.5,0.05509903969374039,0.22715881177531994,0.0709756465724964,0.10933157682869024,0.8321667707531247
270.55,0.06685474411547718,0.20674187678071346,0.08300304075424707,0.10891760450060296,0.8180195411216186
270.6,0.07645224860396273,0.20010729275684416,0.08228472319852602,0.07868031381902306,0.8042890358917142
270.65000000000003,0.08892294190816916,0.18656279359018432,0.089874825564761,0.07580603508361065,0.8095429953520836
270.7,0.08877293184721052,0.18876095256648795,0.09428117995000364,0.08727451566215184,0.7902752566732699
270.75,0.09202670485242131,0.1881740868183519,0.10019806079002017,0.09350508397684917,0.7680649603743992
270.8,0.09443995828537391,0.19351890491714605,0.09741074910925941,0.06743940823550568,0.7770200687413266
270.85,0.10154915326185783,0.17478846563975617,0.10297790528410183,0.04620136656011499,0.7819531065290608
270.90000000000003,0.10643320284803814,0.1571786450286556,0.10767925489392405,0.05341333938385697,0.7859044886216051
270.95,0.09995651581992965,0.13577291776329023,0.11162982485989183,0.07799506316716591,0.7853128130386499
271.0,0.09737725379279717,0.14451388173375782,0.12434572794495462,0.07374808653228451,0.771952610171538
271.05,0.10244806129263788,0.11680528613262846,0.1392230196063923,0.0793611209916212,0.7605443440333706
271.1,0.09759479495455908,0.13267344219958102,0.14949790132147484,0.07549764878808887,0.7591932402666959
271.15000000000003,0.09159473285102573,0.1295893562110283,0.15287604959367684,0.08028046484585939,0.762700162097788
271.2,0.08838089921977026,0.10119929839851304,0.1553139485961161,0.07667537935280519,0.7480426396890639
271.25,0.08435923318965236,0.08391587908761343,0.1550815549713833,0.08241329645058112,0.7497705790296451
271.3,0.0881013421202678,0.06744075730725546,0.16427747862906825,0.08077794982230956,0.7638245308414572
271.35,0.08706119178837511,0.07494937746169912,0.19492072958977577,0.1151715750183617,0.8068578056191481
271.40000000000003,0.08385972917462307,0.10499174731199486,0.21809259143390566,0.1355815978383028,0.8492594283587711
271.45,0.08751959766143319,0.1432336711350605,0.22787284912927377,0.12389938086283074,0.8757786772593298
271.5,0.09007439638662944,0.15434266575874334,0.2325742269776733,0.1103209663015844,0.8696927871956177
271.55,0.09461985435192091,0.15023175356040802,0.2351756258418063,0.09653917305859781,0.8714711952747777
271.6,0.09244945185692123,0.15215792469139755,0.23960341892591797,0.1185781045001191,0.8547555681211636
271.65000000000003,0.0943575959103445,0.15153083409502827,0.24595912723246316,0.09510822236480362,0.8542981632113096
271.7,0.09323645970399996,0.15653266348790085,0.2500897609571655,0.12553967659847695,0.8992864768110335
271.75,0.10118626834250317,0.14818730592010956,0.2539774197227389,0.1227661876831759,0.8961694067631745
271.8,0.08976558147642096,0.13858024461066107,0.2587765713448185,0.11244549946803416,0.8958606819073882
271.85,0.08860758602889722,0.13941230418028738,0.2609873149084956,0.10310633670290807,0.8985596242164753
271.90000000000003,0.09507091734588999,0.1447005594066497,0.2674481869187648,0.09365662527099364,0.89344081083471
271.95,0.09572415301509686,0.13831257727951662,0.2789502721887938,0.16215720526916197,0.9077337634003209
272.0,0.09895787304935702,0.1459371591634924,0.2915131246513566,0.17812805828615463,0.9346885706708782
272.05,0.10271304161703143,0.15692049495042595,0.30082650380398596,0.16789476465240494,0.9396496958303454
272.1,0.10268469793539835,0.16289095617605748,0.30779152478230887,0.16331658794269158,0.9146571823073986
272.15000000000003,0.10415150934230284,0.16154526114437343,0.31896787694708173,0.17243763540398105,0.9063864479865184
272.2,0.11096748494007475,0.17342576782174313,0.32863452708169383,0.21089932640082834,0.9109919766710203
272.25,0.11578469851574433,0.17187553463034874,0.3299662817049952,0.24252296437954807,0.9088560902331243
272.3,0.12077545547600348,0.17523974154791683,0.3282370923405337,0.24554614284766874,0.8962826356587134
272.35,0.1191110049474036,0.1771845650152691,0.33024283225697154,0.2854527719081303,0.881490704878221
272.40000000000003,0.1174470799017066,0.1844910613708836,0.33318607512351645,0.3193627030376041,0.8909419241120748
272.45,0.11591708964969448,0.18460233359483152,0.3379941494486279,0.2945863695013539,0.9027590146267256
272.5,0.12006042693280249,0.1945958435115191,0.34986211592653405,0.3573893345317274,0.9089229427043797
272.55,0.11913163648321538,0.1877408785981728,0.3630264898945657,0.35015210984440537,0.902379793760355
272.6,0.11943552565253356,0.1987743647482414,0.37623946703625943,0.3609620531063266,0.9049292580268238
272.65000000000003,0.12078687462180303,0.21314415374228665,0.39435493945074873,0.3714111722173094,0.9237838479274252
272.7,0.12041165077274821,0.22758743664790837,0.4122613317914159,0.3578654171788852,0.9180999334905423
272.75,0.12494489285327115,0.23220126672650457,0.43023747164426623,0.3299926164053766,0.9019459462117365
272.8,0.12356456266241671,0.24308688372688614,0.4379335447094029,0.3260790234583149,0.8956262810112986
272.85,0.12641896402099773,0.2584792116547149,0.43052262308029887,0.3332062480366149,0.9009060772329889
272.90000000000003,0.12809056540578684,0.2579553957442411,0.42741828299752915,0.33573693986317227,0.9037074770374995
272.95,0.1273904157382389,0.24591606819081177,0.42801597143761644,0.340762381887297,0.90010277882766
273.0,0.12775653558260933,0.24868087460057584,0.44168372895843383,0.34426012815243695,0.9074365465534274
273.05,0.13336088254196768,0.2458150456655031,0.45980028270640877,0.3578571187171644,0.9121403284163799
273.1,0.14633052964987756,0.2603163410724002,0.475476634987649,0.36345620738010326,0.9134029261220441
273.15000000000003,0.1523647886719228,0.26345526002742564,0.5011441962754092,0.38155014244547286,0.9275400477403842
273.2,0.16568810412539456,0.27238629655166957,0.5162070553090804,0.39011313618596577,0.9386109406556475
273.25,0.1732907883364862,0.30586101363375595,0.5194615961077697,0.3842777898419152,0.9520895132398242
273.3,0.16848046755079418,0.336054779973409,0.5281576639670591,0.37797217919686094,0.9585814715175682
273.35,0.1597380049750606,0.346674870142411,0.5269482020460254,0.3988238630572539,0.955782616038078
273.40000000000003,0.1649283333486481,0.36390643474263773,0.5230249649096512,0.4219706237870869,0.9528654938010598
273.45,0.16757613986910835,0.37124658751402007,0.5407440304323219,0.4179257383520759,0.9482072725764248
273.5,0.16885811711110743,0.3745884219385833,0.523268532887656,0.4472510121938162,0.9505127760636077
273.55,0.16636333616802937,0.3869514721510622,0.4714551841987031,0.4420721318748681,0.947427264289544
273.6,0.1800527229538521,0.3898291872393779,0.42621718570309297,0.4338056310320427,0.9367670601064654
273.65000000000003,0.18871288776786693,0.39476150940417176,0.3937867982518611,0.4041124388539544,0.903808073095268
273.7,0.20311291629544675,0.3935118310654027,0.38780837696759457,0.4262477138698779,0.865917073992391
273.75,0.205944818748475,0.3877887513636119,0.41199472186946545,0.42215038671029703,0.8358171975981001
273.8,0.21089758149736323,0.407467369372759,0.432868149376952,0.4198014125345402,0.8270022505511427
273.85,0.20764417459322504,0.41608274447015814,0.44979317521070733,0.41470179006254,0.831444411397997
273.90000000000003,0.21305748816981343,0.4168705594137379,0.44710059795918033,0.40492338432611796,0.85522412287865
273.95,0.19954895852901808,0.4192847399603352,0.4528675687158234,0.4144613703501121,0.8659435863745552
274.0,0.1911792814426155,0.4426671568158081,0.44687592892247757,0.429970829673127,0.868244447822774
274.05,0.1845041830298591,0.44768387256689957,0.41326508215137137,0.42188726794547043,0.8647291215571624
274.1,0.1790450651674874,0.4461650310876486,0.38803970363503815,0.4557769428316332,0.8431967972080511
274.15000000000003,0.1501224435695165,0.4468287133183211,0.34663916479143475,0.4473881774197025,0.8114562325885969
274.2,0.15887098560657395,0.4419435135779047,0.30987330786602785,0.3970603230254198,0.7760881507254266
274.25,0.14220003915633017,0.4246608033734032,0.2880841442313013,0.36057007635998506,0.7475457551105917
274.3,0.13379354057401124,0.3930002471880131,0.2554060870513617,0.3185205289675676,0.7063913101584721
274.35,0.1396742438108155,0.3564829873988667,0.22428680787759447,0.26198844593131926,0.6760339263683541
274.40000000000003,0.15787124365559205,0.3214094843904251,0.20340220602569672,0.2548133261079267,0.6711326354353343
274.45,0.16005189849588905,0.29718521544018683,0.19778744055344644,0.2291514386550697,0.6729533936802686
274.5,0.15228254652901024,0.29511173387367673,0.1850021718839534,0.21639699637416732,0.6880685747735525
274.55,0.157963907059889,0.28569824199981514,0.17667084291638693,0.24010305567091,0.6690157323450355
274.6,0.16926266234840173,0.27607835337135966,0.18462991081788716,0.2379096731634295,0.6736558388830914
274.65000000000003,0.19153246434346133,0.28069304287705105,0.19325279727160197,0.2323190413676547,0.6797368879252623
274.7,0.20176246325768987,0.30782009707399643,0.1938855703002878,0.24061419612930432,0.6857237828100068
274.75,0.18617223788061202,0.30917754463973246,0.19492576046266955,0.27166141922391357,0.7023479723722517
274.8,0.1798403714802811,0.3145802804061399,0.19435468923692106,0.2823731283680157,0.7097780017334259
274.85,0.1734542759084642,0.32595944103541535,0.17819112389770803,0.26618683690328776,0.7208304741954031
274.90000000000003,0.1717338325215067,0.32656778306338835,0.15222670992935203,0.22441491332940047,0.7252876578780059
274.95,0.17141370917118268,0.31110038770968246,0.12324569182556637,0.19450612569972772,0.6971215857843567
275.0,0.15265905788674475,0.3039662847080248,0.09660387797205156,0.16381165184160756,0.667782052315726
275.05,0.15103961848940103,0.28641468178970314,0.07333049641644122,0.13733193170699826,0.6363592509505821
275.1,0.13883694072623157,0.26818466344004466,0.05700832782178976,0.12399120622744081,0.6035683887646937
275.15000000000003,0.11521178780877826,0.2561160429807514,0.06858992550105909,0.12009329307143635,0.5825593428198107
275.2,0.0845674781293133,0.24297352797416819,0.10564318895234544,0.11482451957374368,0.5451854132103977
275.25,0.07702777826628558,0.24660847436835506,0.13187597815980417,0.12875627384088295,0.5097559138521534
275.3,0.08099241600800179,0.24843226606450286,0.14050021545831856,0.11012276853058396,0.48094547181434666
275.35,0.09058796723009736,0.244916441800015,0.15740420745938985,0.11342600011262706,0.47029046758616955
275.40000000000003,0.07175293850379398,0.23058423552860594,0.1755060307827757,0.10113489309641328,0.4551308504305582
275.45,0.07238938705069226,0.21247573773006861,0.18371143239165455,0.12868063959172407,0.4421359872379424
275.5,0.06474743692179931,0.2080482247311739,0.175810391546927,0.13366163499111813,0.43940160462628614
275.55,0.07072561837568307,0.2197797128612351,0.1726739215546989,0.11947850634004453,0.4164008576911003
275.6,0.07895871236547992,0.22365013231681255,0.16968880601550695,0.10330750579877344,0.4075719055379739
275.65000000000003,0.0922489816686744,0.1909763178081587,0.17696197844242234,0.07570009883028353,0.4032187102010463
275.7,0.08290010986980755,0.18978311134267642,0.17680967748152038,0.0613445867399697,0.3979887123977931
275.75,0.07145806391193975,0.2098058843074831,0.17416526966570572,0.04855299654890104,0.3954237934418477
275.8,0.07125349243461447,0.22270107869613526,0.17789066743343768,0.07459684038511949,0.40256052901489126
275.85,0.06495567300533053,0.24748916292384066,0.18562648265824,0.10164841130650425,0.4121157070501203
275.90000000000003,0.05796871911602088,0.24783210396788696,0.1917508908925994,0.07122886056715484,0.41373205091168025
275.95,0.06100585212361184,0.25401654199003176,0.19294973120305148,0.10307623814330988,0.41975300519200676
276.0,0.056758269871137565,0.2496805612324799,0.200285747480808,0.10172056184867041,0.42221442686068594
276.05,0.052733447277661015,0.24298398474961835,0.211240351105896,0.10281309842000984,0.42795240663490886
276.1,0.05428721087394067,0.23147076199726732,0.21880275053473713,0.10869800654793903,0.42855253966936047
276.15000000000003,0.05160904927246337,0.22124331061598546,0.23112240317342492,0.12747182713607044,0.4336277935970177
276.2,0.04702720290780737,0.20222820298584834,0.2411986725426254,0.10535692742968181,0.4321446634382564
276.25,0.04939175738203431,0.1768899425848253,0.2496152988268532,0.12107817762224911,0.4441074947725627
276.3,0.047641299453146574,0.18100571515781594,0.2542653588485916,0.10668600713298818,0.44721925924816147
276.35,0.053845848762480955,0.17469231560395024,0.26051509370681625,0.07903833477667246,0.43593485199824544
276.40000000000003,0.059452153450865956,0.15971506973671554,0.2659927671478271,0.08743390714789363,0.43155912695233756
276.45,0.06608806370749899,0.1421592897501237,0.2755049987486128,0.06693365034128955,0.4273555181325106
276.5,0.06627939816659091,0.1253774188821022,0.27861081016573963,0.07382736421780087,0.38932916934678535
276.55,0.06987583924119373,0.10520988950699939,0.29088365868959737,0.0647373997540611,0.39370313191486583
276.6,0.07305872809198424,0.10122954847221957,0.29680049226085364,0.08649964571764844,0.42073924670962815
276.65000000000003,0.07000239559260311,0.08907127413498085,0.3077640993714858,0.08645706398954903,0.45877714777362955
276.7,0.07886472877501643,0.09079544203003503,0.31012587884154286,0.11317482152483636,0.43931999548562534
276.75,0.08519971885462146,0.09053024213256043,0.3177411547345512,0.08315223335029481,0.4205787292039924
276.8,0.08943057397463951,0.08474758313079939,0.3255684198125268,0.0994391776308788,0.4150704800140328
276.85,0.09913876407661175,0.08605491268375993,0.33315421287670244,0.091650996302075,0.4049002979126494
276.90000000000003,0.1039564096577845,0.08985263797987464,0.3352938319170429,0.06511028603179267,0.40655826185958166
276.95,0.11048423592522408,0.08271064893392059,0.34392434711914394,0.06942833586705073,0.4132433659836166
277.0,0.11080911000825186,0.08808202902766896,0.3564818021989051,0.07058854512678227,0.4218320123479283
277.05,0.11664761163399685,0.0941025250837653,0.36825900047104565,0.05802362882340127,0.40775717332865763
277.1,0.11668937687497191,0.09590861866679615,0.3633729466982216,0.06078841867318688,0.4205232632672433
277.15000000000003,0.12204035997818949,0.11092325025696345,0.3752525978040259,0.060519992618446004,0.41755361711411726
277.2,0.1278526375201125,0.10910738377109706,0.37777465250162157,0.06435529126586144,0.4249278622644675
277.25,0.13028140923931184,0.1077986178427982,0.3694306187561205,0.086672514428917,0.4263275368541661
277.3,0.13429335977586287,0.11035298674399734,0.38274965707601305,0.08529000525537364,0.44216593518953407
277.35,0.1399042842020451,0.10633119911253906,0.375721304118164,0.08906134535376818,0.45113323594138105
277.40000000000003,0.1458295991821793,0.10132020100779231,0.3591297792510027,0.08662563054609758,0.4733768011996449
277.45,0.15670700686388653,0.11455128878372173,0.3412835191937791,0.1137221037085635,0.4865761451936457
277.5,0.16232903369001736,0.11244769083770305,0.30834105258602945,0.16147648676839027,0.4817108572933113
277.55,0.17335506230045153,0.10092447501894057,0.3046696685530648,0.17894514832938185,0.47440786335454593
277.6,0.19323402840211093,0.10128515225864643,0.28487747570769045,0.20855060010171272,0.4684204888195103
277.65000000000003,0.19402897531897922,0.07485926559144533,0.27013454203975523,0.2040150244449547,0.4768140515869916
277.7,0.19009510485092318,0.06595058094662458,0.2743582267786591,0.1918618034926738,0.47931880376440783
277.75,0.19039838385465555,0.06717183692254618,0.27707271835290664,0.1629322319818214,0.4810721079019271
277.8,0.20093255193653334,0.06762810181381188,0.2793211626310989,0.1458244514014732,0.4891731526040151
277.85,0.193481041174302,0.05621215889609027,0.2884385096651102,0.1459552500637371,0.4831551877751535
277.90000000000003,0.18147869863587673,0.06947960621457064,0.31448773469549324,0.13483297680861267,0.5064258164340841
277.95,0.18065635203028935,0.06842900391319719,0.31976824465994447,0.13464113450142529,0.519368420924852
278.0,0.18795158374916662,0.06777721277045852,0.31698849414045244,0.12377314437189922,0.5536218799607254
278.05,0.19388518683161024,0.07162632352916685,0.31327229078847446,0.11043615867825109,0.5793000238315967
278.1,0.2159068415909263,0.07111315806968938,0.3001434936679066,0.1152753733076209,0.5943691265263314
278.15000000000003,0.2274891138803482,0.08666868434107827,0.27844306819848197,0.12343694787681575,0.6018321937399345
278.2,0.23187945831203505,0.08689895154236156,0.2666731207022844,0.13311368158614012,0.6158100531855473
278.25,0.22066752447732685,0.08114221667544413,0.24270901587378355,0.15141090703394916,0.6402316867533355
278.3,0.20227406564341902,0.06399359230098775,0.22793223799040138,0.19375486526459745,0.6868251707920306
278.35,0.19649684582394117,0.05462514240722499,0.18617849141632084,0.20981805640098897,0.6739520042514312
278.40000000000003,0.2062839433555729,0.03337432810466916,0.1719351199934524,0.22765526537732597,0.6379585504623349
278.45,0.22555312471346334,0.04068579090166091,0.1542182551774704,0.23781320104709344,0.6534729194574548
278.5,0.220433951735237,0.024385483594266257,0.1362291078114606,0.2464678758374286,0.671870821748625
278.55,0.2093265101172894,0.024054709639026846,0.12094211157263164,0.2531196892370177,0.7007094409701611
278.6,0.21630348977751504,0.02262023737714898,0.10531386451648576,0.2630630194688814,0.6935669493932947
278.65000000000003,0.20280499079039005,0.0483678622927791,0.09442938818213244,0.25651414888022617,0.7060941923318159
278.7,0.18746786535051996,0.059579234845900025,0.08360706728973331,0.2618529538471697,0.7144248718779976
278.75,0.1674639093788662,0.06485890050082191,0.07824991856267031,0.2588511281949776,0.7148306269670311
278.8,0.13721199803285705,0.06022340811809353,0.07757018783659637,0.2619643602410006,0.7442075476250933
278.85,0.11629723270778398,0.07022787183314072,0.08229762998155456,0.26536872344549456,0.7505467287212017
278.90000000000003,0.11539945696560663,0.08428688420340602,0.06535979867741672,0.26712793501063814,0.7243771620579401
278.95,0.1130917683484723,0.1135317025911644,0.05709044488352667,0.26938354546877286,0.711754032298683
279.0,0.1113888655519621,0.10471485430031371,0.0559766955393132,0.2600825487171453,0.719242320650852
279.05,0.1260068296962845,0.08051334182874215,0.05469251834078843,0.27694203228360065,0.7193543264339757
279.1,0.1380791355990783,0.0770254579748818,0.055615911884318386,0.3240324559375198,0.7159205884231801
279.15000000000003,0.15420951010227607,0.07397651965007744,0.050462455727462135,0.3198411571162421,0.7137156506079634
279.2,0.1463968310884568,0.08822661090805149,0.03708153933784374,0.3233049731433505,0.7216534058063899
279.25,0.1288727887369664,0.10866643926085476,0.025299883306906495,0.3289917504451671,0.7274193518843426
279.3,0.09640952086936773,0.12628580220552335,0.026770891912589946,0.3313314808443034,0.7296053230707403
279.35,0.07237596600481255,0.12858634459592935,0.028001113309920746,0.3369303929018729,0.7364715267261291
279.40000000000003,0.03777777356052319,0.13537238171593818,0.009921639482472041,0.3675020402241963,0.7271255206784464
279.45,0.05697750241898528,0.15206728624357937,0.017761037961030596,0.34602276032279644,0.7377033316235495
279.5,0.06361718923836904,0.14482510362038659,0.032596219234969165,0.3421116790410294,0.7277994592139756
279.55,0.07145226906425724,0.13927474139456214,0.03373213609164923,0.35292477624908986,0.7143256555470328
279.6,0.07683419000127752,0.14403490326378635,0.039043737220317086,0.3157716147913153,0.7199336814911477
279.65000000000003,0.07574102710606118,0.1452356051739423,0.05056508243966057,0.28837712232406004,0.7292849606353333
279.7,0.06959490331622714,0.14546304536281865,0.07534178365344191,0.2802284674072969,0.6912736613521921
279.75,0.06696056459865597,0.12433427177069867,0.10290393879065973,0.2407038569801426,0.66353319487861
279.8,0.06630127584197773,0.10731704745207617,0.11347826187248945,0.22463551906142196,0.6390178138511254
279.85,0.07714632739606475,0.09083849116637518,0.11948340938956072,0.2144385918634152,0.6320987348217433
279.90000000000003,0.08135917149861384,0.08389918598907424,0.11519202293724685,0.22431047749706787,0.6219997757501144
279.95,0.08317103821700705,0.07904793942211562,0.12438501745228005,0.26699700220184447,0.636611127775437
280.0,0.09787298115250245,0.07828004238112232,0.12675870094140596,0.3038486440327224,0.6312532603461867
280.05,0.12612464476761506,0.07420554246662793,0.1330330025706042,0.32872803069127765,0.623578504727994
280.1,0.1622490922122357,0.08071204630210631,0.13812759120546553,0.3068854100169855,0.6285247531566105
280.15000000000003,0.1805737995960893,0.07863371179313607,0.14343107437365007,0.3223546095491534,0.6218950521233945
280.2,0.17648376306364558,0.07207775394211789,0.15913836382797025,0.3140000359901595,0.6289400919704443
280.25,0.1556569029628728,0.0693399442440203,0.18060327167915224,0.3154605082009967,0.6233645192912655
280.3,0.1635770850401583,0.0769989088632115,0.2101688607839485,0.2937668638163699,0.6174248595345284
280.35,0.1573298417058309,0.07718483513397086,0.2197808755837372,0.23071296420702178,0.6090863004012541
280.40000000000003,0.1583337448176115,0.0886220565939777,0.2222568312201525,0.15333749917002623,0.6039690786060314
280.45,0.16975328896067038,0.10121969239186153,0.2078512393814385,0.10027382528154775,0.6055400316553192
280.5,0.18109060844060373,0.11805355160963633,0.1846405432639307,0.08528268575127644,0.6061279181161489
280.55,0.18900546937875343,0.14678412728309348,0.152583142433823,0.10649186629911868,0.6198089611799175
280.6,0.19943766790867948,0.17319689555360473,0.11748042538439997,0.1535876427437873,0.6369613352161033
280.65000000000003,0.20396352523876118,0.19337786316529432,0.10600347296985863,0.1738857800822001,0.6514593297707955
280.7,0.21613884663999136,0.20389231899899676,0.11261815271002834,0.19285914271301174,0.6619912301128604
280.75,0.21483191949270453,0.2014496653699766,0.12306085228269137,0.19382578429786199,0.6556615920937111
280.8,0.21881911869260146,0.1948467622974414,0.12988582027328843,0.1840670716926976,0.6425000351796997
280.85,0.21582289532184418,0.20110736266652404,0.13478528976150664,0.18755617604844796,0.6408416982634189
280.90000000000003,0.21314678956431304,0.19306967486935328,0.13472934644823034,0.18319257590014942,0.6527325363785944
280.95,0.21294698006723403,0.19471101333781607,0.13811043185673438,0.17967029334680237,0.6343721663731996
281.0,0.21555207500097398,0.19872232661529307,0.14322954709279875,0.1927598886929217,0.6285323211555935
281.05,0.22788899292396622,0.20329987755698153,0.14707473986447275,0.2257920046324536,0.633995036967311
281.1,0.23743879961053266,0.20480324462206395,0.15220282624950504,0.2332578936638884,0.6456370658331844
281.15000000000003,0.25324075302371135,0.20826679731057315,0.16822047693851083,0.23729393306816596,0.647605854123483
281.2,0.2587025075407905,0.2170005624307889,0.18552925072292195,0.25241865213289266,0.618681364130488
281.25,0.2734830370905113,0.21966864011019108,0.1902135287819656,0.27105760372680676,0.608515788560991
281.3,0.2703828959609585,0.24028350881116337,0.1757903862183347,0.2844573514115021,0.6149774101669992
281.35,0.2847099592543482,0.23726848368776154,0.15668803492007094,0.28847360863506216,0.6054575349576196
281.40000000000003,0.28452194562468347,0.20820421768948053,0.14503448303321756,0.2966166975056339,0.6091732305534232
281.45,0.2915113083101723,0.19424901267172787,0.13357048932271526,0.2915154856823399,0.630190741021244
281.5,0.2947076907065228,0.17937124475474198,0.13674382640567323,0.2850547249808361,0.6042165333105856
281.55,0.2964619677631616,0.17316493148998605,0.13745850029365805,0.270116885625633,0.5774183420656612
281.6,0.29644667238179284,0.16925348557785586,0.14408629171755372,0.24191024871311306,0.5508263460129561
281.65000000000003,0.3014224323215758,0.15071608922423096,0.1501082219217527,0.22173297766505867,0.5290471895012538
281.7,0.29815247387269694,0.13970003961492655,0.15436573236705678,0.18572426807165365,0.5177894588761109
281.75,0.30056993429299167,0.12863490298129976,0.17153344350641175,0.17361131300523466,0.5139024525685812
281.8,0.3044799998112135,0.11947316842151486,0.18702518962686732,0.15870183180092345,0.52436404932086
281.85,0.3125908557461194,0.11171469537941084,0.19783842780060437,0.18083698006243812,0.5272310343765919
281.90000000000003,0.3226294084357479,0.11965314662446878,0.19889864741024174,0.217810473033453,0.524914713296096
281.95,0.3232653049413073,0.12913351827218061,0.20662678856616296,0.2166438904741048,0.5326800854542231
282.0,0.31978333935832604,0.1372438667814259,0.2079272655973338,0.23290826186146715,0.5329974277827954
282.05,0.32034714378368495,0.13427153456794388,0.2112106941946521,0.24637071147832754,0.5360257927679865
282.1,0.3197010216462805,0.13341219867973608,0.21347722838301958,0.23433911208708558,0.5310315931098616
282.15000000000003,0.32116500228264,0.14058805988602072,0.20602274736647344,0.23665529827356335,0.5536715578700606
282.2,0.31434935949887494,0.13952377356381052,0.2029359877125448,0.24223951674325872,0.5620951888260508
282.25,0.30687202543171893,0.14541835471582878,0.204115050104221,0.24990629145971924,0.5686209420759466
282.3,0.303398964371201,0.13959435712119164,0.192849182191097,0.26592969215599976,0.5631127317364744
282.35,0.2992901368944205,0.1485891371365313,0.18748755512390386,0.26954629462419916,0.546324837618605
282.40000000000003,0.2983664707467867,0.1483882966840505,0.17946441512244354,0.24709317012633192,0.5480692437507066
282.45,0.30607856359843894,0.14325257533054878,0.17743698289768836,0.264588592346853,0.5438899926413282
282.5,0.3190456098750254,0.14245300266084251,0.16247165062741506,0.2572162899759354,0.5337117817400507
282.55,0.3333665645597782,0.14377515083031314,0.1578798779718956,0.260571328554468,0.5347820774168139
282.6,0.35522739210892657,0.1382201655553656,0.17252703997555993,0.24321522866375642,0.5405408712184259
282.65000000000003,0.3761583024516074,0.14209755415592992,0.17619967252347601,0.2342946805348632,0.5352183411597534
282.7,0.38824256123227985,0.12541919977213561,0.1597879929841722,0.2365812499299261,0.5449940723767939
282.75,0.3971744168832911,0.11460542256389016,0.14398134658953923,0.22852936317352626,0.5556581846300843
282.8,0.39511179356730447,0.11189875154546894,0.13752098689042744,0.2101114352222066,0.5641243363409506
282.85,0.38077315391633987,0.10732550145071376,0.1418182354515749,0.21831788101158459,0.5613937469227084
282.90000000000003,0.36128857354286464,0.10796792171163999,0.13559494502409314,0.21223061880510638,0.5668451373685706
282.95,0.34136578577603194,0.10402685983188995,0.12253227336045021,0.21841601314397927,0.5692341256845729
283.0,0.3324360893116183,0.08573717036209266,0.11216629660364108,0.24042302062195794,0.5670789690503041
283.05,0.322072127059243,0.08863938542215404,0.09662687516302354,0.2669486092330237,0.5682775575753384
283.1,0.3178867846092237,0.10344136555318137,0.0912278529287927,0.2784519932559459,0.5638612094806416
283.15000000000003,0.3139730519098414,0.09957503970353297,0.09333170476205896,0.27797472643149856,0.5533553278650186
283.2,0.3119404563162846,0.10380224212195124,0.0859033394439722,0.28648792547265856,0.5551660069516566
283.25,0.310012410557481,0.10387115895877666,0.09091071481030585,0.29307336013995466,0.5569314909325794
283.3,0.3067913338850166,0.0906899184734364,0.10935477114366379,0.30929208479458575,0.5467758631060786
283.35,0.29217272815672474,0.09058601843524214,0.1091953287392121,0.29739296850690095,0.5520112106996837
283.40000000000003,0.28719469661659486,0.0904286993414475,0.1151842124309007,0.3056757473727226,0.5346190374465297
283.45,0.2835416726978393,0.08716666713092706,0.12819904970215842,0.30681791322084745,0.5329460532483937
283.5,0.275286433002335,0.08744835873417363,0.12501075910963916,0.3205881898771991,0.5332960468275834
283.55,0.2740922483861636,0.09980779324229458,0.13384207132104872,0.3141417036498347,0.5275240882118861
283.6,0.2742382426244656,0.10246703136270792,0.14010212103804676,0.31610109831989247,0.5245692212468971
283.65000000000003,0.26910201313926535,0.10199829232510237,0.1371794280244342,0.31299616644507267,0.5453168967712771
283.7,0.2536712370789901,0.09226845551491208,0.12128799511413847,0.307522793389034,0.564306354368897
283.75,0.23105448635340398,0.09103686034803571,0.10846745204736996,0.3170640981837779,0.579914637875991
283.8,0.21788998507336876,0.09328463702555996,0.11292591865755346,0.32518011644738254,0.5753907237535956
283.85,0.21170158596724759,0.09381215551711392,0.1354196867315,0.33554242802113576,0.548575788072387
283.90000000000003,0.20904571774635036,0.1012849624016095,0.14624038760423283,0.34879957072462414,0.5617893038964108
283.95,0.2050950652566009,0.1076121172391723,0.15011502366873955,0.34585008819946234,0.565765147442249
284.0,0.20486709219336308,0.10552305388468645,0.14732516398010606,0.34848025130659716,0.5718240878011956
284.05,0.2094731469581614,0.11114473944859311,0.16371524751338423,0.36146294379819693,0.5805588777620132
284.1,0.21000950486716205,0.10048041423136063,0.16177626227112354,0.36262383196408654,0.5780338167745853
284.15000000000003,0.2144794451234281,0.09269058192546731,0.16204263653187154,0.3628672032096181,0.5858921072588369
284.2,0.22120783632151872,0.09403414855364792,0.1712755961214601,0.35713187987364675,0.5689123818391532
284.25,0.238124728554749,0.08814288397726504,0.168165073809432,0.35508851605613406,0.5324281640687215
284.3,0.2583755170376078,0.08452823803311144,0.1541125136459014,0.33625537301985997,0.49209541443459404
284.35,0.2768163708948092,0.07653978552438118,0.1530403691217583,0.3507610133278354,0.4384666087245174
284.40000000000003,0.27940856786044915,0.0660020296187242,0.15669096855528966,0.35238146388467306,0.4014976707767904
284.45,0.27194500536837546,0.06997642798436819,0.15318190031078763,0.33637838700647615,0.3961869818805683
284.5,0.26514166252767873,0.07274465421143468,0.16277247145959728,0.3385584003908048,0.3781481384326542
284.55,0.2581842948382985,0.08091779338321865,0.15317833897187624,0.3494724146093218,0.36325258856612475
284.6,0.25669523277741974,0.0961101476196788,0.15030765437661164,0.35969569465216145,0.3424556628021997
284.65000000000003,0.2555458680416208,0.08094065814843114,0.14592761939018561,0.33987757549178643,0.3117128253409021
284.7,0.24970364307290613,0.08377479666195106,0.14879988943663303,0.3320841869330187,0.28353564239127005
284.75,0.23775939655105416,0.08473327278882549,0.15507775834608814,0.34230025277418097,0.26656453994841867
284.8,0.22736536805415442,0.07477318285902544,0.16177885742361398,0.32432114638931825,0.26816327588743794
284.85,0.22581529841138787,0.06564054584203842,0.1655851616564735,0.32803352767048904,0.2600000292008911
284.90000000000003,0.2265101352251788,0.0656874592442305,0.18784927496225937,0.3292320185643204,0.25526423241553126
284.95,0.2281563462075267,0.06368926402667405,0.19600306411518015,0.3149712774722749,0.22216481787537107
285.0,0.2280228097765511,0.08795823915536762,0.20614941264308556,0.3120403717207302,0.20672782398276446
285.05,0.22645738818528388,0.07803248678969404,0.21838145062621248,0.2974827989163259,0.23260225874863663
285.1,0.22354005321460532,0.048408023097420566,0.22907904893898834,0.2895170282597642,0.25749138786068365
285.15000000000003,0.2272753444101597,0.016454634539234167,0.23173691788569126,0.28637303581377754,0.2886377793399533
285.2,0.23162059563791965,0.021536166912824256,0.23621954151878996,0.27314044331703086,0.3297340228457923
285.25,0.2277097204031428,0.007506408317332791,0.24321377626190166,0.2617178509664188,0.34661196004406536
285.3,0.22087094267334897,0.03485448984299765,0.24593195930774514,0.2679312565407025,0.3543885317375942
285.35,0.21744515296285208,0.05141897687887059,0.2528525170617137,0.2592391108448277,0.3651166859601858
285.40000000000003,0.20820967322807266,0.0366789213167706,0.26674384628918985,0.24741167203783235,0.3512479912574761
285.45,0.20328432943033733,0.026108152061047166,0.27863467281208826,0.2501547210620725,0.35864461060465
285.5,0.20522982640234255,0.03791916747182549,0.2814261139358862,0.2625289310821621,0.3842659512066804
285.55,0.20494289392292472,0.0636065637100211,0.28362623918840923,0.30198749257603663,0.3995006769094405
285.6,0.1999322970375515,0.09156990180868041,0.27221237495446693,0.29574869758909744,0.40547275558885276
285.65000000000003,0.19186874423045944,0.11245364220511746,0.25365876468957604,0.2954061537992047,0.4428047675163855
285.7,0.20112879039323203,0.1238277020887597,0.24352125480917194,0.31568584197189514,0.45491646987069284
285.75,0.19578279189396897,0.10638662556159473,0.23272842244839484,0.31428341329076587,0.4423695681339164
285.8,0.19209203764267624,0.09117479992285392,0.227938097116392,0.33586312063316365,0.4285095829491587
285.85,0.19224723996665966,0.07090196900509274,0.2290976529592036,0.38125839004952056,0.40389255764029874
285.90000000000003,0.18436872296833715,0.06598143064300457,0.22366695027504857,0.4141613327175537,0.3955903759631019
285.95,0.18584217925552268,0.07418809408578005,0.2280856374364513,0.42347065016361374,0.3926225709854863
286.0,0.18624135451131973,0.0868427681400044,0.23497162185164683,0.4055744569433089,0.389202907049537
286.05,0.18194387602810275,0.10753689748785446,0.23752306889541644,0.4130579868700909,0.38871944357351834
286.1,0.17814546788527763,0.10154506090513543,0.24564675534299232,0.39366735835587835,0.38719103886695644
286.15000000000003,0.17465004297259532,0.0910346584405119,0.2485927906841231,0.38051433380195554,0.3797568577446674
286.2,0.16957480717925016,0.072572169890514,0.2569988900978979,0.38737651309981386,0.37707400049851036
286.25,0.17128143443098306,0.07234003403621352,0.2654345473807767,0.3480026454304505,0.38927805632294243
286.3,0.17360812306679718,0.06299007389399822,0.2750524135321192,0.352169531060892,0.39315457544149973
286.35,0.17916511481253372,0.06399248163908874,0.2814479675935216,0.33530789544745593,0.411934342818743
286.40000000000003,0.1746200175080512,0.07557160863982805,0.28534081057652716,0.3454482490801889,0.4293041342675215
286.45,0.17695093683250362,0.08032765773383636,0.29113304891885233,0.36684787220326287,0.47927868185813877
286.5,0.18353619150722347,0.09711869448544673,0.30139168545411293,0.3430277143102077,0.497643221701125
286.55,0.18276622632200554,0.10141585401959323,0.305948024362981,0.3544244859939614,0.48329909503892426
286.6,0.18293593089757987,0.12921216781192807,0.2948771928099468,0.3132814528623396,0.541491444980543
286.65000000000003,0.18573818623781194,0.1171870063620317,0.2832118110358907,0.2967209657271305,0.5302925109288155
286.7,0.1932823678729585,0.1222103786646662,0.27415544729265234,0.30143115192532144,0.5273438648440739
286.75,0.2003924550945757,0.13192865575918733,0.27693228632498984,0.28739763218013314,0.5276024383970284
286.8,0.20091482493838428,0.12547884696285977,0.2832398850230221,0.28660396311143477,0.522536176084482
286.85,0.20289312575626825,0.09786149195563351,0.2761672520565429,0.2929897519706208,0.5329928933167394
286.90000000000003,0.20605945823264424,0.09642780749466036,0.2659400651368306,0.29836595801497895,0.5326180183938195
286.95,0.2145862625821222,0.1172631258076779,0.2515971861759838,0.30412083534796974,0.5755857295111015
287.0,0.22566862750449673,0.11261718381600956,0.23058610810591945,0.300385937052768,0.575765959416646
287.05,0.2284892279425025,0.1362646300957519,0.19908853649673408,0.28556898363409994,0.5608813157310176
287.1,0.22520887173180576,0.1421024816401275,0.17451507138222586,0.2900786045583134,0.5513756693089797
287.15000000000003,0.22314276196781757,0.14652236511229547,0.16539124461556268,0.3041721486685371,0.555299287928078
287.2,0.22132208888925767,0.14415927528225236,0.16324863136961104,0.33265398163789267,0.5589884680235181
287.25,0.22021800495210211,0.16150547722934472,0.16029986791884707,0.32135200246828444,0.5541440095821746
287.3,0.22221271991253416,0.15302058696868115,0.15767585799112901,0.31714398991030834,0.549329505485685
287.35,0.22429331550703838,0.16109162860218865,0.1527425402986454,0.3002528131203564,0.5543285665573886
287.40000000000003,0.2283494173572794,0.1539084859258802,0.14719980239168529,0.29075286709561865,0.5537618585698636
287.45,0.23395067747904072,0.12913923510416161,0.14525055147081106,0.28134064605690146,0.5582292138323379
287.5,0.2375852561526189,0.1127362316312547,0.1363714706883394,0.27919492400952695,0.5644884858009607
287.55,0.23578781897487877,0.11144757994670763,0.1388437349937069,0.26485614422034187,0.5828345254910602
287.6,0.23705562807583042,0.11546056207278473,0.12650290506814374,0.2604594859583283,0.5930484954713067
287.65000000000003,0.2512602085847157,0.10722977769744227,0.10755591395237594,0.2539825955149122,0.5982160922317254
287.7,0.2596642078680031,0.0992308577565915,0.10336030253511343,0.24492661033568378,0.605476453407507
287.75,0.254481362891315,0.09094921882321892,0.09971154986896211,0.24767739875776312,0.6011243356783519
287.8,0.2447095164072135,0.0819698525546051,0.1214352019067761,0.23574255223069082,0.6074740880485359
287.85,0.235218750503481,0.07141025024511849,0.14404938187212693,0.22726440157332525,0.6046817180082315
287.90000000000003,0.23109195399156926,0.07176391933535896,0.16473029012639295,0.2263736776958062,0.6032911396143942
287.95,0.2227839870904907,0.05911917466222544,0.17108095151199257,0.22811094308968152,0.612450508404097
288.0,0.21395864741350937,0.07248166800464367,0.1800771082469837,0.22626044110539778,0.6185744082954844
288.05,0.19673681496558212,0.0824182055667555,0.16760796741461748,0.21885479439760272,0.6326879189434377
288.1,0.18508752724681418,0.07793802066778842,0.12326442608362696,0.22132615841570172,0.6469576000084164
288.15000000000003,0.1801207042332129,0.08031544378351661,0.07450463469663336,0.2194579934326849,0.6713208596277374
288.2,0.18338005656106707,0.09654956557594138,0.05380443423672107,0.22323579782169953,0.6790127495332337
288.25,0.18861558057309913,0.09856423207188517,0.07488004902636844,0.22718571652220929,0.6842702476461311
288.3,0.19922618642850978,0.09240968141912476,0.08157186971847634,0.2593455843971684,0.6826470411546328
288.35,0.19981405314301542,0.08385151652118768,0.07872227173280386,0.27383874538316094,0.6870637735381995
288.40000000000003,0.20010551568109236,0.07820269421475176,0.08299095343880789,0.24410378856917464,0.6890810335547105
288.45,0.1974308954191956,0.05586508512463143,0.0752976358980733,0.22444897189545898,0.6813494296794153
288.5,0.19560086329537454,0.05390529967375826,0.0632436714411736,0.22470835773535222,0.6838273774054588
288.55,0.19776090863586332,0.05994901289981656,0.04601236228095056,0.2096989070169407,0.7021297747544101
288.6,0.20308430374705397,0.050096586805574064,0.057940346666837984,0.16677499473640017,0.7210638310712779
288.65000000000003,0.20284767522543568,0.04232989045871267,0.06285038505466672,0.16340810375611117,0.7244768865866013
288.7,0.20381309658903538,0.042502557359187336,0.06757059470995125,0.17751386355107135,0.7105200154908726
288.75,0.21196169750615915,0.041699185626184465,0.07231285411473334,0.1906754568045894,0.7131211788463434
288.8,0.22314065957413237,0.04827474699021413,0.07481577904677512,0.19478025210170535,0.703899547051222
288.85,0.21413160421940056,0.04097536295965521,0.08590789838729669,0.1853495814758482,0.6842739715049526
288.90000000000003,0.20813971254866606,0.03839934637844979,0.09259495906602218,0.1521781016357866,0.6624229831807296
288.95,0.20244054876239678,0.028469179136280717,0.1000854903685347,0.10630536229343818,0.6580290684172424
289.0,0.18904917390857418,0.031033475709047274,0.1102212654315559,0.12523844797222708,0.6533808439370372
289.05,0.18720129526892004,0.04210040493304014,0.10823429376575024,0.1394821891319978,0.6516273963090647
289.1,0.18853025805671159,0.03475025019273481,0.11228232848531333,0.1269635855637488,0.671624942945023
289.15000000000003,0.19956620386823504,0.026431031431073972,0.12040913995697068,0.15774863025513702,0.6834240524306197
289.2,0.20015906173935155,0.036539773451258334,0.12953480172261655,0.13644824520564006,0.6692644848924864
289.25,0.21151512286894097,0.038209637694548215,0.1301381179933683,0.1466006652450015,0.6607888640943667
289.3,0.22223356818918374,0.04459946553510898,0.14157022323832053,0.14376753386462882,0.6674825756385115
289.35,0.2313096921856616,0.05015902516432819,0.1432219830731992,0.13008613619334983,0.6703026976926473
289.40000000000003,0.23918628865137345,0.042969935148610194,0.15712981526908454,0.11427393289964517,0.684075267007746
289.45,0.23753927975957295,0.04054878883078652,0.15683208627949843,0.13421861929520934,0.6848308226779845
289.5,0.24198152647842958,0.04443898090721213,0.16523051283831838,0.09182725451258544,0.6896964268635107
289.55,0.24474841594379598,0.03351391128714188,0.1764363460438876,0.10195904108806643,0.6932248129936789
289.6,0.24522934578531613,0.028330558253846637,0.17663529568420036,0.10191577209439102,0.6973441019052449
289.65000000000003,0.24514201872799551,0.012428374598725872,0.18744000043199424,0.07968144177804405,0.7138496122910933
289.7,0.23893064060806696,0.032272384421139645,0.19718008155872996,0.05873782908902466,0.7049737363148562
289.75,0.24689933903249736,0.04530830648416996,0.2027017498041483,0.04684474039793975,0.7022263538318825
289.8,0.2559915148239184,0.05751144276029863,0.21429703787646304,0.038902646470245286,0.6967728121461378
289.85,0.25674862617677136,0.0636721073924034,0.22813447708339066,0.04304467725819159,0.6676014082402824
289.90000000000003,0.26241694119394166,0.06262838773928346,0.23770490958972654,0.05247991143685819,0.6504748873328458
289.95,0.26384829170073176,0.06415579709930343,0.2485638544442119,0.06700918889952948,0.6426701812736293
290.0,0.26770869017343313,0.06608230923496004,0.24915037605155935,0.06660367682883526,0.6282430974432046
290.05,0.26342638725900414,0.05735348824268472,0.24816795445281875,0.06948852996777331,0.6150936078318575
290.1,0.2639105957658903,0.06276133170057788,0.2382381313527444,0.08229988987206788,0.6150411042646788
290.15000000000003,0.2751362778235425,0.06301729011416825,0.2471368427208163,0.0946042861097415,0.6205988524263016
290.2,0.2839809004377482,0.05401007220430917,0.25024991645180283,0.08525014971170763,0.616445660773224
290.25,0.2905692937767849,0.056790957387770014,0.25227284946159617,0.07189657096613619,0.6119059058679244
290.3,0.29500682713601273,0.07111912270135996,0.2554724737381166,0.08347125666860017,0.6169908500619435
290.35,0.3013558262199048,0.08053519509100862,0.2658721237202698,0.05570197139517911,0.6196179244368818
290.40000000000003,0.30590452953655745,0.0782132809148957,0.274242497161539,0.04562818990799484,0.6059434597924507
290.45,0.3161732174138383,0.07927590739313245,0.2792065884924197,0.0459773485381546,0.5839720956058666
290.5,0.3234198060110199,0.07960324756397612,0.2868895409451737,0.037514814228156744,0.5773720705785439
290.55,0.32159380892273576,0.09129615013826273,0.29480405745900556,0.06875167054134552,0.5695646456635289
290.6,0.3273443615247612,0.09363112677627841,0.30332706952817334,0.10659779342207795,0.580770029015244
290.65000000000003,0.332997038811701,0.10615006956217493,0.30406766308607464,0.11535920372995834,0.6026539128771591
290.7,0.33572904871263354,0.11772533166003205,0.31717792548111207,0.15408298823164376,0.6157956475235292
290.75,0.33880675045482544,0.12280357640167723,0.32303226238558613,0.15937942753510836,0.6203199998478903
290.8,0.3385292336705074,0.12770431463949863,0.33066760371074566,0.14111909324047386,0.6187528717649428
290.85,0.3508391133608375,0.1633335237509632,0.33952857844509543,0.10270300375766592,0.6306690748393106
290.90000000000003,0.35557135309696286,0.1747758175199131,0.3385677899229647,0.09859815641260088,0.6166866616819502
290.95,0.356739940829254,0.18134091090313728,0.33863624772471174,0.14094284881261393,0.6447992886148054
291.0,0.3621820226635396,0.20029225146971472,0.35441626790822517,0.15878526358005324,0.6564258979840519
291.05,0.36944908606554744,0.23614484725247703,0.3706901053441382,0.18844773262691059,0.6512036732244226
291.1,0.3637214193003151,0.2849077717654076,0.3913630416870929,0.24337998309934675,0.6490797379863931
291.15000000000003,0.36511411621681156,0.3011548488579822,0.40169500384910517,0.3005844934207725,0.5993653803935696
291.2,0.36031323182874153,0.29253917830001863,0.424296311822941,0.316166961589532,0.578093620325575
291.25,0.36395891208004416,0.2958136542066547,0.45488661350908455,0.2863279358329452,0.5715017225979899
291.3,0.3726537490702583,0.3278731448708723,0.4634074811439415,0.3451236380030972,0.5510937363114352
291.35,0.3701325368392145,0.28202023152898226,0.4758809254112936,0.3780117036429681,0.5167631085465342
291.40000000000003,0.36863898241801923,0.2758351744679845,0.4625781334126272,0.3943792028982879,0.4844925018544005
291.45,0.36455262585349724,0.28595141869159685,0.43644886155936385,0.3983463723485276,0.47591101118805135
291.5,0.3594207195078741,0.291430990802175,0.4121666875752393,0.4029031856302933,0.4575019799556073
291.55,0.3627420996395934,0.3074808969327238,0.37938441134935297,0.40065848906956264,0.44110419275723695
291.6,0.3567598787691363,0.27559350019941364,0.3542628278842898,0.3670889018503613,0.44370333273898555
291.65000000000003,0.3432507966494213,0.196688665930302,0.34298329498070695,0.33528401911742317,0.4550175104532223
291.7,0.3470094806576066,0.1535472447609931,0.32160011781960735,0.29685167115030914,0.46346721879391267
291.75,0.33376357789001704,0.1377676741092763,0.3155414746862883,0.2603245312680693,0.46673911988029126
291.8,0.32847245260404556,0.10132482669139065,0.30557726026468385,0.22823555441149,0.469013844604973
291.85,0.318992367360019,0.07834346575910733,0.3043759013398067,0.22498690041093786,0.4630302965108892
291.90000000000003,0.31743625224964694,0.05544239544285199,0.2936088035799519,0.2200699305502258,0.4559393439192479
291.95,0.31828375995906244,0.04302542591669343,0.28576389290132836,0.2270343112599413,0.4582723421938354
292.0,0.3126374897906939,0.009160588160765206,0.2861187583546975,0.24656899498843282,0.45778028601131937
292.05,0.3097118931746759,0.008473308054891422,0.3030132080384876,0.2389792793700552,0.45972926626272936
292.1,0.30422091708057114,0.05257910172026294,0.3125761256502624,0.23854036885027766,0.46647000548239986
292.15000000000003,0.29145092791349825,0.11405108010541339,0.3241810566511877,0.23367136384948628,0.47325517014214413
292.2,0.2913703369538235,0.15806611259728082,0.31307898070838436,0.21744795046727267,0.48629575733635433
292.25,0.28796156992460176,0.1729920154575602,0.28482325369834033,0.2356276887671509,0.48805580739490234
292.3,0.28606788763207747,0.146867499387303,0.26192187578185216,0.24526479116501834,0.4868370693788422
292.35,0.2783589987120336,0.14993803436922482,0.25203285410539156,0.248947053270551,0.4656656396692559
292.40000000000003,0.26865839654538903,0.13581019649374634,0.24332769143353478,0.263129554411792,0.463288383095968
292.45,0.2680964348546245,0.13187973310097406,0.23602496863390676,0.2583257944366721,0.4672617791371883
292.5,0.254947633678342,0.1130928193477506,0.22302807219412302,0.24804748194055165,0.4645904191227275
292.55,0.24503107990393228,0.10133748579311382,0.23343562826067082,0.25400172332778304,0.47756753669809554
292.6,0.2519648454151112,0.12574319560748487,0.2388973482694482,0.25419911328306316,0.4918674189705956
292.65000000000003,0.24843738607935,0.14609726508451118,0.21790297727561572,0.2565789787305167,0.5082871407405795
292.7,0.24653254167773284,0.1473529337499106,0.1915751779537344,0.25343045859147345,0.4991632477937855
292.75,0.24574945143933585,0.17063882100036384,0.1678905347143305,0.25912405653363435,0.4894523420945005
292.8,0.2476429459000331,0.2014465690034347,0.1552824429223486,0.2591990774728048,0.46587657603306437
292.85,0.24016380295259426,0.21545567278112712,0.15433578028740608,0.26273233766992926,0.4569617335502413
292.90000000000003,0.2358856553419889,0.2352060085518292,0.14747186333878243,0.27052613830754463,0.4597699728223732
292.95,0.23365529419969375,0.2619611956037646,0.1413486267475405,0.27967304148438865,0.4768449320764339
293.0,0.2300018751840404,0.253996425489243,0.1437908512105163,0.28751272694574453,0.46099883293467664
293.05,0.2245977295894243,0.25281483920151454,0.13570396612947702,0.2889618642369111,0.4373970097352402
293.1,0.22451447548243725,0.2519692246101768,0.12453296563036245,0.30229367628083464,0.4421621223467352
293.15000000000003,0.22657783668884451,0.2589622058846851,0.11048430139441343,0.29641876490261543,0.44302606418414175
293.2,0.2323352267052528,0.23850312496639545,0.10027491365159777,0.30010134207764644,0.43864572995213885
293.25,0.2300005524535634,0.22185029698587094,0.090594922673046,0.2972843640085237,0.4166030516295798
293.3,0.2317603241926803,0.2228259701452432,0.0784734136541261,0.2733725899814228,0.39752419628344376
293.35,0.22302091282962816,0.21741262709623752,0.06893188617331807,0.26556766097729045,0.3670374924280893
293.40000000000003,0.22225636192328826,0.21286381008213945,0.07373229785078424,0.2652153614106116,0.33504080097235234
293.45,0.2177603769197824,0.2218893475303482,0.06375183138992392,0.2667025067067623,0.30938420247940174
293.5,0.20832528517286977,0.2261375753179223,0.056760552106420295,0.28287476994677185,0.31834653993362594
293.55,0.19976633834576893,0.22863597394848437,0.0486082521809904,0.28765849251894965,0.3383608319025564
293.6,0.19177005451371268,0.23931867115966632,0.03897744022931065,0.2673731229086474,0.3348450418241046
293.65000000000003,0.1936654529434125,0.23938967268836783,0.03840571791873011,0.27899582352006824,0.3657912573813983
293.7,0.1928800702588949,0.24200548302584562,0.043893272863390315,0.2691138420501054,0.36483049261883493
293.75,0.19572297511017206,0.2422031867865491,0.06329424817641771,0.29546866300776276,0.35883682818100265
293.8,0.19545395300985735,0.24769000164069863,0.09358255981955932,0.3233937237232006,0.34174705143600825
293.85,0.19470260834432945,0.24519637576543543,0.11118364314376929,0.372195610699446,0.3251432051672149
293.90000000000003,0.19856339136686482,0.2618563926000224,0.11873540664590622,0.40849497404254465,0.3156393621178448
293.95,0.1956559284245982,0.2689012674245114,0.11357406295596206,0.4037996848838423,0.33078483949132925
294.0,0.20215663017533517,0.25896073186559854,0.1081736347894619,0.41414528852106147,0.3614923637310411
294.05,0.21024996580912453,0.2549222009154144,0.1065410816198657,0.4112077402878629,0.38844020551693914
294.1,0.20508695373236088,0.24110718095383113,0.1049694057152541,0.4143147027868372,0.3834560158246141
294.15000000000003,0.19914664268757146,0.25065671848389015,0.10787359868019171,0.42216054236713235,0.3495676310393536
294.2,0.20373631452296254,0.24784440614207504,0.11048806858314164,0.4423031250266994,0.3387981476527246
294.25,0.2012724249437589,0.23856159012422284,0.11853171184507927,0.3980968607982008,0.3279193408886162
294.3,0.18618232252392578,0.24606093915185925,0.12388351759851698,0.34389117031008726,0.31595803071309864
294.35,0.18406257647643404,0.23638563497107254,0.12846978345311905,0.32711373568658036,0.30108665633351045
294.40000000000003,0.1866957404360592,0.2320182524382983,0.12894334404840957,0.3103850090437104,0.27576641959518244
294.45,0.19379175158685502,0.22789024892624002,0.12235082084197718,0.3198962353143074,0.272452908661747
294.5,0.19070667251702553,0.23476309063610257,0.11904330441207402,0.31139913735161234,0.26595563956540574
294.55,0.18626630601100314,0.23326672061222703,0.12296981333603434,0.3074341242393637,0.2769035827589192
294.6,0.1800557350747614,0.22511863887292233,0.13420717711332092,0.30545796144867793,0.284125194242879
294.65000000000003,0.1761373091434855,0.21374782251228688,0.13519438169986064,0.2668181214648892,0.3028434984432148
294.7,0.16636357240811192,0.21148374882728865,0.13063666985856048,0.2022702507609422,0.3072019547350904
294.75,0.1546065412240046,0.209918391189735,0.14347748552115125,0.1469099138451332,0.3111064086254611
294.8,0.1480694976108182,0.20858420015459953,0.1521409484910373,0.11643725252736865,0.31333076458979575
294.85,0.14037457323274063,0.209831586937531,0.15766769800057812,0.13790853168391023,0.3728680475886698
294.90000000000003,0.12342356603237215,0.19671271278632113,0.16135667431271278,0.15350439179689532,0.3735834126082568
294.95,0.11679964015269703,0.20134630530872188,0.16117329637685382,0.1659029273941875,0.3422984211604134
295.0,0.10932537196114539,0.21043426428220743,0.16802454260359526,0.14233811915444314,0.33766932677864486
295.05,0.11105056775520349,0.22804652063559017,0.17394153021867004,0.11567841190995595,0.32311002994810345
295.1,0.11217647796005087,0.23604895293664874,0.18028429428569007,0.08014802441307137,0.3439517773175267
295.15000000000003,0.11836301952582641,0.2189303169509569,0.19012646057664764,0.06436568960945979,0.3185521141175116
295.2,0.12427841695107951,0.20793746655898696,0.1895911905250292,0.08022897445675968,0.3364368083170855
295.25,0.13189146489779366,0.20985888355999702,0.19578201611390056,0.07708580967833614,0.3144880395018694
295.3,0.13206684830280344,0.21139338208338423,0.19780493334303284,0.07253300727238209,0.29322157342106336
295.35,0.13201302814913796,0.21644153677788383,0.20546629648148923,0.0816679649912542,0.29786244557710695
295.40000000000003,0.13376407498402176,0.20367606383499015,0.20674641518344936,0.09945226306443578,0.29740270798597107
295.45,0.1357292387541142,0.20293136856638366,0.20489762353319899,0.07617371379373032,0.3012435462656439
295.5,0.141877973423019,0.21443638783961924,0.20524082895548498,0.07150448660680607,0.31833243428471697
295.55,0.1511226952295202,0.21019315511394637,0.20522887111465232,0.0976978654143518,0.3332371931581038
295.6,0.16195183498920304,0.18949841086711638,0.2145096227245547,0.06496917839573048,0.339484918493548
295.65000000000003,0.16196258860566567,0.1763153205188825,0.21363028158752376,0.10390700103205759,0.37431634434908617
295.7,0.17232829088081322,0.17179812916431197,0.2016595271321641,0.11265308405087772,0.41533574890006125
295.75,0.17708169512568062,0.16198321026442092,0.20745009375785228,0.12399551634966016,0.4035125363290693
295.8,0.1868179586072105,0.15634593320401644,0.21285292229910827,0.16956049184590874,0.4207623230855549
295.85,0.19497620561294884,0.12317874909420656,0.2075398047481536,0.168106738277115,0.39188673798808205
295.90000000000003,0.1984995343639092,0.14028159542690447,0.20430072647428713,0.17875983958978567,0.36205865510153756
295.95,0.20439438311369237,0.15146422187597372,0.21171211312212704,0.18716819720396488,0.3677251092894257
296.0,0.2119831814375567,0.15184075648502504,0.21264252921698548,0.17752028894869545,0.3761662243150844
296.05,0.22010571643202212,0.15909675400866582,0.20929205142931415,0.1421791495722257,0.39188613958673735
296.1,0.22868780592114982,0.17296421198412593,0.21574469890854303,0.13684076141298077,0.3673059522134822
296.15000000000003,0.2299414858670166,0.16841226041332416,0.21455780708840463,0.11674404764682206,0.3620694272383738
296.2,0.2265248478440121,0.19498636199708202,0.2154836011062476,0.11216742509993198,0.37630545858730047
296.25,0.21769500819099435,0.19449628856640433,0.22302615021826366,0.11379823907953897,0.3948596361547174
296.3,0.2216930618048657,0.18361797591145584,0.21498058455853347,0.1133172140049044,0.41159816955853945
296.35,0.221093624707539,0.1845919705912282,0.22122572706997523,0.12978313775167258,0.4412718000915827
296.40000000000003,0.23256035964602312,0.1856842705199735,0.2147915665875806,0.1290328844855878,0.46554069698270795
296.45,0.24689796717840903,0.18699149184401936,0.22301020775893154,0.13021668401165673,0.4678593935879985
296.5,0.2524923970353964,0.1841030220613362,0.21981096670622619,0.13278346929820983,0.45382803273539807
296.55,0.2615332842389952,0.1945088045358575,0.21248775737324535,0.13572873337279687,0.46789456735361246
296.6,0.2774068975720013,0.20200272081703863,0.21371075865871889,0.1343091700826791,0.46495577096558427
296.65000000000003,0.2930622344833073,0.22047838522545582,0.19965975474824002,0.1484762744877806,0.42203696993225986
296.7,0.30201244324015997,0.23310273299226722,0.18801112779060028,0.15844955315186998,0.38776676784339237
296.75,0.3150820104345892,0.24380273975114716,0.18859126937994997,0.19259143607041557,0.3691396031683154
296.8,0.31436686872427416,0.24553218655662098,0.18853363285468952,0.19764797281468444,0.3471438462796596
296.85,0.31510873722548066,0.24042195326071858,0.18027044181081187,0.2227354750715646,0.3444750265075405
296.90000000000003,0.31415806059438334,0.25781428858460687,0.1683292733266397,0.19080125756359056,0.3599863127821149
296.95,0.33523744296503105,0.2536476705051033,0.18365598700917277,0.2120116840357909,0.35364463505332333
297.0,0.34627541943631795,0.2548489415334035,0.18127782589673253,0.20082349496807017,0.34982995573275133
297.05,0.3504459952421599,0.24534259534173197,0.19542805154166473,0.19435297924993908,0.3457865457744092
297.1,0.34121641538626124,0.23991398780355208,0.2073714785676368,0.18042161987901326,0.34645634946825016
297.15000000000003,0.3242020514131791,0.23897189358893442,0.19294141420950045,0.17517502884228706,0.344696187572814
297.2,0.30883271555343483,0.23767849732408308,0.1994936498119447,0.19797732798671974,0.3450695304774093
297.25,0.3052299797040683,0.23728467649614607,0.18664601207392725,0.17535630753019835,0.3542866899276227
297.3,0.30512082482356484,0.2350992556768103,0.17313154000914602,0.13575713509310383,0.3687426087028195
297.35,0.29672852512290926,0.2334651343249454,0.14886667578202337,0.10258516174508901,0.3752441069148577
297.40000000000003,0.29628589797104155,0.2305603002431622,0.12704927159691798,0.10180930317527292,0.3934030428129053
297.45,0.30386471011950594,0.23001318395919762,0.10966086977684147,0.1004832470146795,0.4106446657652786
297.5,0.3124351002924297,0.22450229099738608,0.10176029118432232,0.13721580906388242,0.43234306791539645
297.55,0.307318042778749,0.22345267985843972,0.0939556870563062,0.17149028334521949,0.4359608926693908
297.6,0.30770663055771236,0.2270856644997356,0.09493566941603347,0.1500725792722683,0.4498912573467551
297.65000000000003,0.31283928974527553,0.2306380328047578,0.08818595726790432,0.18358764414876821,0.4466024165882562
297.7,0.3127420393901687,0.2370349483752887,0.08553943834031372,0.146044079783755,0.44080392281770703
297.75,0.3104362000817852,0.23990890295619915,0.0857209724666057,0.1842472731971611,0.4463050005567904
297.8,0.29097942256354103,0.24322444088177766,0.0884707838542648,0.2109339586955008,0.4634202942911103
297.85,0.2766989833946565,0.24801057591780476,0.09335482007885024,0.22832297088171907,0.4679143466785632
297.90000000000003,0.2627631488423675,0.2500435877486997,0.10289997725640074,0.23887683850357133,0.48270186692747596
297.95,0.25201196935246417,0.24205440443063822,0.1253744276083305,0.23557454890858906,0.4920658162732174
298.0,0.20105404022701584,0.23873018138655291,0.14805835138282178,0.19695738510490296,0.5075081579624465
298.05,0.15986522018016006,0.22920393372362463,0.16691016611292028,0.20060476746982694,0.522049379515322
298.1,0.1425300086885634,0.22584547501269922,0.17263851806368952,0.20290958531790956,0.5348686866476076
298.15000000000003,0.10942524646819575,0.22446705844421827,0.1512870624177059,0.20945190046151954,0.5372628934948456
298.2,0.08832143388639409,0.22525578087074544,0.1184237587224842,0.1615454501893675,0.536451615301124
298.25,0.06905766332143383,0.21887275272522885,0.09946275133549971,0.16181031286764233,0.5656342431613091
298.3,0.05134124946697532,0.22232466594878203,0.10675936851803156,0.18487603938370212,0.5943917117591629
298.35,0.031984322198413025,0.21897290216192003,0.10357826354662798,0.1885005143908369,0.5728775120581164
298.40000000000003,0.025537154444883484,0.2231505896689455,0.07057371318728377,0.16519984375564295,0.5788601726101823
298.45,0.036472137453833986,0.25470863496553836,0.07195021345063793,0.15251028857458945,0.5589268786799465
298.5,0.02369873361275843,0.2540047847513538,0.09124409186540457,0.15753417117916363,0.5942641504823122
298.55,0.03175819615593474,0.23639981797568596,0.12050285768969382,0.15191020117463633,0.5966539373339808
298.6,0.033749790455414444,0.2067557978793148,0.12996814737026893,0.17141379382491226,0.5892408500041357
298.65000000000003,0.026831705356560535,0.18785708399795506,0.16290235928876648,0.1647770854746948,0.5891454897592131
298.7,0.008996302507728334,0.1788248350998422,0.16007146886698692,0.14904992815847706,0.6098322737978992
298.75,0.017751466414085867,0.17955742219108992,0.1726199403195998,0.1298263103560991,0.5653968000686661
298.8,0.01786775948765253,0.17118871532749483,0.18184091831208649,0.12916558178415213,0.5878615526183831
298.85,0.018120604535746734,0.1862076514453204,0.19842218916433324,0.1313394583976907,0.563371445393424
298.90000000000003,0.010864180871607851,0.16255237407291906,0.21594424025033634,0.1479919560662536,0.5157472617349917
298.95,0.013642453280177182,0.1688888279995449,0.23425609981289652,0.15893918732698964,0.5220350012115162
299.0,0.016956429062750373,0.1661974846374969,0.24095608366270418,0.15312351829893883,0.49239968100002124
299.05,0.027864423878273665,0.17366511093992315,0.23562151973539525,0.14318201743818298,0.45768281773148906
299.1,0.022698455617852664,0.16528992863352812,0.23099061359870898,0.12770351510261144,0.4413681448293564
299.15000000000003,0.028302678830318454,0.167628201909214,0.23497650201756382,0.13437427699229088,0.45386367654982196
299.2,0.03803871120983616,0.17431039045367658,0.23747785393915213,0.13285078203656042,0.45041944541501466
299.25,0.03006009272589311,0.1600540362695805,0.23714060110936816,0.12749920947199347,0.44517783684143974
299.3,0.034555598749958394,0.17760844188494684,0.2347233732091001,0.12248319285970533,0.4122252627669629
299.35,0.059637925467445264,0.17994392978835813,0.23713757298475455,0.12723529003628978,0.3971237188816138
299.40000000000003,0.0692083456361934,0.1755556376290515,0.24246995117553055,0.12927833760451418,0.38652503477112526
299.45,0.0836509628363161,0.19289197630075014,0.2469199089882837,0.1739641807614538,0.37441295608537767
299.5,0.08720203490042529,0.205375283776879,0.25113804656867184,0.16094847772888193,0.3708801072082843
299.55,0.10132217461632793,0.21605830103360965,0.25054904189802163,0.1436337598706164,0.3598994020247811
299.6,0.11531192097909207,0.1963078516897011,0.2662016025045815,0.15703339473561137,0.36431609461537723
299.65000000000003,0.12224437256359538,0.1887391271996133,0.2731751151414584,0.17081990524927196,0.35857919277560574
299.7,0.13571097722993453,0.18272078370870795,0.2784412720917882,0.1799634338935331,0.346425481413706
299.75,0.13497393308340228,0.1898158135012662,0.28478518233081046,0.22604594581591647,0.34335819343953344
299.8,0.1329779919640546,0.18428220611060908,0.2945782738083345,0.22227544745544095,0.3465613696969018
299.85,0.1375142318718771,0.1953495738159482,0.3112521571419936,0.18495172214592986,0.3480027539271898
299.90000000000003,0.13957162505807932,0.18246256642206352,0.3284839316547806,0.1845384801860751,0.3447719569789701
299.95,0.13341334527016074,0.18010964349146727,0.3383217436682308,0.21755619436225837,0.353463799506404
