time,uav2_fused_error,uav3_fused_error,uav4_fused_error,uav5_fused_error,uav6_fused_error
0.0,7.990408610638363,2.9875962302180197,6.271289017629705,8.391831737208722,11.53748431562134
0.05,13.300534649560076,4.361440384733488,10.400641852272704,8.876998327370014,19.718173710896824
0.1,16.824576638413998,5.630031195118314,13.125453562537063,8.04316114282218,25.534133684946962
0.15000000000000002,19.15858926911549,6.824376758268428,14.893906184704408,7.146946964051002,29.619699954293413
0.2,20.703381040749917,7.908975418154466,16.004894766601854,6.545082020961241,32.40250244330444
0.25,21.72007343242067,8.826472805849045,16.67550309985181,6.290245420407343,34.23861195296633
0.30000000000000004,22.382827869037435,9.551487106167022,17.049570014593456,6.2717687735497964,35.39019900813313
0.35000000000000003,22.828780520893897,10.111437315697414,17.22539344914306,6.379613817639779,36.05427493627637
0.4,23.11595192603834,10.52176635889125,17.250747005359194,6.539667124912169,36.36983857030903
0.45,23.30217910071503,10.811825716573962,17.209932301525665,6.699995749702244,36.450710727883724
0.5,23.426017446935386,11.02134712592453,17.06479789276523,6.849035281335694,36.368669682832405
0.55,23.49805377413669,11.155382012090614,16.87822830005427,6.991144788250124,36.157538853928024
0.6000000000000001,23.545587890684054,11.220594283328573,16.634652852150964,7.1166977992050775,35.854655195826886
0.65,23.569234788291645,11.26428659424479,16.351415193317585,7.221080870441247,35.484892364675
0.7000000000000001,23.584294307015174,11.274825701073391,16.079183280436958,7.336722594220323,35.051239242278236
0.75,23.592636089462136,11.277239292858763,15.763304407886018,7.433071256539572,34.598792117132
0.8,23.601820348341597,11.24922793517517,15.487851143572536,7.544464493499858,34.11731680202279
0.8500000000000001,23.609549220864047,11.21715223760639,15.181568825429778,7.639043585049319,33.65233734504137
0.9,23.601259160611455,11.199348104772563,14.856800052537086,7.735306913549589,33.17477198063315
0.9500000000000001,23.598358295340123,11.155841669020273,14.52883110766153,7.83668855059357,32.683778303723294
1.0,23.579996998762226,11.116433754378253,14.210303779895451,7.937169842363738,32.18900368196045
1.05,23.559818086085645,11.081569552959326,13.892002072533453,8.036614045551797,31.69427682592134
1.1,23.552862100445314,11.056240923543358,13.527795522252207,8.149703126480674,31.194705658976957
1.1500000000000001,23.53263711295263,11.015813013909227,13.193599593523038,8.268671083524689,30.683478257801458
1.2000000000000002,23.50675894907555,10.975814984114425,12.867489737773333,8.368946875674869,30.20027399846305
1.25,23.47272715706753,10.944670716774658,12.528057925571165,8.487733047231492,29.735544103578096
1.3,23.446229181280085,10.903262541881462,12.174269885080728,8.597102670775776,29.285262457401107
1.35,23.40448161287879,10.859302786548584,11.830756932133509,8.710701608677844,28.820618874933153
1.4000000000000001,23.364392381829266,10.815670088334352,11.493929007413705,8.82845732323943,28.389454704704253
1.4500000000000002,23.32444380574102,10.782677972193582,11.182853906280013,8.933757936296182,27.96794616645159
1.5,23.263101090543547,10.760593756877856,10.872875658657657,9.038253752001205,27.559864611745297
1.55,23.209872005667822,10.71965253374613,10.583876441019756,9.147241731219742,27.171231098415507
1.6,23.146774030150215,10.701319845986443,10.291748476436009,9.260245815722959,26.805864729896737
1.6500000000000001,23.068186312277504,10.685938178331627,9.994992679851146,9.346168909669592,26.46606969637092
1.7000000000000002,22.995487827957128,10.656025226970163,9.71736048758693,9.43460859780902,26.121918775706103
1.75,22.908752764505866,10.638553483829892,9.455252766532846,9.52400662805386,25.79264497895714
1.8,22.84379047459074,10.633126132619545,9.176214463023925,9.602181731477916,25.486566988056364
1.85,22.76301963345206,10.620224033417228,8.923629051161386,9.679995420739852,25.18498212696805
1.9000000000000001,22.66044750649039,10.625573168030831,8.68150109235292,9.752251113750859,24.883512575764584
1.9500000000000002,22.56295769649798,10.627375425955915,8.43930917126147,9.816967484526579,24.593715506238198
2.0,22.469779045408494,10.62245967761893,8.219486087514047,9.874854466815595,24.30088714673462
2.0500000000000003,22.380111390597843,10.62901411783032,8.014726612946685,9.927928094377053,24.01122033835271
2.1,22.286458558867107,10.623556247167603,7.817068121578023,9.969562102958998,23.715588551471157
2.15,22.20316292942234,10.606668209810408,7.614822993332574,10.01145360411589,23.416357762304873
2.2,22.123163929506468,10.598287961655078,7.421652823784755,10.03922435993238,23.113737832652333
2.25,22.04689934884073,10.607890415291891,7.247764609749074,10.057598871602261,22.801320397471496
2.3000000000000003,21.956043811051245,10.601760653350365,7.075763681008172,10.083307772620849,22.47315601566836
2.35,21.870121632294115,10.58275246715274,6.904653502912852,10.086849706941726,22.145819283514406
2.4000000000000004,21.78686438258903,10.575336473816224,6.76022884877622,10.093750567081415,21.78808731104388
2.45,21.696830763694702,10.541221359742009,6.614256882136406,10.097532175385927,21.43039524508932
2.5,21.603220352925412,10.568928814901705,6.491197976343496,10.088617119898704,21.062089071209275
2.5500000000000003,21.492781891290736,10.580024914943396,6.3723492701865085,10.078562312718299,20.683050129447786
2.6,21.401304160943333,10.572987097525509,6.262516856914316,10.062953503522133,20.2773492749056
2.6500000000000004,21.31846594403612,10.573909746621005,6.151344753595932,10.015614999597823,19.857159938425678
2.7,21.242590882872552,10.58898399538568,6.065478554633474,9.987503304889279,19.437903039493182
2.75,21.182912895643522,10.605633043383884,5.964854072702048,9.93841416790013,19.01499995001989
2.8000000000000003,21.104321081752097,10.62816878258064,5.884004331154686,9.89139638723834,18.56101501217011
2.85,21.04354286658617,10.630740902481982,5.814988448714859,9.864545827760567,18.08028444220544
2.9000000000000004,20.973445941529768,10.641907066514028,5.752279306485512,9.811383467557638,17.602667430217938
2.95,20.928307607403976,10.638467909760674,5.702881339812548,9.763366881089071,17.107656474056164
3.0,20.883916998737515,10.647278266889677,5.652860467638199,9.702219488261058,16.61404028745028
3.0500000000000003,20.841606506416994,10.64242369909939,5.621523093823081,9.644058468153348,16.11820950203614
3.1,20.803645139597926,10.645079644469975,5.593608462697248,9.574528409437168,15.61815734983851
3.1500000000000004,20.766484290242587,10.665179371905246,5.563524239848764,9.523539846121094,15.13243065950963
3.2,20.728009320858323,10.664037570871141,5.5512696580733865,9.465272808695127,14.656047735534734
3.25,20.696346908716087,10.6675933127124,5.538227060019464,9.404407565755406,14.188953759177396
3.3000000000000003,20.68212236085279,10.679217120201853,5.531835563035418,9.339692833480852,13.711977023158724
3.35,20.65235543694586,10.68696972682515,5.525557975873789,9.274306357131683,13.233855020645848
3.4000000000000004,20.63817544959731,10.70467959446053,5.520601942105925,9.217089775486004,12.763473515188497
3.45,20.624144535613063,10.704933559271502,5.514993984314571,9.178392315559934,12.31026137119726
3.5,20.616460489412177,10.699820465549841,5.514211249042881,9.118782112808947,11.874394752995052
3.5500000000000003,20.615853759018982,10.691146539923954,5.519958551085734,9.062109627595866,11.452517706805068
3.6,20.61074012735651,10.685618372759023,5.521825883928862,8.990220477324266,11.064670097599903
3.6500000000000004,20.611701847861596,10.680650971117275,5.524019091008621,8.935582032063445,10.662169261993306
3.7,20.61318921826354,10.66580419991752,5.527330763861002,8.896507101714032,10.272518906465798
3.75,20.614723345438318,10.651228395483137,5.522802719805826,8.850243482930416,9.898917471295848
3.8000000000000003,20.618007181693674,10.627452361884862,5.5244447700442745,8.798962112958657,9.53778786592739
3.85,20.620649152380295,10.591315490210034,5.53139375649163,8.747819532397848,9.189516867384794
3.9000000000000004,20.61762407817,10.561461542191212,5.525754681162754,8.701409035334047,8.872579555942194
3.95,20.616910934829235,10.52256136087586,5.519651851829277,8.650164315114493,8.571619167661176
4.0,20.610146047898574,10.489557353481173,5.505917874889503,8.605734673218139,8.3014692823418
4.05,20.60167750579406,10.44006186671843,5.4921849846518676,8.564456684501556,8.041431353019856
4.1000000000000005,20.58326390895581,10.393525271829882,5.479099320219003,8.531570737117036,7.784514978250247
4.15,20.55085191568214,10.346019309761619,5.453415753170381,8.500927984450941,7.553411398277515
4.2,20.507265660750175,10.288835051127595,5.4260087114067295,8.482007555110428,7.337440058266353
4.25,20.447748827641814,10.230291449556265,5.390033153916916,8.452649119066944,7.102019419083043
4.3,20.37269633369116,10.161929653359799,5.338766109147986,8.431859562262412,6.871209634940132
4.3500000000000005,20.286565283083448,10.092883361711511,5.288639029638129,8.406501225888224,6.681147580037511
4.4,20.18842812745525,10.024700868806036,5.219777110976629,8.383034182637957,6.497222176996213
4.45,20.076972381970055,9.956864147113265,5.140090880601521,8.361256518083051,6.301625389318024
4.5,19.949376552986738,9.876254235097342,5.060198957750172,8.330423161427122,6.1225177621679165
4.55,19.80494851103813,9.7903757443518,4.9679365986849495,8.30548871290164,5.965552255333106
4.6000000000000005,19.630861774545206,9.701670208221687,4.866595032238496,8.280596276899258,5.813115603357013
4.65,19.437339248096556,9.609406054757253,4.752443315052762,8.25323553845444,5.620245704940358
4.7,19.22885346888312,9.502139204458386,4.642644492679988,8.224565472228523,5.423436497343103
4.75,19.014125835809853,9.40345985366633,4.522702121387764,8.182175049888547,5.2387192165039655
4.800000000000001,18.79608249926846,9.295358344495435,4.40227051953853,8.145529870860246,5.051000173403407
4.8500000000000005,18.55917355796282,9.17156603753193,4.279400686242448,8.101002534143333,4.8550006255975
4.9,18.301502530175362,9.058570538418058,4.159892650809359,8.054668002968175,4.667251792219779
4.95,18.026540027736715,8.94178910843088,4.036321183801108,8.002554086197716,4.54440014853679
5.0,17.730086693036707,8.834545923699018,3.906455650316749,7.952928974042426,4.3890123942365395
5.050000000000001,17.4258486980847,8.719776024463428,3.752610104740393,7.9048785078487365,4.215622245492823
5.1000000000000005,17.120472510588804,8.612026771831859,3.594834573011162,7.859933776768339,4.039619847311908
5.15,16.81027645254718,8.496426808355194,3.4425573712153943,7.806000437675831,3.878405691434728
5.2,16.484062215653825,8.374861489693556,3.3101682828211483,7.74406771520019,3.7296819944441313
5.25,16.133643132051713,8.264707664544131,3.1940856354496105,7.670017038681929,3.544080301204963
5.300000000000001,15.754354386132505,8.174319021493533,3.0698272482527487,7.601103496262565,3.396525459279056
5.3500000000000005,15.365540308934813,8.08933559019081,2.945092173548246,7.527331049851534,3.283696644312591
5.4,14.957699575527565,7.9934103084686035,2.818504576354702,7.456330017026374,3.137598116234716
5.45,14.560682747341072,7.90828353464205,2.6933643370133,7.394015824099657,3.0307831000909076
5.5,14.186345190974624,7.816606386638217,2.584653531745537,7.311484671338492,2.895983537592695
5.550000000000001,13.820013130389786,7.726312893033027,2.477901518807371,7.241013590979256,2.8049580108312173
5.6000000000000005,13.456493539078165,7.64288239093706,2.378564258353973,7.15887394960901,2.725285588379424
5.65,13.105442171956621,7.5655928448710625,2.2923090208783887,7.080401031065814,2.623604351279165
5.7,12.748801534639494,7.494562843286323,2.2152915508736633,7.000948073309537,2.5319901992292935
5.75,12.39271289092253,7.44013280087948,2.134982981376102,6.915074650200176,2.4683920205166294
5.800000000000001,12.039529177533685,7.373825959390213,2.0623627258738146,6.8362824129629844,2.4327654936036125
5.8500000000000005,11.693730261132604,7.317379539433343,1.9959103877918463,6.763220058935611,2.357480200767155
5.9,11.346742937571365,7.26359958216399,1.9472538579478311,6.664818766120554,2.3222516050838817
5.95,10.9989067330288,7.230598980842499,1.8954443728089503,6.577118718930891,2.313993889296843
6.0,10.656137744155215,7.199803765278387,1.8491794972157922,6.4876171181459465,2.293319936126896
6.050000000000001,10.302888190448122,7.1747378328328235,1.8161814748082863,6.399179970094706,2.2867504801517415
6.1000000000000005,9.963673885424503,7.153545040769987,1.7851639874547143,6.3245156135193135,2.2797908119719166
6.15,9.648861350686234,7.138562358221135,1.7494723242688024,6.242068550072485,2.2867915206758607
6.2,9.343708555388845,7.117622496960615,1.710611277788632,6.161038693561188,2.27592452576555
6.25,9.054761180065757,7.099206301129852,1.6882164590329072,6.092115403190765,2.2761270676336927
6.300000000000001,8.775075914811906,7.095205614778268,1.664146847512367,6.003309640935368,2.2859732934244783
6.3500000000000005,8.499069256792946,7.079141491367463,1.64687746070746,5.929537823049549,2.272408249235884
6.4,8.24759217107644,7.074778610399644,1.6323348395694126,5.849913122054397,2.2767542233363627
6.45,8.014408469462253,7.07196916544745,1.6220288246753252,5.770290395612346,2.2940789803224737
6.5,7.802229655229634,7.064617928065257,1.6082199948316478,5.701145281479281,2.3153706885009218
6.550000000000001,7.613465199080066,7.066339443010588,1.5963612401447003,5.630804545156463,2.3248965366682497
6.6000000000000005,7.433163124631551,7.06377269570072,1.5849528059390594,5.55191323933265,2.325894796843668
6.65,7.252826169838313,7.060141142027477,1.579423825141379,5.488824143868117,2.335008113417615
6.7,7.077395415307359,7.052607126638219,1.5659540201140023,5.417324535170684,2.3451021838003863
6.75,6.908633979498937,7.033450725469617,1.5579055455288453,5.338505466699781,2.3530593359511123
6.800000000000001,6.747533518201536,7.025101633820791,1.5505155008407512,5.26084082946524,2.3685019908501963
6.8500000000000005,6.605892901392764,7.028372478755544,1.546748881861038,5.194274068006947,2.3741960363611474
6.9,6.473716123476241,7.022308799438334,1.540985569995275,5.132738909797633,2.3875437217400446
6.95,6.348594693111221,7.018987651305292,1.528778936935512,5.075736544084122,2.401965857072749
7.0,6.232385849227049,7.010412676039614,1.5236955158141117,5.015311359988023,2.3974347166147334
7.050000000000001,6.125326100606116,7.010709882294811,1.5157431896664058,4.9586747601642225,2.398996106751727
7.1000000000000005,6.018761304121681,6.992249957018005,1.5080007320557358,4.900614062791085,2.408361898884715
7.15,5.92809765733245,6.98003935120754,1.5057223481861024,4.841917315682326,2.4112016342391263
7.2,5.846957150109952,6.968984807635187,1.4946907873726494,4.787161525658746,2.412663419985652
7.25,5.768170468048422,6.951867783746199,1.4852359405569118,4.744078629898394,2.3994153929601993
7.300000000000001,5.703347452916167,6.955841367087899,1.4770300574569475,4.689341468141666,2.3872556719458373
7.3500000000000005,5.658382002413913,6.945580573209126,1.4620722744050296,4.641672391515043,2.379968833565354
7.4,5.610964270918402,6.9356726043103265,1.4581199917480465,4.606717330778307,2.361354860535459
7.45,5.568794432976208,6.927336847683008,1.4513799661244533,4.566122590256472,2.34851198120088
7.5,5.536312822855637,6.912973842724117,1.438180311567318,4.53580969404586,2.3415750240913935
7.550000000000001,5.507783338207503,6.8941247359686,1.4338415046158004,4.505908247248016,2.3297622499398143
7.6000000000000005,5.482569183279702,6.871659541709632,1.424959105708823,4.480512146207054,2.323347927789406
7.65,5.46106839767532,6.862010520362404,1.4198510023167108,4.453693850997071,2.3162073908110337
7.7,5.4497089858312435,6.842967526040004,1.4096741124407055,4.42659613133747,2.313344472159386
7.75,5.428488280693227,6.832241875131663,1.3810073384201664,4.409906487122285,2.299409135273209
7.800000000000001,5.406583774983143,6.80981386135506,1.3624422947065422,4.396231419720617,2.267068554877022
7.8500000000000005,5.39247913013286,6.792624665592689,1.3340257340375574,4.379884878462157,2.238295512533425
7.9,5.38308654042111,6.773003328929065,1.3207242223035722,4.3573846894213775,2.2199248134872267
7.95,5.374944981777102,6.75853164368708,1.3045878279654797,4.337833803557884,2.187000342926545
8.0,5.35813876082568,6.749354616273572,1.2973032630646604,4.326730095270218,2.1541234507283615
8.05,5.349631639474067,6.7300329482918695,1.2765339781761131,4.300188527680177,2.1469318574437612
8.1,5.3529279178650295,6.712844097851428,1.2499199370865939,4.28489055536338,2.1213923427350823
8.15,5.342472848599728,6.683601961392576,1.2431377095390952,4.280893677855842,2.1121461540098885
8.200000000000001,5.339041196022554,6.668927096445311,1.2255862454565882,4.276511906263552,2.106765210285718
8.25,5.332910583843232,6.6494218601829775,1.2128379193991006,4.249932180710097,2.093181991767994
8.3,5.322211045899743,6.613758876864104,1.1998781885262049,4.253697530874068,2.086562892055753
8.35,5.316364488067562,6.582562299086548,1.1936921061284518,4.238411810839041,2.077910030253789
8.4,5.30684004319924,6.564352311590469,1.1820514650827822,4.237079998390943,2.064221387387365
8.450000000000001,5.302260420015199,6.523848874755221,1.183789090874705,4.233763730647926,2.0458952294681647
8.5,5.291709294208042,6.508055506369405,1.1815853645075425,4.233749731038483,2.0395792775746946
8.55,5.287095152680329,6.4817496186916665,1.1759819906033537,4.218291993116411,2.0070756028723777
8.6,5.261108292006158,6.458727862089684,1.1732266629007384,4.2139443711647555,1.989558171629234
8.65,5.245409922219002,6.443734927083617,1.1762557217612382,4.221595149887896,1.9779604247057487
8.700000000000001,5.2367306992003275,6.43257634987926,1.1699532772265278,4.2041753447320644,1.9545129941536068
8.75,5.218182790517507,6.416254071718433,1.1678964799707092,4.1951859345801905,1.9380542752101466
8.8,5.197514846884976,6.411674312678728,1.166707615462035,4.1888209645257115,1.9369060374747742
8.85,5.178961841366684,6.396415679792495,1.1656932340596893,4.197048775149096,1.9321108817556116
8.9,5.15268860917118,6.391951320040171,1.1634164452442846,4.196117178860347,1.9170673840995451
8.950000000000001,5.1326681475837495,6.372100507875165,1.1596318221676392,4.200078566158688,1.9181891965772182
9.0,5.110876514196174,6.352312174543646,1.1694728080978491,4.208262105721713,1.909634600908254
9.05,5.10600239085059,6.348354629165588,1.1772927060327738,4.221731537905252,1.908842078197197
9.1,5.074389799495726,6.326556879870838,1.181650388114096,4.2345323008001845,1.9040324784968623
9.15,5.051652322019293,6.288719884302934,1.1850029319238604,4.2388701997927,1.9069176779413142
9.200000000000001,5.025437741419458,6.245725375146887,1.192124971133816,4.250668034550913,1.9069071350339108
9.25,5.001597040495882,6.218794919427199,1.1968893620066487,4.253443060908218,1.9106953077144841
9.3,4.979266820281046,6.191070040149218,1.1999649508134516,4.251698124043647,1.9091609758963508
9.35,4.959755003187305,6.151073886835354,1.2050262346586922,4.257340809073214,1.9123059083276541
9.4,4.938345466254,6.106918068995403,1.208847532311744,4.253690343381914,1.9178366168550371
9.450000000000001,4.920084572594695,6.079354761566294,1.216588731753785,4.252910637599484,1.9180107333646879
9.5,4.907931529667512,6.055060943940029,1.2312417779938376,4.263608811699444,1.9161872156999944
9.55,4.889096544303724,6.029179624337673,1.2354872671220731,4.266305441751875,1.9215469673143772
9.600000000000001,4.870533405469688,6.007572096924054,1.2434733784378256,4.282861077179068,1.9257669953338177
9.65,4.86509778041956,5.9653360275671785,1.2559125384444747,4.273583495115752,1.932007462918925
9.700000000000001,4.856781729693903,5.93976055458738,1.2574689663297416,4.2636367417836345,1.9351788772033904
9.75,4.851879610120129,5.916258601539783,1.2651360020469145,4.266843338434815,1.9456950368336092
9.8,4.84255233024736,5.887667335066059,1.271971398040564,4.266020760094631,1.9391985164279038
9.850000000000001,4.841255615645148,5.85003807511906,1.2755466991769917,4.257435212737289,1.93532625297691
9.9,4.836263281419921,5.81188422013561,1.2840730114253818,4.257268269971837,1.9361989281990868
9.950000000000001,4.840666997576368,5.786216904038341,1.2831789276277117,4.249897821380839,1.953983388843378
10.0,4.844428179411745,5.755792143511246,1.273288562817534,4.250637559394261,1.9471725082806113
10.05,4.843908431136169,5.730465181731373,1.2662533446824669,4.252569449551396,1.9317156620734048
10.100000000000001,4.84156787721319,5.697024756811059,1.253103834182438,4.261407089440305,1.9152828127527082
10.15,4.840809932637954,5.664844194636702,1.2355824760819791,4.283255958422827,1.8987351046694383
10.200000000000001,4.845077044365351,5.634333026761093,1.214068781358117,4.3000824014871295,1.872529839478152
10.25,4.849007764740901,5.599956210700055,1.2000230759063062,4.325448305550145,1.8453154473443265
10.3,4.84897692543401,5.570268120241855,1.1889997995802972,4.33859999210313,1.806677818995521
10.350000000000001,4.852330396808593,5.532746018803522,1.1757664723585397,4.349494148640517,1.7813926055062885
10.4,4.850992322917792,5.499444148159953,1.1712578657161201,4.355619604213447,1.7413856002052412
10.450000000000001,4.857101549226848,5.47125583992554,1.176217503978321,4.36412388733823,1.7181430722857363
10.5,4.862873461535395,5.439320799354676,1.1859033897853442,4.355305431563422,1.7071308995403576
10.55,4.870140146195792,5.408925495765539,1.1925083412322857,4.348482539107787,1.7079165384049755
10.600000000000001,4.872565151743994,5.3747225517059345,1.1943668617312417,4.342025541105165,1.7129748478192492
10.65,4.877339191325115,5.356245264143165,1.1964366214709838,4.350681298891044,1.7003980411640458
10.700000000000001,4.8912169338792575,5.331722698910442,1.1902116468129682,4.323402075846949,1.6931109251271934
10.75,4.896373986783822,5.306221064728865,1.1838220297028879,4.312234635695187,1.6817206429496312
10.8,4.897539217400275,5.2817388388256905,1.184567596229624,4.307012670054219,1.6648239400674554
10.850000000000001,4.908678373325295,5.266904241037524,1.1699695248771826,4.2998414038882435,1.6506820117837067
10.9,4.906291656908747,5.250287586216296,1.1570568603733116,4.287935582018244,1.6440084592510738
10.950000000000001,4.898371976372407,5.224282003921911,1.1442686483929392,4.290849828554856,1.6241777981652574
11.0,4.896071060855507,5.191860783642671,1.13746120778026,4.294685403321255,1.6058304320823413
11.05,4.884279529538005,5.181217842479618,1.1270629389836684,4.30318961175931,1.5870818685419426
11.100000000000001,4.8770227059574776,5.1588685286192035,1.1121086816942714,4.306410463659998,1.5675123240229942
11.15,4.869751413622104,5.142875848487916,1.1045470466364502,4.289723963021139,1.5577663022231005
11.200000000000001,4.864970362329657,5.119904503959236,1.0893940287507913,4.275206728392952,1.553819551869054
11.25,4.850970507832868,5.110193380471879,1.0792002377212395,4.260903227312285,1.543057568559212
11.3,4.8351528996768085,5.09607220259962,1.071834955538849,4.241983952118179,1.5324810867456025
11.350000000000001,4.8196230523793,5.089249042503714,1.072601685846236,4.229641401879614,1.520191884592405
11.4,4.80354336736341,5.068810924505912,1.0475991553598107,4.218878194722386,1.504388364438509
11.450000000000001,4.782278730917637,5.0422322503286265,1.0264204500775007,4.204353046850634,1.4959880804260488
11.5,4.759920983367263,5.0193908577987125,1.0130891724825166,4.200781422592877,1.4653960100363164
11.55,4.741207742098419,4.9980437213404,0.9903805796940999,4.197280452438708,1.4457870153383117
11.600000000000001,4.724890472015251,4.971383016780033,0.9716496786206603,4.203625517295776,1.4157268374847114
11.65,4.715659665931786,4.961873230487625,0.9487945654700172,4.202785880241335,1.4039359167301242
11.700000000000001,4.710109429474309,4.936211311841449,0.9273132797766477,4.187571318304842,1.3723882888417207
11.75,4.700703149578189,4.918905707456893,0.9068821469411461,4.184423935284724,1.3366410420792936
11.8,4.69565325584312,4.9048671436519955,0.8804809278479903,4.176817759706228,1.3117727460066062
11.850000000000001,4.683712226666951,4.8945733361269435,0.8591042373578374,4.162237538748789,1.289744914348186
11.9,4.668661428947008,4.87848238198678,0.8386525867803668,4.1489517388673,1.2706241497521138
11.950000000000001,4.654144738659867,4.856267227249311,0.8254802364098708,4.142600664683081,1.257719797668284
12.0,4.644182985666363,4.825056425377757,0.8067707077671465,4.13626665897773,1.2384926602612931
12.05,4.63246952817238,4.810810669586281,0.7799761227107753,4.13301011539299,1.2158242546728777
12.100000000000001,4.614027325710255,4.818893860426798,0.7676528136619765,4.1183234586264925,1.1952515232650827
12.15,4.607179925688351,4.798832837696495,0.7548108774986811,4.107168950348867,1.1727132817867851
12.200000000000001,4.599145576911475,4.791327126747122,0.7429420789070322,4.077496088431089,1.161070923263505
12.25,4.587029597698595,4.782293014489338,0.7351725701611292,4.060102907438762,1.142765178147557
12.3,4.575352337421908,4.777945769449606,0.7255114435042377,4.035754383334267,1.1427897616586618
12.350000000000001,4.563409149986045,4.776604264398612,0.7187344440038941,4.014070793396403,1.139704146916317
12.4,4.544927390056505,4.782180360988754,0.7097740659539883,3.9944389856561444,1.135358666918161
12.450000000000001,4.5296703094299025,4.774766919745144,0.697756809810152,3.97230016565366,1.1172137292543243
12.5,4.5199739958224825,4.764404678409757,0.6820133538147612,3.9556758721665384,1.1045756345944566
12.55,4.515112331489926,4.758945348841223,0.6742253020957657,3.9293149367165783,1.0991361402026325
12.600000000000001,4.508108612502954,4.7487745450651655,0.6638659009194887,3.9073132887835014,1.086220202161907
12.65,4.499570864066332,4.752507300844382,0.6565084892811188,3.88130564515891,1.0718737547296813
12.700000000000001,4.490255542459017,4.754672588837179,0.6468808246596115,3.861188341003027,1.070967811780872
12.75,4.478780359984704,4.742004431102429,0.6486967887978492,3.8455173500005757,1.0663607168243416
12.8,4.471080433856238,4.733955953995791,0.6388551999351931,3.8299031900129443,1.0613086837056942
12.850000000000001,4.46370842766776,4.723821438476015,0.6352371166090401,3.806381164914786,1.0674935576051992
12.9,4.452249155972433,4.731999653821473,0.6307144199201952,3.785068642518505,1.077002096887333
12.950000000000001,4.437520699510857,4.731962515916588,0.6196918453035859,3.7813840368196527,1.0827588916172062
13.0,4.426577938808777,4.725203764407384,0.6085889573754567,3.7561846804394565,1.0736102681797526
13.05,4.425263073856432,4.721740167304556,0.6065074872490115,3.7443564428417377,1.0609038220805753
13.100000000000001,4.416264483168143,4.709373295760292,0.6009585763146352,3.725760031421579,1.0617579626415312
13.15,4.407271939716196,4.6994259032042835,0.5928019085394503,3.7016336983103804,1.0516052522339037
13.200000000000001,4.39420933149445,4.688728008607894,0.5861945655340878,3.682870530175248,1.0448702376312329
13.25,4.3847273159969,4.6811985546135455,0.5789323039832299,3.6687600412477117,1.0488168544007517
13.3,4.386475977120839,4.671714022574308,0.5684992693166567,3.65305451474712,1.0424983443549156
13.350000000000001,4.372103946021209,4.663360375175688,0.5572533964885834,3.633312501433562,1.0270118629232232
13.4,4.3588159356935385,4.656950966463675,0.5460433771156448,3.604815675194145,1.017424477555046
13.450000000000001,4.353639254403004,4.659023015827371,0.5406490549703019,3.590376230884858,0.9988618442533419
13.5,4.337111715712901,4.658661967588644,0.5307004145493601,3.577827347376812,0.9935737567243079
13.55,4.320521244622873,4.656060043312603,0.5183449929504074,3.574229224740595,0.9755377439074556
13.600000000000001,4.307186307246488,4.643061356148498,0.5056157376697437,3.5632349353874138,0.9625008805190673
13.65,4.2903199667633505,4.640586535266783,0.49389592299482454,3.557279317244433,0.950990771767272
13.700000000000001,4.281587808448375,4.6360603238104074,0.4816513086301116,3.545018534562351,0.9417044020286236
13.75,4.269160863503414,4.628142636275979,0.47410265020660836,3.5272674890920754,0.9403172981103485
13.8,4.242610160746657,4.617511489974645,0.4591503367386082,3.5167697893250915,0.9284598708120863
13.850000000000001,4.218954842348744,4.605191145046491,0.45130560928951446,3.505450733978944,0.9281945249981883
13.9,4.185700829864576,4.600560494644504,0.43952998389927234,3.4828123249133798,0.9247867312372922
13.950000000000001,4.1487005260777945,4.596880391769132,0.42635610496309906,3.470826715603517,0.924918770083326
14.0,4.10192435661006,4.594371003239445,0.40957558499855723,3.45668005274715,0.9203642240611428
14.05,4.0698654970665435,4.577587820035374,0.3967563332884907,3.4406638968230636,0.9205121197052689
14.100000000000001,4.017929571787337,4.576726390182441,0.3824778702144718,3.4254817197298117,0.9268629632192502
14.15,3.970250220113723,4.574325765461296,0.37622700406282966,3.411367244219655,0.9285283848077811
14.200000000000001,3.919511650357225,4.557643632467598,0.3766089744565543,3.4013184415964277,0.9254385901419613
14.25,3.859659897621131,4.561889070642582,0.37115340898845,3.386115315964741,0.9120499914699005
14.3,3.8143759146414418,4.553582099406613,0.37205684599057687,3.37875390935463,0.9032386919797694
14.350000000000001,3.7454798262329567,4.54713985698272,0.36843115127566456,3.36262630852409,0.8930330841971584
14.4,3.6829675129979123,4.546854682365036,0.3565312265646882,3.3481392752817056,0.894484955959494
14.450000000000001,3.6208398162744184,4.546514708922474,0.3472478397581662,3.3399319465913115,0.9042977690199523
14.5,3.564445074324355,4.549148692649279,0.3368880040330531,3.318217504846738,0.8970460077189019
14.55,3.4999633139605977,4.5504475261076855,0.32939543676030036,3.2864142675120447,0.896173135343489
14.600000000000001,3.426704735494884,4.557150091654753,0.3227949672601468,3.2638578513489094,0.9026527282049385
14.65,3.365994734941299,4.561570306130298,0.303258175081353,3.248290867555221,0.8979563810316681
14.700000000000001,3.2917985176244167,4.554556388651871,0.2904102712237011,3.2237299508790267,0.8851539256134139
14.75,3.215502228511366,4.544902735405158,0.2721439989940684,3.19692235490669,0.8681232588765292
14.8,3.153157109700547,4.5352572960890525,0.2548128803519925,3.177859627219338,0.8488680954627814
14.850000000000001,3.075615389476999,4.525719917415565,0.23703428632800438,3.1596753317975153,0.8355026730259507
14.9,3.0177726691049114,4.505798232527918,0.22810832014970606,3.1383847798112456,0.8252611739253194
14.950000000000001,2.928389293852756,4.484002416530066,0.22113718728626802,3.1194228110224484,0.8157407092148266
15.0,2.844759879328248,4.457704277352809,0.21937713924556645,3.099279847402384,0.8206988984160768
15.05,2.773766422780435,4.448912308880458,0.21741028827842296,3.0867070933016474,0.8039472707810447
15.100000000000001,2.7041360746747025,4.435703333505546,0.2170401309973576,3.0692347681656353,0.7976131206195716
15.15,2.6142860895253524,4.422760497454385,0.21369780892837736,3.043299370229022,0.8032918779706028
15.200000000000001,2.5301260057975252,4.408716689010854,0.21177377473534648,3.0223504215587655,0.80637400166723
15.25,2.4383143633906235,4.39938209404707,0.20206885659223522,3.0060243474604977,0.8017708109954406
15.3,2.376512219491341,4.388860596721084,0.19340945017821876,2.9825559893001468,0.7955907277855472
15.350000000000001,2.285190951786074,4.367448326185546,0.18979710899195354,2.9593741155419795,0.792600451814803
15.4,2.2191869143109075,4.357350364286746,0.17073995147439708,2.937886970967387,0.7924195188681556
15.450000000000001,2.136435980289819,4.342730607387092,0.17380654272646845,2.9165531424697235,0.7885698041773399
15.5,2.0750254068563474,4.320550486824218,0.16847219956351006,2.891207489952628,0.7831099490318411
15.55,2.0130793922079393,4.307463229533205,0.1586652806183884,2.8720607420481157,0.7763846046320863
15.600000000000001,1.9406654399689323,4.2876549293760045,0.1546555312604514,2.849911409729663,0.7554482650894765
15.65,1.882049463055262,4.266206555717085,0.15486501826719715,2.8195416524216057,0.7515990619465885
15.700000000000001,1.8186690904435157,4.238098008507056,0.16123271683380572,2.784454314340625,0.7510264172719321
15.75,1.762724002406247,4.223006168051716,0.15674667975104917,2.7449333872759607,0.7467956732966518
15.8,1.7308100970713962,4.2044064161155115,0.150776686254367,2.7216026780312523,0.7523223278751484
15.850000000000001,1.679349589429417,4.189790177323165,0.1503777927638417,2.714213222653585,0.7337859662735123
15.9,1.6467233147612987,4.166616078261504,0.14165076160919307,2.690532632240532,0.7362051662555404
15.950000000000001,1.6069282813650132,4.147732017071609,0.13231642989004347,2.6535364123642684,0.7337077271286908
16.0,1.5639595824543013,4.125355303798336,0.13624457180150487,2.6187740119015595,0.717063557716416
16.05,1.5487075795515775,4.102635289418832,0.1439338637802921,2.592194362499715,0.7231849308252689
16.1,1.5110514367201444,4.081317028807818,0.16573997022387568,2.5782652503342645,0.728414473328062
16.150000000000002,1.48099400812321,4.057035836568878,0.19063128877433075,2.5763692557147206,0.7445799927401194
16.2,1.4448395755723575,4.037789178392899,0.2046131799882857,2.572888927038847,0.7650376672047298
16.25,1.414260603388767,4.016128231748408,0.21405925492763614,2.5693341254551765,0.7745815072239065
16.3,1.381169064831187,3.99701054709865,0.2258495210597562,2.545096502095233,0.7807017131102738
16.35,1.3716841306268561,3.9710658167587005,0.2386772219883382,2.5382613379400856,0.7850335437052535
16.400000000000002,1.3540283675499838,3.9532396671499437,0.24931751274888253,2.5365812616961816,0.7901252629063901
16.45,1.3287389239122962,3.9155829890357134,0.26792151115933543,2.52872510113736,0.7917045952011009
16.5,1.3019592966974367,3.9008248274873805,0.27092403088734623,2.5300613405555374,0.8008722811758849
16.55,1.2892871701524846,3.8754402660773613,0.2780354289006531,2.5172110499882607,0.800675489286531
16.6,1.2786155199195497,3.8699263471220053,0.2739629064562852,2.5019193137596423,0.7935644915966226
16.650000000000002,1.2801311898162768,3.839417871405237,0.2776115853389611,2.474100651652765,0.8018024920168937
16.7,1.275326242214326,3.79970919185563,0.2770433504449883,2.468514832327459,0.7920355754600616
16.75,1.2733180917803955,3.760023655533626,0.27760000895318454,2.4598824172536036,0.7804015879964927
16.8,1.2587403004929856,3.739531786371795,0.28484784082508796,2.4502984796990055,0.7660594201185611
16.85,1.2682175857969267,3.7176709219632067,0.2917100422753795,2.447426741846824,0.7731606974849398
16.900000000000002,1.2672468686920857,3.6853423571200894,0.2996691970981487,2.4320715399217048,0.7479303552542146
16.95,1.269323998867803,3.669177339539568,0.30808485295995586,2.416639192959856,0.7210802409379354
17.0,1.2632159472134208,3.6416526346215985,0.3194799675853399,2.4117072136872566,0.7086273315264596
17.05,1.2618860196485395,3.6164473830084956,0.3193113268421022,2.3968797399178294,0.6757831250192196
17.1,1.2533385024279067,3.5852595247769115,0.3205980251782988,2.3863463051061222,0.6588896907949645
17.150000000000002,1.25381580302443,3.5629843516838005,0.33047025048164264,2.374535130008421,0.640494362475056
17.2,1.2457470725804414,3.5331046254567733,0.3396732541667663,2.3549383940299364,0.6252483896630052
17.25,1.2548707051191479,3.5089522098278865,0.34687128162840963,2.347049738344907,0.62042029581614
17.3,1.2638754545719255,3.483777757783422,0.35243110397638,2.3321569129858775,0.6011114153549415
17.35,1.2632350063703637,3.4555581857130475,0.3614621915594008,2.312454642215164,0.5732575819827401
17.400000000000002,1.2657875980083164,3.4351084180277893,0.3663655580546211,2.3138476113567883,0.5550029567154063
17.45,1.2684043769196167,3.4035759528246636,0.36645406083286114,2.312058829813927,0.5448983179789824
17.5,1.2795674234010526,3.3691893516484646,0.37150334228520676,2.3124753370358015,0.5458033753360891
17.55,1.2940726987718787,3.3530330267402504,0.37711710343808047,2.3140184648544393,0.5448639574434809
17.6,1.2904456404445417,3.3277291957162407,0.38077977490221165,2.314416630895655,0.5390582903502763
17.650000000000002,1.287821915573929,3.2907462969195747,0.3884269356338713,2.31391481671202,0.5479562302892143
17.7,1.2840323464475902,3.2727602694116684,0.3800585461325372,2.314608663330835,0.5590288889437649
17.75,1.282726232866873,3.247573873564787,0.3872961750368494,2.3235302556012356,0.5656145179469811
17.8,1.2732510609751726,3.2343517410279707,0.3854232629467419,2.3319289353550023,0.5683530870199417
17.85,1.2732860640858403,3.2285383747499816,0.38276626627706517,2.316212966860353,0.5920930151976773
17.900000000000002,1.281657940333002,3.196639205780647,0.3688937998849449,2.31964360104698,0.6127572355805962
17.95,1.291731712286063,3.1538259388151406,0.3682649880099328,2.3300139927310712,0.6296944394802179
18.0,1.2969328816895396,3.1185566309547976,0.3675293660901518,2.3301923900451045,0.6539676463068496
18.05,1.301884155969748,3.1042665420215836,0.3669148577709337,2.3351765944906,0.6775250846443481
18.1,1.3015500523815167,3.0917054659559384,0.36864056420105296,2.3329395158482673,0.684130920626863
18.150000000000002,1.3035625446493748,3.0788113306271465,0.3661028952938899,2.328642371739274,0.6880147668668379
18.2,1.2976059946405005,3.064518220330326,0.3665604121439302,2.330175418685401,0.6997751256162922
18.25,1.2919240656836481,3.0620542743278545,0.3629272085842844,2.3360337425687514,0.70918458397433
18.3,1.2824897560917372,3.0534503851705583,0.35670511151431356,2.339123994837678,0.7240412249657838
18.35,1.2753185173486579,3.0420157771974257,0.3576598378510725,2.336002619919847,0.7191036153027605
18.400000000000002,1.2648217611846286,3.0300289460538536,0.36375278691529467,2.351086915126734,0.7121589143104284
18.45,1.2577308754866756,3.0109991595026875,0.37021622203568894,2.3437417115999395,0.7155780235293826
18.5,1.2514116363377676,3.000761719169535,0.37165922244518457,2.346824204201876,0.7223228827068421
18.55,1.2374530325792075,2.987421553686459,0.37161692573843674,2.3464825908208735,0.7246511401431294
18.6,1.2292550904521826,2.978925401473771,0.36402206849138524,2.3529271008753385,0.7276843445958167
18.650000000000002,1.2171390136866747,2.9677873568873117,0.3640388005885521,2.3536371171209414,0.7337020251552457
18.7,1.20415634564355,2.9588259476601535,0.359636199102297,2.354775303456112,0.7284669777932421
18.75,1.1873954740054415,2.9528022336602073,0.3526853924725122,2.3466387956794166,0.7315768865134982
18.8,1.1736481151933456,2.9447382571886846,0.3405024988436674,2.3534846529876394,0.7252666218930343
18.85,1.1574510185404647,2.9435987654553353,0.324485554783613,2.346967767309633,0.7291172973168809
18.900000000000002,1.14632488245645,2.936632212487755,0.29800835439310297,2.340860920996396,0.7389452787047549
18.95,1.1353110170828213,2.9300192376901077,0.288031713846418,2.3371801883838246,0.7309929724979048
19.0,1.118880501009365,2.9221892552954873,0.28721881289796064,2.3284833215140948,0.7197739598409714
19.05,1.1049719194220113,2.90760322305115,0.29104515762549094,2.326909789674344,0.7263018182198482
19.1,1.0921997394013583,2.889724577834142,0.27578109672546713,2.326425925530459,0.7321887210867419
19.150000000000002,1.0803205285168753,2.8876576246484817,0.2608364650341227,2.311517857242329,0.7299012386508953
19.200000000000003,1.0720793159978557,2.87824773952085,0.25377546126462064,2.313508825827944,0.7254879923580965
19.25,1.0642504993060473,2.864845998895764,0.2455628428480557,2.3014919631630275,0.7254212345779903
19.3,1.0598302411780922,2.8599546081463036,0.23721241042501412,2.295282456225759,0.7250843588379603
19.35,1.0549951460026317,2.8446528848808827,0.23540628722747156,2.2763471021503072,0.7130233896090192
19.400000000000002,1.0432173319716194,2.831923330250467,0.23819929194761133,2.271887646668854,0.7068904374242528
19.450000000000003,1.0361635064107486,2.8199299111438805,0.23256235456742338,2.2762489352066075,0.7065652974917664
19.5,1.034336513995762,2.8090569551041207,0.21091970673616628,2.287742357376008,0.7047224431872317
19.55,1.0358002688947874,2.7977291448664445,0.20249053357528857,2.2814861325402305,0.6956551505189065
19.6,1.0413587013470644,2.7767891323212193,0.181108510530539,2.268078891020609,0.7037435914727173
19.650000000000002,1.049852579734371,2.7689253573482473,0.15222282722916636,2.269997029408051,0.6924702269124866
19.700000000000003,1.0455345319198575,2.7591888664260953,0.1329275024594983,2.251137420657989,0.6872706946970751
19.75,1.0379547646405327,2.7580241378056676,0.11360469591629377,2.246319774911972,0.6711887471345142
19.8,1.0282851534217987,2.7561677309345365,0.11210205656526302,2.2278351840161323,0.6616639312925051
19.85,1.0237237147461011,2.74223314490893,0.08632255779840045,2.2227150052611075,0.6600422519841609
19.900000000000002,1.015089464750111,2.7320365638825335,0.07754703397134434,2.2117404097633484,0.6465226773087092
19.950000000000003,1.006722442088688,2.7273747433880793,0.056467067658935284,2.208852351913914,0.6314082477437407
20.0,1.0006542588721867,2.71618980747318,0.04653139223295043,2.1981481725149514,0.6093410025226056
20.05,0.9964032011064438,2.696530469042399,0.03541062426857564,2.191755241704472,0.5951499884611152
20.1,0.990105826921213,2.685518743230726,0.02882417221931746,2.192758431684907,0.5776165031857498
20.150000000000002,0.9831768580447118,2.676363916389742,0.04183486262084362,2.185817288979336,0.550098362665496
20.200000000000003,0.9824968226385323,2.650743125901104,0.03708319486244124,2.1823569035595267,0.5405419284446129
20.25,0.976096059975207,2.626432672326773,0.039115483021099774,2.1829395684654567,0.534083967631818
20.3,0.9749641522872275,2.61080940491886,0.050363677785627343,2.2080566343458736,0.5299957152991892
20.35,0.9682005750934579,2.5867667274635777,0.055498857124217066,2.210762548651684,0.5360247713866436
20.400000000000002,0.9663229362890212,2.5675505359231447,0.04911188550621443,2.22470455095728,0.5327964604070485
20.450000000000003,0.9554036175696626,2.5411877027655168,0.04955271200146007,2.227196175434545,0.5304530460106389
20.5,0.9559817100744497,2.519400643354095,0.04118280523785415,2.2451003123801496,0.5276272996131187
20.55,0.9601518941238187,2.4872851618903478,0.03764773474083398,2.255003851976775,0.5194362313587647
20.6,0.9534490816473149,2.4748410454925294,0.031038179928324187,2.265789865182936,0.5089547904890309
20.650000000000002,0.9591477322004156,2.4458352332779723,0.03334110752655398,2.2656319409666787,0.5006221857984843
20.700000000000003,0.9575492663419662,2.426433745872663,0.03714414664843429,2.2646694635412645,0.48438295073107207
20.75,0.9582562322141502,2.4044506130707637,0.046700310224900655,2.264836267519955,0.4719469467427279
20.8,0.9455662154464131,2.378516054917501,0.06620675659926709,2.2680898367367264,0.45826993508702013
20.85,0.9377033044155187,2.364882215456299,0.08608016932993641,2.2673145985889533,0.44016298432964945
20.900000000000002,0.9332015582132828,2.3466265832185407,0.11282644000466885,2.2638889475668114,0.4223538241041253
20.950000000000003,0.9306395675925586,2.3355778826230096,0.1240594197434003,2.2639489007554863,0.39467829886340294
21.0,0.9239275112573822,2.307776957007052,0.13130598417811648,2.2713853086867215,0.3779906414701159
21.05,0.9200666803300761,2.290089987807311,0.14434222309425732,2.2596060125399298,0.3724194064046503
21.1,0.9197680756377739,2.2777377926549534,0.16120091526630684,2.2748009401177014,0.3726675958651177
21.150000000000002,0.9141495424397931,2.2464320546334875,0.16885417103540998,2.279226292926505,0.37061405853488505
21.200000000000003,0.918915456373797,2.2166274098889165,0.18400802739455668,2.2781220747468804,0.3805897131163174
21.25,0.9119557033063236,2.1886032634827917,0.18931299873406923,2.273143299017538,0.3790532586916964
21.3,0.9081372276288138,2.15896843051335,0.20170593617287078,2.2784493422736354,0.3819678739722348
21.35,0.8971909350660149,2.1295992232969767,0.2150253737238971,2.282940430360235,0.3657829765890862
21.400000000000002,0.8964193344618179,2.110195972909667,0.22239199414255678,2.300852955790155,0.35393578082478594
21.450000000000003,0.8985995872525925,2.077955312197947,0.2305193993456696,2.302006791226139,0.33965725601941077
21.5,0.8913989193366898,2.055239093680472,0.2419356829337506,2.3180086036795857,0.3141446191588787
21.55,0.8956185922963464,2.029083201595608,0.26046318724575745,2.315108344492444,0.29962718299656577
21.6,0.8941237349175157,2.0042499119232806,0.2552885900535279,2.3227147805967285,0.2987372923657801
21.650000000000002,0.8945537889293876,1.9757104997210726,0.25755089126573827,2.3253771210709266,0.31586403148686437
21.700000000000003,0.8975567169120509,1.9427796450939052,0.2649552324230906,2.330775116151901,0.3377482136797432
21.75,0.8977542912767421,1.9199239209401657,0.2648578149615221,2.3392311736931757,0.3511076065302315
21.8,0.9038294017820776,1.8877190312214183,0.26953052908901537,2.3433701522895327,0.3626254406894492
21.85,0.8998724384136749,1.8619177577379387,0.2735725969670244,2.35879105360193,0.3779321505385515
21.900000000000002,0.9064094834350592,1.8320628276291826,0.2820769369144954,2.3660618387190766,0.36504475566768546
21.950000000000003,0.9016095505919752,1.8100027734357846,0.28360227969294616,2.374208938515817,0.3760719862982758
22.0,0.8979032942633086,1.7788577371078858,0.2940558108764697,2.3825651394816614,0.37388035223395993
22.05,0.891749615120284,1.7639344548392868,0.2980107474481671,2.3906642283964032,0.36363832531472623
22.1,0.8917069619817162,1.7423359489310275,0.31309570330529307,2.391412371992972,0.36563274906584475
22.150000000000002,0.8902853045063273,1.727224655236234,0.31125314713450375,2.3966063735679444,0.3575387724950381
22.200000000000003,0.8900340529359968,1.7047702051832878,0.31591483701705275,2.409487182385191,0.3384945362520454
22.25,0.8971340295588709,1.684707210494428,0.3183770402721877,2.418479151982309,0.31923646058855815
22.3,0.8999971842258673,1.6602651421462533,0.320014519858523,2.4299172367119652,0.2927972456836605
22.35,0.8978774538290313,1.6356644296062872,0.3280384285706874,2.4334007664118524,0.2838118491550193
22.400000000000002,0.8970852186823872,1.6174084414076413,0.33224247414336644,2.443664537379875,0.26880556876222456
22.450000000000003,0.9019093467665864,1.5891674541375567,0.3342614580233792,2.4455893008215805,0.2621796552297911
22.5,0.9124647680860323,1.558971171924385,0.34405287153323566,2.4568391538990473,0.2652767778531712
22.55,0.9167370528602179,1.5444512140574638,0.3505028805754942,2.4623451482188057,0.27160981091458875
22.6,0.9256049114634085,1.5282100920528157,0.34769726061439354,2.463721672743049,0.2753904438357455
22.650000000000002,0.9316965867413132,1.511919412419171,0.33877809474550546,2.4721525943374845,0.27626341876498806
22.700000000000003,0.9325452758874384,1.4905968569964143,0.3302026766121186,2.489646818175382,0.2726124945728402
22.75,0.9345019599313807,1.4797010616153787,0.3247305836471915,2.511441805026096,0.2708246111034047
22.8,0.9368593102457867,1.4663588532622307,0.3200818934124806,2.523386703725979,0.2665963372826625
22.85,0.9384419715102491,1.461062704818091,0.3201145585625384,2.530828974096034,0.2687948712661688
22.900000000000002,0.9404850432585157,1.455354667703057,0.31676302261848394,2.5292494981981135,0.2658369358494864
22.950000000000003,0.9382288224725832,1.4476989819530235,0.3129431042745287,2.543511131453418,0.25969724320785104
23.0,0.9386965428651518,1.4281146833300051,0.308225983141626,2.549431077301682,0.2686310481504859
23.05,0.9412100731165679,1.4283985285659686,0.3112508671267178,2.564925807108255,0.28092345591865026
23.1,0.9398397490515111,1.4278741981189889,0.3181298431383189,2.5725075937969994,0.27467011756872006
23.150000000000002,0.9408024969968127,1.4220767755869648,0.32832247678460535,2.5693814740828094,0.26935874444832963
23.200000000000003,0.9427066246532855,1.4192652995007045,0.3352660354122369,2.5766570475951767,0.27037732088926386
23.25,0.9508780925054708,1.416431294099764,0.33996556606691547,2.5803779083317,0.2977424345836357
23.3,0.9554719335506581,1.4062902788008433,0.34320183149297667,2.5928040123584033,0.3248228271887267
23.35,0.9578370906717376,1.4163200250148362,0.3486770677854909,2.5972169466426203,0.34977130400846107
23.400000000000002,0.9613457377333988,1.4071458668273944,0.3510038306215775,2.6029285401845526,0.3614860515601212
23.450000000000003,0.962868137162808,1.3969038641590488,0.34197437179549256,2.5991459644244346,0.38205548871889705
23.5,0.9605624781500108,1.3979425014897688,0.3233922767970615,2.613053361632495,0.40025874859958227
23.55,0.9565064701156524,1.4054887864300578,0.30369037320145176,2.615200031270904,0.40139961922112233
23.6,0.9479299364344073,1.4060971047349178,0.2841987512934877,2.6155428860497096,0.4210781516732461
23.650000000000002,0.9345094492329087,1.3911195958741807,0.26798774652129964,2.611101445046443,0.40977518895084947
23.700000000000003,0.921076860370553,1.3827690341076386,0.2630456962154464,2.618044487297028,0.4085381901851307
23.75,0.9102523128008272,1.3709598154096314,0.2564336426425624,2.6126006620615314,0.4144327306767113
23.8,0.8941606988178091,1.3620150055425715,0.24957417594859463,2.6071855262901997,0.41014103725583206
23.85,0.872970243510338,1.360272281334942,0.24626672015669146,2.6100711068218874,0.42958413063551754
23.900000000000002,0.848308484833147,1.354769446491041,0.242231143531181,2.600514346388278,0.4177523911333652
23.950000000000003,0.8238270452966975,1.3422636872033726,0.22674650426384793,2.5800800934418318,0.4237161378081959
24.0,0.80216035191963,1.3314458838489458,0.20263244968062633,2.5730476136505276,0.4295836875654847
24.05,0.7862949932157539,1.3151113965270507,0.18698007214459175,2.55396837936117,0.4489562362401575
24.1,0.7722303325304066,1.2952663189002425,0.17784509019166517,2.5563414455352205,0.45334528532896795
24.150000000000002,0.7590304542936224,1.289929916074935,0.16861831314996414,2.5549096250949153,0.46209524737597596
24.200000000000003,0.7509950124804521,1.2808609468219732,0.1553899420077366,2.549929947968001,0.46168383147965314
24.25,0.7420291202382778,1.2804998008774369,0.13757506887612278,2.547326599976085,0.46492214875753674
24.3,0.722481855682511,1.2832205850831313,0.11912103488906373,2.537166667652978,0.4747645700951604
24.35,0.6968439090003963,1.2818374558339254,0.10237606684166126,2.5323233096480107,0.4747479271948168
24.400000000000002,0.6703645739360312,1.273725058083394,0.07778024372532392,2.5201391328355927,0.4948561031459522
24.450000000000003,0.654129411912264,1.267458767563863,0.04696171932218044,2.510851664206944,0.49447199656442253
24.5,0.6470301513745575,1.2669435669556108,0.03489763921288589,2.507774302847275,0.5078242032942316
24.55,0.6371897873466701,1.2557251953220188,0.04704527169563713,2.5032464733894573,0.5154999371406997
24.6,0.625872889063399,1.2406154760870347,0.06882908069676172,2.494047333445222,0.5179717876587988
24.650000000000002,0.6157088468613385,1.2232368222108385,0.08535082639962784,2.4795314652895084,0.5353109210871686
24.700000000000003,0.6019087176745228,1.2173707035329306,0.09382568618417841,2.4688052128652074,0.5433395329320428
24.75,0.5836900762934656,1.2075974985931521,0.10198410192849855,2.4595566347239317,0.5359251679259657
24.8,0.5596227807354818,1.1992869526661087,0.11984836386888191,2.439578251049342,0.537600110831044
24.85,0.5325381199429213,1.19791392435085,0.13745772115582253,2.4385171569565003,0.548407723403035
24.900000000000002,0.5100477561211347,1.1924313836597211,0.13644234984196324,2.427306108139371,0.5538237739956592
24.950000000000003,0.4925863413742376,1.1942062290681705,0.14274039910143504,2.4088742138187027,0.5651543203623296
25.0,0.47459638862891107,1.189762452841844,0.1512533608811213,2.390016905944511,0.5755912634548844
25.05,0.45929885289163197,1.1891762390134386,0.15746105937053542,2.390033409533324,0.5674289548520098
25.1,0.4482593156130411,1.1848324419691556,0.16397291267486894,2.3853976673631876,0.543961992579952
25.150000000000002,0.43731847364465987,1.1733754724046004,0.16477862609434435,2.3697762685890043,0.5404879381239299
25.200000000000003,0.4212879276000834,1.1700311806093906,0.16889372367300023,2.3567287635543543,0.5240103743937163
25.25,0.40459071951640857,1.1625059803057192,0.17331665266588783,2.3474320996395153,0.5207717445955917
25.3,0.3853329526036935,1.1658146997227385,0.18518790913301697,2.3429703873196,0.5322356834825467
25.35,0.3624475180721822,1.1585642083416314,0.18429760332152081,2.3396606053095352,0.5440340531675967
25.400000000000002,0.337814411804755,1.1569818934365241,0.19516461963599557,2.3174036183967988,0.5495528750736127
25.450000000000003,0.3162098678209722,1.1583419430514055,0.19524645254310502,2.3072533809412823,0.5379451075113167
25.5,0.30070153307504616,1.153183652041726,0.20452044477728593,2.3023385650264747,0.5110516542784992
25.55,0.2933580896040342,1.1489221978730804,0.2126505642568794,2.2911585192874417,0.4991780793806265
25.6,0.2789473537964695,1.1432196209183236,0.22173327270613982,2.283845385108792,0.4807486374646563
25.650000000000002,0.2638808638703195,1.1307213421565507,0.22895846644151296,2.272266555108805,0.4660290499522547
25.700000000000003,0.2487072663506591,1.1217894096014274,0.23672779793116908,2.258533896537853,0.4631959300079893
25.75,0.23892086238127455,1.1195280611430145,0.24674991215485412,2.2469995091356587,0.4599420648496235
25.8,0.22524867176215238,1.1180970628284257,0.25897608884293455,2.2480408119774378,0.47066739664197654
25.85,0.21045606821495458,1.115711753309944,0.27188358077515457,2.2312927009485928,0.4815049392235879
25.900000000000002,0.20600465354986244,1.1124819228877378,0.28050742443894305,2.2307573660275093,0.49093511917298643
25.950000000000003,0.2061943563720108,1.10246967475727,0.28890914858250594,2.212604683477444,0.5133520455629373
26.0,0.2072678370395948,1.0962948391500857,0.2914715193823441,2.208053934978106,0.5112601709284995
26.05,0.20521223962996354,1.0783057254384683,0.2970038293600809,2.1956651926870627,0.507284791682671
26.1,0.20658256220149296,1.074860461661001,0.3064385052554418,2.193255923033126,0.5033767550967461
26.150000000000002,0.19736560250680904,1.0821099804395942,0.3110343548875203,2.1865139204811235,0.4919173623302834
26.200000000000003,0.19060851421536185,1.076935024858539,0.31406933943543974,2.190493347254331,0.4884775477968674
26.25,0.17867672097408863,1.068333658037103,0.31327626100951234,2.187141231483976,0.4961061000570465
26.3,0.16145763990151005,1.0525433077165645,0.3211703822653603,2.1850873021474753,0.48585364999245156
26.35,0.14449242178296368,1.0493007201107274,0.33064045532039116,2.1866152621850032,0.47116066352886277
26.400000000000002,0.1326650032182423,1.0183261889056445,0.3364551895595169,2.1884704006566555,0.45094741025206064
26.450000000000003,0.11886369944738753,1.0062638050795052,0.34655219983628943,2.1902000773884334,0.4366608961736255
26.5,0.1118932367320747,0.9884589139264924,0.36178975861551294,2.2004101288745037,0.4046840772602298
26.55,0.10256321543988069,0.9946610051884366,0.37266684619029444,2.209992679810258,0.4025389067878708
26.6,0.09209635938849414,0.9897530039884173,0.38067140430042945,2.2035444993027107,0.39873573019226455
26.650000000000002,0.09902362288664944,0.9712938867543297,0.38644856416883155,2.1945133076550074,0.4065674504750431
26.700000000000003,0.09623500444905463,0.9550989985730369,0.38772502782406,2.193939371214799,0.40236127403580263
26.75,0.09451516096669609,0.9289093015269414,0.3906820623711079,2.198859823422449,0.40689020180719976
26.8,0.09976718548377064,0.9143743010685734,0.4035265649280128,2.191998068986231,0.40318120827927745
26.85,0.09075632687857385,0.9043238365201356,0.40939932256506106,2.1981496760367967,0.4276301573654572
26.900000000000002,0.09195271760877194,0.8889419010758254,0.4080014743142041,2.204952710865177,0.4294565620960805
26.950000000000003,0.09804123393428615,0.876246753997196,0.40550783770892085,2.20912556207048,0.427853216641972
27.0,0.10080903291986798,0.846644063337348,0.40249114585204954,2.211913007776253,0.43094942126856395
27.05,0.10955815575411942,0.8446928882288536,0.39762743628952524,2.2154014507583635,0.43944732389052504
27.1,0.11221220058398917,0.8375911309470447,0.3982608955212535,2.2122759027606262,0.4539174481507656
27.150000000000002,0.11539515437700114,0.8287477761475043,0.40413875709278657,2.2054196963925605,0.4673006218654847
27.200000000000003,0.12284891592503643,0.8212543144377865,0.4020107359330266,2.2152107044896288,0.47439524094318686
27.25,0.13164233348727614,0.8098555031687779,0.4049057200074037,2.214719331475078,0.47961800571710966
27.3,0.13117972405896824,0.7921197053856633,0.3994713605738196,2.2123075055255237,0.48670078228976804
27.35,0.14065609403692772,0.7868903368264009,0.39566665731273376,2.2168000182747685,0.4897588131452166
27.400000000000002,0.13827264046964133,0.7721722470423232,0.39196542509135296,2.2067415075260803,0.4986866768357664
27.450000000000003,0.13914817143142572,0.7671973856722566,0.3810449258884359,2.212547196319703,0.49323317234048675
27.5,0.1398317672287121,0.7553629597483438,0.3836919436517442,2.1977489057683885,0.4994151092880201
27.55,0.14461036320307288,0.7375367741584498,0.3896455425658816,2.2074638463159393,0.5010640552579221
27.6,0.14897844101354232,0.7319416640965427,0.3909197591210561,2.2132379427273223,0.4973154279785796
27.650000000000002,0.15288051627939067,0.7337913514976838,0.3958218085838175,2.2205642555014715,0.507139848334296
27.700000000000003,0.14750061140452322,0.7211280408000786,0.3955709263151506,2.2157969400749224,0.5027441972390607
27.75,0.15203009486607436,0.719456812613297,0.39804326592007067,2.218272358868157,0.5108946621101438
27.8,0.1639624369527724,0.7113056580310623,0.38889543507754454,2.2227037698749332,0.5187363380332932
27.85,0.16563615590154057,0.706927064934176,0.38773950802409934,2.233846162478235,0.5245266293804149
27.900000000000002,0.17469093909838512,0.6943640952212052,0.39169184917251276,2.2349073251116067,0.5161004596160197
27.950000000000003,0.16522757830827595,0.6828521869037061,0.4001398065929631,2.2326068920366677,0.5183959472027663
28.0,0.17213790445722923,0.6731774241706694,0.39601478174245597,2.2344583068432744,0.5258327569662598
28.05,0.16890606163656896,0.6562891454379036,0.3936076469989846,2.237796865171775,0.5264641950297059
28.1,0.18007055104910938,0.6386774279236208,0.4012611264944469,2.2396024243310415,0.5321668729228104
28.150000000000002,0.17751730839404967,0.6412080545915664,0.4019201231827074,2.2480095483594393,0.5409535750449661
28.200000000000003,0.17975802530033,0.6314234309678364,0.39769841779773657,2.2430707223554216,0.550508720315758
28.25,0.19146347447662004,0.6220077031742927,0.40531256160235885,2.243545420856354,0.5552613839670489
28.3,0.19654488850141252,0.6075752175189211,0.4032363323193286,2.2534426420763918,0.5699992740972781
28.35,0.19913613652913556,0.5903538204079172,0.38810095477772816,2.2584596097610454,0.5756521944177566
28.400000000000002,0.19202854488073212,0.5814911673503759,0.37083193276958093,2.2625569968400963,0.5819791111877505
28.450000000000003,0.19130227800076793,0.5729337658632917,0.35334848684172804,2.2744597955402877,0.5705239154011436
28.5,0.18678581476236453,0.5702585557030425,0.3482012157428315,2.284095673664944,0.556198558794488
28.55,0.18074591945579824,0.5635739642172494,0.3502370100740337,2.2934880291858257,0.5495008133076278
28.6,0.16307068549195283,0.551851058033049,0.3370974768726421,2.2842779132141433,0.5440831248989797
28.650000000000002,0.15875405983756632,0.5466623006887862,0.32428260185549734,2.297496763769106,0.5323046390983008
28.700000000000003,0.14811807543824598,0.5392443002042594,0.32325572707064626,2.309806953789103,0.5285481879060578
28.75,0.143300424810461,0.5149005490953441,0.3117294782827484,2.3225759488369686,0.520253151868698
28.8,0.1479164706337617,0.5140819522990077,0.2986132901185278,2.3364682705336355,0.5163897141547515
28.85,0.14951461774246214,0.5100646508091851,0.292391697067694,2.3483887010756583,0.5054170733001813
28.900000000000002,0.14182507009713205,0.49200711311530465,0.28035235721118607,2.356392059539899,0.5044051616677141
28.950000000000003,0.12871409165920458,0.49704166275546924,0.2520238950411598,2.3680762284736674,0.5019390187985436
29.0,0.11882178915695195,0.49354363437367277,0.23163365011458423,2.3820912925227633,0.48437890177598536
29.05,0.11978890868686243,0.4889719975565928,0.2096916486116335,2.4044669694064376,0.4626736892413832
29.1,0.10890782995471952,0.4861989431997292,0.19174743849805828,2.4300340402484686,0.43236744707325486
29.150000000000002,0.10662012480212837,0.4880599378897161,0.1823018617847822,2.448797385009097,0.41211421506905016
29.200000000000003,0.10381578195413849,0.4963194279102038,0.17608351033540626,2.4434302409517357,0.4110994319427527
29.25,0.10003075983581924,0.49793357988764436,0.17319874794592857,2.4348317054027437,0.4062108395807889
29.3,0.09176490413210578,0.5084138125623229,0.1657633347764266,2.4265809143232944,0.4012761330919991
29.35,0.08731218612109974,0.5144140413602003,0.162739682539716,2.422087740005236,0.4110106025798993
29.400000000000002,0.0850341289627916,0.509811771043127,0.15200965665096738,2.417715850060684,0.41368424564474837
29.450000000000003,0.08436989287457897,0.5215308379636446,0.15105164049895115,2.4175914750326126,0.4180384152928078
29.5,0.07610218104221167,0.5183899829363908,0.1462198641177091,2.401143326994717,0.4270032867603441
29.55,0.06569037227803683,0.5193493097854194,0.14489718697818374,2.4081626344409486,0.42954480970285247
29.6,0.06794566312884799,0.5250851949422984,0.14419936626490465,2.4015661472891057,0.43603601906886946
29.650000000000002,0.060742466390271914,0.5321434496460431,0.14586283452483195,2.395802146394605,0.4389582703703691
29.700000000000003,0.06552381414113102,0.541931653395291,0.14541584060526766,2.3851507470441566,0.45030610481437844
29.75,0.05832666471482795,0.5392576988937687,0.15506217173455222,2.3822557269392823,0.4640512454911975
29.8,0.06011280309384104,0.5465624706672312,0.16897891950584362,2.3727406185372835,0.4707542774063729
29.85,0.06257396625214537,0.5504842388489388,0.1779913745140121,2.3690630836321867,0.4947199223645021
29.900000000000002,0.05539489217104246,0.5624774399513223,0.18484224457580115,2.3609727945542396,0.5239217695566993
29.950000000000003,0.05880967693789222,0.5711254149310225,0.18750069916231946,2.3350998036862034,0.5472681599736176
30.0,0.060574256242656194,0.5794110404504519,0.18233597784397065,2.3121914824781737,0.5669923686792575
30.05,0.0611987309745383,0.5742533419610446,0.17663692216479687,2.305887550518264,0.576612495578262
30.1,0.059382484557215474,0.5780095999134301,0.17269671445337575,2.2977064533561795,0.5786869719919366
30.150000000000002,0.060953540368659846,0.587081009630266,0.1575685580287167,2.2963993548290804,0.5848227052181035
30.200000000000003,0.06620616979272154,0.5806074157233851,0.1402741951136549,2.31071988237271,0.5789881982391281
30.25,0.06694776511167132,0.5960400321173188,0.12448064390473217,2.321838913273213,0.5759721487232796
30.3,0.07614171240414012,0.59811440612024,0.11081064532989544,2.333010391051075,0.5652053441820025
30.35,0.08226780727190504,0.6045676614434307,0.10373446992049257,2.3421346331366477,0.5528187377245889
30.400000000000002,0.08551087788944019,0.6033089989475421,0.0910102518422062,2.340992231164573,0.5396438107503018
30.450000000000003,0.08617084481450635,0.6005191141949389,0.08287478082469822,2.3479924034647497,0.5336713308164546
30.5,0.0902539895410829,0.6001124701757071,0.07901693286607693,2.3573458002242975,0.5312624971677806
30.55,0.08904960519158972,0.602738173802339,0.07619940135677508,2.3629006179900744,0.5245322143722809
30.6,0.09720108904466201,0.6084143747185373,0.07769066438830019,2.362374071935436,0.5172861965517819
30.650000000000002,0.1044497414089817,0.615799835240356,0.06900456534572384,2.3573893067257683,0.5297517211296975
30.700000000000003,0.10259815280818275,0.6201849898399342,0.07170882244808749,2.362050593770185,0.5313404858389879
30.75,0.10976571003809871,0.609647148991163,0.0702839408278921,2.3734925677053176,0.5305058525003107
30.8,0.12371741868675232,0.5963187214208546,0.07204169249354213,2.3668364032026825,0.5161518982443718
30.85,0.12137752668915167,0.6039903237748684,0.07888576407012232,2.3735930187681604,0.49079145478090763
30.900000000000002,0.12611628515903445,0.5990971017838979,0.08538831902352105,2.3739402495486446,0.48536152897500556
30.950000000000003,0.13723144271334847,0.6024327069348334,0.09627577625227227,2.3765423197713513,0.44780723611804185
31.0,0.1332311343007614,0.606897069044891,0.10666960062961409,2.3809734514613003,0.43367941182743724
31.05,0.13699176054140488,0.6046940898422546,0.12309077849879857,2.3896857965179708,0.4277628531705706
31.1,0.14767079590600213,0.5966756177391237,0.13354900338378298,2.4016698084011665,0.3912838099999242
31.150000000000002,0.15474304035486622,0.5907867391397352,0.14136210903358892,2.4146665555113995,0.37027910356516325
31.200000000000003,0.16137824463769412,0.5812610537275484,0.14672258213676043,2.410569194177867,0.3807235603306471
31.25,0.16718520008147386,0.5816639513149557,0.14957307276648804,2.416735794389837,0.4010862555160606
31.3,0.17798523619142642,0.5925019790871628,0.14661172633617975,2.4191831179530223,0.38243111641234123
31.35,0.18762568932067497,0.5935463421715974,0.15376887384800067,2.428305200788787,0.36659534891026563
31.400000000000002,0.1857012669695308,0.5892484780162746,0.16369346596908466,2.428399253486225,0.3501498461273635
31.450000000000003,0.19249166107026128,0.5990861501159593,0.17143650219951603,2.4359637781413714,0.3337964704279703
31.5,0.20049394156303116,0.6187182487833982,0.180280358139414,2.4405502993038968,0.3015639684092177
31.55,0.20444922994067632,0.6214709302138616,0.18137367599945867,2.4411391049953557,0.26850967090764816
31.6,0.20978233657819373,0.61701968803761,0.19081361981616057,2.449989599764969,0.22686148640713108
31.650000000000002,0.21560700103672267,0.6313211851814625,0.19740019735278502,2.453705993467717,0.20224931515054426
31.700000000000003,0.22442813017298516,0.6194363661042063,0.20552995259957554,2.453139550617261,0.18143936813047193
31.75,0.23224995345736815,0.6153741175335176,0.21624770700738244,2.4551508481615087,0.17422590138708352
31.8,0.24009659967874133,0.6145466987100393,0.22641854381055718,2.4543132280824693,0.15601556521538887
31.85,0.23743428879031747,0.6164734481288695,0.23444164840510218,2.4596037940839053,0.1604089598946439
31.900000000000002,0.24289195122445723,0.6234155383416903,0.2379164781840316,2.4613860679997095,0.1584336353286863
31.950000000000003,0.2485334588960323,0.6282182684285313,0.255114611442419,2.4583497550159485,0.16227865188660673
32.0,0.25394252438855114,0.6305246920169472,0.25874498397924195,2.471922260695497,0.16300275699770062
32.050000000000004,0.26758554727923667,0.6268088657584776,0.2641758563444833,2.486091062996789,0.16754207902511725
32.1,0.277979457944547,0.6342456755987016,0.27168068466574397,2.4808271111257825,0.20027570311642143
32.15,0.28542725130116336,0.6334622385677484,0.27842346666524437,2.4913229331422833,0.24836055851688585
32.2,0.2800270037286862,0.6314479797416064,0.2784924146013559,2.4953428187565874,0.2771293798358026
32.25,0.27471291669461934,0.6185783915512346,0.2825643819972462,2.488601385492256,0.29769114580379163
32.300000000000004,0.2839792839608221,0.6159309484325486,0.2795682771597809,2.4862893897344094,0.347974605810976
32.35,0.28484095064915804,0.6068507946781083,0.2846438310968328,2.482422570219646,0.34682395804769417
32.4,0.28779775446358424,0.6119106637422981,0.2909958582961189,2.4829015827776497,0.33777095181647604
32.45,0.28641403719208497,0.6048256908775652,0.28508168962376373,2.4826378382170966,0.31090194336471266
32.5,0.29588151932917095,0.6092580654901405,0.2889315790798387,2.485912848612734,0.29185377774494375
32.550000000000004,0.29894488772806066,0.6164983245193036,0.3038478516075826,2.4848948637627335,0.2632534705927275
32.6,0.29052072624780095,0.6189965263388287,0.31559738377336005,2.4966551622623774,0.2473923240867626
32.65,0.2917710629881017,0.6167386166063751,0.31960998152159587,2.493453086831476,0.23418891495702418
32.7,0.28840433698277185,0.6230507107253856,0.32978951352029434,2.4982845607665705,0.24047643874851166
32.75,0.2963535114023373,0.6230662231728736,0.34104276929558613,2.510295628593548,0.24665859199536444
32.800000000000004,0.29942873398376874,0.6264684125112143,0.3429415902729233,2.522896491479766,0.25495926614647163
32.85,0.2975374652847763,0.6445442573838301,0.33983944637921004,2.524551692552671,0.2687051100313401
32.9,0.30188267770380556,0.6411585102740502,0.3451474397850192,2.5370886229155767,0.2829691589028508
32.95,0.30252608026339933,0.6569095475002815,0.3216042509184335,2.5474503185141693,0.3025484516738686
33.0,0.3024039895775715,0.6645321436873699,0.3113347717217099,2.5532653971560735,0.32236511496958553
33.050000000000004,0.3018274451237409,0.67080985917663,0.30989745263643786,2.552670122965787,0.324096661067604
33.1,0.3015961534152212,0.6832206499447421,0.29921111687195884,2.553465323653704,0.324291841563874
33.15,0.28921656406973895,0.6860717669708567,0.2915902870712856,2.557100885088731,0.32012606991595455
33.2,0.28146016355032294,0.700010256156141,0.30304468396902556,2.549357066494345,0.32767977431634815
33.25,0.27481519526437476,0.7217167084781714,0.2858144889270123,2.5557573211595073,0.33618168500436135
33.300000000000004,0.27383682433982676,0.7284655766393422,0.2745142615009706,2.55325606504917,0.34072679910428555
33.35,0.27219525923969873,0.731437890390233,0.279172112641762,2.5590312727098894,0.3568258579325417
33.4,0.26699989982121425,0.738906045187585,0.27541843169697156,2.560745443552721,0.36283423253811437
33.45,0.26807436513738747,0.7461408793508305,0.27032876048089965,2.5688182929440377,0.3536770943771006
33.5,0.26810497373620545,0.7587484092539599,0.2610997356347025,2.5694316775784425,0.3610885437564829
33.550000000000004,0.2662642522534857,0.7758771417862739,0.24773303320533335,2.568601893318054,0.36245540477520877
33.6,0.24799209926057925,0.7913027528510256,0.22988028359846427,2.574782104735091,0.37347905363976636
33.65,0.24056234354535747,0.8012444357709428,0.230215791193093,2.5659811723966124,0.38618751443023375
33.7,0.2364428992902629,0.819372132348447,0.22018630084214091,2.5635934729571495,0.3921331479609816
33.75,0.21565631751557887,0.832171626853515,0.2190914532462838,2.555845184775107,0.3979746646104836
33.800000000000004,0.20724274881466026,0.833442490444291,0.21311885919186868,2.554110213742489,0.41733298145998693
33.85,0.20268954343442544,0.8534409035141794,0.21470351754443387,2.546243660528792,0.4113791261306502
33.9,0.20355699801856722,0.8650437697245821,0.20638598955414267,2.5539457752485153,0.40267606384292876
33.95,0.20102170527002283,0.871562300564333,0.18804630474861445,2.567299887030773,0.4043566126279424
34.0,0.20364683487034965,0.8833237719547574,0.17603845772574814,2.5687516975786666,0.4203518262892767
34.050000000000004,0.19947784697612858,0.8903167492893336,0.15130005663912477,2.5704124959192414,0.4509827512781335
34.1,0.20442594165789685,0.9163990079199251,0.1309284154522533,2.5712239067367837,0.4641367479240481
34.15,0.2024479932182911,0.926762304982669,0.11767880784269281,2.577266569768536,0.4726136242442457
34.2,0.20656003742480142,0.9322584771362855,0.12916477888035544,2.5765870648157967,0.4735950614507523
34.25,0.20221108012964342,0.9375800580384702,0.13519552760310294,2.570983219320061,0.4636371552461601
34.300000000000004,0.19411282505524394,0.9404447284123838,0.12207105761826091,2.5748815099369264,0.4569602769703386
34.35,0.20153116484388375,0.9576100683077458,0.11787632688682288,2.5737579661026015,0.45830259105614773
34.4,0.20238461940217572,0.9516591603374399,0.11751111433967813,2.5669205859344775,0.4668971016689453
34.45,0.20139017930293948,0.9554404578755283,0.10319574315109438,2.565187909481907,0.47044037836667935
34.5,0.19103299105133514,0.9671519330514773,0.09257542216137456,2.5724857597710296,0.4887335135230142
34.550000000000004,0.18964493018501366,0.9721349345653308,0.08841878255088494,2.5698510852677043,0.48645702079951003
34.6,0.18693003214490367,0.9764814329406329,0.08505780344636886,2.56029035115854,0.4932534825943624
34.65,0.18064357537774067,0.9876417031718178,0.0875018521228491,2.553152433161268,0.49971471346918894
34.7,0.17218041304820458,0.9837302356515277,0.077213021841401,2.553879076962364,0.5044797579660713
34.75,0.15415476990229895,0.9885322816507929,0.0787937527077684,2.5558073359484217,0.5267481394952097
34.800000000000004,0.1528639906263791,0.9918680942785931,0.08372130307795529,2.5488461247387892,0.5203351341047857
34.85,0.15740018881229134,0.9823291419350695,0.09046897310164356,2.55378198100254,0.5192489149357628
34.9,0.16567023973293743,0.9813989412291623,0.09395398901318101,2.5580564004030113,0.5139539901908539
34.95,0.17190183156712707,0.9862409728286876,0.09275790532705232,2.5436836541039485,0.5194054213321943
35.0,0.15951194437298008,0.9750298111050838,0.09796927281848565,2.5214258361309345,0.50028742900088
35.050000000000004,0.16196385169417624,0.9744812340457427,0.10330705585391597,2.5085391303448525,0.4894570234364029
35.1,0.14767770722023005,0.9830320692620684,0.10810178162359584,2.503609936357224,0.4822462659405184
35.15,0.14338501266076153,0.9882143527623949,0.10847343702714168,2.4947196155542706,0.4924442753560338
35.2,0.13033565142898343,0.988681728056648,0.11104971640495752,2.4889845871640954,0.5051772645643553
35.25,0.1130235695550382,1.0018291425253556,0.11492108219203147,2.4749945485690024,0.4958522932510277
35.300000000000004,0.10831700125825565,1.0060300115707734,0.12364924328434253,2.4792010463954224,0.5113466625176386
35.35,0.09310621537481764,1.009773510546561,0.13032023388861222,2.474878426756495,0.5253352765507674
35.4,0.08654249907557884,1.0041399946881087,0.14128405964352458,2.460670452083506,0.5398188443667621
35.45,0.0880509842988787,0.9859229406535673,0.15004765172151113,2.4447340847698387,0.539720026508221
35.5,0.08046148570248203,0.9802384726481089,0.15771330091112348,2.424713294818049,0.542468440271815
35.550000000000004,0.0725447574431977,0.9777600412394254,0.16171833465345617,2.39858125665412,0.5371569281000076
35.6,0.07460629367043786,0.9629442882900178,0.16288081983324526,2.3929203509398342,0.5244433685165827
35.65,0.07384132111235654,0.9738015523267822,0.16986110312941252,2.3761182424595813,0.5010567294927153
35.7,0.06939161825551107,0.9676829817184527,0.1757525645054503,2.370931532627675,0.5037745574910787
35.75,0.06448407326956788,0.9669750896920039,0.18130891902916643,2.3719048376142644,0.5006519326349399
35.800000000000004,0.0604806338568764,0.9785270781541051,0.1896401898779634,2.3613618121347586,0.49601359398889894
35.85,0.060368490143644246,0.9729095408541703,0.1925485851179527,2.3555064116915156,0.49919829305964303
35.9,0.05869799682353935,0.9706067993486198,0.19615614545602603,2.345322515624845,0.49406548650682447
35.95,0.06385986797619173,0.9696465009287886,0.19776411998018512,2.338663193662329,0.4752491004176052
36.0,0.05226261051417062,0.967552411165224,0.19797402587098278,2.330489789700953,0.45663270349617524
36.050000000000004,0.05048151209500789,0.9754641807279697,0.19945743329166102,2.3397557295029663,0.44468898988082595
36.1,0.05156694953717813,0.9983256186578033,0.19535538642484604,2.352115032710511,0.4572893524790741
36.15,0.0491610388264121,0.996345292273928,0.20062846734220646,2.3699819283862293,0.47525190572971776
36.2,0.05588788325678269,1.0049088069633247,0.2077303156987341,2.375745021519051,0.4934120950048134
36.25,0.058928048701218726,0.9951840063358665,0.2113015075453988,2.3705935010984613,0.5120308666040708
36.300000000000004,0.06999454964678646,1.00175235414406,0.20993420201377475,2.368798919355272,0.5126516420118956
36.35,0.07416206538465796,0.9986476766362095,0.21175485394614824,2.365602761392991,0.5151979358272871
36.4,0.0826462108972746,1.0041358310655286,0.21494003257442454,2.370597385862182,0.49120306314208056
36.45,0.09037214987372122,1.0101608218732094,0.22248663669647553,2.377148090611419,0.5000211734660646
36.5,0.09193940901216016,1.011521831397178,0.22537513106435367,2.3874200946933444,0.5096088956281869
36.550000000000004,0.09887770456949665,1.0204059559488858,0.22749132171365036,2.3879803695820314,0.5075403595152697
36.6,0.10550308722834227,1.0162340124109979,0.23763049249090726,2.377620808303245,0.5072724254812028
36.65,0.11130794960058427,1.0127203638411792,0.2336888827251872,2.379856487071955,0.5179510761186539
36.7,0.12343203734296576,1.0123052933088592,0.24006854071721928,2.3791592045229035,0.5134280198561033
36.75,0.13552978289164927,1.0106434939078917,0.2472662935231212,2.3762206453860832,0.5189066432963675
36.800000000000004,0.14036425746258865,1.0114974014817288,0.24506114758151518,2.375410564140034,0.5183188976261794
36.85,0.14571829891241286,1.016751289813671,0.2441427377314048,2.3785517212290457,0.5163820585638981
36.9,0.14986401522953,1.0105452923954341,0.24928190839246486,2.3710209767494654,0.5158524585169444
36.95,0.16050137078055343,1.0105629452686256,0.25063141005964906,2.3684162201942716,0.5198965687550797
37.0,0.1646301138581367,1.0114577152368887,0.2532479244765652,2.3611134233033693,0.5142961479548102
37.050000000000004,0.17228948912301256,1.0052340889436406,0.25381866141105514,2.360122147523433,0.5159103801657903
37.1,0.17663470705556053,1.005677026153181,0.26349633352885027,2.352040571158576,0.510081936492128
37.15,0.17861838948058859,1.0056484502871224,0.2699295059217996,2.3440393481369055,0.5127572145785713
37.2,0.17963394812441963,0.9929563238273829,0.2593828235992686,2.351999940366584,0.522364951706567
37.25,0.17880416224041562,0.9908258686318141,0.2517515983589872,2.3435749984392555,0.5291685574627822
37.300000000000004,0.18089273324699684,0.9879280064167777,0.2491449345141787,2.330472796711096,0.5245684251442914
37.35,0.19192628004874843,0.9872356861237436,0.2398781023053952,2.3288097065228284,0.539939224856194
37.4,0.1918290574323923,0.9889694029576309,0.24110715941970298,2.3203670813212565,0.5318882119811932
37.45,0.19898448179850398,0.9912891208744582,0.25062666897099317,2.313656361806367,0.5378671425209058
37.5,0.2021438618524071,1.0028812933692308,0.25989248799156606,2.308093580857738,0.5457221985922882
37.550000000000004,0.20251206195165583,1.0139405504084598,0.25980889634415893,2.3100192692860926,0.5481335074755995
37.6,0.2000909003998499,1.0221559321202545,0.26270168825264983,2.3122373809572303,0.5547127670811226
37.65,0.19913236888665092,1.0194929140205373,0.2620867236134683,2.3149545881480713,0.5693514594681489
37.7,0.2000579878185656,1.0235355112194549,0.2575806415935628,2.299689853619036,0.5637898913395113
37.75,0.19677578471324197,1.0232148365664793,0.25515144324060024,2.3000891308815,0.5624258999763846
37.800000000000004,0.191899765386436,1.0171851552907738,0.24271458239437083,2.28380093291347,0.5705235952808284
37.85,0.18786400889854565,1.0112652483410938,0.23363414023796641,2.271038874702724,0.575268420664228
37.9,0.18157738116280933,0.9970888155072621,0.22568058684388956,2.28042865932849,0.5761801179557648
37.95,0.17904474961310562,0.9952014578702697,0.21065257280594746,2.267472899459834,0.5770602719809387
38.0,0.1716728488635772,0.9841268356753574,0.2134988689886751,2.2414886850090276,0.5592550393703113
38.050000000000004,0.17134209872771072,0.9731024756606098,0.20064487403676692,2.224053603155144,0.5555463215846994
38.1,0.17102601336072093,0.9572115836316933,0.2077305667890012,2.204881938377737,0.5536240038286204
38.15,0.1618625912206333,0.955252508862159,0.20041262624983705,2.1976176221837087,0.5578328976654992
38.2,0.15240762331486027,0.9387710673884225,0.1980464156746216,2.1863079096448477,0.543332691345841
38.25,0.1425551080958269,0.9370410151109516,0.19470343641912347,2.1768424589154782,0.5402037422237608
38.300000000000004,0.13787214865970732,0.9249759941060115,0.1977879409682804,2.1728549352914808,0.5338540469140145
38.35,0.13765129282497704,0.9308065214318356,0.17212974525933475,2.159877694107156,0.5282857092749605
38.400000000000006,0.14542791419147583,0.9211381924030944,0.16677343303560033,2.150572855104486,0.5127041064536937
38.45,0.13946623616458145,0.9260229886348428,0.1550092003877675,2.141851784978939,0.5112607130294774
38.5,0.13842900339166048,0.9277046062707521,0.14833174067919305,2.133551782347873,0.5044584646792565
38.550000000000004,0.14007683355969228,0.9241257034956845,0.13366346699498804,2.127856590564121,0.49155262518929016
38.6,0.13947670958968972,0.915434289160161,0.12717647852829855,2.11255985752771,0.48072441365341284
38.650000000000006,0.1498111436758011,0.9123364745419082,0.11360061759114415,2.088496984043575,0.46060468750054795
38.7,0.1506679515748243,0.9068876185644058,0.11469190887874833,2.0801391570821726,0.4622427415281676
38.75,0.15541742066620173,0.9148757832365241,0.10598053940646442,2.078999694369908,0.46255431983302414
38.800000000000004,0.1583736562180441,0.9155979263452588,0.10768959799014813,2.058306767455228,0.45345392831863507
38.85,0.1620254596106459,0.9071392163450411,0.10522949194030774,2.0625006125137326,0.46651371602401076
38.900000000000006,0.1541511851891002,0.9106535379693084,0.1281401129957926,2.062362674597866,0.461118531166659
38.95,0.16373376117505825,0.9152790895686799,0.13825831994137663,2.0608778745438965,0.4723335799800785
39.0,0.16044045420145786,0.9107555877186009,0.1444770121707407,2.0659340526906487,0.47844280796036914
39.050000000000004,0.16520143970319556,0.9062734843700484,0.13654073682311357,2.0736031665778403,0.48619586379977825
39.1,0.1527006029366195,0.9068636668455173,0.137057205904007,2.069617184074538,0.4933419318076937
39.150000000000006,0.15876446235759423,0.9074793284565993,0.14471891472118514,2.0539817837058556,0.48610771712025713
39.2,0.17660099442916258,0.905483448392987,0.1468898674277288,2.051922997396226,0.483632600451141
39.25,0.18469207604054985,0.9097446096158824,0.14785744101271572,2.062533438026581,0.47405206016334395
39.300000000000004,0.1926875813738446,0.9202662504870082,0.130389166159168,2.0625137047374915,0.47934886541503485
39.35,0.1849618554012601,0.9184396360956238,0.11575727006772929,2.0667386312778233,0.4712072933811076
39.400000000000006,0.18398523287743554,0.9158259952392518,0.11404757261384053,2.06809704560735,0.4564621095808483
39.45,0.19458578271556276,0.9138457280592378,0.11796108151335012,2.061420587309763,0.44714017364604497
39.5,0.18142237319238605,0.9093097411114516,0.11175357995081965,2.052900651462861,0.44386299181262445
39.550000000000004,0.18314986979775655,0.9063585674014436,0.11423851316235997,2.043009898937164,0.43866711533293434
39.6,0.18065223082793794,0.9086862931199384,0.10772605368466771,2.03840934731858,0.44567228288467775
39.650000000000006,0.1772968194313504,0.9064203648452434,0.11764899610333424,2.0394363481571505,0.4462896536633862
39.7,0.18394003125868114,0.917131481358737,0.1301838582389384,2.045769222011273,0.4360803560978096
39.75,0.18583364060881363,0.9164392600856781,0.1378608352847939,2.057412174185945,0.45476378575768384
39.800000000000004,0.18512423667578892,0.9176040029493914,0.1537139786148971,2.0582531076439587,0.46751852806843985
39.85,0.18659716221566755,0.9302511829319657,0.15904020384215753,2.064031930204038,0.47045509934521357
39.900000000000006,0.19243220507979128,0.9426250480493694,0.15946989937905443,2.082140250255139,0.4871277984764503
39.95,0.1926210515322854,0.9336326835383202,0.15942111340764906,2.087131641281411,0.4970944902703612
40.0,0.20154591444002054,0.9387566587098113,0.1580039173376775,2.096674669299636,0.4916037139276182
40.050000000000004,0.19848768359076552,0.9412514632173977,0.154276160527779,2.1020756550985795,0.4924416763125618
40.1,0.1945529355905199,0.952843791636387,0.1530852949297191,2.093446064108711,0.4962176933913464
40.150000000000006,0.1971229022233517,0.9467784095727425,0.1624578761836236,2.106354323917288,0.4929098413454746
40.2,0.2015567496547512,0.9563436646425315,0.1574746802653243,2.111563780405543,0.5036629020255646
40.25,0.1998224807294974,0.9615321646817365,0.1543031636213051,2.1104259504166056,0.5007810435674491
40.300000000000004,0.20350357199706792,0.9601035034381771,0.14762372062251986,2.116867714176426,0.49672442811866546
40.35,0.20015032784823678,0.9787433853250506,0.16022155548407963,2.1154495780674996,0.49195405337621334
40.400000000000006,0.19629199417772927,0.9786177941818374,0.1605971167706747,2.1053832377328376,0.48340105916082327
40.45,0.19745017113281238,0.9895400325507593,0.15778254800778768,2.119373075688726,0.48702443676330615
40.5,0.2028946605360373,0.9987681132296617,0.15667420374632632,2.1196629950028454,0.4974900324871551
40.550000000000004,0.19949353975434697,1.0161728346677061,0.1488740159456248,2.123020618417067,0.5053914449215332
40.6,0.20380316161274178,1.0113375429434397,0.1465804506749389,2.126189918201652,0.5030723861818405
40.650000000000006,0.1973441600555829,1.0092759881360072,0.14883407448869548,2.120733056743291,0.4736233432328224
40.7,0.19917653144934436,1.00383903590894,0.1490669062623744,2.1168801240461677,0.454049227518688
40.75,0.198762408756421,1.013174031286677,0.1538763620490656,2.114140352192216,0.4586058953538877
40.800000000000004,0.2006691130446065,1.0297975973614637,0.15201824224038207,2.1060374341861654,0.44912359301261917
40.85,0.20104044855573275,1.0377151771597173,0.15391633735581112,2.1200601633523855,0.44139319533810345
40.900000000000006,0.20041498241657674,1.0421635005092755,0.1599280634250532,2.1230332143890887,0.4372247749948656
40.95,0.2000077145496143,1.0448109073645344,0.16731952287162916,2.1212993448223707,0.4328538854226507
41.0,0.19823884720677687,1.032256427703992,0.17803995003988443,2.1164271806428356,0.432207726007563
41.050000000000004,0.1952781628986796,1.0451844608888423,0.18093370539654646,2.114276010752717,0.4238419143054759
41.1,0.19527451582460528,1.0641039899233602,0.18699219812907789,2.114819218051963,0.41778693945274736
41.150000000000006,0.18556333195846045,1.0871393822806712,0.1932245918905598,2.1224060900000485,0.40561516483164456
41.2,0.18131919951266082,1.1048582044411082,0.19447840306677197,2.143006777551847,0.398744295626182
41.25,0.18571170630583947,1.1463952785284495,0.19293632459491067,2.142982387451689,0.4020009744176576
41.300000000000004,0.18502034707876072,1.1521760722295706,0.19576662470211592,2.1482778899728427,0.4010887921476432
41.35,0.17919214086540228,1.1628449547063853,0.1964228144683013,2.144083939827282,0.3917765253880485
41.400000000000006,0.171707822201756,1.1756263171943833,0.1930506752740035,2.1548105818325616,0.39002042175159035
41.45,0.17038773054197023,1.188984269929341,0.20184832579027423,2.1637377388298917,0.3940174553984541
41.5,0.1786552847812633,1.198623287010444,0.20460090748573936,2.162840133484464,0.39452114509066744
41.550000000000004,0.17552003661983223,1.217260484196077,0.21057171943564382,2.1677040925050037,0.39136619673744244
41.6,0.18199091840983803,1.2141724275775445,0.21470077144397046,2.1581422088539037,0.38420852765436636
41.650000000000006,0.19359510866397514,1.2037372627616547,0.21778540617723574,2.159929892597557,0.37333454580559744
41.7,0.19602341099643258,1.1848506626929602,0.2189886021442239,2.156859662994043,0.3943614057774888
41.75,0.1936095751389279,1.1823177660034614,0.22373025880460343,2.149206207818903,0.4305920957531898
41.800000000000004,0.18972835170977723,1.1891469761146898,0.22664488681060643,2.153191348632155,0.46185322843041465
41.85,0.18817931705366975,1.1927106497110969,0.2304692167173799,2.1486171696892247,0.5094036700329445
41.900000000000006,0.18462629343749565,1.204667507970922,0.22968627844327325,2.157862683587207,0.5424512945199993
41.95,0.17855782188121253,1.2086243892301145,0.232778937354981,2.150232552022407,0.5617276984421677
42.0,0.17850365191093223,1.220839259476132,0.23156977372269802,2.155995841079747,0.5541197438342941
42.050000000000004,0.18216872386836536,1.2238038561431306,0.22796249217916387,2.170347049531692,0.5302147309390141
42.1,0.18055704213744883,1.2320047182493372,0.22287059640070106,2.1656701232467173,0.5304685713453259
42.150000000000006,0.17107632140188928,1.2446603831195087,0.21187327539550216,2.165626342036381,0.5271509032235854
42.2,0.1710632004991181,1.2508745723513621,0.19329943819288145,2.1841912239736785,0.538847637440219
42.25,0.16576810599563682,1.2506157539436844,0.1614816972004242,2.185091199797148,0.54762185094226
42.300000000000004,0.1683151911104572,1.241650239461122,0.13676786042813324,2.1970956138068134,0.5711823237832864
42.35,0.16366278250803157,1.2367383249463308,0.12265485129445013,2.208596858691815,0.5621859825190668
42.400000000000006,0.16083520791869674,1.2277773378069772,0.12115979414972204,2.21850324930416,0.5657163018037082
42.45,0.1536218822672089,1.2248678248937646,0.12520366921015272,2.2229392293859,0.5772499542030095
42.5,0.15117459063617456,1.2212262852593339,0.1238002211948269,2.2231777812136873,0.5758355291427998
42.550000000000004,0.14856666353607023,1.2228663344390307,0.11045902201602098,2.2225026236112244,0.5718278089253924
42.6,0.14864922731737432,1.227950923657833,0.10055170369728696,2.2131164455690704,0.5793813122973663
42.650000000000006,0.14535632081066405,1.2268418943704174,0.09028531069802011,2.2078415281910675,0.5856461383311161
42.7,0.14285236822750572,1.227895933358816,0.09211419046735228,2.2039474078327075,0.5943776707933505
42.75,0.13895741313201365,1.2151771510380727,0.0967914312895168,2.2010398123227186,0.6074301991273988
42.800000000000004,0.13116741297109585,1.2166702118813364,0.085536314151786,2.1764809560871,0.6021288474488218
42.85,0.12397070237187466,1.2082120310000601,0.07306134489692967,2.1762052661402316,0.6130341327396913
42.900000000000006,0.11853850916351,1.2076084951389412,0.06473565848462291,2.173566124152537,0.61682065133545
42.95,0.1292173946327941,1.201471096095852,0.06072977340698092,2.17760065699689,0.619784407683188
43.0,0.12867953720931166,1.203799230015002,0.05734266742566577,2.1778990496547106,0.6264967412157851
43.050000000000004,0.12671699426570912,1.2043691645460626,0.05132429087331754,2.1849464997001258,0.621746189947291
43.1,0.11629741100125947,1.203639181929294,0.061048008002684326,2.1853915868391893,0.6313285729631197
43.150000000000006,0.11050230085810635,1.2064595278112842,0.06612185599745767,2.1774821016767225,0.6337885328824651
43.2,0.10810205268658604,1.2041979976912622,0.07098355066927961,2.1652508119527933,0.637331236911261
43.25,0.10657829282845421,1.2046157262889599,0.07263204860573515,2.160413004585165,0.6389019573289125
43.300000000000004,0.10013376302657982,1.211410541834537,0.07317194524966206,2.1482883671573427,0.6387281606369726
43.35,0.08953095139652818,1.2029050291858707,0.06916537232909782,2.153442379077516,0.6380316122542221
43.400000000000006,0.08277879247563824,1.1993119103557357,0.07541203021833379,2.1510529946806463,0.6440185015703448
43.45,0.0740103335962091,1.204670975160027,0.06998924148411544,2.1458224523958633,0.6436754245582033
43.5,0.06485011354082447,1.2029572338670411,0.0684587168754023,2.136152838213775,0.6375987312399897
43.550000000000004,0.06058025823761779,1.2004890999162796,0.07411094059427069,2.1249966269444753,0.6396329614347287
43.6,0.051357410493620366,1.192060443642065,0.08079548042927331,2.1235165429640586,0.659424340497521
43.650000000000006,0.04725662600862058,1.1955876536615508,0.08761897148130247,2.1141606614841923,0.6572354629187706
43.7,0.051830318406167655,1.1934914858681607,0.08587519828467419,2.1045261203761605,0.6591805439556969
43.75,0.05606307329771787,1.1873703497925387,0.10356922008628493,2.0903229362279836,0.6630551379593124
43.800000000000004,0.06113308248701397,1.1913454182227659,0.106113409131421,2.085517792280258,0.6685096839640481
43.85,0.07002790143022343,1.1886582882914605,0.12705417903222482,2.0758232893575945,0.6698116359509045
43.900000000000006,0.08564090208722606,1.186987106722167,0.11694536722047824,2.0812891754445455,0.6532854266888788
43.95,0.0897852890886691,1.184684757545707,0.126600120008623,2.072463553755778,0.6506752414592052
44.0,0.09335825686118876,1.1992898512896706,0.14379904782163147,2.0549466915544166,0.6357031656346709
44.050000000000004,0.09443883834429571,1.2008936163633301,0.1430332825845569,2.0405332045412177,0.6220467095441736
44.1,0.08956826661891922,1.2134162579065,0.13268260834642062,2.0357208092998778,0.6168237833204329
44.150000000000006,0.08898565612140195,1.2128836282130953,0.13805713469817,2.024335844896085,0.6273681156564517
44.2,0.09350159413416276,1.2040502877523747,0.14352245039987474,2.019931374258696,0.6191428753709117
44.25,0.1039566624851483,1.1970350980361255,0.13786066935412042,2.00419354987302,0.6164325091623111
44.300000000000004,0.10759741720324385,1.1878388326353087,0.1350675053549239,1.9852278010781965,0.6246259397467191
44.35,0.11429641133900509,1.1781552436469525,0.1526273959416231,1.9736167228392651,0.6308303622528119
44.400000000000006,0.12047866079054258,1.1842230720627702,0.1523494544372227,1.9740826607647477,0.6277771898794469
44.45,0.1217284936441085,1.1971063792028354,0.16663630525661882,1.9618428668975183,0.6304707211926045
44.5,0.12371851289007309,1.2053639115884875,0.1724771628043391,1.9719216386135732,0.6291066026758807
44.550000000000004,0.12212656839561821,1.2095170498196912,0.17183401636492823,1.9695565173383616,0.616438064265407
44.6,0.12265719416545119,1.2058457664942916,0.16986903761260064,1.9589527421182942,0.6216141764653373
44.650000000000006,0.12343650582146261,1.205366379284047,0.17008094883416666,1.9459958294500517,0.6305586237213543
44.7,0.12380856505790376,1.1926476182701533,0.17550408939022155,1.945379059332859,0.6342113804480158
44.75,0.12527052574423986,1.1844300311482816,0.18305431910222045,1.9322948460810059,0.6304567504030364
44.800000000000004,0.12417453008786414,1.1835719403952172,0.18959632418497518,1.9272937662779344,0.6259593300110491
44.85,0.11802055981780817,1.1825971700755302,0.19757051251231142,1.9319337959239027,0.6176831003918425
44.900000000000006,0.12142239657313612,1.1938150792087199,0.20350291623409084,1.9268812023557158,0.6024271984645728
44.95,0.12263199111799958,1.2052067191752192,0.2086412669836272,1.9276896481624708,0.5831305549729328
45.0,0.12277537537821977,1.2058683188280992,0.21803930493633386,1.927990610427685,0.569527964694869
45.050000000000004,0.13004892547556413,1.2167762415028085,0.21784360364710728,1.9454859676806135,0.5714292958054061
45.1,0.13666388122047626,1.2164001278440522,0.21414535780633148,1.944020626786215,0.5665771630644595
45.150000000000006,0.14907105557993605,1.2171015504263691,0.2346298674096352,1.95176866269482,0.5635986993446143
45.2,0.1594302313809662,1.238324080257274,0.2426863559744322,1.9534513943038765,0.5638731581975562
45.25,0.159508229641898,1.241658445318327,0.24806181634088906,1.9715065191856513,0.5543391939210823
45.300000000000004,0.15992045699376223,1.2545523514413515,0.24973139380714715,1.9703110599673694,0.55775002382512
45.35,0.15988861337978486,1.259731483857171,0.24850527489428503,1.9645931746529153,0.5558720107322825
45.400000000000006,0.1579334854525497,1.26274771799997,0.2415597387466481,1.9661023465342387,0.5532390979092727
45.45,0.15691484747644632,1.2675530391965637,0.2433498365499453,1.9660797811396946,0.5372214883043609
45.5,0.16263727860667931,1.2729585774757715,0.24430461395731215,1.9645386571334198,0.530058052626269
45.550000000000004,0.16863138797364602,1.2727139327804797,0.23207813696610596,1.9488595397078978,0.5254471364023853
45.6,0.17474143120961302,1.2714560914804667,0.21198665184612842,1.934952392786678,0.5313714604939506
45.650000000000006,0.17629993117755755,1.2595456713624493,0.2140581072661699,1.9131134464169872,0.5369812065647361
45.7,0.1773488552316966,1.2434854344288442,0.21037103867244514,1.8970039511451513,0.5539536016528717
45.75,0.1867051435984316,1.2310496716319552,0.2114544749314063,1.877357603099743,0.5710331689971629
45.800000000000004,0.19795630074189577,1.2248125910737309,0.2102846581924069,1.850813667833947,0.5716522372530422
45.85,0.20122316415991776,1.2161683338068299,0.19635903793659257,1.843121660605056,0.5916299036031808
45.900000000000006,0.21119743444282296,1.197302308194289,0.19202296357457535,1.8242532401709075,0.612414603655259
45.95,0.21651605513701166,1.1943264579149353,0.18709176460506668,1.8167012653919552,0.6300780363990292
46.0,0.21937562460502308,1.18718437374261,0.1914895363749928,1.7933036198348342,0.6524471749399738
46.050000000000004,0.2310211172092311,1.1757217391200798,0.18984628486234387,1.7691710798204658,0.6535006779263978
46.1,0.2401819940765228,1.1648158949408618,0.18301844674119966,1.755314058636139,0.6537991111009614
46.150000000000006,0.2479229454176308,1.1526714415395183,0.177656768309169,1.7546075571275026,0.6456603568617684
46.2,0.24495950598996202,1.1397330333480955,0.17028223457163333,1.7386411038745777,0.644814133030559
46.25,0.25248301763034015,1.1352753129756903,0.16951569005194767,1.7227949764797366,0.6431456341807074
46.300000000000004,0.25835401516610207,1.1301271692935793,0.15504240163344618,1.7211761913827515,0.6431396075420336
46.35,0.26153352281006154,1.134080926447688,0.1483038975896613,1.7130163939692207,0.6409855459917871
46.400000000000006,0.26439790973238053,1.143715336059399,0.1371764476584035,1.7121358355581235,0.6339294760552019
46.45,0.27391207767052367,1.1347028733908961,0.13067351022955814,1.7049415966774064,0.6410976461076077
46.5,0.280186113885193,1.1450220127180504,0.13114669887160557,1.6981946309468952,0.6447777224415946
46.550000000000004,0.2805268595740725,1.1437748765163807,0.12757547839701305,1.692340055171069,0.6434913437979339
46.6,0.28310035093004005,1.1438440803154437,0.13850344487525998,1.6788393177506764,0.6457912484113095
46.650000000000006,0.27581491148824366,1.1258083696482475,0.1434540641233322,1.6845697080171795,0.6570351758448775
46.7,0.27118764573238896,1.126035037866907,0.13845227532902732,1.6706600215114713,0.6589669277022241
46.75,0.2823137496450066,1.126487209811257,0.13083964859233793,1.660456989248918,0.6581125459334166
46.800000000000004,0.28476427881150385,1.1105228765998603,0.12539784273286014,1.6535870845775749,0.6620878430359712
46.85,0.2943367467709226,1.1155308019924681,0.11950229712048975,1.6561671076063378,0.6630609003261416
46.900000000000006,0.2922782041936514,1.1218385291677946,0.12361914728279691,1.6493433333401797,0.6638093343021734
46.95,0.30137884765543205,1.125650156903083,0.14058191134815712,1.6503067697347749,0.6718840086047131
47.0,0.29743842200376247,1.106112048235906,0.14843160683823836,1.640507390218368,0.6698695084117464
47.050000000000004,0.2969216939221572,1.0818905270856722,0.1597889602805278,1.6475153047709181,0.678714751124141
47.1,0.2973470667946656,1.0695811806704145,0.1640058770804218,1.6251044859381871,0.682138100800068
47.150000000000006,0.3009541656781669,1.062315502187238,0.1667326391238578,1.6195273847355973,0.6805047770055135
47.2,0.29878190207924715,1.058022582660523,0.16441893212335762,1.6103176256353302,0.6849985333190474
47.25,0.2901148624938693,1.0593811857206472,0.16720430649612023,1.598399919323681,0.6933660987620942
47.300000000000004,0.28955490672303236,1.0668297082960827,0.17294120920444447,1.585410527377247,0.7041176160443698
47.35,0.2887297568354954,1.05375230935295,0.176413043108049,1.5922227528690704,0.7121835636866181
47.400000000000006,0.2861866781628106,1.0618325909355946,0.16422495893247663,1.5729729021597472,0.7049970223876847
47.45,0.2809778300627708,1.0421347801127139,0.15061861668952495,1.5738363694616309,0.7014421944432918
47.5,0.28249300553379325,1.0411994397176818,0.141292601946489,1.5660395475295554,0.6908797330080074
47.550000000000004,0.284758100268678,1.0334991589273261,0.13543665751992814,1.5681771760541428,0.6864714758943573
47.6,0.2975343962319745,1.0171941120657022,0.131281155847839,1.5658915303002359,0.6808019302455208
47.650000000000006,0.3032936223453311,1.012197118862444,0.11923454527783477,1.5593384513600788,0.678304345452718
47.7,0.30232842841957064,0.9926941580425246,0.10807459189975113,1.5507963249585268,0.6705278615761316
47.75,0.2955197521565243,0.9712128597502709,0.10586615221569974,1.5330779953808593,0.6679696089509967
47.800000000000004,0.28837405176357817,0.9616317300910124,0.10219123425397046,1.508938308738602,0.6613783032768515
47.85,0.2852022486468613,0.9599929502271021,0.09609162743059603,1.4910706853780529,0.6471648025442814
47.900000000000006,0.28018128540069825,0.966521087057273,0.10150962181916481,1.4897715927676134,0.6292586559415333
47.95,0.27902564785025136,0.9718055772473412,0.10904070933593049,1.4876961270034073,0.6274929307331641
48.0,0.2728618114093498,0.9646277947522116,0.10685811253762918,1.462254151615563,0.6311584118160214
48.050000000000004,0.2721901797298278,0.9506191046773408,0.10352075224582148,1.4448863872811717,0.62863727067377
48.1,0.2665201231516162,0.936991474405058,0.09712775721578873,1.4354705430514563,0.6228620003065061
48.150000000000006,0.2524989128478146,0.9362560993519254,0.09731272816646125,1.4258752049945191,0.6275832292211925
48.2,0.23792363502317435,0.9321291846972637,0.10514032167638374,1.4081190398168517,0.6153644690488081
48.25,0.23201952889868394,0.9124097289699533,0.11061652869370953,1.3922376385186743,0.6149345081082157
48.300000000000004,0.22613076383270425,0.9027094829737006,0.11603756289268385,1.37500343389071,0.6113405751692652
48.35,0.2165061728289078,0.8976831615491502,0.11566512008945476,1.3659609483150708,0.6248801906402167
48.400000000000006,0.21671093827099522,0.8865213528193137,0.11608357659404096,1.3521942291945668,0.6370208188327723
48.45,0.2037402377766151,0.8906340168117923,0.11949591690361469,1.3427466494352545,0.64109761172955
48.5,0.19313630157631706,0.8851645849247548,0.112610968134597,1.336330700166049,0.6460249322782439
48.550000000000004,0.19019541655918829,0.8801460164312397,0.09629775639482087,1.3415440444041147,0.642731145507979
48.6,0.1919724928340092,0.871608382665201,0.09078940323862321,1.3405571735832795,0.6319590808585663
48.650000000000006,0.19349239440690358,0.8652183157242821,0.08978521865698129,1.339781547336712,0.6311571576404157
48.7,0.20400918424258674,0.8640509393630046,0.10167903494054921,1.3445028617395398,0.6374088369490595
48.75,0.1978039824658432,0.847476101890382,0.1121367442672611,1.338908213776275,0.6344288854521113
48.800000000000004,0.19268503088632938,0.8323926558492268,0.12305450583898453,1.335252901802504,0.6390789005859624
48.85,0.18550480426958843,0.8321929564668757,0.11918274045948682,1.3187519554895881,0.6418300024839676
48.900000000000006,0.1727777276540314,0.8317068900855175,0.12058109377656799,1.3033590726537658,0.6557327163559897
48.95,0.1780776615108478,0.8337544798629564,0.11921485252364267,1.2872430729332192,0.6587289216788281
49.0,0.16621932598899844,0.8259749229299427,0.11631770267519535,1.2942894895895913,0.6639234401321237
49.050000000000004,0.15984288483126413,0.8170990351141981,0.11286701896227061,1.291541933918999,0.6681686548121167
49.1,0.15538936278494184,0.8236252787855961,0.10823136374761455,1.2912496927833368,0.6700474553165049
49.150000000000006,0.14832290195203893,0.8264666903924515,0.10775454788428629,1.290873837181383,0.660693349844773
49.2,0.14667230280308838,0.8116530949737323,0.11215657320434425,1.2792354498885192,0.6623087048872027
49.25,0.14188260363761385,0.8130848132684363,0.12128016547834904,1.2799389523415976,0.667187691576902
49.300000000000004,0.13346134382056413,0.8170768921343963,0.11806989300033914,1.2773037185017846,0.6757469165182446
49.35,0.13666164083130797,0.8163601933384633,0.11994436984884639,1.2760253186949666,0.6749525787952414
49.400000000000006,0.13699280605525238,0.8169791445352966,0.11741002150398172,1.2698188874261045,0.6761120379125435
49.45,0.13501775700852814,0.8196293289625807,0.11626629843202826,1.2726395448157275,0.6815728677682831
49.5,0.13470017055158975,0.8188199294056603,0.11924145544471747,1.2630025182314712,0.6833266313640218
49.550000000000004,0.13179065804176984,0.8240748715263866,0.12220923637565631,1.2557728105315087,0.6772151567179948
49.6,0.1280208313386026,0.821880771197059,0.1174367114438431,1.2558900437284408,0.6696373508970502
49.650000000000006,0.13029805452993107,0.816218265225304,0.11246193095799618,1.2666864398395006,0.6677595553600775
49.7,0.12783022623348403,0.8196606936659838,0.11994035684424191,1.264476659109097,0.6516375680031127
49.75,0.1315614300177218,0.8323784075551052,0.1250321427017665,1.257239282012695,0.6769046651240249
49.800000000000004,0.132154330881015,0.8295147816516146,0.11906955026892377,1.261369774722571,0.6731160027506892
49.85,0.13180488167234924,0.8409549073668673,0.1138759594397207,1.257613143534777,0.6852443508235639
49.900000000000006,0.13759611929701793,0.8356169459407912,0.11542630687703098,1.2719568795743954,0.6943956108987106
49.95,0.1353200576424169,0.8213680145217167,0.11000837026431907,1.2790515593572498,0.6898223239455562
50.0,0.13424984063056197,0.8211704757709317,0.10693425673724569,1.2769208076506555,0.6801722097777189
50.050000000000004,0.13046357656172716,0.8075893865558622,0.11130047412659949,1.2720419361801143,0.7123263155035181
50.1,0.1286917475097138,0.8162618415147184,0.1154832983767584,1.2723011802045687,0.7146746215772647
50.150000000000006,0.13121782519151862,0.8209970272218273,0.11943537248991648,1.2791043766642722,0.7198197919082654
50.2,0.12996682672970103,0.8156464652754686,0.12291758604758554,1.2803929928395184,0.7011685532870416
50.25,0.12714658694570946,0.8173649762990608,0.11417355479146093,1.2880011443981563,0.6536872189782544
50.300000000000004,0.13324028069962662,0.8291871510912794,0.12102950180734304,1.2811186425372603,0.6416487614967354
50.35,0.1366750311222045,0.8275334315419887,0.11867015884280786,1.277152335111332,0.5998268026591416
50.400000000000006,0.1417525005239206,0.823100735743702,0.13445738536832075,1.2716587805129045,0.564118820282366
50.45,0.14462577805711527,0.8198666780377469,0.13359797524887085,1.2836051272416678,0.5555151996295428
50.5,0.14769460050754799,0.8254164026501529,0.1427283898288511,1.2746477886251308,0.5196814861276842
50.550000000000004,0.14723839804282712,0.8274628844135375,0.14042852773586567,1.2813754152645525,0.499055781460925
50.6,0.15344140263811926,0.8512185294218577,0.13989311723135792,1.2845344970866261,0.49696297631015
50.650000000000006,0.16387768144123926,0.8658998928636474,0.14105843202390975,1.291480678112703,0.4609084552029643
50.7,0.16678489218849354,0.8683782765413628,0.1436862699935776,1.2919342134861456,0.43646050526674796
50.75,0.1760864559599097,0.8708404015946408,0.1566716739667177,1.2917139204242696,0.4133105820018933
50.800000000000004,0.18286722458247992,0.8832033930133134,0.16214454973348802,1.2969510586021618,0.36843214432737487
50.85,0.18316438249146785,0.8889290422975427,0.1640113616197266,1.3035822455042374,0.38598116314551767
50.900000000000006,0.193208151073049,0.8906173927402525,0.16868577154834494,1.3036757753310175,0.35740676564910945
50.95,0.19876967477079632,0.8844918332189952,0.16536253435133139,1.3201561056570656,0.34849528382543277
51.0,0.20501201142315403,0.8728029617413685,0.1706186995891532,1.3057374802856785,0.3343751715723345
51.050000000000004,0.20734499678108903,0.8716108736872058,0.16868563619741697,1.3129985152493193,0.3463318706998927
51.1,0.21108028872195012,0.8830599458604448,0.1644997915022118,1.3149944815505419,0.4066324706296787
51.150000000000006,0.2187111335374703,0.8781243815062211,0.15795709375489783,1.313297725313899,0.4350873766162025
51.2,0.22549606240555495,0.8810174099770453,0.1579142529284891,1.308932630123987,0.4574076476647599
51.25,0.2423080453147331,0.8752079570291896,0.1548860478757737,1.30906874892241,0.41785855720864984
51.300000000000004,0.24793300551902783,0.8593623150485825,0.14822379606252237,1.3029305650069016,0.40452970966984747
51.35,0.2655896314943863,0.8636424977621002,0.14845833828241523,1.3045475408981955,0.36621951766079996
51.400000000000006,0.275713816558647,0.8692214905774216,0.15064753488514046,1.3013014949319468,0.34173753477059704
51.45,0.2924712776181625,0.8649354601688802,0.14522747180173423,1.3124609848905928,0.29522418510255793
51.5,0.29482306030791205,0.8716193949729739,0.14108042233743148,1.3081972564377136,0.31069910976838017
51.550000000000004,0.2969401014812069,0.8714048483915835,0.14740256576486307,1.3160780738508142,0.3041564467010683
51.6,0.29526507368684385,0.869017065689603,0.15577051918964613,1.3276924817409024,0.29937700502139103
51.650000000000006,0.3007631742642827,0.8765439210023086,0.1683062058458215,1.3305452004730092,0.2918612979463466
51.7,0.2968830903368664,0.8667709714677146,0.1736236702028201,1.3429217918647012,0.2566851597283025
51.75,0.3041918252995123,0.8747071111007212,0.16931858290584498,1.3404395913478269,0.2504613640928348
51.800000000000004,0.308379484194662,0.8710382669301601,0.15743141255842374,1.3415935051358179,0.2832021873174171
51.85,0.29324984344689803,0.8720170300164269,0.1506546599672946,1.3421542095312338,0.2914462436613207
51.900000000000006,0.29821929631783756,0.8752611201175775,0.15740766130948625,1.335757809614692,0.3038957011060393
51.95,0.29762797286661813,0.8740530249321741,0.16870860498866763,1.34175553320091,0.30990464129578854
52.0,0.2934085680662176,0.880557280476872,0.16450773920810474,1.3511958666604011,0.2596758479878475
52.050000000000004,0.29767165348021335,0.8835597283997874,0.1543280277694059,1.3463093330062539,0.24814536340446486
52.1,0.29671849554058416,0.8803072836078099,0.1562883962893403,1.3481669099985214,0.24166880234055463
52.150000000000006,0.28979983633873035,0.8904719469544032,0.13327559566264652,1.3443356456638724,0.23577510416237968
52.2,0.3000663467895439,0.8985210363261987,0.12951799081908896,1.3555876121145582,0.24514852233036366
52.25,0.299224033477944,0.8980762856153536,0.12562420641061278,1.366344801776572,0.251031577459015
52.300000000000004,0.30071039210662165,0.9112458869500836,0.1166383755424384,1.36640263998575,0.26804739749970136
52.35,0.29486747580193995,0.9136282659397272,0.08962567982844255,1.3760821626003266,0.27792210517175847
52.400000000000006,0.28721582427120995,0.9303967293454356,0.06921278709643246,1.3716981577179312,0.29083683004620753
52.45,0.27097478535904773,0.9534719558842796,0.058581014833402216,1.3742385978092606,0.31606709628344315
52.5,0.2593987741674465,0.9598292803749066,0.05524577335441841,1.382296159982313,0.33121434937914007
52.550000000000004,0.2602456648510766,0.9611543700553001,0.04061937932404334,1.3699523676121528,0.3210337018735188
52.6,0.2571780638103981,0.9654405655714978,0.03548234199069144,1.364950402134459,0.3151232704320252
52.650000000000006,0.2544940425522244,0.9623899224681015,0.030768611106531327,1.3741385726099165,0.31604879781209516
52.7,0.24164130046217033,0.9654371397351533,0.020400172666027252,1.3688046557048386,0.3158793899494018
52.75,0.24194429556870223,0.9662572374920875,0.03319411470871477,1.3588019961335494,0.31292280445042453
52.800000000000004,0.23271599477691796,0.94985147580907,0.03588611859289128,1.356549269641564,0.31511625802609927
52.85,0.2256529555703241,0.9405063313757402,0.02560259021244892,1.3536474316801208,0.31218241883914005
52.900000000000006,0.22164532017022642,0.9201525448260698,0.022704580302582697,1.3497937070377963,0.32213310383658594
52.95,0.22201401502410978,0.9217098181721488,0.017236225539772953,1.3408935921929892,0.34496867068231013
53.0,0.23275660049960273,0.9122325977525517,0.016639184239978056,1.3446642278457637,0.3687538003414475
53.050000000000004,0.23515621036914117,0.9165607086034896,0.019225469174693782,1.337744922557261,0.38628543083215816
53.1,0.24128728587248682,0.9218583654073702,0.030769854544719134,1.3379680182262799,0.4061583034337709
53.150000000000006,0.23968401816664478,0.9296333616659133,0.044463491983312724,1.3452683143382484,0.38814665791194247
53.2,0.22893161537128207,0.9406799154651297,0.057251726313260566,1.3528688816106702,0.39931092698786713
53.25,0.222741935028076,0.9454782248688266,0.059016483026081326,1.3547254149909702,0.38212615403304
53.300000000000004,0.21343009021765605,0.9377645793732564,0.054556441564701096,1.3579243019311567,0.35709236742391043
53.35,0.20682291417663046,0.952063100760377,0.050539393635342295,1.3532269215950192,0.34803490468908416
53.400000000000006,0.21387896472112833,0.9553229022237678,0.06436783327134259,1.3576203958645285,0.3598414229542276
53.45,0.2082825512867194,0.9693871289134147,0.09097424299934077,1.3720600859975292,0.367824632791772
53.5,0.19579445663049047,0.9839219857569222,0.11343704146121449,1.384250421960292,0.3630182437413301
53.550000000000004,0.19090188031355382,0.9921495777390794,0.1285183374671342,1.404326156519214,0.36550890501402367
53.6,0.19218293456984423,0.9958329719388573,0.1409827832401488,1.4216657824082106,0.380037687232516
53.650000000000006,0.1820043787419461,1.0021130234148852,0.1387874139614403,1.4250025113508955,0.3484674795071614
53.7,0.17001458619774,1.0006015007152604,0.1482201207462247,1.4274550552105478,0.3380567911096456
53.75,0.1513683761940084,1.0030923587089402,0.16328213741847192,1.4367889330042627,0.33347666744971366
53.800000000000004,0.15146952372992914,1.001014852639523,0.15370525329208004,1.4277573775406946,0.3397321418887777
53.85,0.1505034529299128,1.0059738728782324,0.16140918657366016,1.4199865743122677,0.3113777656365917
53.900000000000006,0.13600870632685208,1.0006220062697255,0.1651653238984951,1.4115804112591874,0.291855977518275
53.95,0.13220706255381537,0.9909302068093686,0.1650136768378953,1.4081685557614079,0.2823345253838548
54.0,0.13352571080551512,0.9823169380172432,0.1776068544101275,1.3972319555443462,0.27628016343628287
54.050000000000004,0.11707062228359318,0.9898547718362123,0.17854222693056893,1.3906674472713512,0.2649398103988665
54.1,0.10434979739916934,0.9870644191127632,0.18085184505702306,1.3886948757812243,0.2643647431142346
54.150000000000006,0.10162573437544568,0.9839554843457796,0.18853794628479495,1.390354182826949,0.26836664666457133
54.2,0.09618494534201243,0.9901401117083499,0.19742307157252292,1.4016393625636268,0.27153430405836004
54.25,0.08765754085000632,0.9875813701040134,0.20153051902089797,1.4079878367153675,0.2885360875591424
54.300000000000004,0.08573730637434701,0.9832610866067774,0.20804455819638593,1.408139766229029,0.30969557237134676
54.35,0.08222625329533667,0.9830429762221727,0.21142063506026323,1.402374893796483,0.3178738050225411
54.400000000000006,0.08421259819476894,0.982720038050631,0.21849013870021297,1.392091318972045,0.30358330638411235
54.45,0.0823734651235753,0.9828551086304367,0.2292700132323861,1.380504017791343,0.30047538591177286
54.5,0.07610143585706144,0.9836182550174645,0.23427997217399227,1.3892871963237923,0.31413478748332047
54.550000000000004,0.07360045604840655,0.9868980443312367,0.24497687367496057,1.4040749763321594,0.33004275490132895
54.6,0.07594934728708044,0.9963904396591934,0.24923079328012068,1.4060859795916238,0.34399027879302074
54.650000000000006,0.0690642313823113,0.9921879107548978,0.25891811988365204,1.4086805774119018,0.35837509908276427
54.7,0.0619529279570104,0.9934479467635099,0.27200109677919215,1.4133279609550293,0.3815965313863209
54.75,0.06105465720096582,1.0065323433005822,0.28382452122071444,1.426861699689633,0.40473249642642284
54.800000000000004,0.06129019065006071,1.008066148365865,0.28385763895226906,1.4318126223377268,0.4223316823517299
54.85,0.05225450556032708,1.004843285472145,0.29097160966432584,1.4185329452166868,0.4326310226280103
54.900000000000006,0.05797562871945446,0.9991917117833502,0.29394295408364274,1.4124212015320694,0.4245092431793116
54.95,0.05036681317090072,1.0033088541152682,0.3022529117862842,1.4042727551089256,0.42127098678124003
55.0,0.05598148844646117,0.9942325180680412,0.30481045519956196,1.4006490798163387,0.43387399078486805
55.050000000000004,0.0599022606725035,1.0049812657840558,0.3189275428771736,1.382048915006084,0.4331146325149388
55.1,0.06288127370434976,1.0072644352334699,0.3223914892692529,1.3854925593956569,0.4362264756997472
55.150000000000006,0.06823705676775575,0.9999592950627401,0.33935273197719895,1.382046527194588,0.43164627454732946
55.2,0.06138029740374619,0.9944869377816028,0.3385736537671707,1.3781389072865766,0.4538944210775311
55.25,0.062050073136038095,0.9951758914077498,0.3401067956252988,1.3755995782922088,0.4680380427098984
55.300000000000004,0.06344509929445734,0.9977220395004356,0.35380464556307195,1.3789379341649552,0.4606392338362824
55.35,0.07508401935709282,0.9954855601300158,0.36167631653434346,1.388936626399956,0.4530440915797629
55.400000000000006,0.08283439236510547,1.0000241658276106,0.3735142296979705,1.38716157278538,0.4577900201743945
55.45,0.08742891124962555,1.0040604592468851,0.37599021925639703,1.381747794353546,0.47004109074635264
55.5,0.09488570182307617,1.0032398654044958,0.38483000235389414,1.3848150729351478,0.4911082457208726
55.550000000000004,0.09688792910344321,0.9988002995203777,0.3922243279379037,1.3796413718296272,0.4956691303982594
55.6,0.10158139509853718,1.0100080178941702,0.3887993146841288,1.3778951469962093,0.5143940321822177
55.650000000000006,0.10965675377643853,1.0148659571585903,0.3986057356566279,1.3792884382472392,0.5071266351243676
55.7,0.11233593108830162,1.0055958385167585,0.39323989887696936,1.37652994413915,0.5089727980652251
55.75,0.11591007432520842,0.9995084316819971,0.3906147411524569,1.3789760773350044,0.5120734473576696
55.800000000000004,0.12029804375642023,1.0036563149050848,0.37985864797884705,1.3719864520136626,0.5202436929628583
55.85,0.1219669135461934,0.9980341414520301,0.3758587481127804,1.3662907835007192,0.5165645847921218
55.900000000000006,0.13058589326325165,0.9935539572762807,0.37366336359361635,1.3612729761725886,0.5335910944588594
55.95,0.13560934703695318,0.9926892979782568,0.36749054180361845,1.355277909076292,0.5301224225296798
56.0,0.14899507425840125,0.9910405562168271,0.3693019779246707,1.356043306035156,0.5348726212092817
56.050000000000004,0.15981228075271442,0.9909383103029105,0.36396515051061473,1.3548582408962864,0.5521549883913156
56.1,0.16705971202862377,0.9797728753117841,0.3617978288413891,1.358834539234117,0.5527708187117927
56.150000000000006,0.1804620192488481,0.9698880955725034,0.36628876809432365,1.3430208501957588,0.5581000278453377
56.2,0.18995267191158743,0.9577859508963096,0.36425181911781235,1.3480698907922175,0.5556449311424461
56.25,0.2006369045870398,0.9556546125505389,0.3616133258464092,1.3502047250863118,0.5454722400405276
56.300000000000004,0.21305096550674849,0.9571285550470027,0.3648932325280346,1.3364360171381287,0.5409559860003651
56.35,0.22348662398819208,0.9529356733324487,0.36840179880323004,1.333862905291707,0.538484522900177
56.400000000000006,0.23366415284026337,0.950719613143404,0.3687501726828567,1.3319767720606754,0.5354881210104558
56.45,0.2435651606852419,0.9505014505296704,0.3581487322787492,1.3245910678052708,0.5407069517745452
56.5,0.25011296888383344,0.941424339627962,0.34925683791936213,1.3154878740847753,0.5449707798199345
56.550000000000004,0.24429023132011965,0.9423872367931148,0.3436075070212538,1.3029059945394215,0.538351355610716
56.6,0.23651156927386374,0.9484221478710221,0.3289920133209917,1.3002147122185967,0.5353075768549742
56.650000000000006,0.23095605550444134,0.9487568715394153,0.32521696704498326,1.2971318015625386,0.5316915865879762
56.7,0.2386374708122416,0.9461727925238799,0.3150011873061408,1.2993304643279997,0.5323673439954351
56.75,0.24545282237891766,0.9424076030412908,0.30750977012463876,1.2916288330413417,0.5265734828608895
56.800000000000004,0.25993199304003967,0.9366425649936128,0.3064504104923939,1.2886549916896046,0.5246970515600948
56.85,0.27043745906405015,0.943630762836268,0.30111862425461133,1.2829757584553754,0.5100685093800078
56.900000000000006,0.28174689127782665,0.9385952391897553,0.2898551557083595,1.2753008389691471,0.5105415942159444
56.95,0.2908259702279439,0.933482812662575,0.2823112063357808,1.2729641311085798,0.5094826524853644
57.0,0.30324407120496744,0.9289836587208056,0.28807798375643345,1.2630892133394334,0.5026278117297692
57.050000000000004,0.30988361781495377,0.9236809264941724,0.30514369818256065,1.2593496288500923,0.49240626973689505
57.1,0.31967722862712333,0.9393668390001167,0.3006617544549742,1.251724912162482,0.49897376319984144
57.150000000000006,0.32625944578009247,0.9290586331454269,0.2824403311291439,1.254460859938539,0.5027632419610509
57.2,0.3222136965827754,0.9308142921353488,0.27788374181989295,1.2510705750855728,0.4933380329994137
57.25,0.3131297521905242,0.9298024132591718,0.2774204862140434,1.2324860348774014,0.4939574371126218
57.300000000000004,0.30707865186189637,0.9201110652284696,0.2745015217357528,1.2356013686114617,0.4896621759902841
57.35,0.31333432831621233,0.9204985703634031,0.2675591736649625,1.2205824609682256,0.48474638359212563
57.400000000000006,0.3207600591240466,0.9165722233849687,0.25165283939088445,1.2094955253496587,0.47522608506308944
57.45,0.32305088302778884,0.9051206114381171,0.245110782307977,1.2041067371972811,0.46679362889030507
57.5,0.32011056418131845,0.8976124563750423,0.23213085669155065,1.2042537902149035,0.4744998312245014
57.550000000000004,0.3082863706948849,0.8933464360044175,0.22395958829147172,1.1882590710533179,0.45477885802786777
57.6,0.29778840813582136,0.8825201613581072,0.205261243764209,1.1883886455217014,0.4444746369768232
57.650000000000006,0.2798733069270954,0.8807658351464027,0.18602096109859811,1.1753293501351012,0.42917968053833727
57.7,0.2760136113796089,0.8869530044809159,0.16922111405786336,1.1683252051605493,0.4203592309422152
57.75,0.28072959165122424,0.8760560022301487,0.16402950174005937,1.1617437991273394,0.39963688897290156
57.800000000000004,0.2790248788419675,0.873387760969358,0.16884391079127337,1.1502122937472583,0.38624760754121495
57.85,0.2773081480796882,0.8765749570846684,0.16456395491506978,1.1468200152670556,0.37785172274467194
57.900000000000006,0.2696459098280315,0.8638066978796721,0.16489895733184548,1.1465795772422485,0.37459940464009356
57.95,0.2501381219277368,0.8587314482427723,0.17631282082779884,1.1479031888473292,0.3739981504659135
58.0,0.24544091144108934,0.8620222826149329,0.1832620246957783,1.1602714175223952,0.38078518312834453
58.050000000000004,0.23323590089674018,0.8654875762506719,0.16512431733398214,1.1574069718713413,0.37990738147643227
58.1,0.24076030502811918,0.8533572478666273,0.13422913696632266,1.158306697899762,0.368750439535937
58.150000000000006,0.25209638515646626,0.8462925275852876,0.11469514767979105,1.1380922606765727,0.3542397591904123
58.2,0.2540267390161865,0.8391954839699045,0.10305811020159422,1.12532614295941,0.34951776425420206
58.25,0.25174765440853186,0.838366518926331,0.09785813227222817,1.114995757313677,0.3344498325898523
58.300000000000004,0.2408863254667442,0.8244613473446283,0.09434087788184811,1.1185066828166252,0.3217923201128587
58.35,0.2411193327605492,0.8277849618581007,0.08662890330024904,1.1097753821263316,0.3294013254124844
58.400000000000006,0.25057866708908916,0.8232344484801332,0.09112472791285631,1.1131240735606625,0.3352400159560706
58.45,0.26382308613717387,0.8278437055412855,0.09200726055130846,1.1154691438503606,0.33771035068718647
58.5,0.2683426989356828,0.8235410039464851,0.08401762083262546,1.1078091272876551,0.354981792142708
58.550000000000004,0.27805532356289553,0.822355263452279,0.10264167995569824,1.0958741894202835,0.3502421678189556
58.6,0.2789995363592527,0.8173107398643942,0.11227502705186373,1.105073140323983,0.35408257230848383
58.650000000000006,0.2740561635889372,0.813441556169715,0.11513316100638145,1.1055790993206263,0.3544069637872808
58.7,0.27019584100968014,0.8141060870082578,0.11366678578469797,1.1128454499199716,0.3734677889584005
58.75,0.26156534000077036,0.8112397332583887,0.10707479791460779,1.1150099769979285,0.3816100887503528
58.800000000000004,0.26608475040590607,0.8050741058931762,0.10085369658012515,1.1118426577671774,0.38545943431792506
58.85,0.2619719935545162,0.806848465085911,0.10924364385399599,1.1146606470749898,0.3823190769968792
58.900000000000006,0.2668225323943019,0.788161722129732,0.11985236425436953,1.1121855434804417,0.38969752396001334
58.95,0.2672661952121007,0.7806263070650942,0.11892326322237669,1.1203465796225822,0.39898753074293947
59.0,0.25336879404138285,0.7772943343217307,0.1345944979379698,1.1151943578877053,0.4041862591042016
59.050000000000004,0.24613442588179124,0.7601389736901271,0.13709127183603356,1.1199009257860477,0.40734582640883166
59.1,0.23955938098267562,0.7576683242272008,0.14470924785163278,1.1153346024103783,0.41681965704553275
59.150000000000006,0.23896022795910704,0.7512320596554425,0.14323154991889048,1.1100052597375487,0.4269068874081738
59.2,0.23335633249001375,0.7538157682951188,0.14255884736388633,1.1059325428803564,0.44582810728417865
59.25,0.23450703406625042,0.7476181290364164,0.1468445282169853,1.111859870233235,0.45543625719568187
59.300000000000004,0.21931932374153731,0.7430582388962617,0.14938162219703544,1.1115954638572842,0.4675654727657756
59.35,0.2141327697059389,0.7544205757287349,0.14637246126116044,1.1096057312300107,0.4721383836307513
59.400000000000006,0.2015347429849356,0.7500462054992256,0.13388491436996963,1.1101179497678781,0.48217497654274605
59.45,0.19034455024032496,0.7437521301437547,0.1456588355354792,1.1027801905415024,0.486194058999861
59.5,0.1845524019836316,0.7477971179554389,0.1421220745351003,1.0952156000283195,0.5148825044154929
59.550000000000004,0.1744693594196081,0.7424347350877144,0.1365621652790017,1.0895123041631494,0.5057610759782173
59.6,0.16182270018012027,0.7498820874877501,0.12292923577179934,1.089898140129398,0.4887694000094717
59.650000000000006,0.1512760905681188,0.746409559933853,0.11158247965181806,1.1051988965904416,0.45720229376529287
59.7,0.1452677623730529,0.7505892062490015,0.10647779166697306,1.1061786568409493,0.4306075307456093
59.75,0.13721760616094972,0.7538197350696066,0.09977952837527813,1.1062303198464447,0.406153707353529
59.800000000000004,0.13168864992720647,0.752790429505145,0.10414224901351767,1.1004775953709696,0.40074329369475664
59.85,0.12199158096016842,0.7457880665090209,0.1077117159134202,1.09750816307276,0.4000989043792822
59.900000000000006,0.11077310966265012,0.7409453543258766,0.09589270213466403,1.0969604262843782,0.38509077097840244
59.95,0.1063816976656438,0.7373467082575025,0.08671441484538542,1.0882508078448867,0.38579663526370134
60.0,0.10182480777827235,0.7367289097213245,0.0798724249533553,1.0843912971648215,0.3692759884238091
60.050000000000004,0.09434567221199268,0.7466601455065421,0.07052555937253287,1.0816162049126559,0.34669784677067056
60.1,0.0933098093574729,0.7544467743830666,0.057500807313993096,1.0903546450794903,0.3439957853206773
60.150000000000006,0.08796611415084392,0.7479501081417061,0.05187976887534531,1.0883526500777532,0.346202126786134
60.2,0.08256638610029898,0.7402270610337051,0.051126249788033484,1.0878278638679328,0.3452703789100707
60.25,0.0784594271785058,0.7440684543749259,0.04859552431157644,1.0916229684471623,0.3568959561423572
60.300000000000004,0.08222662025820802,0.7460140426524471,0.05313770903183093,1.0922796019176721,0.3504054023037789
60.35,0.08185514171597133,0.7501817458464125,0.04793897830223078,1.079804205922208,0.3104134236332952
60.400000000000006,0.08267041682899821,0.761021694862176,0.04588198335340174,1.0859572034646625,0.3094960696389309
60.45,0.08015933825600603,0.7674930408207831,0.048296984505517865,1.0947817678846816,0.3224524997815055
60.5,0.07913902116084966,0.7792565503986995,0.053056214781361494,1.1005075538449764,0.3160520922049725
60.550000000000004,0.08279637490843164,0.7860879188805441,0.061166319298834156,1.1057312167561322,0.3019799411235577
60.6,0.0849901317637529,0.7861818765842631,0.07041931172617501,1.1153846172959978,0.28651893559964897
60.650000000000006,0.08570078355483586,0.787791240516712,0.07350760356091719,1.0979283263783872,0.2582935033775097
60.7,0.0816275090914484,0.7973764056220863,0.0741050053969104,1.0949903031742405,0.24476496168198417
60.75,0.09602510977744867,0.7949546707911777,0.06720286320569775,1.1003312628012418,0.2355569522163609
60.800000000000004,0.10041571253987483,0.7968961551137909,0.0703281831045788,1.106339821061269,0.23587699007568314
60.85,0.10073217160049348,0.8092316819576666,0.07128164709812262,1.1092576881643004,0.24865129261231034
60.900000000000006,0.11079146435847857,0.809919494128664,0.07487831562874318,1.1158315809228803,0.2578017621191937
60.95,0.1103145812140181,0.8104782991240379,0.08593397749506902,1.1122092994893882,0.2730231382916865
61.0,0.1119130878623711,0.8073328882980462,0.08765135813749092,1.1170647798438815,0.278203149245161
61.050000000000004,0.11651281080423086,0.8108516623652194,0.09500677014690762,1.1114956656028778,0.27539238190385595
61.1,0.13058184402184253,0.8108435406291433,0.11317789119618893,1.1208132014492556,0.2790115536648699
61.150000000000006,0.13748329599581632,0.808657419295808,0.11511657346982167,1.118474173029625,0.27707155392161625
61.2,0.137818973172568,0.8109824800059877,0.12280144770020533,1.1166338150406012,0.2756596977321573
61.25,0.14069767757498988,0.8188466421372068,0.14041940240778092,1.1136178767018396,0.2774045880331666
61.300000000000004,0.14472263231767132,0.8281383168263894,0.1512256788843275,1.1189681025586284,0.26939132159450596
61.35,0.1421152288533613,0.829260006599279,0.1628412385726466,1.1222072476654943,0.27417072906317574
61.400000000000006,0.14111669948307362,0.8412783887351903,0.178891952137589,1.1216625398051023,0.2683677721151825
61.45,0.147736067851252,0.8451376591383936,0.18975493807432137,1.1244851501146773,0.27717636784442334
61.5,0.1600864941561801,0.8481006183137044,0.2138829972691732,1.0997217445899778,0.2683113060217459
61.550000000000004,0.16915495991174664,0.8570191174876365,0.22592424558718904,1.1025775886005533,0.25904566212233826
61.6,0.17768027430625088,0.8671044415277466,0.24145083311347781,1.0897106751930121,0.2643893842940428
61.650000000000006,0.18124715465371977,0.8680347076435899,0.23849067676422125,1.0818761901681786,0.24655686542515232
61.7,0.18213298338260558,0.8690107959261284,0.24585133449598923,1.0683715832119265,0.24893234681688658
61.75,0.19123525110774664,0.8677757840629832,0.24395769298948114,1.0739699961200095,0.24844449176477604
61.800000000000004,0.19484179274979344,0.8694422635219725,0.24233840066355258,1.07027561582876,0.25730738287819127
61.85,0.19226660432942458,0.8667968305826576,0.23565366069172453,1.0736811361659697,0.25485013309488785
61.900000000000006,0.1871207430585884,0.8603139543494662,0.23965178474412657,1.0566613919420134,0.2616521286258259
61.95,0.18650790605258188,0.8611219741473317,0.22905687568996902,1.0563134148519462,0.26587234862052467
62.0,0.19681185565370515,0.8500320241554853,0.21312171274001168,1.0609137937630357,0.27426015150576655
62.050000000000004,0.21214511304987946,0.8393138459307468,0.20790783145711486,1.0542116276076448,0.28003890176842616
62.1,0.22534433531027392,0.8305934266824889,0.1986521615995844,1.0559421756143983,0.28678565537508927
62.150000000000006,0.23264938309777922,0.8173498596310943,0.20320772314830757,1.0604947129712332,0.2971834714258303
62.2,0.23558827026526505,0.8138161727944806,0.19502327941420944,1.059163104828683,0.30052242530229367
62.25,0.23646344927314786,0.8029711181767628,0.20376458164976693,1.0559676799611895,0.31324663193021746
62.300000000000004,0.24027885333992646,0.8006319851109368,0.20569040810019038,1.0501516377986269,0.3230954017624363
62.35,0.24571279389804415,0.798068917594364,0.19307933282309864,1.0466222720713991,0.3235673150516678
62.400000000000006,0.2538996531679835,0.7834377120093088,0.18945943960514908,1.050620355151199,0.32541293323281334
62.45,0.2590127203649896,0.7818155097226736,0.18724865971906463,1.0540152070150874,0.33816298159784675
62.5,0.27049434006974,0.7802573623935274,0.19587951821339727,1.0550308896755436,0.34785804742298176
62.550000000000004,0.2838627925683896,0.788756638216849,0.19841122368343564,1.0480989348008651,0.35119658528924075
62.6,0.29363706179940535,0.7944536996210495,0.21194558877658928,1.047387197872303,0.3590156662253295
62.650000000000006,0.29108880804739734,0.7938372230221318,0.21633979231556458,1.0480095225091952,0.3578411465955895
62.7,0.28180053160449375,0.7946657009767429,0.207680498289193,1.057393593812508,0.35639987115907446
62.75,0.2702830065256968,0.7913686917451832,0.20317523501107365,1.04984496716334,0.36523859665703867
62.800000000000004,0.2566289629470881,0.7941888078424593,0.2069583886354236,1.0416747767559869,0.3782308305803596
62.85,0.24995810484560232,0.7905678645454604,0.19788535076729316,1.0385779153307788,0.39216461566358757
62.900000000000006,0.24474597505318516,0.7814050365810854,0.19049524194230236,1.033642806719663,0.40252336477763867
62.95,0.2376508926302253,0.7629499613849354,0.19863111040003473,1.019786793266029,0.4166787578565508
63.0,0.22483546138902602,0.7617190657438099,0.2038964542418163,1.022293010331341,0.431939671295801
63.050000000000004,0.21377580641313554,0.7467488542323902,0.20527140536989397,1.0245780405711338,0.4371144729626044
63.1,0.20522735090224686,0.7390315001357103,0.2128480992034982,1.0219719911043448,0.45258896176165897
63.150000000000006,0.19619496702674974,0.7384815666373562,0.23216518490386162,1.0270291980650756,0.457212702375094
63.2,0.18625573536143922,0.7470521177299546,0.2359156790777771,1.026852665089525,0.45742821735208256
63.25,0.17647867453321653,0.7386454491190139,0.23322336326312937,1.0358587494421798,0.46459699189756176
63.300000000000004,0.16728767366310246,0.7302908504846697,0.24362643307716306,1.0277888523976295,0.47367159975881057
63.35,0.16682392488154144,0.7186172954442821,0.24585838163801965,1.026327378886148,0.4756358230818845
63.400000000000006,0.15874811756107177,0.7022633462927825,0.24663950865580586,1.012093183311105,0.48280637863986187
63.45,0.1574626608835021,0.7062923974567304,0.258536219910228,1.0113533276075286,0.48891106798339495
63.5,0.1578973851382608,0.70203941211536,0.26388665762370395,1.0154517921910888,0.48925264017548326
63.550000000000004,0.16433486519748672,0.6909844227544915,0.27075906189034415,1.0155638768603654,0.4932918994930342
63.6,0.16434898103982087,0.6966647443964665,0.2762016686909814,1.020742436803816,0.4911210354762874
63.650000000000006,0.16098194159054613,0.6998402664502675,0.28133042689358045,1.0121211444417475,0.5005883220274058
63.7,0.16233014918442568,0.7021614296443913,0.2861320118164017,1.0158218500045557,0.512658234254688
63.75,0.1634013317024874,0.6990307242770174,0.28729258309085065,1.0239678537508006,0.5201569578162234
63.800000000000004,0.16676902816730657,0.6931008337267964,0.293678667214038,1.0338642437666896,0.5078226191115826
63.85,0.1664719206325986,0.6893749889970892,0.3052010819921096,1.0484618079171493,0.5029010235680679
63.900000000000006,0.17145941795689387,0.6850042533918558,0.3118826297765709,1.0544377126320046,0.48310200905111916
63.95,0.1670399168199583,0.6889790065634458,0.31791788709068214,1.060933413053598,0.4653270674760439
64.0,0.16828009419649992,0.6771124023061537,0.32165847356886434,1.0731176618276068,0.444538119555251
64.05,0.1689789036851991,0.6670043761193648,0.32991909976966216,1.0700578851350762,0.4440057114796206
64.10000000000001,0.16670531879432163,0.656628008806357,0.3206631836188682,1.0647938756127828,0.4398921840948452
64.15,0.16027925608129157,0.6525510032585294,0.3176369922582698,1.0626951024837112,0.43765040789281323
64.2,0.1687382531237068,0.6456435140964271,0.31298359645193236,1.0438230193509426,0.4342929910350471
64.25,0.1736532947585023,0.6271648679560927,0.31612488267146394,1.0371923979874935,0.43185151820304263
64.3,0.18074184327661688,0.622269788016801,0.32063719506265215,1.0284327366424366,0.4398160303599802
64.35000000000001,0.1813559586575468,0.6151280586880218,0.3256896820661295,1.0247275777453717,0.4336942079480557
64.4,0.1797878254657547,0.6077083921222605,0.3271271045245646,1.02053358877873,0.44374984179594207
64.45,0.18385922668583457,0.5999732088256929,0.33548312242580114,1.018378205986793,0.4546971114179046
64.5,0.18331235322942596,0.5975724607109398,0.33961957647334146,1.005757498685048,0.47063360821270495
64.55,0.19008716376471269,0.5850799395062032,0.3469422479545218,1.0066092663059791,0.4882008157609432
64.60000000000001,0.18779088378717904,0.5812754131066284,0.34516941775250526,1.0122106822562622,0.486230214884116
64.65,0.19039152166456,0.5776408321358975,0.3554638095035842,1.0105013830527974,0.4879869484895395
64.7,0.19513885727735225,0.5705304690143103,0.357574149867747,1.0035972780745588,0.4911035750527571
64.75,0.1955037965579004,0.5665912047435094,0.37096476518651095,0.9977231905115348,0.48274572389414433
64.8,0.2023989012277775,0.5569019320541135,0.3752707355802259,1.0058371208235461,0.48696451511233935
64.85000000000001,0.20384919159386164,0.5547626270661149,0.38653221208166266,1.012922159107422,0.473470842992845
64.9,0.2041345939676155,0.5540317711969631,0.3931075942618915,1.0243442755123167,0.4624902508045964
64.95,0.2053045543241973,0.5468304566013822,0.40923583946229264,1.021216560514244,0.46136232425484514
65.0,0.21528796346623846,0.5420159213290519,0.42130836831002944,1.0165493225898865,0.46824774874076525
65.05,0.2168652401026089,0.5366153366876067,0.4295583588439129,1.007312854499468,0.46360237329900333
65.10000000000001,0.20725764849143583,0.5396563572420359,0.43151430785772626,1.0059762959424519,0.4654364864530798
65.15,0.2077878330772007,0.5393158203242352,0.43371538796145687,1.0257190477201987,0.4762705229164669
65.2,0.21177513135222376,0.5324374386728885,0.4354770253306736,1.0187483024397137,0.48621398749945033
65.25,0.208005683256336,0.5343756348057791,0.4341727694340706,1.013482114746309,0.49957511701028995
65.3,0.2056774245731282,0.5362160734613703,0.4269311918604126,1.0088410977447209,0.4950072638856277
65.35000000000001,0.20550917555508005,0.5302659877278227,0.4196065285539679,1.008115257511528,0.49452197943314713
65.4,0.2050860817944925,0.5350234968114392,0.40798035211526507,1.0021991999162252,0.4901462659082828
65.45,0.2153409853550157,0.535149301621495,0.3999349744013203,1.0004610722579894,0.48175767891794563
65.5,0.214482478623707,0.5427637848555298,0.3884641875272545,1.0014628532285375,0.4848307863325977
65.55,0.2145199170270927,0.5562052586349476,0.39767738967456334,0.9982148068414155,0.473648178542579
65.60000000000001,0.2122191506545323,0.5575365919368328,0.40664339058518273,0.9925561247509538,0.4799934362233611
65.65,0.21248451198966709,0.5507538101734986,0.40320397400726427,0.9876263942087279,0.48765723840369407
65.7,0.21622464788755902,0.5490509586709591,0.39301640947179606,0.9844672580554577,0.4839530641700886
65.75,0.21203564273556044,0.5472483685784645,0.3795801928323969,0.982886837746034,0.489737754153708
65.8,0.20565248873086078,0.545070668470903,0.35661284320107023,0.9808698509978279,0.4914550270270239
65.85000000000001,0.1981750254856309,0.5436392820920894,0.33115244854997533,0.9884039361004872,0.4721431323903827
65.9,0.20132185214745074,0.539535873844989,0.3132192248901851,0.9987346070263987,0.4533307373183047
65.95,0.20005127165627679,0.5434625569041801,0.29927730520014256,1.0108548599774976,0.43208379240791955
66.0,0.19916158751001256,0.5508426431763968,0.2935232703848421,1.0031553847335315,0.4114908779291947
66.05,0.19302209169603907,0.5482307773263211,0.2826053682902063,1.0076537059906405,0.3998039447198391
66.10000000000001,0.19650203208174832,0.543500180846113,0.27536984712330326,1.0091291057212337,0.39144736909141714
66.15,0.19540400943993996,0.5468092198565729,0.27843641073454467,1.0010776171142952,0.39631585203772013
66.2,0.19334801529430928,0.5449628615872427,0.27887085304122144,0.9919151170324225,0.3937979396153325
66.25,0.19712344279426913,0.5460312529033154,0.2794378384660899,0.9907586386214895,0.3880095056785512
66.3,0.19276720281057305,0.5581417241129311,0.2858160543767273,0.9849942768581382,0.39075770267287674
66.35000000000001,0.19178140580263528,0.5583848913114855,0.2836079391005761,0.9780716005647117,0.3944438885092591
66.4,0.18953367841167884,0.5615257328837853,0.2931126759303072,0.9624151345605616,0.40147998283107117
66.45,0.18478679536251724,0.567871756706918,0.2939296704749251,0.9509086632148938,0.39675013424207706
66.5,0.18307900701908691,0.5530436936743528,0.2945005577338043,0.959299404686676,0.40003821532569356
66.55,0.17650666314904664,0.5438090857371362,0.29128091846874815,0.9352901839862134,0.4075480070770607
66.60000000000001,0.17524056795910334,0.5450421330400339,0.28536776366064387,0.9388793755624149,0.42933827220361137
66.65,0.1650877995919708,0.5476316581240487,0.27221912470772835,0.9410173706922516,0.4407731261004419
66.7,0.16629101600826127,0.5569581320526825,0.2542551867625241,0.9457635385627381,0.43609814904831673
66.75,0.16333764149262905,0.567952939337977,0.24731124112215547,0.9472214887894623,0.4220235532299893
66.8,0.1702866315156093,0.5726991971904078,0.23496711271963835,0.961721417938348,0.41492593004954403
66.85000000000001,0.1629884853904225,0.5758397315740866,0.22312379874932198,0.9587761001453976,0.4088687654291454
66.9,0.15686904526480927,0.5722803348177298,0.2117941591629099,0.9649463032675752,0.39449643407204926
66.95,0.1492143858720759,0.576684073732774,0.2081480400991411,0.9779828472563442,0.3924329194467886
67.0,0.14653712511565406,0.5753834235276889,0.20057482760725376,0.9751472410654226,0.38778679961899926
67.05,0.15340025439996044,0.5694753141127561,0.19594699895243736,0.9749329979157672,0.38805904136629277
67.10000000000001,0.14364617863325138,0.5563049075875809,0.1865541807256109,0.9791618195990678,0.38757102388382286
67.15,0.13844221280992913,0.5653238178075584,0.1766110143906961,0.9813198885262169,0.37763269415003486
67.2,0.13760771237658498,0.5816726308536126,0.1680360038540315,0.9853322178243092,0.38340206261171417
67.25,0.13974350604784136,0.5949461046995004,0.16191540146609984,0.9852083387669769,0.3744943333253186
67.3,0.1397176922836685,0.6009060584817222,0.15310737555964696,0.9971050177633146,0.3739773216459794
67.35000000000001,0.13022290786422638,0.6008647335461259,0.1556559581209544,0.998364636259411,0.35727966529533567
67.4,0.11823459035001044,0.6055621027024445,0.15015779509615915,0.9989378376617976,0.35189401916548724
67.45,0.10886353447842756,0.6090755054759863,0.13819905773338165,0.9945425938686135,0.3529776354480443
67.5,0.11027988774334693,0.6082796973286047,0.13517510830359855,0.9890354536516539,0.3492253698911326
67.55,0.10820102098064364,0.6047727868292033,0.1382812256755231,0.9888121470763972,0.34176871778341783
67.60000000000001,0.11051211536425218,0.6026448157065277,0.13513816069460313,0.9888038351279994,0.3307203001967385
67.65,0.11131976148287231,0.5988248227683042,0.13668419058407294,0.9883204100237618,0.3262360086388126
67.7,0.11258553625120442,0.6078140629807965,0.1288315530138953,0.9890493966434869,0.3295376017575973
67.75,0.10906181200726695,0.6087593874423974,0.12137828991104094,0.9826069209211973,0.32791279098747667
67.8,0.10740868408886878,0.6117436424862241,0.1061387224337558,0.9876178986733916,0.32819999224892027
67.85000000000001,0.10706456494915884,0.6077440342446743,0.10059425986694934,0.9799828204433355,0.32360344180003187
67.9,0.10323382808174855,0.6168694026161511,0.09167172552155595,0.9815265647971412,0.31919158539597803
67.95,0.10581269918662893,0.6220038055735547,0.09543956448150133,0.9899050989292789,0.3158613827697048
68.0,0.10807375328894055,0.6192398830058469,0.0923582579660544,0.9851140488790465,0.31794556108254907
68.05,0.10606990679137525,0.620115378226233,0.08570419805003045,0.9838321563418665,0.33647427118746204
68.10000000000001,0.10340089639178959,0.6201413612849805,0.08602554491907839,0.9736433663538716,0.341004424455443
68.15,0.09512651627791126,0.6246431183630186,0.08977017016009879,0.9685866383197885,0.3280245678300435
68.2,0.09435278263963408,0.6292191821825728,0.09421403046456843,0.9603305704776846,0.3255750514769844
68.25,0.08666895399881937,0.6207581209430686,0.10201920285896035,0.9544617976756149,0.33482159863311006
68.3,0.08930076209056174,0.6022879156899713,0.10990000168990446,0.9454162359288049,0.34082330518767623
68.35000000000001,0.08592692628030936,0.597725676993051,0.11623987482796458,0.9394015579333663,0.32533345042083317
68.4,0.08970262277761343,0.5873458474405766,0.12129149638565997,0.9189635913505124,0.30524711214397393
68.45,0.08743916110484697,0.5757005538674467,0.12859070126332137,0.9145622107891371,0.291264483981117
68.5,0.08462783087266437,0.5771525856208298,0.13100096895674077,0.9105347694606215,0.29119657028518836
68.55,0.08146675235238113,0.5702648369102405,0.1356550265492956,0.9089382851296951,0.2966994706760528
68.60000000000001,0.0787362223955822,0.5732850850463302,0.1443409834568985,0.9050481317732003,0.26146998864341625
68.65,0.07793346400369404,0.565054531124748,0.14899130297562693,0.9096718401397149,0.23346714458345064
68.7,0.0824562062140899,0.5565773601760561,0.14717007521452277,0.8935342622645216,0.23102118053059661
68.75,0.08400149477330489,0.553041812287372,0.14769596848126887,0.8933311282611955,0.2510503227463931
68.8,0.08662031393492185,0.54027204292169,0.15002904994840172,0.8906216759418873,0.25795947016774745
68.85000000000001,0.0858256549882794,0.5280369688360899,0.15235296359940678,0.8807352447995259,0.25379149274373336
68.9,0.09115478788921555,0.5268973571606157,0.16062189812907304,0.8646816387026569,0.24590504249686132
68.95,0.09832323639185359,0.5195018807075891,0.1730934926173433,0.8581849994068049,0.22613657924839292
69.0,0.10732209737097034,0.518882236956792,0.1723990902531913,0.8632583227786086,0.22991264962397612
69.05,0.11498681222078476,0.510298672080332,0.19112908501494846,0.8683081317576533,0.2281311088702492
69.10000000000001,0.1288132419339851,0.510497276909965,0.19874864707419698,0.8782579695311146,0.20203468906168
69.15,0.13388600592310942,0.5237108588549326,0.20588284059332823,0.8787543484077726,0.19125553295695227
69.2,0.13748562467238215,0.5273529546500699,0.21860022060164114,0.8922581204032821,0.16498225333866628
69.25,0.13360157433302913,0.5433439907222541,0.2262578895248074,0.893066605910837,0.14131614916797908
69.3,0.13769410297676574,0.5495703602988248,0.23343963219573355,0.9004347371303658,0.14378288180356058
69.35000000000001,0.14106260494027317,0.5555943662456689,0.23505808418423643,0.9017170447722528,0.14302081409548856
69.4,0.1490494487586056,0.5478897905444873,0.24406771439833477,0.9138114596553569,0.14324448947917193
69.45,0.1575448089024034,0.5496378273954158,0.24976224027453423,0.9231425512337872,0.1440464610592206
69.5,0.16345326719338907,0.5474181204022831,0.24797091426546417,0.9298183488187706,0.13256651416458134
69.55,0.17258689658742518,0.5410616345224273,0.2618767995590733,0.9344307662223434,0.13731187658221347
69.60000000000001,0.1725948767852331,0.5327577770479626,0.2758046658612083,0.9383170016104232,0.1374532545774953
69.65,0.17234956416594804,0.5384739781500308,0.2783348694981788,0.9428745776102936,0.14820666329549187
69.7,0.1868680660033582,0.5443108603601208,0.29166581099660377,0.9377170660280114,0.15357621992449116
69.75,0.1926073596856264,0.5455868008724258,0.30219012992645455,0.9359301440067087,0.16328351058874505
69.8,0.19943893692855189,0.5354639351324807,0.3154201065007073,0.939003162010765,0.18066317394777165
69.85000000000001,0.20368926563618045,0.5457783489692047,0.3173993489199363,0.936802982939363,0.2036980334547336
69.9,0.20863806321350492,0.5477175379033874,0.3158245744531137,0.9411012720951011,0.2443870243515047
69.95,0.21011071165566467,0.5469424866555631,0.31313229228586853,0.9432712874976531,0.2682296086644809
70.0,0.21270250712028027,0.5470954510314014,0.31451359171722554,0.9469647348272301,0.2629983880203225
70.05,0.21638450089526282,0.5438605975902142,0.3208995135107759,0.9385022201404327,0.2822196972272294
70.10000000000001,0.22120023624287116,0.5486523129662052,0.32426652149109486,0.9417309850692291,0.29808028407955756
70.15,0.2198712307936866,0.5455789529555376,0.32156252184346046,0.928929091367837,0.3333130823468294
70.2,0.21513508344598514,0.5475270513983372,0.3194714033843134,0.9171303800066617,0.31217267257835835
70.25,0.2124559868668449,0.5377010847449889,0.3162698238381577,0.9168565735205283,0.30328025542032827
70.3,0.21152814613803758,0.5326447038048916,0.3162399404719284,0.9094640456178851,0.2997597125618793
70.35000000000001,0.22145875032008117,0.519014893957006,0.3187791657216607,0.8838013500327789,0.30351497524642757
70.4,0.23360038602759545,0.5097343540296978,0.3188707753856678,0.8850274524140316,0.3232055660547173
70.45,0.23997382827579614,0.5068503053275526,0.3174759519847665,0.8765868740342203,0.29714117226739606
70.5,0.2511087477465704,0.5047275898015723,0.3130756023118313,0.8754569421534265,0.2874439158717823
70.55,0.2599659856307808,0.49993588681289725,0.3171619973329931,0.8810563629488972,0.299561528576302
70.60000000000001,0.26939456002387463,0.49555321235839916,0.3160238238831743,0.8731237955913458,0.2929287596558995
70.65,0.28121761406529416,0.5015263153626238,0.3133819429779208,0.8863285809127373,0.2903285519183096
70.7,0.2829800810376812,0.5042416213605387,0.3026214877466395,0.9038559507727776,0.287280296900216
70.75,0.2802845915573975,0.5064654378227538,0.3025138323077523,0.9093790053005092,0.287932510570309
70.8,0.2790717303930527,0.5082805654056637,0.2933538498881388,0.903282968078552,0.2947813838230485
70.85000000000001,0.28081321489422045,0.5002924344617905,0.27369870283600545,0.9093705233430607,0.31841893551898215
70.9,0.2848302567017011,0.4965950119924698,0.2531686552724485,0.9051382592051016,0.34007598077835044
70.95,0.2890159702797927,0.4981699565660574,0.23050397828303576,0.909706831098511,0.35267718081894817
71.0,0.2832788595326139,0.502473105378708,0.21516580220217255,0.9003009371219057,0.35772253544344146
71.05,0.2735039598350022,0.5067018114742363,0.20784875515443837,0.8894798350208567,0.3624502859662891
71.10000000000001,0.27458293653462285,0.5057614197042325,0.20672814240030118,0.8972931662252757,0.3515323978375894
71.15,0.26063123102144886,0.5002310289061475,0.19187664310491376,0.8960658454439496,0.36594618019751535
71.2,0.26312505113384294,0.5028383628165171,0.1851723863566117,0.8961497787377407,0.3921287350915616
71.25,0.2587922652387651,0.5142750166657859,0.16548147392658002,0.906504321167451,0.4151538806716663
71.3,0.27523701147842833,0.5176821707877369,0.1596658729902741,0.9027265858043982,0.4216370103385452
71.35000000000001,0.2649577306499052,0.5223518385496915,0.13975941498004718,0.9068060428696859,0.4290439401975707
71.4,0.27258064325891246,0.5244907697659702,0.12165136636201013,0.9133689622963179,0.45193173324675967
71.45,0.26442628726563183,0.5240979628017757,0.10356665520681226,0.9150784202311926,0.4200744369362375
71.5,0.2655462688414469,0.5236262051587989,0.09758993332821266,0.9173462989051323,0.4276908246475762
71.55,0.2783820624444953,0.5212101316460561,0.08653012586363759,0.9261197147754839,0.4281697002737863
71.60000000000001,0.28166337987633294,0.5162987853391835,0.07641002988791393,0.9345479629232066,0.40593416435855856
71.65,0.2796563444866036,0.5240964965864114,0.06930416713410438,0.9381953947927654,0.4208613040494439
71.7,0.2798008957960372,0.52263559348551,0.058181697195535474,0.9292090593407978,0.43292457783613053
71.75,0.27234627627157426,0.5032411481174348,0.05856369259485517,0.9173343490622236,0.40581797405017506
71.8,0.2812621309000778,0.4967853340221601,0.059589809000006995,0.9220614066124543,0.4025263922754634
71.85000000000001,0.28175686034962066,0.4745127993625931,0.06173793392520717,0.9167461540596444,0.40593093023730964
71.9,0.2850479508794317,0.4626943824180754,0.07230705193824648,0.9069142847159051,0.38412768684976833
71.95,0.27586321804016806,0.45966070222351224,0.06964176500177749,0.9016586500130014,0.3869144913570394
72.0,0.27169374471133956,0.45913320150696874,0.06494854898317977,0.8959180723933878,0.3924811293851044
72.05,0.2672008186893983,0.4580108871665581,0.06617124693191954,0.8932300498127136,0.40970703671232434
72.10000000000001,0.25845190775484606,0.46422538693483745,0.061455413050075715,0.885747190877673,0.4220065367954179
72.15,0.2517439834273386,0.4686158987655376,0.053179763392592574,0.8973804326567176,0.427299493206876
72.2,0.24593376991318222,0.47513165090442583,0.037424021857369115,0.8923158432999372,0.43563268809982486
72.25,0.23259405595458119,0.4661319457986427,0.020556147841105293,0.8993931532579336,0.45030915344352057
72.3,0.22430755152230794,0.4739214252834044,0.011504168439438084,0.9024255536194769,0.4548299257982572
72.35000000000001,0.2220402361060575,0.46350540427652387,0.018762509918769807,0.9112312037407048,0.45760161023747015
72.4,0.22990868285569802,0.4649412918801743,0.03505644245665119,0.9114864997252126,0.465653447449912
72.45,0.2310047609711895,0.4622551665067225,0.04141413192909199,0.8909967185371724,0.48518543577834783
72.5,0.22544498797202966,0.4599807373239734,0.04488871900478388,0.8858194346487435,0.49719767097329853
72.55,0.2193993693606765,0.46015253617820095,0.05182224744563492,0.8737892825126838,0.5026591378060823
72.60000000000001,0.21855146302905895,0.46268084733084586,0.06002765361736751,0.8758515841288431,0.49578711094004635
72.65,0.21025921965016556,0.4595851556095168,0.06983305533498721,0.8804279103997305,0.5038606955288868
72.7,0.20579743559859856,0.4584181224386818,0.07903006212959506,0.8911761254779178,0.5031472508692539
72.75,0.18261834098283034,0.4673647071631688,0.08085728200491119,0.9047806413869169,0.5140682817494209
72.8,0.1766953276735905,0.4756012786215625,0.0895422202125988,0.9060291781406782,0.5112642203124735
72.85000000000001,0.1745119690435275,0.4718423347606433,0.09891041769134143,0.9027777558440045,0.50667062804476
72.9,0.17666887096165407,0.45822436538876304,0.09932065181490397,0.8926582670571639,0.5141191281054893
72.95,0.16544233540518682,0.4338113819043561,0.10692612171198494,0.8647220158391857,0.5226499428252551
73.0,0.15673041573938237,0.3992044283025552,0.11441513888834152,0.8533178311259227,0.5095011642747892
73.05,0.15457508110713603,0.40679184187127676,0.11713800085350722,0.8398905738603105,0.5095513950883224
73.10000000000001,0.15574334953302185,0.41130543197576275,0.11849772875782391,0.8388350749921002,0.49720386237851966
73.15,0.15798777527929986,0.40748037657226,0.12022596767584984,0.8723331838309112,0.49067279080381615
73.2,0.1511648367704236,0.4111570702373799,0.124217495935836,0.8767394410704696,0.5078416902543095
73.25,0.14219627627223236,0.39778110179275467,0.12509200823438585,0.8731189227885253,0.51607372021447
73.3,0.12507390924862322,0.3814714621561315,0.1377986699082647,0.871090574330829,0.5223753137893151
73.35000000000001,0.1271473501632308,0.37956047225065415,0.14371148990739796,0.8633761507380513,0.5083532791031332
73.4,0.12432869923236405,0.3874482801221045,0.14885516242525576,0.8507376871622205,0.4930065851670333
73.45,0.12043881781613304,0.4038913243376626,0.15775530326960607,0.8484528522038637,0.48465971430673627
73.5,0.11626106299266753,0.41128147800170384,0.16427091402758234,0.8522044624914328,0.48147384415005184
73.55,0.11794555501845888,0.4042736929608179,0.1771738751465516,0.8762666296309164,0.4915532618930802
73.60000000000001,0.10717963901433435,0.4038389149209668,0.18607304641823144,0.8657287535386265,0.5000631446848429
73.65,0.10626136800796172,0.40421173770466867,0.1840093032107345,0.8754065612841118,0.500206819676199
73.7,0.1062818714991588,0.39610684985509337,0.18534240027622256,0.8601500398986424,0.47761285055656394
73.75,0.10756411174266281,0.39232496787926724,0.18757477979480908,0.8600905692350579,0.4637579661551025
73.8,0.10977384374723996,0.38335402532611473,0.1945695641850983,0.8481929077477866,0.47581840684752164
73.85000000000001,0.11032274042723296,0.37030783601580813,0.2023865631004536,0.8517568793340661,0.48563425175782754
73.9,0.11402916071286452,0.3674475878892794,0.2083661790822287,0.8475918911683752,0.5010412860939928
73.95,0.11525554336008806,0.3780519945538805,0.2177103235004597,0.860790959984116,0.5029828171171912
74.0,0.11231242334666545,0.3855104714954556,0.22564987724661625,0.8719292107762121,0.5028522672484941
74.05,0.11422487992278005,0.3913746888181321,0.23790608153171136,0.870633364131442,0.5053399593914281
74.10000000000001,0.11615885361502105,0.38275576249570786,0.24884105405138,0.8724561687383151,0.5212319897497578
74.15,0.13140112745765178,0.374768328735097,0.25429773311631404,0.867768168779052,0.5056174742678488
74.2,0.12685738459430745,0.3728141657472934,0.26293180891479595,0.8648883410258537,0.49898178600618265
74.25,0.12973370230201786,0.36089918379931496,0.26570851093576725,0.8493223031762903,0.5000810179967167
74.3,0.13639496998760636,0.3582613997067741,0.2691139221101896,0.848764931344835,0.4817542082097088
74.35000000000001,0.13615259985052666,0.36434367635674103,0.2772203643599884,0.8419598572550778,0.4803837028338255
74.4,0.1434595480100646,0.35797394146409317,0.28196981585658215,0.8482350743290966,0.4793948477436397
74.45,0.13946930672424243,0.35536960631704584,0.288749726595308,0.8433353149182219,0.4488865519869254
74.5,0.14822493453169386,0.3550763887727058,0.2873813672034404,0.8398778734747439,0.42508824586703076
74.55,0.15447196956503,0.35446581902759566,0.2891563274734662,0.8521102782003596,0.4099192432119516
74.60000000000001,0.1550012416167275,0.34711496377255174,0.29109228117334607,0.8445499931619829,0.4060964342069692
74.65,0.16423603811707588,0.35603321413909417,0.29743463573301926,0.8399483875272453,0.3928285187347545
74.7,0.16888432469548154,0.3592870486606394,0.31030195402907695,0.8516437290082824,0.3883976068615019
74.75,0.16854882854310974,0.3748970901932478,0.3133922496230222,0.8534284843795711,0.38467449054904457
74.8,0.17779463602585294,0.37647714434704044,0.3135357123840146,0.8513865573477818,0.3837545783727541
74.85000000000001,0.1816368811553992,0.37449511128372875,0.31021008424639346,0.8590668443960351,0.3830203476585505
74.9,0.18604272544929995,0.3770955869869042,0.3040557235567914,0.8631006569457235,0.3829287082220253
74.95,0.19498882299972767,0.36728851994329403,0.30571172211736936,0.8504097130627712,0.3938988788302837
75.0,0.2020858430857889,0.3626726650657317,0.3033162283063574,0.8504554471103639,0.3928732937286848
75.05,0.20862142565243283,0.36074214997246423,0.2934198246176615,0.8473010877935064,0.4015997526112168
75.10000000000001,0.2143504070942368,0.3507046601016882,0.28530873891883385,0.837216843510236,0.4062170993610482
75.15,0.223355732981478,0.3435014869823912,0.28220345349622233,0.8283617733451599,0.4030011216060613
75.2,0.22470363984099748,0.3441085897764976,0.2735831169626986,0.8313173393860793,0.3910562959884207
75.25,0.23076591005364888,0.34798018215661886,0.26937662796323675,0.8298902228555379,0.39258821652884174
75.3,0.23301676757935513,0.34517115354728817,0.2715550655566376,0.8284511690716426,0.4032134834753836
75.35000000000001,0.23559500627674473,0.3488205846639086,0.2654239718787986,0.824313770440483,0.3998924484429546
75.4,0.23577898627458707,0.35260107373920774,0.25667661914076517,0.8088640782023685,0.4060658410064622
75.45,0.2420717561811919,0.34931717601111967,0.24239960425996068,0.8009066996457623,0.4161743965383605
75.5,0.2447314458246731,0.3486654518251561,0.2399073118790068,0.7900961654605021,0.4202846466138
75.55,0.24815573134640942,0.3445649403839177,0.2361335918055594,0.7882140630768376,0.41345017415519386
75.60000000000001,0.25940936860481767,0.33840771868879493,0.23292280768926782,0.7839032631578549,0.42376732104246634
75.65,0.2561369978119179,0.33354249235148525,0.23239765918083694,0.7842216163912421,0.4182510779467485
75.7,0.2552647917975564,0.3251779976463351,0.2331650194394133,0.7910442938068563,0.41598666343814633
75.75,0.26713953947234376,0.314095052602324,0.2253521130217111,0.7910064354127502,0.4211727444464053
75.8,0.2718735784819157,0.3211357519452424,0.2321265632180337,0.7798454240528582,0.4209532387686581
75.85000000000001,0.2818205316656215,0.32948011632618485,0.22695318345095716,0.7810847469027625,0.41579688235818824
75.9,0.28471854065169805,0.3335292533020841,0.21384706289922162,0.7864597035051771,0.4158036126379722
75.95,0.28746367167464193,0.3337678186447307,0.2027715577503459,0.7903816757493715,0.4221179576031034
76.0,0.2788800125504563,0.3383832547374354,0.21236095291455215,0.7747792967361915,0.419084779571674
76.05,0.2853140984241517,0.3430972980276301,0.19428596467619058,0.7827481199946473,0.4190400204609871
76.10000000000001,0.2784649964920804,0.3428204249138915,0.20048185448945488,0.7863799391277755,0.42196448043974355
76.15,0.2740766706181229,0.33929439690488744,0.1823848178533976,0.7916590217444973,0.4130652291536569
76.2,0.2797308351109586,0.32504260181957384,0.17623560735522178,0.7770373202188597,0.40645484642062724
76.25,0.2713061233931061,0.3152807618918627,0.18366699574877185,0.7672414047129055,0.4094211507403806
76.3,0.26426084899516633,0.3167659459996194,0.1817503210785065,0.7786831556469969,0.407166731690946
76.35000000000001,0.2537556277043505,0.31843204516950063,0.16024689466574799,0.7862554952993014,0.396455472239838
76.4,0.25059406351751073,0.3194661377074193,0.1591297756765012,0.7748599696908526,0.3793379081087785
76.45,0.24246167483305595,0.3100188129064237,0.1659420799834381,0.7740659385813593,0.37040017271795633
76.5,0.24815076453094337,0.3110392128842396,0.1667974860707807,0.7666240102637937,0.35912317775452257
76.55,0.2507436666489755,0.30745977650988443,0.17542697090181708,0.7805561589026762,0.36425906401892727
76.60000000000001,0.24894710034973327,0.30799691178744365,0.1755156935009623,0.7920865479591022,0.3806309457032021
76.65,0.23932913386085733,0.3111309735101076,0.16426531100921496,0.7904086279077012,0.38763653952659094
76.7,0.24209690967658354,0.31445190213712676,0.16308973763531467,0.792880780115345,0.39786021724289283
76.75,0.23547012492764924,0.3271669366345935,0.14652537556456446,0.7896755639711668,0.3872545093517626
76.80000000000001,0.23522285016417582,0.32217517057640777,0.13097845570020436,0.7936894100700841,0.3835534546846547
76.85000000000001,0.2275465073436327,0.3119877400345548,0.11473300644280153,0.7802636368672445,0.3746796285769693
76.9,0.22083319088930714,0.3014532776130695,0.11525532457967193,0.7624581913038333,0.359037998770101
76.95,0.21193399009917946,0.29519745635023537,0.11630591122573304,0.7534807634628725,0.34665282236413997
77.0,0.21139376244989713,0.29493446582276617,0.12667407747574605,0.754269744016148,0.34031896751924334
77.05000000000001,0.21033980259901305,0.29182127943407693,0.12676781827777447,0.7569245479170814,0.3344148008985655
77.10000000000001,0.2018970529427711,0.29915622096182654,0.11192949970073186,0.7633458916038004,0.34342635777684943
77.15,0.20489416341404204,0.30409467314324534,0.09052645469703807,0.7667909532550765,0.340975778117972
77.2,0.20560453823947833,0.2934448877726153,0.07535766501945193,0.7625209028504351,0.3144576277176847
77.25,0.2034036153313122,0.2896343932785234,0.06337858464676556,0.7732682430637721,0.29428902454715417
77.30000000000001,0.2078708883786008,0.2930390688441639,0.04857143721978344,0.7554634277464193,0.2778714823381448
77.35000000000001,0.20159712706123473,0.28939196041069787,0.044197101386044206,0.7591317943722323,0.2696876317834536
77.4,0.20642307599193538,0.2882475451688943,0.045730241600051985,0.7512370651067264,0.26099353951605064
77.45,0.20172623518277275,0.29190340253323016,0.046740808656852276,0.7546535224086071,0.265787925634378
77.5,0.19966296560516447,0.29880625405028,0.04541517584774067,0.7482514948748873,0.2551115815325367
77.55000000000001,0.20479963838689869,0.3026537379633095,0.04417190674031471,0.7464470761290088,0.25523116875371515
77.60000000000001,0.20717759155667279,0.2951986726453695,0.0528083029576544,0.7407227102694748,0.25297659673996964
77.65,0.2065636017580277,0.28974095881013673,0.06839437245628134,0.7338056455952116,0.24618383439393868
77.7,0.2009413065135515,0.29297730563386726,0.08209550260464113,0.7261782739804171,0.2392149429034011
77.75,0.20283336265966317,0.2828144533446145,0.0840977463261254,0.7242729447989044,0.24530616671566513
77.80000000000001,0.2059753504174488,0.27415205002987814,0.08741111773612294,0.7147677825899601,0.2505102960455039
77.85000000000001,0.20891965676884486,0.2623317298256901,0.09752085829656476,0.7092913590410954,0.2590597824849623
77.9,0.20472830914134052,0.25119173889253704,0.10196039053769625,0.7112904841772855,0.25913670749199735
77.95,0.2056378642965316,0.2511777708987439,0.10588404396455452,0.7053591928097495,0.25612739823948927
78.0,0.20285834171941294,0.2482628488221784,0.1134101043743859,0.7073464228226127,0.24903106996952756
78.05000000000001,0.20977663698049961,0.25716099705613676,0.12961554171882847,0.7239695512953123,0.2545993071601794
78.10000000000001,0.2154372765948335,0.2425564714254813,0.13973413288451925,0.726749404722581,0.268471174448797
78.15,0.21434628441060005,0.2371044501213423,0.1408022422117696,0.7212673503588088,0.269131259922272
78.2,0.21972294459488592,0.2361671242017683,0.14214162339642392,0.7109834268620446,0.2697504886683184
78.25,0.21372716251035598,0.22173122235529566,0.14041345929062707,0.7114900245789536,0.2789420566979478
78.30000000000001,0.21952116172857428,0.22036243588545154,0.14616970544992666,0.7075538456556099,0.2774799052795614
78.35000000000001,0.22409650099375505,0.22438478017066857,0.14816646864138097,0.7124756565139572,0.27422616467379834
78.4,0.22638411253867835,0.22837943137790692,0.15083943454807117,0.7131283308540501,0.27209956183955497
78.45,0.22964216015922842,0.2373540737128512,0.14952511474612828,0.7086339983483109,0.2608574694031578
78.5,0.2310544922642054,0.24065041691832484,0.14874701862378417,0.7023764712589501,0.25990914761161515
78.55000000000001,0.22713292109470062,0.24920414332714516,0.15291076533280953,0.6915450424053827,0.2557970293001203
78.60000000000001,0.2313891603804698,0.2375451395628823,0.15337163184979236,0.6904601723809195,0.2553368854048787
78.65,0.2277680222259874,0.22598997337858318,0.15757941760444683,0.6904059832255736,0.24394902741592675
78.7,0.2305480603705512,0.22779382098159354,0.1615700974094256,0.6833319950707182,0.23884925916548727
78.75,0.23678899826453312,0.22713385973396383,0.16272011633245093,0.688033462240317,0.23221735636972762
78.80000000000001,0.2352548764260272,0.22779592962488932,0.16531233345899282,0.6866743410572035,0.22555235373061752
78.85000000000001,0.23422188475127487,0.2252402294395617,0.16878017497414732,0.6752383860651224,0.21632861951970697
78.9,0.23855639715441668,0.22131449443476464,0.1770648934983575,0.6638018714959689,0.2187839535580417
78.95,0.23653692068877025,0.22226310232973562,0.18641759455095575,0.6615934583281261,0.2146655341936319
79.0,0.23839183936795488,0.20939597505042495,0.1932447632993211,0.6723942800253999,0.2093343846990857
79.05000000000001,0.24427403021563235,0.20646645226376317,0.2025136071687837,0.6693943012399973,0.21207443107491478
79.10000000000001,0.24881589283007713,0.21003360007191266,0.2089186126741846,0.6666713872376242,0.193158027702995
79.15,0.24657266753917284,0.20086781278550173,0.21227551441472084,0.6604053059926177,0.20351049138552973
79.2,0.2478458593839456,0.19130775635308364,0.20638405632989693,0.6504420962825588,0.1942553087491759
79.25,0.24508008052662306,0.16758834300850267,0.20314048551700578,0.6356183410869015,0.19747750253792015
79.30000000000001,0.24559191641318584,0.16636129013513368,0.2102219844941499,0.6249591898714099,0.19807510115171326
79.35000000000001,0.24975215721820432,0.16717403060320588,0.21048250735683458,0.6226718735072994,0.19251943533503463
79.4,0.2435167100721675,0.165678102298297,0.20689117657843467,0.6273502906439189,0.18084600734275183
79.45,0.24855315636961556,0.16143871006638277,0.2036805153401732,0.6388162332840129,0.19020941963486682
79.5,0.24595648111743693,0.15250400183342105,0.2036397979789526,0.6388571693310119,0.19414100632870657
79.55000000000001,0.25216512922252926,0.16450707771722684,0.2095522306587014,0.6367512438785313,0.19037843152430284
79.60000000000001,0.25099065819184196,0.1598792464641383,0.2210946722614116,0.6402779601932487,0.19650923837198317
79.65,0.25364411025985345,0.15051930897527763,0.22835008587926273,0.6282759436406821,0.2023236864348758
79.7,0.2532839501980914,0.15095745977301825,0.2291830230920612,0.6253320949509024,0.21581326173366608
79.75,0.25954843745626244,0.13345835468794548,0.22773176864855804,0.6123069675729943,0.22277493077064145
79.80000000000001,0.2634679453182201,0.12942975436600587,0.23215379906493216,0.6125004550082147,0.21347498749102284
79.85000000000001,0.2633506453867399,0.135418345925839,0.23895432199535033,0.6137075878623409,0.20475256480487364
79.9,0.2581168959623571,0.14207045609929764,0.24380863984231824,0.6108288530532693,0.20148936735719603
79.95,0.24788534931508932,0.1292349277088901,0.24461045511500132,0.614994649779922,0.20913025588208614
80.0,0.25068939573997506,0.12594104663621578,0.2370489236427536,0.5983239482155702,0.23759645079938455
80.05000000000001,0.2563126838544064,0.13497671872483413,0.23051926227158523,0.6013474692694626,0.2461588545927001
80.10000000000001,0.2567414634567609,0.13690032557605428,0.2249295341212041,0.6015836015687113,0.256865877631847
80.15,0.2515969599216754,0.12905922872957812,0.21793982897871558,0.5925027593364751,0.2609691470805209
80.2,0.2460410993779342,0.12661559989074234,0.2051540238610175,0.5941877436150445,0.2634212542142058
80.25,0.24996540553665955,0.11543358329984385,0.1980541534678812,0.6037394994874623,0.24944965980452405
80.30000000000001,0.24621249718007132,0.1230051633630003,0.1815876943183942,0.6103192241303819,0.2602473467269767
80.35000000000001,0.24272021207071431,0.11309709045684942,0.18596843607574012,0.6057938370382971,0.27771296429534265
80.4,0.24101252951020333,0.1134032734971587,0.18791391019618253,0.5978942314347621,0.2827710729462579
80.45,0.2375786655558837,0.11487832340462471,0.18771286628470477,0.5993338587416854,0.2934923727756191
80.5,0.2333354586157306,0.11157015639046944,0.1837702269416858,0.6011306081047743,0.2973649602673372
80.55000000000001,0.22809907728864567,0.10715872966626898,0.18596243340344554,0.6039520092012478,0.3014484833315452
80.60000000000001,0.22830895455353295,0.10279907674042078,0.19326428053690167,0.5951895511894368,0.29997729760797026
80.65,0.21748696109237473,0.10601554282814012,0.19890760044697792,0.598516809109134,0.2936073074845875
80.7,0.2167821797185111,0.11415855406809014,0.19509145327663263,0.6033789325542839,0.28627481963834184
80.75,0.21362993963441043,0.11969432283052411,0.18591009032137254,0.6127323928223393,0.2933552936522879
80.80000000000001,0.2069923042758106,0.11477931901180233,0.16655735641965608,0.6111484006833192,0.3075250771209614
80.85000000000001,0.20162175968195156,0.12295021003385927,0.14707823828875596,0.6137878082555334,0.3247066772748384
80.9,0.19832848418348004,0.1326835005909891,0.1342656643401036,0.6152240280370629,0.34313735494316594
80.95,0.19320531915062392,0.12638112972394075,0.11932604924896764,0.6257776389506279,0.35220521065258453
81.0,0.18923264225298114,0.1382486926768244,0.11323701727974483,0.6245553977220338,0.369615607747294
81.05000000000001,0.17927352798028198,0.14504886091819236,0.11348425365157792,0.6207368292021211,0.3785281241490286
81.10000000000001,0.17180749777171342,0.15286686940089797,0.11092233868579082,0.6303466987371381,0.4019811462893126
81.15,0.16406355559224398,0.15964727119480618,0.11193064704963196,0.6262695986792068,0.4099332651051577
81.2,0.16787576663786513,0.16287556641422604,0.12993932142530332,0.6261719602709211,0.4137553785781874
81.25,0.16348131527164905,0.16728809220485844,0.13766589597479167,0.63090114758669,0.4146669178627331
81.30000000000001,0.16019186291085014,0.15843079331414803,0.14284747195197703,0.6314848923728198,0.4180433091273328
81.35000000000001,0.16010531005626338,0.1572863563634879,0.14711457634216316,0.6267377307292912,0.4199031199200541
81.4,0.15389536677993118,0.15663657177089724,0.1475733552241085,0.6274038811072384,0.42235498322365433
81.45,0.15188262717508907,0.1561791161506591,0.16203237341133167,0.6203364716636781,0.4311937171017547
81.5,0.1526083947181616,0.14700627333524796,0.16020635207518452,0.6342064951210745,0.42333548720428843
81.55000000000001,0.15477671888665342,0.16092331913887065,0.1650954083018606,0.6278870377637719,0.4232128108946971
81.60000000000001,0.15135651302358805,0.16196897816279487,0.16777606727415992,0.6320514369704957,0.43394766919121386
81.65,0.1462935184899315,0.1595691987581547,0.1670695992848048,0.6225961587758557,0.43864908347198994
81.7,0.14682799666819638,0.15234201022449828,0.16900123062581288,0.6343560428280292,0.44760999282558644
81.75,0.1424903334199499,0.14078607815692362,0.17783052989263753,0.6302904808942448,0.4563363103107003
81.80000000000001,0.14306019837305137,0.1396171558678467,0.1709863657590442,0.6358263026291349,0.45318214194501455
81.85000000000001,0.1435920418578186,0.1345096146290831,0.17246806815869106,0.6292015031875415,0.46568266765169714
81.9,0.13564402223778116,0.1284169674079977,0.17579044939524296,0.624424711906709,0.46599904090121336
81.95,0.13268168280480025,0.13163388535842718,0.17605261008486925,0.6261952239524623,0.47637034332072337
82.0,0.13890951080277653,0.1294432266473055,0.17226533233399907,0.6325604018116311,0.4938885222789424
82.05000000000001,0.14059210944104183,0.13278729409085638,0.18877890010617263,0.6261117966355212,0.516002367034309
82.10000000000001,0.13823259684245356,0.13151600531296584,0.20890393543451927,0.633600206479609,0.5121827689714629
82.15,0.13546904517737257,0.1359465568005237,0.21331234032347032,0.6537636282049744,0.5057205057012614
82.2,0.13582674171997813,0.1403233166824139,0.22125681069543982,0.6545592392291241,0.5103207289750435
82.25,0.13579896922129223,0.1440882437512081,0.2219867548247261,0.6663787178545959,0.5014985653432933
82.30000000000001,0.13611259510395496,0.15190158689240713,0.21444779002480827,0.6635532401089995,0.492842744376212
82.35000000000001,0.13160322797353913,0.1626202903509104,0.22228925317037804,0.6563632943869389,0.4750900824439742
82.4,0.1350372768934094,0.16831543173180472,0.22477287658023315,0.666245878650058,0.4567586548509149
82.45,0.13915564748838624,0.17226001380597267,0.21981311429984796,0.6652931483859105,0.45170072152058105
82.5,0.1423496561757969,0.16781884125481464,0.23081094496118099,0.6793371472735085,0.44782452028466363
82.55000000000001,0.15122011069907046,0.16846400147620794,0.23400455986266594,0.6765063965244912,0.4290162083271121
82.60000000000001,0.16960371892182582,0.1779542404229256,0.22575696992200703,0.6705952914242581,0.424009091076127
82.65,0.18377354552756156,0.18178868104809517,0.2136616364048873,0.673713113476128,0.40708474428044283
82.7,0.18766428961197448,0.18330426206309827,0.2206478379238068,0.6660324973398716,0.39259904550769736
82.75,0.1851865791954372,0.16990748716941179,0.2205979034061064,0.6675803641296549,0.38776376763121395
82.80000000000001,0.18021135989757014,0.1798840760098364,0.22515999622182375,0.6624338853696378,0.3667922262328241
82.85000000000001,0.1744411162320177,0.18516555899690249,0.23610646375563782,0.6723449947928672,0.34745442652314407
82.9,0.17575471155567873,0.18366519770291112,0.25021965035708266,0.6812876207427897,0.3476185898137761
82.95,0.18060452415139344,0.19221559874272026,0.2672271935399506,0.6892966401720662,0.33476610127081863
83.0,0.17802846837127853,0.20867595782834258,0.2631357869263699,0.7006779100166143,0.3285067196139615
83.05000000000001,0.17691083444271957,0.2164904175704826,0.2566796779582969,0.7180154844878208,0.33337605772907347
83.10000000000001,0.17756041010029483,0.22087647416349768,0.25701792320438915,0.7208949584607262,0.30481560036315447
83.15,0.18014424300069073,0.21963152749103018,0.26623879119806515,0.716833449503073,0.28727902158436436
83.2,0.18605914431982223,0.22013265210753805,0.27687549216398244,0.7223687445423496,0.27430024658841606
83.25,0.18822079312190537,0.23165149089984485,0.27762343252154376,0.7230992856278955,0.27283097658208866
83.30000000000001,0.1984563061324405,0.2389453332340692,0.26913381480374443,0.7371415205354055,0.26064840219798313
83.35000000000001,0.2098426925913585,0.24063484488103645,0.26013024807943735,0.7339886378125237,0.24867226246194143
83.4,0.21176831894912165,0.23383796042050914,0.2491445841740183,0.7233799361311121,0.24668643522524425
83.45,0.22339322832633818,0.22976887732822476,0.25500227602930553,0.721603113432123,0.2449795505679141
83.5,0.2292827405652327,0.23698926561809663,0.2550019753194098,0.7247792543765702,0.24931710885202096
83.55000000000001,0.23707926195462312,0.23655144885968252,0.2501415488269058,0.7235889512345339,0.24030314537908792
83.60000000000001,0.2461478695261689,0.23746992557308982,0.2379062319412819,0.7265631317673531,0.25041562418061636
83.65,0.2523564638503637,0.2438188315834089,0.23858495224990692,0.7238814335793896,0.25707127998208695
83.7,0.26134741793930116,0.2439286683271609,0.2373845361543319,0.7216365361479905,0.25306412130942124
83.75,0.27310473426421444,0.23700122323783923,0.24164316666336233,0.7184693151177591,0.25365805966449606
83.80000000000001,0.27227837138702343,0.2394567420128747,0.23916898023989192,0.7241810831353538,0.24882480657734465
83.85000000000001,0.27907670820694924,0.24255578676568373,0.2276635463874343,0.7263380249948237,0.24370099659423627
83.9,0.2853621859707839,0.24844938261376,0.22049294058951158,0.738145825250849,0.242255505884447
83.95,0.2907034458096853,0.2492621130329739,0.21193415671706187,0.7352336219157058,0.2467721587421405
84.0,0.29539995645047407,0.24779208009813355,0.20615736974044568,0.7291011928814946,0.24112809451424327
84.05000000000001,0.30045209551649976,0.24317218646308517,0.19748279222809254,0.7206092863082274,0.23860605533669593
84.10000000000001,0.30256230750743807,0.2441290093028833,0.21131795878527365,0.7275833635815769,0.2433095655422905
84.15,0.30853924692034246,0.2413086337569119,0.22504546204622616,0.7295760044976924,0.25244389316192956
84.2,0.30888985618167397,0.24254553751615815,0.2276406154176494,0.721637823164393,0.2683390536221552
84.25,0.308970069174478,0.23507569865141353,0.2354548295610359,0.7158019190272545,0.2756396442085957
84.30000000000001,0.315138696954751,0.2277075377335269,0.23733514058456356,0.7162177089181098,0.2718124652966765
84.35000000000001,0.3220732489678746,0.22149047333308325,0.2241602953063455,0.7083360961349245,0.27461958679363807
84.4,0.34049215409181555,0.20838197553279628,0.23040734133221608,0.7096565280441275,0.27906495071232745
84.45,0.33362168486798466,0.20875368210818074,0.23153833650777406,0.6954667164534873,0.2835419136910921
84.5,0.3305662681700885,0.20732505519022879,0.22761331185107003,0.6949910984960997,0.2981452564218291
84.55000000000001,0.3357328183558916,0.2008340207016108,0.2191732121405929,0.6953484835342848,0.30177994614890524
84.60000000000001,0.33379857310815725,0.20376435665783446,0.20709539661253668,0.6952311294949028,0.30832982670991166
84.65,0.33710094677159685,0.19625967636111907,0.20997266142185747,0.6917019291226272,0.31683490571163553
84.7,0.3347964193967964,0.19310356947430668,0.20246429716626663,0.6857550365214504,0.31187698914451945
84.75,0.34368359616369554,0.18610044962304215,0.19709481237996868,0.6889107279728246,0.3021994444834308
84.80000000000001,0.3468020568641862,0.18415980408669108,0.18815740236000697,0.6951132051945861,0.3012860183209737
84.85000000000001,0.34408146287429553,0.1889820386414723,0.1829398092586339,0.6915909405755277,0.2872412138104526
84.9,0.342952939410251,0.19397327087561272,0.17892474879314313,0.6926596030244101,0.2984756990162062
84.95,0.34004010833748605,0.20646531311135358,0.17485940074519407,0.6946969233242013,0.31330158335849223
85.0,0.3443079258814904,0.20194527199689033,0.1765829967449128,0.6892376833580096,0.3146239422383641
85.05000000000001,0.34464208349776276,0.20355260475993042,0.1644114867678117,0.6959846094275631,0.3079677795567118
85.10000000000001,0.34414238579105383,0.2061328753741501,0.15104798732112923,0.7093950088751517,0.2933417798101908
85.15,0.34433624150891107,0.2067864308621181,0.13625788132181638,0.7016013534094564,0.29148383947524076
85.2,0.34245458520799144,0.19435165234320467,0.1290092275038592,0.7122825599434269,0.28847868194852316
85.25,0.3361890508584609,0.19031453777174617,0.115400339083106,0.7167360734438629,0.2985151149241462
85.30000000000001,0.32709024375311063,0.1927718750947848,0.10193596528040601,0.7286077068596596,0.28454337904462235
85.35000000000001,0.3233722173812684,0.18876090263371337,0.09199025591212283,0.7516313802343114,0.26831816807228104
85.4,0.3239776324943829,0.18176354992974117,0.08522017390827932,0.7678239061956592,0.24651236269296875
85.45,0.31131454599707786,0.17847913227582832,0.08303101176754345,0.7603953049415263,0.2361172359817084
85.5,0.3119893385222006,0.17534861276124886,0.0761422333343367,0.7519011948323271,0.2263420386167591
85.55000000000001,0.30740872032864774,0.17306627411298162,0.06333350700046735,0.7410083205385095,0.23359596632599453
85.60000000000001,0.3036218359059944,0.17090719204552982,0.05493661475401642,0.7382455191168678,0.22821799016379424
85.65,0.2933856758218298,0.17813959092008683,0.05734926123425738,0.7303880139133856,0.24105911064272012
85.7,0.2920296490572047,0.17593610160674408,0.06830995146873063,0.7266904756434338,0.24294717187297443
85.75,0.29401013653655894,0.17831096263124882,0.0816761606452749,0.728241357509981,0.25929105724740353
85.80000000000001,0.28478926007034194,0.16970867743255585,0.08559298584313738,0.7259637527662762,0.2680355440997391
85.85000000000001,0.2832699192201523,0.16550712329498002,0.0842105687389246,0.738013165659463,0.28977256194092077
85.9,0.2808122202403354,0.16843571947679156,0.07155026052354889,0.7261998647386219,0.3011380710858695
85.95,0.27330591933947984,0.15719562317568653,0.06084976952082645,0.738014659469596,0.2965261489644781
86.0,0.26352286997780416,0.15551182801332802,0.05312536691259355,0.7506089889845465,0.3074780545915428
86.05000000000001,0.2580181176288284,0.1626192263363857,0.042599958544038245,0.7565084019530283,0.3045988155566057
86.10000000000001,0.26046703007580035,0.14895303474644586,0.033819846433293575,0.7717267906709075,0.30185675221815955
86.15,0.24722297908752958,0.15097344751481928,0.031558722049766494,0.7562122941936534,0.310747948676173
86.2,0.23984052072291637,0.14488698917172532,0.02763154061000948,0.7621688965166769,0.31314873431406826
86.25,0.22764613677808151,0.14376524930472545,0.01696189464660763,0.7481819132807732,0.3064025908791899
86.30000000000001,0.23262653557852025,0.14357196763136595,0.00919657049536124,0.7496901936661629,0.29902471298164673
86.35000000000001,0.22427772723573772,0.14428868825053293,0.012557015907361708,0.7505222634676311,0.30306494230047815
86.4,0.23196916005923132,0.1488416333611775,0.028869601476291758,0.756640282750536,0.29797461673520226
86.45,0.22657578796204694,0.16495737179333395,0.03346606460830888,0.7576658806794482,0.2920353944130452
86.5,0.2263987984228555,0.16975498380454657,0.05045682234726865,0.7755814522083422,0.29217874500524077
86.55000000000001,0.21207285048578653,0.1846858991813511,0.06378009222758337,0.7711126387197726,0.3001892824260506
86.60000000000001,0.2065421973949702,0.19793496898541713,0.08197533780044317,0.7754105579015826,0.2852742108486653
86.65,0.20041059104589704,0.18647372605596432,0.10160328755199412,0.7987543881368478,0.26818944978178155
86.7,0.19481323131460251,0.17901965527058825,0.11164225041216556,0.7997214884719113,0.25313706573431605
86.75,0.18175510042164586,0.17222145661062785,0.12078795060724819,0.8046546979041312,0.24268472253706663
86.80000000000001,0.1892033181428975,0.16690048889944584,0.13648207526971812,0.8103637535471394,0.24524570350578156
86.85000000000001,0.1867270182021523,0.1843473621574569,0.15618086807611517,0.808311883107274,0.23523656261858458
86.9,0.18725481780620243,0.1765608152440135,0.17400060763689762,0.8104836966884511,0.22563083587174884
86.95,0.1822845874899898,0.18516965981126932,0.188111853535583,0.8273213435165074,0.2281373454313198
87.0,0.18062648457313402,0.19330065795161375,0.20049909289515275,0.8195492745314967,0.2217407879975853
87.05000000000001,0.18121551813775996,0.19793444294190432,0.21066014211782805,0.8229401477120116,0.22448882023926373
87.10000000000001,0.17521508647861694,0.20291810881478464,0.21975173991976088,0.835190435693996,0.20606918150995307
87.15,0.16893092149193478,0.1955479430026769,0.23074333648407755,0.8375266607310385,0.19665584145769133
87.2,0.17048217967606832,0.1951912128946459,0.237062373385755,0.8430465791155134,0.1677460962656288
87.25,0.1579407171490144,0.19683182871265395,0.24214323241420194,0.8304479606367605,0.16431896768193946
87.30000000000001,0.16446502235328808,0.19597794787046288,0.24708683732625736,0.833915641493016,0.16370940883652113
87.35000000000001,0.16060060243182067,0.19736386122490412,0.2497200882736273,0.8364662132524848,0.18602919469380652
87.4,0.1506026162673261,0.19885154720780873,0.2572770552305194,0.8369077634098963,0.17769201136996682
87.45,0.14652457941024524,0.195381921412715,0.2606217638559691,0.832781921478795,0.1558814413433357
87.5,0.14558546401482356,0.186007021037155,0.26735455845689976,0.8328199823767463,0.13799828263892522
87.55000000000001,0.14261597922219665,0.18403534064055568,0.27612296000552383,0.8286118544433053,0.11761024839930735
87.60000000000001,0.14409719715505995,0.18499607247116406,0.2817923317985338,0.8297185955962544,0.10912317926697708
87.65,0.13277812613198126,0.18901049729741642,0.28523243485246685,0.8290107279234237,0.10902835462026823
87.7,0.133587915122907,0.19370440564235192,0.2909050147191158,0.8293504367240333,0.0963273050292256
87.75,0.13984518435022783,0.20109281609350715,0.3019923451056149,0.8231652777049646,0.09387637415815937
87.80000000000001,0.13233430569913912,0.20807831949634112,0.31477523824017223,0.8236675322381197,0.10155324555373188
87.85000000000001,0.1281100923446669,0.21141465949797955,0.3242008149783486,0.8201575784589514,0.11578358617721368
87.9,0.1271033616731668,0.2244222929979645,0.3257533086218017,0.8274851955477459,0.11488762762260801
87.95,0.1280367161277658,0.22372752711776617,0.3250671102807433,0.8338808982965256,0.11124490274049227
88.0,0.12715421588017856,0.21677030955993826,0.3405115156572729,0.8393404094839696,0.11452934444686778
88.05000000000001,0.13088745379777075,0.2229503519469862,0.3537066440603244,0.8295520021258005,0.12431360125900126
88.10000000000001,0.1292146567012873,0.23610147145663352,0.3543716121097678,0.8298353841866949,0.12953868964340312
88.15,0.12967434288735744,0.2289640220142962,0.3628745947344333,0.8304331753708479,0.1286772862858957
88.2,0.1279480119058958,0.24479187029955243,0.3626136429509819,0.8285200102554037,0.13421356231911463
88.25,0.12757696499059387,0.24637413419822835,0.3741390535857607,0.8308207429259434,0.15557874298073296
88.30000000000001,0.13008981465203,0.25105294350061524,0.3842112945247079,0.82527603407177,0.17967170711176206
88.35000000000001,0.13018065428718703,0.25282851569054376,0.38774012227718757,0.8339656417049405,0.19445725113534873
88.4,0.12833449375990505,0.25191978333597176,0.38984587193756753,0.8369101729878295,0.18794497148172157
88.45,0.12675872973276192,0.24325252531884384,0.3904499865676708,0.8362673154920404,0.18714415565967496
88.5,0.1320814762062784,0.2567034305052909,0.3939731557404244,0.826343266167108,0.1654935117271454
88.55000000000001,0.13413824985882267,0.2697534449884747,0.40214342696469724,0.8321628786752937,0.16122693361341806
88.60000000000001,0.13064717165799491,0.2687048480349487,0.4087925741872916,0.8361863819389942,0.16899244615672815
88.65,0.14096367776458163,0.29407660460453866,0.40794575453664095,0.8359862925777986,0.16392897798782713
88.7,0.14442539391678516,0.30738652339621664,0.4087756848447927,0.8533865606723683,0.18327726912523015
88.75,0.14222079632340343,0.291415163350634,0.4091443703308765,0.8549872312694294,0.22550623175176435
88.80000000000001,0.14800134249037256,0.2861319523849471,0.4069164809156809,0.8414044645784837,0.2763113480323887
88.85000000000001,0.16190911046561607,0.27580689842429307,0.41328277729975016,0.8278166929028667,0.290071152314486
88.9,0.16744781648914964,0.2647746822337984,0.4154020959296246,0.8233630200012977,0.3215346122260223
88.95,0.1708986464707384,0.26486057036434263,0.42465342271375206,0.8207420977076171,0.3416649706267094
89.0,0.1749883665186062,0.2727409333340772,0.42115165347014566,0.8207423888284668,0.3298689100988156
89.05000000000001,0.179809978897933,0.2780596289213809,0.4175714948010397,0.8186606517524305,0.29685659813968857
89.10000000000001,0.1835227189301782,0.2680042861676098,0.4170396850080955,0.8192692504556619,0.27560728449761596
89.15,0.18573202847663547,0.25707341103546266,0.41778698428974165,0.8157010362703153,0.29606741251077867
89.2,0.1900355054091933,0.2488091106646663,0.42234340748380717,0.8148901308585423,0.3003698866945826
89.25,0.2063049459352863,0.2591181633199512,0.42331347974479244,0.812488908544389,0.26967020921112145
89.30000000000001,0.2156042548809068,0.2603526515299753,0.41641262054006994,0.8199880471674318,0.2606906915111971
89.35000000000001,0.2149139272615102,0.2784554392391154,0.4137432640246133,0.8222418154840102,0.28562139082544896
89.4,0.2144960328035942,0.28259474586619177,0.41724819103904837,0.8280090866851455,0.29090820285173524
89.45,0.22863171380233813,0.28084294989604514,0.4119368196595011,0.8315320322524132,0.30830338263039714
89.5,0.23563417740450004,0.26400701458395553,0.396210800850672,0.8338761398946614,0.3293307655464652
89.55000000000001,0.23029835859001535,0.280730150012819,0.37995226065330145,0.8261743997373017,0.3272438095526064
89.60000000000001,0.22532206450089282,0.2624955307751105,0.36571230270589694,0.832650008414853,0.3485128715114555
89.65,0.22619217277512138,0.254319794223314,0.3612133962794923,0.8287764603081319,0.36134080997940854
89.7,0.22360373409131784,0.2624076506048856,0.36695683645663296,0.8187164336775398,0.34236482667010576
89.75,0.21227688301610914,0.2757325450217385,0.3634835433318483,0.8189033166153609,0.34446426021553056
89.80000000000001,0.22026559552067093,0.27219496086241485,0.3639594443552001,0.8257086034106704,0.3331253797666159
89.85000000000001,0.21890231386971018,0.26689426190459714,0.3514710943462827,0.8343017638636416,0.3331007765635176
89.9,0.23325034552367116,0.2809091740453428,0.33631864993142147,0.8343606244277981,0.35959989388597857
89.95,0.23593281959740395,0.28729363519030837,0.3360918895665387,0.8358168418662952,0.3607834523722854
90.0,0.24598560322916505,0.29739291117154654,0.31939637313671043,0.834615184590948,0.39030984773585103
90.05000000000001,0.25261857898803863,0.29886418677208043,0.29966662014943934,0.8457293110442339,0.3939109556661685
90.10000000000001,0.2466386907561681,0.29922357837750735,0.2834861848432066,0.8334535260754816,0.4061092477320706
90.15,0.24919429646900138,0.2916414939127698,0.27905251063324693,0.834702652114885,0.4082789416643585
90.2,0.24964354019889373,0.30014143605142884,0.25705214776236424,0.8358478442755896,0.4233129498068254
90.25,0.2504999855820864,0.30511381046319175,0.24687055782741954,0.8403716714696307,0.4329899047052884
90.30000000000001,0.24256419898110013,0.2880538722767955,0.23959419905663643,0.8416312474808179,0.42832032602397674
90.35000000000001,0.2302220785546006,0.27832017644240414,0.23127084641341344,0.8410001205232349,0.43706659130830977
90.4,0.22611216074875531,0.2803613595577893,0.22502299806503692,0.8365330262637021,0.4401565789100997
90.45,0.2039829523770903,0.2766455123359268,0.2100106638774752,0.8371887599769918,0.4444532511903106
90.5,0.2064494302462373,0.276578948828198,0.208615298040587,0.8323728867231845,0.4392266131121313
90.55000000000001,0.20585919489624596,0.26486955618740526,0.20092866367234757,0.8301107798808495,0.4414777723751376
90.60000000000001,0.19519836236796498,0.2681651396438651,0.20694250325991123,0.8229085290519774,0.4386980541792181
90.65,0.1928050273059859,0.2664142055498307,0.2003586982050446,0.8144183419681396,0.440734280768281
90.7,0.19705028731135885,0.2670370579585704,0.2017987838116447,0.8092030926211694,0.4367574289379749
90.75,0.1886920155604174,0.26286291258703487,0.1979231825108862,0.8143148398228666,0.4735111448210938
90.80000000000001,0.182763572934297,0.2598533527344113,0.19838888705733207,0.8129518009222096,0.4705631486070601
90.85000000000001,0.1805456681832305,0.26161065625995666,0.18312139160888086,0.8123594716313639,0.46727813990014355
90.9,0.17061831399694094,0.26221262509470994,0.17891706658207587,0.8064614463852847,0.4656478524707805
90.95,0.17646531293625098,0.2666132691138674,0.16730269989280347,0.8139489483758771,0.4568056733839288
91.0,0.17668184147008878,0.27374901363896376,0.16033750910039665,0.8069887820015242,0.4638776853437355
91.05000000000001,0.17457379911649726,0.28926347208419534,0.15331322246143697,0.8102627836655414,0.4729482372092848
91.10000000000001,0.1737442945139686,0.28246353953726855,0.149348619046949,0.8138086682106171,0.47979625986051366
91.15,0.17877240997489519,0.2731416255474532,0.14716595881541086,0.8133530442500543,0.47870399488705156
91.2,0.18260398497008856,0.2846285832351021,0.13932781416543716,0.8101829885980183,0.48595821400801165
91.25,0.1694404725869471,0.2791472300347674,0.12873102972958597,0.8051651953889437,0.5060524239361421
91.30000000000001,0.1683598466766447,0.2760812430375355,0.1241817234918521,0.8009193320335324,0.496381731629295
91.35000000000001,0.17685919049751866,0.27798789133050894,0.11151240568428727,0.8006536971426932,0.5170226597021752
91.4,0.17529037791871646,0.27620745796041957,0.10414955436211043,0.7926761916934016,0.5399013924887692
91.45,0.18181595668377926,0.2626611983360368,0.09573376241068084,0.7858520042259675,0.5650211135892325
91.5,0.17879454487278795,0.25735617733362276,0.08527429202218849,0.7747932485629097,0.5366424507357053
91.55000000000001,0.15968787469028936,0.25719601584532603,0.07960807413660091,0.776214816345025,0.5184015771736568
91.60000000000001,0.14585258763484463,0.2552856978018068,0.08184131344948543,0.7667896728128005,0.48063287911548214
91.65,0.13786860214205712,0.2366150605915223,0.07606657308388243,0.7657838156714438,0.45649277447411435
91.7,0.14603095023328486,0.23325255705445166,0.07324015340015916,0.7605254752072415,0.45039627339086175
91.75,0.1334637738140138,0.23493688181358854,0.05662445206579832,0.7613462405739314,0.4423189938011121
91.80000000000001,0.13131935520191046,0.23161315059895113,0.05563948811074694,0.7691912158918455,0.4409549808619009
91.85000000000001,0.12715784595527357,0.2383152339588854,0.06279817857185045,0.7591062102086844,0.4608742491277104
91.9,0.13389244028351574,0.233471303918024,0.07528227543502994,0.7627666873753401,0.5096211140652843
91.95,0.13545995333450986,0.2324614164947715,0.0814842684977224,0.7714073510650744,0.5246226147346323
92.0,0.12938093739526627,0.245273737764197,0.0837695858323096,0.7760763018043558,0.5398248142251693
92.05000000000001,0.1367588541409473,0.25016138261160187,0.08598620461807398,0.7830643402322557,0.5582824397122708
92.10000000000001,0.13908968426599444,0.25895396652258074,0.08444659040276385,0.7808969941486428,0.5737557878345984
92.15,0.15484577912583916,0.25302723699164864,0.07584512806992166,0.7852078492927635,0.5758331615335095
92.2,0.1472653653130662,0.2697073573667398,0.07062852381174992,0.785864678186998,0.5428758664868925
92.25,0.13930534157862204,0.2752017380580217,0.06710499347356212,0.8119373895302429,0.5150662888748193
92.30000000000001,0.14091792990224586,0.27230467808609105,0.06735626594935205,0.8031420942976555,0.4916786254201317
92.35000000000001,0.13713193585219804,0.2832940229484474,0.06598661751782467,0.7913789607895507,0.47299854513723916
92.4,0.13175071193361731,0.27087979379097293,0.06630679094341983,0.7870474727867844,0.45314222098037493
92.45,0.13115129553576468,0.27295646530993956,0.06931042178642126,0.7778800012251832,0.425070679881494
92.5,0.1357859228555211,0.27304700368081797,0.07830126441026901,0.7743970438894037,0.41022111766477914
92.55000000000001,0.1459902936678014,0.27097928988470316,0.09057049095484057,0.77340302519659,0.3936408284631182
92.60000000000001,0.14960138876584708,0.27453914822811903,0.09871116194934117,0.7745699601041591,0.39509667927446157
92.65,0.1551532793344881,0.27999947588674334,0.11071543018497162,0.771131786951,0.4004774452803356
92.7,0.15719556800117593,0.2792851612307765,0.12365276661183784,0.7704371554232607,0.4052163163544159
92.75,0.1539756066232867,0.28817581352094346,0.12722078608659615,0.771602807687037,0.41045916049637265
92.80000000000001,0.15125471730587248,0.2865487157278804,0.1308905730682137,0.7540597548784356,0.4140113273865432
92.85000000000001,0.14721659933014886,0.28913427878853876,0.1350537407640788,0.7568109942202645,0.41037035160538887
92.9,0.14502971957709548,0.2931532197644497,0.14494425677537592,0.7494322582687154,0.42396038470878283
92.95,0.14492451123290798,0.2948836424849358,0.15217650094563134,0.7356585605210132,0.44192323864700517
93.0,0.14354971461658325,0.2971768786638646,0.1636274295289768,0.7310167179631163,0.47630356704080684
93.05000000000001,0.14982133758962554,0.2951756053268757,0.17514265377772237,0.7441516261798707,0.5007460188721671
93.10000000000001,0.1547238995696063,0.3001357375555364,0.1853560027935548,0.749630223665837,0.5393948759192707
93.15,0.1648898847306301,0.29279934063731516,0.19654721725165644,0.7436633000714382,0.5580497255221075
93.2,0.16832168749043455,0.2960161616183443,0.20305873467880745,0.7279685697901808,0.5770400005718367
93.25,0.17783738847007158,0.3046887552017154,0.21142219182421526,0.7307234892244251,0.5929135467618365
93.30000000000001,0.17894288467388642,0.3077806547239582,0.22236643507048118,0.7391636320599854,0.6033319656577975
93.35000000000001,0.17841799222397847,0.3143488686435874,0.22654881100166466,0.7381647448134314,0.613514528738627
93.4,0.178150009310716,0.32914986439042326,0.23601564723044224,0.7309535596144838,0.6147080042183095
93.45,0.17548039664555226,0.31980835091466536,0.2434046996165751,0.739233067571855,0.6062622392334287
93.5,0.17479869800258127,0.3218320764714662,0.2466015205571616,0.7458480355824808,0.602681729476458
93.55000000000001,0.1650009682931278,0.31540612330876117,0.25783095597109473,0.7421821880488936,0.6071776235743057
93.60000000000001,0.15312029870659283,0.3108580791845028,0.27185902141135015,0.7499352846057703,0.5977426277093865
93.65,0.1447285384595257,0.31714103051802367,0.2729215293834071,0.7521573266093788,0.6030827119516704
93.7,0.1367958272582582,0.3166496508812662,0.2791733144278519,0.7449356095977921,0.6116308619353941
93.75,0.12542408344264816,0.3200711348819283,0.28178372919543826,0.7515426637762757,0.6221654962006306
93.80000000000001,0.11829649645734493,0.3235770701405323,0.29034651872334594,0.7473116013923093,0.6164978076650967
93.85000000000001,0.11262290898681046,0.32223439832621964,0.29459836283760993,0.7462557211317745,0.6242709566868696
93.9,0.11016355855167487,0.3291455014545597,0.30106518136179106,0.7479918991119596,0.6229698578772943
93.95,0.11506684642060447,0.33181438512039,0.31158455390870904,0.74485263916251,0.6361673173573404
94.0,0.11554310793719538,0.3344728867601282,0.3231941949782636,0.7422901083160984,0.6370203507494708
94.05000000000001,0.12768499239110898,0.33981514583902156,0.3284437092158859,0.7438883340123492,0.6353230255341636
94.10000000000001,0.1328663764663794,0.35031219044582307,0.33533995094444985,0.7412717435746914,0.6467877822369978
94.15,0.14495289092444988,0.3429456827160986,0.3468615736390949,0.7495653019309891,0.6506306384189413
94.2,0.1499316915063195,0.3568282904658367,0.34796149008732274,0.7490526447436274,0.6598114435321267
94.25,0.15697610867266845,0.3566239616610145,0.34747135891437814,0.759627878604968,0.6713239058882486
94.30000000000001,0.15890079934781687,0.35524355553545817,0.34697765948445597,0.7538641959758294,0.6627117873882289
94.35000000000001,0.15792555445328343,0.35470968247303,0.34533745684143446,0.7508316886319688,0.6720043552171698
94.4,0.15087226015543542,0.35339275298408224,0.33326092281660574,0.7548855377986725,0.6813820136668465
94.45,0.14771014820751,0.34161699799349393,0.33896703260877153,0.7501524003184301,0.6776096457726047
94.5,0.14510139923145635,0.3321193632333127,0.3359122274643256,0.7381460220693452,0.6832668056610867
94.55000000000001,0.150345078706877,0.31995666340630574,0.330137086978379,0.7345516501094258,0.6718455786946588
94.60000000000001,0.15425906436436207,0.32003048276918655,0.3244410363650426,0.7303703275132334,0.6688221567201132
94.65,0.1564435937979896,0.31080723724712783,0.3309829559476564,0.7203381746110664,0.6552245337239746
94.7,0.16022036703011397,0.30435867614493006,0.33330808005487333,0.7150586287263586,0.6521361229071783
94.75,0.16859787873140794,0.29899517263240044,0.3205736154224476,0.7192923778025572,0.6542484410131973
94.80000000000001,0.17305644068719364,0.29630580525760203,0.3062050388598386,0.7123215564293254,0.6510726719273278
94.85000000000001,0.1741830318627913,0.2902514585337905,0.2884294755876327,0.704154247772444,0.6369853873533593
94.9,0.1722792827921155,0.28878036974098575,0.27679681896052305,0.6888047237890338,0.6217482014649289
94.95,0.16799085725786533,0.2619666830004073,0.2798557977410307,0.6721015936272027,0.6047144517474822
95.0,0.16933603275920553,0.2510678304701059,0.26817363674733774,0.6624200172330548,0.5887359981732184
95.05000000000001,0.1704898702103109,0.24854177978332026,0.2636812676616785,0.6443799658538877,0.5936736714921664
95.10000000000001,0.1626011890971417,0.23402905323922624,0.24883873474243728,0.6349202125923369,0.5859159298477565
95.15,0.15081063615892018,0.222979770264898,0.24489675518604911,0.6309020944880555,0.572839745040666
95.2,0.14074764946302856,0.2178657441845846,0.258850322134361,0.6319197909539265,0.55934992966463
95.25,0.1324292324358442,0.2149243884057007,0.2634967651827306,0.6257600644255832,0.5667486928770907
95.30000000000001,0.12017093778021193,0.22231417134820738,0.2665871853732433,0.6264616483372998,0.576867143523038
95.35000000000001,0.10588518846594298,0.22844152761802194,0.2520291359591367,0.6257627086757711,0.5794332519134182
95.4,0.08958885284769962,0.2267993264677127,0.2592980407681428,0.6201991787782941,0.5740717257596357
95.45,0.07476083986593539,0.2298791864285554,0.2549675632013037,0.624024672005689,0.5776499550791856
95.5,0.06957344205075164,0.22529023417066668,0.23318744175050896,0.6214066453344502,0.5771490157696356
95.55000000000001,0.06409761750933034,0.22046240251187046,0.20342968144762674,0.6292885262576892,0.5628297995360549
95.60000000000001,0.056429881958275495,0.2121719246376358,0.1840892872311478,0.616961472339692,0.5356996790386886
95.65,0.042483001763116784,0.20093295180007745,0.17061233744003343,0.5976989498370947,0.5104019854554969
95.7,0.028045601283844614,0.19739706128204115,0.16097095480210483,0.5917994225149965,0.48924361159394475
95.75,0.028619108776443827,0.19940387418253983,0.16531602077372656,0.5929332335412258,0.4738646779464876
95.80000000000001,0.02332751420959605,0.1969973864070248,0.1561871111844149,0.5895259137155646,0.47499090737096816
95.85000000000001,0.025703902613165366,0.19215506217307124,0.1365682616835747,0.5937288279311096,0.4767008575621014
95.9,0.03862005873370862,0.19397332691571234,0.1391801988108903,0.5883873295702562,0.46877430595962505
95.95,0.06214644803106588,0.1849694440806771,0.1293813189837758,0.5801764351696531,0.4723483360517601
96.0,0.07338626206509492,0.18759526692205813,0.12988350814255337,0.5794515206657795,0.4783599194463797
96.05000000000001,0.08319985974415851,0.18737672185266155,0.12809932142741037,0.5794477202216655,0.4864717563983331
96.10000000000001,0.09790235299144807,0.1904061681089356,0.10788499426817244,0.5871528545903562,0.48504007575101293
96.15,0.11215951849273853,0.18952735533029333,0.09168263542709172,0.5852571984988616,0.4847534393206065
96.2,0.11910139730953204,0.18936183925933467,0.08825921700007712,0.5850414972735883,0.4821027469434515
96.25,0.11781223164098369,0.18984492519904073,0.09387493848179987,0.5930065449087839,0.47020818352161153
96.30000000000001,0.11568269025536668,0.1882746425350551,0.11982093307719491,0.5898830489898464,0.4619448639998321
96.35000000000001,0.11045765955494537,0.1949877085984161,0.13716884913364918,0.58953766930463,0.4759652852192079
96.4,0.10517410931383905,0.1987292650788375,0.1407494176363358,0.5976986404202009,0.47646691073489583
96.45,0.10612712372487454,0.19618081766798842,0.1425286794830304,0.605181803192993,0.4805746932604137
96.5,0.10470893732040816,0.1938626573226933,0.1569817049488002,0.6060833276068774,0.49049330297877236
96.55000000000001,0.10987312113590235,0.1933143907520844,0.15296496090646863,0.611897611206648,0.5040955718343741
96.60000000000001,0.11048683919926217,0.20056623729246978,0.14668679077674146,0.6089897422471445,0.5118231119805277
96.65,0.11362369752145043,0.20528201308455765,0.1305850769916373,0.610459673404194,0.5097295064169228
96.7,0.12214480980634936,0.20822232711264688,0.11853037864431872,0.6250832625231955,0.4956896364362372
96.75,0.12007330522763013,0.2017126609726142,0.11068561133299921,0.6317542080301007,0.4873586177384317
96.80000000000001,0.12619835401413362,0.21442755652600579,0.10069274660797063,0.6327470815534484,0.4654880150990968
96.85000000000001,0.12505009982167833,0.2076320239344555,0.07913451328436095,0.6315505800513692,0.46025574837578787
96.9,0.1210831605194296,0.20616014824260567,0.060874437023034016,0.6290656275529083,0.45971815085124496
96.95,0.12467297491317558,0.21313432744041735,0.04154236435979407,0.6169868761051207,0.45479059289652846
97.0,0.12938620684367017,0.20948213458118253,0.03598627741629257,0.6139493595258394,0.4434730876832588
97.05000000000001,0.13077042674264006,0.21039452474032183,0.020305680356168,0.6131698737728968,0.4334823316452822
97.10000000000001,0.13759134498323627,0.2139867155338226,0.015151421324164523,0.6049292917986748,0.43158432664971486
97.15,0.13470067829186746,0.20896302436831238,0.007672055357447005,0.6000953145723505,0.4409577051011201
97.2,0.13517761495293948,0.21519519189293432,0.00025023707528057664,0.5903732275013763,0.4473873868201974
97.25,0.14079011051984847,0.20354811638592685,0.018165642800498386,0.5887862783525097,0.4597939077141451
97.30000000000001,0.14603502420186212,0.20109789971776437,0.02863956120280728,0.5859784082595169,0.47631482583529716
97.35000000000001,0.1492360092816185,0.20877821352593284,0.03841958876940932,0.5918867489121652,0.4738237533853246
97.4,0.15666538320670875,0.22450543878234996,0.044190832513580185,0.5873555293034122,0.48208103052493606
97.45,0.16237281257174205,0.2300279012161391,0.05554850003752594,0.6040459807141663,0.4832765284024295
97.5,0.16595360246769064,0.2358018883924351,0.05970800509806008,0.5924737048741883,0.48827760057375635
97.55000000000001,0.16376720983757792,0.24054711702032258,0.07093917579728508,0.6018197098207339,0.4735815973929201
97.60000000000001,0.1629546785810613,0.24798502483827478,0.09146268072137724,0.6203527661897836,0.459449854117543
97.65,0.17610105486214445,0.25414041143476107,0.09559811540270882,0.6309388911048527,0.4040243070979188
97.7,0.18455454424132292,0.252387675249373,0.10626375043390682,0.6369809860617823,0.36140821843988524
97.75,0.17910389576931093,0.2588466834310952,0.10881934755132777,0.6307359011424728,0.342518094362541
97.80000000000001,0.18557477896436317,0.24992813889059023,0.11495314690384552,0.6253344052823289,0.348579472722084
97.85000000000001,0.18960681394051945,0.2544279381450285,0.12619635971209334,0.6182598029469322,0.32178989116088996
97.9,0.19317981624597486,0.27054937884121844,0.1397077026697112,0.6277400073529057,0.25052854416240916
97.95,0.1929820369777431,0.27265033537055555,0.15145424498640628,0.6227070399710409,0.2290500836367895
98.0,0.1939458443986133,0.2722950039061623,0.1581056110563692,0.6357646067341945,0.2008502789097402
98.05000000000001,0.19679485932476834,0.27922445234988325,0.16971235851155386,0.6457663873551773,0.19533421710464885
98.10000000000001,0.19165496461569512,0.2646143811015266,0.17651324143858518,0.6352762332773297,0.16565575115021255
98.15,0.18749798473539545,0.2685005071203466,0.18849118982548427,0.6308740689373965,0.16588034276140287
98.2,0.1840393589657352,0.25767657178611253,0.1921035874454806,0.6246471203492835,0.1644444805710482
98.25,0.17981353679959422,0.25499447967677696,0.20054380952954426,0.6222109532515858,0.15797587100256416
98.30000000000001,0.172410812628241,0.2410711377326266,0.20567463565958835,0.5967532266432076,0.16898710035240513
98.35000000000001,0.17625397723417924,0.23091647446816177,0.20945117618710463,0.5863360199400017,0.1388928020953724
98.4,0.1771599035430239,0.2324600382362755,0.22289477573997862,0.5783243423860216,0.12669666236499585
98.45,0.1719105105467929,0.23773491438484945,0.2210008593528396,0.5669105418488576,0.11908652828894811
98.5,0.1755949108114073,0.250269103433278,0.2232497464143515,0.5850026509126288,0.12574703187406092
98.55000000000001,0.17107701190303246,0.26481063783301095,0.2262455707967931,0.5874458498614756,0.14664197000595267
98.60000000000001,0.17863081390897428,0.2619414176322244,0.23778332611454023,0.5965005035974351,0.15778811058179648
98.65,0.16999450436659147,0.2784694403560564,0.23248515540666104,0.5897878769623801,0.1681132121356126
98.7,0.16615235846630677,0.2734397756178943,0.23994936193376132,0.5786085345468316,0.1766187002141227
98.75,0.1622959431147553,0.2738593713749587,0.2530520205335976,0.5791795270928528,0.1752460120540966
98.80000000000001,0.15015649456256921,0.2838114706380066,0.2698217395013806,0.5647874662796838,0.1777507742300313
98.85000000000001,0.1443910294759499,0.2928416672806146,0.2790276305843217,0.5673109339174188,0.17999542839560914
98.9,0.14779508228971094,0.3013095247288178,0.28434826644845845,0.5647165378842304,0.18131287461338969
98.95,0.15641944916337253,0.3025492006396461,0.2858657278241394,0.551198613345375,0.17941541819993534
99.0,0.1630006923444314,0.2934280043879979,0.3024975061470782,0.5510966966890736,0.18660434646845647
99.05000000000001,0.16710073005195403,0.2943283717082491,0.30462629960218407,0.5472815263081429,0.20210902941158249
99.10000000000001,0.17900242168373542,0.2961716943795339,0.30178759358448815,0.5387830566224154,0.21198299319448205
99.15,0.18019410192576754,0.2941870703765851,0.3000937157811116,0.5310549562846522,0.22471236140126707
99.2,0.1856020883369561,0.28890468276647463,0.30129859926910474,0.5241751009853534,0.22143275185822703
99.25,0.18962565391982175,0.28966363058902533,0.3023384504285368,0.5232692832029121,0.23417617508189706
99.30000000000001,0.1785264316007915,0.28401032021093625,0.30290534147674947,0.5137918733739488,0.2304316672605647
99.35000000000001,0.16361911407876248,0.28001201282933613,0.30614101099355856,0.49359336401435744,0.2364561911137
99.4,0.15523139920966508,0.281699888158087,0.3123070889767765,0.48887908937681823,0.24716755164283727
99.45,0.15377575050776796,0.27887995236692875,0.30960880601625407,0.4847888307062374,0.27645559326083397
99.5,0.14923887396339822,0.28152766627566056,0.3094007404727685,0.4919225515476314,0.29241286222585855
99.55000000000001,0.14825089157498403,0.27186149682215077,0.29524590399133555,0.48733378619304135,0.29692735127798
99.60000000000001,0.13924552715830932,0.27093171550333583,0.280948129468998,0.4855369856901408,0.32014896723926795
99.65,0.129061542019664,0.26621884752957664,0.26886721939005437,0.48247854713982324,0.3372811674950893
99.7,0.118356993331698,0.26575135849700643,0.2581854808442289,0.4764458771129237,0.3406385189539716
99.75,0.11231574049634528,0.25661065489872686,0.2565950354879488,0.4726740842449486,0.3381930257152108
99.80000000000001,0.10151733501223689,0.24907451705512207,0.23569890133528124,0.47455514024583995,0.33359389375005694
99.85000000000001,0.093688497472486,0.24189363410410547,0.23016675294516958,0.4585271962202683,0.3481181961698291
99.9,0.08232317249019813,0.2285471296631884,0.22020660989280666,0.4519197234606314,0.3542431320073227
99.95,0.07978591706419422,0.21592344200050917,0.5368769247175265,0.4504475533891341,0.3611551309298445
100.0,0.07244471359423274,0.21728965074211107,0.5095617534225967,0.4558390899662281,0.35933750166328465
100.05000000000001,0.0640204430843225,0.19630124233501078,0.47105234751952085,0.46204731164718144,0.3645026687427907
100.10000000000001,0.06097387402710723,0.19048770506768112,0.40799220634633465,0.45559088265592546,0.39538924717288
100.15,0.05136311182905265,0.179128084823121,0.3291243788088473,0.44307200430533683,0.4250834762814664
100.2,0.044383490154627975,0.17309665398770352,0.2339754455411228,0.4287154845874885,0.47333431010557964
100.25,0.035843465833282885,0.1598427823852097,0.19479893698721537,0.42688845607376247,0.5110392990436895
100.30000000000001,0.032380864968026404,0.15092444413808445,0.1771853075589572,0.418407625964049,0.5333900619264815
100.35000000000001,0.03247650212820247,0.14243228819390566,0.16637277524132393,0.4111103030622224,0.5548092834240095
100.4,0.032648324646955613,0.13688370533310512,0.1494145834731289,0.41748521805413,0.535934780730912
100.45,0.03582129897847873,0.14841486150998676,0.1282961913826455,0.41989535847111914,0.5352196477079181
100.5,0.03503404578132226,0.14993045891143436,0.13324260853749628,0.42049731590802053,0.5237288352677758
100.55000000000001,0.020224401209501548,0.14069477232574287,0.14599391220644914,0.414844241708289,0.5274045148553442
100.60000000000001,0.016795567810412963,0.13364626444590083,0.14983829838617804,0.40475930698167223,0.5500655231649179
100.65,0.01252658154722781,0.13708507256821922,0.1592183776091405,0.41125361322018256,0.5546093467150294
100.7,0.010945544619753337,0.12884027237612483,0.16647898730360455,0.4007210025194045,0.5436074695681928
100.75,0.015449932671573203,0.1195579125203882,0.1730238485819271,0.3912557405556398,0.5509099550929786
100.80000000000001,0.01568971602060557,0.1171242964104602,0.18455661702114884,0.3786052112309421,0.5506729174018706
100.85000000000001,0.01831013338454399,0.1160564620577681,0.19595303616118,0.371985087369185,0.5482843711986678
100.9,0.029283950713433052,0.11025577647140573,0.1933952145458654,0.3803522320319201,0.5595903623833196
100.95,0.03772372497217389,0.09950391385313027,0.48450441386756665,0.3740815699142632,0.5733481578073643
101.0,0.05060441028841358,0.09663443624805691,0.48883502402747936,0.36998587315001574,0.5810392055090523
101.05000000000001,0.06391204681187314,0.10180317912090789,0.49334604212386535,0.36117654064856086,0.5821121065897498
101.10000000000001,0.07405819666625586,0.10171880884302933,0.5033415936116625,0.3692273431272307,0.5863081335033179
101.15,0.08504515554032217,0.10392589928116522,0.5141847567099912,0.3678964745686679,0.5912855011797724
101.2,0.09197173261161225,0.09791587494648372,0.5204272656773343,0.3724739431992042,0.5979096597306276
101.25,0.09167142352552454,0.10063292035742279,0.5256056477087393,0.37105493997515665,0.6039504465371907
101.30000000000001,0.09090090095632085,0.1022573948523118,0.5337422479199111,0.37488583306416945,0.6031845161751402
101.35000000000001,0.09904620469317969,0.1009994282156907,0.5444309119115782,0.361707347366178,0.6104098115423253
101.4,0.11108313103899883,0.09912213012959924,0.5436490115230745,0.3572758628424977,0.6173858436235371
101.45,0.11763871562536102,0.0906702675818883,0.5444888598947779,0.36457633542346607,0.6318981385540806
101.5,0.13091839852432807,0.08080407423646982,0.5622831134448335,0.34816588398641196,0.6429490225838627
101.55000000000001,0.14011866380314716,0.06551616365089101,0.5704304885874222,0.35171768456451213,0.6612155854388708
101.60000000000001,0.1496836793918036,0.06910871841300581,0.5829247478710646,0.3497221178196008,0.666403749847064
101.65,0.1548818747738836,0.06896825589142855,0.5891129314725821,0.35357359854335746,0.6663092865893632
101.7,0.1599305702819643,0.07501736375342334,0.5893124511470254,0.3600355935941337,0.6550979965417992
101.75,0.16725463885476796,0.06950731969133855,0.5997014685796467,0.37303046040488574,0.6617447752834856
101.80000000000001,0.17433156776215777,0.0706683040319704,0.6017049189882099,0.3877918731437201,0.6492482085758591
101.85000000000001,0.17101350495608567,0.08266301812336235,0.6017346119384311,0.4047627683111062,0.664768614075969
101.9,0.17386763382088408,0.08716151666846363,0.6081360310159525,0.41545909233851075,0.6723499145574143
101.95,0.17400423586000432,0.1021663741529574,0.6180516819217318,0.40877054617876635,0.6853671368284482
102.0,0.18206939336228073,0.10705924953557264,0.6193610760109993,0.4037068251871583,0.6864383086057436
102.05000000000001,0.18065572350758052,0.10315770172151013,0.6248499026836581,0.41687414280672797,0.7134555677917096
102.10000000000001,0.18588288505784517,0.1111198001546656,0.6382456940124529,0.40662174329877554,0.7269318558198355
102.15,0.1845465506179942,0.11579141253124477,0.648971807135596,0.41193237198876687,0.7332218115103937
102.2,0.18717914914232375,0.12310228982490011,0.6470340904036286,0.42180679094059004,0.7333589409688113
102.25,0.18782396695143605,0.12758067381114468,0.6553539683201066,0.4361629402318288,0.7356686972450527
102.30000000000001,0.19047018179215172,0.12053703548317743,0.6646434545651214,0.44071361001713444,0.7373816823790492
102.35000000000001,0.1901621489421916,0.11338747768847617,0.6625649141809359,0.4475680218623485,0.7346332146551372
102.4,0.18771655985595145,0.10819678914911632,0.6566027274132901,0.45126318536187215,0.7246054027062789
102.45,0.19545929217468314,0.11037995643100605,0.6569882645467371,0.4504430372744064,0.7169424171775429
102.5,0.196980131024788,0.12336299668269861,0.6530356962173083,0.4549548504944294,0.7339664944219279
102.55000000000001,0.20228705620341111,0.12008535627798143,0.648633893128824,0.4587213560865047,0.7362779890295456
102.60000000000001,0.20440129062011383,0.12076977454099512,0.6592462022480214,0.45554051312161664,0.7486569207098243
102.65,0.20858197329577383,0.12224816873074823,0.654931099993423,0.46146815930135215,0.7456209948580284
102.7,0.21860380035941437,0.1177434584845855,0.6591185395884338,0.4626614182370696,0.7442111934263561
102.75,0.23124933276810458,0.1230403323519504,0.6605783057870535,0.4692600791900268,0.7373981877378265
102.80000000000001,0.23264430910516606,0.12799984719879162,0.6531633433525657,0.47345858776898214,0.7348180346632205
102.85000000000001,0.2321883795009542,0.12725291015647672,0.6448369936953611,0.47390948450190273,0.7295523634151251
102.9,0.24061853719521759,0.12786737690456118,0.6429438833676648,0.47156194233653753,0.7253737332483522
102.95,0.24425900838450082,0.1309992451768699,0.6397739177659106,0.4757131847328756,0.724358458271458
103.0,0.24908414593155168,0.1263566211814295,0.6379823881852056,0.4772836516594857,0.7328138288600766
103.05000000000001,0.2538063392442531,0.12304592177904147,0.6245572086668798,0.4784672946260062,0.7314135482073229
103.10000000000001,0.2572785024409483,0.12165278111808768,0.6067714678739957,0.4863001494232327,0.7356246863152953
103.15,0.2624380128392205,0.11598507829211856,0.6015498312760057,0.48419147853320954,0.7314044767856173
103.2,0.25904390014057693,0.12012438800359278,0.597007174303017,0.4812375485263706,0.7258447496076122
103.25,0.25983499595556253,0.1232227542749444,0.583290265020726,0.47384294648468683,0.7299701284803761
103.30000000000001,0.2652256376236502,0.12499337719879114,0.5764472732823881,0.4893218857415602,0.732396280079351
103.35000000000001,0.2729467529458296,0.12588721094640284,0.5553081758424632,0.4889005071320493,0.7276763307227578
103.4,0.27343376363235844,0.13769777787993637,0.5433644939035488,0.48257850312970596,0.70681673455043
103.45,0.260310970971569,0.12432169196296497,0.5268360262123146,0.4906955362443603,0.6906658203893515
103.5,0.26591315943479604,0.1225730490697901,0.5054877773102125,0.49868088504494457,0.6815570948719156
103.55000000000001,0.26338375673112335,0.11907234358518765,0.48153816874356464,0.4974332651841802,0.6592600464071202
103.60000000000001,0.26608764150393033,0.11313746797192868,0.4744230164122908,0.4943931694365019,0.6425282729893759
103.65,0.25875728384673335,0.12449621048819162,0.46550547409276904,0.4930632858414943,0.6344121813059628
103.7,0.25016592236899704,0.12401911055911173,0.46959853276303193,0.5062699682061065,0.6328706327827474
103.75,0.2484223339738673,0.13144434512972755,0.46501460998943484,0.5101699220707455,0.6377103722386008
103.80000000000001,0.23998935462211776,0.13386827998849452,0.45733890577241915,0.5102474983952222,0.6345973681859938
103.85000000000001,0.24715873289441206,0.14837537527189318,0.4582435018514381,0.501514001586179,0.6389696195680068
103.9,0.2561059046646718,0.14264660812469426,0.4432372903799207,0.5007767838130962,0.6415880128180211
103.95,0.2554583960858876,0.15594966035318555,0.4342458617622619,0.5059569130661203,0.6381573599600109
104.0,0.2519594244767376,0.14973212741846573,0.42869847369330416,0.5033999013360225,0.6364528058667401
104.05000000000001,0.2545843351635036,0.15613409591467128,0.42502013203913747,0.48894378810798145,0.6535782409351403
104.10000000000001,0.24688665545567318,0.15883957949892888,0.43416993278161814,0.48409003249402655,0.6576352862297176
104.15,0.23400077127523247,0.16546875624938642,0.44217215286610995,0.4781565475529162,0.6586562489425606
104.2,0.2131834047110469,0.16295833469031784,0.4470023563397152,0.4637464538315585,0.6918755808137872
104.25,0.20811082493929844,0.1668309073287734,0.4325039400261375,0.4749845368347639,0.7083058052861323
104.30000000000001,0.21151276763433088,0.16779455606235263,0.4213811269890074,0.47990395349477244,0.7072446292908263
104.35000000000001,0.19894587553617513,0.18337549403687334,0.412143762968915,0.47719554797686653,0.703814267636121
104.4,0.18727015536985603,0.17711487236372048,0.4093255790160382,0.4804423580085507,0.7054247276803195
104.45,0.1921190738829819,0.18758684601582398,0.4135448145388087,0.48507467693911305,0.7204317142836851
104.5,0.19061698005094208,0.19279161030950373,0.4150598497589765,0.4874579181530318,0.7432688960636444
104.55000000000001,0.18730108916336385,0.19683905891123663,0.41277893084319484,0.4683379669376825,0.756019075670137
104.60000000000001,0.18797963104948914,0.20102796210997928,0.4037236919739099,0.4639531932374219,0.7848187313564381
104.65,0.1916665391021635,0.19154259050182337,0.3950737986530007,0.4709435296778914,0.809887903586764
104.7,0.1772228372511261,0.20501886522207127,0.3849367475565746,0.46013318689348087,0.815037040775603
104.75,0.17765412595405997,0.1976151467524909,0.3755880876423431,0.46430544800201523,0.8156855886943023
104.80000000000001,0.18021468121162829,0.20908263058749643,0.37571910593346397,0.47471196650183284,0.8027808997358622
104.85000000000001,0.16763878315560435,0.21572864366699085,0.3683961399798124,0.470876590501597,0.7921287594561442
104.9,0.16064034756061724,0.22027687907338483,0.3615543178502424,0.4743261583535287,0.7787339420275071
104.95,0.1546349029990498,0.21927951507638174,0.355223877743566,0.476467833748538,0.7649006047267335
105.0,0.1479091965641354,0.22866334538231087,0.34182682248819524,0.4777371422023823,0.761193357323256
105.05000000000001,0.1475118952428205,0.22842022262787492,0.3282214983491868,0.4860005493564822,0.7508782436919369
105.10000000000001,0.13927993960895763,0.24127989253185578,0.32673874163687,0.48432847715231725,0.733658495205629
105.15,0.12828793977751543,0.24568837948598835,0.3284927940996219,0.4889171972463552,0.7212933575025796
105.2,0.11958646214099145,0.25245573039141656,0.3321635229963094,0.5007920731909777,0.7051261431711064
105.25,0.12401455497242664,0.25755236415008986,0.31542277954684844,0.5248013764534541,0.6996571871469579
105.30000000000001,0.11993052981959829,0.25271111281053404,0.3157529504493959,0.5275098671527914,0.6863238861715715
105.35000000000001,0.10816715292083236,0.2658125529349957,0.3109219189733249,0.5285699050273764,0.6857754312430655
105.4,0.09431982594630334,0.2711789730371888,0.3184682806260782,0.5429200189526818,0.686401148760476
105.45,0.10260679708860178,0.28399452924643415,0.32766167563621124,0.5512138194631749,0.6788700084360144
105.5,0.1017612723681768,0.2866331270283514,0.3247731034618086,0.5606225657103493,0.673929514127176
105.55000000000001,0.09181204605645346,0.287329622480861,0.3161555068725637,0.561923962449268,0.6776178794545266
105.60000000000001,0.09548154376001561,0.28896939373041614,0.3104044650913102,0.5703160714415795,0.6723752272790118
105.65,0.09329076824931998,0.2926755135910158,0.3178598999923732,0.5689475525291898,0.65313186252276
105.7,0.08481541948442153,0.299744376980852,0.3111991358507665,0.5709786125186583,0.6581632515773136
105.75,0.08631685843115038,0.3042408607619043,0.3074989748933075,0.5649696834916295,0.6555670388366022
105.80000000000001,0.07451720263742298,0.3120239631399115,0.30143030232368734,0.5577530301129275,0.6665774036380455
105.85000000000001,0.07389102502214422,0.32759624765155815,0.3041437110233547,0.5633891152262278,0.6617533844884578
105.9,0.07186885351425931,0.33004874612975843,0.3055923921838073,0.5700733939180525,0.6479139985646027
105.95,0.06272707150663501,0.3327358221140287,0.30389154519870404,0.551668762383151,0.6528550830551154
106.0,0.06733036604032487,0.32657549618174553,0.31019912482893536,0.5632504272420822,0.6473004378564108
106.05000000000001,0.0638761278363703,0.33139470824682093,0.3161722400011014,0.5663928141623134,0.6424456261670051
106.10000000000001,0.060122375410079934,0.3299954359729559,0.32012794246379433,0.5594231534976783,0.6352913010808058
106.15,0.057811515739991416,0.32969427867355644,0.3248393752319056,0.5696828048670077,0.625452170561407
106.2,0.0566345659464863,0.33193671796877744,0.3265425065980235,0.5584647741530151,0.6154507097277979
106.25,0.05286464211675616,0.33829713469433975,0.33916620646496604,0.5502833095034039,0.5837354357205441
106.30000000000001,0.05300074502704769,0.32668859061941724,0.34046741811096554,0.5514220361266201,0.5621458912399019
106.35000000000001,0.053144760847104025,0.3258445562143697,0.34227476403731144,0.5524063436038964,0.5435573501338669
106.4,0.050834042420110616,0.3375539046225995,0.35048627496038864,0.548444200780089,0.5311505455301586
106.45,0.05249238590050643,0.3299882986097734,0.3579693395233933,0.5568514108423911,0.4911208876378203
106.5,0.0461795251659619,0.34482696572233457,0.3545582277229897,0.5557561446491819,0.49643266381680584
106.55000000000001,0.04933622463597563,0.3650645462162986,0.36412558899908,0.5611430129527079,0.45167063490247294
106.60000000000001,0.05750041751041113,0.36801930696392227,0.36736444159107107,0.5637014399289149,0.4073589013145584
106.65,0.057913711906338886,0.37669540274874386,0.37175057248845605,0.5577244456386379,0.37435087984355037
106.7,0.06212946544812678,0.36522629895125563,0.37909922931934514,0.5554314196465479,0.35260570699642524
106.75,0.0726870730693234,0.36659043711176087,0.3819183457500785,0.5458953665768669,0.3230945024898996
106.80000000000001,0.07922646908689128,0.359538046370979,0.3886924803618712,0.5349701785158725,0.3075376441755436
106.85000000000001,0.07688040392827514,0.35941512158016004,0.4011010031678129,0.5240739260467264,0.2957216712791708
106.9,0.08425145555252375,0.3786444151432846,0.4094233714434064,0.51652725712267,0.25167628317046664
106.95,0.08184710464693118,0.3791408001467814,0.41349015372638914,0.5190652331221705,0.241304669009561
107.0,0.08635039517685245,0.38879311347755585,0.41732788383706815,0.5135525606402285,0.23208724988517396
107.05000000000001,0.09681833989092851,0.3898474276078262,0.4276149911854562,0.5083490874726241,0.2187951443665763
107.10000000000001,0.0944357257849675,0.3815539299703528,0.4345786042069317,0.5122495641047659,0.20417804495439182
107.15,0.09231996855858098,0.37345425288419676,0.43693155029145175,0.5131868801952582,0.22375492006239275
107.2,0.09264776908348495,0.3698446463929838,0.43945405216033573,0.5098892116633784,0.2523637294298162
107.25,0.10176403994028838,0.35381732948874706,0.44131422073362286,0.5017497103664275,0.23495913896771015
107.30000000000001,0.11463873947001535,0.3515838499415049,0.45465819912704647,0.4910092964362556,0.22902508010239284
107.35000000000001,0.11832360110682391,0.34073717978262846,0.4639914231283372,0.4780430560402167,0.19911484494508816
107.4,0.12253432038593595,0.3430193237497286,0.46969441595539324,0.4761040034744368,0.16584293601421507
107.45,0.1225838829901851,0.335689601166768,0.4780728560133619,0.4772201484661184,0.13125035969960908
107.5,0.12266524068143665,0.330220732992889,0.4892962757539881,0.4760457955702528,0.13337113139752318
107.55000000000001,0.12682387389475977,0.31989364563783085,0.49100209470155803,0.48587214355571906,0.1485754767296678
107.60000000000001,0.13486078746299598,0.32211471096311156,0.5008587860955596,0.47744192288931037,0.17489223161699305
107.65,0.14109170485316436,0.31721216227622,0.5071594818562107,0.49471303209149464,0.19692182235441377
107.7,0.14636092664379108,0.3161626281131922,0.5115175127505702,0.4889689230905026,0.2259058596596909
107.75,0.15359182011115963,0.31010996569348154,0.5235502709523614,0.4920195704518352,0.28281270202797504
107.80000000000001,0.15007204216782316,0.3100028844953251,0.5269826336592645,0.4745458704912688,0.39001658360598995
107.85000000000001,0.15233813194160395,0.31229297076313045,0.5219430077732361,0.469160076032648,0.3429110743729754
107.9,0.15527603305474236,0.30263017783221513,0.52108257392973,0.48518791196071853,0.3406251689646132
107.95,0.1568451947812095,0.3014881219862599,0.5176725675177657,0.4919889525359647,0.3198659995587411
108.0,0.15636017850276548,0.30360124711176706,0.5213448107834134,0.48155307585722157,0.2939962041526002
108.05000000000001,0.1613750405290873,0.29897657666098204,0.5144094135778019,0.4900704502438753,0.2983806458600229
108.10000000000001,0.16656553374701422,0.2948419516884276,0.5059843094370701,0.47689837168002364,0.30813417035948454
108.15,0.1692112961826409,0.29653461618185223,0.5102272340694153,0.4719801550992828,0.3585910842671556
108.2,0.16315864930181936,0.29652951154776397,0.5092761095032718,0.4786796874591172,0.3854640515497255
108.25,0.16498185688197728,0.29436406300510537,0.5071344156356614,0.4896953949280915,0.39370138935898585
108.30000000000001,0.16229201989688719,0.2953055763387824,0.5009226404303538,0.4969860719035513,0.4455986642352803
108.35000000000001,0.18337373363447723,0.28900868833020465,0.4884083213322155,0.4830404844798736,0.5008589031056809
108.4,0.18528015497433564,0.2789759230354237,0.46996045654505353,0.4728345593654608,0.46846100762966486
108.45,0.195923935334556,0.27031702363386073,0.4559805553125098,0.4688339276589247,0.46685663214850287
108.5,0.21485693070045045,0.26525304550446616,0.439200427395182,0.4613830597002748,0.4475075011397317
108.55000000000001,0.2128013766440297,0.2584875733162008,0.4216915352624579,0.4450170705827145,0.44291873795375564
108.60000000000001,0.2099138318711461,0.24317515494016342,0.4046559210872604,0.44492953316147127,0.43748484197890225
108.65,0.21061377855716631,0.23631895885620824,0.36896372087432044,0.4338322331858787,0.4410286548261074
108.7,0.21478521226856803,0.22207192898734013,0.3439265451937743,0.4293146203930028,0.455907929709724
108.75,0.22239927014612665,0.21039306011010792,0.3186478757189507,0.41966713955395774,0.45731897734761506
108.80000000000001,0.22320957523869583,0.18863759933818133,0.28723980220557294,0.39915888696912083,0.46738142897179347
108.85000000000001,0.22212737967543375,0.16921443910995446,0.2760749979648858,0.38230782879478037,0.47703956165245825
108.9,0.23277249836313937,0.14175965229627974,0.2657141162152306,0.3709211319702899,0.4904897619804832
108.95,0.2180104282320092,0.1329732814369939,0.2640069818320565,0.344558222008435,0.4888892489391164
109.0,0.21373736205568378,0.1158359245826761,0.24998398877287978,0.3423111926252495,0.49907599376232353
109.05000000000001,0.1980587380998705,0.10711321145702733,0.23620443571409264,0.3309893342410696,0.4917834646489827
109.10000000000001,0.21232610858373194,0.09764224551434131,0.23612294734354447,0.304860870001547,0.4986089517254475
109.15,0.2127653309378628,0.08911402287786528,0.23035550559817045,0.30877850352395936,0.49601220062325885
109.2,0.22901509597851313,0.09569904109108868,0.21635128661559258,0.29932962950475656,0.4935478631276091
109.25,0.23052290321332428,0.08634926272035676,0.19653825231772837,0.3103324033882256,0.5094180540090536
109.30000000000001,0.21682457890118606,0.08224264834640557,0.1757729167275813,0.30931620648637786,0.5277813646031454
109.35000000000001,0.21421233155902675,0.0715223592867176,0.1640343924371742,0.2999655339079518,0.5466426026758241
109.4,0.19773169773919566,0.06256206799591721,0.1397150809775015,0.30256057949884624,0.5477467036928301
109.45,0.19875705123541076,0.05327749457961172,0.11893764105442321,0.3047702646558721,0.5547966286766831
109.5,0.18910919675164692,0.04181193696368656,0.09552776986964573,0.30548474881749643,0.5580054250362786
109.55000000000001,0.17256453392818247,0.036414842020361125,0.08239588735924147,0.30215254579788836,0.5719589005425256
109.60000000000001,0.17083039117100368,0.03878662805672365,0.06817653097357718,0.30001011116640824,0.5712198987649834
109.65,0.16731550449806845,0.027694045959191185,0.06625341731990081,0.3043294424787749,0.5698629987750294
109.7,0.16129421004708816,0.029762472480799704,0.05482443280112002,0.30539569400615457,0.5780616589770665
109.75,0.14028191065510873,0.029350823806436065,0.03805684724319027,0.305975848603326,0.5898552927860701
109.80000000000001,0.1397238203989595,0.0344856272786199,0.031877097299042034,0.3021677480809946,0.6063442664559935
109.85000000000001,0.13028968599115934,0.034247410637040857,0.024832090983289305,0.30973592200528155,0.6134929868963062
109.9,0.12596175208973398,0.044805382200007765,0.009064171710114042,0.3098821141215041,0.6252113834527246
109.95,0.11973288698681546,0.05221192445533907,0.0002510097890314892,0.318454995339392,0.6201329811034825
110.0,0.11158041495597334,0.08111509164900373,0.005629618997774177,0.3427181481672143,0.6263823145036425
110.05000000000001,0.10031732206805782,0.08711559791108275,0.009495062877685173,0.35288214983525407,0.6445524871278091
110.10000000000001,0.10031453710104445,0.09789945494034628,0.010598775703119675,0.35404366424582545,0.6397817468174702
110.15,0.10028952594496587,0.10588439755579658,0.01877076619156268,0.35885446967559115,0.6402248037150707
110.2,0.09940516208382973,0.11872143363849516,0.029301047349203812,0.3593599649654877,0.6282797370007577
110.25,0.0993611758187862,0.1295285109444132,0.026353604766484073,0.3552619122618991,0.6310538370744027
110.30000000000001,0.1102296536584363,0.12425336503959075,0.02872899051233923,0.36291059305828965,0.6420161048433771
110.35000000000001,0.11889102872644411,0.12639743164709225,0.03253479837842752,0.35983809770979325,0.6494586583492529
110.4,0.11413301323875141,0.1209740304928177,0.0511711664433458,0.3553972936092255,0.6578971042852743
110.45,0.12597926306196097,0.10775680792234414,0.05229870318694939,0.35617810706577124,0.6547471280448618
110.5,0.12532134241023868,0.10139998015995677,0.05983267695679968,0.3370460425364515,0.6658353339978197
110.55000000000001,0.13571738565841338,0.1010427552093029,0.065148967724472,0.3421004009003426,0.6773511782857619
110.60000000000001,0.1425738357524863,0.07692597009426978,0.07948914126378781,0.3259524238708381,0.6443374572513589
110.65,0.1399971862738558,0.0698783275287813,0.08842682309414392,0.3094000426109964,0.6374033664024487
110.7,0.14560665333322864,0.05537843446661488,0.09539831763997125,0.31501445474193757,0.6368660148226224
110.75,0.1379643357331171,0.03921965156089769,0.10324656173579702,0.2984991827626584,0.6498147477023521
110.80000000000001,0.13806709798168235,0.03948861878725269,0.10939742659401662,0.2748187781556257,0.6366593841109748
110.85000000000001,0.1330063008676029,0.032667773682926914,0.1149286431491113,0.2609017433745935,0.6270977700986878
110.9,0.12261610521334423,0.019173482098424947,0.1262045803866942,0.2458837153812055,0.6311157384496642
110.95,0.1143836955278717,0.007047123480560185,0.13495304075139714,0.23385319132216648,0.6134085807444739
111.0,0.11367602555203436,0.006465166804105103,0.13640248390990692,0.2243333455529627,0.6012817240334454
111.05000000000001,0.10554837964693566,0.00785875049654435,0.14348785705955566,0.23151587094463583,0.592466298994735
111.10000000000001,0.09924340797629817,0.01893343811147745,0.14530609731911515,0.2233072209210661,0.6026992475068301
111.15,0.07992381874389552,0.018395351223928443,0.15690806828647016,0.21406764888338964,0.6103933438548561
111.2,0.08355895696164378,0.03921313237336463,0.16419824392135135,0.2150327885584326,0.61324215255376
111.25,0.08763399002768803,0.0649599086626216,0.1747614242353885,0.20298831829974526,0.607115729623577
111.30000000000001,0.09233737189650047,0.06989243334153677,0.18547939126385135,0.1900001387822217,0.6149356275026364
111.35000000000001,0.09141141169474534,0.07615259786872274,0.18879836287211607,0.17007133558741927,0.6043716703050271
111.4,0.09599861166058873,0.07918961941013346,0.19356935687518867,0.16092898254361543,0.6064397212795762
111.45,0.09887097620076374,0.09588179957062505,0.19738578778521323,0.15450685329230443,0.5892442915591665
111.5,0.10264778546205337,0.11574823576025185,0.1982154432853202,0.15770566765647398,0.565591126612543
111.55000000000001,0.09973206583909469,0.1157891665738121,0.1971952415403623,0.1591531544234901,0.5536751756467012
111.60000000000001,0.09858692391407495,0.11227027734414026,0.2007198715424971,0.16218528928397444,0.523855158808477
111.65,0.09125120091606316,0.11794504420312778,0.2051972136619663,0.16044239199086813,0.5214417777898904
111.7,0.09025182142307102,0.11747971789987746,0.2056724332181587,0.15052147740131933,0.5276546186542259
111.75,0.08420903135156825,0.11747104343220598,0.20044868144970465,0.14762659542614887,0.5429423102583971
111.80000000000001,0.0906620807409326,0.11253291845064613,0.2010117945779784,0.14279415842812512,0.5506814274811979
111.85000000000001,0.08521750562521946,0.11508467748092518,0.20694254153851246,0.14891744903396403,0.5604752399144773
111.9,0.08710577814384149,0.11016464627002061,0.2161535101399447,0.1468981243515408,0.5679964787244197
111.95,0.08107305373897761,0.11116720283374561,0.21464926723990757,0.1656209629776274,0.5638901167240971
112.0,0.09040442625731764,0.11655283439479346,0.21391779281446477,0.16378710304759767,0.5759576173958356
112.05000000000001,0.09352590035771201,0.12552587019753583,0.21057784779187694,0.16872701539426702,0.575738103457692
112.10000000000001,0.10376706830353666,0.1293848174580376,0.22475010560305658,0.1646802740615903,0.551278119038015
112.15,0.11934843814315275,0.13820926612758844,0.2348315882119772,0.16906056970857214,0.5546446083426956
112.2,0.12927470214068795,0.13428848151166592,0.24550814090773287,0.16990665070983435,0.5629675125448351
112.25,0.13093055859560754,0.1379665607592837,0.24972287815078734,0.18570184985813534,0.5641771654872688
112.30000000000001,0.13532043283547146,0.1371741679330639,0.2628636630960244,0.1797753163756263,0.5584015923594647
112.35000000000001,0.14280704742368647,0.1427078757823908,0.27345263113417617,0.180963455735534,0.5637012473137506
112.4,0.14088292088871557,0.14881083011084434,0.27004039553069437,0.18898054136909098,0.560337111139138
112.45,0.13964794250946058,0.16149845764695256,0.2696285491862772,0.1945417779653236,0.5650443433162617
112.5,0.1378634276295754,0.1511128693997962,0.27044319339003625,0.18973032160409123,0.5683472412438179
112.55000000000001,0.14628848452331025,0.15368439012674107,0.2778661098347373,0.19103254936084807,0.5691194976028792
112.60000000000001,0.1473174565443677,0.17183262241835143,0.288229768564912,0.18538291892541142,0.5593759488299772
112.65,0.15236787602718904,0.18449693688509042,0.29606185605128116,0.18885564732492366,0.5655391068707514
112.7,0.15646806158822837,0.18464224895837225,0.2972510934313118,0.19054709687465063,0.5738533388534577
112.75,0.15141345408959622,0.18675458703325606,0.2961794534624582,0.1904061447990183,0.5733275158322714
112.80000000000001,0.1501869583627696,0.18164635485631356,0.28411285406831815,0.19102877773875904,0.5773055707909933
112.85000000000001,0.14840773852575886,0.17840562096196444,0.29312422563549734,0.19809115692441076,0.5709442015010091
112.9,0.14340428938917546,0.17897138482609393,0.2847034442341581,0.2008372988646928,0.5654045956697451
112.95,0.14226291123643908,0.17985639737375933,0.27643009007390246,0.18915895287786336,0.5691245246241143
113.0,0.14108959751285408,0.18333613580878025,0.2676472841775968,0.18091727495042736,0.5697489081703806
113.05000000000001,0.13640309700127784,0.17613651440010367,0.2696309319382888,0.17902610439260835,0.5744738557654574
113.10000000000001,0.13739577480667367,0.17813909694437344,0.26949548234503856,0.16716502118595788,0.5717352226401048
113.15,0.14434763138614587,0.1802131729306209,0.25765049651362254,0.1752443331294497,0.5728527721574893
113.2,0.15325975300938008,0.18427746159757696,0.25067979508865784,0.17543697102313316,0.5691007623286157
113.25,0.15206733062294445,0.18361309354194058,0.24775478522392455,0.1817651083595242,0.565289371867369
113.30000000000001,0.14150885343852138,0.18096234190890415,0.24188940169017017,0.16728765477554922,0.5714997014212608
113.35000000000001,0.13393399730833697,0.18580101328088608,0.24030725072915626,0.16732649150257506,0.5654258485198876
113.4,0.1336964929458964,0.1912129915492965,0.24563104587105347,0.16743999086263955,0.5615170266354437
113.45,0.12834775117038968,0.19441556295506596,0.24938951714957405,0.15736601520439206,0.568785144224657
113.5,0.12439567216423429,0.1982174356005046,0.2469733411693978,0.16204087877551995,0.5731286452090569
113.55000000000001,0.11856344506754969,0.2000668698250861,0.23888536551092476,0.1693910485652667,0.5649672042023263
113.60000000000001,0.10882558218837872,0.20728300643946357,0.22618829269706434,0.15802562311629956,0.5730996992777957
113.65,0.09802938969025592,0.2025775517611955,0.22577246772126436,0.16872051155557652,0.5578459313601454
113.7,0.08733454273614952,0.1910789992526259,0.21265724528405203,0.16854231004309214,0.5551100779149631
113.75,0.0815107096902552,0.1980911210969903,0.20102258338120554,0.17084163455106227,0.5535853518677234
113.80000000000001,0.08092947108726745,0.19485249678939776,0.1826977216053028,0.16116421929912098,0.5422743685683553
113.85000000000001,0.08383942633677528,0.1905623106659446,0.17725752655480895,0.15925957150753678,0.540239554904649
113.9,0.07904461260635387,0.18800384919277996,0.17651530902885623,0.1605651674239611,0.5318204971016435
113.95,0.0751170481372005,0.17985332281903751,0.1746988820945511,0.1555517234730497,0.5167155978425159
114.0,0.07857100332408193,0.18379270810505574,0.1696683461001286,0.17777431392118292,0.5129289468168258
114.05000000000001,0.08498230667703606,0.18474609405357575,0.17447560872142362,0.17725401916784034,0.4992690439351854
114.10000000000001,0.09002728066672884,0.16522855868290648,0.17153955584673491,0.1782186515261393,0.5017011693799694
114.15,0.09372123824948905,0.1549211220522847,0.1587423041299417,0.18788140725494915,0.5085217551511567
114.2,0.09323652896118435,0.14483612288675207,0.14595849143909143,0.1847784234718077,0.5089165122147368
114.25,0.09547166975091874,0.1436179423657825,0.1511556912532778,0.19303145745983152,0.49909284945286797
114.30000000000001,0.09883571650313822,0.13393480125385396,0.1435623317000325,0.20202353317220148,0.5058039723435629
114.35000000000001,0.09824299369574964,0.1433933351442628,0.14058453430523252,0.20763437547305294,0.5058829834960169
114.4,0.10262715764728532,0.15045187182421385,0.1192434169304317,0.20717711072995032,0.5083630390645976
114.45,0.098840541745749,0.15913931210861393,0.10784841479880647,0.20250069925047867,0.49651399167649
114.5,0.09589179810953008,0.1613227392309013,0.0934040744256169,0.1954729081069564,0.4911643664942355
114.55000000000001,0.10152608101238593,0.1702157655198848,0.08810482360171816,0.1844895927098936,0.4731018501605341
114.60000000000001,0.10928929119096019,0.18176491271582396,0.08174386881344091,0.1824030906077285,0.4659262914634055
114.65,0.10095569240596292,0.18041009187011592,0.07006636303806535,0.18727431483003396,0.4610966970452349
114.7,0.08428852485402172,0.18253116000090433,0.06387830475521115,0.18512435186999596,0.45095771941688867
114.75,0.07262038959208424,0.1803531737739106,0.05945424352077438,0.1815444611499427,0.44636307002655773
114.80000000000001,0.05871942547361021,0.17259636799213662,0.05168176633483096,0.18546620720021503,0.4477407029914686
114.85000000000001,0.050811890170145986,0.16787839150959624,0.05251593880961568,0.18623426808049762,0.4497074217848066
114.9,0.0308655205265252,0.16091507064937974,0.05761351591784927,0.18257389701577081,0.4545263359177735
114.95,0.02927405776929564,0.1734999429751195,0.056313760728623374,0.18743297637358258,0.43773851622422527
115.0,0.029388091175770473,0.16635491924733442,0.05234712890973814,0.16915628041539418,0.4262721922456662
115.05000000000001,0.04035912491447458,0.16189855279554374,0.03639788586495448,0.17262568263731332,0.4075350164786881
115.10000000000001,0.042587948133261375,0.15335852881836107,0.03236078147604215,0.17243637404475146,0.41554507979566413
115.15,0.042546894266839094,0.14570750353896855,0.02065450044509248,0.16926767830531772,0.422283987974552
115.2,0.04517628504273052,0.13584813987931205,0.010549618136470235,0.17576288506938534,0.4327719118703535
115.25,0.044311758642342276,0.12633453421664556,0.017860150106633464,0.18178293184090824,0.44511744311190643
115.30000000000001,0.04367447713197094,0.11933587134163436,0.02487293357885311,0.18708234300612767,0.454405962563862
115.35000000000001,0.03964325065177495,0.11483282167976536,0.015507254020381228,0.19800429542878337,0.4634987904643344
115.4,0.04484448361502322,0.10321668412071476,0.018399966599074467,0.21078624592686795,0.47214416331106235
115.45,0.04713004959772006,0.09598133532139297,0.024039868374873964,0.2115700805779578,0.47095724372538
115.5,0.052586078773526126,0.09426838024609836,0.033233190703250204,0.2076642563802358,0.4554330362065638
115.55000000000001,0.05759363072532561,0.08565922387996557,0.037223475535095654,0.20453205062701948,0.4473403110742571
115.60000000000001,0.05971487632933102,0.07928090819356905,0.053917519950209485,0.2206524558383401,0.4547763907259729
115.65,0.06007239321535982,0.08180890112904557,0.06559902914109905,0.2166323361372591,0.44608763567010457
115.7,0.06839640617822436,0.07857932611153082,0.07192799067033999,0.21715024648641937,0.43724290710787855
115.75,0.07325497988772045,0.07938965791634675,0.06999879763986425,0.21326714658783807,0.44586807103668674
115.80000000000001,0.0816521562213553,0.07054784973381673,0.08353366087267002,0.2213984635071811,0.46055197608315396
115.85000000000001,0.0922000414451974,0.06914576146900503,0.08790235239188755,0.22902468709296758,0.47958033295411895
115.9,0.0966847826376991,0.07439215977043467,0.1004909056940555,0.2271840724581809,0.4822853683340402
115.95,0.10711115279687948,0.06977138855380126,0.10194748045624268,0.20544133509538656,0.47647435274021277
116.0,0.11004285264189181,0.06034365383844166,0.10749155927335838,0.19791993998375218,0.47438608905927404
116.05000000000001,0.11542572197494011,0.057297931378666414,0.1184360268948403,0.19091613272691155,0.461966416904117
116.10000000000001,0.12112028684752311,0.06615159743969186,0.13259370095907477,0.19046366159791195,0.4439293503465625
116.15,0.12550837021628775,0.06554413279654758,0.1424360423522659,0.19032604530569885,0.4396485800590044
116.2,0.1252827112094492,0.06400299669066649,0.14495132812867725,0.18266135062918137,0.4240510626855172
116.25,0.12854265760248623,0.06841713903269532,0.15371889500896233,0.1879864085512284,0.44194722034944506
116.30000000000001,0.12932234994012623,0.0740956765582633,0.16676078679847087,0.20257730531986215,0.43126949378837787
116.35000000000001,0.13562893442051988,0.07476005603317996,0.17730106118454494,0.20536485425935225,0.41288225458614847
116.4,0.1376342763786985,0.07999093313572242,0.18429438572542944,0.2029944331480545,0.3701561379684455
116.45,0.14326536832622194,0.08255359066048096,0.18709431887046143,0.21093927502614987,0.3600652494737262
116.5,0.1460991834346004,0.08931317301857986,0.19927221310571255,0.20349204681444014,0.3585878361563514
116.55000000000001,0.14741128857212668,0.10137746608011719,0.2127738836265367,0.19681370699986836,0.3605355686841609
116.60000000000001,0.14777232100817556,0.1101819650111172,0.22253880520765007,0.18610602530164005,0.3448172056151316
116.65,0.1544812863683314,0.1151654981369571,0.2317870879107806,0.19179325033838077,0.3416675843872051
116.7,0.16230154501386218,0.11869412619198544,0.2429553610541835,0.20330571482679885,0.31938250593863204
116.75,0.16495333933983233,0.11307475304153931,0.24347267817112325,0.2118134816605328,0.267730123610539
116.80000000000001,0.17018635859430375,0.111421134197643,0.24984001039917278,0.21600841576208554,0.24666584140971448
116.85000000000001,0.16738250459752735,0.1123204075603287,0.2541918459146123,0.22669514768973312,0.24483072013132468
116.9,0.1593791113686695,0.11706318726052889,0.24944054374382807,0.23377950182717658,0.25470919527626823
116.95,0.16587635655057867,0.11895634600283864,0.2549352719485657,0.25172721234192114,0.25728745743529796
117.0,0.17207779232799808,0.11815775727263675,0.26531396213338054,0.26557522998068256,0.25970856987329083
117.05000000000001,0.1717249282062098,0.1329172536112814,0.27715470942713893,0.26643429586294975,0.24973527403438742
117.10000000000001,0.174687515531278,0.1392029827075834,0.28268606037795074,0.24878547280211694,0.23293992249999457
117.15,0.18179768159965,0.1397816114017014,0.28360527168998534,0.23137956961730177,0.20457113054778342
117.2,0.1906334143875189,0.14886206049793388,0.27654601387222993,0.22320275787013336,0.185091437197493
117.25,0.20120547644907744,0.15072037953724876,0.26920070220738895,0.22064826691230832,0.18196780592832879
117.30000000000001,0.20790415769790332,0.14414396480342434,0.25953766360593333,0.21376602955915275,0.18688096234703885
117.35000000000001,0.213955619551415,0.13765049605730162,0.2514883336190377,0.2310308323206591,0.177678414204671
117.4,0.21459189800449052,0.12950323106122905,0.24614059862015586,0.22867099711545286,0.1884938767323659
117.45,0.22606884807896377,0.12459360989692021,0.2342924205148517,0.24871044028382788,0.19619806190481673
117.5,0.2396094992401671,0.11965474599120218,0.2329191674266734,0.26034555741055165,0.2060965941223709
117.55000000000001,0.2478650108063139,0.12239213056265154,0.2302705306943622,0.27341626783400386,0.20713094133914062
117.60000000000001,0.25735978752510386,0.1152520501053037,0.22749988718132244,0.27905570604462104,0.22657923670728802
117.65,0.2691410215997056,0.10606357006413648,0.23121682196604923,0.27707504651740916,0.22738175140462905
117.7,0.27868199857817066,0.1027508841540063,0.2337318384682379,0.2669655488221373,0.22572054594203267
117.75,0.2860578772270096,0.10552524099636508,0.23467141031840197,0.26194262843677746,0.22750149211140278
117.80000000000001,0.29414209342457137,0.11228415457574852,0.23732928117681745,0.2648602341291121,0.22121020562168103
117.85000000000001,0.2983546785060278,0.10684141866612196,0.22834915058510627,0.2662792240080073,0.21553579416276278
117.9,0.28971523468121846,0.10856479199473953,0.23066508407933903,0.26151061323484953,0.21785108887331173
117.95,0.27732648348195105,0.10090205301664504,0.23268631389336558,0.2584845905173874,0.22201965380824462
118.0,0.27420835684271805,0.103790694609977,0.2354370785509896,0.261457528729647,0.22944346581514213
118.05000000000001,0.27792215806903436,0.11962938226619786,0.22887412149445927,0.26807027047152227,0.23071714339546398
118.10000000000001,0.27224025029635607,0.11675258712505414,0.21423890877851567,0.26662585329217314,0.22685512944148273
118.15,0.26818089414064067,0.11925654477419805,0.20588357025588128,0.27399227125613357,0.22889599321173432
118.2,0.2601783790160033,0.12193887656325714,0.20566204577589736,0.2718656804667609,0.2363823293388337
118.25,0.2588051628395245,0.119682538973969,0.21189182679149485,0.26918865837229916,0.26094024083682393
118.30000000000001,0.26025245172666045,0.12392873304814149,0.216155433839563,0.26669412561417244,0.28659881458542125
118.35000000000001,0.2580251148697714,0.12697094993217042,0.2113356834643559,0.2749154146802855,0.2902737185119615
118.4,0.2552832294082347,0.12675690576105778,0.20176343123417342,0.27373834738839586,0.2879300146611166
118.45,0.25470507700261585,0.12128985353117411,0.19745649150457908,0.2732254142410352,0.30656018294605114
118.5,0.24989697109001388,0.12705530317970395,0.18528683287605283,0.26280799409021466,0.33166612572972337
118.55000000000001,0.24787534146144685,0.13560144490682377,0.17709697111546496,0.2671566350705305,0.3583220823423921
118.60000000000001,0.2368061839787364,0.13398628291411682,0.17458203979357864,0.262211867926299,0.35490946511336724
118.65,0.219400861006899,0.1403173226783648,0.17612420200089277,0.25783996032856005,0.3454680458516755
118.7,0.21744442548840304,0.1403671355603245,0.17345785890012,0.263660045769073,0.3598961134717028
118.75,0.21015597514320447,0.14291331514403258,0.16344635096418456,0.26818937143884886,0.367175795034807
118.80000000000001,0.2047295815897801,0.14502709402058667,0.14856556518534486,0.27021753456919906,0.37141064223588155
118.85000000000001,0.19198217731782796,0.14475094760801221,0.134096329574533,0.26458124355245716,0.3808343194017444
118.9,0.18418356307584524,0.14406973047523397,0.11641006822585384,0.24958028176804742,0.3956917007648537
118.95,0.17315782666215376,0.137424376814828,0.10252995333388515,0.2542015819733701,0.4031340255843585
119.0,0.165035037592339,0.13713765199909192,0.081830513081706,0.2649431277108703,0.41194440600403953
119.05000000000001,0.15843662701580144,0.13692373245825332,0.07571374791682219,0.2732620388994148,0.43174823098616255
119.10000000000001,0.15695375337802217,0.1404712216976203,0.0701921104627317,0.2769148841845194,0.4395321037322524
119.15,0.15314253800702787,0.1408043327348153,0.07635777770779925,0.2669221152921173,0.46180605863544777
119.2,0.1514165007168158,0.15295777791729576,0.08468914930115438,0.27025429178015864,0.47437363122753107
119.25,0.15265804397230853,0.1468834765759792,0.09020830877893606,0.27137960710653836,0.48178329301040035
119.30000000000001,0.14876985293287434,0.1539425285814466,0.10300284197510537,0.2655993520691226,0.4820544137897343
119.35000000000001,0.145327909660828,0.1548436091557114,0.11365496981941124,0.2738253647168613,0.4824305443755912
119.4,0.13469284177001914,0.15016451780936171,0.12746712491867482,0.2671926255874744,0.48545844201726995
119.45,0.13029695501429495,0.13108435836364482,0.1311358101905091,0.27463706708052965,0.48191043855421833
119.5,0.12632106502943172,0.11950351775446655,0.13532852949370222,0.2656303492441539,0.48705406141785107
119.55000000000001,0.1274409846286061,0.11844752303973458,0.1391176800704463,0.27477244350172375,0.48460092386260645
119.60000000000001,0.12735030847603793,0.11594714182758298,0.13979701193422575,0.2714818088137735,0.4995647252397062
119.65,0.12832038060100134,0.11040140301957024,0.1455391907889795,0.2715629306887132,0.5122473186827087
119.7,0.1315416630352248,0.11519277764797424,0.15057095802658207,0.27405754915094044,0.5288470408612608
119.75,0.1275883788733896,0.12315766053309886,0.15824715080568513,0.26836798189508054,0.5389171872887553
119.80000000000001,0.1223625820789021,0.13973694012305274,0.15780806928571187,0.26515918533107824,0.5486813116018824
119.85000000000001,0.11363063611124523,0.1491362708686311,0.16409564663608672,0.25432269985785844,0.5616270074951253
119.9,0.1083947277872745,0.14336208712077902,0.1722299625205056,0.24932006045517668,0.566514055249138
119.95,0.1041242959605013,0.1311839050320641,0.18672132970575825,0.2526178216477831,0.5568501157890402
120.0,0.10542502927134019,0.1093011447696215,0.18916224436585075,0.2523297777083172,0.5399988210632349
120.05000000000001,0.1033259646348058,0.11453220106706449,0.19658000695881586,0.2608118024619036,0.5330556087247768
120.10000000000001,0.10658836963909167,0.10146085035265134,0.20406394281755863,0.2576494140861721,0.519653204276542
120.15,0.11122818356949209,0.11071468852944005,0.20766796324293238,0.2637913226232887,0.5376567784757853
120.2,0.11221483259405064,0.10815320974813161,0.2136206600649949,0.26997034828845307,0.5426827918305893
120.25,0.10826273765372475,0.11310196644981291,0.2158220522563037,0.2643354848927036,0.544648417987185
120.30000000000001,0.10445778028374594,0.10318362767783829,0.21558648595982707,0.26869900466022945,0.5249880572164775
120.35000000000001,0.09317008037273304,0.10058069776422311,0.2232755524484688,0.2637544485784339,0.5074228493168578
120.4,0.09092254968327054,0.08895449808797753,0.23003823906266357,0.27474089820947617,0.48200343608235924
120.45,0.08215774843937991,0.0843203808236139,0.23524134806918762,0.27447053042425984,0.4634441569198745
120.5,0.07177640465601368,0.07739376992584239,0.23596108288610051,0.28820015349351924,0.4433566191040085
120.55000000000001,0.057846914346399915,0.07450092637840894,0.23742211057042253,0.2898121340901596,0.42637400362506805
120.60000000000001,0.0499104909616072,0.07607654209453005,0.24775942863577205,0.28983425553468567,0.4190620794505869
120.65,0.03919488440988681,0.07013192320520907,0.25965069515832323,0.2907484984748615,0.411880586112056
120.7,0.041716151419388024,0.07440327136108205,0.25470874208818334,0.2954125411784546,0.39945235601241996
120.75,0.04429656449900618,0.06800713302007287,0.2564899979589861,0.2920570916635322,0.4084884267300816
120.80000000000001,0.03975944193186713,0.0690994554473835,0.2603044967627675,0.29972938457682513,0.4084084979545498
120.85000000000001,0.044894641956519626,0.07316123099076581,0.26890601706585615,0.2921452284410205,0.4078864193392961
120.9,0.040422560955229704,0.07494618015518306,0.2710803798367348,0.29869040481823483,0.40515583567670926
120.95,0.037824027293037486,0.07806868758335662,0.27685060470489864,0.3079732135899265,0.39380842245870223
121.0,0.03626759633385071,0.08471784682013263,0.2819505825319122,0.3112296248348138,0.3771894006931055
121.05000000000001,0.03175780456130687,0.08451250560962202,0.2770314464183323,0.31997047627146086,0.36174637241464663
121.10000000000001,0.04223226094217181,0.09237768408901954,0.276644142838957,0.3269339448646734,0.3772672117976768
121.15,0.04176765479612641,0.08967366123733904,0.27604809551278414,0.31229229284816534,0.37893581341549704
121.2,0.04075966703196382,0.09598323895671187,0.27745012299093796,0.29922399087385554,0.37617933680145144
121.25,0.036718877967426275,0.10088059339712763,0.28304119829708785,0.281915253175088,0.3901827157340446
121.30000000000001,0.0345122843370795,0.10249162868564479,0.28020822277548973,0.2761632710052247,0.3978578232125317
121.35000000000001,0.04438832073855022,0.1020467053204964,0.2686026514970876,0.2811300500204983,0.40258330209047216
121.4,0.0547242654022338,0.10581746271818285,0.2654850418534408,0.28044095102841843,0.4076097104985786
121.45,0.06260473970196663,0.11234381963278581,0.26664486887590516,0.28489301787062743,0.407485308112832
121.5,0.06620608373422113,0.11585893852153657,0.26682519067333405,0.28891266805518334,0.4057605070090189
121.55000000000001,0.07548921211731355,0.12253751458722406,0.2639481129672146,0.2950600096643863,0.40183760321051704
121.60000000000001,0.08029477482008492,0.1283962705558614,0.2596619556413125,0.3053882517247071,0.40462325303962715
121.65,0.09488165525692092,0.12917166736484387,0.25627777537304214,0.30606027626687077,0.41261312270785955
121.7,0.10256501792200678,0.13129258277235795,0.2493215059285707,0.3079222316469867,0.4205004075997293
121.75,0.10419213623963632,0.13296034910021035,0.251392034900753,0.29470714093206296,0.4346151557649155
121.80000000000001,0.10856421159616707,0.13979547369120898,0.2534922449754037,0.29062670264494544,0.43606075967679375
121.85000000000001,0.11171347501611421,0.14229013452575306,0.24905872561626796,0.29285870239155815,0.441399471770066
121.9,0.11785416207007081,0.13451570038213495,0.2411328632697903,0.29797022600662915,0.4354136984446382
121.95,0.13259007115965407,0.13670734298957538,0.23273754368358052,0.2881668888025459,0.4408236820347534
122.0,0.13702527572011128,0.12956715935369098,0.22064642388683994,0.29343744164217145,0.4483147160628099
122.05000000000001,0.13753905759351953,0.12162597651838747,0.21484346351580572,0.28670127093419373,0.4460534478559384
122.10000000000001,0.14492161300486298,0.1185742425390816,0.21050808990944905,0.27912876982054563,0.45046656404365804
122.15,0.14891047249484518,0.11564866183905168,0.2104099033873414,0.27544476880325774,0.4452849839887868
122.2,0.14988744993060982,0.11296785459733096,0.20763551817633533,0.2769764700702988,0.44530446005538604
122.25,0.1581103484513759,0.11838235367987826,0.20401268022502206,0.27822829269024624,0.44414140543397357
122.30000000000001,0.16923027111972536,0.11154529292718661,0.20185576845384376,0.2713452938210546,0.4449010444553511
122.35000000000001,0.1678012834330815,0.10614520337042042,0.19972422668202952,0.27933706517189355,0.4384427405802635
122.4,0.17863365545059545,0.11345059905631186,0.20008349058587002,0.2722480609304506,0.4425080187861647
122.45,0.17901348786801927,0.12265359740063646,0.18485110495107623,0.26919810460243376,0.4328859568738645
122.5,0.18263424516417207,0.11729329123460187,0.16458420641077806,0.26980760189375774,0.4259111399332064
122.55000000000001,0.18069577173797502,0.1061343722281934,0.14577056325862492,0.2809688425201045,0.42781304161353845
122.60000000000001,0.18972390268436518,0.10431170226003235,0.13446373655415209,0.29115958846126555,0.41159227449812874
122.65,0.1938598511426263,0.08202901330439334,0.12997739822897983,0.3006016820314609,0.4033547271499555
122.7,0.1915583916445262,0.0803562490502632,0.12638849108962522,0.305886131475383,0.4054277840926573
122.75,0.18735131445753714,0.07565596956564091,0.1223345871939185,0.31284993324839394,0.39911948611469095
122.80000000000001,0.19152976402330785,0.0733965541436393,0.11667628380065176,0.3169623661827906,0.40627474136388675
122.85000000000001,0.19481581996777506,0.0701180040586607,0.10611162940434946,0.3318501245423324,0.4055643647313197
122.9,0.20575201812566543,0.06587775203736039,0.09543339922775838,0.3404484077951096,0.4105646259600819
122.95,0.2011711123843312,0.05547778188060735,0.08836422784163551,0.336640706330825,0.404078247063222
123.0,0.20700828513122976,0.0515071341139459,0.0852061388507085,0.3526642885728131,0.4027184388603388
123.05000000000001,0.1980104816327208,0.04859367940425319,0.09467458692883975,0.3613036884784453,0.41729035013758503
123.10000000000001,0.2063474916479135,0.03790911486223763,0.10185270726571548,0.351627016480676,0.4283748387868326
123.15,0.20166836649814476,0.036239837626423084,0.1012838723540802,0.34856905761333196,0.4212295396039614
123.2,0.18869046986504429,0.028297476732460514,0.09211576643956502,0.3490361742134636,0.43393240275161765
123.25,0.18829888538700112,0.03632465991376338,0.0896279479478726,0.35590711434229183,0.42692228545691174
123.30000000000001,0.19870282647678592,0.03485351832408586,0.08449477688891555,0.3572369304567018,0.4183167826492315
123.35000000000001,0.1996441837601672,0.035501206324206565,0.08789739872961158,0.3660683966369097,0.4159693446830008
123.4,0.20699825663970423,0.036145779596957923,0.09973684093969631,0.3711664313276603,0.415748414141359
123.45,0.20909636627418654,0.031213355479979478,0.10466181535893687,0.3749062911643863,0.40932636911979076
123.5,0.20713936184533807,0.028844999562256585,0.10405043555720737,0.37794684095652986,0.40495308531581137
123.55000000000001,0.1972333447155614,0.02837217985506233,0.10637208179301288,0.37149995147202547,0.3889550122555422
123.60000000000001,0.19499121165953714,0.029041405037296505,0.10924609401629055,0.3854474841945742,0.3811917113635925
123.65,0.19915367753561863,0.030780662555398845,0.10093275515902318,0.3866614105343365,0.38493692320243017
123.7,0.19736692350441262,0.02940979719189817,0.10376730492132977,0.39146771055000523,0.38188585392549307
123.75,0.19945708747181234,0.026898201134485034,0.10057623383832903,0.40338006274863597,0.3690975227317454
123.80000000000001,0.18224619554633886,0.034529067183945675,0.10166903037911039,0.3988405660039637,0.34245552226599485
123.85000000000001,0.17856440352751687,0.047226328680836094,0.11237080577905258,0.40685291311461574,0.32185191281000286
123.9,0.17465360626402457,0.039563568093593876,0.11235239374306533,0.412269771505539,0.3181393853480893
123.95,0.1777160547047288,0.037408364149287374,0.11734716852690077,0.4107506913344398,0.3126273316126984
124.0,0.18734185592017966,0.04110726836734609,0.12478135392186344,0.4055546769695697,0.30804022066453973
124.05000000000001,0.2021615746121074,0.045276383723999,0.13420982956855843,0.4046512864985959,0.29588757208246147
124.10000000000001,0.2014460959969353,0.05680673555360035,0.14397794838652034,0.4255760331335127,0.289407556035936
124.15,0.20600982639135104,0.07000427584098166,0.1463506588906923,0.43047784468946754,0.2840310688621204
124.2,0.19019427553461749,0.06664551516869963,0.14643934622575874,0.4327021561261793,0.27374601070967314
124.25,0.18484665314795798,0.07165279819499466,0.14034387297087914,0.4352701718262925,0.27709631376053107
124.30000000000001,0.18942428910707895,0.06090684042256147,0.1463380700160822,0.4313834759825508,0.28907725603244455
124.35000000000001,0.18297210090715083,0.0580974132105115,0.15168304445964836,0.43215045747657527,0.3063405924113902
124.4,0.1809623539665112,0.05002492356055895,0.15303518101241134,0.4093267183491153,0.3236779038098065
124.45,0.17781683893311165,0.04935011436559372,0.15385800774686106,0.40447886359124235,0.32471017534127156
124.5,0.17951615719988515,0.04749993403642433,0.16725906953895853,0.3874254757837599,0.3424986815113331
124.55000000000001,0.1749070687243353,0.04338383641776387,0.17319718966662487,0.37558274940452296,0.35780900203918536
124.60000000000001,0.165984212922066,0.04282540156607368,0.20011287178233617,0.3448129757612077,0.3804342849216476
124.65,0.16638523795970178,0.042772644827059544,0.20499956634439612,0.3336648531350214,0.40028860934142646
124.7,0.16420013277825912,0.037486896841925715,0.20308105534690216,0.32372876702596726,0.41027458166126746
124.75,0.16687502758116646,0.032643632808065245,0.19992633616047467,0.3264906842768215,0.4126414152219627
124.80000000000001,0.1582113065151351,0.032605064049588434,0.1916323894178434,0.3371435152859015,0.40588603852603117
124.85000000000001,0.15612074670785725,0.03184588097591824,0.19818147874349004,0.3417798245610835,0.3995279488515958
124.9,0.14699284973780818,0.039565408296635816,0.19533274373865872,0.33722003316419735,0.3844750151271861
124.95,0.14381762821586194,0.04601104118176931,0.20097795838188054,0.334813804401894,0.3752908143612531
125.0,0.13537413439855273,0.041664165078791573,0.21107146374338792,0.341205069551826,0.3804637194056859
125.05000000000001,0.12886656418832496,0.04188351472579297,0.21074817520169264,0.33265390346020257,0.3926921522559243
125.10000000000001,0.12629333571697177,0.038038281432164645,0.219010694765264,0.3344799923132931,0.3941793190599898
125.15,0.11966141659880072,0.038646551100163,0.2227829520308818,0.33013554348442065,0.41205876146567083
125.2,0.12070214244147533,0.031195196577336423,0.21877686738767763,0.32118280750413264,0.4247781918560081
125.25,0.1166212486348478,0.026652026629753536,0.22354412665040016,0.31722981965216024,0.42697730818419155
125.30000000000001,0.11274087018155407,0.02915279068885745,0.23028171782571444,0.3106993558008899,0.4265689899733874
125.35000000000001,0.11711665927364254,0.03126632218108081,0.2317105466494487,0.31361016174388706,0.4269091225996406
125.4,0.11040487337694604,0.023423799750681346,0.2339913566008904,0.3091039049783453,0.4343478261336759
125.45,0.10838162404221882,0.0316258351813431,0.23848156360731623,0.3037014604772986,0.4444733316513967
125.5,0.10580393983975818,0.03045596400699222,0.24045580292629948,0.3108827848321907,0.45044622922854277
125.55000000000001,0.10453608287447158,0.03466338729528277,0.2370719645719325,0.3133985620401161,0.4511521759282895
125.60000000000001,0.0981785594678138,0.03253546802872719,0.23317688490332883,0.30454071423178297,0.4462647924362907
125.65,0.09411882325370734,0.030922126612083056,0.23593084944584602,0.3037127747492682,0.45753490378291967
125.7,0.0874724920547981,0.036667363115595125,0.24118123619713414,0.2950572081938718,0.4406177774074995
125.75,0.07805387266833912,0.04035232680617602,0.2256362222349356,0.29938641722568554,0.4354134117597751
125.80000000000001,0.07794300994476015,0.03319909295631271,0.23709898951471353,0.2990694659627179,0.4433010544265597
125.85000000000001,0.07396270485598101,0.032139453601936825,0.23879755722225326,0.30177601370670354,0.44955185734120584
125.9,0.07462128295938958,0.030896410396075987,0.23592284559142088,0.2912695991333632,0.4583606672580202
125.95,0.07515127440213891,0.03145009179267972,0.2288795693770995,0.29782446189704487,0.45428426807857947
126.0,0.0749406016103333,0.01881070439535086,0.23891555984046095,0.3001421934320469,0.4635486582678689
126.05000000000001,0.07428003794821111,0.020513413435818965,0.23729243923687712,0.29913780457371214,0.4670976394089331
126.10000000000001,0.07554406411004704,0.021054951502546746,0.24136813952307315,0.2959941610602388,0.4621900527255907
126.15,0.07399264383785475,0.013743475691976087,0.24284505054253824,0.2968660740953121,0.4735568962887035
126.2,0.06765063115223274,0.01140116803348978,0.23208267399304738,0.3051069842594701,0.48159322012551586
126.25,0.06437393728643612,0.008023869804911677,0.22639526555740414,0.31223714018309523,0.4871256046347348
126.30000000000001,0.054976976025381374,0.006569250485552439,0.2186418395506882,0.29777361789577295,0.49584731343456984
126.35000000000001,0.05031403844725904,0.007740227081340796,0.21205256886940768,0.30215304543563276,0.5020242764180105
126.4,0.045095076399278546,0.02537662116456053,0.20401923655918447,0.2959991362033346,0.4982684275962287
126.45,0.04702998674425496,0.028620413719616367,0.19882411861696356,0.29587150796179246,0.49470578871058335
126.5,0.04943519052311086,0.027146045863988014,0.19348304774516142,0.2856983927697094,0.49531774963389974
126.55000000000001,0.04010227895862174,0.024228330311957095,0.18580078589999222,0.28983167619728956,0.49567782497713914
126.60000000000001,0.027440768873166196,0.01928591631075786,0.18408898611621494,0.29020079911608276,0.5002548166978047
126.65,0.02121750196250865,0.01586482279994209,0.17607708042663647,0.2971102507997138,0.4934223731493202
126.7,0.010799696712395834,0.015683986813281446,0.1708802194021345,0.3009989235822413,0.5016416482019661
126.75,0.010202551949674014,0.028444424525433058,0.16376568377815634,0.3045255382907021,0.5017935712322403
126.80000000000001,0.013774895924191743,0.01821990230322997,0.15787789499507826,0.3095678102251255,0.4964149671571776
126.85000000000001,0.019992430660313337,0.018937233323932413,0.16537432587473702,0.30883682722546557,0.4870210154680375
126.9,0.03169132229859394,0.027153465333919356,0.18220310329190692,0.3273715309236577,0.4905797345047089
126.95,0.036124549353124466,0.03645252422845538,0.17887340214035155,0.3416255783006538,0.4968604891603411
127.0,0.03592750518620566,0.04622237873884524,0.1830689370248369,0.33800530525208555,0.5054197762283875
127.05000000000001,0.04435347874709754,0.06179140016728444,0.1735246358420652,0.3258120814074836,0.5372761252168023
127.10000000000001,0.043716874340437965,0.058951019372500434,0.17807609260832985,0.3424471024134248,0.552066079100311
127.15,0.04948063445753349,0.0628184666620688,0.1715705103163547,0.344861017371203,0.5607040467378617
127.2,0.048958110719268075,0.06769835233980377,0.17240019918654037,0.3455543976936782,0.5673325351984354
127.25,0.05441745379411359,0.06870508109683927,0.1724923800654291,0.3515615483600488,0.5790806271894439
127.30000000000001,0.0501268899951393,0.06393778940892768,0.17057772025485504,0.35605028992454285,0.5715300838799677
127.35000000000001,0.055366434412906076,0.06608523442657123,0.16117760166044542,0.3510217784299416,0.5720446811273648
127.4,0.055852781084582886,0.06855798219603743,0.15522588172857318,0.35932988059403437,0.5571193269197415
127.45,0.06395383234707507,0.07612432257810435,0.15116306410126326,0.3508056657123636,0.5495273485665774
127.5,0.07395133458078039,0.08390979059914759,0.14109066081551222,0.35657301421665233,0.5547971150961282
127.55000000000001,0.08129976964761491,0.1056197060744163,0.1337174534487585,0.3621611916939858,0.5685490367561212
127.60000000000001,0.07727145256049794,0.10067280390037468,0.12513288463112965,0.3674410147817072,0.5737423813332285
127.65,0.08391458376277203,0.1059480994620973,0.11710962716472866,0.3674838104038639,0.5909308631448718
127.7,0.09445319085173381,0.10670195695335087,0.10844067846598879,0.36912858190536096,0.5991716483664324
127.75,0.09198200474638192,0.10500993938693404,0.10594253841953823,0.3682050089330715,0.6054324006744254
127.80000000000001,0.08421178723362398,0.0957066922734653,0.09955738707926454,0.37048155376248987,0.6208017289018061
127.85000000000001,0.08883211616606668,0.10966281226052874,0.09321729834318566,0.355520804383416,0.6583070491854786
127.9,0.09247769199131343,0.09786265087711657,0.09068133971215968,0.3601853891627753,0.6496977356566247
127.95,0.08923704506095188,0.09494208846501614,0.06818727455139052,0.35831255552688385,0.6409816135437245
128.0,0.09677560156784412,0.10490722537662786,0.06091031760887158,0.35414238456144537,0.657178778335133
128.05,0.09469764683647149,0.08883532767902536,0.05697051614872991,0.3602635309454443,0.6592009103516803
128.1,0.09975086831972874,0.09762368724600647,0.06246083360297818,0.36205384399545837,0.6578436039696045
128.15,0.10012984023899942,0.10787452640493035,0.06252156354627667,0.3727809299520699,0.6099229061244252
128.20000000000002,0.10416102769566482,0.11300904970403668,0.055578146266473526,0.36320006046480574,0.6169533566137735
128.25,0.10852893561294134,0.11103421298890685,0.05299291175946625,0.36323830452036593,0.6263315202317071
128.3,0.1105969665253,0.11321529145502858,0.05269842387981316,0.36822636843326395,0.6372177162840282
128.35,0.12196908007501012,0.11741250274522937,0.04016478318267975,0.3663474527621414,0.65035693019305
128.4,0.11991591835451797,0.11849985466491818,0.03314355320431464,0.36396492207388403,0.6566109898692623
128.45000000000002,0.12624872541763454,0.11705802754625615,0.030407781734885196,0.3633522250196249,0.6686355551517195
128.5,0.1370781662854524,0.11058538468404666,0.02328726656430267,0.3638934656461097,0.6762570618985823
128.55,0.13655257249059446,0.11723406103914831,0.02692346815508771,0.3658026979236969,0.6865927686965319
128.6,0.13988323461326804,0.12245953165553917,0.02889984184748615,0.35602254872467287,0.67151951546013
128.65,0.1495470652183897,0.11703915031305819,0.0139471422755609,0.3508112296168703,0.6356523815214088
128.70000000000002,0.1614356213447388,0.112611215682611,0.015113848625369342,0.3491556812667907,0.6206247884756184
128.75,0.1595836500792209,0.10335835532187793,0.027416483827718423,0.34541913988712364,0.6143691832746573
128.8,0.17653550292456122,0.10042870411553967,0.02271899019033416,0.33540300060877254,0.6270862449324022
128.85,0.18093995104609928,0.10721385286613139,0.03232439793788963,0.3452582412309268,0.6265482685346851
128.9,0.1808769931488126,0.11355040655128135,0.04547199849539062,0.33405423488519664,0.5904650268244864
128.95000000000002,0.18765863341512812,0.10273670183276865,0.05686906769747127,0.32634355746055016,0.5683263992711644
129.0,0.1972829325013944,0.10373610585963734,0.07126557202830436,0.3246026680497838,0.550680816995851
129.05,0.20286242623002745,0.11188551816083646,0.07647948034593224,0.3247889681340301,0.5359161897199928
129.1,0.20617738038216463,0.11999002595677576,0.08345751612892222,0.31566540529594156,0.4953232368894384
129.15,0.2067092474076624,0.12205938264194022,0.09396918409768913,0.31040596942441995,0.4686768902876255
129.20000000000002,0.20789499949295898,0.10888044857022927,0.09766659416176943,0.3072099501012715,0.4662616837709361
129.25,0.2150396004247006,0.11500253084068962,0.10062849617972484,0.2954304486983794,0.4447835090971339
129.3,0.21547849179471731,0.126924750618611,0.1056647936523911,0.29692186052982616,0.44476052555394224
129.35,0.21916735725962533,0.12948852879630604,0.11309447532035646,0.2881725406816714,0.46734193174229127
129.4,0.2265048962957233,0.1304288637380647,0.11938646055811558,0.29036657472735805,0.45580424781319745
129.45000000000002,0.2306499120500764,0.1366796382009538,0.12882902781969788,0.2881596428907587,0.410798970934462
129.5,0.23249412188871513,0.13420416623204665,0.13777457405695254,0.2928172116729913,0.3946989637346252
129.55,0.23744859422873452,0.13145465654234478,0.1385298403776911,0.28774278325440616,0.36437421493095473
129.6,0.23780579504873942,0.1269866615057887,0.14728741467352252,0.28646531045455,0.3507648183813526
129.65,0.2353891882132087,0.13109096944736023,0.1496544727739538,0.27726097555888346,0.34482257494557667
129.70000000000002,0.23971456369980518,0.1268678087091575,0.15116839628602205,0.2709466463993436,0.35180231860513683
129.75,0.24430288396555802,0.12827330875129278,0.14885408134158373,0.263939729126647,0.37230405287323076
129.8,0.24263502358578845,0.13223576905889184,0.14599191034700076,0.2690723521922532,0.37227659078053127
129.85,0.2421480553710176,0.13206986009541308,0.15312371791803894,0.2883780944498196,0.37837836982611467
129.9,0.2506679450947195,0.1328758242674356,0.15641349864314985,0.281225873361035,0.3802795242799294
129.95000000000002,0.24415311219220512,0.12502473714397028,0.16141712281462703,0.27946798398519085,0.4011808614422432
130.0,0.2544335462942669,0.13351729306614643,0.160656605002481,0.2818817381588618,0.39282392468232763
130.05,0.25056515274873364,0.13030649099906935,0.1665323040151081,0.27201312393035876,0.36752802994344913
130.1,0.25369655582547357,0.12868249824280584,0.1775480724255037,0.2631404652263569,0.36173927751034707
130.15,0.25969678486753073,0.12418779408226585,0.17920033222034168,0.27102314133860833,0.35607954431760314
130.20000000000002,0.2615603236738709,0.13503643321961448,0.17783498854634222,0.2838328223045783,0.35845102688590985
130.25,0.26360132368147177,0.144433324498896,0.18749089539308356,0.3023245383492708,0.36873389631383824
130.3,0.2642602548054634,0.14629658285816102,0.193390293870367,0.3051042842991491,0.3920248684326157
130.35,0.2631181189307975,0.1494594265448692,0.20344215831196547,0.3189016733950167,0.38844081769415023
130.4,0.26050705007613273,0.15076173685516164,0.20612561940503346,0.31264591406184183,0.40230124526356487
130.45000000000002,0.2696390180016618,0.153386283246844,0.2180023062151776,0.31576120808729263,0.4125766790732614
130.5,0.26743181616516387,0.15751163172803578,0.22109281117902255,0.3131375748088177,0.407128207628361
130.55,0.26115825370048995,0.1591329410824974,0.2307999262104122,0.31635943636836517,0.4099724957965532
130.6,0.26162141775006686,0.15993670360747306,0.23932977528265004,0.3245911743191327,0.40574214252449237
130.65,0.2644870130723189,0.14688931485192405,0.23684847962313496,0.33047798181161864,0.38202731065194967
130.70000000000002,0.26212480214204836,0.14977590962621684,0.235782549386381,0.3454714470391636,0.38905343698156947
130.75,0.2555279404897113,0.1452352198448124,0.23533410710060756,0.33686658683995585,0.39131637176395706
130.8,0.24910526457313403,0.13374863418444574,0.2457854393674574,0.35200619051459847,0.39530241524251364
130.85,0.25338729297183726,0.13614936751214163,0.24992209469525642,0.34604592216110586,0.3952495515446431
130.9,0.2514139894550175,0.14342217340383556,0.25397399128084686,0.33497468731579305,0.40425648688188576
130.95000000000002,0.255234274054645,0.12676388593802332,0.25609387367544906,0.35062837841950323,0.4252032571139079
131.0,0.2572412738609896,0.11807691211664056,0.2677256727108386,0.3438161885167252,0.4218950498200119
131.05,0.26048151861629004,0.11605476532373867,0.27693528112661425,0.3266302919959267,0.42051922332815717
131.1,0.2596272518434739,0.12275229134520824,0.28196662237616277,0.32423113451273633,0.4174561125608176
131.15,0.26311571280954643,0.11961434531262927,0.29723683448223054,0.32336647494738996,0.4200061499319508
131.20000000000002,0.269752764660828,0.11753440758491084,0.3051902108109996,0.31238107974965346,0.42027309090750714
131.25,0.27696657069200264,0.12063234073179867,0.30759600381722674,0.3005658826196535,0.4213234641721914
131.3,0.28608137959344804,0.11911069890303268,0.31069259851250325,0.30236511744097305,0.42682314379124153
131.35,0.29401255024894485,0.11897051546765086,0.32120405360635934,0.27990098413943515,0.4251688097792588
131.4,0.29963507900513975,0.1190935434602497,0.31801906606762853,0.2767398070233974,0.4262296562220931
131.45000000000002,0.30203390923801565,0.12496424965175335,0.32424951041870426,0.2683477313602666,0.4026757839514416
131.5,0.2975573848692066,0.12761272748560112,0.3232737411435741,0.27693787398442604,0.4020456920366565
131.55,0.30288364194810175,0.13278676142240017,0.3370835176878626,0.269983702117951,0.3946535014553524
131.6,0.3038233221252767,0.12992698865423277,0.33266928674847535,0.2710183501352773,0.40403865473734013
131.65,0.31142775184147053,0.13187438200287935,0.3268389891947349,0.2562460274149448,0.4019201290915184
131.70000000000002,0.30446796120896713,0.13567159922243735,0.324568575648958,0.248987342361724,0.3996658140845373
131.75,0.29794954335599644,0.13871510057627423,0.3162197431961573,0.24396022345040214,0.3988118068168106
131.8,0.2973054750963288,0.13713076067234098,0.3163869121760748,0.24704436488644138,0.4012702119730648
131.85,0.29818441187418804,0.13795614024367298,0.315774290267026,0.24297483001389789,0.3983277653542526
131.9,0.30384289425152794,0.1341871042538258,0.3005001035069227,0.23606088892996385,0.39723210766809103
131.95000000000002,0.3090733549460087,0.1344265522211129,0.2872777886717499,0.23172210095398463,0.4011331106794194
132.0,0.31523610917651657,0.13076680868450896,0.29448497662400475,0.2208124628191919,0.39222411731983053
132.05,0.31563750039793803,0.12991107678682642,0.28729188155912294,0.22418977639892548,0.38854588892542885
132.1,0.3061373084248035,0.12882653938818428,0.2728142790971477,0.22712983856412267,0.3873924028185948
132.15,0.29407739119645737,0.11919918332123984,0.274724779110554,0.22827130717699037,0.38205614064996435
132.20000000000002,0.28225503054016843,0.1200441059465622,0.26230314107978586,0.22870273144042086,0.38432088402667314
132.25,0.2777313538047698,0.12019562371271424,0.2616216529768882,0.21690271102484832,0.3885023929245505
132.3,0.27706125519862684,0.11602634531106186,0.25027087147145705,0.22275846355532158,0.3902589449560786
132.35,0.2691656909816515,0.11565622846983228,0.233237985078117,0.22987375702643884,0.3890305228863793
132.4,0.2560239779590748,0.11861798103189782,0.22307053639808241,0.22467380684432564,0.3817373299372845
132.45000000000002,0.24127305984250108,0.11668683642905907,0.20572349642957055,0.2038588216008139,0.3817861110242789
132.5,0.23496979724385522,0.10684947318528365,0.19793423025661497,0.18882463674748873,0.36705299240642336
132.55,0.22217393884957848,0.09662819618628597,0.17308965994050107,0.17552142881108831,0.3491795060308491
132.6,0.2174010818435272,0.0930989047325557,0.16151549681110136,0.16478011636524495,0.3383126317825365
132.65,0.21344326081293022,0.08504069983711413,0.15056204879283389,0.15982897636644575,0.3353762037377645
132.70000000000002,0.2052231061365402,0.07831307525044286,0.12731987299485847,0.15251177666410848,0.31339069535056097
132.75,0.20795461869736603,0.06985456305626579,0.10744968777707362,0.14619612433066573,0.3079748847852602
132.8,0.2023751366163227,0.06999843359215853,0.10059911297115756,0.1402661212955453,0.2925307311012867
132.85,0.1944624932214342,0.06514480729451559,0.08776340080908641,0.14427076301324748,0.27939949311510254
132.9,0.19259398888807114,0.05867998625979734,0.0752185348992268,0.14869667278597798,0.2559613195891877
132.95000000000002,0.18280248567193882,0.05234917683909187,0.07415052285494998,0.14129997789705148,0.24509242878737744
133.0,0.17634815431692297,0.05214212406174152,0.0642879995234333,0.13600552201773308,0.23740092122074624
133.05,0.1793069268107754,0.051930842387952036,0.05713781408219608,0.14405379380581715,0.22252056410089163
133.1,0.17761624759935724,0.05546021374032978,0.06958709194068319,0.13682768291190167,0.22654472096808742
133.15,0.17872430160179045,0.06304041707092671,0.07204416818465362,0.1279872638684609,0.22188521501845399
133.20000000000002,0.1813087315435397,0.06894469530257429,0.10528121984721882,0.1349617426381887,0.2259094722479472
133.25,0.166279628805516,0.07397893484258307,0.14389549880133673,0.13269814421432122,0.25943232457406973
133.3,0.1618775797366269,0.059687054229474526,0.1456535527515999,0.14519266662630603,0.28076536003364644
133.35,0.16710115982970494,0.051669894608897905,0.13773986384874382,0.14533763921623932,0.2952665717427476
133.4,0.15508912556974927,0.04043082811081873,0.12701833670537485,0.14157059089261115,0.2990487532048834
133.45000000000002,0.16505987519562512,0.03713403755929838,0.12521024390894814,0.15121405263480972,0.2956022615676177
133.5,0.15896426125261184,0.04032331634517066,0.12350012735468557,0.15142920571954535,0.2884224686954149
133.55,0.16851857339941784,0.050694707440352364,0.1200331612344569,0.16513641106413518,0.2950168198024849
133.6,0.17856263104225897,0.059875802485324564,0.1076996312829106,0.16966190659944316,0.30351240586455974
133.65,0.19096262689809637,0.05412845383708538,0.09611812769755287,0.18013834243834098,0.292969535550623
133.70000000000002,0.19585441741903814,0.044624624729027604,0.10474240096508425,0.17770807423931587,0.288270702823377
133.75,0.19854332420888188,0.05502760914992543,0.09678320469168386,0.18496020553874537,0.28563517025721574
133.8,0.1940917646092193,0.0582745562047638,0.09245437969420037,0.1835487172102511,0.2902067408483573
133.85,0.1974185085579779,0.06463697152549684,0.08876174839874544,0.1817833513426701,0.284941007959524
133.9,0.19627534759216442,0.07612724211998587,0.09126703517555386,0.16934291126981385,0.2772402674447613
133.95000000000002,0.19131633689282043,0.0926099762785122,0.07876874615854348,0.15808349737605834,0.2863099034997065
134.0,0.1851107891203526,0.1015600169378913,0.06747663694566462,0.15277025315436,0.2881521398252356
134.05,0.17715093599918827,0.09945042962752815,0.06342845342398366,0.14191076380634995,0.2825552654202178
134.1,0.16633470627260002,0.10723220144304131,0.05909722158391304,0.1367315510350987,0.2838319021441754
134.15,0.15170978642300043,0.11152523369315788,0.061551593667744896,0.11984058977482227,0.2783427173879809
134.20000000000002,0.14392488830546094,0.09810950847543189,0.05675526313425365,0.12866319410364643,0.2719144134495197
134.25,0.13761636146577347,0.08712709431654865,0.06245076756626764,0.1203160044258271,0.26408657339556574
134.3,0.1390842235689519,0.08784630238328497,0.06131552209868393,0.1174603907967345,0.253507539888858
134.35,0.15619210255349822,0.06393049365909864,0.0729753172105816,0.11682389996971505,0.25407355722069025
134.4,0.1670992867738634,0.05797485736387956,0.07984092818290593,0.1153770397719689,0.24664860747252712
134.45000000000002,0.1711146482585675,0.053482686136275964,0.09141518903404518,0.10778238808101068,0.2235353215908548
134.5,0.18134923211283158,0.04833790528196993,0.09873150741782291,0.11160438993925563,0.20763099967291473
134.55,0.18622434394678772,0.03610409106241466,0.10827612580074188,0.11577010574870929,0.1978295205525113
134.6,0.2001398343943983,0.03679403014547031,0.11649220859468727,0.11211266831373753,0.19660963884921692
134.65,0.20751372170473686,0.033119174518187376,0.12253056847335983,0.11285234159271808,0.2114465427831983
134.70000000000002,0.21029092938372623,0.02540769138559228,0.12861062231014633,0.11795891876696078,0.22778512560635686
134.75,0.21505827171879457,0.036552475081548325,0.12489915621336022,0.12350593985882359,0.2399358982759377
134.8,0.21255422154952114,0.03520470774178571,0.12831479593551545,0.12777488877250076,0.24834756263406652
134.85,0.21678244396776342,0.04212816652825143,0.13055787213182615,0.12734177014122847,0.2506435686075032
134.9,0.22694819058354795,0.04940764595024386,0.12393292709454155,0.13568184369227762,0.2524061221568347
134.95000000000002,0.2324702150815593,0.03918705154289163,0.12164027663800173,0.12485525890033043,0.25100633576310083
135.0,0.2408270845998655,0.028335551468677604,0.12730309498104983,0.13432700146705517,0.24621227266398188
135.05,0.24683487949289282,0.027089373875327224,0.13551576867505513,0.11457503662870475,0.24380761065841877
135.1,0.2610738742425961,0.029078807871719868,0.15102563463430285,0.11692761360566875,0.24149238702017514
135.15,0.26565464166754416,0.0441105265645676,0.1622253618350501,0.10290735213200913,0.24146889540373506
135.20000000000002,0.27286991562689383,0.05071361886539787,0.1765277754110032,0.1083945804693481,0.25879951352345004
135.25,0.27387584766447565,0.048258582420693585,0.18233070221134717,0.10469390300128749,0.25010734973425247
135.3,0.2802233105229394,0.05855683753019153,0.18724094175591446,0.108036118529951,0.26194830193984986
135.35,0.290383104218329,0.060551011948858445,0.19647901656512962,0.09904858215825738,0.26037602069783067
135.4,0.29525443180333555,0.041306748835834003,0.20723330508948332,0.10295518517262126,0.26174271146993866
135.45000000000002,0.2976345931268586,0.054283830753364896,0.21185172475502714,0.10761006631748003,0.26906010758354115
135.5,0.2965566234640752,0.043437711635012935,0.20687127591073323,0.11012046460370747,0.2830026984045689
135.55,0.31049383626452215,0.062415255102893835,0.20671513349718443,0.11423751749658431,0.2917265867714329
135.6,0.32184879916024645,0.05351840272796045,0.2091497246277221,0.10847571980837764,0.280775566317045
135.65,0.32013006545054623,0.045570733655438705,0.20719925000941677,0.10230004531918195,0.275012412914586
135.70000000000002,0.31952489770317993,0.05032271677036112,0.20943701195878223,0.09333216230485855,0.27004966019699067
135.75,0.3189616659595419,0.049256854767057046,0.21120943556383787,0.09335139621960288,0.2674923037162375
135.8,0.3174810851997488,0.058471554576131526,0.2117898622469616,0.08443729178626945,0.26997917376317604
135.85,0.31241715449635366,0.06824867949284273,0.2134538890411182,0.08593383082149848,0.26516586421222355
135.9,0.30693227109207455,0.06138976058121746,0.21541483784970455,0.08366485072314883,0.2588380246976121
135.95000000000002,0.30508433986887157,0.042266188388668156,0.22192066286376977,0.07454778921341856,0.2597155911011216
136.0,0.3059412322882111,0.036286805375012714,0.2298197299784708,0.07936165492900242,0.2553004172776423
136.05,0.3166492726529678,0.03795700395565842,0.23620166329303616,0.06667094811896744,0.24118044818655598
136.1,0.3323224314584122,0.04653412799981968,0.23899099779134142,0.06601191485165399,0.22689630570748154
136.15,0.3396262462701374,0.040670047973630864,0.23746327117643054,0.06294851004388033,0.23461787295981154
136.20000000000002,0.35094519282599024,0.03215170876540218,0.23707425569683824,0.050554124418049635,0.24516245316371402
136.25,0.3587890358618843,0.03411249191775076,0.22999064103130404,0.039128274210186706,0.24714649760881993
136.3,0.363574849482581,0.03909384266252328,0.2167421774473971,0.04171388404783893,0.24357277119636672
136.35,0.36860821792940807,0.04572318652248578,0.21321040716743958,0.04326097463728352,0.2501753924464698
136.4,0.3720027687266247,0.045051413939902515,0.21025484694444382,0.04987981068272457,0.26789608325639946
136.45000000000002,0.37091771114808586,0.0474869183935108,0.2001104766695319,0.04372142004654306,0.2838300271054742
136.5,0.36335842645729954,0.05570494803279672,0.17440243895949747,0.04111423410655868,0.28726237654458847
136.55,0.353260804256131,0.053717530984864266,0.15727468778839457,0.048865795099192436,0.27300696728106555
136.6,0.3415853442050283,0.0615299329704597,0.14698727943498152,0.0581060337977288,0.2709709176501189
136.65,0.3332310244034883,0.06924855094812356,0.13921508874592559,0.05517729023473537,0.2872887509500312
136.70000000000002,0.3348032268786614,0.07344669031051798,0.13112469657416248,0.058403729041348676,0.3161386377203101
136.75,0.3362465070058924,0.08114110629276913,0.10874924653197404,0.05951531296558906,0.33392401557114676
136.8,0.3347304676594844,0.08097274412002618,0.09239246130079946,0.06398615657594499,0.34517540645785333
136.85,0.3295600000667085,0.0907207405710282,0.07629667340068531,0.08076508642113314,0.3468305843417668
136.9,0.3127791737267624,0.1038860443202356,0.06344555648757282,0.09282596195701241,0.37224356139202
136.95000000000002,0.29770001599247653,0.12308747034659882,0.051254732401656025,0.09555486407324201,0.38413215423342345
137.0,0.28388898506353566,0.13637684898718255,0.04532731753951271,0.12158669595448257,0.406275094286424
137.05,0.2657408630675325,0.15465062313433775,0.035757044835910114,0.1281515550210665,0.42537816546757873
137.1,0.25409767780667203,0.17213100247143162,0.037932842284201976,0.1414269423354789,0.43903513081960593
137.15,0.24412028714642683,0.1928391847437831,0.04205688220986292,0.1485506647645738,0.440405537652063
137.20000000000002,0.2365382412103807,0.20575867142175422,0.04403124751919333,0.17242052319181403,0.4455160169993175
137.25,0.22969278334716567,0.2194798545862258,0.04624028943611939,0.17281945062979,0.4475392258107265
137.3,0.21960365289197104,0.22016429145174213,0.053858696127903026,0.17003148978435062,0.4479854175520751
137.35,0.21527780524758652,0.2150268454377276,0.07257419057713857,0.16922262489031575,0.44233976446562334
137.4,0.2059052996640339,0.2057193439129597,0.07745545872372984,0.16112138069073548,0.43839756515130884
137.45000000000002,0.2017161023951489,0.20911293992190397,0.07855402133428298,0.16363684706051748,0.4589318413477234
137.5,0.2121757843211926,0.20856998930130724,0.08087424619870096,0.15938215356126137,0.47470357831175636
137.55,0.21298628732371785,0.21148788817737388,0.09615934764759396,0.17425350210516713,0.49349779269771665
137.6,0.20894390767031,0.21445266729923745,0.09591178480552259,0.1913413469999946,0.4938442713189279
137.65,0.2094170737535376,0.20717546654023042,0.10191734053840842,0.1893744353903945,0.5114666036317722
137.70000000000002,0.20533284057287202,0.2077413016443022,0.10656876404959838,0.19013932630981303,0.5133130041983487
137.75,0.20617065495991185,0.2062896218465694,0.1148168834062406,0.19216287907380675,0.5180690221497303
137.8,0.2118510657912872,0.2050815527853573,0.12095524214389658,0.20329847053196898,0.5275364562367834
137.85,0.22127388898602698,0.20389827952287817,0.12440338534762349,0.19325596907599757,0.5319783953722198
137.9,0.22699328976481728,0.2084771502902391,0.13175023472624367,0.18830100160459973,0.5413280715650702
137.95000000000002,0.22259253702339823,0.21082573303413077,0.1361484425384878,0.1801288268404127,0.544467537897139
138.0,0.21835669328431404,0.2064741578015317,0.1381278981378722,0.17903278685322285,0.5536828502599371
138.05,0.22098151560350499,0.19937449239771537,0.14747618190032563,0.1714570973180014,0.5621740973194386
138.1,0.21746263946849195,0.18742784107585453,0.15845413621216412,0.17526975473162,0.5565508190175124
138.15,0.21758434337109556,0.1947014486218789,0.16560165061484397,0.16395354240522095,0.5593966345162114
138.20000000000002,0.2125027289282179,0.17351576368525373,0.17409559787335369,0.17456802477338754,0.558519517493051
138.25,0.1994927942642499,0.19169686594684668,0.17906971516435585,0.1832466138541506,0.5521678020495046
138.3,0.18881396385966914,0.1891288337597404,0.18280490891825427,0.18808534949422118,0.5616285890453134
138.35,0.16987212059118217,0.1888876367893765,0.18670005501876277,0.19067742156908482,0.5592933435824315
138.4,0.1596666501230662,0.1841994576952004,0.19335206669885008,0.18202930079991117,0.5632902854051098
138.45000000000002,0.153963364009517,0.17274452978687224,0.2009700428784256,0.18154452528250403,0.5694801250444852
138.5,0.14082108881339317,0.16918177632700535,0.20738625354323328,0.17101299943891218,0.5679159152577612
138.55,0.13180409392933973,0.16303062747147012,0.21622082474430074,0.1650207311949731,0.5728793807728215
138.6,0.13284970130315274,0.16422203382962483,0.22156825139550648,0.1629737134521155,0.585705124210957
138.65,0.12426816031705762,0.16527320083832545,0.22515757077466894,0.1612667999688257,0.587748117846243
138.70000000000002,0.12319089932366784,0.17442549052332332,0.22389859596294878,0.16069857664745762,0.5882127212601117
138.75,0.1249958114663106,0.17080133687906354,0.23288547931482043,0.16829196899498183,0.5937714036779712
138.8,0.12570922264080447,0.1736589137895905,0.2438741438054942,0.1642589178284105,0.5986470980450699
138.85,0.11893684385941804,0.1743939253855169,0.24704437304416477,0.17096028918154577,0.592466498366504
138.9,0.11323229726050058,0.17449612216126067,0.2567648159656153,0.17236771460655184,0.5910769456796611
138.95000000000002,0.10614459188755804,0.1721213491618304,0.2612179331990198,0.16642352355407652,0.5966177870064829
139.0,0.09982193346232994,0.16624579995544442,0.26802179717408003,0.1486871699041735,0.60336650304643
139.05,0.09849155410733834,0.16859028085328864,0.277647998068893,0.1496358155323494,0.6107556965414521
139.1,0.10184472265759931,0.16443232177247175,0.2883081417237001,0.15724704614339008,0.6397910622127966
139.15,0.09714376047124645,0.1534416751445118,0.29277914909568475,0.16529282894124941,0.6656661415629825
139.20000000000002,0.08675146000437303,0.15344671901290594,0.2946080790055145,0.16457292399438259,0.6854577239838389
139.25,0.08510466661336813,0.15501380653654406,0.2965843020985232,0.17624847764792828,0.6852371958281981
139.3,0.08265283642721512,0.16722645015023385,0.3064407766105607,0.16984774326209381,0.7118175487747738
139.35,0.08671706304581617,0.1743609612668606,0.3119029780022879,0.1779268870559834,0.7286677340115676
139.4,0.0816776085955589,0.17696530197731744,0.3219379656896745,0.17778122253353154,0.7327845198605399
139.45000000000002,0.08071793839754472,0.18078144399404672,0.32838477631315943,0.18765836144754647,0.741105493579064
139.5,0.08117274333120514,0.17852813596800612,0.33341627506529387,0.19193774354623294,0.735138790032811
139.55,0.08043560179197189,0.18897987086280185,0.33825307993718884,0.1918924950601252,0.7278915732888824
139.6,0.08454045649719891,0.19087972816598484,0.3378305688602967,0.20491604016248496,0.7293211208657201
139.65,0.0815230942945884,0.18620061705691887,0.3464479569054565,0.19538792113073886,0.7051252241218342
139.70000000000002,0.09177504063275731,0.18874716648369944,0.34762114173184333,0.1947447721176046,0.7154021940833173
139.75,0.09984569310236505,0.19467441283547404,0.35048094634976634,0.20027912555159122,0.7094214252165285
139.8,0.10220500081290947,0.19765825087838879,0.3545049749025413,0.2045288182100961,0.6923723612349725
139.85,0.10614001225790547,0.1925455271939278,0.3517062488410527,0.1979619575761021,0.6833252136540127
139.9,0.10992595466084568,0.202052438324469,0.35259212628961256,0.20257769879885798,0.6717699069558899
139.95000000000002,0.12449136260118866,0.19412621732180682,0.3624542262456679,0.21260339732736996,0.6688947857494858
140.0,0.13203754476659074,0.18870992047013468,0.35858414877875255,0.22870214487155904,0.6751979142048705
140.05,0.14410548765185613,0.1898856920088469,0.36915366712873965,0.22985982075850947,0.6725617804923677
140.1,0.15997800125992728,0.20568035861009526,0.37681306079747373,0.23605796120390696,0.6760052044190094
140.15,0.16935363391625244,0.20132756767165322,0.3877935939637884,0.2322220132931902,0.6691754492451096
140.20000000000002,0.17094341562084367,0.20358428922638536,0.3942134860667602,0.22652442463010694,0.6637227457368099
140.25,0.18040495103256432,0.21688942300566832,0.39293815220002853,0.23745110575330636,0.6608591288031961
140.3,0.19035113006693652,0.22475352525962763,0.38753821927808335,0.2452721513440506,0.6537196286608409
140.35,0.19142669279847951,0.21948393380967846,0.37057415198306637,0.26338157398502754,0.6558665475658664
140.4,0.19773859533763333,0.2132902299801623,0.3504834748440918,0.24924168420420767,0.6645866642491915
140.45000000000002,0.20521474516357432,0.2053332322621061,0.3336091599102963,0.22884351916945633,0.6669000730421142
140.5,0.21333903130930426,0.18951236810086547,0.32298031220998313,0.22074942083410304,0.6741485091111548
140.55,0.21560375414765626,0.18291537653907108,0.30744384467289515,0.21056823521663548,0.6687478182161399
140.6,0.22970793112881666,0.1701912200052775,0.28353670054533825,0.18931583518415998,0.6739685853980555
140.65,0.2380278500124261,0.15853817364598752,0.2595920297153799,0.1672814863193543,0.67878846140172
140.70000000000002,0.24308739684858754,0.13484141257283294,0.24309391962554722,0.13165993578107418,0.6952873683031133
140.75,0.24729862623827378,0.09894286718574748,0.23840562901808554,0.1226812296758039,0.7082412903053839
140.8,0.24872015615220427,0.07550391286154519,0.22883412117925644,0.11563038793595704,0.7018687881042417
140.85,0.25242353207657814,0.07762149258142816,0.23039026670167262,0.09814162809125421,0.7031185933283199
140.9,0.26086249473495854,0.09927670160095846,0.2215983272374925,0.09249093775318185,0.7031775411085307
140.95000000000002,0.2605746465010221,0.10807199904597461,0.2192176109272121,0.0955807271326703,0.7081811163260977
141.0,0.2668633408809751,0.12055043031950459,0.2252291509071823,0.09240504651232123,0.7033752492175022
141.05,0.2734710122292181,0.1371906848351828,0.2354409129907284,0.09234121065580082,0.707549511780432
141.1,0.2838150200775795,0.14396779215159483,0.243900325973404,0.10157729889358098,0.7210093078302547
141.15,0.27829994865467356,0.14696034937509003,0.24750318892759113,0.10443229056623272,0.7225325853262347
141.20000000000002,0.2793607232882058,0.14963041643255184,0.2528398047188134,0.10713619971530255,0.7271240509478188
141.25,0.2775353606308956,0.15172412103681965,0.25316748131005457,0.11228087555236564,0.7214334474145238
141.3,0.28887214994272914,0.14267851621057337,0.25412529589558,0.11330669163930528,0.7324718349700194
141.35,0.2937083576715347,0.13105813266877891,0.24962641390964,0.12031680534309126,0.7372041323593064
141.4,0.3029788957902277,0.14282022447044046,0.23836323075749283,0.11549298408419302,0.7363876410487462
141.45000000000002,0.30207183889808686,0.1471882373179179,0.2320330204853624,0.11094793635491101,0.7420500977842187
141.5,0.2886128885232226,0.13607593455588046,0.22478221413906366,0.10418334819984106,0.7384143471196157
141.55,0.2894769714937157,0.12571877647460822,0.21360833321568173,0.11375057657615846,0.7481383610834578
141.6,0.2873408400160182,0.12928899076297765,0.19870083216270226,0.1029398803581864,0.7478162552672202
141.65,0.28276059311778134,0.13973779553141663,0.1834794354508777,0.0871157918262758,0.7303791515327198
141.70000000000002,0.29346647826470335,0.12917291189375127,0.16994736469712568,0.08628223544355475,0.7139880096449522
141.75,0.2872539729651776,0.12907533387829362,0.15539189472346915,0.08777589360139644,0.6949459775663829
141.8,0.2817163555096467,0.12925567180104566,0.15385709517304968,0.09637787766235398,0.6844106187592717
141.85,0.27653783696316026,0.12826299058330695,0.15268346947293088,0.09460855864836129,0.6774299115068326
141.9,0.2769723440094193,0.10526647126051143,0.15013763012913173,0.10163010806949686,0.6828156810467028
141.95000000000002,0.26675897058480424,0.11335325466898273,0.1420655860074616,0.09559540352396605,0.6735653642424434
142.0,0.2721136235311503,0.10792891478342453,0.1308059631726162,0.08676408549702196,0.656077046761073
142.05,0.28009913180464274,0.09829121991532104,0.12354746267303658,0.08934257679847482,0.6434831302730126
142.1,0.2776662769649749,0.09803742638068637,0.12162434725888971,0.09219330995527493,0.6288350960381225
142.15,0.2813501591745048,0.09488517767938037,0.12249312867170038,0.10486015409335916,0.6215156652207107
142.20000000000002,0.27984302029761426,0.10133315739501615,0.11616380140754395,0.1046924497433739,0.6151015367822812
142.25,0.27700643031091016,0.12144066360538328,0.10662233715455044,0.10149317193768562,0.6249996318537743
142.3,0.26012164896762097,0.1293229319290963,0.09980815956319904,0.09051003673701445,0.6371006387952924
142.35,0.2547727113662302,0.13056891462577833,0.08632719155498697,0.08840353407620313,0.6137372451425077
142.4,0.24847863298400297,0.13508308847148756,0.07497973333976754,0.09864207553765168,0.6134003314692736
142.45000000000002,0.24785747276080458,0.13109722400631285,0.06797919795522363,0.08986750970769587,0.604736163105447
142.5,0.24772860406447092,0.13517693746681206,0.05835479616842771,0.09215592394222738,0.6004438626617545
142.55,0.24752750367246404,0.13757441100198964,0.05882118631929002,0.10298104931340546,0.5879948343428756
142.6,0.2554993882036357,0.14060712129696487,0.0640536478349357,0.0991715798321536,0.5866874079333947
142.65,0.2526873975904141,0.1474479833942556,0.06646902608007049,0.09220059164820421,0.5843999895618667
142.70000000000002,0.24410738325499506,0.15338699596085514,0.07259624129652742,0.10231316962683364,0.5741431671225798
142.75,0.23504032157938662,0.1623990163049014,0.07791349335822251,0.10148468912856899,0.5881473311086527
142.8,0.23339469109381067,0.16816162181727146,0.07354552998524908,0.09468194708986728,0.5911961555285474
142.85,0.2198544955122812,0.1780019371328134,0.06945859749294252,0.09485182278794682,0.5911833206160978
142.9,0.20675858540207734,0.18296359060287462,0.06488939794747636,0.08500456294688685,0.6014721636883487
142.95000000000002,0.20442044365568846,0.18499121990960507,0.056863637211992946,0.08970120034898457,0.5936032663808228
143.0,0.2085714114946499,0.19635110350505242,0.048393785239313376,0.09485272810120303,0.5953090349959562
143.05,0.1959770527906291,0.20012276059152953,0.04915329383425839,0.08835567673547447,0.5851121386397012
143.1,0.1911106586658274,0.20688537132114715,0.051763965815961925,0.09490502447354364,0.5835531724899093
143.15,0.19094775297088692,0.21071043102238077,0.042651167412980986,0.0962045696203634,0.5920098345615615
143.20000000000002,0.1897447596561563,0.2218779864040497,0.037769914336865225,0.10232134973248587,0.5805175546422737
143.25,0.1792605273461519,0.2272773908798295,0.03225740686313005,0.11618457201086597,0.5833350468661406
143.3,0.16986686483864313,0.23031140742312003,0.03410641443665686,0.11342056204121428,0.573568225665615
143.35,0.15994677254436288,0.23552534023115834,0.04631437694744697,0.11515298168464695,0.570767302981441
143.4,0.15211427135230976,0.23808164533897613,0.05060096611006105,0.0982648184684037,0.5772195878433833
143.45000000000002,0.13597352559001205,0.23149810190426484,0.05485361127038653,0.11400013063298187,0.5928463225263989
143.5,0.13094139958419884,0.23559904307242455,0.05643669004619303,0.10205067167974205,0.5949067545538096
143.55,0.1195564711527476,0.23703771649312302,0.05237101583395895,0.10435062020874197,0.588371853655553
143.6,0.1081989292167978,0.23264768900367883,0.053757637082341804,0.09910054042340265,0.5804302690372215
143.65,0.11135763123215017,0.23222583025602123,0.0576481548910777,0.08588918509691286,0.5888792308679636
143.70000000000002,0.1118128555005423,0.22517490565574708,0.05532997671475664,0.0934267288248165,0.6028979767602926
143.75,0.10373897850839872,0.23042027187359843,0.06134709544084688,0.08996483580674859,0.6023090495705866
143.8,0.10373536757609925,0.2223502660275973,0.059348748044411856,0.07885995095293631,0.6079012766962695
143.85,0.10478444908590132,0.2229958181234592,0.06820252059112593,0.07897476907641102,0.6100422168282889
143.9,0.10479649040319097,0.21862071675504793,0.07119950265328062,0.06117983843508813,0.6060028964131768
143.95000000000002,0.11362747615220793,0.2035812737867343,0.07862751821181836,0.061269669802789965,0.609721481726423
144.0,0.11464259419775746,0.21690807459847666,0.08495705197441608,0.05808908940054313,0.6038704037370737
144.05,0.09723915968264828,0.22450476339121192,0.0924606776580647,0.054160033030623715,0.5786195480849865
144.1,0.08697439078477456,0.22121436141349776,0.09609520729955615,0.04436238800567816,0.5473966944255501
144.15,0.08196815072555542,0.22308373073869356,0.09889859576893632,0.04107290844964137,0.5229970198323045
144.20000000000002,0.07194202207505415,0.22684586190887523,0.10675700359487945,0.04407637352818887,0.49579158689750386
144.25,0.06268863338067518,0.22534766718128693,0.106424320128858,0.04945577025265133,0.4824925786154381
144.3,0.06372846534782078,0.21740082761125804,0.11179666019293003,0.04216586642315901,0.45985892103416354
144.35,0.05263091924836039,0.2214938033627982,0.11465114160179068,0.047121687278588884,0.46119659361316173
144.4,0.04968750447179343,0.2197419121958538,0.1174354660899442,0.053882515554540114,0.4583336455329527
144.45000000000002,0.038531211293471236,0.22876697064993967,0.1276413102125418,0.04480647857191082,0.4404559947825105
144.5,0.03272366390852115,0.22757483639253206,0.1316624482067408,0.05643317234394804,0.4264236635964565
144.55,0.026685429608280114,0.2350525547193561,0.13577288423987405,0.059256240922487886,0.4118445342892058
144.6,0.01654343707331069,0.22382796594396634,0.14385351742611374,0.06724253933117497,0.3947961345290344
144.65,0.011065494038514425,0.2308444752811514,0.15704626566511148,0.05966306883006103,0.38203081772222824
144.70000000000002,0.011919589695180248,0.23582151275175586,0.15804246926446994,0.05168863887194677,0.3729098559554283
144.75,0.004432593749013232,0.23081491503765214,0.167224646518125,0.04809368412651184,0.3653093648999683
144.8,0.012073686600500707,0.23102312785497195,0.16495137637498705,0.049743660946118796,0.3533299887671538
144.85,0.01608523609859985,0.22358584723716882,0.16904638525915183,0.05022245810973548,0.3608139535388181
144.9,0.02898381918093463,0.23316508094427918,0.17725526529980154,0.04768599806670263,0.3725288724338941
144.95000000000002,0.04303426909597152,0.2250166863909058,0.1793302876675064,0.06465777607452944,0.37986782920682505
145.0,0.04823684822631005,0.2369761764520495,0.1883418254381074,0.05389916892236177,0.38899554347479076
145.05,0.06294755190201558,0.23211513906995454,0.19829436534559983,0.0570092282294582,0.37443816512626016
145.1,0.07101440607523818,0.23420896069834937,0.20155484350536296,0.04274602526882374,0.3669989502591728
145.15,0.08727147852596284,0.23167554560575604,0.2006814583046212,0.04863062681049195,0.3631075837152388
145.20000000000002,0.09492213513222136,0.23178001213706803,0.21570585745675394,0.054333424231349146,0.3555870318501683
145.25,0.0959178060009928,0.2316727507138771,0.22229437779731567,0.05155537058559768,0.3462768554034834
145.3,0.1031060703052527,0.2174930407216187,0.23391169358373043,0.041299649540816524,0.33877162999119886
145.35,0.10927952560538426,0.20393315764598235,0.23753903615671945,0.02526546141538655,0.33492840499245613
145.4,0.11289119505071411,0.2073683313675676,0.24026273652579125,0.015511981097984864,0.3387830226883604
145.45000000000002,0.11095005894283633,0.19811419916362913,0.24303452442168777,0.02192862805636026,0.3373951063556875
145.5,0.11711729514041258,0.18418401186051425,0.24003073361966712,0.022026159451246682,0.34704969215855164
145.55,0.12933924365427882,0.17737235627370765,0.2442386606173306,0.02862660037652397,0.35435992067059746
145.6,0.1389305366981458,0.17663911874124388,0.2528966194327897,0.038507773111853716,0.34605212046932693
145.65,0.14673041282208232,0.16162113136644604,0.25518856709345655,0.0405137461076372,0.3565782348691423
145.70000000000002,0.14816379698578255,0.1525779774643434,0.2610211676029065,0.044057966770825706,0.3672738660345571
145.75,0.15515952208611408,0.14001109998171998,0.2608835142977753,0.042088521640430615,0.3533034978654142
145.8,0.16084197338570735,0.12950509797755186,0.25726163637921673,0.05995541164907923,0.35346940070573174
145.85,0.15629138228305015,0.13268706679023312,0.24233782363335724,0.06479563200103305,0.3519636061653908
145.9,0.16358732817125693,0.13007955187545947,0.23956575695840499,0.07424261020695831,0.34950237711527987
145.95000000000002,0.16824962089620663,0.13426133543070148,0.24298926874745658,0.0714106890853099,0.3539689211866939
146.0,0.170018381616647,0.13222616986246172,0.23200845309878237,0.05970186262670505,0.37181536934297876
146.05,0.16671877029601442,0.137560434761309,0.218473842244973,0.0751302887829713,0.38263498131406426
146.1,0.17414680611071875,0.14284702178286268,0.21906391313024004,0.06856069851386917,0.38888879147556726
146.15,0.1830761006395966,0.14213274529319858,0.2069186073083195,0.0806409882640573,0.3857141043936653
146.20000000000002,0.1769907971974942,0.14322384189702916,0.20016298712277728,0.07420574146863446,0.386889157885429
146.25,0.1737888876401992,0.15616912636960414,0.18327829238645707,0.08424561845817755,0.40253043800096255
146.3,0.18104876644279902,0.15790044548736404,0.18548768037437327,0.09517146261986051,0.4249867348508284
146.35,0.17998809620679596,0.14966210063641638,0.19176942086335533,0.09492780644788716,0.4553480169183784
146.4,0.18909356080950498,0.14327252595762816,0.18797748934811961,0.1022295561905626,0.4622864718433981
146.45000000000002,0.1882166189325682,0.13343268403749822,0.1793876580155638,0.103225374435649,0.48110806789391314
146.5,0.18783000933109092,0.13140178478433495,0.17071497779271014,0.09886445546248365,0.49482486890925936
146.55,0.19312454559242018,0.13144020446575932,0.15754256589077217,0.09919270834076159,0.5097452879602565
146.6,0.18192594970015283,0.13272353605217307,0.1293076866479707,0.12044017345604079,0.5306572339419408
146.65,0.18181206944130754,0.1429829477580204,0.11825717413036882,0.11692812934283443,0.5196315480855676
146.70000000000002,0.19324491965022086,0.15056092125758389,0.10252697826431649,0.11729135456192477,0.47973140991754687
146.75,0.1836781606779928,0.1412403473877542,0.09241825478052944,0.11869469080423545,0.4674785627628453
146.8,0.1778659252344277,0.1469513833325288,0.0891620780146044,0.13293057515093987,0.4607219437207589
146.85,0.18652063021152987,0.14956648599722688,0.07652127726869033,0.13496913863698062,0.4592702326177576
146.9,0.19311990550301636,0.1520859271886139,0.07450401978431992,0.12980875681805287,0.47683830987430503
146.95000000000002,0.19616172156108283,0.1559808890954209,0.08391206071968108,0.13791522736395567,0.49876558197883347
147.0,0.19455640131608662,0.16129795728064375,0.08334824022641538,0.14569487881480075,0.49066233190573616
147.05,0.20265529281773995,0.15956774248675196,0.08814505868906083,0.13932925401691185,0.486818241403045
147.1,0.2134755201780038,0.1511618646169188,0.09032622502845335,0.13233410287397074,0.5102840597821231
147.15,0.20970396360121402,0.14675815651743168,0.08701610722835336,0.1125949223440237,0.4885740299974268
147.20000000000002,0.21174068665127815,0.14527746541799547,0.08650992070630525,0.1083540692520622,0.4625491099027009
147.25,0.2095481306419419,0.1562826071627171,0.08797348406460935,0.11159861064291986,0.44683235606196225
147.3,0.2049009711195411,0.15350240323982478,0.08747917871645552,0.11524000118672795,0.4275245913898611
147.35,0.20681136930557753,0.1551042840070054,0.06947946188613245,0.11231706395808039,0.4055481808124727
147.4,0.1963026028118634,0.14833801209997236,0.06491385281094421,0.12577182719462293,0.40060361954251134
147.45000000000002,0.18087927394459738,0.15439495969070335,0.07208622629061893,0.1277445776346558,0.41582083253111585
147.5,0.16919583754229867,0.15529604055807864,0.08236726951724158,0.13016760016178847,0.411746761292219
147.55,0.16000940487016713,0.15866930208280988,0.08402174396559639,0.11101872311766607,0.42134865644093544
147.6,0.15299680720844624,0.15683873354429154,0.08673978288740493,0.10866024621179139,0.4224751099424812
147.65,0.15268869420136327,0.15497879363286593,0.0949840209708869,0.09959606574847445,0.41347055003728583
147.70000000000002,0.15090702857785177,0.15600515794818898,0.09447076804109576,0.09579019098850283,0.4159409178913692
147.75,0.1524886272522756,0.15234715696376375,0.09619288279951319,0.08469423412367791,0.40680117236796665
147.8,0.15261839089061296,0.1511915288123131,0.0977200675712154,0.08685811812490778,0.3971067542299723
147.85,0.15552472104156947,0.13448833414870565,0.09953399811179404,0.08316392070523178,0.3904039049798426
147.9,0.16280904969758825,0.12629599904111488,0.10232405129463096,0.09961581013189758,0.3986000528884872
147.95000000000002,0.16544836518543576,0.130077743726397,0.09996475351760162,0.09876653889979344,0.39355002052181465
148.0,0.1678791634860072,0.1235775161144056,0.102653818689222,0.09158627363108363,0.3857935775785217
148.05,0.15755889846464463,0.11787043820883572,0.10758177250151313,0.09554301610825261,0.39792167108087423
148.1,0.14527416075052166,0.11630424348932303,0.1118007311343771,0.09435412397861664,0.41002317089934803
148.15,0.14689013373643028,0.10835282705066177,0.12205881089839928,0.08199643148493732,0.4202136610027477
148.20000000000002,0.16120777602637784,0.10652554040750518,0.12919898425847165,0.05955515470485417,0.41165265638545373
148.25,0.1574147543374894,0.12665041702562943,0.13289739502293837,0.05780885631086528,0.40770675583144544
148.3,0.15591584851172868,0.13300907875261792,0.1305163622042739,0.041447814582325604,0.41609893671160547
148.35,0.17799918068730428,0.15175972179381128,0.12892160469011169,0.05428131332896455,0.4292189583790285
148.4,0.17517605160555005,0.15472937431232991,0.13803757764078758,0.02434414509141402,0.43132494636026747
148.45000000000002,0.17087650287791023,0.15872201906770197,0.1478297387419186,0.011706728559190513,0.4426165051685814
148.5,0.16352752304568416,0.15441849184903797,0.14826867471430966,0.009724153573498318,0.43261282174081284
148.55,0.15561538552947296,0.16365805834531752,0.1517145504476329,0.021404010588350095,0.42165037821582024
148.6,0.15524428408787944,0.15970586368377226,0.14805038401963977,0.03469769770322916,0.41079162172311673
148.65,0.14051396967803104,0.14162740961887468,0.15601664100440082,0.026013075648242248,0.4164682594744261
148.70000000000002,0.13835698256021123,0.13665280379658495,0.1609841937116328,0.01646991551926467,0.4167467506595361
148.75,0.14348801884122203,0.12532702284619365,0.16956717608436508,0.004792046904418706,0.3931198263586419
148.8,0.14966802377733865,0.11966653418909505,0.1754110500536858,0.007894903865251681,0.3967239036497608
148.85,0.14439313135094028,0.12001401414537101,0.1776982728067082,0.021324983472320893,0.3898560330894272
148.9,0.14123676981863292,0.11907478831310028,0.18127778851677692,0.017268202624826888,0.37958405719864513
148.95000000000002,0.1454982791696416,0.12229650441338843,0.1836667751060855,0.019194272299686763,0.3811798831843674
149.0,0.13299894904410053,0.12714240265038448,0.18954766020384242,0.018357801178412122,0.38642934375625726
149.05,0.1284817000291451,0.1409809198496895,0.1984919310293925,0.021668110185168458,0.3855561195766716
149.1,0.1317932479314071,0.13457412046256795,0.20070247919201362,0.022861351058667073,0.39635413609788983
149.15,0.12777108511177424,0.1387238601399584,0.2131417755801639,0.029826875269015805,0.41010102873470383
149.20000000000002,0.12153571678612951,0.15041629871639534,0.21962685425936906,0.037292774757896024,0.4198231275305605
149.25,0.12288764707633333,0.14850364427184973,0.22608890774049195,0.052800511171234896,0.43479028253146856
149.3,0.12451229657376055,0.1673922764757255,0.22945043589006403,0.053991507039883035,0.4470895121745632
149.35,0.1266055056180923,0.16554587270272078,0.22984792682310573,0.0496488414804477,0.4363782243448987
149.4,0.1210801718519275,0.1674763712261771,0.2300986256656196,0.05323530551015841,0.40656019906752805
149.45000000000002,0.12606531516083594,0.1596142632448516,0.23059627292378548,0.04928704371433572,0.37537872318258736
149.5,0.12317899932723025,0.15658113473835922,0.23460742529483455,0.045825986026091656,0.3580355984574692
149.55,0.12422172779698454,0.15670211775206813,0.23748592421052495,0.057994268343733446,0.3624351835570059
149.6,0.1272511381845341,0.15904823355900982,0.24079850077627135,0.0501951397752999,0.35811829214915253
149.65,0.12575275250134982,0.16545903132749784,0.23763671687811627,0.05252768904795084,0.35258284524805866
149.70000000000002,0.12239444390312582,0.17722805200828853,0.2410266193074006,0.05709858652710202,0.34762635472780656
149.75,0.11821921807942117,0.1901929317614642,0.246127694381959,0.053513451123182953,0.3384375222393292
149.8,0.11653154585098699,0.19431979774457608,0.2538785445726089,0.04982858887097958,0.3315111905051281
149.85,0.12026818503489399,0.1983223313288251,0.25786339984095796,0.0491581651738943,0.33152670768943293
149.9,0.12486400894650136,0.1953785419990674,0.2595962363276263,0.060650941639659915,0.34263864290123974
149.95000000000002,0.12703984991894907,0.19284856099465636,0.2654105219494433,0.05924990794773689,0.3583060234721532
150.0,0.12900823843558853,0.20332850582131554,0.27270519717792163,0.042261180269318584,0.36690689147019684
150.05,0.13642093354205706,0.21037193307786659,0.27994428536681953,0.05311392015839287,0.3732004834148317
150.1,0.1418618845901736,0.2151550990015787,0.2877624157352198,0.035696384888467145,0.3795602347454873
150.15,0.14573098478253932,0.21438411867957166,0.291225455177343,0.03592565379991247,0.38428663723393225
150.20000000000002,0.1448422025865107,0.2175052096234465,0.2914142042997931,0.049360131143542534,0.3901547629061272
150.25,0.14841546358479504,0.22172865459035854,0.2866663350219943,0.06514101252613112,0.39011073782919803
150.3,0.15417066337984242,0.22117440978864555,0.28261749640488565,0.08071092769178179,0.40482100229122636
150.35,0.15515986519558567,0.22652500999287664,0.27360410828958087,0.08335984113044208,0.41198647451154086
150.4,0.15813942891937596,0.2160688577276709,0.2704888331838396,0.0868382271435689,0.41428629732141997
150.45000000000002,0.1587307689871769,0.22229849927181974,0.282129669250922,0.0863325230871093,0.407265168275023
150.5,0.15776109618205414,0.22573648388916226,0.2719130775244526,0.08192105701460596,0.4153658262333078
150.55,0.15275830264684898,0.2304331017704858,0.25995914112734086,0.08148908809980465,0.431804817301653
150.6,0.14310080506084955,0.22071199000908837,0.24988378168924133,0.06775543133894087,0.4319488967281513
150.65,0.14191201738457163,0.21698600824884565,0.24245481650315912,0.07040547897690094,0.4357849820381418
150.70000000000002,0.14075193537344902,0.22549907155843676,0.2306366660468926,0.07066100467163478,0.44450079729455333
150.75,0.13286531416500297,0.2151000431123933,0.21046986441380666,0.06536493309369615,0.44009012215104065
150.8,0.12763031965736235,0.21260748102415303,0.19814415010005754,0.055418359333618834,0.441105767664329
150.85,0.12472164138108703,0.20710222678933085,0.18646538859749098,0.04370675653393145,0.44140216858803755
150.9,0.1196314207302879,0.20709824100719432,0.17718681152035012,0.04732477634407616,0.4342524697107347
150.95000000000002,0.11678573444431031,0.19942647774295008,0.17204393852977418,0.04020706248412251,0.4396865319148212
151.0,0.12606711901644005,0.1992842229202951,0.1706074631582861,0.0435964869350111,0.4450969589788705
151.05,0.133952280568537,0.19916848712976132,0.17174164714775988,0.03383835569432994,0.4416682815670426
151.1,0.14193676316559678,0.1955289353024176,0.16843652500500345,0.043626737327508186,0.43825200987116425
151.15,0.15148101760108504,0.1977570180006487,0.16042695448850594,0.06013080457654014,0.44270454941357223
151.20000000000002,0.1582983960513061,0.20097815596030397,0.1645576446644831,0.05561902263698284,0.43945298313951625
151.25,0.16640964047483528,0.20403686928796216,0.1706000109818161,0.05703411795124849,0.44981355234217624
151.3,0.17463929596796915,0.20411884331223723,0.17811210589149018,0.06007033067338804,0.44146205782021825
151.35,0.1772101498713053,0.20957660348050092,0.17013353695326355,0.07458688465031,0.44743422300862445
151.4,0.18324111050163164,0.21069562316635862,0.16668108216515737,0.07655480546331546,0.4520061747503373
151.45000000000002,0.18470773800177,0.21586986859135782,0.17216075999616895,0.07599549307870782,0.45386196058627615
151.5,0.18458890064992806,0.21644635287675423,0.16844577619581882,0.07674205731957517,0.46230940691412553
151.55,0.1852815490219274,0.22659466694752542,0.18058458959836762,0.07322733608764212,0.46634065412481446
151.6,0.18050783416580676,0.2262491528343174,0.16648564563110296,0.09037519444700247,0.46202862792010313
151.65,0.1737235577858872,0.23190382333453285,0.15323104774677368,0.0974842870695268,0.45214075974193757
151.70000000000002,0.16293173360293475,0.22817618342822388,0.14972507820837574,0.09484310975256499,0.4437475877558547
151.75,0.14753269951301612,0.2436348814698375,0.14625973284922858,0.1098369324490206,0.43421082623461466
151.8,0.13189022259303376,0.23126523936501725,0.14416916820531692,0.1032679050585304,0.433031258617613
151.85,0.1157321163106344,0.22495317989118022,0.1404173399735755,0.1037968808265648,0.43990606672735466
151.9,0.104731886994828,0.22394516596615577,0.11932243293454649,0.107054785504614,0.4406727292431616
151.95000000000002,0.09786974981641156,0.22113116122264156,0.10604447959511225,0.10757454879117131,0.432283990990879
152.0,0.09126063369786219,0.23584787794666068,0.1045211035587015,0.10403827739770242,0.4151172445785934
152.05,0.09291238295434678,0.2285356381158828,0.08728968091101208,0.10305058388879715,0.40383691530015187
152.1,0.09205807721201688,0.23354418640511435,0.07484978861074977,0.09547669306754136,0.3929971832128538
152.15,0.08916463671472274,0.23329827600771585,0.08767792159237431,0.10020736511627458,0.3805426374858531
152.20000000000002,0.08144315978707357,0.2279629309208394,0.06985859085019724,0.10505556845714271,0.3862756461816025
152.25,0.06762223251542485,0.23832405114612398,0.07092327814621287,0.11751304298101123,0.3969463849218764
152.3,0.05335210764332121,0.24734110453926322,0.05861172892552929,0.12135126591327414,0.4006365105476107
152.35,0.04314102024522894,0.24808423488840559,0.05943873955898272,0.13081427460052408,0.39746473062885557
152.4,0.04190492709831239,0.253502693436536,0.056013820227163565,0.1257917113471158,0.3972899841272955
152.45000000000002,0.049074953870876695,0.24296220736289387,0.05713172817697488,0.11250337422090075,0.40623841546730555
152.5,0.04385989159982627,0.24945806703347007,0.04549321474441052,0.10031056770329612,0.41538424121406153
152.55,0.0500710416064212,0.24357394643059063,0.041107704638084316,0.10067910629410581,0.4150828132582104
152.6,0.04524111527059325,0.23802225127401358,0.04253047581969545,0.10898633118322537,0.4083365741226335
152.65,0.03663660682570104,0.23475514439182144,0.04954303829076794,0.11032213392777747,0.3802884364029175
152.70000000000002,0.03095585786428921,0.23731096089899203,0.04830167845469479,0.10363019780857444,0.38606105282083264
152.75,0.02628234504862937,0.2347911060126474,0.05615095783382205,0.10513972733018136,0.37938823037529473
152.8,0.02554779416750224,0.22725180478746274,0.05870545897329943,0.10615237847237963,0.3800784215716926
152.85,0.03247694649921421,0.22106085632310918,0.06354307203722762,0.10522622747060144,0.38815205280917103
152.9,0.02567649334701917,0.2235303158158729,0.0648098771274429,0.11045138059919031,0.382835089878463
152.95000000000002,0.01464784465893399,0.22020484304186655,0.06950374955248902,0.11101188329569786,0.37999280173641004
153.0,0.014690550565633134,0.21718620856541782,0.07335962861426705,0.11278839498093034,0.38107968519737123
153.05,0.011447197193307284,0.22724641509517493,0.08514778431198877,0.1062378389569517,0.39105787027242495
153.1,0.011512343990981739,0.23659687856553324,0.08764692543119856,0.10290906866616396,0.4005535292753509
153.15,0.013725128461532031,0.23756166277222354,0.08652552123713267,0.10420516192926042,0.4006552630855546
153.20000000000002,0.022060658556141827,0.23617888452647923,0.0900332562387524,0.09200817839858781,0.4017203578119458
153.25,0.032869912546773475,0.23502462466229385,0.10435174756118548,0.0853360410926735,0.41842084217324227
153.3,0.04262983864856082,0.22964716822225567,0.11037973002681203,0.08327323433699814,0.4138138662367455
153.35,0.04902894047658867,0.2262411617537747,0.11862169533144286,0.09209083105307994,0.42297922818545164
153.4,0.057020110220726845,0.22726996252998186,0.1271330027298134,0.09475913138520234,0.40491505299242403
153.45000000000002,0.06609203608581676,0.22143265032266962,0.1336517867324865,0.09395808146991709,0.407849960073944
153.5,0.07336898061958393,0.21772444415781025,0.13898048824583878,0.08437412833640974,0.4126363094945128
153.55,0.0874946055920881,0.21410238000447201,0.1477599497370325,0.07037662533921632,0.42514742632621283
153.60000000000002,0.07944578694034286,0.21075947660298328,0.14464420264517552,0.04189857034156499,0.4375506764440562
153.65,0.09173321448592638,0.20196971523449483,0.14587554436448572,0.04113935653266743,0.45859482283910513
153.70000000000002,0.10154391172053416,0.20882057402641557,0.14393959385899746,0.04749044354921529,0.459549301370835
153.75,0.1027094687824838,0.20723061183740954,0.14543871216826462,0.05702076119292679,0.44286630518877157
153.8,0.11630913217205303,0.21791284123650528,0.1450750835344807,0.06209061512511628,0.4351291281461438
153.85000000000002,0.12054442999993459,0.21764516064323208,0.15328076770835503,0.0671565162410672,0.41913048203221537
153.9,0.12281414200845261,0.22784742004626315,0.15533994464736742,0.06367478902633728,0.3993235678531145
153.95000000000002,0.12446963464328896,0.22837023776294624,0.1557646952928015,0.07213860627718087,0.39750119235920406
154.0,0.13672821612448033,0.2385276406923245,0.15730852123938296,0.08206105745119498,0.39482783739498195
154.05,0.1386728069070619,0.2398659153688788,0.15945220858644976,0.07381535066420403,0.4032609982408716
154.10000000000002,0.14812002046914147,0.23632282220804066,0.15570642931643075,0.06625708689431889,0.413962330013801
154.15,0.15458533952528997,0.22839908132432146,0.1420881926973233,0.07191751189744612,0.4197635290595617
154.20000000000002,0.15963630975336862,0.2425776709952946,0.14156431437204708,0.06419207137129601,0.4239607397842425
154.25,0.16825308584655368,0.23868790655028915,0.13674399613987298,0.069947871954336,0.4234005006834424
154.3,0.17314613040933516,0.23440556166319673,0.13755778373673497,0.07431524625854934,0.42238967789010434
154.35000000000002,0.18142738565183236,0.23256470510986563,0.14098370114448222,0.07465986498880195,0.4269684722104809
154.4,0.18519659203390607,0.2282384931862081,0.14134369226313276,0.07309102557063804,0.42905285149122835
154.45000000000002,0.1875805289617874,0.23148078355093574,0.14629375072910986,0.0706589314554301,0.4333062012883294
154.5,0.1930969480440875,0.23954988847998404,0.15523933495536368,0.07177956348134577,0.43573970541300244
154.55,0.1993304525043937,0.2443994386149717,0.16376031474945857,0.07615198355687092,0.4502243335100035
154.60000000000002,0.2121750816020412,0.2515912512696247,0.16442857803747118,0.07851673968298231,0.4460534141044479
154.65,0.2179829898283439,0.2512298639032911,0.16115691965861084,0.08307886399038912,0.4421409182980691
154.70000000000002,0.22405625795319473,0.26321202229775137,0.1548030157778149,0.08036596540059096,0.4480053588526203
154.75,0.23228008708315467,0.26743155346734315,0.14878951067157908,0.08148563310648717,0.4564962852154038
154.8,0.2376953436414166,0.25800250496293226,0.15868773135390904,0.08213860363410255,0.46120012738069954
154.85000000000002,0.23946005451359523,0.26187564085476617,0.1663063821329405,0.07820285585711047,0.45547875630985
154.9,0.24037295282384394,0.2620220807061839,0.16905965922007035,0.07630651344667644,0.4692080369760058
154.95000000000002,0.2446652056235889,0.2584355588068869,0.16782463968970607,0.08041943540746962,0.4749151063223091
155.0,0.2553493616962949,0.2610053729265726,0.17167925107518478,0.08813070449078345,0.472880883035228
155.05,0.25991620923573666,0.26901751469594576,0.17908172544986103,0.07876497257242689,0.475759341088071
155.10000000000002,0.2623205206815676,0.26779705377337687,0.1706543319410923,0.08553702666262715,0.4675822501047957
155.15,0.27437099459704806,0.2724019623354055,0.1632709903953017,0.08098000700946575,0.4615548386105267
155.20000000000002,0.2869630815539807,0.26158484481855754,0.16691456624509163,0.07383717950493937,0.45833864820046727
155.25,0.2931863329275318,0.2608248125360945,0.1662887764523559,0.07138642883886523,0.45801053733062375
155.3,0.29856640435107795,0.25196005871447097,0.155622770218254,0.0743116145212148,0.451461439173423
155.35000000000002,0.3029633620864496,0.25006999001594754,0.14582291470770184,0.08160014009781569,0.459836051529819
155.4,0.3151594357871162,0.25156187253736567,0.1429696969992051,0.07634414142925185,0.47799718226224747
155.45000000000002,0.31468778219618776,0.26634410423390065,0.1428666707710157,0.0695544336795209,0.48688304369246854
155.5,0.3111344737405012,0.2722987352409198,0.1435594013641117,0.07106166187971928,0.48920571180216077
155.55,0.30704264679813,0.26071488786239105,0.13661512477277005,0.08279887278896748,0.49491546028323397
155.60000000000002,0.29712936894043945,0.27859021099481085,0.13016298436906137,0.07715183822036194,0.5002163139715388
155.65,0.28521290868183735,0.2823479226036378,0.12612371482732562,0.07007528590835277,0.5059036602032521
155.70000000000002,0.28259650751417953,0.2680422549400596,0.12651255064793454,0.07578749068073708,0.5290313486092989
155.75,0.28323523658538446,0.2597866901453802,0.1240223922794225,0.07258196781976334,0.5384104173648986
155.8,0.282664725470732,0.24699142855431314,0.11682576217288324,0.06877080653954623,0.551085595184742
155.85000000000002,0.27829392075390813,0.24100102865694334,0.11957678660934387,0.06854837853434508,0.5503771180479039
155.9,0.2836049144127223,0.23504928574936537,0.11251135507828348,0.06909115620236769,0.5469969041847103
155.95000000000002,0.27667344401482435,0.22670617102173918,0.11455884138203598,0.06287379504628993,0.5576136214442845
156.0,0.27445500981770754,0.23022014265393997,0.12134389739280917,0.07006986883937401,0.5668200572228886
156.05,0.27026709058421694,0.23434937635154046,0.12165521514744142,0.06545117078102643,0.5599444646205095
156.10000000000002,0.2642105511483243,0.22523309649943343,0.12793663196196764,0.063663806518664,0.5629927973109727
156.15,0.274543558653549,0.2325510405961612,0.13334532822201542,0.047803818130011895,0.5717257048111838
156.20000000000002,0.2828759853085743,0.23178719231033745,0.13660816556580904,0.056571801820072896,0.5758494232845163
156.25,0.2814101377144727,0.24357725821724602,0.1369879053739962,0.055160167878603984,0.5717220984456735
156.3,0.29096861247447464,0.24281193813303364,0.14541756909867817,0.061913611602669234,0.5772777918834242
156.35000000000002,0.29042663901353405,0.2569370834163668,0.13442672932455718,0.05811107106508822,0.5747977786741573
156.4,0.2842969364979341,0.2745169634718221,0.11654745233930673,0.06386585936172849,0.5750324149965724
156.45000000000002,0.2679640108297405,0.26974448419758745,0.12111496008089849,0.058966470779051865,0.5856644904159215
156.5,0.2541518633422625,0.2660499255971811,0.12628421601450243,0.052153275047724774,0.594487981071485
156.55,0.2290805011986445,0.2699725325296987,0.12924442967348024,0.060064130197655115,0.5917085761105018
156.60000000000002,0.20271285915561696,0.26180399061908477,0.12572107707609162,0.04967623634542633,0.5978910900039667
156.65,0.17802469805250035,0.26310520230717044,0.11439049662644167,0.04732076717917533,0.5953375119845693
156.70000000000002,0.16094311357586052,0.26258827800922435,0.11080964624597617,0.0452892818900143,0.6004133928920179
156.75,0.1515401555177632,0.2488933054235242,0.09656567327701558,0.04484202667618214,0.6095558591999869
156.8,0.13776138954269146,0.2508272034572957,0.11291007909618844,0.03660185543693878,0.6140357536738859
156.85000000000002,0.12858644493279286,0.2468924408383268,0.12246385163910431,0.035981857633586245,0.6237636791271169
156.9,0.1260529866016613,0.2493141375842271,0.11708896937306068,0.03457405855649627,0.6203637642968721
156.95000000000002,0.12359863984892583,0.23979253998757474,0.12471099823056025,0.031453715533145285,0.6240430235589864
157.0,0.12593864097372517,0.24113498208022113,0.12655180989090434,0.02532423700113615,0.6355012946650367
157.05,0.12474450998066794,0.24353096698731252,0.12739499724515652,0.02005363953519042,0.6442391739673389
157.10000000000002,0.12576486025658618,0.2426695760033437,0.13579174883757286,0.01880745685838474,0.6530330830554038
157.15,0.13041916598981176,0.24686573892447478,0.14477716373566435,0.023922393750631807,0.6494677993516909
157.20000000000002,0.1354123856239278,0.2440755852219087,0.14861065808804103,0.03511590458802465,0.6409402612700116
157.25,0.1434959169897408,0.25041378341494,0.16346195297761854,0.04858487490584512,0.6361801532856464
157.3,0.14288150270582867,0.2586817644194732,0.17271820621399597,0.05348701506056251,0.6168873947071394
157.35000000000002,0.14570863798414213,0.2611676902182916,0.1727642973604025,0.07643158495219927,0.6084049764879232
157.4,0.14691996895165393,0.2665548947966082,0.18122440759222005,0.0946733347696841,0.6093831314470953
157.45000000000002,0.14855770192610868,0.26544418762030014,0.1802496995675933,0.0987535971121923,0.6185889783095135
157.5,0.14689784909068665,0.2605056057883171,0.18548248572354772,0.10595936453588459,0.6256137652674505
157.55,0.147967873801623,0.253375269558007,0.18891786790559692,0.09021372182399513,0.634934569178601
157.60000000000002,0.14775821389908864,0.24469722537247043,0.19018942292867966,0.08376472285372673,0.6422277484050861
157.65,0.15033442900750635,0.23802947628448565,0.1970051618215708,0.09331793362745733,0.6625262642951526
157.70000000000002,0.145645871282766,0.2271720798078591,0.20687577034158602,0.07817126011641218,0.6889676695405759
157.75,0.13858495434076099,0.23107580314530216,0.22136840602884994,0.06461971015009786,0.6670174545100057
157.8,0.1352082192190613,0.22582064373804953,0.2147293779378415,0.06568734987004177,0.6402388343739811
157.85000000000002,0.13569275799449243,0.2060048879267198,0.22451470122182862,0.054017233720611506,0.6394365229335194
157.9,0.14543903969145244,0.19398337856344858,0.22777180620477705,0.05379771133116071,0.6318911168923698
157.95000000000002,0.15406629951680603,0.18789289098453038,0.23819853302165372,0.0460060998705471,0.6183544704005959
158.0,0.16433227928764974,0.1869249402915105,0.2337162347694549,0.0546225688446205,0.6034702615539269
158.05,0.1716237442927438,0.16883369235761608,0.24266016071329755,0.052223212803811224,0.5949031485287157
158.10000000000002,0.17069481735596823,0.1593578995402698,0.23994077195574146,0.05334744396486299,0.5841874355926031
158.15,0.1681869094344226,0.1608720778434801,0.24214188260740577,0.05663410505207483,0.5853221809444261
158.20000000000002,0.1636478697674822,0.15724918041554328,0.23082967550074202,0.06281745671245388,0.5731488133712364
158.25,0.16829993819163963,0.16605069059219182,0.23475432839808888,0.0595168805367082,0.5838552817611062
158.3,0.17461916983331907,0.1643566531084336,0.23289446591875299,0.05147739202329493,0.5903729844059108
158.35000000000002,0.18425399776808374,0.15091511847959257,0.23995256575676566,0.04877975328445165,0.592249936595192
158.4,0.19659600648877462,0.15766261663923284,0.23915785180274324,0.059431649800206224,0.5862496819468802
158.45000000000002,0.20428466824883473,0.16171090467047208,0.24166317354982036,0.06212569025187599,0.5856416611925227
158.5,0.21018307459075636,0.16043576106473614,0.23455649820375526,0.059744830800252995,0.5697931705443811
158.55,0.21721839158751366,0.16613963913148147,0.23794072338615926,0.05821122384264807,0.5919077174389421
158.60000000000002,0.22180509672261484,0.16189992066875483,0.23007450141981048,0.06690172285898843,0.5867305551281982
158.65,0.2266272052628327,0.17921317920048915,0.2269376050026646,0.058767412820095496,0.5802594903116782
158.70000000000002,0.2292108892144813,0.1867211425871022,0.2344231899138243,0.045450873174516716,0.5795244297434028
158.75,0.23036017170499845,0.17928153747610545,0.23304509665623355,0.049147774469833934,0.5758673921870603
158.8,0.2308442388747871,0.1786110460216041,0.2308634510779001,0.05229421524511149,0.5757243915247708
158.85000000000002,0.23008028996622729,0.18051090337097864,0.23692650705219123,0.039396855044323824,0.5741756642406519
158.9,0.23414307163746956,0.1808447574034144,0.24411423458389778,0.03492629393033335,0.5795119786774229
158.95000000000002,0.24070295548893494,0.1876442867982951,0.24536906208633055,0.04637250513683373,0.5809442750730331
159.0,0.2477515162659949,0.1929558630135783,0.24010215939786456,0.03955844157773049,0.5822617741301446
159.05,0.24569989456222216,0.19752810282462793,0.24428475375214964,0.04014973532685079,0.5864850532957907
159.10000000000002,0.25490175179802776,0.1843543120936125,0.23732826500750717,0.04191870920940979,0.5749961717574601
159.15,0.25365807571849935,0.17444204592923448,0.23834172022513306,0.054390837448164225,0.5687787866178122
159.20000000000002,0.26279126875436215,0.1517535627455043,0.24520864518805388,0.04630329459189427,0.5687820296166625
159.25,0.2754506355825635,0.13059438597628664,0.24656604672027094,0.0603353739809346,0.5731715696947175
159.3,0.2823565999362203,0.13399587406703609,0.25159538691997335,0.07447153946002055,0.5768731791768316
159.35000000000002,0.29155262290596645,0.1306447763027973,0.24532731539648356,0.06887431616888055,0.5730308446870453
159.4,0.29314765549029537,0.12868867971432343,0.24074398269428285,0.06581343489412385,0.5636968815688244
159.45000000000002,0.301959805877084,0.1316066353470227,0.23576450959609363,0.05418469124691174,0.5670014108470345
159.5,0.29592262460678087,0.14228049041858556,0.2283485520563887,0.04048221298503157,0.5645648836254863
159.55,0.29587158536463615,0.14086328678556456,0.22553586435501294,0.03730502403851993,0.5608652458664363
159.60000000000002,0.3002242227563942,0.15138838449367287,0.2237390392381861,0.034347817662492314,0.5591424463482181
159.65,0.30940786990653724,0.14079326901826072,0.21905283054822394,0.03539530257060978,0.5635689856743322
159.70000000000002,0.31606669088071526,0.16311091893279034,0.22606968734227612,0.03094803899433425,0.5665122566963287
159.75,0.3225157657398986,0.16080752031672496,0.23403161237830164,0.0443618232158522,0.5710508811685643
159.8,0.32497580767080586,0.1564779675783917,0.23732056618386263,0.03444375122006223,0.5727447278767269
159.85000000000002,0.32148912747624214,0.1583506566950062,0.23897435212597853,0.03857319600239479,0.5824561268203192
159.9,0.3196445103858767,0.15660775271184071,0.24227996295112159,0.03989256317442402,0.5798985380618609
159.95000000000002,0.31800427854611013,0.15026114562763485,0.2466802896427645,0.044217774810177475,0.5869274381428148
160.0,0.31610572906252676,0.1546339657485224,0.24679321068227544,0.048454155436293736,0.5920908790677829
160.05,0.316516064574517,0.1502642355023546,0.24008573969722455,0.03514590831097766,0.5859650167758191
160.10000000000002,0.31753294709749785,0.14863407679314458,0.24294444309169316,0.04375434261585838,0.5724509372338105
160.15,0.33136834345289196,0.16087188028290664,0.24331088488763833,0.04107658006859584,0.5778168457755456
160.20000000000002,0.3383526217961566,0.16024019819291596,0.23618659021130214,0.035247426755002795,0.5847180891498504
160.25,0.3391061181130228,0.1505371466883908,0.229533345984638,0.040846842468409715,0.5919279691428421
160.3,0.33905072493652927,0.15861440338359775,0.23184460393453232,0.03284274587878425,0.5836541926501132
160.35000000000002,0.3375517118425789,0.15631429793557947,0.23753791949564912,0.03647680324662097,0.5826183459900011
160.4,0.3464269029546984,0.14649236801623622,0.24449828776755128,0.027978367365585018,0.5881586518924606
160.45000000000002,0.3507061418620013,0.1564457913397287,0.2472741340875452,0.026451594165850172,0.5990176085264215
160.5,0.3462098317155722,0.15870435096790644,0.2538490378577968,0.01077642756123967,0.6217734149448843
160.55,0.342731646834614,0.15000893286474856,0.25892914085520885,0.02419440255025924,0.6307919929599936
160.60000000000002,0.3302281814366579,0.15246920284760376,0.24829242250330588,0.03380447711008125,0.6611599109738481
160.65,0.33459572193950643,0.15275906166046596,0.24059318340374175,0.03603381004333059,0.6517247142489165
160.70000000000002,0.33332237377233503,0.15655781945289227,0.23034750592825085,0.03270269070384901,0.6400897279351933
160.75,0.3253812905708875,0.1550754693965637,0.222354487431128,0.03525429195088153,0.6419830257545189
160.8,0.32519411411928684,0.15649387239524257,0.21671898203135748,0.04153697126261575,0.6514342916413173
160.85000000000002,0.3258810609647438,0.16960571560436175,0.20860233068864753,0.050687037079803404,0.6392786476088449
160.9,0.32668701196714584,0.15977331986858495,0.1976963240021123,0.04601349938901952,0.6181694414943344
160.95000000000002,0.3287906852906169,0.15039353928814858,0.18669008059034697,0.05937244002705974,0.5934876753929428
161.0,0.3260450202194058,0.1515464849892227,0.17543190848675708,0.05769679106155701,0.5929842263266341
161.05,0.32812056951134205,0.1371191176105052,0.16346133237561328,0.05755788643999985,0.5914161252286683
161.10000000000002,0.32760848519227465,0.11932968179066969,0.15906357339060312,0.06354424747737174,0.5688943677352595
161.15,0.31280406840549546,0.11045309756756003,0.14901098189841744,0.06913697210164557,0.5760435140674498
161.20000000000002,0.3035519376961202,0.09934911815023388,0.13481698398978686,0.08631611046111226,0.5789111095479088
161.25,0.3062832246087303,0.081876231045369,0.12093301246293175,0.10880467813214181,0.5693494202921715
161.3,0.2913155678184476,0.05043824866956666,0.11014814303883926,0.10120607943823119,0.5604541572236332
161.35000000000002,0.26471167024672926,0.04306985065306245,0.10886307765366934,0.09550550176258993,0.5656720885758284
161.4,0.25345874375811456,0.04076223675357418,0.10669601561079876,0.09988557333123198,0.5654156946439791
161.45000000000002,0.24078053277413264,0.051824561948054466,0.09925263816009566,0.09720116040526568,0.5730051046998634
161.5,0.23443187593866416,0.04203477948299666,0.09718021221877532,0.08646011245479397,0.568181416090722
161.55,0.23102943090209221,0.04675844787151931,0.09796709483617883,0.08377071306053666,0.5708061409894638
161.60000000000002,0.2219011708044334,0.053938088393460724,0.09905326293304532,0.08150312151391888,0.5693305296908918
161.65,0.21776700306791003,0.06777415966971824,0.09561653982337756,0.07159612660622731,0.5698026756382392
161.70000000000002,0.2090230813419178,0.059236119557011885,0.08569835751771489,0.07341587606983065,0.5749302548937292
161.75,0.2075300427075755,0.07377507036370781,0.07698887877958549,0.07114967573205663,0.5807997963966075
161.8,0.20319437598690174,0.059798671157894154,0.06291800510786852,0.07279135140152912,0.5759057510600792
161.85000000000002,0.19751151325799401,0.05928537907185897,0.04991968386654672,0.05787691523670552,0.5695696653024602
161.9,0.19605222151620752,0.04971208810445991,0.04530075305307201,0.04371462138864225,0.56791886120131
161.95000000000002,0.18930895725106744,0.041747729012619916,0.042059688456969405,0.03568586013329508,0.5781882451268983
162.0,0.1921676914365014,0.04585314653683907,0.04384016233949141,0.016322673346663878,0.5765899452386581
162.05,0.1829050801470815,0.03928303025576097,0.042640370728398956,0.020354559036984292,0.5759437031852633
162.10000000000002,0.18136671197979656,0.029281063069399565,0.03759832835394471,0.027786329081967383,0.5721353131537811
162.15,0.17493132728660246,0.03487972000512612,0.04545815168092417,0.03301992755128769,0.5698972319899926
162.20000000000002,0.1673628397986776,0.035662134043350946,0.0457409179848037,0.031569090248940154,0.5666362091538544
162.25,0.16759400745681002,0.03385115139263789,0.05400763090495415,0.02600868203630971,0.5627834192800619
162.3,0.1600186511991219,0.02447840096950065,0.05991420471982735,0.02828136408002473,0.565941734151157
162.35000000000002,0.1636853583826248,0.027295905829621436,0.06323461371813675,0.03468047880058254,0.5732503258779135
162.4,0.15651629310253493,0.017671314195409498,0.06858267958223083,0.033698080293014174,0.5731611794291176
162.45000000000002,0.14984051483707986,0.025677615270544903,0.07660191094887349,0.035620596573875625,0.5714264834615083
162.5,0.14951777292832144,0.013613791367155015,0.07235172412235324,0.04191875453613844,0.5634700160244805
162.55,0.1545567514663513,0.015078189630690943,0.07975969115893265,0.04640251533500878,0.5453425412402916
162.60000000000002,0.15334511911827672,0.01825270670260254,0.08042008642764627,0.04451539384430096,0.5576688251647703
162.65,0.1551665910340921,0.016860576111003906,0.0829003515082069,0.05098876592386673,0.576025598959337
162.70000000000002,0.15531068659787603,0.017831695752079546,0.08723628907081671,0.04422039921619209,0.5824349131253531
162.75,0.15983655242023215,0.019251442129594867,0.0864214635098422,0.046346072085292914,0.5687343081256926
162.8,0.16400689033375176,0.014316997539723528,0.0832749477906092,0.04808495924796974,0.5205490174174732
162.85000000000002,0.17037408187034916,0.026585312878361255,0.0947638924295294,0.048199063659006426,0.48548262868401193
162.9,0.1789476527392666,0.03045239206070933,0.10035810968705915,0.045851701316663336,0.4698618809781951
162.95000000000002,0.1814000389332394,0.038391718124825905,0.10693621237132843,0.04558473880879876,0.4288572295163858
163.0,0.18614911534573048,0.03372593159250075,0.11237762040431445,0.062138988699182336,0.41743030412975435
163.05,0.18782994493125396,0.037602177832066194,0.10892559630744089,0.0549536886216408,0.3948546398597053
163.10000000000002,0.1931544462000572,0.042679500853211885,0.11415543164257823,0.06646817255503747,0.3661448441859896
163.15,0.2013498860283749,0.03433446370829572,0.129341778560298,0.07285154311612013,0.32916507544884166
163.20000000000002,0.20980201364753806,0.03812278762029505,0.13360216900368593,0.07784768101591258,0.2871401365111202
163.25,0.2145434604765367,0.04036863425070319,0.13557274908045194,0.09171364059604448,0.23798982197897944
163.3,0.21766696813096667,0.051042650176055075,0.13443139399972354,0.08954942152943289,0.22696624179155328
163.35000000000002,0.22884904519780144,0.051990922718933574,0.14409260883005853,0.10427984674626486,0.22532794296560074
163.4,0.23127882788411336,0.050227380792830345,0.1487271192796616,0.10469418015692983,0.2347083380733372
163.45000000000002,0.22841557535551224,0.05623699995529404,0.14578939565154586,0.0840304147100896,0.2436398927107926
163.5,0.2325061942950315,0.058156302955557654,0.1566280221056696,0.08194676232250274,0.23316815775297223
163.55,0.24438663131430882,0.05898009883815459,0.15699201629341333,0.08992480269230907,0.23793005682336762
163.60000000000002,0.2501127123455204,0.05551436672073258,0.1587577143962319,0.09968465533850991,0.23531779843384595
163.65,0.24943154193411995,0.04808166035569899,0.1583235727852159,0.09361592714336188,0.23366462208728817
163.70000000000002,0.2544481778084619,0.05047581818554916,0.1544086941768948,0.08325849226219072,0.22267030395747672
163.75,0.2514803745833697,0.05535465651169375,0.15547307786243214,0.08736955851318544,0.23404319363878445
163.8,0.2523253021444263,0.05162357032200759,0.15959106024607195,0.09419618646671762,0.2418231212009479
163.85000000000002,0.2593794445079972,0.05822854875925475,0.16819863249108638,0.08524308543559796,0.24650071331200016
163.9,0.2670990031372756,0.05929792476651562,0.1631262597257147,0.08904515013121131,0.2461344995159949
163.95000000000002,0.2683307652957283,0.05446332391127273,0.16935705265095283,0.0898997646100556,0.26764519906332224
164.0,0.27981933630935185,0.053693701610117814,0.18046528660104416,0.09528759673852752,0.2712100146464985
164.05,0.28459430385622236,0.052882692872991105,0.1846372987552554,0.08833863933946763,0.2531070621016114
164.10000000000002,0.2948480403682114,0.05118063194900305,0.1828147412366228,0.08653644418832762,0.2352981861331287
164.15,0.29247061982066663,0.05411685316505725,0.18136593782546642,0.08891509780577551,0.23723937082788604
164.20000000000002,0.2948106430826838,0.05836470946047275,0.18459362375514102,0.09625183829749111,0.2520934924408918
164.25,0.2983911478940764,0.06004533965804983,0.18576326500530457,0.11399168644734523,0.28378529595696955
164.3,0.3065847603461093,0.04991669451887628,0.18241009747225984,0.11033188854763507,0.2969015400360949
164.35000000000002,0.3191546191107001,0.05440853954389291,0.19291162557143407,0.11259973107077635,0.2688217801040916
164.4,0.3185298713450359,0.05936061201258194,0.1958952939171139,0.12107142397906524,0.2634439901441656
164.45000000000002,0.3214633197310932,0.06397773964781389,0.19631053103663929,0.12617641448469727,0.24223745932013024
164.5,0.31672596330154495,0.06133460667900906,0.20521038219602125,0.12646205763373697,0.27596492474836903
164.55,0.32363911005574625,0.06776761384674625,0.20725566484239705,0.12401194968384673,0.2615108307404221
164.60000000000002,0.3261783175305819,0.07245012348424439,0.20691385863357173,0.13077680504244488,0.2511588854698708
164.65,0.32857423826712256,0.07604718612258392,0.2103539449727191,0.12686801699040587,0.25890230840675815
164.70000000000002,0.3332715412707758,0.08150850408731397,0.20028044975210751,0.11889041444409919,0.26077786501343847
164.75,0.32938268406910026,0.07782197636799677,0.20168891112589765,0.13381061238233188,0.26953232807009475
164.8,0.33679045973388994,0.07283992577843988,0.19406173239606367,0.13512216459147675,0.2726468599268308
164.85000000000002,0.33648823191517746,0.07491632864755128,0.1845520999037763,0.1379638596240831,0.2654949719139756
164.9,0.3354133352325646,0.07352683946962765,0.1850069402904585,0.13599328019590987,0.26024732323519484
164.95000000000002,0.3381348214609063,0.08893953106086133,0.1659553868486319,0.13897472841413527,0.31786874236749346
165.0,0.33588672993148105,0.1020847537191297,0.14921227568115267,0.15684144669318908,0.34840128098109646
165.05,0.3327579505217836,0.116443931282395,0.1424382725005905,0.1645271764610044,0.365336696876123
165.10000000000002,0.33015570053072285,0.1296196456387132,0.12697280262309807,0.1774794266114885,0.3666832086533466
165.15,0.3274718369111396,0.13961144229682723,0.1181189036203276,0.19446353330763555,0.3294532693975878
165.20000000000002,0.31631300100872195,0.16305396287069604,0.10775199571372006,0.19416074715301462,0.31813735982602764
165.25,0.31331982309896733,0.17112189266484787,0.11163547022859456,0.20231889810002499,0.30566815368327455
165.3,0.319753059399865,0.17767385564959634,0.1008484623467266,0.195547303503191,0.3012683914951318
165.35000000000002,0.3117273949333663,0.1730461020719559,0.08805479667575856,0.19334467703693303,0.3202097599475462
165.4,0.3047438377073057,0.167333612657902,0.08228902505922307,0.20416306259012845,0.3538707547684982
165.45000000000002,0.30843809164104447,0.17581892084592426,0.07838446792411605,0.20618044953875156,0.3576907876792304
165.5,0.3069315023351386,0.15916942834583148,0.07887348624374697,0.2132972847940817,0.36960060257397953
165.55,0.2959245292795036,0.15314290742751843,0.07240108972661637,0.2103772677937905,0.35946195884835574
165.60000000000002,0.29989565634180476,0.14935761217630603,0.0917679610954058,0.21295656317961062,0.37564373407022106
165.65,0.2855743920556842,0.14705664051922598,0.11029439782969698,0.19458761699495744,0.3699944931247333
165.70000000000002,0.2640113523766982,0.13424281022171916,0.12144182400995411,0.16855393935344423,0.36615784631991966
165.75,0.2515838650888766,0.1283319845465228,0.13264246685561598,0.15398013978600797,0.3857596515232096
165.8,0.22881743249701858,0.12927211153150242,0.13850886540848606,0.12486491597006998,0.3639209010275335
165.85000000000002,0.2264053051499203,0.11005431531250855,0.15482665700312484,0.10437316015505196,0.3385088036707959
165.9,0.21478405509949916,0.09466257486195187,0.16189021681899066,0.06453564037021516,0.289601690933678
165.95000000000002,0.21809854287725552,0.08438278553990439,0.1718741451837693,0.06048128777283868,0.2714874912972341
166.0,0.21918669315545383,0.07697361736795127,0.17151526395430114,0.05034342803090447,0.1994225956681458
166.05,0.2153169084218047,0.08224981169975523,0.16460651142961058,0.0535158686130648,0.17376061583531557
166.10000000000002,0.2072061572051537,0.08637927357010844,0.1699343748862091,0.056387590148379095,0.15407944842006055
166.15,0.19704415919387672,0.08807139505340159,0.16865890239114123,0.06106069006675628,0.14717609471867865
166.20000000000002,0.2047956959732065,0.07746338165162096,0.16241798162658785,0.06804157186641879,0.15581557571814963
166.25,0.19661942551417183,0.06783312850072602,0.14916431542002584,0.07404364421744226,0.16939032806618018
166.3,0.20706282254505176,0.06973587860395385,0.14376318566223797,0.07290621383355947,0.20176162571309364
166.35000000000002,0.20330868136030347,0.0712169076322389,0.1304742165193464,0.0797213631085359,0.21690736873896857
166.4,0.20876375069998773,0.07878324097278287,0.10991901281819114,0.0710271362101725,0.21333282639331383
166.45000000000002,0.2197321272397066,0.07505785933336664,0.0943490833855366,0.07355104734207664,0.19118565851596084
166.5,0.21775603618856826,0.054258825330746815,0.08324224737804467,0.07213875835978895,0.19148785648604094
166.55,0.20429157610465842,0.04956940159909482,0.08180523277045033,0.08503999352561388,0.17614999425276423
166.60000000000002,0.19594934727845473,0.03881355683278037,0.08656363037979994,0.08539802129644326,0.18038638958820785
166.65,0.18832086637537412,0.027546131446072337,0.08817956426813717,0.08215597571417659,0.18899225740047215
166.70000000000002,0.1829224124039476,0.02589234408884072,0.08675566342214593,0.07494848539723102,0.2080495934744771
166.75,0.17642636965132466,0.03246009264714373,0.08775233720426341,0.09442869730520206,0.21955193030155376
166.8,0.1689876871356575,0.046759646689940745,0.09153520314878902,0.08907756130799564,0.22690489623787907
166.85000000000002,0.1507390702262817,0.04903005148923993,0.09176836767943385,0.08674740553279102,0.22648596497263873
166.9,0.1561931542451103,0.05275922315323816,0.08753324469670228,0.0858857402577495,0.20978777807025942
166.95000000000002,0.15085322287423125,0.0605644452901648,0.07348628130435801,0.09537158051283147,0.19478582243992026
167.0,0.13905703189997087,0.0690531589875274,0.06788302472371219,0.11215227639960802,0.1937245623304193
167.05,0.12143733750843086,0.06720216349461132,0.06497995057796636,0.12723433430650757,0.19908188889868808
167.10000000000002,0.1120526805674545,0.06992100234512703,0.06125338047355171,0.14218271212273223,0.21762971956854732
167.15,0.10206778162678924,0.0930300931231759,0.0716506343954255,0.14315410134658416,0.23424526471452173
167.20000000000002,0.08588807914175292,0.09645723985265078,0.08466173456452596,0.15394483017664623,0.24063725568144237
167.25,0.06922159783750949,0.10603717696696956,0.09728171454858318,0.16513713431048796,0.24464645492219117
167.3,0.06535866241723402,0.10479416121815756,0.11545997820845018,0.1682712289011834,0.24826995404299684
167.35000000000002,0.0649157960251572,0.10718574092525769,0.11815087071771951,0.1615049286489588,0.26504011859675747
167.4,0.06182485321483635,0.09310688255661326,0.12952313998957296,0.16795307942977994,0.27061887285800634
167.45000000000002,0.06812630054398637,0.07260944688136924,0.1367512184184067,0.15260122386006383,0.2887409489893805
167.5,0.04702478062697175,0.06835868930783803,0.14022405608400224,0.13697950948827817,0.3108537667683548
167.55,0.03759210078917889,0.06756712503746577,0.1506145836895108,0.1259756069559822,0.31396416883808675
167.60000000000002,0.03511848285756788,0.06967344881965934,0.1633730613726735,0.12232175603301017,0.3218192787847359
167.65,0.02938276276053125,0.07523286416399803,0.17591143894591568,0.12434306234311387,0.3424979783953964
167.70000000000002,0.038247349398624744,0.07252890603341668,0.18547397537950444,0.13690961380040667,0.3631427036290882
167.75,0.04337596508292945,0.06450681090063301,0.1849610284590031,0.12985118367248238,0.3604562103479483
167.8,0.04779619539865174,0.06011888762581829,0.19509070929751288,0.13664613271698203,0.37232206411204166
167.85000000000002,0.047327839088829954,0.05777978714781199,0.1970363844471008,0.13422274602907633,0.36292984959171226
167.9,0.05278545076343211,0.05369595012659721,0.20126295666740454,0.1299193383934459,0.3483396855678047
167.95000000000002,0.05843393274989696,0.050126956187717155,0.20547152663435583,0.14239131148874126,0.34556344498860736
168.0,0.05412628090477245,0.05043577826567347,0.21556288631934314,0.14409486101643074,0.3386049021235105
168.05,0.04686607417232424,0.044662865875568884,0.22490507585946148,0.15011692426069437,0.34030423847441815
168.10000000000002,0.053488995987452215,0.048607701790280386,0.23152721793105352,0.14710921252556383,0.3451841824398758
168.15,0.050025081660699904,0.05744670787052087,0.2411179915425122,0.1468517945993238,0.351721034174797
168.20000000000002,0.05111674263114792,0.0644869263440726,0.2377942242791825,0.14035203074103492,0.36037455549092534
168.25,0.051493168233144995,0.05778115530475158,0.24430134050749316,0.14024116658996766,0.3691106127298615
168.3,0.05694128247914447,0.05486988180391078,0.2478782137560333,0.13938536373679491,0.36582931099387406
168.35000000000002,0.06294393562612857,0.04086557432954431,0.25946623379231465,0.14160970577074433,0.3541111513194915
168.4,0.07161821876144081,0.04622920822471733,0.26606297218753516,0.13314939442226464,0.35414029151532544
168.45000000000002,0.07579210881851645,0.046062594127922726,0.2720500583246719,0.13606041333529423,0.34703783583772246
168.5,0.08709314763109834,0.04526496475931407,0.27564595129598024,0.1275050921030346,0.3591656617084966
168.55,0.09443950979471019,0.04634553125544804,0.28154319525499816,0.12294090446170441,0.3636973474953798
168.60000000000002,0.09790520287248443,0.037638356498227714,0.29095635353038074,0.12562540113630963,0.36918877331417715
168.65,0.10422022195785519,0.03563865817703601,0.29350359535665027,0.12788225511854973,0.3588671343553622
168.70000000000002,0.11085961613197433,0.03730133031745482,0.3068270278352769,0.12239532868302119,0.3619532381573796
168.75,0.11274344929023929,0.03607203812041364,0.31435931448937227,0.1274890729028703,0.3584025648454359
168.8,0.11635217433947191,0.03702068406242002,0.324838954889883,0.11936513321023315,0.3599244399608277
168.85000000000002,0.11925449048546384,0.019474888350250037,0.32721727760944347,0.11909617476445196,0.3746443946606311
168.9,0.12065296582404168,0.017976022425388632,0.33322898151724584,0.11574294514259466,0.3721054322101029
168.95000000000002,0.12967987574653653,0.029509384662332508,0.33920226382429475,0.10938081655375971,0.37546643462149354
169.0,0.1432841681229298,0.026683957192783252,0.35679804078915445,0.11010552803304878,0.3793177947627856
169.05,0.1476102992570755,0.039419626701648704,0.35963648676901594,0.1104983406273884,0.3857793651445862
169.10000000000002,0.1494736182903713,0.05147067099375217,0.3618868211991591,0.12996855810396754,0.3863643084489159
169.15,0.15652205432792315,0.04799722586245631,0.37140658128594234,0.12966735337628738,0.3808161230830352
169.20000000000002,0.16161575833168193,0.05031444211502592,0.36692003414391144,0.14109490046313145,0.3839218444541199
169.25,0.1589489308285659,0.04511643842962958,0.35834518519573355,0.1565720882073312,0.38505481390734286
169.3,0.15976771408513818,0.06176660457205324,0.3574347650107184,0.15769049526429285,0.38265356621888486
169.35000000000002,0.16515984046533067,0.07652322792440718,0.37182748972366453,0.16899663717512559,0.384914469172915
169.4,0.168232578276896,0.08338616081187346,0.3655293200348291,0.18453577179762318,0.38100795134770843
169.45000000000002,0.16804157692419472,0.07392164769312169,0.37591109135769823,0.18318140752355247,0.3778682337475038
169.5,0.1637152139907707,0.08287053553078462,0.37138564633146254,0.20257791575532527,0.38917839084099687
169.55,0.16970179721826442,0.08158076876502374,0.36135868772100327,0.22017865614440746,0.39501109255413963
169.60000000000002,0.1909111959879012,0.0850522931085257,0.35320300486080114,0.23886738274480626,0.40083233508626404
169.65,0.20986728867560153,0.08743311978197485,0.3466167694008071,0.24175281947953486,0.39570195706656475
169.70000000000002,0.21698031627965952,0.0762078450782174,0.346129738953005,0.25074201278354774,0.4042757076238248
169.75,0.2218396429225753,0.0782390914989274,0.3398512350612185,0.24726820013054857,0.3973147546362562
169.8,0.22230263934097083,0.07506517957043413,0.33117311341621414,0.2596332961541684,0.3935327350840741
169.85000000000002,0.2089056539069458,0.08957740660590865,0.32373955657953657,0.2585048078276066,0.39229054505208627
169.9,0.18622467442204163,0.09114690665091099,0.31999752626665057,0.2749746130830876,0.3894313232870044
169.95000000000002,0.1612615178561815,0.10657020773205624,0.31880617803293004,0.286584884903299,0.3821705882327444
170.0,0.14590065451021167,0.11476354913871997,0.3027450366034185,0.2962391386159276,0.4039499768254193
170.05,0.1384653756981298,0.12355727275261076,0.30071772345522924,0.2968973590652256,0.39740551414690845
170.10000000000002,0.13396350199488105,0.12550921875987034,0.27950879877215484,0.28841753097824513,0.4008325174237527
170.15,0.12769819272148603,0.1353439990536444,0.27538902948765154,0.29491765902716455,0.38699126377747967
170.20000000000002,0.12500808734027258,0.13465891741520225,0.2656437079367503,0.30063516086478825,0.38332304766246716
170.25,0.12446681672641395,0.13701541857017205,0.253590890096186,0.30743940860082897,0.3734394628290336
170.3,0.1261820874938716,0.14400364285856251,0.23283268235324392,0.2944879703895574,0.3838508792375111
170.35000000000002,0.12189800484733423,0.15197784093118946,0.21305680167234317,0.2899130541821161,0.374123041810904
170.4,0.11204967777074192,0.16527856261608798,0.20046188585339186,0.27899952849868637,0.35170350458386884
170.45000000000002,0.10087158981903184,0.16532102169441296,0.18371973100493472,0.2753194235380769,0.34245578820841793
170.5,0.0921310520652474,0.1735302261483951,0.17723552400556802,0.26848250363658416,0.3351626033428274
170.55,0.08908136556684836,0.1730330498263486,0.1708898734486674,0.26799566306002054,0.32662958275282467
170.60000000000002,0.09475945319143693,0.17187635841809104,0.16318269877014605,0.25928156356967313,0.3241049925137741
170.65,0.10261985034878233,0.1812813914875162,0.15848115847615118,0.2536622686624598,0.3191744709983898
170.70000000000002,0.10185848521161915,0.18287972922404258,0.14238608837354397,0.25000353283452836,0.31983835370459435
170.75,0.1127172665690839,0.18862318223948668,0.14758639712691354,0.24933823698714544,0.3141151248884762
170.8,0.10802998782985125,0.20304523219996884,0.12993240574423184,0.2489157325501118,0.30591366275569476
170.85000000000002,0.11037170706907694,0.2014021473928788,0.12238809351618288,0.2506607202730643,0.29456778475302775
170.9,0.1086121202581221,0.19813927324809288,0.10357622610256556,0.2560108056062153,0.2774983739614784
170.95000000000002,0.11939179115416676,0.19752720441499774,0.09369222534854639,0.25265407210673946,0.2528441690199951
171.0,0.11794366996981787,0.20333291121029393,0.09768945329934949,0.2520144313161599,0.24870029845900804
171.05,0.11714548342784117,0.2064323325615662,0.09633390135804835,0.25248610866902843,0.2597444452132793
171.10000000000002,0.12358804393444954,0.1957263744163276,0.07836440508620138,0.2487523091037866,0.25897831785340436
171.15,0.12278375077048263,0.19488450789204484,0.07708275065064885,0.24289393058683986,0.2609190708826263
171.20000000000002,0.13047171408728364,0.1837650469668085,0.07535880668076606,0.2487078624066388,0.25353046896832965
171.25,0.12246496174664882,0.18024864079106198,0.08104534399797332,0.23640685308827628,0.26249616441600604
171.3,0.12738987800829002,0.17361293513566214,0.0958717156951268,0.23866680239854726,0.2717008967157879
171.35000000000002,0.13276783148423027,0.16259870785342329,0.09570598394531138,0.2295334394240353,0.2949685199644925
171.4,0.13134725689363308,0.152657977485683,0.09866593787273319,0.22312027286952354,0.29841630474394104
171.45000000000002,0.13030250037278665,0.14628696895979895,0.07774512588189586,0.22635745822809844,0.30922445863927583
171.5,0.1337036579155263,0.15464473756703742,0.07403940742132199,0.22659362817541695,0.30759732875831475
171.55,0.12854676384860372,0.15343623417981692,0.0729904523223134,0.24655488075680645,0.2973227211323717
171.60000000000002,0.1260979146149344,0.15195610070236235,0.07065331484107047,0.2448655011004494,0.2921188733124801
171.65,0.13250860554047422,0.14049534394311144,0.06288598657423096,0.23351355303087565,0.28791253507628356
171.70000000000002,0.1385248770059972,0.1558790578005433,0.061592504929610985,0.21489793965974838,0.28534973237141803
171.75,0.13528094478877115,0.16087498804867928,0.06844064666167687,0.22314675263959796,0.2745496462591324
171.8,0.13465908629771747,0.15954857440088774,0.07358348215599839,0.22526055550758953,0.2772937024435645
171.85000000000002,0.12879302942644524,0.14814278724469085,0.08528974189804364,0.22423406116578726,0.2837482370083594
171.9,0.12842515376023772,0.132635346827545,0.08927546959283673,0.2214017446278405,0.2954395147513799
171.95000000000002,0.12591426548698445,0.1295734628626719,0.09498143063371374,0.1976391856917264,0.3028000173582118
172.0,0.12530668202746964,0.12382994291694653,0.09869548519616142,0.18995385813751947,0.3136201414291934
172.05,0.11745861197369442,0.10978415589239188,0.1041005439925638,0.18797314211829066,0.3298629040766692
172.10000000000002,0.12075476773171562,0.10488432018684296,0.0973298229284326,0.19462424966199024,0.3328386628485683
172.15,0.12267175151413848,0.10224616948791355,0.09640537522744665,0.19873419670828307,0.33577597941718385
172.20000000000002,0.12968052624315857,0.08892501974453144,0.09549398937819732,0.1850365765861131,0.3287547534516512
172.25,0.13307925714673358,0.09800689142527429,0.0956995235283344,0.19427433459184174,0.32659241336268685
172.3,0.12862456133866537,0.10259194438231772,0.09130038124085632,0.21234178799806655,0.3317161807222285
172.35000000000002,0.13223864985721837,0.10952288226772637,0.09019810600718665,0.2277304084914202,0.331333769848331
172.4,0.135060114217261,0.11951471892529769,0.09128762515204174,0.23832155679227626,0.3488237680697443
172.45000000000002,0.13673084525207932,0.11755452112524865,0.09923117618212389,0.23582108169426075,0.36199999542476746
172.5,0.13269195839778442,0.12976367665099803,0.1020168446562918,0.2331402934275096,0.36809335136339627
172.55,0.13495227074901336,0.12538122913015481,0.10322541234602382,0.24252774050249437,0.3360075968639041
172.60000000000002,0.1361626628328397,0.12838554981477887,0.11132750481509153,0.2472335411311089,0.31697571004435166
172.65,0.12660270251169833,0.13717119242488604,0.11368483419762057,0.24439665935329158,0.3103356502624894
172.70000000000002,0.13159292027312972,0.14949565152682692,0.11297266343187048,0.24623435863953735,0.2997358431495951
172.75,0.12063540275689766,0.14928590362474117,0.12278775808274194,0.2598702412864238,0.3093055849608987
172.8,0.11318390118311981,0.15704583018803375,0.1273576486329923,0.2580984913517018,0.31513933239951347
172.85000000000002,0.11654349716339109,0.1483638967012594,0.1301978807465133,0.2787579579107613,0.320983327862623
172.9,0.11569029917867793,0.1486558707431471,0.13690894642342968,0.2723805101789592,0.34428269442210807
172.95000000000002,0.11301315459360937,0.14782905507790223,0.1454960430660947,0.2829447536147432,0.3594854649015545
173.0,0.10791188592147372,0.1439420512201286,0.156689667544049,0.2783259225943583,0.33077617072705656
173.05,0.11042674021248945,0.14432362588968567,0.16104530204115233,0.28092553156997224,0.3336107641164106
173.10000000000002,0.1128869780526046,0.1387243060512709,0.17194013128148214,0.27854047445647706,0.30621616444395705
173.15,0.10898792379537066,0.13644669989325675,0.18637242239377072,0.2868700530327415,0.30301122721267393
173.20000000000002,0.11103667574452603,0.12723843030828053,0.19961746392627033,0.2825749523038835,0.29972772351815746
173.25,0.10561172163545761,0.13322322891558513,0.2066391919395007,0.2817571034382092,0.29119222839040365
173.3,0.10796292149315737,0.13641524684069228,0.20809203856397684,0.2766716685127309,0.29565288874255236
173.35000000000002,0.10490937834928184,0.1405296315300667,0.20714585538032962,0.2724598457359345,0.2895104789748404
173.4,0.11203783977567745,0.14941478319338083,0.2122819390640161,0.26196091949684686,0.2691390502400436
173.45000000000002,0.10384378075953764,0.15514665743599637,0.21348366090827547,0.2651531067200119,0.24450847508299345
173.5,0.09593822737888333,0.15100245233736354,0.2171471782601143,0.263220571107606,0.23769577694940885
173.55,0.09144301237990689,0.15234327728620595,0.22771214679736484,0.26285062743882986,0.2317714144512407
173.60000000000002,0.0856049958257585,0.14036111853866304,0.23938211645916338,0.2613866266545447,0.23036524778681833
173.65,0.08117730714372806,0.13920284024140334,0.2450239251190973,0.26365911191431135,0.23661932407558414
173.70000000000002,0.08049097700836984,0.15743374441634406,0.24690937377830058,0.25615795495477506,0.2413045941447207
173.75,0.07422971163037453,0.15290672946685285,0.2470543834321097,0.2583181901439127,0.24955386467802426
173.8,0.08025283545273565,0.16758488726201032,0.24314681050531212,0.25494879068653936,0.24319049384791458
173.85000000000002,0.08099120163162478,0.17469096908069065,0.23877360450224425,0.2537382325554368,0.23097864330016285
173.9,0.08519621753153295,0.17964631419337992,0.23267570134308033,0.2574634435248176,0.2285920508760189
173.95000000000002,0.08801255193647378,0.1949891336368878,0.22487815783727544,0.24908409994074224,0.23275476717361362
174.0,0.08667036917038928,0.20852094599244386,0.21311850016699396,0.24602227669506904,0.23706284353916962
174.05,0.08553717371468024,0.2175685492986516,0.20562216788957527,0.24974648756432524,0.22735300185638116
174.10000000000002,0.09272019930821924,0.2279471720204134,0.19625674554209022,0.2519736888305664,0.2310429251347829
174.15,0.09880838169106211,0.2309313016217397,0.1921980212243538,0.2525114568848446,0.2257570866458452
174.20000000000002,0.10029648173790671,0.22652446618668223,0.19244863082528,0.25105517983531134,0.23553988425183986
174.25,0.09985263146045359,0.2170602913708925,0.19483999804522276,0.2510400783121775,0.22880681386997234
174.3,0.09650294677520077,0.21432136655116496,0.19265985029802019,0.24586889622305697,0.22504292221722205
174.35000000000002,0.10043396629232536,0.2250389904124549,0.18763873069937065,0.2346523093619476,0.22597320179956795
174.4,0.09844910254675993,0.2178422787532869,0.18611233533931168,0.2346702213676204,0.2326145381230882
174.45000000000002,0.08804076725382208,0.2238393721818566,0.1817374343374333,0.2223427863611022,0.23593982589739723
174.5,0.08575961821369048,0.23053621452796563,0.1814833019927462,0.20821318286289003,0.23710966022937363
174.55,0.07908898134050914,0.24257122357814434,0.18011443922746284,0.20360469809720905,0.23770948599412567
174.60000000000002,0.07942923797461358,0.25371416759812637,0.18256079077498671,0.18895917536876153,0.2550702091829345
174.65,0.08264935340188959,0.24784006619432827,0.1710877193086795,0.1923049635380445,0.24981188695169385
174.70000000000002,0.07816817439177326,0.2457919032438841,0.16739921652384152,0.19002517870995736,0.24003892709142835
174.75,0.07243855506165903,0.2489313555821705,0.15043814945594472,0.1906681666979046,0.2419089890495102
174.8,0.07951330654429314,0.24656891811155604,0.13461952697756688,0.1781209379171558,0.2439299955730543
174.85000000000002,0.07466656052529544,0.23948088627465208,0.12678882777745393,0.16811002337686745,0.2561762399489064
174.9,0.06883450807990567,0.24563088996648066,0.11553185704825136,0.16719432709659468,0.2640539333030419
174.95000000000002,0.07396432621965006,0.246124251381118,0.11168940752728136,0.1527457282888018,0.2789642802666086
175.0,0.07396679341715158,0.24901383531934856,0.11424107085028706,0.1351952931076421,0.2867689343653319
175.05,0.07950535977081266,0.2570254579015139,0.11832426686947348,0.13184868620489684,0.283413494936032
175.10000000000002,0.08392106592141406,0.2599106572074708,0.11843029672000452,0.14028265546908075,0.28690524984744503
175.15,0.08547197925634141,0.26209415225632704,0.1224593862096377,0.14772363321418175,0.29529243640855646
175.20000000000002,0.08916446161779332,0.2574300528163182,0.1225751319968002,0.14730404294953803,0.2936188717932891
175.25,0.091623265198093,0.26076655129812826,0.11630312213161734,0.1362546308587966,0.29867273181775744
175.3,0.07996535342232225,0.2651138516409784,0.10579069412473634,0.13452293342213253,0.3023392240529858
175.35000000000002,0.07637391739455275,0.26185097890158887,0.10469152062191446,0.13204998772322626,0.3057056698321531
175.4,0.0773087985635457,0.2627958927444226,0.09421436063554667,0.137491207969849,0.3114896373973881
175.45000000000002,0.07984006111304952,0.26971904114903267,0.08740839445273557,0.1503140005436575,0.31862078831246
175.5,0.08170992300432553,0.27058438350732783,0.09520711500290542,0.14157254097309493,0.3235891802071299
175.55,0.07576611214372515,0.27116187706076794,0.10649574186277726,0.14529342607934592,0.35044982118620815
175.60000000000002,0.06156180480221207,0.2817730767651584,0.11914201363667365,0.1521061565433237,0.34788035920380733
175.65,0.05512935841018962,0.2796316180277384,0.11458643416911858,0.1623096918962388,0.3434242217531356
175.70000000000002,0.049115174273143464,0.281334782224235,0.09023463671881127,0.16420585373029206,0.3527819516835531
175.75,0.036296689697176206,0.28384592914974166,0.09015922672423554,0.15829715362230562,0.3581067159551425
175.8,0.028293931165536173,0.28804111987914716,0.09713926003030737,0.1684654659029286,0.36961764739217545
175.85000000000002,0.031234301733974353,0.278196375098026,0.09046217638781065,0.17933176766384615,0.371162856478989
175.9,0.03216931993479884,0.2856285280516005,0.08568460345784343,0.18157732790999687,0.38123727146286757
175.95000000000002,0.028071611142972595,0.2872374688893527,0.08676147960365634,0.178178160416797,0.3917420548525686
176.0,0.03409662681389889,0.2830601539505304,0.07193678077809858,0.17275010036489785,0.3958566673187224
176.05,0.04321075189383485,0.28793179868503715,0.0762921108283208,0.17411948292227883,0.3966060030672614
176.10000000000002,0.04593025940890365,0.2883405460935649,0.0802086237423824,0.1661972356814101,0.4004166040802524
176.15,0.04117983140731415,0.28192185794824376,0.07908284079658096,0.16803643868610088,0.40296546690392787
176.20000000000002,0.03584213922554137,0.27637860147738347,0.0778380430441085,0.16731705146966028,0.39940663180340913
176.25,0.034366678501676365,0.2811300549527562,0.08994484058338917,0.18967910263801804,0.40804615935272504
176.3,0.03713287542361323,0.27609622776093845,0.09702804223427897,0.18369749281048464,0.41845484177520653
176.35000000000002,0.035418730690727596,0.2691821850254726,0.09657803177904284,0.19438566912235944,0.41869727635531956
176.4,0.03845206323682345,0.2745235508834913,0.08313717681899402,0.18988412611113956,0.41999970575066564
176.45000000000002,0.056259613046921786,0.2772553458195808,0.08569377102222492,0.1849375485301888,0.416748434620369
176.5,0.05318564088620298,0.27537226159598166,0.07443657377814517,0.1950299282815196,0.42019177428618065
176.55,0.04607801167647306,0.2660406292962673,0.07784270123432001,0.1932898080383961,0.4235693315900799
176.60000000000002,0.04108853314260507,0.26859941503608153,0.06441862742829367,0.1840165781597402,0.4346780754581909
176.65,0.05332500785097812,0.27173895761553507,0.08084524516267509,0.1725663794346339,0.4409640120995328
176.70000000000002,0.06451514024075256,0.2701078299457185,0.08053302171168293,0.17188766848920625,0.4354350157064964
176.75,0.07014009183982894,0.2674247352535659,0.07765115043889635,0.17448472770064202,0.43083895664308336
176.8,0.07815990186541057,0.27664393968262857,0.07673770307543283,0.17410644063927536,0.44969916749441885
176.85000000000002,0.08407666765459362,0.2821949997752357,0.08251981606777142,0.17453803666666587,0.45374667890523357
176.9,0.08996056745263967,0.2934502821078777,0.08605040684146821,0.18142586676236505,0.4616921586197991
176.95000000000002,0.09045399186743494,0.29015064729236284,0.10059698560358707,0.1918205353122409,0.4615427126381391
177.0,0.1033117086734175,0.2869507454372442,0.11349114747353177,0.18510920090424227,0.43666795479277076
177.05,0.11880062284720064,0.278081850884164,0.12762324720931784,0.17890287669216665,0.42826352981803123
177.10000000000002,0.12671130335278677,0.262281376517628,0.1290609322604872,0.17343151980462282,0.4253438365891899
177.15,0.13306772326630145,0.2581594309587669,0.13368563885819856,0.16863569866218384,0.4198228134773619
177.20000000000002,0.14242397097052606,0.25562165652597796,0.1408148502946808,0.17267312548845237,0.4109304873841039
177.25,0.14975009866480202,0.25092934118367305,0.1483843312649691,0.1752575845498468,0.4030214380458137
177.3,0.15274038230208598,0.23855842250600012,0.1541090488058131,0.18102131726648815,0.40122399810448545
177.35000000000002,0.1526869803729768,0.22824032825587814,0.15663122241177507,0.17065935615305264,0.4060317931680219
177.4,0.16214680377362578,0.22295842828162188,0.15848076674047146,0.16914215384036416,0.38767403059426125
177.45000000000002,0.16485652138453616,0.21818014898343993,0.16131994284556414,0.16799240685621405,0.35571391464814084
177.5,0.16709098587541102,0.21591616832326485,0.16454741997305805,0.16633210141873953,0.352902508563176
177.55,0.16817842907400846,0.21680410572240524,0.1605330746446462,0.17397479047319622,0.3533073055354669
177.60000000000002,0.176062898244056,0.21124517771907678,0.15739713504539102,0.17442767406349735,0.3528416326111012
177.65,0.17750943276660255,0.2200280071820837,0.15716393632487854,0.17913304007979966,0.3529404135281759
177.70000000000002,0.18601797846269746,0.2203369770866258,0.16165452676124337,0.17785333274710977,0.36731036694257807
177.75,0.18695757272817082,0.22270277112758524,0.16227865463275748,0.16766841444353928,0.388300186412074
177.8,0.19129242688641665,0.2237300482235934,0.1703482737846318,0.16781489304972708,0.4008549067602079
177.85000000000002,0.192361885615323,0.2279119109421789,0.17387643148952406,0.17935056501751154,0.3977267213796766
177.9,0.1968938069607229,0.22115851159854585,0.17547179030822033,0.17971902707467197,0.4038851106763653
177.95000000000002,0.19984410941651545,0.22653707699874814,0.18379936087789525,0.18865132294901918,0.39991017094972564
178.0,0.20051711608295153,0.2228282470055741,0.1883435977553862,0.17952783444029352,0.39884348709196266
178.05,0.20190722762948338,0.21733210879549117,0.1923617817827507,0.1727064096737089,0.40040657558844517
178.10000000000002,0.1977097482732092,0.21274387891728772,0.20085141886440525,0.18129819244874773,0.38838528615039297
178.15,0.1958867245067043,0.21086043231032675,0.19959738325587206,0.1810628950293687,0.3875887201811456
178.20000000000002,0.20361296477451282,0.21378146298048323,0.20724414075916464,0.17941968431208646,0.3857079251928847
178.25,0.21358047731189198,0.21194727787731238,0.21483923803475924,0.17981476473094551,0.38957837226897235
178.3,0.22448800120537257,0.20919178876780078,0.22713554193322164,0.1818593140917723,0.40633858442974125
178.35000000000002,0.23155458038735216,0.2152666704836848,0.24224115158706272,0.17964407980731714,0.402944142781194
178.4,0.22784741009423026,0.21153624220212072,0.25678765363355593,0.16539103646816622,0.4088953186298824
178.45000000000002,0.22725773655754425,0.22216245331106427,0.2700401053045539,0.16266373168248646,0.4203871094240425
178.5,0.2301740973965144,0.21677952790797286,0.2812720147016287,0.15736158790669508,0.4238101257784364
178.55,0.2319376317213973,0.21275223081673153,0.28496230480346635,0.15309504763446508,0.4299992893034019
178.60000000000002,0.23741047651141214,0.21561903982417188,0.3010124197688508,0.15264951546995795,0.4348206882071356
178.65,0.23639159809609894,0.21414735730571613,0.3101698153088182,0.153253728747402,0.44248035522156726
178.70000000000002,0.23324329128657367,0.2054156709634608,0.31198047987734645,0.1552649939121114,0.4521886672468641
178.75,0.23193843642179213,0.21178005251041243,0.30651270854822044,0.14549528393554667,0.458015188104733
178.8,0.24066010425413914,0.2068253528450499,0.30232175393116817,0.13469055925054815,0.47311709559361687
178.85000000000002,0.2415590484107188,0.20676153584265358,0.31188834501830975,0.13538714441100166,0.47581578945088404
178.9,0.2367462283384219,0.20465487242688682,0.3226612809823683,0.13100392265903654,0.48249926058836223
178.95000000000002,0.22946483557837874,0.2129470077553349,0.33430698041400936,0.14105421388712364,0.48465207097778745
179.0,0.2318641459978242,0.21483044814677127,0.34201136342133054,0.13278159961906205,0.48316803240272693
179.05,0.23834636293108147,0.20800644642108054,0.33580862117852345,0.13403609845230505,0.4963408918387785
179.10000000000002,0.23937303340118624,0.2206478857348079,0.32685423601864055,0.14433649172341417,0.4871683433323918
179.15,0.23154887178738004,0.22428921376163086,0.31970657504491173,0.1451216427582876,0.4797444471126758
179.20000000000002,0.2359949143257381,0.21830009521890892,0.32221124656251504,0.1378464706198653,0.4793027160940953
179.25,0.22301062437653166,0.21996898932538272,0.3291760947868873,0.13267064096957423,0.48480199481496833
179.3,0.21547600559821792,0.21779986193502474,0.32588738399288975,0.13352973692202022,0.48221174508139825
179.35000000000002,0.2108445436496159,0.22088369633739044,0.3160615406560263,0.12184716241445101,0.47432887206852486
179.4,0.21124852596646684,0.22148897216995656,0.3053050633974914,0.12587429189730304,0.45870122721083273
179.45000000000002,0.20574197179630513,0.2255780680850257,0.29304680364518537,0.12118490759535357,0.4562438022953131
179.5,0.20525064692032569,0.2393557721518339,0.27005905625113175,0.1311731519154556,0.45745985520479027
179.55,0.20101760319648754,0.24303824314482314,0.2496116263783013,0.12490286987060589,0.43836733389117477
179.60000000000002,0.1942231977398494,0.23399031049143224,0.23715813991232776,0.10994075473066806,0.42647159354122494
179.65,0.18625500124649683,0.23484553769730884,0.22047999415895578,0.09303880835973807,0.4211415290847815
179.70000000000002,0.17744808477305038,0.25470456863584123,0.19602115155124866,0.08136028156053357,0.4200035362246816
179.75,0.18061020483641868,0.26056853912547945,0.16294858644567425,0.07948285725663648,0.41208240485714104
179.8,0.1734512801287136,0.2638280479502775,0.1390012914813237,0.07611543809708465,0.3807115217187005
179.85000000000002,0.1634318130135625,0.2605663633894655,0.11961896906353192,0.07228693838849524,0.34744552553149205
179.9,0.15732447117639306,0.2682984178686912,0.11452216263085767,0.0762378191795437,0.30218057148178307
179.95000000000002,0.15102572677544168,0.27878487571793403,0.1154005913972134,0.0713404957493798,0.2841549111168918
180.0,0.15510886526235224,0.2965319246046722,0.11961577851670636,0.08115675724832531,0.28557418997651934
180.05,0.14796758034258034,0.3089550709190231,0.11697507326136565,0.09102373613936554,0.2873857213393135
180.10000000000002,0.14978431804400313,0.3062663716956803,0.11469766801697362,0.08708511137231406,0.28184617457728034
180.15,0.14781695614277449,0.3144815288684901,0.11724081758627046,0.09519453730943105,0.2766346191450825
180.20000000000002,0.1358490675298619,0.31280726951977866,0.12102289348805402,0.09738345733312023,0.27934870017220736
180.25,0.13014920537589578,0.3019087496164467,0.1139058143685172,0.09291660887785358,0.2851233946705903
180.3,0.11997732331237164,0.28855653481917404,0.09675906547110533,0.08640681607746599,0.277003457954383
180.35000000000002,0.12933550050603856,0.27553249889662584,0.07305563502347451,0.07417749832986567,0.28133870989916515
180.4,0.12799861809013882,0.2743582070817313,0.05461294114413479,0.06473132180420473,0.26335720661968265
180.45000000000002,0.12348828133608934,0.2606715153639068,0.049141812272890224,0.05551268627673504,0.23691735471124387
180.5,0.11395409895768212,0.24623800802580045,0.04563953937901516,0.05592885318082824,0.2241915778375109
180.55,0.1067359420882646,0.22617291273394874,0.04811568848107225,0.05837823439758886,0.22398491857513889
180.60000000000002,0.10326442846988516,0.2205732224703979,0.0453491063974774,0.05763998669023803,0.22220915985225684
180.65,0.1013532933237178,0.21941942963538266,0.030720160253587914,0.05978541298056606,0.23824575536965242
180.70000000000002,0.09645607063320055,0.21475531572846077,0.005228315302653483,0.06148660782090318,0.24731416058503072
180.75,0.0947482367085067,0.2148564272011428,0.014366259759312276,0.05968774570903991,0.23193547203334586
180.8,0.09579770220171924,0.21797419721512026,0.034939516985270355,0.059458692993877474,0.22128577034337982
180.85000000000002,0.09251539125983654,0.2164167609635785,0.057325855489566487,0.06575452013867346,0.20070269893886453
180.9,0.0864925173604622,0.19508042175991996,0.07130421001090001,0.0723648829528807,0.1999801091922398
180.95000000000002,0.0855335585464165,0.18685830129943595,0.07840066630061483,0.07580251665626137,0.18911179696700417
181.0,0.08770415232889471,0.18690461034007036,0.08030063298840276,0.08144917371676365,0.18115889038379338
181.05,0.07955010974366687,0.18601660833029507,0.08193273742380207,0.08806361475647799,0.17148406070870742
181.10000000000002,0.07345971085184111,0.1886347441685029,0.0867996571296478,0.08557004307339286,0.18124081558649155
181.15,0.07566163359640021,0.19199992668033894,0.09203939133756797,0.08026675096607867,0.17573819265116894
181.20000000000002,0.08086901857505796,0.19579203223177596,0.09127290007392154,0.08408219933930489,0.1849964840823179
181.25,0.08205600303678362,0.19682044903096949,0.09200276744331537,0.08627412961676831,0.19046905202825462
181.3,0.08071744597019,0.21086495673796374,0.09461879773500852,0.0854635456696603,0.20168915670874155
181.35000000000002,0.08541982890597044,0.20694791983344882,0.09523973337859606,0.09114048622024415,0.21700024451317854
181.4,0.08829205361601015,0.2213081195281035,0.10359830772786753,0.07970114058707542,0.23711188888652177
181.45000000000002,0.08040585495762793,0.22127916062786732,0.10307116126966301,0.08664230865837173,0.25362942564967234
181.5,0.07306454544941918,0.23531193746250367,0.10588812362306589,0.08344947698480182,0.26804477586644937
181.55,0.06889327793382334,0.2412727387510853,0.10785216885459928,0.09828718060039651,0.2863987453540903
181.60000000000002,0.06592303747515375,0.2502045482928257,0.11414083620083076,0.07670395209043981,0.28979076080776817
181.65,0.06477860445495354,0.25695393431446023,0.1155682796362194,0.07727407475316263,0.3025003096030616
181.70000000000002,0.06994680804996853,0.26003511662014833,0.13428228592928138,0.06341645771088426,0.3185338482541164
181.75,0.07448368476928399,0.25803087138614245,0.13737555156772194,0.06548205508897607,0.32790181185711736
181.8,0.07459749953819154,0.24955449834460422,0.13947618171151044,0.06788692569501167,0.3292942023397106
181.85000000000002,0.07641115457065568,0.25316780439556397,0.14408334347965202,0.07716804716090735,0.3290475823774267
181.9,0.06984548977145445,0.25437576177827914,0.1486092767296612,0.0894439774316847,0.32857107474941194
181.95000000000002,0.06327557690642291,0.24985814319705024,0.14618726916768482,0.08916523268238744,0.33700029913685636
182.0,0.07202381350450121,0.2514914775590767,0.15637354981987955,0.0894592421252375,0.33108182623707527
182.05,0.07396546982561367,0.24943213668498146,0.15434774937516166,0.09519994131213994,0.34671961463730516
182.10000000000002,0.07455682433116878,0.24729455513178103,0.1669659470320938,0.09939470084831963,0.3220442259396484
182.15,0.07794195513395562,0.25149158032215746,0.17768158017369523,0.1088456818977962,0.30315371793555795
182.20000000000002,0.08177592407825586,0.2565468839377165,0.18129578354715753,0.11057075595227804,0.2976079152650877
182.25,0.09280584624651644,0.2431137258069613,0.18926950266165785,0.10680468515310326,0.30601081888139103
182.3,0.09885002742016948,0.25010103390925337,0.19797415165331073,0.10330953593543038,0.2806133538420414
182.35000000000002,0.09900204609941926,0.24237030890400604,0.20378270340278348,0.10843498455098598,0.23063535751768294
182.4,0.10752618920360696,0.2291750442937802,0.20984752138440227,0.11491553857319528,0.18336442403933695
182.45000000000002,0.10987380855836926,0.22826774488225934,0.2146370926109244,0.11196226739013958,0.14823888566460933
182.5,0.12052228682377897,0.21854211445043334,0.2245738496749712,0.09864050296364373,0.11626609898330512
182.55,0.12844347992123747,0.2185735516295376,0.23021010304854214,0.09560974586520946,0.09482950675177862
182.60000000000002,0.13019021655359203,0.21326696574475393,0.23023242502357932,0.09955601725609543,0.13623100035354485
182.65,0.1294322861592103,0.211948848396279,0.2319179649706868,0.08273806855427074,0.16569745658522866
182.70000000000002,0.1379403337176325,0.20889637201236236,0.23901171895439915,0.08561986971680094,0.19271039900041173
182.75,0.14191169657121083,0.20478566865761152,0.24203864611660048,0.08101604063294472,0.24153827164293135
182.8,0.13934469125586857,0.19423806118066786,0.24425591367413954,0.08739884722395092,0.24253298348287913
182.85000000000002,0.1441266636307255,0.181932788092049,0.2449072224076582,0.08443502900044673,0.21843121333201101
182.9,0.1407683674894382,0.18111432655534185,0.2465086812826403,0.09341662739991534,0.2535696431334195
182.95000000000002,0.14611946882323132,0.1787534520620009,0.2501812790507319,0.09724516782712139,0.293980780915432
183.0,0.15217191959817006,0.1749932390007067,0.256172238501752,0.09354816991511919,0.3347912286657612
183.05,0.16101209278973222,0.17415694014572208,0.2576731228228319,0.10526910412109294,0.36607693990360946
183.10000000000002,0.15786595362481673,0.16467059546529458,0.25909331080294146,0.10511697964891849,0.34894038977966313
183.15,0.16483171198393806,0.16599583869456336,0.27337782347828166,0.09693886582293297,0.32770840691860653
183.20000000000002,0.1721392712195818,0.16183740102995042,0.27352897920601477,0.10556064998527007,0.31955106080721263
183.25,0.17735722829599565,0.16030820541142884,0.26984032165470934,0.10699500458057443,0.2622614495081762
183.3,0.18766780112447518,0.16103454894062022,0.2652651895490648,0.0967198209193229,0.23553986654703649
183.35000000000002,0.18668175508709606,0.16927740754674622,0.26353727549824496,0.10257025855379168,0.22653914618636417
183.4,0.18468249829908243,0.16253122171092912,0.269518474313321,0.10110405289535683,0.23157061179661162
183.45000000000002,0.18302238886456848,0.14962296130763392,0.2747667464686578,0.08589008386232527,0.23461078762245033
183.5,0.17096614643220334,0.15181570335970515,0.27334496455785706,0.09140887250792866,0.23424556618522216
183.55,0.17082504107698904,0.14103250135201542,0.2798808939859133,0.10032821511269248,0.22628840806294848
183.60000000000002,0.17719171879456613,0.12860748563797894,0.276669548974229,0.09765091937583824,0.22155315837920267
183.65,0.1857294733451084,0.10939228023945502,0.2704655020015961,0.10962187806226571,0.22116469186125406
183.70000000000002,0.185781363408196,0.09941416456185431,0.2694647765327527,0.11485078191434916,0.21974513093688056
183.75,0.18650164812080708,0.10117304426526587,0.2820741807309247,0.11809378919817816,0.22557119310554433
183.8,0.18909024037018954,0.09048620444474705,0.2882286787444799,0.11838972122022337,0.22521183551019103
183.85000000000002,0.19581076854919646,0.06852947582981814,0.3001735260647067,0.10944692068556969,0.21489996250074234
183.9,0.2110015036190248,0.06329847475135118,0.31893512004000035,0.11633741056942455,0.21056277506001383
183.95000000000002,0.20885429792718221,0.04493375686089144,0.32338996530640973,0.12610047665474708,0.24018626274796015
184.0,0.21497639818003583,0.03571030373608829,0.31295752048391245,0.12948923930967263,0.25581154222074776
184.05,0.2254162056628869,0.037141045326218994,0.2900022543920456,0.13197892514443874,0.26324716498997386
184.10000000000002,0.2366436281984702,0.03951757295609597,0.25711135594587253,0.13462861652507588,0.3106791909024864
184.15,0.24094931129848543,0.050467854254954016,0.2481967408773137,0.15094577602981563,0.3592546282110255
184.20000000000002,0.257912668003993,0.05256107637339509,0.2446498253780905,0.1446324778594642,0.357929451859064
184.25,0.2551571320145217,0.06387953982624456,0.24365331868426096,0.1586865765179778,0.35598580286647413
184.3,0.2551955143475615,0.055832739551722535,0.2558360844221473,0.15320365589599547,0.3394737056087431
184.35000000000002,0.25389631996167183,0.06911939629927244,0.2664443911839169,0.1529867959528865,0.3519552324003758
184.4,0.24697962115773858,0.06729022551720275,0.2833527627494158,0.1421858988387795,0.358388029246745
184.45000000000002,0.23956999362432677,0.05749869889341006,0.2887093536621906,0.13998302816476646,0.3643695274145874
184.5,0.22468128819723537,0.050712908580013136,0.27360265036699155,0.13842001822680827,0.3566108925990314
184.55,0.22389158182208385,0.05168295965570627,0.2542654788689848,0.14387303057989909,0.3624833290192983
184.60000000000002,0.22263225229705294,0.0477923430238344,0.2553814780864591,0.13503171335705266,0.3480202018155553
184.65,0.23320110290670476,0.051793811199272385,0.2480288373406334,0.1332033564201605,0.36762829223577326
184.70000000000002,0.23172255613036435,0.04614835059529878,0.23549669365992904,0.12892536373221683,0.3795747878245534
184.75,0.2306110249786063,0.04755768713360451,0.22567120321284637,0.134947379339131,0.38986490678897634
184.8,0.23367692566981893,0.04677784562834051,0.22512701012462738,0.13604386908927804,0.3975625113258682
184.85000000000002,0.24035215203488325,0.053227951776951714,0.22886053413716434,0.13532189145492135,0.3815980110222357
184.9,0.21669156734872136,0.05500014702665011,0.215180824970358,0.13105584203061002,0.38022758234741116
184.95000000000002,0.19605091459046456,0.045523682487023764,0.2088574181728921,0.13471823023647994,0.3779652182182244
185.0,0.18521089649346706,0.05361551365582221,0.20695347037167108,0.12995945916768029,0.38032980563284086
185.05,0.18289442361218047,0.058014997542638176,0.20629938365428724,0.12955276706239208,0.4012932923261462
185.10000000000002,0.17952478808563407,0.05697508509709425,0.20707666451843218,0.1373460404789107,0.41731466492438785
185.15,0.16524752103896406,0.04417545749392316,0.21176548756053198,0.13435636852715324,0.4371843171803194
185.20000000000002,0.14627061283300824,0.03712852551337488,0.1857610582958294,0.14202021653927183,0.44916980715844296
185.25,0.15579768096936167,0.03524197439245666,0.17961199442656928,0.14283305053439962,0.463097481477649
185.3,0.16006892589473315,0.03179877008871075,0.1747181980782559,0.16412323597729675,0.4736075278011514
185.35000000000002,0.15478929827464108,0.02482069931038895,0.15720440681097833,0.16149285784820855,0.4923683309023306
185.4,0.15322094400371064,0.03310849429665192,0.1409619738480517,0.15784747151669226,0.49704340299469896
185.45000000000002,0.14639191914272268,0.039436276657108006,0.12782790592514498,0.15783134309939706,0.49116583813605585
185.5,0.11817701456328472,0.04208902877512374,0.11713110721303506,0.14605909740472775,0.4916163843608289
185.55,0.10588872876626121,0.0407555908951268,0.11247268494074096,0.13775013109851747,0.4938375050467687
185.60000000000002,0.09805260829917876,0.04738931081196793,0.11578281262195184,0.127219553522375,0.4919904795299609
185.65,0.09470968562686738,0.043690913246547156,0.12132139266415308,0.10342009705750567,0.4921641313392374
185.70000000000002,0.08014669991387068,0.0434434366047793,0.12533286500711516,0.08701110050218694,0.4970540484219154
185.75,0.07386589791232412,0.05971207034539886,0.11233362105729722,0.06978978311988551,0.4996736629925704
185.8,0.07345773256218581,0.056721605225634276,0.10241840657329898,0.06485258988068,0.5135568682080232
185.85000000000002,0.08465804811956332,0.05145887437762326,0.08693192609483948,0.06727956296190948,0.5128066614557643
185.9,0.08341832896515251,0.05993021207789353,0.07699182920594565,0.0709100117713775,0.5166358697839758
185.95000000000002,0.08239885738281398,0.06556185658139287,0.062376327100780234,0.06739153417101114,0.5155509996526914
186.0,0.08754407655695252,0.05919207239849351,0.05202165925756238,0.07591476066480528,0.5187660971026049
186.05,0.0988731951027284,0.06549121703402105,0.04712275734055274,0.07108717379717609,0.5183117075404104
186.10000000000002,0.10030025038397365,0.06711549447969489,0.04473748719039703,0.0780665956618617,0.5197029077472627
186.15,0.10106340745363784,0.07817572449174767,0.04509635767534294,0.08390118729687171,0.5246537574411769
186.20000000000002,0.10474397401471235,0.07658926642161484,0.049873153070692254,0.07101407400459361,0.5275967088059541
186.25,0.11689537290515885,0.08411453485552363,0.0535030793259073,0.07166445665654086,0.5464674367984342
186.3,0.11341370881944784,0.08470125696957907,0.056174574255046905,0.07549691297852416,0.5570294741234466
186.35000000000002,0.11676053965358209,0.0928507071206167,0.05427122319448969,0.06083503912651197,0.5374143956378952
186.4,0.12145327310198427,0.09264267553245141,0.05201944109581677,0.05813920792921588,0.524722430914699
186.45000000000002,0.11462151445453983,0.0864880915758183,0.06116484993125314,0.05112634854464168,0.530721907387235
186.5,0.11372246897214827,0.09284295050595003,0.059662458466124085,0.0759437535977178,0.5349145516488679
186.55,0.11014929688728824,0.09175795091317236,0.056809090468495305,0.07278448272122251,0.5414638622829316
186.60000000000002,0.10374509751824972,0.0953311465662534,0.0632355530015112,0.08334180915902657,0.5632302316826509
186.65,0.10134295993187847,0.0934909576088224,0.0692633781396644,0.08713722144531155,0.5697622133491104
186.70000000000002,0.10636886138744187,0.1006134829203102,0.08376360797223098,0.12795213881483525,0.5706219156799598
186.75,0.10790025780816513,0.10271942612373133,0.08875782808247658,0.12105038464937154,0.5597451055642358
186.8,0.10964905090444507,0.10988405293228551,0.10389814247739967,0.12429609699432587,0.5553387274742577
186.85000000000002,0.11097565321899094,0.11464583789631061,0.11903796659803091,0.1171140525383479,0.5647298972699004
186.9,0.11765746758059407,0.11590819973347007,0.1310899554140647,0.11952199829819736,0.5481919503197931
186.95000000000002,0.11197335508067309,0.12236483013604851,0.13770127106792376,0.12376979391254664,0.545780358629646
187.0,0.11519875124456384,0.12797938177221002,0.14439219674299983,0.1274980232488301,0.5603259684341599
187.05,0.11325291571050845,0.1278045137942946,0.14996023795058558,0.133394045884379,0.5677128335580246
187.10000000000002,0.11017940069113527,0.127739437729751,0.1602297866888069,0.12226557185169472,0.5904413741656265
187.15,0.1002463593806675,0.13482704985916105,0.17104627919320425,0.12587443962830036,0.589649294511249
187.20000000000002,0.0963285036667796,0.1350834995949241,0.17790675016401716,0.1274047633308405,0.5886472392725427
187.25,0.08923867054373547,0.13041884154207184,0.18494593773631796,0.13865956052622994,0.6001785041212235
187.3,0.08501428250729806,0.1339278835454277,0.1974757797056572,0.1326770697602765,0.6051970664573593
187.35000000000002,0.07732953810646499,0.14184294964869476,0.21346651354491972,0.13396320917672697,0.6353503828650295
187.4,0.07789377446806803,0.15142152017210334,0.22219915678959223,0.13809961283863215,0.6400054238680574
187.45000000000002,0.08181621651612438,0.15944741361792958,0.2379089778170358,0.14382407209349746,0.6620199462393342
187.5,0.08344366564172709,0.16533870342796828,0.24592131096745484,0.14859846665646378,0.6685830293196395
187.55,0.07997272657204314,0.17070881792162032,0.255521580320935,0.14695361822617176,0.6766140678334345
187.60000000000002,0.08217162559892527,0.1740671431285548,0.2627272717815673,0.15775121228674163,0.6670135167056859
187.65,0.08284991474651111,0.17392452215812132,0.2639045364207374,0.1618327743587805,0.6721864048088989
187.70000000000002,0.0900001724154061,0.16653312235915052,0.271145921462884,0.14766822792422601,0.6837618167240228
187.75,0.09244733778057947,0.16481390722437553,0.2732481103281141,0.1495127897945474,0.6857026002578337
187.8,0.1025729886231063,0.1643131119860166,0.28114261283259184,0.1534232404534966,0.7007740019641008
187.85000000000002,0.1115389130967774,0.1650803407425099,0.2954808555551187,0.15641614589453803,0.7194076874105659
187.9,0.11239146147245682,0.17036527085370243,0.2964760370061303,0.1548052036938852,0.7321190607914136
187.95000000000002,0.11171412259971765,0.17000470162193426,0.3006638176509941,0.16477206477182343,0.7404728629593942
188.0,0.1088032322416113,0.17656036398453764,0.31023767481802195,0.16274977326179793,0.7537181037302592
188.05,0.11218003380711755,0.18662068765193146,0.31020887755374027,0.15580719896543596,0.7487125149552529
188.10000000000002,0.1186380844948346,0.19238740994101705,0.3112076276619406,0.16332972101598162,0.7495881779486894
188.15,0.12299900343054622,0.20289338909094395,0.3130218472611665,0.16038554387701268,0.7611078771951878
188.20000000000002,0.12340023414414748,0.19470432475390054,0.31810951326352926,0.16801876624363643,0.7615003749624125
188.25,0.12630374019449866,0.184919301145724,0.3313233753840212,0.1669192529584407,0.7594220006331807
188.3,0.12845065019360594,0.18472342274446296,0.3230285209006332,0.1578274510465256,0.7622833106986246
188.35000000000002,0.12647787379615774,0.17689815038892392,0.32721694606968527,0.16075001722202775,0.7583898063591678
188.4,0.1292076741117318,0.17754018932336194,0.3311890684604319,0.14895625106421315,0.7654409180419822
188.45000000000002,0.14074417334326192,0.16654207762828327,0.3261792452703806,0.15605419369659493,0.7637103966515649
188.5,0.14618151796851495,0.16408307986132997,0.3203389651275785,0.1473588284034887,0.7636380097473934
188.55,0.15191239503612614,0.1546230163878969,0.3135736144127325,0.1606730072665999,0.7562117466396242
188.60000000000002,0.16250407454834634,0.14818099017798408,0.30938639656583045,0.16052652011180496,0.7615083111346672
188.65,0.17171421244057672,0.16214095719406924,0.3093760627836804,0.1589587071206654,0.7630637858460437
188.70000000000002,0.18436456056751874,0.17160211862120436,0.30427012361598865,0.14933641366849246,0.7689475512165466
188.75,0.19518621484129794,0.16788538058900346,0.29708995364360885,0.1739303111349582,0.7696906705516243
188.8,0.2018367541007789,0.1673126683009747,0.30087366210184924,0.16786574162556583,0.7622771649029134
188.85000000000002,0.20967364643246733,0.1707823491385614,0.3053259576726624,0.16838754003631876,0.7563715676116018
188.9,0.22377767245814825,0.17244640021954477,0.30317149596311116,0.15708018615717545,0.7600010696426281
188.95000000000002,0.24995283865976167,0.16933867737737524,0.2929841016736769,0.1574244633697701,0.7677467862557071
189.0,0.27585543289882153,0.16103144533273708,0.28213360108894414,0.14692383139196327,0.7577308922152886
189.05,0.28896609359726144,0.16534119529373306,0.2755182282995463,0.1306282763332067,0.7376841786287087
189.10000000000002,0.30375060767364837,0.1591501820679395,0.27572060712971425,0.13594750566846486,0.736143592804401
189.15,0.3203229617345818,0.1515048257042045,0.272860684867847,0.13762732771117395,0.7375872143863116
189.20000000000002,0.3273134754715249,0.15066890924574375,0.26769797414466123,0.13859550234112955,0.7455726541234529
189.25,0.3239915753781186,0.15511939013931283,0.2747745317380753,0.10809246217960869,0.7384772079185309
189.3,0.32518236986054355,0.15206506143597145,0.2677791935174683,0.11038162694137653,0.7312326463398543
189.35000000000002,0.33973712570475323,0.1641236226070116,0.25769917810112036,0.11354951718478763,0.7189662520598602
189.4,0.3487005231808791,0.16453451930050017,0.24664757698926756,0.1164069479480589,0.7131915960192518
189.45000000000002,0.35211607491721647,0.16075631690820455,0.24394915125870803,0.11181026878197531,0.7152740993449289
189.5,0.35344045208982733,0.15492741792393344,0.23668266988448347,0.11271796535637295,0.7270219696659228
189.55,0.3388143958469775,0.15918567248109106,0.2312264407526912,0.1090021709518004,0.7161270800124562
189.60000000000002,0.32670325109634824,0.1464127546016524,0.22784011227138712,0.11618149980023568,0.6999480197585826
189.65,0.31190087075266404,0.15223497448851422,0.2084938862144962,0.11398100246455876,0.6911691961502894
189.70000000000002,0.29008702516212304,0.14668005266029333,0.1938325204764478,0.1253222205187779,0.6776761991117125
189.75,0.2712480059594886,0.13698585426647547,0.188479190098871,0.11797389843187006,0.6607552517420833
189.8,0.24693060405805392,0.14016692514588208,0.1823433262315754,0.10885903558684164,0.6543106895789522
189.85000000000002,0.22873864380561001,0.12867997662353683,0.16615805845449652,0.11909382531181781,0.6433257999946358
189.9,0.20846958879051675,0.1263175363250033,0.16180923967325472,0.10380379393912394,0.6185038458767883
189.95000000000002,0.1948186439124283,0.14053689951871645,0.13968211858069315,0.10320084701424073,0.6021496020448834
190.0,0.1833804232323679,0.1570609582087148,0.14866885136573404,0.10932851256651613,0.582506287340039
190.05,0.17156651925252667,0.15606457463676135,0.15441063830724186,0.11679359849490621,0.5872718014713755
190.10000000000002,0.15981880401984933,0.1508952712627984,0.1510064576576318,0.10725310412739807,0.5919347040434466
190.15,0.15327932501855052,0.13745627970385976,0.15181787967515323,0.10222832690910183,0.586866751281768
190.20000000000002,0.1593274283657523,0.11566518783153272,0.1556752449356739,0.09425522796444669,0.5747094027546528
190.25,0.16189000213749566,0.1008972893162156,0.16103715136855015,0.09941168576454974,0.5670091594695559
190.3,0.17680242496139636,0.10899691604466089,0.16598387637987086,0.08769018719442297,0.580207705070071
190.35000000000002,0.1703027588772394,0.08628831310238425,0.17067909850699786,0.09801561897324242,0.5816532857629025
190.4,0.1645928508033764,0.08150037537691796,0.17714838484893694,0.09819059605614927,0.5932711028614028
190.45000000000002,0.15382797779831314,0.06573966066152731,0.19329210717789663,0.10325242687026746,0.5998400472363592
190.5,0.14168990854706714,0.057381493449732486,0.20535390985630245,0.1031570276898274,0.6117645628921897
190.55,0.132765819269392,0.03743659232040647,0.21997326688782906,0.12377781011320205,0.6305830138280352
190.60000000000002,0.12210541612168563,0.03614566418910964,0.23364329551811006,0.14487451157602865,0.6504290761628928
190.65,0.11106828195355768,0.026467235456470083,0.23369139787634463,0.16832357347106536,0.6707978922018377
190.70000000000002,0.10684826616933131,0.02829512248860339,0.2298859612430703,0.17577444977499618,0.6867465788050018
190.75,0.09267279098455143,0.03219021725326131,0.22620785114319517,0.1619046065626687,0.6931563585307723
190.8,0.08461045470507525,0.02968715282347525,0.2391610676457681,0.16043671647698418,0.695536216304087
190.85000000000002,0.07589096489280797,0.024527648917768742,0.24122170176378066,0.15425081775178,0.7070495341728482
190.9,0.06063528799358897,0.029109379559674717,0.23483628482091082,0.16497511096208348,0.7151291279193387
190.95000000000002,0.050746252056783535,0.03170868113762519,0.2231802675638007,0.16325816257016293,0.7281534491801207
191.0,0.034943226688163416,0.03119290275292016,0.21569076140693919,0.16467928131912904,0.7128618750903954
191.05,0.04017458038689985,0.03521157790319372,0.209205735863,0.16115419894930103,0.7115822887985905
191.10000000000002,0.031008990778970975,0.04417269760359964,0.20799918371606146,0.16188559325180196,0.7127586229364149
191.15,0.028266297339935055,0.0392269102844952,0.1924893812170824,0.175966345642809,0.7128259417250599
191.20000000000002,0.030884166464444262,0.045120392874199056,0.16300241741876298,0.18267470721083187,0.7066771203973505
191.25,0.033641696100560545,0.0429565116181471,0.13902928938688722,0.17797853653111825,0.6985481141926387
191.3,0.025848973569565645,0.042079883375838095,0.12579457687891038,0.1767019964893453,0.6842289814008522
191.35000000000002,0.028004206198625214,0.02714072409437876,0.1136803365463888,0.177714337052022,0.667986671390093
191.4,0.02239901141818874,0.025487555989182193,0.10509132481664939,0.16585861854699552,0.6552309035239482
191.45000000000002,0.022358230264293028,0.017269426774182865,0.09354365075635285,0.1612984530052117,0.6303663020879451
191.5,0.020461569530624252,0.016829304701685036,0.09158548338933428,0.15767260804850525,0.6224984534670337
191.55,0.02741025428277798,0.019564058164847915,0.07793077204821942,0.14896545054697274,0.6154196305126554
191.60000000000002,0.034382302651720875,0.02080687249160903,0.0670204937173812,0.1451259545452951,0.6067348290689106
191.65,0.036715274487746224,0.04157950072147436,0.06496330535490807,0.14558256246302292,0.5970461901346854
191.70000000000002,0.041125669076851494,0.05981531110134523,0.05874518159994345,0.1359803105707858,0.615752481727736
191.75,0.04697646239651323,0.050149366841911486,0.05645787770571058,0.1373378497717446,0.6239925921845945
191.8,0.05904209945301534,0.04306061365556859,0.061243615467110275,0.1281285588824412,0.6564660299676527
191.85000000000002,0.0641949392037777,0.04063924994988179,0.05905295945062546,0.12492321929864894,0.6463534941889117
191.9,0.07703786211059116,0.03598970576389333,0.0561882159698537,0.11909115034726854,0.6614004355877608
191.95000000000002,0.07370908644184375,0.035072907437311375,0.06588454022043114,0.11829406402498853,0.6595074937686779
192.0,0.0805475337716133,0.037764693348279144,0.08156719797964082,0.10067320524498871,0.6339043036071675
192.05,0.083352515014417,0.04310399063625706,0.09302497324858316,0.09963312520276697,0.5951329123294653
192.10000000000002,0.09148989806887874,0.03810310260600717,0.10301284012000167,0.09715949461396414,0.5755120665547383
192.15,0.09649571193806956,0.05056529302121052,0.11496579183485099,0.09606121399118575,0.561810389907973
192.20000000000002,0.10030002826135266,0.0450381136797218,0.12245757336107184,0.10469564977813496,0.5337897429718571
192.25,0.10260689814706234,0.042000041950111346,0.12639700548258195,0.09024028872549969,0.493336020738327
192.3,0.10101768478476736,0.046701400271632484,0.1362589867173424,0.08355091283755298,0.4542763382885028
192.35000000000002,0.09866606935879585,0.04429527693623493,0.14507711239664434,0.06142641184115231,0.4350397336501892
192.4,0.10079568635320933,0.046519450081375126,0.15317371928209106,0.03559966214406885,0.4293363707764716
192.45000000000002,0.10460032620097136,0.060350956574686684,0.1621130190099933,0.030764458170657438,0.42205208125065435
192.5,0.10830052082540201,0.06859775303677365,0.1685886422489004,0.026813900798394238,0.41707889810983084
192.55,0.1050719371070047,0.07450644371083412,0.17734148417903664,0.032703049546985635,0.4175356237407015
192.60000000000002,0.09230054313238298,0.07513579733430324,0.19894389643905683,0.04341963119481027,0.41326834589069533
192.65,0.09139323906257378,0.06998580101279811,0.22371980956694773,0.04686960753063976,0.41507673620180335
192.70000000000002,0.0946800185376323,0.06959781239478159,0.2445378594438771,0.035350564582033575,0.42819909356384017
192.75,0.09917735800587178,0.07909283356356078,0.25967603547863993,0.03540485990062275,0.4297862049931007
192.8,0.1064208695602899,0.09693001458184135,0.27169149816608423,0.03100860795440642,0.4299335050161564
192.85000000000002,0.11387063107104335,0.11384414059554356,0.28236296307030456,0.04311084326922697,0.43761753482355076
192.9,0.12721698447048146,0.11738537375800542,0.291815197216783,0.048971755485325785,0.43506443849836157
192.95000000000002,0.13252812866807578,0.1158579657281893,0.2954958910960874,0.05297622204456625,0.4381509775714439
193.0,0.1312853503743861,0.10283067101010616,0.29722261422523316,0.05409433816162826,0.4582860661591582
193.05,0.1293786387758323,0.10877254292948976,0.30200491108025296,0.048955054355047045,0.48096942495856176
193.10000000000002,0.12722270869596497,0.11091876622297846,0.3084775313099489,0.06635104427087235,0.502132212823098
193.15,0.13493210611049888,0.12013074463167527,0.30788473260668775,0.061874569006632525,0.5190636284219173
193.20000000000002,0.137489096062105,0.11192220690796785,0.3026254208501466,0.07814329706849285,0.546607949483067
193.25,0.14133971890646038,0.11198776891001976,0.3064098505475113,0.08748095932409958,0.557961257552861
193.3,0.1428658697614342,0.118882452986333,0.31332516655644327,0.07657584202548393,0.552713064140981
193.35000000000002,0.14837781973639666,0.12392436693440982,0.30957159847754895,0.08059872550499632,0.5571275022933593
193.4,0.16388418746698552,0.12231579529549878,0.30555680857109574,0.08183877479464297,0.5715098723564429
193.45000000000002,0.17208557957676346,0.12726910203755126,0.3066213980198495,0.08513145107865926,0.5943099763580241
193.5,0.17604808130145494,0.12048155215222421,0.3012972561844872,0.0844203646230723,0.623282375962078
193.55,0.19067389819012562,0.1260115112673689,0.30177319767334126,0.07350372810600672,0.6521382042283832
193.60000000000002,0.2029292256749539,0.1314958503483398,0.30586085894633713,0.07338073623408378,0.6667212214647905
193.65,0.21199172333516184,0.1316679224362831,0.30697647324214156,0.08780817052686792,0.6762184240683108
193.70000000000002,0.21943182389057703,0.13864340832000302,0.2997657419535165,0.08481483930684382,0.6951674616093769
193.75,0.22493402588986935,0.13391483759798822,0.2765364105044202,0.08369401779345052,0.6957248046680503
193.8,0.23109557525843763,0.13503892033651083,0.2522852040223044,0.07689295700800698,0.6912727209229268
193.85000000000002,0.2252724618119286,0.1437658470914996,0.231523309142534,0.08311359420053586,0.7002830087227792
193.9,0.21290311245800606,0.14746986823933642,0.2115028103415235,0.09165639615937073,0.7137523467869248
193.95000000000002,0.19254374053402817,0.14866211557152592,0.19792820469951228,0.09805752241009993,0.7200627765444282
194.0,0.16959226527665636,0.14823987066165248,0.1929205235607596,0.1149073845219731,0.7321372863081955
194.05,0.14907635393304264,0.13419195817200352,0.195223644627135,0.12130016854891229,0.7480021326223035
194.10000000000002,0.12713575240401048,0.13212536399035496,0.18202585932489887,0.1119715344878489,0.7486580696989871
194.15,0.09795425593503335,0.1282325149531427,0.173511398123974,0.11453414090579007,0.7560053676253594
194.20000000000002,0.07555751724772047,0.13620847948106415,0.16328026665887957,0.11664892950043297,0.7632808257707272
194.25,0.06621460403143023,0.132053340398854,0.1441324970979007,0.1301741534592134,0.7613776378843203
194.3,0.05958433874485822,0.13732859262750838,0.13225615635604326,0.12214406259830873,0.7679196267465099
194.35000000000002,0.053296861597264954,0.13747166816266349,0.12441917629728827,0.12876229305358575,0.787196770157912
194.4,0.04703482428299399,0.13564614856611162,0.11301349782728534,0.1268719526899329,0.8030708101892238
194.45000000000002,0.04185296777629138,0.13578103512897105,0.10258463110135385,0.12668112738546813,0.8195407650350925
194.5,0.032989080907509814,0.13224581679114436,0.08982623591681595,0.13543265511130673,0.8209052165507031
194.55,0.02727785763248463,0.1339979262395469,0.09072539235547071,0.12359650816020178,0.8341295781121181
194.60000000000002,0.02701668549708587,0.13466326707173476,0.08503244394777008,0.12759838469893078,0.8448759824690995
194.65,0.02277004412745422,0.13857027465073612,0.0767579387431408,0.14200240927818236,0.8574901077941334
194.70000000000002,0.021102024318235275,0.14665158383143875,0.07762079357163047,0.15622810986973756,0.8667462845663867
194.75,0.026790779567582603,0.15369681256975776,0.07530027764812737,0.15921209898257485,0.8652162258769001
194.8,0.039953639565533355,0.1601609976230346,0.07220928032305304,0.15677658365663913,0.8708865468314967
194.85000000000002,0.04610007797037573,0.16200055046478903,0.07793955757087999,0.16510406464474126,0.8733707429300327
194.9,0.06324720292792388,0.1532218643117245,0.06224463810066963,0.16473935171383733,0.8674780268825958
194.95000000000002,0.08114589684139079,0.1557961602798463,0.04526009929212706,0.1412837981467867,0.875850142340304
195.0,0.09735475021535538,0.15071087744653283,0.03300365938727599,0.15219972686551927,0.8898241173681761
195.05,0.11408640203503533,0.15073823742445788,0.019234614926305942,0.1634918533637843,0.8892460982652876
195.10000000000002,0.12579673468691843,0.15982516340452502,0.011456688674787602,0.16356091137404163,0.8913160902400088
195.15,0.1324326789451996,0.1670188301481873,0.013851263532528902,0.17352949439845275,0.8975341374053842
195.20000000000002,0.13917166390936653,0.1715165149458382,0.020963646687675964,0.1808022511008566,0.9099528946949506
195.25,0.13785671006449193,0.18060798267458372,0.029817732859638867,0.17545295988669632,0.9131795004359228
195.3,0.1373449535893187,0.1809629242671137,0.043589304514026726,0.17578091692000727,0.9193525290745319
195.35000000000002,0.1350480232589348,0.19017675729945416,0.05655183085099096,0.18232794316020387,0.9038316527236913
195.4,0.13445001998506442,0.1991953171894286,0.06857596742916508,0.17884629813522446,0.9079248435893879
195.45000000000002,0.1359984940715591,0.20249587654863876,0.06916819655280866,0.1869461072862114,0.9207939057914725
195.5,0.13606484470984523,0.20057216355788854,0.07831878724910757,0.18253093526245498,0.9248272593450264
195.55,0.14230646287972026,0.20377196908544518,0.07885402754494235,0.16975930215268442,0.9191666084910032
195.60000000000002,0.1476092819507763,0.19837286481490804,0.09006651778246329,0.1683610438999582,0.9071372583106964
195.65,0.15609739882082882,0.1948904977380683,0.10568236917193552,0.15554041474089395,0.9011643511928756
195.70000000000002,0.15640189098544433,0.19134893810253983,0.10907493048318331,0.13587362228211725,0.8855694690752953
195.75,0.16155854009609003,0.19406463092175819,0.12410976775148026,0.13390576097283916,0.8886854811350811
195.8,0.1651865605416286,0.1933287924502127,0.14169757262601992,0.1409815829384605,0.9119413863852184
195.85000000000002,0.1793309171516198,0.18409896658415958,0.14344072302471675,0.11947838385008032,0.9170536404645598
195.9,0.18114676957563744,0.18314435525828912,0.15566693580181787,0.13078730795321736,0.9182168879137901
195.95000000000002,0.18549223115220775,0.18128557932743483,0.17550226085523277,0.1296174953228458,0.9220582683560007
196.0,0.19696084897489996,0.19446617769411492,0.19306460766438024,0.1260155873433331,0.9241791154723068
196.05,0.1978631580284411,0.20253517581798938,0.2175582830423023,0.12871573023718355,0.9085463526236645
196.10000000000002,0.20284632069771352,0.20214239983964824,0.22041936398643955,0.14550196345022448,0.9094742718664388
196.15,0.21169520218358764,0.20300622079100572,0.2313743508319981,0.1353990068500118,0.890555756034811
196.20000000000002,0.21581404257321468,0.1999350755754081,0.24109916390590794,0.14101257600102035,0.865260727980656
196.25,0.2238632762060449,0.20047431906900204,0.2545776871755285,0.13682157180713234,0.8681680493208314
196.3,0.22069318193593745,0.19383535521396397,0.2568372476184466,0.13832465621667206,0.8575002698143476
196.35000000000002,0.22457917602306882,0.18664552407415982,0.26600836996963667,0.1375496059065759,0.8399566936387858
196.4,0.2245474804191054,0.18828396472274045,0.2734548357475422,0.13625082789390883,0.813831835962087
196.45000000000002,0.22182461253704724,0.19521085183596174,0.2772380949751747,0.13634573485678048,0.8003548364828089
196.5,0.22322881910474549,0.19312455655092914,0.28863641655752914,0.12758234242445127,0.790114958015873
196.55,0.2264300187249313,0.19819209941091295,0.29030350625836127,0.11443129686647069,0.8214656614354386
196.60000000000002,0.2265500882902221,0.20112815547428456,0.29022706217145094,0.12501806887139105,0.8395381823270086
196.65,0.22905382599816132,0.20315295820598056,0.2988305199983787,0.12019217004914003,0.8384733975793439
196.70000000000002,0.23424907773509074,0.20956346995497818,0.30729434326411553,0.12806745849320716,0.8398902487506892
196.75,0.23427969505520943,0.2202906571549131,0.31947630850882874,0.12935967395528045,0.8553121294210744
196.8,0.23311724716128637,0.22756472630724817,0.33259862328261725,0.12862032924768035,0.874139322204341
196.85000000000002,0.24222230912181814,0.23632736135984161,0.35226297700280734,0.1307350191694344,0.8915141354444952
196.9,0.2502551631207489,0.2377343786791729,0.3685467332756934,0.1461821751731074,0.8996001282448206
196.95000000000002,0.2638848422156088,0.24979667944206788,0.37777373631357397,0.15653691690085156,0.903149622151754
197.0,0.2659027122155882,0.2464322878048758,0.38861012463021477,0.17026651496389203,0.9055072130224394
197.05,0.2670248526914322,0.24604197890513224,0.3887521103691946,0.17867240731237807,0.8958703884037081
197.10000000000002,0.2646467460619255,0.23729037212570572,0.38745778997283903,0.19289770452973853,0.900827502031978
197.15,0.2673221325937506,0.24035370767674163,0.38719980393630815,0.1887439965644208,0.90353025859149
197.20000000000002,0.26656819418721184,0.24405240144945314,0.3848725690415912,0.1688813464811437,0.8949507364407521
197.25,0.26697391811595944,0.2519560266028976,0.3719812545986551,0.16145826102026448,0.8880151819556628
197.3,0.2700339785060439,0.2471920228207307,0.36085357830271053,0.14896289961747244,0.8671757181845291
197.35000000000002,0.27918820252773097,0.24478311154914995,0.3613698276809636,0.15185446088406107,0.8632527296935621
197.4,0.27964652188785777,0.2502024334660622,0.3635159139088323,0.16983937907865776,0.8634545219535301
197.45000000000002,0.2791055086582229,0.25538306625227153,0.37301266987520787,0.18775043201093397,0.8660409327279593
197.5,0.28548363630488083,0.25839022797715605,0.38035534158426926,0.2013354149300862,0.8659354190536629
197.55,0.2790811877854767,0.25806652648597117,0.3878173453551083,0.18908011564525176,0.8714034533845862
197.60000000000002,0.28838965690516216,0.27257515778969965,0.38971169831382985,0.19630517185703833,0.8717341003625702
197.65,0.2927708892476905,0.2699397124675545,0.3851272112391136,0.21138142605731472,0.872628056405093
197.70000000000002,0.30188704875597605,0.26425953499318616,0.3790032939618823,0.20878426909976042,0.8728391805663747
197.75,0.2978143876096581,0.27252854477774224,0.3767191760378933,0.20481346466723557,0.8934462217432535
197.8,0.29912972365596113,0.2839411469511086,0.38017304189139683,0.20535906473871016,0.8950263366600905
197.85000000000002,0.2981952915159254,0.3097809022897605,0.38778480181632285,0.2187197769333972,0.8993636116691541
197.9,0.29737113397138154,0.3298161447317947,0.40236132492616306,0.2259616941245297,0.8988004437228874
197.95000000000002,0.2956601420657216,0.34128930832275733,0.40520141850109304,0.2555980413679402,0.9029064551928118
198.0,0.29068892170693256,0.33554035882132344,0.39453070060532297,0.2666115794847483,0.9141858800125718
198.05,0.2907784903532638,0.3296281049587816,0.37889849737097336,0.2636171664056999,0.9158520920356882
198.10000000000002,0.2985453340087596,0.3073450455167706,0.37098832539508425,0.26843267642789376,0.9036480251958167
198.15,0.2940865199865419,0.28803933774423124,0.36112662022156466,0.2582995677430355,0.8911099371000549
198.20000000000002,0.2892573380200463,0.27704351864547266,0.3409697599795822,0.24455354539281007,0.8888365557511446
198.25,0.27943804724264704,0.2631928163165482,0.30381360281380565,0.23715776757856527,0.8863175507880925
198.3,0.27260416084634564,0.24913738256762924,0.26445540806776086,0.22549256666728476,0.8635795352426144
198.35000000000002,0.2691261094647758,0.2290271537389715,0.23296999332730223,0.20329575888574955,0.8050463104865263
198.4,0.26201864913569334,0.213603501792862,0.1991605866951527,0.20455545923430174,0.76517214427184
198.45000000000002,0.25912262957592574,0.20104007637200408,0.16893240939116982,0.19531042524772887,0.7338265379676837
198.5,0.2611288924147089,0.19549952307452767,0.15394605233058525,0.18810477576377044,0.6872385758138477
198.55,0.2610885380197312,0.18699538383861763,0.14144811034802446,0.20741626727183451,0.6529490945593049
198.60000000000002,0.2618623799741594,0.1811547257769461,0.11975065143527473,0.2077244272846625,0.630008440560842
198.65,0.2639033609012952,0.17429396948043493,0.10098127881943837,0.21589361764501022,0.6054540265121285
198.70000000000002,0.2623690069357324,0.17680358647890151,0.08152773801658877,0.23301443265194313,0.5782676397016626
198.75,0.25389998071121905,0.1883711731617959,0.07444201099566343,0.2333139935025303,0.5675675137656302
198.8,0.25657283267365677,0.1869075834753779,0.060478343523112106,0.23923637855611163,0.5504430830774987
198.85000000000002,0.25734668952295614,0.19159588754897708,0.048220716500349016,0.23861023442050883,0.5391741687610045
198.9,0.26581313449713784,0.19014130667719648,0.043373325550251474,0.23336147345040595,0.5202367877945578
198.95000000000002,0.2644473842334017,0.19137799556202625,0.03880456062348461,0.22722084581082852,0.5070536655403881
199.0,0.24963306425701706,0.20358747270185606,0.036789292874879656,0.2413993141118582,0.5022638822124784
199.05,0.24093663977586177,0.2048137529987823,0.03324508606426009,0.2391876433882151,0.49413105554227166
199.10000000000002,0.2418706988967354,0.21408739215292846,0.02578217573407817,0.25268885137388925,0.4924203239592288
199.15,0.24093537950296048,0.22192080240709633,0.023512132657137287,0.2562695392958551,0.49843385945824487
199.20000000000002,0.23143076257607342,0.22883487733759608,0.02340392144257091,0.2656574044845345,0.49219851802736453
199.25,0.22452495640594483,0.2348145271407105,0.019684460088976067,0.27103092894132763,0.4971082734364754
199.3,0.2213528627328704,0.23642406410893982,0.01302650971612615,0.2679255263469059,0.5140761482093386
199.35000000000002,0.21787122369438416,0.2400886930298631,0.006976671998291392,0.2525037022611059,0.5053489799576624
199.4,0.20404649290111151,0.24176054350001114,0.00520791263230141,0.23369990727796758,0.5027222824960177
199.45000000000002,0.19978638475588067,0.2494710514533496,0.016684593795486976,0.23631960779396333,0.4988188181438667
199.5,0.19563848211041385,0.24445350662208246,0.03230520211694546,0.2309033991724808,0.49448690591375766
199.55,0.1945018328707007,0.23429120884258148,0.04547529476822688,0.22367565030586795,0.4833427871309082
199.60000000000002,0.1885150901796901,0.24079515673971638,0.057186563744968,0.22352449649729736,0.472212324569751
199.65,0.19210166825387961,0.23859626003909554,0.06246646433879278,0.212358319196118,0.4636778947690428
199.70000000000002,0.19781769924019196,0.2453379612146787,0.06614314022161283,0.19395905948840714,0.46133067406605155
199.75,0.19685384756519708,0.24537236544759844,0.07028655910613514,0.1900015355131811,0.468067549197746
199.8,0.18912049648444165,0.2381082594996072,0.07558759120462527,0.17834367611661453,0.46678760002964176
199.85000000000002,0.18163556913783852,0.2381562699218948,0.08180139862372109,0.1716332089017456,0.4627457542510009
199.9,0.16844428790797594,0.24126562824826267,0.0982521786752947,0.1804419758467595,0.46300160060173096
199.95000000000002,0.166467583843906,0.2456706558114638,0.114462423955436,0.18239390137369127,0.46428679510860493
200.0,0.16335472069068277,0.2582660869097895,0.1256575511008721,0.1815191528798742,0.4509991679660953
200.05,0.1584442965664087,0.2434142837791459,0.1302624592085512,0.16061123434792574,0.45744208105972084
200.10000000000002,0.15198832309928406,0.22887964265605393,0.13101282283474963,0.13292776345010915,0.46132351502234076
200.15,0.1547954905128042,0.22475018801019922,0.13005120870528525,0.12628561419738105,0.46371589894565673
200.20000000000002,0.14673745308484484,0.2248593394730047,0.13996686320343477,0.11974277698779752,0.4603391032040407
200.25,0.13899446692929493,0.21971990931016677,0.15452505719741785,0.09694136493631593,0.4541161750592949
200.3,0.1377817878730127,0.2061692992691937,0.15941966426244095,0.08085824863970457,0.4551255043311066
200.35000000000002,0.13670194453196902,0.1996069672171493,0.16738543369761077,0.08206452026524189,0.44492571355294813
200.4,0.13137802835611329,0.2064940389094769,0.17367473890708338,0.08101101662652128,0.4489627890953433
200.45000000000002,0.1269391734568304,0.2127899636425384,0.18908272038752857,0.07748995550595482,0.4587500792190145
200.5,0.1248482704971917,0.22213480291247936,0.19833074392829672,0.08988746874859006,0.4566297016317483
200.55,0.12020888281885389,0.22896009930593164,0.20406037305373737,0.09509223322902886,0.47141126960887875
200.60000000000002,0.11207535371649292,0.24357375562382524,0.2102953945873978,0.09547437764334313,0.4622283761219937
200.65,0.11412648138540091,0.2490806078691568,0.2173417348774031,0.09394503025708488,0.4591209218436213
200.70000000000002,0.10933904677704122,0.24947966894059523,0.22906692579581484,0.08270604081629526,0.460006310169107
200.75,0.11250851431359687,0.23222006445757262,0.2359667201241133,0.08519689679260199,0.464730298589489
200.8,0.10711284472475158,0.24131578157221983,0.23954676622448526,0.07939384936668678,0.4642674378146591
200.85000000000002,0.10119615239364,0.24702309095673106,0.23772077651847298,0.08649097323444253,0.47395177238703695
200.9,0.0954607843501122,0.2544168435703509,0.242578292848483,0.08599004197291518,0.45146676873627356
200.95000000000002,0.09659603250885651,0.25245550772799036,0.25272993800450094,0.0955227130494348,0.44195014105218655
201.0,0.09846107709275068,0.2333590917894768,0.2551101410413346,0.10183503318811518,0.41380307481008655
201.05,0.09799906956301915,0.23210791386276142,0.2586382901898005,0.08949652298633717,0.4116088492532151
201.10000000000002,0.1040504988993415,0.23296931281810987,0.2685335030390384,0.0948720161094083,0.40645643047199875
201.15,0.1089661080135212,0.23574229862406246,0.2694321423188661,0.09447626135694469,0.3780744640187358
201.20000000000002,0.10749632582197405,0.2414292715376763,0.2764387758067748,0.10341806067005306,0.33739816742345585
201.25,0.11509277374057353,0.24179745552387846,0.2840873495936223,0.09000188689943721,0.2807735621606001
201.3,0.12509027094067726,0.23168078835345782,0.29493705762749056,0.08706442207561418,0.2509023307024372
201.35000000000002,0.12885764842472194,0.23343624067911362,0.29852805215936035,0.08417040005392612,0.2459631759537881
201.4,0.13893114281581453,0.22507264189083934,0.30604405986564415,0.07827422700423418,0.22390198904560732
201.45000000000002,0.1439695432978935,0.23776730810638327,0.31071614425943717,0.07164339695867473,0.200337505212102
201.5,0.1463160011502596,0.22698168900457202,0.310435371983879,0.0692823420981176,0.17482491093020802
201.55,0.1467002750979176,0.22142251761038978,0.31109327417046706,0.07461140798690861,0.16623291630857823
201.60000000000002,0.15521374429480464,0.2131388791861352,0.31775598234177965,0.07878532956445412,0.16025912604043613
201.65,0.16411267372011495,0.21460107868554407,0.3162766484201247,0.07849640001665416,0.1606414720320051
201.70000000000002,0.1634037425646383,0.22000403556005085,0.32972601453428724,0.07412759809131514,0.16392972639933676
201.75,0.16907376600443252,0.2187277265566259,0.34080029362115005,0.08099202767853121,0.17552666399041564
201.8,0.16827621020940775,0.22057591170476684,0.34283626526473326,0.09053765809282262,0.1942842397770601
201.85000000000002,0.16982197594597473,0.21370699481048464,0.3425599570730736,0.09299486662831194,0.22784185743125523
201.9,0.18285575250649555,0.20673912128814226,0.35224090638336825,0.09485341497981174,0.2765367953915291
201.95000000000002,0.19051763320769344,0.19927158809185883,0.34740070191379524,0.09733682233645229,0.2809281202968036
202.0,0.1960759715195789,0.1915942002425943,0.34054344522158286,0.09363625631081975,0.29175491281430666
202.05,0.20219549586679073,0.18514842562054504,0.35235917535427613,0.10773626280895103,0.3285218984522621
202.10000000000002,0.20391793958953305,0.17906198840393636,0.35387440163357026,0.1198085742321471,0.3427402126595217
202.15,0.2094962169470182,0.1783901447357926,0.3528118942681826,0.12700809780235436,0.3594355441060663
202.20000000000002,0.20867730600743764,0.17295356502464734,0.3537387481689703,0.11983489043149914,0.365208683098127
202.25,0.2211493542592479,0.1662000147688385,0.35089551772371436,0.13778800605413768,0.39138556482187514
202.3,0.22946306663810084,0.165553937392073,0.34613242168916397,0.14681985491995117,0.3704250557493678
202.35000000000002,0.2338871712166248,0.1655085628553072,0.35272193220142495,0.1383390727925503,0.37548634859821967
202.4,0.24951048626883154,0.16634680164313465,0.3391340718171813,0.1332220904422301,0.37499869373040123
202.45000000000002,0.253160189294331,0.1628475199333023,0.33256713187053505,0.1278631827767852,0.34832672916232693
202.5,0.2479466835168685,0.15231908438432684,0.31957625385610733,0.11204410985511484,0.3199022100608904
202.55,0.25363610076194587,0.14369767292483127,0.3127469119231446,0.10603632280504884,0.3180961975646393
202.60000000000002,0.2588265114520192,0.13960495555078645,0.31408671833997187,0.10165586065975896,0.3286639053024095
202.65,0.27263188796501353,0.13324413293628903,0.30734480300264627,0.09479710165242705,0.33697611012997064
202.70000000000002,0.268967056596789,0.125478975345462,0.30330686073277463,0.11768117003710844,0.36658740206151125
202.75,0.2632178132700978,0.12044309845821441,0.29251235304356604,0.10943847329750324,0.3983706922951936
202.8,0.2674449114240309,0.11772924814307506,0.2750968629823495,0.11377563165512201,0.42245872720849015
202.85000000000002,0.2640666904744415,0.1103498962564381,0.26443573994716535,0.1224054198977401,0.455682507273398
202.9,0.2627081920825647,0.10403808305564488,0.263160865846171,0.1251874908974191,0.47458007837334804
202.95000000000002,0.26145790149647397,0.0984252889234049,0.2510713070629096,0.12808751356186424,0.4713304852281158
203.0,0.2619440305229375,0.09478603137512091,0.24137358133539671,0.13359136433733768,0.4700512150078009
203.05,0.2580053132909597,0.09771432853292,0.2333210603898782,0.12237479328229249,0.4830152932171704
203.10000000000002,0.2546108597239544,0.08978905752854435,0.22767690464104826,0.12583560159840548,0.49826796074452917
203.15,0.24440043841954948,0.08175725618855595,0.23350925795685396,0.11220161599537881,0.49216397038269416
203.20000000000002,0.2621063482394367,0.06842152587236208,0.22502986709230388,0.12329762256418594,0.491915279845476
203.25,0.2602906963145676,0.05808958766031466,0.2048166343510934,0.12421266664497639,0.4775978635190933
203.3,0.25880736915643127,0.051443738720223085,0.19227370793838017,0.1339870040625313,0.4869757724810919
203.35000000000002,0.25318559648950345,0.042787802362931296,0.1776795500406939,0.1334277625212214,0.4819422717725361
203.4,0.24621389834735655,0.024297424980980482,0.16586316339268617,0.13793289203083717,0.4766283085526352
203.45000000000002,0.24863831291156677,0.031973150132261,0.1703804703967388,0.13731452713335743,0.4875801086613583
203.5,0.24121018213648424,0.029303169744509177,0.16436833586330585,0.13322961487956425,0.5185889648116091
203.55,0.21715642961246115,0.03449250618429765,0.16969334046533802,0.1209297257208494,0.5093411546846796
203.60000000000002,0.20089802161243522,0.04996066985651839,0.17434013356662884,0.12034759463363745,0.5019547513302891
203.65,0.2068270639067035,0.06990573389416481,0.1784455427979357,0.12027106317694368,0.4846693640990959
203.70000000000002,0.2052386941996733,0.08175779563538824,0.16985479225517214,0.12154105485266092,0.48446096765609525
203.75,0.19454175426895592,0.09899404506125277,0.15638649691904138,0.12735976921037676,0.49033401232901896
203.8,0.2047749605759111,0.11706780377430873,0.14823647960713368,0.12389369828559525,0.49238916985727055
203.85000000000002,0.20142691416696992,0.12292397149064507,0.1466001269911152,0.10972857682123122,0.5018955013988189
203.9,0.20558946992121263,0.1289569137220564,0.14570119177913726,0.1078495220519545,0.5208184980114999
203.95000000000002,0.21462285792920216,0.1285235128801414,0.13200021031505088,0.10983083362616874,0.5236199665670977
204.0,0.22915887578972824,0.11968667862844433,0.12546034056840116,0.11598036079591253,0.5298135826662311
204.05,0.2158593668457026,0.10755628585313493,0.1288523204328748,0.11129794876655265,0.5235850733794586
204.10000000000002,0.2110906045737175,0.10593829261127743,0.13093972442396287,0.10610842272343488,0.5248552049383969
204.15,0.20180684019541265,0.10898092002074937,0.12985949328718202,0.10954769407875499,0.514871078593094
204.20000000000002,0.19749024600165183,0.12075535272091406,0.13141369187917099,0.11182512020875544,0.5163844238094726
204.25,0.19842250644454681,0.12428313038961576,0.13086941557785775,0.11648732707518895,0.5168361022859594
204.3,0.20212975348562734,0.131394217608038,0.12348888837527001,0.11392262343941162,0.5154294368382574
204.35000000000002,0.20174676112616016,0.13533604071539715,0.1126290170256983,0.11265499443027241,0.5202631036439648
204.4,0.1917225168349362,0.14074981609895942,0.10674583749497427,0.11389233734081808,0.5188664512067103
204.45000000000002,0.18540292504400707,0.13829354156321594,0.09549727722766317,0.12224125332514468,0.5410057547777981
204.5,0.19118355607386336,0.15393008788611087,0.08686639004635827,0.11465859529688649,0.5547583339776531
204.55,0.1846323018198557,0.15763712472369273,0.06160036396870844,0.11945607624751625,0.5857773393616973
204.60000000000002,0.18174476811768095,0.16654802002808355,0.04870545501671039,0.1178011792059508,0.6045134787342848
204.65,0.1658258116058882,0.17230029062234686,0.04385226733006206,0.11689432308096628,0.613264330751002
204.70000000000002,0.14871847937611934,0.17086516127048973,0.04764216332499532,0.11067276744095059,0.6342943667710038
204.75,0.13365892378482325,0.16611707308370582,0.06887719958502342,0.13008807741853953,0.6282401592757597
204.8,0.13409241404408193,0.17000706996689974,0.09617864886042386,0.1414972418192841,0.6309466592204187
204.85000000000002,0.12993676805185483,0.15282297967495262,0.11936727507571473,0.16178582593314114,0.6398296454677614
204.9,0.13141197213770817,0.15269219902756198,0.13862375286894477,0.17206238972189575,0.6545135406955752
204.95000000000002,0.12770067067334107,0.1347373631625422,0.14233889139588116,0.17053601220677772,0.6693629295744891
205.0,0.12469956605015522,0.1329455172773033,0.1448474661482391,0.17730644545163174,0.6758728749744242
205.05,0.12675997172645173,0.1404382172471691,0.1572389491561007,0.19065198026999472,0.6966690724916578
205.10000000000002,0.1392428594312909,0.14147761713680682,0.16712474268146046,0.20895943711999698,0.7222200459960226
205.15,0.1348629136929487,0.1495403600798513,0.17796462372416197,0.2396315463286872,0.7546633189086328
205.20000000000002,0.14894381532334644,0.16125501295738912,0.18961180643772174,0.24248859899925398,0.7951007412186892
205.25,0.1576504046909571,0.1550432036595888,0.20108693362909313,0.22985779757682162,0.8343519680670737
205.3,0.1593892266983093,0.16234994812890247,0.20872600395208885,0.22609964264043955,0.846019125125777
205.35000000000002,0.1660095913748313,0.16777550864492882,0.222653054991467,0.23035492905420593,0.8429714073139396
205.4,0.17159291942406607,0.15600285306797382,0.2306966593403722,0.22540489072943634,0.8413055144208662
205.45000000000002,0.17223160450674485,0.15701212986066282,0.24105792963453054,0.24158810862051475,0.858917376537209
205.5,0.1824283052833443,0.16316368435635134,0.25635577328681325,0.22510255584195077,0.8669918573001285
205.55,0.18651339127470395,0.15596097135474934,0.2659850579298244,0.24350260387982417,0.8792197597173717
205.60000000000002,0.1898804286845757,0.1469339166365141,0.2705987414359562,0.25505528034863545,0.8806230692054586
205.65,0.20304388136598664,0.14639871951759198,0.2754147855216155,0.24736371296808632,0.8650694253698261
205.70000000000002,0.19966888843660496,0.14908539557514683,0.2834776515752088,0.24844029341890417,0.8560660594031952
205.75,0.19207767798363212,0.1487312207576827,0.28199957431083056,0.2644378032479179,0.8477293405397636
205.8,0.19136494688985378,0.15469926067365283,0.28961538564545913,0.2635182874594561,0.8402309625109835
205.85000000000002,0.19511172687945477,0.14858864781560052,0.2986061721939882,0.24874891249683034,0.8177864063112931
205.9,0.19817815146809675,0.16241713236276367,0.30547283238825657,0.25910858000765696,0.8016954372840476
205.95000000000002,0.2036759067857188,0.17680832447395067,0.3141883579828017,0.25065565404080703,0.7926202634349453
206.0,0.2018003901225549,0.16395471096642453,0.3198267665155868,0.24672332534139463,0.778790670393369
206.05,0.19865832056453725,0.16953225695954788,0.32630394341086116,0.2626973171930891,0.7831319853149904
206.10000000000002,0.19953033662297157,0.1678013503777543,0.3284507718770555,0.2634215882813004,0.7797656771041493
206.15,0.2009984329276576,0.1720801324453127,0.3398440488763892,0.254901489581797,0.779535124293491
206.20000000000002,0.19867410602801897,0.17135941187352377,0.3415430261533658,0.2412875867193836,0.7739430844588628
206.25,0.20497192152905963,0.17633361512896828,0.3482048798317824,0.2280428566086121,0.7712941330588022
206.3,0.20821954183456617,0.17221080842685318,0.3610765163356953,0.2325269306975127,0.7835462751968797
206.35000000000002,0.21052588379484366,0.16434593496374716,0.36782738343042404,0.2261529422466951,0.7900392182775479
206.4,0.21100086741368326,0.15353048652989107,0.37021645608891984,0.22839850218394606,0.7921716692409325
206.45000000000002,0.21309121503578146,0.1509457804490819,0.38608933542675145,0.22758979346861372,0.7804580008917925
206.5,0.2070453401679015,0.14639944579451622,0.39929976818226737,0.23232600258623312,0.7706594897264559
206.55,0.21209855717871173,0.14728030960638314,0.40462613207987574,0.23763075832328967,0.7798018950051154
206.60000000000002,0.21184800804375353,0.1447513178019981,0.4090865845317228,0.23549184973455153,0.7881445373123458
206.65,0.20272542296000684,0.127283686964937,0.40833343111026743,0.23919902074536842,0.7845798318235074
206.70000000000002,0.20367238821125855,0.11634332976718603,0.4093002905564318,0.24286684340911843,0.7859230877505948
206.75,0.2049891927564091,0.1221264602103845,0.41896067785049684,0.24235923890804495,0.791986884008353
206.8,0.20150329423397778,0.12166996904465976,0.4227511358080962,0.24192786455978138,0.7901762199557623
206.85000000000002,0.19698022664046305,0.11686810408082164,0.4231723959409192,0.2420915772754646,0.7959078254780039
206.9,0.1882067604487794,0.10724068652413109,0.4292946781247816,0.24086060621883934,0.7925443616302207
206.95000000000002,0.18533854730735905,0.10197543000168918,0.43749843257848575,0.2422755843296557,0.7975290384513861
207.0,0.17543323536539962,0.11492659094113132,0.4289384635117439,0.24610702942148896,0.8045159551551175
207.05,0.16550617766408549,0.12175007175608181,0.43816376724384976,0.24695077817368488,0.8057391738683011
207.10000000000002,0.16149387367091736,0.12798454889678837,0.43937178217079254,0.24756654490622818,0.8097929864810017
207.15,0.1558313944571832,0.13127248502487535,0.4338090883760319,0.2393461671342225,0.8082242979865077
207.20000000000002,0.15084773260585305,0.1231602558111403,0.43273930508977276,0.24638452768815414,0.7980277953461294
207.25,0.13495006700539117,0.12162110023783486,0.4249741105852825,0.24123775402514636,0.7912758534189668
207.3,0.12839014719441533,0.1300942182828872,0.4201040782080205,0.22724401229258845,0.792880235254102
207.35000000000002,0.11989779171367712,0.12365529911757246,0.40784344378215887,0.23276066966723694,0.7878373639444944
207.4,0.11513399059678003,0.13053014492076467,0.3955167477189955,0.22236880465032988,0.7861761349738091
207.45000000000002,0.12258455136568275,0.1328817574702015,0.38449616159287586,0.231902962136119,0.7677012032577852
207.5,0.1212933183442268,0.12439280878437839,0.3695715411687643,0.2187901147796005,0.7606038279840807
207.55,0.11644846829010355,0.12925027193015856,0.3754346536615049,0.2169184420502642,0.7524135977635531
207.60000000000002,0.10901476074755391,0.12689816124950545,0.36973341569823787,0.228414828079135,0.7493267042265301
207.65,0.1001504056497598,0.11677883572945169,0.3777912193900187,0.22712306182447328,0.7448883313849777
207.70000000000002,0.09858056932007624,0.11999066963780884,0.3764499675019957,0.22422654569466097,0.7527273552689442
207.75,0.08921933301408985,0.118431434760361,0.36643404826162795,0.22831549873518933,0.7636331793446981
207.8,0.08031308204534189,0.09216811052101496,0.35828812986064396,0.21373873365676646,0.7776718173041133
207.85000000000002,0.07620835400525344,0.08022411571068461,0.34014185671223757,0.21215306638137324,0.771056776968593
207.9,0.06836007673087226,0.0730888273684286,0.33690361444911116,0.20065054344981417,0.775998443162508
207.95000000000002,0.06049791269592442,0.0750532259740128,0.3286611302686767,0.20781004288202776,0.7611679947792438
208.0,0.055210425623280206,0.07898273093265548,0.312495224054967,0.2100712375389803,0.7606404896742902
208.05,0.05755886737343817,0.09177289296417437,0.3043849747121097,0.20557594568728232,0.7466517791458268
208.10000000000002,0.05950605029910323,0.08768890210890462,0.29661972993671537,0.19419781894834015,0.7326977711551671
208.15,0.051241819761348444,0.08723047520802302,0.26843810564679144,0.184379945795867,0.727506166377187
208.20000000000002,0.04509615300928711,0.09597336482234282,0.2506665410367682,0.14892850543143488,0.7109299244153303
208.25,0.039756567663743636,0.10437638222427618,0.24260675446621252,0.12551841690068402,0.6888528323829094
208.3,0.03135049405172054,0.11312889189760282,0.23276625647741966,0.11761176337251886,0.6793054964517726
208.35000000000002,0.01965348167972335,0.11730133760714244,0.22727641950680982,0.11225154213719185,0.6681361568678927
208.4,0.016076030358938606,0.12385096175089014,0.23359043532128293,0.09810301402864241,0.655430474371385
208.45000000000002,0.017606752854781575,0.13261737241156768,0.2309838165722505,0.07831158020629952,0.6348380508444528
208.5,0.022874709079689904,0.13956241864811278,0.232147677838825,0.0625628361938404,0.6210892858626885
208.55,0.028800078063963546,0.1424068292695532,0.2117755967502072,0.0510898842996126,0.6234415715942955
208.60000000000002,0.031279846895683416,0.15639194086414934,0.2129370436249903,0.03326401375989271,0.5931342990589182
208.65,0.02938313378227039,0.16399612972576497,0.19829467239355855,0.029216838861306407,0.574906989425754
208.70000000000002,0.029595346786830786,0.17151643999367266,0.18605284628216195,0.02527068774478942,0.5626659084075607
208.75,0.03389674984091864,0.16937629484310254,0.1961379086072566,0.039637258049954466,0.5580356882103664
208.8,0.04025423290879952,0.16023110200216925,0.17873536799703155,0.041370817926659954,0.5614667504141286
208.85000000000002,0.04230073683197038,0.16004482495298109,0.16419505637705545,0.059737549977673214,0.5588862116582783
208.9,0.03707231707264975,0.168257053556096,0.16276964369840752,0.05877403382223153,0.5472391211986888
208.95000000000002,0.03378100682652132,0.16245559838662268,0.15235241795771454,0.06960693552550963,0.5467881988048691
209.0,0.04028049496238991,0.1643529314910192,0.15506727428924363,0.07896985171231256,0.5427059288649715
209.05,0.04536475492061918,0.1622374445639409,0.14849273195180476,0.07986766447237519,0.5408496620477041
209.10000000000002,0.048537379105382424,0.150939848390753,0.12999882304590846,0.0808112444480887,0.5407612465684327
209.15,0.05153898654829835,0.14317151992591434,0.11248840465860026,0.11363825192827189,0.5328706094717572
209.20000000000002,0.055704467216963545,0.14785301080372826,0.10277642904532204,0.13323933291531298,0.5185103921892953
209.25,0.060268243799186126,0.14504780502495218,0.08765566988935276,0.13722191183420257,0.49827466991249825
209.3,0.05855662590076438,0.15232621855914613,0.10051025029156893,0.1537082720513538,0.48518377050753664
209.35000000000002,0.06726285394545972,0.163867550682639,0.10964628711279402,0.16031758632926346,0.49323279935614306
209.4,0.07127550484207283,0.17076874667238615,0.11665277673829667,0.15156477335759305,0.49665414774527233
209.45000000000002,0.0648183113336486,0.1685008946484481,0.12009837681313412,0.1473100704066116,0.49563661266178194
209.5,0.07594541755837342,0.1564122739248004,0.11993156978150012,0.12339180709758402,0.5070567776261471
209.55,0.08535098124007838,0.15189583550931654,0.12175171270028878,0.11354239644424603,0.4926468533009599
209.60000000000002,0.0799269772564835,0.14052965652605373,0.12315635728990681,0.10406377064293078,0.4966911443120429
209.65,0.08155478098912691,0.13329915026429817,0.12003707002451884,0.09588112688182024,0.5042538094713113
209.70000000000002,0.07361508403624761,0.13804996108888293,0.11651176547571684,0.07678170310003639,0.4863745451089329
209.75,0.07214721974527628,0.13846144740635644,0.10601805445244443,0.0576782447891544,0.4712310211516575
209.8,0.07068564930241121,0.1342116022411203,0.09600654823339233,0.06084735715242638,0.4690301286274772
209.85000000000002,0.07176868326345726,0.13448712138904798,0.0893986796751454,0.06568705900854264,0.4547515613356531
209.9,0.08462922079821293,0.12952868919548705,0.0884372981714611,0.05949016056647268,0.4439876225799705
209.95000000000002,0.08118363781179402,0.1295594541888551,0.08751514133237977,0.06743682350174032,0.4477880162261946
210.0,0.08330975912498867,0.12516058567723323,0.08210107953062351,0.06840189059570669,0.41211734202630096
210.05,0.08652420277718635,0.12411273231568089,0.0763050438259292,0.06741342008509178,0.3944019440127503
210.10000000000002,0.08666003276501556,0.13124955610768385,0.06548277776877487,0.06581156934097473,0.3715173809085324
210.15,0.08540172785347777,0.13745447211399378,0.062069735274773274,0.06507717185385034,0.3526278082327425
210.20000000000002,0.08278265775995815,0.13147697722302715,0.06666359563915863,0.06170110213766416,0.34727473843836554
210.25,0.08802783978763684,0.12898340101961742,0.07187439700262765,0.06569988918634116,0.33821880612185423
210.3,0.0915135125431722,0.1152890413118442,0.07143866844257687,0.05861996401674473,0.34519783063267745
210.35000000000002,0.08693685687517862,0.11508067204110518,0.07557029215115002,0.06041632369736313,0.3545360583362323
210.4,0.09715619759524738,0.11831466509325349,0.0877687393086707,0.0694129878261404,0.3663288131443486
210.45000000000002,0.10814444646703265,0.12142700387926081,0.09369571031621549,0.07379159939411331,0.3434203951414493
210.5,0.10648524902119591,0.11674613021195109,0.10256067461371896,0.08263294542363667,0.3168865406046195
210.55,0.10916991460821575,0.11838195532509814,0.10715828507874917,0.0890704924427839,0.2758514270123985
210.60000000000002,0.11703109074468684,0.11775789917593926,0.11711408804603372,0.08293863048111504,0.2492976230820452
210.65,0.11378286941909174,0.10989876262453888,0.1280502892092398,0.08979759302929881,0.23959557339970788
210.70000000000002,0.11526941350697287,0.1039519510454149,0.13509399970131167,0.09479008963742902,0.22199103619493857
210.75,0.11808681608465553,0.11407323374798485,0.13684969526508012,0.09795195274217472,0.22943621042109485
210.8,0.11617857339968332,0.11591264223817357,0.14238374240884574,0.09686722900237775,0.23004225023296915
210.85000000000002,0.1173344683931861,0.12779338215286626,0.14479931789885522,0.08949403387669055,0.23655298234545744
210.9,0.11819836944501673,0.11707413281322063,0.15512489518860656,0.09535784486582428,0.2382935720684164
210.95000000000002,0.12069406438833218,0.12463296608954438,0.16578369271584825,0.10047101952623722,0.22378052318920127
211.0,0.1256432860651312,0.12899336861439756,0.1727385750562864,0.10492291036439465,0.21521099215263467
211.05,0.12749350250257474,0.1481110556052064,0.1839972522092972,0.09722191688507212,0.21575687978377994
211.10000000000002,0.13000194902701132,0.15450467785166463,0.1910421077019261,0.10825073075917334,0.21334414076301775
211.15,0.1310233978183794,0.15971974980114642,0.19762475946181196,0.10150683507993079,0.2180970175401716
211.20000000000002,0.13355958545200866,0.14753514589322053,0.20555675308791818,0.11742472406346784,0.22535361888651265
211.25,0.13920362689865615,0.14763570455993283,0.21041513909138973,0.11574136731713709,0.21699981228392323
211.3,0.13752977691865942,0.1513229206527746,0.2188981230714024,0.12463879758878564,0.22434581452562172
211.35000000000002,0.13787714864692516,0.15112744261561983,0.2310293422180443,0.12509519982553985,0.2316839671698206
211.4,0.13309589825191168,0.13751618386843684,0.24257968557766454,0.12188583400156247,0.24323381498349061
211.45000000000002,0.12261943074258495,0.13481938888887524,0.253504466450146,0.10934224135365397,0.2330157438844838
211.5,0.12510794637051087,0.12008567784117694,0.25963019666663306,0.10304477376894264,0.2282104430521281
211.55,0.12960204267991066,0.12892020944208546,0.25671562370761564,0.0990710334606522,0.23638662673095814
211.60000000000002,0.13599620946459057,0.14780445920689497,0.2578760981061887,0.10854454921920029,0.24711941229294937
211.65,0.1398875400297989,0.14601086945002692,0.2675097662862312,0.12667932736007156,0.2764375948466162
211.70000000000002,0.14838942780373962,0.16487245352539573,0.27208516439882224,0.12608826127244246,0.26868416120360483
211.75,0.14561777833078177,0.16172413147211384,0.27269855857173775,0.14476130016673885,0.28486546851886235
211.8,0.1561973734880574,0.16824995804550688,0.2616430805362598,0.1351623608602743,0.2869561419984264
211.85000000000002,0.15916949311478223,0.1642484617010879,0.24739815949816218,0.14903623404619482,0.28413639094328796
211.9,0.15834713464050013,0.16669146596198683,0.23665803250488426,0.1334341681193871,0.2822045704937521
211.95000000000002,0.15554636264980978,0.16223491200656318,0.2400618026891436,0.116108102694995,0.3004956129534589
212.0,0.15971738582474335,0.1611111146724997,0.2365987259937563,0.10488132106144787,0.30517808927368256
212.05,0.16541624085460765,0.16154911189040155,0.24193306716871657,0.09769637160654097,0.3180224452381638
212.10000000000002,0.16695045304502978,0.16131439229459746,0.24465645358939714,0.0952439331638154,0.33004154843265116
212.15,0.1736832299223238,0.1589658280046275,0.2434110676159816,0.09820838897223595,0.32860274794457894
212.20000000000002,0.1683523949226033,0.15664674725916278,0.2403834260234073,0.07683057751992022,0.33354031375244125
212.25,0.1673337492621104,0.14996896458806433,0.2245776086284621,0.06105056612392226,0.33918773504138716
212.3,0.15332939395560877,0.13550392923772148,0.20502613702320802,0.06377490787069835,0.34425949932697075
212.35000000000002,0.15353838816232657,0.1225966346839907,0.1938600019720692,0.04570030548477229,0.3604632696818217
212.4,0.14278340565266948,0.1264962818135513,0.17665775664731861,0.042875751388961075,0.3666700275203257
212.45000000000002,0.13916946443464823,0.12357200795137778,0.18329076244204126,0.03795981643009787,0.37766622646847403
212.5,0.13891730704525304,0.11364979812064795,0.1753023209645449,0.0515676510824838,0.38534737062057595
212.55,0.14487528630063592,0.12152474975742454,0.16228596591356897,0.052964283199657944,0.39162321354072777
212.60000000000002,0.16579439079992447,0.12003934287920338,0.14880516722402057,0.04657934307586308,0.3983302936216858
212.65,0.17275994692555297,0.11725756519307422,0.1430779753847525,0.050079684958726875,0.40212718999604874
212.70000000000002,0.17753661292123465,0.11430232772065665,0.13386425353216197,0.04855352793281081,0.40871579877780306
212.75,0.1818854603162691,0.11915940101491634,0.13249367517895033,0.06147589163588275,0.41914868120852633
212.8,0.18746348568743637,0.12112046003345642,0.1304949512704449,0.06544847606275712,0.42530473471890856
212.85000000000002,0.19062816854941275,0.1360867987645065,0.1421909281594181,0.0628766299268591,0.43257633967219694
212.9,0.1881872043781927,0.1302081204660334,0.14790304026965964,0.06573756323832121,0.44336871890491225
212.95000000000002,0.17811207308507432,0.13544534010720818,0.1373467957940437,0.06797961146377153,0.4421776095379252
213.0,0.1550806498754664,0.1416822448696027,0.12861571006542039,0.06462023551924526,0.448344361709255
213.05,0.14103303959904878,0.14263956738442024,0.13095653446445787,0.07898990426197117,0.4718102897597901
213.10000000000002,0.13001403485192503,0.14414567875564202,0.14058987669154152,0.08800738388484958,0.46434475237895045
213.15,0.10975529811658112,0.149488717867059,0.13793767982291077,0.09416557420891705,0.4675805946118364
213.20000000000002,0.09986629102528426,0.14963763697247034,0.1550658702420047,0.08828860320385341,0.4760424941395578
213.25,0.09281764355600242,0.14916127248085823,0.15081429491633488,0.0888779030890307,0.47069642922187704
213.3,0.08808421793021914,0.1473141655243049,0.1513101813952745,0.09087182859287231,0.47747372282423944
213.35000000000002,0.08910968091948067,0.14203619421313432,0.15863867627093928,0.08598371010859256,0.46659733552516636
213.4,0.09260531393222912,0.14616996444714675,0.1641579961616774,0.07910852145110032,0.4619523277232702
213.45000000000002,0.088228984754141,0.1547469383509845,0.16273110980737673,0.06223325826630523,0.468625983729166
213.5,0.08964708650626517,0.15559112384084195,0.17170526261964084,0.06254975705022943,0.4650452079636999
213.55,0.08953168092228626,0.15003083693709304,0.16833247457879386,0.06963335624385612,0.45321097524666265
213.60000000000002,0.08852609718330491,0.14534032042727565,0.16542018774761055,0.06694575889842154,0.45876969174762244
213.65,0.0931981974512335,0.13820989761974478,0.17339081321784278,0.0668493374306703,0.45458223712253365
213.70000000000002,0.09412412874231359,0.13823860456816497,0.17304253627873728,0.044152729479720855,0.44911929966173086
213.75,0.08536710047562965,0.13530863020651027,0.1791692360923511,0.04953840736806279,0.45023251613945603
213.8,0.0778719196398903,0.1374143476635065,0.1834095303186356,0.05630924288548608,0.4565554999117812
213.85000000000002,0.06770465391711779,0.1321508817578536,0.18489135443512517,0.05422575206487604,0.47201782374177126
213.9,0.06252049171125686,0.14477152175967412,0.19308396756267487,0.048564756191434105,0.47480890710025214
213.95000000000002,0.057498022401792206,0.14028423258186923,0.19729175628109455,0.0523914203977019,0.468542031227979
214.0,0.04860231817556695,0.14954875223295186,0.20377885211530528,0.06710328067073588,0.4630991018123127
214.05,0.043090638099108756,0.15022682307046148,0.19967602461198483,0.06319983229954546,0.4681759852843826
214.10000000000002,0.03487410814331729,0.13549843432153422,0.2096495997147724,0.058097352520410435,0.47533098978425115
214.15,0.024770982911140334,0.1300057634969387,0.2078283114326687,0.05576511619395246,0.4857770033722927
214.20000000000002,0.019270824587168733,0.1256459918397029,0.21658530916051658,0.04460655099547307,0.4898417615234882
214.25,0.013286320301446521,0.11798713129025745,0.22148647444851416,0.04269092785426169,0.4793165864931717
214.3,0.011050506881149282,0.12209908234417942,0.22280752331237189,0.031024518141086272,0.4764936310153023
214.35000000000002,0.013516303081072536,0.112304055567543,0.22833159910421863,0.03585482435866185,0.45798541499194645
214.4,0.015189290796650897,0.11841714286223677,0.23048728895256593,0.0262927721887276,0.4613999650806785
214.45000000000002,0.02653582723357225,0.1329666547150362,0.23444947103290908,0.04810247786295031,0.4802310387338445
214.5,0.030791173360231943,0.13228685411564936,0.24346066398594662,0.05576442801488489,0.4876626375210883
214.55,0.035158613331346664,0.13955397628721516,0.24669577308989754,0.0669701194673267,0.48784359984432685
214.60000000000002,0.03705263206070995,0.12759198341506334,0.24989574824000862,0.061925637574602475,0.4818917052418082
214.65,0.040468817206779334,0.12056946742255335,0.25605085607975864,0.06360328327450566,0.4679174357906182
214.70000000000002,0.050610341281209295,0.11822897685444153,0.26012708735471923,0.062064553394724456,0.4693354573297461
214.75,0.05765449542485659,0.11323758034651817,0.26440732054143495,0.053304170085572665,0.46616349829801196
214.8,0.06772628456648828,0.11539024552142176,0.26717624823263114,0.046890846949667685,0.46993058147250166
214.85000000000002,0.06764403317365295,0.09137730525867743,0.2806196740859092,0.03776274497968408,0.4818501055432958
214.9,0.07837198042921309,0.08033987543264565,0.28961696272350723,0.026665189994407493,0.4764108024882874
214.95000000000002,0.08788051738587788,0.07273107495420855,0.3061950348632286,0.027596125769193198,0.487384691852277
215.0,0.09823646440060112,0.07326964225595453,0.3010194565494313,0.03524625656389645,0.4862487344709262
215.05,0.1068607150422759,0.07653080406943272,0.3065374720211548,0.04721915656066366,0.4909471271780157
215.10000000000002,0.1081898081400551,0.07870479289649936,0.3024998045136332,0.07010717735501339,0.515119807780693
215.15,0.11369961548005761,0.09900155655943846,0.304777252136563,0.06824227911734511,0.5399870218441326
215.20000000000002,0.12415965507163829,0.10622383117193782,0.32206489796366783,0.06841827886999746,0.5472764359800999
215.25,0.12667309204867405,0.10599624591818603,0.33539483920734225,0.07456450166982705,0.5403490982172716
215.3,0.12258875944716258,0.10959706192375715,0.33665348009671164,0.10415628866020152,0.5187664379956209
215.35000000000002,0.13839745586019905,0.10063233061178416,0.348803497424531,0.12386194398773152,0.5068406189211487
215.4,0.15160677909778503,0.10954706781152719,0.3541990688737226,0.13780047629751413,0.48895065002493715
215.45000000000002,0.16117171783876388,0.12069414855895377,0.3585711941341653,0.14440621985800803,0.47949797523060145
215.5,0.16435718281402303,0.12747147815485443,0.3654790613848873,0.15919402355861054,0.4607310864233243
215.55,0.16323761250053156,0.12845317690003702,0.3622382923770525,0.16391744925384413,0.4419646859354913
215.60000000000002,0.16978512958661512,0.12628563553963293,0.3552774162060108,0.1638917487900563,0.42267910194894703
215.65,0.1782896941396016,0.1295487434270574,0.34973239077646395,0.16562354336083474,0.41982720948855745
215.70000000000002,0.18540469609976803,0.13067160243546136,0.3529767369139265,0.1781367407976475,0.41920515597130276
215.75,0.19719524776190786,0.13874809881562913,0.3497167724182182,0.17600878632017497,0.4245547196491513
215.8,0.20600196937669946,0.1402613612379494,0.3471111299679985,0.17107760293131766,0.4240538950208483
215.85000000000002,0.20533675835299225,0.1368618508594147,0.32762782900149057,0.1694601850162575,0.42799036199879276
215.9,0.2085539178293397,0.14307395254724478,0.3190154458006379,0.1677711708274905,0.4523801543664313
215.95000000000002,0.2136972542304871,0.14157507841968509,0.3093283359203488,0.14969743748104208,0.4624814751254669
216.0,0.215578404983669,0.12306199145928794,0.3056165275864976,0.1583822179692435,0.4731025566771954
216.05,0.225363378350536,0.11473495317992982,0.3002929262566148,0.16065457483848117,0.4707126269286659
216.10000000000002,0.22470016150420052,0.11637302680802407,0.2921813669263776,0.15729253949811503,0.46334429658549015
216.15,0.22197392922874504,0.10481904624548245,0.27761401258235674,0.1456439030308265,0.4615288036575708
216.20000000000002,0.2252752843786495,0.10314145008620745,0.26408497461404884,0.14074296029876726,0.4702748437847415
216.25,0.23661009806206182,0.1089592489809905,0.2541245487050423,0.1372567667079371,0.4654204854425386
216.3,0.2427549873739479,0.10763291396631555,0.24408009580063073,0.1325190967559513,0.4674305884227831
216.35000000000002,0.24400159102315447,0.11693273529790495,0.2253176424854796,0.13596012253928738,0.4626550250386217
216.4,0.24337458079457885,0.11012827131547566,0.20554428043095865,0.13323174883175307,0.46438090182891867
216.45000000000002,0.2525325397504654,0.09876888753039564,0.19828527768698728,0.12945729800458822,0.4645837038945112
216.5,0.2528651562602447,0.0957209725325995,0.18906839646283782,0.13152717342478618,0.4627989135813339
216.55,0.25718745837875806,0.07874868838428083,0.1860319135115265,0.1290775007312944,0.45977665239486387
216.60000000000002,0.25860409482872704,0.06944775614949636,0.1680262492623885,0.12200460553410093,0.46046467633794735
216.65,0.2569977973278009,0.05945903266059628,0.1453470892814646,0.12862420194614366,0.4590396876197825
216.70000000000002,0.25133551462621334,0.056794989222049695,0.13740257229604508,0.1375329139411539,0.4434800265021264
216.75,0.2539296323716475,0.050637016709133224,0.11662247684603591,0.14402009675799782,0.43178029551480884
216.8,0.2534739463216622,0.039541413894507195,0.1071976497270774,0.1564436221809573,0.4354942955263454
216.85000000000002,0.2671373445719223,0.05352457858102126,0.10694288572081596,0.14834411673735898,0.4392647342139839
216.9,0.270155753121735,0.04975705342365275,0.10336025833667273,0.14026719002076948,0.4437250883749582
216.95000000000002,0.27063134669040506,0.05179002174717421,0.1002300310755676,0.13487864558178153,0.4459227992962255
217.0,0.2691330437387183,0.04414829008555494,0.0968093492247313,0.1363614308173999,0.44039941134209365
217.05,0.27430066323458596,0.05169166804015633,0.08899866359566211,0.1355253324996082,0.42745436198117687
217.10000000000002,0.2737737968791509,0.051532448786250906,0.08611029743139714,0.14252754124104317,0.4242608674755402
217.15,0.27781199515524896,0.05073602078059187,0.07846090158195974,0.15319470005830899,0.41685117314669967
217.20000000000002,0.2742529665190779,0.048401186155128104,0.07974842604456789,0.16103878459120902,0.42349208379971787
217.25,0.27892533628472765,0.05791649268804646,0.07875684522743867,0.1768424990187695,0.4164611745512539
217.3,0.2751234238455515,0.06406576873436512,0.08334855565902903,0.18255310939184355,0.42601490728453745
217.35000000000002,0.2841213823877958,0.0581184968622451,0.09110586947977753,0.19749954059557484,0.421326523997538
217.4,0.26599720166820645,0.06515930566920397,0.10332067095100228,0.19057879136074507,0.4224269784648743
217.45000000000002,0.2608350783714643,0.06719060147899379,0.11562146038447535,0.19223525164331945,0.4271791408944852
217.5,0.26142433765484024,0.04195472147191553,0.1339075161304553,0.19073173405210841,0.44223334073216514
217.55,0.2646760172112142,0.03215730060801615,0.14154365209719022,0.17330679307658833,0.4500153226623269
217.60000000000002,0.2610950199224615,0.03455106740076512,0.13581241110317413,0.1377265411176797,0.4592663751348604
217.65,0.26939529085715563,0.026200499004907986,0.12817772233250319,0.12431970101469068,0.448241698195688
217.70000000000002,0.2651295081840088,0.02756164513800284,0.10990206532407207,0.10142971225783103,0.44446829301410234
217.75,0.2720051786500002,0.024808619042211304,0.09552075339566177,0.10502647823757122,0.4219958861544717
217.8,0.2778052016492556,0.03550628545542382,0.09655392135277578,0.09870574954455952,0.4044477687082761
217.85000000000002,0.27624258305462407,0.03657988377945728,0.10581071818237564,0.11046314730759597,0.3981239712471318
217.9,0.26209625665817277,0.03992768865353997,0.12256406667573187,0.09998962531282846,0.40012031996874287
217.95000000000002,0.26027700674003484,0.02915264820325128,0.13458164474932652,0.1014511218907323,0.40101107902278404
218.0,0.24454533069252996,0.027369690140279325,0.13872219747656106,0.09513557199021826,0.39137205697768995
218.05,0.2455395969460315,0.0248529664966153,0.13516141019668365,0.06700687777753266,0.38980757137050687
218.10000000000002,0.24602680338822516,0.02860060569984106,0.11534599729173142,0.06873938254377504,0.41376911863682775
218.15,0.23907599144241995,0.026141465471382852,0.09287209802817864,0.07642808244571966,0.41717841795563926
218.20000000000002,0.23415452395340508,0.02359602646914317,0.07588896197737112,0.07956006886374993,0.39194091612320225
218.25,0.23118953563902128,0.023998217117052287,0.07864489470123183,0.07436963914287813,0.3710507413585137
218.3,0.22611924297160935,0.027214973989897757,0.08299677241901468,0.06656491673702572,0.36078570773395147
218.35000000000002,0.21930273405461312,0.02480849617155786,0.09096687864668175,0.07302104341692102,0.36877897136675647
218.4,0.223825908977902,0.020860728441663593,0.09758602427298221,0.0709663088785976,0.36620858193744893
218.45000000000002,0.21692453624152538,0.023437186211608372,0.09864837223330272,0.05441355776858929,0.37517037304710393
218.5,0.2084212117475124,0.018194105364811506,0.09614565475966678,0.047875800284560066,0.3823539594693648
218.55,0.20651407923573675,0.019971849767093344,0.10379415785068533,0.0630980215803967,0.38900923798933795
218.60000000000002,0.20166080409651183,0.017196955578757184,0.11284214842612553,0.05920827114981985,0.40146430568298036
218.65,0.20613891632493367,0.015094749148017925,0.12155807727699453,0.05401400988074886,0.41816359845114576
218.70000000000002,0.19835633862588067,0.014751830055613143,0.1236727270659362,0.04272087647945684,0.4318513507725577
218.75,0.1945726169883801,0.01628098144577547,0.12345672000044114,0.04690005566631156,0.4524691075250253
218.8,0.1887337215705849,0.018626545450557752,0.12239627594558687,0.05321760389828928,0.4594343145227612
218.85000000000002,0.17952622680554453,0.012877335455608919,0.12194824280496427,0.05869849387979099,0.4494292050644752
218.9,0.1913037460827124,0.012489133881637637,0.12048220552381111,0.05631159762468444,0.45177628063811376
218.95000000000002,0.1806183605858244,0.01684439022685248,0.11786910382842213,0.06562773624115144,0.4519674613617611
219.0,0.17397570278705812,0.022868884507936508,0.09984278772661752,0.05540572724140823,0.4514592391742536
219.05,0.1609372119233237,0.023644831871679303,0.08334547108921617,0.042719868819492315,0.4466747898983207
219.10000000000002,0.15226504900755472,0.028153359899014827,0.06457308981124074,0.051517157618593344,0.43727561563265144
219.15,0.15043668151654382,0.03322206299606627,0.0425914196254502,0.04505024876411471,0.4119883340378064
219.20000000000002,0.14222974534563276,0.03731749827150341,0.039215239788386626,0.05619152982263047,0.3718546520485979
219.25,0.1337773814507661,0.05507658263613012,0.04376230911178906,0.0558054168869259,0.3516091406268635
219.3,0.12405151062011743,0.05214852353808817,0.05264479774551992,0.051372784243950954,0.32609981778727753
219.35000000000002,0.12210892735041733,0.057870416522271345,0.06229228575068088,0.05878062807050628,0.3103812236262606
219.4,0.11776262637771209,0.056489147419548344,0.06855567100981148,0.059276406374161594,0.2934440551304282
219.45000000000002,0.11336948308577371,0.06077388442339622,0.08135855639538628,0.04845176767602437,0.27975486934691546
219.5,0.10715796471949492,0.057845000487162665,0.0814463786847896,0.06906249259696498,0.2720950093886513
219.55,0.10134342007333748,0.05560842369118653,0.09237749190396635,0.06833562268677308,0.2662318627459357
219.60000000000002,0.1020080220518159,0.049496103826831124,0.0975998718200271,0.048243652417271334,0.2776774297705303
219.65,0.1037896024827802,0.04936775806414787,0.10628678076832673,0.04897211668007502,0.2729724005016531
219.70000000000002,0.09695910023474566,0.05123571653438238,0.11511948050214596,0.044620344450170414,0.28102620813608836
219.75,0.09415225844612743,0.033026356318334255,0.11615371843711374,0.04807729826492893,0.2860423299501962
219.8,0.08167148973985697,0.03226800407246709,0.12329498798164908,0.05137294969399564,0.3170860401751558
219.85000000000002,0.07307040520087354,0.037694518408852726,0.13128741119659382,0.05567676667003639,0.3131767466028576
219.9,0.06909020884228424,0.05011240871586708,0.13946024463760426,0.04275323326815255,0.32034555314465635
219.95000000000002,0.06286088716487853,0.0501056505144411,0.1458967605940495,0.046210894480549804,0.3285741214683314
220.0,0.059220780851767796,0.0540012934024303,0.1565565804350568,0.044466192992962415,0.32271497655977927
220.05,0.051180597600510386,0.06101776133175822,0.1661492412176823,0.04877593728458294,0.30885849153028083
220.10000000000002,0.04956415406796413,0.05610603058339675,0.17310067728983267,0.049845096257651024,0.3159055464008219
220.15,0.05560727693842791,0.05947450445228503,0.18190959676448118,0.05241773014388163,0.33201611639153206
220.20000000000002,0.05932074552464906,0.06072793443555577,0.18970966946064377,0.05727017562895426,0.3698503420939155
220.25,0.06849104313376078,0.0612963889009759,0.19763023640577887,0.05749540287708239,0.37711689962917855
220.3,0.07777369135688632,0.0630313070857898,0.20437251340267604,0.06186951333879222,0.3604514939492448
220.35000000000002,0.08637990918476662,0.06852528197864856,0.20708561086630412,0.06467058859702438,0.3340803313283844
220.4,0.09468249649267536,0.07611703892624747,0.20959204635831938,0.07657596005071446,0.2833778396681144
220.45000000000002,0.09593378448389629,0.0754363946351916,0.21376593388237392,0.08512389508832253,0.20610758561083034
220.5,0.09929590814116321,0.06412370218463474,0.214617097986179,0.09048709725183895,0.18771302339537327
220.55,0.10161487213001678,0.06749530072143153,0.21833494232362052,0.09490394640834217,0.15263858584070428
220.60000000000002,0.1013056289771978,0.07247149100414178,0.22594302972098695,0.0790092452674639,0.13605975839641032
220.65,0.11391685280690263,0.0705415362822294,0.2309103747332742,0.07685016400693412,0.12391559271328513
220.70000000000002,0.11836697649653613,0.057187370093580187,0.23003261576809542,0.07461484213912564,0.14519737850978034
220.75,0.12624248634589308,0.05108133917812595,0.23294947219669557,0.06544224266067675,0.15435707288976194
220.8,0.1323722879200332,0.046875732914905696,0.23439836451825616,0.07878788786126852,0.17167153806385277
220.85000000000002,0.1395198875498004,0.04645676098082775,0.24537888618506942,0.06014528544130636,0.18660628288687287
220.9,0.14205257463160842,0.039842728065868555,0.2464529544166825,0.05558265464878805,0.1853402866941867
220.95000000000002,0.15073727277363994,0.034858444874549435,0.2637367274372957,0.06248022833203466,0.17833045019584406
221.0,0.16874432671643386,0.031784180682154654,0.2689636981779692,0.06260615040003434,0.20287056704271322
221.05,0.16540805416414667,0.03775740627853724,0.2701259148907816,0.049407842404384575,0.26650148154534387
221.10000000000002,0.17162375137066976,0.03822449785726436,0.2740476097248766,0.05666602264648323,0.3379627958496519
221.15,0.18016040079158668,0.03382757723527741,0.2745734625977201,0.05911420154501567,0.3969894286656847
221.20000000000002,0.17076728272708896,0.03024861566006821,0.2641847736155516,0.06809824536871785,0.40930180006722794
221.25,0.1790144222776886,0.028560407118751234,0.25859234966805694,0.08333629548680578,0.3633529684885852
221.3,0.18305583603644957,0.024635540865560596,0.25324544599063126,0.09435701590188546,0.33138709631278923
221.35000000000002,0.1970093212967061,0.03751885656738432,0.2419068991012737,0.10780737403032364,0.35147721405710725
221.4,0.19961216721940417,0.051187976464807945,0.21571335847790232,0.12098060533513715,0.3750975459835195
221.45000000000002,0.2048686846427474,0.035750671257846506,0.21213165551498397,0.12926314516366158,0.3739308404253926
221.5,0.20919862202193865,0.04365644259925038,0.21240296527518546,0.12446552671801257,0.3955550010375566
221.55,0.2085511602111428,0.0496241333031154,0.20475830571345346,0.14369609578922243,0.4174741112165967
221.60000000000002,0.21124664367737753,0.07474023066617963,0.20473199174003165,0.146975131543957,0.41717110574945676
221.65,0.20749075657007343,0.09243351106835544,0.20283786434797343,0.1425552341949103,0.41288252925401
221.70000000000002,0.1948209846078065,0.09626705884064614,0.18422556566754855,0.15496658761339457,0.41436177109098177
221.75,0.1943648921157063,0.08470893728101872,0.17790066914402847,0.14986196805138566,0.4229765265051551
221.8,0.20432199650638605,0.09186931336964654,0.173331620844456,0.15256141338751142,0.40145874569749235
221.85000000000002,0.20742369374410433,0.10607159773086018,0.17310589820601502,0.1605397519814904,0.40038125077299713
221.9,0.20078891157343895,0.10092025159056278,0.17327674623301423,0.16823256355921432,0.3896382871790191
221.95000000000002,0.20018155779606056,0.09874602940922723,0.17289396688590758,0.16148581906650944,0.3822474956159662
222.0,0.20500144417743707,0.0903140700659172,0.1714764152644689,0.15384183941331406,0.3694183514605435
222.05,0.22077360946530203,0.08897238897326175,0.1667733938752245,0.1579725586183424,0.37635078544787026
222.10000000000002,0.22886996634175863,0.08146564379387367,0.15731706834917406,0.16331764550345312,0.38154389964914254
222.15,0.22914117513771856,0.08827354574439737,0.1393736366482328,0.16797207112249393,0.3918257568054289
222.20000000000002,0.22421937794784633,0.10006237110795559,0.13543667606363655,0.17453998096907702,0.39853702272252195
222.25,0.22627600313388638,0.09550223049594021,0.1256418617175416,0.18243824085424845,0.41082769760731447
222.3,0.21967938721102015,0.10354998918509813,0.1427953621876701,0.1730692905315986,0.4095523398905189
222.35000000000002,0.21877804510093768,0.11284079547182321,0.150605730479243,0.18290739739843967,0.4008874025719604
222.4,0.21254569645417792,0.10377154311713928,0.14446321509647744,0.1844299758130372,0.40587816511402575
222.45000000000002,0.2095214306958855,0.11157263474544406,0.14037818892414652,0.19024598861925335,0.4042305340400897
222.5,0.20492332339960892,0.12073681740949137,0.11698795015682735,0.19651455837647383,0.4180924827800396
222.55,0.1964321638916958,0.11782385597588278,0.11654676669932726,0.20189254339883425,0.41529421950089135
222.60000000000002,0.20399723774005832,0.11545713796833877,0.1116018031656146,0.20887599225071238,0.4261350862845791
222.65,0.20765501294236474,0.10415415161090325,0.10456600595724062,0.2082626214854985,0.44511656775454295
222.70000000000002,0.19921228899674026,0.09942657911909315,0.09136367989070142,0.21407860624386252,0.45879604896833587
222.75,0.2054402595974557,0.09891796178688052,0.07076149775332592,0.2110455309108514,0.4769921350833687
222.8,0.21080233653840516,0.09557932946938838,0.04334108042823415,0.2181152640074256,0.48362420470615536
222.85000000000002,0.21607929263409362,0.10713290905632745,0.028864657343624374,0.22771348581896728,0.49868802556709557
222.9,0.21476418067448352,0.1062632760419864,0.039498192875590886,0.2417562911841792,0.5042631893452196
222.95000000000002,0.20322681885320168,0.11286036853611711,0.054565223582561315,0.2509534958188338,0.498059229809898
223.0,0.20009433756934678,0.10641563686923627,0.06083101550445892,0.2659246177219876,0.49660561609529047
223.05,0.1984638362436192,0.11650237966783501,0.06021404894734921,0.26855548131169477,0.486327918593873
223.10000000000002,0.19162096480268365,0.12039679642352331,0.047496248781389055,0.2666663656890947,0.496175517813932
223.15,0.20161859473242388,0.12162126125886519,0.04189177459106409,0.2812831545093568,0.5076969020354484
223.20000000000002,0.2158131503292198,0.12918574333306274,0.04458739094793934,0.2956770967131229,0.5143902408303151
223.25,0.213556942636702,0.14308176827985375,0.043964553863937224,0.30927554939277785,0.5151113080415886
223.3,0.2209205775491442,0.1418441786632611,0.0473077573908855,0.31874407838875235,0.5312043705066205
223.35000000000002,0.20424435619692805,0.14597372881773754,0.0493625320996301,0.3285875095089894,0.532553757733613
223.4,0.20558113603199293,0.14963317395729261,0.04796220044249274,0.31572327301499475,0.5326423324940124
223.45000000000002,0.21117843537846445,0.15103862675322638,0.05557557562018877,0.3214614358933703,0.5331846106981897
223.5,0.20639436534138444,0.15463009325661375,0.06864897210639118,0.318068354667774,0.5507120177621512
223.55,0.2055406429846476,0.16510841920242822,0.0747774739797795,0.33724102946835316,0.5667294100239411
223.60000000000002,0.20665029023767464,0.16081477556720183,0.08198698747587649,0.3526694674248681,0.5739501446040498
223.65,0.1924070511786138,0.16236612995200667,0.08890673230743024,0.32646136279090715,0.5891656445204243
223.70000000000002,0.1932941109388926,0.16342654437225007,0.09370789902429934,0.3251118937313742,0.5817856374884736
223.75,0.19415020172879374,0.16585923421222754,0.10097690983093367,0.33277447008593397,0.5633082003498564
223.8,0.17737065797324883,0.17478558689835771,0.10942578880423719,0.32930666382021834,0.5601078966120379
223.85000000000002,0.18059631256775605,0.18459829225835775,0.11539878891294855,0.3258794224749814,0.5461491297142522
223.9,0.17603999329297781,0.18129690600062914,0.12262828573705424,0.32984721986658105,0.5480581276693142
223.95000000000002,0.1790263811722259,0.16561824320461016,0.135889632563894,0.32194075284385365,0.5694437488878562
224.0,0.18873375120682026,0.1656288118925751,0.1524173183424633,0.3056776457818313,0.5811983437098724
224.05,0.18514568144793617,0.1650750316940972,0.1600681996646075,0.30346121722504493,0.5873134939683321
224.10000000000002,0.181532784932724,0.170651753786156,0.16896077039378496,0.29600345129614714,0.5937859160304566
224.15,0.17859389167734127,0.176273622848733,0.17775511946677752,0.27095352308884973,0.596551716882748
224.20000000000002,0.18384061293172416,0.166651139937215,0.1811080044845559,0.27083852041808326,0.5983946285516294
224.25,0.18664804000519833,0.1695094202200256,0.19242648784375949,0.261113191940695,0.6019684995833139
224.3,0.18805890792145238,0.17276630020714248,0.20454433190920668,0.2608682685183909,0.6098018299377329
224.35000000000002,0.19125441022492984,0.16964372524015375,0.21616596217243372,0.2679062662410624,0.6138214695125557
224.4,0.19537582959528912,0.16155193071093268,0.22647060722101328,0.283286282179544,0.6452516019407161
224.45000000000002,0.18759396389847438,0.1689488928580286,0.2263366187945715,0.2820619627057477,0.6521260920093948
224.5,0.18610634971782797,0.1788815544346738,0.2328726731545133,0.2761906547914918,0.6648028603248409
224.55,0.18576138881706533,0.19033528937651764,0.24178348402151556,0.2846625491910279,0.6713152997167631
224.60000000000002,0.18185499340903138,0.2001037677103641,0.24686036871746747,0.28548486121412003,0.6452410787102425
224.65,0.17922083074343362,0.2129058827226542,0.26321577605232793,0.2975261155010414,0.6494505963368165
224.70000000000002,0.18011950595093607,0.22444429276892713,0.2707189192562956,0.29795448218126114,0.6604406264911049
224.75,0.1747742330009709,0.23456367151198027,0.28226150763598623,0.3005892128400896,0.6620015536463977
224.8,0.16880572610575653,0.236604044900882,0.29576427490964263,0.3098322868355147,0.6565683866604912
224.85000000000002,0.15861888085959683,0.2425268980985161,0.3057284498579666,0.3207231983393786,0.6469046708358406
224.9,0.15241508190686132,0.2468198597137315,0.3170915683603624,0.32156895905508076,0.6338223720376757
224.95000000000002,0.14485546770869598,0.2605047877580234,0.32340993457564127,0.3140243387067146,0.6189492139313876
225.0,0.13975895392944707,0.26056238781463936,0.3335225253069465,0.32217053674602397,0.6175304085125716
225.05,0.13495537753743714,0.26495463427639826,0.33878849269362404,0.3170344042793086,0.6106013400656893
225.10000000000002,0.1289251750117601,0.28143945005256527,0.3403810568796147,0.3283058298412075,0.6189602130429647
225.15,0.13523347384135143,0.29985349015642704,0.35286912960176176,0.32632673293940373,0.6221926942981589
225.20000000000002,0.1383354838213774,0.3031974253503782,0.35596996160196703,0.3333158235240393,0.6250009471993017
225.25,0.1468997989933868,0.3081164379283436,0.36423051354622865,0.34344141735375566,0.6293168345284166
225.3,0.14468929497926378,0.3126731833572457,0.36367826084329,0.33564313326518846,0.6275282153772082
225.35000000000002,0.15174072231566577,0.31655250207380914,0.36342137375804623,0.33858991588780063,0.634914571282905
225.4,0.1604235639359898,0.31989033324314725,0.37016494092799296,0.3374544926000661,0.6397616002688132
225.45000000000002,0.15642261960479759,0.31918144908177837,0.3767455066084593,0.3348897444485427,0.6393092659291337
225.5,0.15265140720015408,0.3284900821221882,0.37762679037438823,0.32504176026175563,0.6338967867539081
225.55,0.15579773382220952,0.3379845361982627,0.37928267927297366,0.33144821665237933,0.6304898230997954
225.60000000000002,0.15471142046098418,0.3498935844441633,0.3912303187838106,0.3501730334299244,0.6324148904764606
225.65,0.15699916333051558,0.35616154578236464,0.3977430316429379,0.3632351257923343,0.6281942241799081
225.70000000000002,0.16097922756824562,0.36280527645473504,0.3994310258111798,0.37969750704469846,0.6348022404248023
225.75,0.17022980663638373,0.35823379766505015,0.4013576464595347,0.38613879988571537,0.6401807785082867
225.8,0.16977147805933127,0.3539128572853601,0.39794953808304806,0.40645078589542377,0.6424851780136532
225.85000000000002,0.1708251388208065,0.36239396914113275,0.40685809726216543,0.4189201190864117,0.6352748537564175
225.9,0.17143213916857608,0.367779597759185,0.41756007555342095,0.4382150858883742,0.632212392470583
225.95000000000002,0.16711305765517123,0.37119940639209503,0.41338422518021223,0.4475915346683923,0.6389854928780355
226.0,0.15819544734678576,0.3786587452418605,0.41792677251755045,0.4553174852191824,0.6343415256915974
226.05,0.1515058803035821,0.38629953577789894,0.42279021741030787,0.46861254432778027,0.6377961292555671
226.10000000000002,0.1344364547552054,0.39134330519827715,0.4191911643217696,0.4595859091350697,0.6455187182948006
226.15,0.1250106522027158,0.38174025083614277,0.42375506245931455,0.44171832902126257,0.6484288200501496
226.20000000000002,0.113126217523153,0.3749498468782295,0.41845838302337324,0.4242196237482265,0.6480244979216713
226.25,0.10066500161055997,0.3596251563600588,0.40702957369119547,0.4046301842820659,0.6583527708610052
226.3,0.09704418267654542,0.3524799577791528,0.38384219644440487,0.3872219566412242,0.6532937494139489
226.35000000000002,0.09088584220317968,0.34259318266385047,0.3736980371213959,0.3784038939590993,0.6384433186740914
226.4,0.0902422624171841,0.3369208500545306,0.3602767672211163,0.36617082095039954,0.6295012572073599
226.45000000000002,0.09782676474892411,0.33370579322576954,0.3595581987386224,0.3638618766742954,0.6229749187373442
226.5,0.10195461387866768,0.3277934189881262,0.3578552340945762,0.3542314672057759,0.6087338966372294
226.55,0.10403359601053985,0.3159488331478309,0.345607005901761,0.34871083672654496,0.5953237469010151
226.60000000000002,0.11095623812844305,0.3065507130308587,0.3398849748630403,0.3435081174377073,0.579508332064544
226.65,0.11439747613595491,0.3016050885840897,0.31821682411094177,0.3171344874754663,0.5763951239714277
226.70000000000002,0.11353935836187937,0.2875093086989017,0.3131320388096097,0.31876039727366434,0.572600546891
226.75,0.11756239105841877,0.2833118556201112,0.30124147060298956,0.3192472266007059,0.570343600436303
226.8,0.1208874323737066,0.27672032699847204,0.29073732174648953,0.34254828350394123,0.5611957596738272
226.85000000000002,0.12610497880431978,0.2728254969922595,0.28602432191323807,0.34316572901795583,0.5522333776478218
226.9,0.12389940838820353,0.2722771946251348,0.2711823125771786,0.3594054762663373,0.5567185437349017
226.95000000000002,0.11901831909460257,0.27128872198912046,0.2553083644642154,0.3453665424951937,0.5506307705603223
227.0,0.11937946075950537,0.2561470072558774,0.23903684352919558,0.3431910708575171,0.5508589112222751
227.05,0.12445389773851355,0.24463625419313137,0.22969922859733674,0.328716422771836,0.5525848491143238
227.10000000000002,0.12458039676306588,0.2192290273882215,0.22045124980724717,0.3198055444969286,0.5466391863173328
227.15,0.11123938531618068,0.20274050041131833,0.2351012040537979,0.31481917993677966,0.5513494644294314
227.20000000000002,0.09229303527742881,0.20348104748792578,0.2252766110678735,0.31332965544193814,0.5609123414617246
227.25,0.08202620454503541,0.20517603145279745,0.22076067965164814,0.31896996748970874,0.5709414621888641
227.3,0.07847835327823396,0.19300840490571924,0.20768915236239485,0.32319854607012094,0.5682627442112984
227.35000000000002,0.07230942279315555,0.1792648422667884,0.21131370483756332,0.3277649489075054,0.5518477342498143
227.4,0.0662940522856288,0.1798317460845553,0.19009679542988012,0.3303997848897773,0.5489269816164504
227.45000000000002,0.06269360554018133,0.1761571680856106,0.1693363272617965,0.3226337532282739,0.5402613707516245
227.5,0.063552427357983,0.1620248905270221,0.17141475068109188,0.3239883887411309,0.5221738560064257
227.55,0.06075701046126857,0.14606044741170332,0.17142653302124247,0.32144194716354973,0.5188636703503343
227.60000000000002,0.053342563271484254,0.13451221397202445,0.15164408418928824,0.32243633234473346,0.5250820988790441
227.65,0.06235609277724484,0.1306221289624416,0.15256879903773796,0.3172250969387021,0.5224004390473017
227.70000000000002,0.07587046371509878,0.13141991853964077,0.14372479663960708,0.315705841362302,0.5209145374828528
227.75,0.08835278308801321,0.1281682237968486,0.126370527342877,0.32820572484840077,0.5216998013461241
227.8,0.10246406384616381,0.12231152354085947,0.12684319515221387,0.3282525220356841,0.5122504882805418
227.85000000000002,0.10771288136004162,0.11337048207305139,0.11606893103927776,0.31676682525167604,0.5069418658001253
227.9,0.1076970906646942,0.10818923715228254,0.0943652089963458,0.30502430731973257,0.503535921708466
227.95000000000002,0.10177434973749377,0.09681674019332638,0.09228657343726222,0.2912481599770944,0.48967682876323365
228.0,0.09941870563457655,0.09146584858760816,0.08988770994480026,0.28623759405687493,0.4830100798660129
228.05,0.09211796452676721,0.08356388402595664,0.08960225818928833,0.28432426645677683,0.4929915855630614
228.10000000000002,0.08853596868591761,0.08072356901151863,0.07208072007181669,0.28522494269049786,0.500903653249569
228.15,0.07928529685954788,0.0847120086776233,0.06702229406580228,0.2653541867513734,0.5052605087187606
228.20000000000002,0.07386533048602476,0.0770005266030541,0.07550009516993571,0.27554918270815104,0.5136475763645798
228.25,0.06214179227349229,0.07931828948658827,0.07204288157852959,0.26462058092000457,0.5184339336500821
228.3,0.06120163137272003,0.0780424923824117,0.06578604666110137,0.26217193328211946,0.5227800623436207
228.35000000000002,0.06446439329346908,0.08601980734307539,0.05260087427578786,0.2583832840646975,0.5191488969486671
228.4,0.06687292905771375,0.08533044560186141,0.05387333504626115,0.25326443836389145,0.49326216839310727
228.45000000000002,0.0638125578786962,0.09033921135530948,0.042364470439047695,0.2448945724806704,0.47530061346430064
228.5,0.055737954879299716,0.09458248990985658,0.03569484362781436,0.2457769606629199,0.47708507450758775
228.55,0.04965232033652794,0.09643282412096395,0.02463954449997867,0.2438523899301541,0.47437502400927345
228.60000000000002,0.04893966521293391,0.10988579523856012,0.01575003795106845,0.2466864224315574,0.4691479889051132
228.65,0.046261053602114605,0.10227224441346382,0.02277258682106614,0.25301101691930317,0.462392908491988
228.70000000000002,0.03381288848311033,0.10614613675051061,0.033763861470193016,0.2646679555473346,0.44662049854334096
228.75,0.03210021579117458,0.11211950199186455,0.04503937457899746,0.27006995221763674,0.43701182839608815
228.8,0.026302511422500043,0.11223615498754172,0.042928960249902816,0.2764102245061929,0.4320678616256123
228.85000000000002,0.01148082661751557,0.10025937550881424,0.04966501084324558,0.29360707608925185,0.4256066348517331
228.9,0.007437564197706849,0.12495857549644203,0.057961401464975984,0.2933485579487795,0.4265059448865892
228.95000000000002,0.013760250588182496,0.12696422687444725,0.05977219069430687,0.2876663022114094,0.4250093579398486
229.0,0.022891681258575537,0.13509665882452113,0.0625712733849893,0.2711315588337875,0.43279964961732115
229.05,0.025502089702575424,0.12784452659818366,0.07433706082062412,0.26671373733723086,0.43858182618280245
229.10000000000002,0.023225026549531833,0.14122354759236608,0.07364078890047589,0.26379930783171607,0.44173696485082875
229.15,0.026921136170732957,0.13290329927147143,0.07191642000293165,0.23691977291115532,0.44338283077395607
229.20000000000002,0.03793706083605516,0.13204215432806346,0.08426973741051182,0.2233020848902075,0.45131148038554936
229.25,0.04552340142974925,0.14618590915324262,0.08361109207735179,0.23016129884594244,0.4543222278195168
229.3,0.04837436231515112,0.144660918714122,0.08337736323900345,0.2180084407825485,0.46707481761184255
229.35000000000002,0.045052784428674574,0.1492921598785739,0.09331928289280292,0.18632621459588378,0.4586432071522006
229.4,0.050592590732757424,0.14720684518725044,0.10445597189124022,0.1582481378626337,0.4667284400157141
229.45000000000002,0.051030448300046286,0.13805627659024697,0.11134060756148598,0.1480649915237576,0.4464161042690598
229.5,0.0511844312615326,0.12216713694427848,0.11934431228054046,0.13206342027091417,0.42725577044267565
229.55,0.05089604672508306,0.12268722463757692,0.12795415545963415,0.1231172969655715,0.41493126411682146
229.60000000000002,0.05804659833834504,0.12400267349291753,0.1373946159047355,0.1275479839537371,0.40416991422608084
229.65,0.05563477217958182,0.10372633376699718,0.14302540469159833,0.13476686912884112,0.40285238304381193
229.70000000000002,0.06060098444629348,0.1052382667211808,0.15388661656050756,0.1167321673173217,0.3989006518481811
229.75,0.06205035791069478,0.10393194512350763,0.1644424336705045,0.11911284650517735,0.399464366147807
229.8,0.06881641865850269,0.09840958043501101,0.18269873456042665,0.12268059306999128,0.4005848954399717
229.85000000000002,0.06920122680958259,0.10153244742855713,0.1970790666159006,0.12836129736428462,0.40202906773415026
229.9,0.07271911233085598,0.12025616247429632,0.2136503065799732,0.13097736900488238,0.4016407301773936
229.95000000000002,0.08083932206936174,0.12020748857632522,0.22489049562694788,0.13607991274940126,0.3990869555730541
230.0,0.08770240293242591,0.10270903334362565,0.2286540057050817,0.15794533170409988,0.39477691659571384
230.05,0.08135221940913841,0.10309193380800079,0.24064931179682578,0.15382575620910688,0.4000503348013486
230.10000000000002,0.08282001690394962,0.1077314107580488,0.253377046848459,0.15119616406177291,0.3888845101695869
230.15,0.08532068563910156,0.10529945968502072,0.26677564025314476,0.14630426038784616,0.388550126895675
230.20000000000002,0.09429998695713268,0.09592791502733244,0.2786726868562788,0.14387405727347333,0.36680049143943566
230.25,0.09328735638957282,0.0950453404421331,0.29377626119324773,0.1486047235189687,0.37567525739707197
230.3,0.09719304045924079,0.09254626979111144,0.3034640844958749,0.14170259186629755,0.3769859080987973
230.35000000000002,0.10713120728843602,0.09162646651082476,0.30699381251532326,0.15214781673543742,0.38979381981540345
230.4,0.11483549310274561,0.0991015981959111,0.31266057814074105,0.14696035528906673,0.38169884829971756
230.45000000000002,0.11960157738262635,0.10549388224261666,0.3229201338891203,0.14806291806898625,0.3729956954262189
230.5,0.12769545384499836,0.09787000709892196,0.3360137626804748,0.1527066704454122,0.38741561089404425
230.55,0.14178638130707377,0.09536060760521248,0.35778487266410003,0.16871601689778673,0.39169305890276945
230.60000000000002,0.15204311691995306,0.10636268447980515,0.3710556354471482,0.1802691881992181,0.3903057243682456
230.65,0.17165343502188554,0.12163697100001235,0.3779311219868129,0.19519833273097942,0.3998081052119035
230.70000000000002,0.1877968731324708,0.12882114008535359,0.38434202889471597,0.20812012105583333,0.39653506297060326
230.75,0.20138732611784663,0.15025454619214204,0.38379696267851804,0.22104045209189951,0.39396060533671
230.8,0.20290616845647205,0.17011553227400336,0.379198038762105,0.21951792658353952,0.40436065877084326
230.85000000000002,0.19970185861679973,0.16571139320474826,0.3726060743010141,0.21437384227625092,0.401988625638412
230.9,0.18958687632214216,0.18106220929794903,0.36792158563668953,0.19944080932585803,0.40904646587835347
230.95000000000002,0.18281841793920964,0.16944149389158708,0.368418170621196,0.1967807628782376,0.40804866651392907
231.0,0.1726026822566522,0.17806824022728887,0.374146401140057,0.1973171398116652,0.41856801711601815
231.05,0.1637159182009389,0.17533480984729227,0.3724309479572153,0.21474779199891667,0.4333391589310719
231.10000000000002,0.15886113758983297,0.18817245992166964,0.3686770794059122,0.21523872607060734,0.43804940595628866
231.15,0.15551227984785657,0.19324408184873473,0.3652337255199521,0.22459688166330632,0.442974704168621
231.20000000000002,0.15965194311714767,0.1893786521845144,0.3614486383287149,0.24669670852187078,0.44486669627759406
231.25,0.1572601340840163,0.19620602565697792,0.3507619540806859,0.2459455444669531,0.4492977025339141
231.3,0.1529749375536679,0.17639898526213094,0.3306899587530522,0.22676677772054776,0.4527550021820797
231.35000000000002,0.14846631555318085,0.1522949483191542,0.308613755122149,0.20656977637093527,0.46777335058583497
231.4,0.13628529113076565,0.1361024406795137,0.30093657345864755,0.18978174234631517,0.4983533551163101
231.45000000000002,0.1296763338351533,0.12749263010792833,0.3017004397860433,0.1481444033913328,0.502968747013927
231.5,0.12556377063534538,0.12229151219778552,0.30550491490904574,0.13053184820815814,0.5059851899754939
231.55,0.11247271440510952,0.12557734488968722,0.32286545962867347,0.13047465437299782,0.5107086966006757
231.60000000000002,0.0930627774603834,0.12345480477281966,0.3310500953642796,0.1247135673068477,0.5074983986454918
231.65,0.0789138101377254,0.12850865602056868,0.3393631198702395,0.1310190139692439,0.5178468381339894
231.70000000000002,0.07127015185776829,0.12991351798461245,0.33594658156969476,0.13749319409165847,0.5162116286656935
231.75,0.05648139464776848,0.1388411692625617,0.3405030292810928,0.13843570711226177,0.5184582680167449
231.8,0.03877614121856018,0.14593154967135147,0.3446908975062923,0.15692509491601433,0.5232807877457932
231.85000000000002,0.019636903204656383,0.14666980895704448,0.3526183531685989,0.14936264128645785,0.5302262674709608
231.9,0.01116640978854259,0.15478256142842767,0.33553020634553654,0.15441928340006972,0.5363967372136067
231.95000000000002,0.01958713424655067,0.15570435910864255,0.32178801753209924,0.1452981236827051,0.540316667388248
232.0,0.03299597750279215,0.1607286328905099,0.32636326453319736,0.15365898261770414,0.5404538734000331
232.05,0.04214715819676184,0.16133188820320776,0.3050627277964682,0.15904101615716545,0.5488011322119257
232.10000000000002,0.04095324371518174,0.15835410653527335,0.288023515795998,0.16631691823327163,0.5527141933900518
232.15,0.03804089900156263,0.16394915589880846,0.27301611811115944,0.16710136254186558,0.5640493265682216
232.20000000000002,0.03972155119128764,0.1717933228016014,0.27503838351555177,0.1724283931831483,0.572669729359844
232.25,0.04258627921065833,0.17812653816466956,0.2619397973229144,0.19025969361931117,0.571945462702629
232.3,0.04752678401916276,0.18087955845838133,0.2540901703544224,0.18970157546116184,0.5698846360025241
232.35000000000002,0.05349914164011193,0.19275159640615508,0.2447152761835682,0.19651724264651851,0.5786661408511506
232.4,0.05483942867392672,0.19764469817018168,0.24093760192613728,0.19521210035888245,0.5860290168308911
232.45000000000002,0.055783756245557516,0.19765354845920127,0.238245729628803,0.20615651729350734,0.5897414339922304
232.5,0.05436626809173491,0.19939869303877286,0.223809231788245,0.20259388727568622,0.5842909385079643
232.55,0.05678983346892132,0.2060538080383302,0.21024902871527457,0.20355755296421313,0.5903481342996576
232.60000000000002,0.05876687634301466,0.20795118225816683,0.1982330881666262,0.1982215085958464,0.5930701284989363
232.65,0.06485354190582744,0.21072626048548826,0.18055306219241415,0.2095867457946499,0.5876692967111613
232.70000000000002,0.06568333702241969,0.21780965941086775,0.17297004184003764,0.20597248316699637,0.5949380716388531
232.75,0.05890976483119771,0.2161473213034801,0.15281129970700497,0.21372129562182543,0.606788637500533
232.8,0.05876960388248748,0.227355733670839,0.1444944006975418,0.2155155514355464,0.6077657587868022
232.85000000000002,0.06609078854710514,0.2349941813407199,0.13119840597998225,0.21957411531477466,0.6009599475800017
232.9,0.07533760329854407,0.2413670739878698,0.12285495634947627,0.22059126616992683,0.6119174609847955
232.95000000000002,0.08265730348551786,0.253843888987846,0.11648905134991945,0.22513128096742105,0.6259722558320336
233.0,0.09233732788106089,0.25399110959231036,0.11026271903690396,0.23564946045188293,0.6339852665571541
233.05,0.10529989445269904,0.2545153800770804,0.10673789719909542,0.2402677398927615,0.6533555809301284
233.10000000000002,0.11177133203612667,0.2573160141106979,0.09909170630027898,0.2366189150450239,0.6565732051338998
233.15,0.11907908458036853,0.2598320269226969,0.09238034688409973,0.2313133717970524,0.6454938111766516
233.20000000000002,0.12985897919497838,0.2544044989053431,0.07925861094128324,0.220210866091826,0.6495579749114674
233.25,0.13580246354036485,0.24614906237564255,0.06352188260477108,0.22273522161869191,0.6452544813662316
233.3,0.14314983268578232,0.24864897209961073,0.05642883792263649,0.21320190307555517,0.630234524460914
233.35000000000002,0.15044538623372442,0.24700898070089097,0.0601538609557314,0.20940697376629322,0.6265365661912301
233.4,0.15638603509195542,0.25640386065333376,0.06199730976482426,0.205737917575108,0.6274606335292557
233.45000000000002,0.15581961974983805,0.2539985533548128,0.07103536520176922,0.19854737632732777,0.6210623620773624
233.5,0.14516435371661188,0.2631788708640825,0.08924972396945344,0.19460295498970467,0.6339536858315937
233.55,0.1357197746735115,0.26735302718196274,0.09328140639822104,0.18746229551803212,0.6333397988760253
233.60000000000002,0.13018080487716907,0.27294044268175266,0.1088299122027429,0.19078981875976098,0.6251713165343962
233.65,0.12668056335571917,0.2801827099615813,0.10426998602930075,0.210140241680527,0.6231343984854781
233.70000000000002,0.11893258789077303,0.2940647039103626,0.11331262959747933,0.19750059284236607,0.619274084345255
233.75,0.1153885501548306,0.2853401413754967,0.12952379389247448,0.19650180877259338,0.6094672571086114
233.8,0.10268250410863504,0.2889799124107037,0.13072235216476005,0.19991965609454404,0.5923698607931379
233.85000000000002,0.10014831555571208,0.28004268642288027,0.12614227938590633,0.2082351180800887,0.5760861409711378
233.9,0.10589371691693605,0.2740513065123357,0.12944077558026726,0.20492481355824285,0.5686888557791219
233.95000000000002,0.11345003903327444,0.2755462911032127,0.14137094791155086,0.20368285433525046,0.5689092411197346
234.0,0.11549014324139774,0.2808004706290654,0.15924188986085344,0.2073723264029378,0.5782869861877015
234.05,0.11490185472557751,0.28902437148985755,0.178090786057014,0.19686946630238528,0.5956842000176625
234.10000000000002,0.11541246812856494,0.29471561647537664,0.19145830100091285,0.19452793056760642,0.5874526745168627
234.15,0.11989865916763456,0.30472351972412415,0.19991225455299366,0.19129152560008542,0.586464001238181
234.20000000000002,0.10730722819813143,0.3065340256364376,0.21420129209002126,0.2007163685844699,0.5778940222527329
234.25,0.10644671823084344,0.31519006847322345,0.21730415102380346,0.2139380667572188,0.5781131262253772
234.3,0.1007791806970906,0.3135941277456823,0.22381922032441692,0.22785032702845873,0.5687307495437397
234.35000000000002,0.0988668502415447,0.3205593022693559,0.23881622683871,0.24206274592543417,0.562502960657338
234.4,0.10030823331969063,0.31866141886532545,0.2381314812216337,0.23329263806415493,0.5759620764996278
234.45000000000002,0.09517980251742043,0.31604273442487757,0.2534679244111982,0.2429484939417288,0.5922724009828311
234.5,0.09731208183445737,0.32139540253495985,0.2566759663695088,0.24328770152975734,0.5996136770477427
234.55,0.09469064503148263,0.3198167832769445,0.2594009931529228,0.23503697862425046,0.6084652044080715
234.60000000000002,0.10032633928185071,0.3187999273013892,0.2696276853964788,0.23074445096986632,0.6091711234680983
234.65,0.09869937284200057,0.31135988550262433,0.27820028077297193,0.24036015290611634,0.601431574824116
234.70000000000002,0.10131974683471599,0.31528982909132697,0.2985742804880949,0.23903199494351826,0.6049110272687388
234.75,0.09385691631189143,0.3180227375604871,0.3048505463431948,0.2450523891495906,0.6004411241537246
234.8,0.09558009094711205,0.3154957471562549,0.3073938395833015,0.24252830489939958,0.5910951317458212
234.85000000000002,0.09852950059680546,0.31570163195660017,0.3123044027890749,0.23997519787054858,0.5947056052605829
234.9,0.0963203399426942,0.3089423093651072,0.311327107012911,0.23739906108027092,0.6032737158025897
234.95000000000002,0.09368399628982384,0.31344840718157263,0.31831213414222576,0.23388420570543356,0.6022911745891272
235.0,0.09075988779658757,0.3129403251668067,0.32631079222833115,0.23941041768955476,0.61142388163417
235.05,0.08978732064388663,0.31431412865273217,0.33567269487858087,0.2397464322299071,0.6087763981945985
235.10000000000002,0.0911025405082807,0.31639145166939525,0.34143663230697713,0.24436975116090368,0.6170889478833541
235.15,0.09685136014267694,0.30499734838981646,0.34128341867734424,0.240602103157652,0.6175342877885963
235.20000000000002,0.0935839464570176,0.30142363662042854,0.3416200093963196,0.22619282346990216,0.6081744333127973
235.25,0.09490493785432298,0.30344955712160104,0.3515300518354942,0.21595776981590226,0.6041643393319324
235.3,0.09209715436299828,0.29217572967831745,0.3591032637864939,0.22648743235344293,0.6042131143987116
235.35000000000002,0.09506813118710414,0.2935728982923552,0.3649327310491309,0.2323673414815578,0.6035643633524571
235.4,0.10555872602291445,0.31303253512419466,0.37219294631299854,0.22950172055716947,0.6171030154436508
235.45000000000002,0.10744217716633823,0.3079148995264556,0.3811013136521421,0.24585393330827207,0.618807411579619
235.5,0.11163305618663305,0.32065586192709483,0.3854068750034427,0.24717793899249732,0.6263942228771756
235.55,0.11056173249923887,0.31834179076862407,0.3826864585663097,0.26915872773108407,0.6235228193734582
235.60000000000002,0.10926174343313767,0.3131501610761585,0.3754072334266853,0.2671808016079217,0.6216701242477941
235.65,0.11538449047264158,0.3140196886787746,0.370072833871624,0.266171216220711,0.6271652440785652
235.70000000000002,0.11352645621475163,0.3108725667237694,0.37108443260944896,0.26386839315102906,0.6211446095455336
235.75,0.11940556913638355,0.311495629215384,0.3749673009076739,0.27186512175235095,0.6176799878983972
235.8,0.11733245177118307,0.3119781498758812,0.38018059933379683,0.26856581628705734,0.6066216916209294
235.85000000000002,0.11735109073160019,0.32367253583611605,0.3832730925953672,0.25597028367871955,0.6154499811394081
235.9,0.11192103171009264,0.3288597891121473,0.37471379886829753,0.27101664000217546,0.6209780345531136
235.95000000000002,0.1224996339837589,0.346146624007016,0.35296927537200457,0.2751104338769424,0.6219300865356114
236.0,0.12214347147848102,0.34281752480208033,0.339084796175197,0.2744284577961289,0.608171581990423
236.05,0.12623198000793404,0.3310495352148297,0.33506235810574936,0.27608570527628484,0.5954574057477624
236.10000000000002,0.13047232805645367,0.31667065663332145,0.33822599091786104,0.2601772845176401,0.5914487693428233
236.15,0.14049399960952463,0.29961704293920005,0.3435688367770987,0.25966935646099215,0.592881653579784
236.20000000000002,0.14464020443656486,0.27994200617947207,0.34253727666492595,0.23858920855053822,0.590193626123305
236.25,0.14298765029022267,0.2598060941466863,0.3382781798007357,0.2160041645177536,0.5856599137359001
236.3,0.16581517323590966,0.24876939202268267,0.33291684540425404,0.18795840359659402,0.5953467252353334
236.35000000000002,0.161306495280785,0.24605539927472586,0.32688028156399956,0.16804997387026396,0.5934548375471026
236.4,0.15726571514037135,0.22966908361693697,0.3219658203480059,0.15281341486543043,0.6150761427271513
236.45000000000002,0.15836089899101743,0.218651558903659,0.32061215425357964,0.14550062435681574,0.6110208742928604
236.5,0.15604902352125627,0.2302477911595213,0.31201036332307125,0.13471728644061412,0.5990137963177615
236.55,0.15347158371748593,0.24466638930633655,0.29825723368829216,0.1196656942711146,0.5799677127766568
236.60000000000002,0.1532913605500578,0.2580050705551796,0.2852833394773471,0.12285795133509222,0.5601900457852225
236.65,0.15669883751930114,0.2622421529194138,0.2751782020492117,0.12316278005602939,0.557982718998481
236.70000000000002,0.15108094645280815,0.2544239133266424,0.26963415525947204,0.110768780946737,0.5488516857248514
236.75,0.1589746224541693,0.2524040810737838,0.27462316071000803,0.10324737998135014,0.5534973015621599
236.8,0.15403333269683084,0.24244907212541053,0.28491292331097845,0.11948153066752465,0.5596795295719892
236.85000000000002,0.15452444126479506,0.2477618064045896,0.29559966199126914,0.13361818588546256,0.5607882689505519
236.9,0.15310638477570693,0.24365035026540838,0.2979951535282575,0.15585593007037415,0.5687020853247087
236.95000000000002,0.15190740965733163,0.25352216890607576,0.2935844731789784,0.16289077901147725,0.5854446134423545
237.0,0.15732217009362848,0.27621015436981294,0.28150177374304214,0.16730988818916998,0.605959660106262
237.05,0.1509303939820488,0.29390083237456227,0.2529983645174566,0.16868953026164404,0.5960563390812879
237.10000000000002,0.14687630072540078,0.2974983527208002,0.2215108866997692,0.15235862748005088,0.5790956159873308
237.15,0.13954485222717863,0.3002402173732244,0.1917018966775267,0.14021446265364243,0.5636143752544082
237.20000000000002,0.1459793724144169,0.29528945155573855,0.17384220300784364,0.11855036260435742,0.5521149129194425
237.25,0.13773013512812807,0.28614584899381523,0.160280190746386,0.1231029927976283,0.5366721225174426
237.3,0.13134223296133146,0.2788142982192735,0.14685406098677548,0.10385023752411983,0.5196146203196799
237.35000000000002,0.12511426090312547,0.27584873742788285,0.13125057195214412,0.08201098608709442,0.5113122856676446
237.4,0.11918817784862772,0.266658486833656,0.1273799146749182,0.0812156128417861,0.5012885879726158
237.45000000000002,0.10260386625960978,0.2653816701676825,0.1300632686387013,0.08423359273474863,0.5051736741588788
237.5,0.084129542891079,0.2713755119659782,0.12982917642468142,0.08661662013684672,0.5082313204378315
237.55,0.07321734716415183,0.2736235761237392,0.12889742269941776,0.09018099032535504,0.5154398321181074
237.60000000000002,0.06375450896247749,0.2765500399048818,0.12179038322775464,0.09305010406189625,0.5164342760595437
237.65,0.053704793344007566,0.27851104147832184,0.11676213370577455,0.08290813559934115,0.5142467328060665
237.70000000000002,0.04995217267624785,0.2742530168427498,0.10843971197841472,0.0773938848877848,0.5159464322645477
237.75,0.03751239978830397,0.2711707312852594,0.11418035835992664,0.08130097853303504,0.5155932223089806
237.8,0.027740114042595493,0.2737490995729892,0.11582802545109361,0.07505264686966386,0.5279644367877182
237.85000000000002,0.023445796768019788,0.28011974937275513,0.1223640954060511,0.07335485868233525,0.5331163955695349
237.9,0.022624302910015374,0.2756792975469853,0.12172643592937754,0.0800187624961065,0.5445275239099242
237.95000000000002,0.02730582869106424,0.2706012724143899,0.11178886312319469,0.08278866824081096,0.5376116538796089
238.0,0.023338423651757343,0.278758012301083,0.10491262128950132,0.07655607798320527,0.5281471679619262
238.05,0.02016898278312631,0.273951295051512,0.09978576922438469,0.08652938492169304,0.5235995503499318
238.10000000000002,0.024434707755317763,0.27177624138013357,0.1019965027646513,0.09910476838710267,0.5054861258912461
238.15,0.029281421084764926,0.27283493030270134,0.10585969670063747,0.08890080520722411,0.5030967068904565
238.20000000000002,0.034599531324384016,0.27158993662765357,0.10876994501834361,0.07479482555020116,0.4984318730973801
238.25,0.04167939434053487,0.2625678962136489,0.09870898911879192,0.06628525696582853,0.5057469895323381
238.3,0.04938982246593425,0.2526565435007435,0.09355059225602495,0.041730664732359916,0.49348960885969734
238.35000000000002,0.04568710607750383,0.24455077788219592,0.09741602582946195,0.0344512774735926,0.49933544138765223
238.4,0.05306829636701695,0.23985360828110797,0.099785051615263,0.03989986150284484,0.4932625276822605
238.45000000000002,0.05635729791697379,0.23523633887847928,0.1023946004519607,0.053061409296323796,0.4785224219134074
238.5,0.06566498894461792,0.23326420587406455,0.10770987625257067,0.056118938706164176,0.47879018301242837
238.55,0.07912456956311315,0.23142189688732823,0.10606479212446251,0.06237499845417531,0.47659591646234895
238.60000000000002,0.08303068787775893,0.23238072741749205,0.09947775285500922,0.05837388701295443,0.4717721478141954
238.65,0.09302009372320862,0.2463634985808317,0.10844504389323924,0.05819772535770773,0.4778887435564196
238.70000000000002,0.09493227069065428,0.2578112879401546,0.10135535679378116,0.055047630603377765,0.47386678213238137
238.75,0.09452407200020829,0.25331651048650217,0.10563946587857627,0.049982696827678065,0.47809960987338884
238.8,0.10230201877578683,0.24885384434055444,0.10637534428748192,0.06175791787205779,0.4642347815026403
238.85000000000002,0.10959509035177431,0.23983909911591741,0.11494667246070268,0.06171312100732308,0.46603124559163017
238.9,0.11308023102957397,0.23353735344915091,0.1131912481161324,0.07115949833198564,0.47796233418823925
238.95000000000002,0.11648464544346823,0.23574970997062086,0.10616028454706297,0.07668506513724664,0.4792155302381872
239.0,0.1208814499865297,0.23082165513756844,0.10909857166104468,0.07512968474967943,0.4758235231782953
239.05,0.12500960153017046,0.22528055195982602,0.1066925466576219,0.07607131750810465,0.48019917110950533
239.10000000000002,0.12369316481194322,0.2092125890759931,0.11251090399339644,0.0679637384101209,0.4909239613335498
239.15,0.13076470057809086,0.21059521347144786,0.11411492717013733,0.0646643710175158,0.5092676789612002
239.20000000000002,0.1341554498029195,0.21190963359730955,0.12309329397125805,0.06822583505310616,0.4930824172791441
239.25,0.14159159159272697,0.2136474758160113,0.12541837252778007,0.07529129267029373,0.4621306230809463
239.3,0.1523441832474627,0.21497840405406268,0.1263747692901993,0.07839161177594266,0.4469936062686114
239.35000000000002,0.15594756041609553,0.2104284427834251,0.13177531226708472,0.07236267639991348,0.4380975464266501
239.4,0.1604446330096573,0.2026858533356607,0.14288288235762853,0.07404494842556124,0.4447068163744499
239.45000000000002,0.16587500047332815,0.20158067862562398,0.14486659582855035,0.08013047174327736,0.44237490826523757
239.5,0.1721919283267548,0.19351619778754073,0.1402139041110421,0.07840165799671477,0.44822794296708535
239.55,0.17892338366297394,0.17899747626383905,0.1452277178614291,0.07709741409725594,0.4354535647660585
239.60000000000002,0.189369807426104,0.17560272351105005,0.1522559549100135,0.07400913985599615,0.41303786842110013
239.65,0.18525288890083727,0.17551854835362643,0.15709491345076465,0.06789616271200756,0.39354461557792836
239.70000000000002,0.1944280528648744,0.1705970893507828,0.1624658087579024,0.06515649222854424,0.38533943015664357
239.75,0.2025373160068778,0.1618754812664933,0.16518738853136072,0.06928505695615596,0.3962166366564947
239.8,0.2036173208314579,0.1522741541223012,0.1619987755322547,0.07475184793516411,0.40140741550573655
239.85000000000002,0.2022934909037473,0.14746171262013044,0.15492863561487902,0.07387900494830413,0.40029220703377294
239.9,0.2103756192266987,0.1290047085225186,0.141789766514578,0.09082248412745587,0.41567309479640735
239.95000000000002,0.21518860404086917,0.13234774977942776,0.13279616677652295,0.09615407676181718,0.43144817715355305
240.0,0.2169286998581733,0.1312232756278433,0.1330239767476104,0.10877762327978817,0.4492989444514532
240.05,0.22938768506587773,0.1340192973915783,0.1221340127730437,0.10579364812267601,0.4565853283672844
240.10000000000002,0.22507949345945238,0.1321779190438538,0.1146499765136,0.11844842674126417,0.4670242472240594
240.15,0.2401920302355033,0.13058327341498346,0.11652141310765293,0.11851200854270523,0.48441687847673237
240.20000000000002,0.2467383206910849,0.12594966036212962,0.12745307741056347,0.12624968138457765,0.47861026382774935
240.25,0.25340129880420076,0.13193742290861515,0.13958810025238705,0.1315729333583673,0.4857157353225003
240.3,0.2600756804428711,0.13419423371322697,0.13914304112623938,0.12165533824715535,0.49215436566811815
240.35000000000002,0.26648305231103614,0.13376400015094606,0.13032825690594643,0.11351215990522438,0.5020896728608127
240.4,0.2708572760898381,0.12960808642922889,0.12197260425452591,0.1174624956406624,0.5033112294132477
240.45000000000002,0.266679924524676,0.12910703562023543,0.10593478903131344,0.12135916808278858,0.5168257607909902
240.5,0.27643734568319944,0.13026100348636477,0.10334163626037879,0.1254779652485587,0.5217059876948296
240.55,0.2815505073823253,0.1287745962715067,0.08855534407599899,0.13228186183048768,0.5349219667574133
240.60000000000002,0.29060533786506887,0.12453274256988014,0.08019490634617014,0.13322520305870544,0.5256126722698966
240.65,0.2917336135293685,0.12348932537763939,0.0727589086724018,0.14017250137511988,0.5393982756921134
240.70000000000002,0.2898879502375909,0.13754188055423333,0.07543765268436178,0.14073151890388289,0.5489194634717821
240.75,0.29831161470154915,0.14254504906321003,0.078716368940553,0.1469180873399356,0.5589259099774171
240.8,0.31390249824442856,0.14445498864841033,0.0732901106254641,0.13824499868327103,0.5715600187749544
240.85000000000002,0.3062731859472859,0.153580988728968,0.07968534602006958,0.1412879555958174,0.5668654732447937
240.9,0.3020457363546141,0.1536400485900626,0.08071180083691389,0.1395535768607655,0.5872338469999763
240.95000000000002,0.29423630757191405,0.15525160714067374,0.08312973448094144,0.15148467577290858,0.5812072560769502
241.0,0.28804243928769935,0.15068841295618893,0.0929053073396927,0.16834982880044275,0.6050036619984195
241.05,0.2905700586526707,0.16054445327994527,0.10238953303922045,0.16678658184217582,0.6307908369831094
241.10000000000002,0.281464834980556,0.1561615551501653,0.1257320149774737,0.16885705674949944,0.6447401589923865
241.15,0.26756716248243945,0.15949991142478626,0.12584381216275575,0.1571474228541241,0.6229806944991221
241.20000000000002,0.259792345804386,0.16017528819914992,0.13921076616926398,0.14783314965711628,0.584199938703688
241.25,0.2554779516181012,0.15738892011041394,0.13840938797440758,0.14173019488193336,0.5735397219843298
241.3,0.2549620965067395,0.15331814735361496,0.14161362541794126,0.13768008008706345,0.5565801934638361
241.35000000000002,0.2414372697059269,0.14714629712988408,0.14149687490640325,0.1552049484287722,0.5499226792517584
241.4,0.22407952106195803,0.14377961914647372,0.13791487694707447,0.1515842688527999,0.5643211512740882
241.45000000000002,0.22724156944517673,0.13788438315633547,0.12684152901490703,0.14792100001216404,0.551903095513658
241.5,0.21699582646247936,0.1338881160289283,0.11737156964862873,0.1522476361854999,0.5632441003155518
241.55,0.2057589727088394,0.13458807444769524,0.11086480449192009,0.15621400707390848,0.5454868348302272
241.60000000000002,0.18733996068670442,0.13791421217951622,0.09933270212757751,0.14365435253309156,0.5433477105295645
241.65,0.18293640085980256,0.12806224441777114,0.09170403922858374,0.14361554426997544,0.5535559341222803
241.70000000000002,0.1802771300367674,0.1291155922184709,0.08412453630922227,0.12171483264093211,0.5902663483561411
241.75,0.17543031661579336,0.11770393419166526,0.07935366192788171,0.13563670467091066,0.6140058305492214
241.8,0.17730384789239617,0.12047714991821667,0.08680242600869051,0.15253990254764624,0.6116524682001642
241.85000000000002,0.17246258196626063,0.11996740965795512,0.09204160098888714,0.15318596438865062,0.6271316123857712
241.9,0.17023331963183932,0.12196731279635731,0.10349443066959682,0.12769810432118334,0.5467712350699866
241.95000000000002,0.16505241500648493,0.13133286579076028,0.1081371539066874,0.12395338767562543,0.5040153458120679
242.0,0.16096362468668832,0.13233785514792556,0.10983843141155063,0.11882568544411656,0.46414837295696815
242.05,0.14826689200651716,0.13477406975606734,0.10770005658685106,0.12176788687668849,0.45345237983289316
242.10000000000002,0.12844679083839228,0.13542755773118534,0.10560304569666408,0.1289821193748442,0.45659138211319755
242.15,0.12029562488914516,0.14418520715447905,0.10731267633297957,0.13492354603697723,0.4313400860368299
242.20000000000002,0.12426545863766411,0.16332388371252782,0.11448581350550623,0.14580137528467926,0.43396331491044654
242.25,0.12744342883375834,0.17691916311074388,0.12103876642759474,0.1491990080760467,0.4415930199535396
242.3,0.141009436713578,0.18063455525273,0.1313860431169394,0.17091878167787483,0.44074899167929854
242.35000000000002,0.14341759017272449,0.18833047682788,0.1395342460336991,0.17703550226463613,0.45506741175709675
242.4,0.13963338464640968,0.19224352786037163,0.14683950372656168,0.18251449469934555,0.4568725361698476
242.45000000000002,0.14082621628219094,0.19491201826562823,0.1572621718258705,0.17623612697613902,0.45302625255476964
242.5,0.13287098535427946,0.20071390881944934,0.1693698134114599,0.17694299690578602,0.42913949656641115
242.55,0.12486583157577703,0.20299390264973147,0.17049432055544186,0.1812074609520838,0.4103925300506563
242.60000000000002,0.11700556086894948,0.2137893703899872,0.17534885857016735,0.167875907240949,0.4106221624681501
242.65,0.09982400015631482,0.19100295064564216,0.17529157198463885,0.16803160224059294,0.40243404183924525
242.70000000000002,0.08822357127208547,0.18413396118776143,0.17530014042851494,0.1612970721195209,0.40526251041841327
242.75,0.08463643251875519,0.17696216435127535,0.1761647918177828,0.15049526699581336,0.4150704510383469
242.8,0.06964994354309544,0.15636122276303224,0.18469378245416165,0.1461461311149048,0.4375337628293566
242.85000000000002,0.06527126446225286,0.15816533364933166,0.189339886464956,0.14788532956476202,0.4501600639455297
242.9,0.05941996952530241,0.15327086702816478,0.20896125162748894,0.14005149563938613,0.43248996742891566
242.95000000000002,0.05720629422311533,0.17509055551468575,0.21847896611863235,0.15254630519388004,0.41613151628369766
243.0,0.052348328176091585,0.1763373268769887,0.22817899606822137,0.15081214442575297,0.4001021873440776
243.05,0.04500422013367619,0.18628960902137084,0.23549436205981997,0.1562140995597589,0.37491284999055746
243.10000000000002,0.03989130311745194,0.19252726483800264,0.24105765938594265,0.15081186001996277,0.35166539446957756
243.15,0.043068909848912866,0.2036279549246522,0.24144316684341163,0.15093755040862633,0.33264252714396175
243.20000000000002,0.051107273064002326,0.2019717476102329,0.24489600114311258,0.14893525430034152,0.32676014689040944
243.25,0.05558346667090733,0.20596686969804154,0.24900859627378671,0.1540708212538622,0.3066658901503926
243.3,0.056085883607791494,0.20434064722391762,0.2463362096940162,0.1645492408671859,0.2976629858397192
243.35000000000002,0.05673261398699075,0.21039733104654007,0.25168927364019944,0.17051203328839937,0.29282367646553514
243.4,0.07417326241954107,0.209826403849745,0.24718447511197747,0.18111446127571906,0.29959252512520684
243.45000000000002,0.09060589243940337,0.2096997321814772,0.2447514302430356,0.17829758589111938,0.2976510138406587
243.5,0.09410073741647523,0.20861491422113423,0.2329178787355399,0.17246250999055884,0.2974304404654729
243.55,0.09860809768165832,0.20826186013126716,0.23384072494894995,0.1620840219722154,0.294617055982324
243.60000000000002,0.11073415921852744,0.21378326662245703,0.23778842811857237,0.14349463635700696,0.30436367482598964
243.65,0.1128142704678088,0.20285567433261203,0.23823669126442387,0.1289269977397398,0.3016788926903048
243.70000000000002,0.11686366782588925,0.19179593983043502,0.2478012820267282,0.12254421641774212,0.308544361559721
243.75,0.12730539985650743,0.18049722583650357,0.24311488323668634,0.11627303825247699,0.31041348640850247
243.8,0.13174651010265845,0.18379309048766876,0.24411277917383162,0.12047526611726715,0.29758142874872123
243.85000000000002,0.13443577420089023,0.19174385871750566,0.2457249631277794,0.1314424039689397,0.28106438848293824
243.9,0.13387881767742893,0.2054337032190285,0.24845113608912955,0.11434523849163082,0.28067453207906135
243.95000000000002,0.13501456202213077,0.21009349242817463,0.2563405302541473,0.1156355955863323,0.28995587627307456
244.0,0.1420803882564857,0.21289946585075287,0.2623946840444372,0.11759799217992312,0.27555420761340127
244.05,0.14681504963228978,0.21851203122109486,0.2656071670451933,0.1331878384318563,0.28286194926451824
244.10000000000002,0.15479514546250966,0.2238589251032998,0.27039676905243204,0.12819496767670538,0.28485244486697114
244.15,0.16630565846534073,0.23159747909585257,0.2681368823847895,0.13386135182615197,0.28195024143540964
244.20000000000002,0.1725658953626118,0.22544163169983605,0.27768467711869416,0.1463527187426967,0.2787492085883661
244.25,0.17852017574753423,0.23400158723437567,0.282959230446121,0.1663887799445344,0.2871600308373904
244.3,0.1827760641714377,0.24937250264747826,0.28133994698009446,0.178292382502501,0.29539047661956463
244.35000000000002,0.19214028718029533,0.25828064736081463,0.28923615016159016,0.17181000275788075,0.3100813466022658
244.4,0.1873249343502756,0.26675337923973913,0.29766776521259886,0.17049920244080416,0.30446508825355645
244.45000000000002,0.1912629731919897,0.2655911188250437,0.29719344107649787,0.20189358779036196,0.30289064658965953
244.5,0.20112279863706947,0.27349196539804344,0.30648982298352606,0.2005469174932408,0.31122988266377505
244.55,0.2069166245206972,0.280893216633471,0.31453960141321424,0.2242928359252617,0.31090340348865525
244.60000000000002,0.21746267428728064,0.2912509292871658,0.30962586868958664,0.2317064943033402,0.30022990211104206
244.65,0.22476974648581471,0.29979207374807665,0.31261171199662496,0.23689929961956463,0.30407910423794227
244.70000000000002,0.2268511672881052,0.2970659932455066,0.30372230832400904,0.2519461697047141,0.29877474347814664
244.75,0.22981989071884087,0.2951930380353257,0.29022133586020427,0.24566495471575836,0.3018179370497699
244.8,0.23572954990129677,0.28834089902170984,0.2821068511568654,0.267539452066883,0.3016224291945402
244.85000000000002,0.24451521013756092,0.28813845551204437,0.2698379471409592,0.2761259578569952,0.29689266469974607
244.9,0.25148163634193543,0.29974484739503193,0.25913485134990727,0.2889311117150219,0.30529749065840533
244.95000000000002,0.2693742955225514,0.30687241053555353,0.24410836007594472,0.2888903359513747,0.3044171794312522
245.0,0.29087029618631716,0.3015277069598179,0.2309131581687896,0.2620457053736059,0.2996124131904025
245.05,0.30408002822986185,0.2963153792372342,0.2223778533247162,0.25686098725200895,0.30286331615570516
245.10000000000002,0.3095354532755898,0.2963409406921846,0.20861643506778843,0.26045913648604857,0.3040550742637745
245.15,0.31837992692132955,0.29540087751250926,0.20268924369991442,0.24942058974922615,0.30432918029384676
245.20000000000002,0.33093167176346305,0.2895433869285684,0.19575394183372083,0.2410168315305702,0.30745815090753986
245.25,0.35021883889908023,0.28818118897868306,0.1860663793656055,0.24444779363665928,0.30803387542218025
245.3,0.368947187379511,0.2918907942387373,0.18759493596674362,0.2475107561809235,0.30811654806728456
245.35000000000002,0.38666302314646345,0.2876628830757492,0.18145590071200618,0.24510859786369033,0.3070624941305132
245.4,0.40277844762751436,0.2887271487126549,0.1798638989653857,0.25007276563248315,0.3028101041364944
245.45000000000002,0.41237246096147806,0.2907458232127526,0.17832649695076153,0.24472602368107702,0.3059828354819835
245.5,0.41934607263919593,0.2812872576511716,0.17463531354516537,0.2545973504148321,0.31054576915573273
245.55,0.4202431777584617,0.2902900315271962,0.17093898666385055,0.2558867436781952,0.3094587988048221
245.60000000000002,0.4248938268362814,0.2929116500440804,0.18231906231154005,0.2562528769193852,0.32753370557912287
245.65,0.42850858408363135,0.29501416323675983,0.17783642339744146,0.278792029603659,0.32222789294510995
245.70000000000002,0.4356190722896454,0.29469106700192754,0.16840122568036853,0.2866311337623512,0.31415126155618217
245.75,0.4463201093593833,0.30779430807525693,0.1630272358025719,0.29405262938010307,0.30488562812112335
245.8,0.45490240383927716,0.3064456064683889,0.16090282022559843,0.2994585375307404,0.2966814927770509
245.85000000000002,0.46435948555925843,0.3081457702591782,0.16196153239292738,0.30640021271358236,0.2816991756723324
245.9,0.46592727722128274,0.3153248540083787,0.15832451749968415,0.3144828089617514,0.27495034361412307
245.95000000000002,0.46087235179456554,0.29992565968554935,0.1478296307334833,0.3216812265929782,0.2764373873793111
246.0,0.45855368294621435,0.30223945956916054,0.14301021952913312,0.3163275470606334,0.2683026470764687
246.05,0.4618780066462173,0.30592736263826986,0.1273391030782472,0.3270385126746653,0.2531640381185062
246.10000000000002,0.46060540037201164,0.3067109812508272,0.11958980577715672,0.3240127105912359,0.24592955443856973
246.15,0.44546884316413216,0.3039261400083428,0.11615564028821444,0.3317788072526007,0.2202039030408448
246.20000000000002,0.4197453666040438,0.3088939699038574,0.10707536099205335,0.32612759178645845,0.21316270558790984
246.25,0.3983826238050145,0.31394052197042593,0.11252108390882666,0.3358138027493297,0.21514788573214355
246.3,0.3840566257928218,0.3101217775865198,0.10857456396282858,0.33433084301498645,0.22467468745537247
246.35000000000002,0.35924507395380445,0.309395249692437,0.1073401599435243,0.3352658745410698,0.2283362123612772
246.4,0.3280204437041965,0.3109206110550107,0.10167085755482817,0.3389815017324046,0.24516332335752083
246.45000000000002,0.3012799595478703,0.2899618905295716,0.09367410068770826,0.3323609750744033,0.2486138636494638
246.5,0.2877108407451272,0.28107795768840516,0.09952957265634299,0.33069774576498107,0.24566189615965542
246.55,0.27893016736890613,0.2750114231466815,0.09515844082371162,0.3137887500973387,0.25101812815953883
246.60000000000002,0.27498753962590805,0.2563966755436522,0.11269756834326664,0.30471064913872176,0.27231617841314293
246.65,0.2759323564033156,0.24268823804928674,0.11292487158809743,0.31491568926805624,0.28304473435815325
246.70000000000002,0.2743988794957519,0.23798565478122963,0.10709525083161278,0.30987671783994625,0.2976763705667917
246.75,0.26903047969881777,0.23160834140019776,0.11417024147081341,0.3129835865340627,0.30352658619562406
246.8,0.26487428332082075,0.22841305742757056,0.10849162204987024,0.3064613024426215,0.3137637850689728
246.85000000000002,0.26808338574412716,0.22110761871596424,0.11499815263246489,0.3068860407753063,0.32415371047616803
246.9,0.26754342443710155,0.20275598166591519,0.11103759202381089,0.30116315362309737,0.3379685414490132
246.95000000000002,0.2695659581841424,0.2037820566175055,0.1031045563474375,0.3115864907854499,0.33799465534136547
247.0,0.26731249277297736,0.20922156082350904,0.09192478317393402,0.31849166401717977,0.3491676154310476
247.05,0.2698158522517682,0.1960940625235151,0.07435800550255851,0.32874402278562553,0.34251722832020043
247.10000000000002,0.27279078276666013,0.19021490486825993,0.06569005962898374,0.3258770331074605,0.3267985365195886
247.15,0.27058507118713404,0.18944566283681216,0.05715997497101913,0.3311522674440388,0.3195856631578954
247.20000000000002,0.2726661143199641,0.18526582883349899,0.04439018177580542,0.33476858270628884,0.3208864355490085
247.25,0.2639996946804806,0.1836409951306888,0.03209508399891616,0.3445883197179501,0.3260203085449623
247.3,0.2526245521636858,0.18959572680916342,0.03619772360929796,0.3372573562633794,0.31751449843862395
247.35000000000002,0.25588913511488376,0.17966981852263708,0.031659417495302385,0.33907463542105065,0.3110038172538645
247.4,0.2493004121751809,0.1697309570599016,0.031951571583414294,0.3338910309755168,0.32545979254726143
247.45000000000002,0.2505671912476129,0.16672167338345112,0.036456221061104875,0.31666535501545046,0.3274039239471807
247.5,0.2545435045756875,0.16554513848777475,0.038993953303256605,0.309963451475126,0.33236078845928096
247.55,0.25614767319996273,0.15576700436095514,0.03852928771076671,0.3168543150554363,0.3363932321646649
247.60000000000002,0.2541577453282952,0.15890404863031288,0.03615497230798466,0.31600732486885164,0.3472358299565372
247.65,0.2556106918870263,0.16375389496114534,0.03465765031365238,0.3001924208814056,0.34932437802198996
247.70000000000002,0.2559165349440486,0.15149574442936836,0.03886110165115071,0.2992612739142567,0.34902980807897144
247.75,0.25668294034044414,0.13550010709052962,0.04004080046559703,0.29327745161395463,0.35100790832879264
247.8,0.2512910996008986,0.12591746644081672,0.04340963793536751,0.2894889038833613,0.36294136381608727
247.85000000000002,0.24444393161465627,0.129327964230295,0.04506432413177677,0.27703276473161764,0.3451770278414988
247.9,0.24331267897524042,0.1260688680986656,0.05086477205124452,0.28145726260890247,0.32909959080023893
247.95000000000002,0.23576028171672303,0.13366452648403482,0.05562284929286234,0.26933783391880306,0.3004085099611179
248.0,0.22770186309002996,0.13429720744446,0.05225728645624763,0.2782174456743044,0.27501523420663154
248.05,0.2257782102764236,0.1453365720210168,0.05465435020589571,0.2892641924802265,0.2691983985180388
248.10000000000002,0.22325154942433345,0.15072633874034463,0.06062551426889938,0.30359892822130413,0.25674081708472657
248.15,0.2247199013942145,0.1594140996749328,0.07101278970577769,0.3216971100614677,0.25531794225040044
248.20000000000002,0.22093695663011598,0.163520477797128,0.07879509054461858,0.3385218309743456,0.2655009584802422
248.25,0.21761267877665225,0.1719254706678431,0.09384573173707535,0.35092894753400566,0.26418672089361334
248.3,0.21366378563347402,0.1794979226193728,0.0982440903134164,0.3647503579888354,0.2587626360861751
248.35000000000002,0.21712106193268715,0.19023003444611145,0.09894875447600637,0.3772312057102202,0.254203465451994
248.4,0.21407023094537203,0.1957320641543682,0.10422053576949733,0.37989524925022844,0.2565495456115712
248.45000000000002,0.22166025282992363,0.1922855541969905,0.12036038053318862,0.36105794712110895,0.2832821101379593
248.5,0.20994676345480762,0.19333009800898637,0.12686553716847987,0.3736460210082391,0.2671750514223805
248.55,0.1997892699987506,0.19172247335251585,0.13864738683208117,0.35686407347532767,0.2908845956186413
248.60000000000002,0.19231473461709553,0.1864140569185812,0.14490810113482136,0.359276423993116,0.321203452073401
248.65,0.19568089680456013,0.18848564299225237,0.15258400558417504,0.37245760194544025,0.32198417432437393
248.70000000000002,0.20127560732839422,0.1952469516276938,0.15751060828707295,0.37573175314429136,0.3040081987803006
248.75,0.20031743015013542,0.2058732652409874,0.1599599217926176,0.3712750396032385,0.3015711995833839
248.8,0.2039162241529916,0.2101302609436486,0.1610037503482829,0.37442656720294365,0.30934326874763635
248.85000000000002,0.20280198081663006,0.21105337688568343,0.1621358128886225,0.37429006010774807,0.3191840242646517
248.9,0.1981948455574529,0.20844808273780105,0.16183591022200533,0.3812458401670877,0.3254948521623319
248.95000000000002,0.19776855081182618,0.21281578335487966,0.15545839444041737,0.37879301886915534,0.328556250964567
249.0,0.19302312279745873,0.21890259335668713,0.15915122700544843,0.3762235555558042,0.3238038341297487
249.05,0.19675365894715793,0.21662108526596272,0.1625403309690829,0.3795444362583143,0.3144835348505842
249.10000000000002,0.20788215594883003,0.21693328286036045,0.15916897152135537,0.3777759854777431,0.325844380689033
249.15,0.21288257362802487,0.2194276355740995,0.15840025026767435,0.3694133286261272,0.3436905187835067
249.20000000000002,0.21672373535569886,0.21508286615650163,0.15630809299412968,0.3739660372601101,0.3301013394936492
249.25,0.21812742738616278,0.2193569239073577,0.1571538141703714,0.3843567138896676,0.3348057010549702
249.3,0.21840511946266444,0.21833748894419527,0.16284246525827964,0.39032555436362165,0.3238936183140175
249.35000000000002,0.21998506901128673,0.21909901124588585,0.15738901732895436,0.38937388488637653,0.29983133661582534
249.4,0.23267050935879816,0.21136796776909797,0.14605283391683446,0.3921237651909249,0.27607454467919673
249.45000000000002,0.24364794437684786,0.21615727118742764,0.14455111915690502,0.38013474925198554,0.2728766925242923
249.5,0.2506760675795788,0.21633506998055677,0.14223226652118523,0.3791658897916638,0.2608178753465866
249.55,0.25511172168350876,0.2190540910997153,0.14573912799752095,0.3717966171844895,0.2392225933372996
249.60000000000002,0.2603160414529127,0.21409271793329437,0.15129736952028972,0.3777122448490071,0.1950250128230517
249.65,0.2620702396335765,0.21515309646235306,0.17299279179363275,0.36021853251728814,0.1937566632065471
249.70000000000002,0.268334312611494,0.22055417413744177,0.19201293324678867,0.3472189710796514,0.1568620452629957
249.75,0.27272536257196384,0.21802240583778587,0.21263055833914662,0.36003274115256734,0.13282876498670346
249.8,0.2756639905769806,0.2209867263765626,0.22628846531308264,0.35048455869066825,0.11175409701269019
249.85000000000002,0.276591666192385,0.21935028145707458,0.2260213333027597,0.3541567407996796,0.09059885238022891
249.9,0.28001935729988825,0.22347106284156554,0.22833698974880265,0.3428795067760058,0.08350946005145063
249.95000000000002,0.2859140529796756,0.2313220423448336,0.23462708640438953,0.33520289459847813,0.09164999286634234
250.0,0.28694784351937613,0.23725106357032216,0.23744054776760837,0.3331847044578742,0.09708388159484999
250.05,0.28846580868379,0.23765940428140156,0.22455383015270264,0.3431495577811332,0.09302374944346278
250.10000000000002,0.29401959196580923,0.23047120194201917,0.22584296586520636,0.3328745905207962,0.11408631114025487
250.15,0.3011793078535386,0.22683873430903626,0.22310990211345705,0.3400197875284737,0.17004220275123547
250.20000000000002,0.3101790923904637,0.239550152343545,0.21257775179378766,0.33931166093918386,0.21252235333693517
250.25,0.30780544573973795,0.24639802514315623,0.19975279996212808,0.3359700904350272,0.26186108932534186
250.3,0.306602727421679,0.2506663842824317,0.20687561553249245,0.3328265902662497,0.29783945855794053
250.35000000000002,0.3066007987367945,0.23687192582536853,0.2133905191628855,0.334248963123732,0.3305800546785913
250.4,0.3036443405980411,0.22718183062909733,0.21534216519304536,0.3222381180776013,0.35135449629122956
250.45000000000002,0.30309610816630866,0.21993151080909273,0.21564927937396247,0.3162151127364174,0.3548351619953655
250.5,0.30780484014662174,0.21329781099710146,0.20136775629867948,0.31407803213694535,0.3579900660667255
250.55,0.3190314522395074,0.21228848427281416,0.1969561227597422,0.3119317471950825,0.36443522458103206
250.60000000000002,0.32543649635288213,0.2176228128299039,0.20473549812354672,0.2973202048630668,0.36335810188074175
250.65,0.3295982337385905,0.21332978832290297,0.18964179180166607,0.29693483351901195,0.3463829123624101
250.70000000000002,0.3283475623906359,0.20177215667360954,0.19439287378865047,0.2791676363108984,0.3349919937047945
250.75,0.3286482952473401,0.19515787561843748,0.20512788047737582,0.2855511663450665,0.3466605498771311
250.8,0.3263355246713975,0.19428137341163643,0.20003425677534406,0.2776913841385847,0.34943647206038214
250.85000000000002,0.3181259011484629,0.1978089720022731,0.2009308718747266,0.2669842092890885,0.3555645549585711
250.9,0.31914941885892617,0.19509052119853773,0.19691621436111853,0.26266772800356336,0.3412671867850117
250.95000000000002,0.32263110124628885,0.19648661715440727,0.20693841674224983,0.24996865979469648,0.32957998457236576
251.0,0.3209256914106688,0.18976609682488507,0.21747101022665563,0.23012113666599615,0.3338849979775692
251.05,0.3247700865925511,0.19031884131684754,0.2050314247404725,0.21338258036825677,0.3417355448359393
251.10000000000002,0.3294575618234852,0.1814250133343,0.2199048648506067,0.1801646564740654,0.35158863602602686
251.15,0.33352346343638334,0.16978584130527824,0.21222956548312572,0.16142430387861703,0.3531563243557222
251.20000000000002,0.3442098888815793,0.1590317804426837,0.20658722766520338,0.1476542372274327,0.35661539730272085
251.25,0.34450958051944,0.15552438012798345,0.20810152735187387,0.13825000119984346,0.35877579951562294
251.3,0.3448713609980958,0.14788421183676642,0.19087796661123274,0.1389909795092579,0.35478585822528985
251.35000000000002,0.34955891715855614,0.12053216120242038,0.17282542766030545,0.12851451394949434,0.3614733601506457
251.4,0.35550158877569193,0.11350706112956094,0.1717605907063798,0.1143621796948691,0.38348879662498175
251.45000000000002,0.3547514527622469,0.08875673561746167,0.16755858031095178,0.10270528392236147,0.4086807543014428
251.5,0.35014030550162994,0.06665142886205923,0.1699569355128932,0.10610216134826535,0.4311394827669239
251.55,0.3445518399092428,0.050830432034921394,0.18042825245381583,0.09765809063714458,0.43385330982721065
251.60000000000002,0.33725957344487095,0.038765309369312224,0.18527785202988326,0.10246121895090007,0.43462255997125854
251.65,0.3366810363294524,0.029512296449404205,0.18542259907034622,0.09503893438475831,0.43043780552679844
251.70000000000002,0.33875540563723516,0.016686722780572216,0.18139571778174984,0.10098495087396199,0.4339764576685169
251.75,0.3410554239727375,0.011440575646059279,0.1822557567398351,0.10260888690729099,0.44361931260874365
251.8,0.3413095940018409,0.004626013862018735,0.1851330476010034,0.09603415238766412,0.4503345076244509
251.85000000000002,0.3381463744448886,0.004448084894923172,0.17282755865547927,0.08808303181282745,0.45988371075986667
251.9,0.33448629743706326,0.017588292268688372,0.18435807001384252,0.10551345582447744,0.4667089215078907
251.95000000000002,0.3338328180492464,0.026968760716570138,0.19738566104465954,0.09583964049170257,0.4693624572525542
252.0,0.33708877280899563,0.031299119330232966,0.2115820960395415,0.10253871114380152,0.4514422978851882
252.05,0.3327488667067511,0.03436227714685061,0.21851677464293348,0.10721254401064073,0.4508552955404489
252.10000000000002,0.31870261677276696,0.04235578608243007,0.21937156700167215,0.10949739229382735,0.44731727943779886
252.15,0.3026659077182368,0.045118725702680704,0.21769567312585705,0.11909876467543389,0.4444474246504492
252.20000000000002,0.2955456680302633,0.053671610845017044,0.20834681421097145,0.1191267394990778,0.4332806000853315
252.25,0.2876661044454165,0.04971247592870485,0.21356118989127812,0.1040618588709769,0.43679283709877187
252.3,0.2802292318369155,0.05667898257140624,0.21405404870971106,0.09443924151829403,0.45240201315396905
252.35000000000002,0.27383103065619696,0.07151683149226827,0.21643434684748578,0.10192866635618295,0.45824221337227306
252.4,0.2652934007177208,0.08245681974787245,0.22004152266865334,0.09072431740275581,0.4518535984989422
252.45000000000002,0.2502964229288892,0.08152036599499869,0.22888536180862323,0.09536267789553884,0.4541833584810881
252.5,0.24233624129417827,0.08329012179523582,0.22574513473556582,0.10653144562921338,0.47274794175330714
252.55,0.231146078633817,0.09285738192061377,0.22754566725256134,0.11313761719793694,0.45380963964903365
252.60000000000002,0.23200403065480865,0.09524345573339188,0.2280423496470581,0.11954959662386754,0.4325996295164476
252.65,0.22349999043824692,0.10639004645075041,0.22762931380016477,0.11632991479764744,0.44864177328951976
252.70000000000002,0.21252682949068413,0.11567209877217312,0.23612195436213407,0.11641099603630799,0.4647187331504528
252.75,0.20332206979822331,0.12611665533840796,0.2528898186367742,0.12752968949159618,0.4733301033588138
252.8,0.1955540073427294,0.14010828027429706,0.2643394379545204,0.14370044858762138,0.48678353042408046
252.85000000000002,0.1896130029605465,0.15304663128653984,0.2715910597139686,0.14374858410494773,0.4980100852491387
252.9,0.18435896393182077,0.16278433616828641,0.27734531622435465,0.14700985690068266,0.5279847279937488
252.95000000000002,0.17634058324461208,0.17249470548905171,0.27890103350073614,0.1463647556085608,0.5292662778388397
253.0,0.17390646442304122,0.17822093804409708,0.2820476279702566,0.1443741519609508,0.5268965579278518
253.05,0.17054201605988864,0.17009686751090594,0.2878536274079017,0.1518510525443563,0.5341743290281433
253.10000000000002,0.16581086985415783,0.17110398953433534,0.29966155758364016,0.1604883350672251,0.5452832618155483
253.15,0.162909489293998,0.1807909399262279,0.30409030019446387,0.16555262761311404,0.5432536164316997
253.20000000000002,0.1570908423870597,0.1883183843223296,0.3028335646015394,0.16702374826687408,0.5468730107256442
253.25,0.160294953078536,0.18734580878197593,0.30557269984299124,0.162272642003608,0.5474611923842007
253.3,0.15739153407056616,0.18924829457799708,0.3073537896476547,0.16627705982850866,0.5509152923707756
253.35000000000002,0.15530145054063757,0.19299715914845936,0.30843957258905647,0.1714702849581714,0.5552415228709812
253.4,0.15366696657634135,0.1988300381618332,0.31444980542667766,0.1701766217088142,0.5620040092570221
253.45000000000002,0.14898904161324533,0.19631311057655088,0.3232868392742377,0.1748972618077623,0.568643537689511
253.5,0.1412408973660439,0.21132611928245526,0.33085593671438396,0.17279152534263723,0.5689081994274859
253.55,0.14140356754693437,0.21838681280196892,0.33773664270279974,0.18853045644308994,0.5816237941276858
253.60000000000002,0.14429091312985384,0.22610419420353015,0.33741363786853473,0.17791308988900728,0.5775354458054652
253.65,0.14558709141828788,0.22647622160400163,0.34652063148311313,0.18311324646332008,0.5771698373808551
253.70000000000002,0.146778725056566,0.22688349812870118,0.35131923729232545,0.17519068143533265,0.58151320371555
253.75,0.14342400428641774,0.23185955834995786,0.3546306234086512,0.17547894754231147,0.5811604669545244
253.8,0.1401582672876871,0.22425452348643474,0.3554219170701635,0.1671985613705639,0.5779902053872418
253.85000000000002,0.12913779250968208,0.2306661459822844,0.3507836684126084,0.15223960618402335,0.5857068932074845
253.9,0.1300838203792622,0.2294266364530786,0.34550920709685967,0.1570354770261016,0.5874190603105449
253.95000000000002,0.12913907982890185,0.23260736845240568,0.33502280450186,0.1556868663015296,0.5819375558746349
254.0,0.12768011760428669,0.2398354559109174,0.32627224427430523,0.14863062784350747,0.5745349383307982
254.05,0.11955370842555445,0.225693144337916,0.3308594529839207,0.15345265778174327,0.583806842532707
254.10000000000002,0.11586241764133182,0.22026410810120184,0.3363102246402657,0.15364134445622793,0.5876237337294362
254.15,0.11030583537097496,0.2251698323584798,0.337492229948563,0.15764946417628922,0.5985836410267936
254.20000000000002,0.10569921349689392,0.22543168908150002,0.34646310122429547,0.15736075299903443,0.6072278032566889
254.25,0.09888164119985164,0.22622232155191344,0.344391216685893,0.15068966741626844,0.6204708724342568
254.3,0.0924796396441552,0.2501722547499225,0.3447065583346363,0.16390445308007787,0.6173266778928321
254.35000000000002,0.09044117076492122,0.2575919712692917,0.3493636444532258,0.16450923768283016,0.6167913618281144
254.4,0.08164638772391508,0.26604146535156403,0.3605126637705835,0.16472335819155876,0.6185991422475778
254.45000000000002,0.07673382196059193,0.2665901738888507,0.36258883232711786,0.1650658049021622,0.6213441959884342
254.5,0.06668138653932915,0.2730757843807487,0.354816510133268,0.1635427726008232,0.6146116882266532
254.55,0.06306058624088191,0.26562783878757407,0.33315683085481074,0.1693609429571107,0.6039357048386865
254.60000000000002,0.05224078196814253,0.2526195224365846,0.31137530865012103,0.1659570998757764,0.5829456474138904
254.65,0.04637629289012443,0.2362278319127389,0.29442460115734675,0.13598348516795772,0.5634605967216222
254.70000000000002,0.04201639763685518,0.217879737073462,0.2873869334394254,0.11407513099584317,0.5241456961697148
254.75,0.03573998661357316,0.22027054411077326,0.2874698521130123,0.08489795182319831,0.5150595038621997
254.8,0.035538746097497596,0.20252359569537748,0.28447252209105717,0.09915458052298949,0.5148017117257375
254.85000000000002,0.03719449333315605,0.21221966552619317,0.2772315579796221,0.07712369106496264,0.5122095587518575
254.9,0.03360618099801449,0.20706665199773588,0.2676814181566969,0.06768551705092872,0.5135522653634316
254.95000000000002,0.03349604631195164,0.20248368094766664,0.25219401796205837,0.06759997456279122,0.5164507477901448
255.0,0.039479894038628276,0.1844206009776296,0.2373675277323113,0.05614581428989774,0.5115444613147702
255.05,0.053327178158499626,0.19867958120446866,0.22392582994949342,0.03861761930665358,0.5055064930552579
255.10000000000002,0.05031461421556655,0.19861107540763473,0.21149715364469077,0.028447503327435404,0.4766238239047089
255.15,0.062135810720212147,0.20207837194892364,0.2083344189524097,0.02070606185343262,0.4678689288457791
255.20000000000002,0.06668840471096261,0.18986778834661472,0.2111262477015264,0.00956980282575618,0.4611946474872162
255.25,0.07446235052794464,0.19838867202397056,0.20855004609007935,0.009722929897497018,0.45724409915018677
255.3,0.06502278553788864,0.20001910565956368,0.20155233135846642,0.005227316103631953,0.45139112134455833
255.35000000000002,0.059208572524573816,0.20266673714895972,0.19475563386612216,0.020126534693316378,0.43827814093247297
255.4,0.05494632604704352,0.20860761691590043,0.18852837151060084,0.040886931513421584,0.4284785273250378
255.45000000000002,0.06069707695932259,0.19799122203359473,0.17720905782948382,0.01792863431695036,0.43253183873916684
255.5,0.053793840762007036,0.19713017189064946,0.16316432936731445,0.015255516396365812,0.4264321161139352
255.55,0.04352640352546896,0.18944693802913412,0.15097760029043444,0.013390851107046372,0.41101834648527225
255.60000000000002,0.03785889697331251,0.186099669975904,0.14049474706539294,0.013108697442305091,0.4037858082042526
255.65,0.0301224262451147,0.18984563634466492,0.1342471656908085,0.021302439541102853,0.3864978975153407
255.70000000000002,0.021545884107139705,0.18811524205607222,0.12574188669466085,0.015159227661124404,0.39221111684920534
255.75,0.02274066221820891,0.17396763887267602,0.11637718917904666,0.016170954061443872,0.403804922163995
255.8,0.018309829227503596,0.17749279845178298,0.10725812759499981,0.017937249253040972,0.4021472470629804
255.85000000000002,0.020722654755671335,0.1762643478241834,0.09704189051463508,0.028876954552044733,0.406771525456505
255.9,0.014239744527143366,0.17950281214228597,0.09054924363841935,0.027864351938766935,0.40194604901922937
255.95000000000002,0.017184268827525894,0.19239694322207662,0.08393109790836434,0.04513832336836654,0.40649200494126586
256.0,0.016590302965979627,0.19263000870777455,0.07366930353606933,0.034290188247391044,0.40294020538578446
256.05,0.030251053031399956,0.1945097303225764,0.06016777156318907,0.042637797597534756,0.40077558462482266
256.1,0.04611721977368998,0.18831981266136108,0.05085357052589691,0.05010185116113263,0.39560746156441456
256.15000000000003,0.05590590672908573,0.2052582020720786,0.0383016569375157,0.0574155100098221,0.39011861319794044
256.2,0.044828671439361,0.21283414086319402,0.03193970852007062,0.06833115808954562,0.38139077862812193
256.25,0.054620589985483387,0.20942437732258892,0.025225911285579394,0.08516495670982588,0.3790982854491574
256.3,0.06392835721594442,0.20090768889093844,0.021998499119869053,0.08059376566224419,0.3787528925637131
256.35,0.0702539319698269,0.2051555088992092,0.021684021672796535,0.09697147636006126,0.38541657924024597
256.40000000000003,0.06793021635311393,0.21265594745765168,0.0265161572064554,0.09511117721735264,0.39269966436587167
256.45,0.08151290316522834,0.23041442376643567,0.030407165792494934,0.09858394809540888,0.3997412195989452
256.5,0.07997250942441711,0.22066447842081305,0.03565921067674278,0.10452415658771234,0.40816937395264313
256.55,0.08734486056711323,0.22475037535893788,0.03864141524471466,0.09705156529854832,0.4164181418869436
256.6,0.0762465301102282,0.21393977227783548,0.04363598775403142,0.08572200247617728,0.42409388341407944
256.65000000000003,0.08257132227128129,0.20863758059093743,0.045873384528015655,0.10991118975382218,0.42504536864322534
256.7,0.0807993020589325,0.21345382062428314,0.04906037964393037,0.10945725606032647,0.4414049439198356
256.75,0.0891645790264774,0.2261943161682481,0.05316447894391975,0.1118845640107981,0.4426485215770723
256.8,0.09301449409760046,0.219809840228017,0.05980640293411293,0.12114058362675147,0.4496489214160954
256.85,0.09774325895163753,0.22341898612881636,0.06724704318755537,0.11664375892324592,0.4621777830536131
256.90000000000003,0.10397906392024514,0.21677275646710345,0.07054238551275926,0.1077407860225029,0.4641832611632355
256.95,0.11118981628578982,0.21062692475256933,0.068883999948485,0.0917470111672683,0.47616268417470475
257.0,0.12370208582304297,0.21059472628727846,0.06837643886957928,0.08047813925312443,0.46458848467389885
257.05,0.1290507259604212,0.21406999714738092,0.07036675542730055,0.0811901332088725,0.46259030640945187
257.1,0.1341815829559284,0.21779226125386308,0.07003138494354672,0.0813728264941193,0.4703286662200865
257.15000000000003,0.13757223592529294,0.21690123546899107,0.06609299509840819,0.06987604765737872,0.4756961376592987
257.2,0.13874587538372227,0.2129011328099124,0.06388316564580904,0.07354952138846284,0.47868794083039945
257.25,0.13229247243845377,0.21868270414620122,0.05855514844003242,0.07517725178550641,0.48188148874537307
257.3,0.14117410623623394,0.210509629849672,0.05370711545258939,0.07592752250667673,0.4927314142577985
257.35,0.14695118549457414,0.21886295657236932,0.059510699249544684,0.05734792932999101,0.5039342794052929
257.40000000000003,0.1572212243119958,0.19464136988286618,0.05689835652931558,0.04910091001707566,0.5236206736732596
257.45,0.16828149987908586,0.18534840337926783,0.05954590834054251,0.03766990423990401,0.5043290362419406
257.5,0.16700314440633152,0.18403451642315144,0.056153508443642954,0.042223122209297,0.5020791775891995
257.55,0.15927452616654225,0.18494054266359586,0.05471305163289877,0.046631142988949326,0.4961458714759955
257.6,0.1621829044805485,0.18499665379015165,0.05218965377989928,0.04786734593386124,0.4922558615543694
257.65000000000003,0.16606894611679066,0.19144120560972977,0.05493577218693204,0.056827601143853594,0.49022769768356006
257.7,0.1667235256223816,0.18192408610909022,0.05707760038387918,0.0655712877084207,0.44669805918125893
257.75,0.17559384013376605,0.18096078467255736,0.06115582607290531,0.05976226470906731,0.3986309836584234
257.8,0.174008923240888,0.1909507309739968,0.06670776498724693,0.06359633969388113,0.35731710220589463
257.85,0.18683980912673082,0.19549533030484445,0.07617225663316018,0.07770120168730116,0.33014958990206256
257.90000000000003,0.1912625691417113,0.21305477892081678,0.08485389572262003,0.07181111836896682,0.2713054408943669
257.95,0.18777864278041506,0.22428974574078117,0.09012291726896593,0.07343289581532472,0.26410873210802194
258.0,0.1888930047624928,0.22232873325613317,0.09043109593812264,0.095686166511749,0.28341606341759196
258.05,0.1910623595076384,0.22942424199653946,0.09271122153704137,0.1094904545288754,0.2727468233986147
258.1,0.19097406827060392,0.23753591492761744,0.09936074441401918,0.12280694153278625,0.27737611716145943
258.15000000000003,0.1930585900114889,0.24158430218874072,0.10801772765608587,0.11089720240012034,0.2704800704739617
258.2,0.19867688186690524,0.23735771226524885,0.11904182331411166,0.10953815592794672,0.27065192509415714
258.25,0.21121952805598104,0.23666102440411127,0.12470357312805644,0.11715364961740991,0.26326667073875737
258.3,0.21769015040191725,0.23449198678357203,0.1406919995217337,0.10468309681582223,0.2617343261044098
258.35,0.22310734781570118,0.23498595038211523,0.1566153515480377,0.09994141870215846,0.2563809423502969
258.40000000000003,0.2383875931035785,0.2269920432499987,0.16690941111992996,0.08997990159630742,0.23017336514373848
258.45,0.2471257140690207,0.22407338007019975,0.16930244603819572,0.0882151071948904,0.2328728577378685
258.5,0.24366154951420557,0.21791606516644693,0.17775435162910944,0.08419478260841583,0.19848268498596286
258.55,0.24127910505510075,0.2152132244197035,0.17498991103942144,0.08871852374180089,0.19041975394946092
258.6,0.25157417878105504,0.2195030468597359,0.18304009962138268,0.07334512030118634,0.2041176270713384
258.65000000000003,0.2483179920686602,0.2086516176663316,0.18985635813594473,0.07782895592293716,0.2082225225124905
258.7,0.24943233382972485,0.20625282449172191,0.1966601478127305,0.07705531647634528,0.18887229448250661
258.75,0.25334064171274806,0.20798524912653835,0.19720512128326995,0.07497097193994709,0.18635425864765062
258.8,0.25455552152527555,0.20709968140663973,0.20407640972945026,0.08107190358564006,0.17974180022580324
258.85,0.2548940661204372,0.20798309398327078,0.21002944317441274,0.08027173481710283,0.183330813568545
258.90000000000003,0.251625572032576,0.2045272840948812,0.20046737196658931,0.08795788238700131,0.18556282027229515
258.95,0.24360438695303283,0.2018135411009283,0.190708449869936,0.08761585600353868,0.1991703924493918
259.0,0.253371669702549,0.19745295987134515,0.20054638019323492,0.0763366647775196,0.21062126717350144
259.05,0.260288595996041,0.20262325545948148,0.20267645346758403,0.06890314800323387,0.20896352069089136
259.1,0.271306058299729,0.1967488759171506,0.19850149054930596,0.07350500968322486,0.2039726145413618
259.15000000000003,0.27335829725215144,0.18995416622302622,0.206959642606219,0.06284390081533527,0.2159269665488004
259.2,0.2853551164769533,0.1878811219168107,0.2042457357057573,0.07407536805130589,0.2382392596161234
259.25,0.28837408307593365,0.17684646965153847,0.19351599348310106,0.081383645553851,0.2724539146459305
259.3,0.2831861290718002,0.17822289682561654,0.1884640838654794,0.061545834640244254,0.2787097060863575
259.35,0.28454397939665993,0.1748474306131992,0.18338571852800553,0.055432883086795566,0.24914281023435983
259.40000000000003,0.2754482946447299,0.17394195572898905,0.18064338489561643,0.034270929461441835,0.2536109784719084
259.45,0.2692386393248795,0.17513277856687584,0.1865342875163618,0.0535527698765806,0.25119636816836316
259.5,0.26920929578116326,0.1854257970860537,0.17951623396609517,0.06861080967112423,0.25382656264834097
259.55,0.2605111074128155,0.17945399769581924,0.17266914982982975,0.06811018610878065,0.2599598514313463
259.6,0.24693050567455668,0.1829097317412282,0.15404568747723704,0.058835554596193246,0.2821723774277973
259.65000000000003,0.23847189073116531,0.19210604368174986,0.1259478465867481,0.049334370430962365,0.28768125173379044
259.7,0.23057619407278204,0.17793659649444543,0.10804934418328434,0.033671876354844706,0.3045359929784483
259.75,0.22337300075511823,0.15773060927012955,0.10967397275732715,0.03954354081399942,0.3390763900825986
259.8,0.198736306194432,0.14267204197173908,0.10795622289812111,0.03238568107760655,0.34681734475123543
259.85,0.1938794812589629,0.1363219965377154,0.11347233897475001,0.04363515748512213,0.33800501041150266
259.90000000000003,0.1871240408073649,0.14607500054502826,0.13031718922265517,0.04245114995853148,0.3402121176481924
259.95,0.18421882292723266,0.15013139361102693,0.13361185173255832,0.03936435962585717,0.34017818638963826
260.0,0.1773598251192371,0.15937587099106176,0.14282943637691395,0.03485161162625917,0.33517554944178035
260.05,0.16475590011668728,0.16062577067145814,0.14773014886117666,0.04172573021078597,0.3385153760766284
260.1,0.1494239182935457,0.17432617557553695,0.15732805435406155,0.057377344790320195,0.32916934312830004
260.15000000000003,0.13407595571791484,0.17617593531000633,0.1693430147637272,0.0626615771850483,0.32993483725683115
260.2,0.11745182731913781,0.17569844335239623,0.173774945982714,0.06058603351909176,0.3217544269560527
260.25,0.10279106344370861,0.1799729062183982,0.16566343944399553,0.06886223610655684,0.3154653726350692
260.3,0.08510504131334885,0.18115455704650366,0.16902497337395597,0.06964029063919921,0.3134728152714534
260.35,0.06707984595382893,0.1914406425096253,0.15760404056700064,0.09694682248762743,0.3242605645253913
260.40000000000003,0.05562354104008478,0.19138470241330321,0.12835590721127152,0.11275940250772648,0.3401804069619951
260.45,0.043646554682467684,0.17783079213197905,0.09941333713758689,0.10704156054837283,0.37071721863780976
260.5,0.03740960380861891,0.16654556604813128,0.08144040340312703,0.10126689106678062,0.36491802079235436
260.55,0.03435886034104877,0.16066403959316503,0.08033039267092042,0.08803915259329169,0.3762080327787213
260.6,0.024614038052973648,0.1508472726566276,0.07353346099999718,0.09906856653883453,0.38874341406487
260.65000000000003,0.01224043176222869,0.1501782817402302,0.0666112507802552,0.09030657213689904,0.40231345668331553
260.7,0.010877538453037182,0.14808526459756077,0.057309562226210184,0.09982509512659798,0.42912717436709213
260.75,0.014077158829490316,0.13127346045196073,0.056645965033343716,0.10369254779639182,0.43903624534705765
260.8,0.018736520288147703,0.14503516987614984,0.05491028272466681,0.09272455895580406,0.421174580650747
260.85,0.03488396889292069,0.16003099930884981,0.04948281934351734,0.09936741450917042,0.4223656533396533
260.90000000000003,0.03834855780548848,0.14100385634159437,0.05544601597046283,0.10830011102299486,0.43338021650339886
260.95,0.03925371559676676,0.12650380300889297,0.0553625620399242,0.10288365923206769,0.4440994310099418
261.0,0.04679866526463375,0.12099082833158466,0.05774638803789642,0.12531225230499204,0.465783710377844
261.05,0.0559508377230603,0.11799485597435522,0.07025091811752515,0.12827073974193395,0.49427977178141014
261.1,0.06098876796075758,0.11835478215587494,0.07462047973951126,0.13934233921402325,0.478175415287194
261.15000000000003,0.0701085980649081,0.121826076159261,0.07942566015479219,0.12628185844642326,0.47645187771828557
261.2,0.0706818695459062,0.10764507654846897,0.0856607151823099,0.11800715389761186,0.4836153537883339
261.25,0.07018859807462144,0.12472785677061017,0.09290671088072806,0.1172652631076409,0.49646264796918654
261.3,0.06605341006826602,0.14637019281869712,0.09822677755650715,0.11631118839649919,0.5150643042107883
261.35,0.06571502481517777,0.15691467340061568,0.10191405297617522,0.11420399037494425,0.5063625298945288
261.40000000000003,0.07503913894468224,0.16666084887801752,0.10341957439056879,0.12314925934094567,0.49568864185401074
261.45,0.07250184887791498,0.1605787515863276,0.1077925631777977,0.11860197264087127,0.44385653015427984
261.5,0.07139326130824072,0.1593132017970039,0.1262855666230781,0.12778404062874946,0.4340821649982051
261.55,0.0779635359852798,0.15013892791678315,0.13664511380641464,0.14120101561094608,0.44473769949976505
261.6,0.07996081030789784,0.14244249942715612,0.15408528320890674,0.16927449454382873,0.45106319626226954
261.65000000000003,0.08312456812065566,0.13515574919698917,0.16617496888596633,0.16678891101089646,0.46342380812486805
261.7,0.08224774681100644,0.13686613940307998,0.17625212469614984,0.17689778487621063,0.484289515105074
261.75,0.08377857151594555,0.13719886737976322,0.18018256459471446,0.1878987149770205,0.49888719315247126
261.8,0.08972281322520259,0.1432945054726484,0.1850627874726643,0.1836273315843569,0.5248994691927584
261.85,0.08921738944042344,0.13631738523953815,0.19216817216689364,0.16727540389244358,0.528082559654966
261.90000000000003,0.0810177940320738,0.13727492101761005,0.19783493301615168,0.13583638386480557,0.5483524174511797
261.95,0.08644185067754169,0.1373024798461856,0.20300656091186806,0.11953757101951182,0.5591731268358191
262.0,0.08174516996429906,0.14721599123705184,0.2069700844261869,0.10953584649599182,0.5820136841918021
262.05,0.07559541738120974,0.14264740328185657,0.21829901457609288,0.08401650481656293,0.585958140764506
262.1,0.07986096740279082,0.15173795562541667,0.22478965694148134,0.07606961666999983,0.5816453683097444
262.15000000000003,0.08873275873108817,0.1413603109971354,0.22873829960862715,0.060405475246472974,0.5767205926805034
262.2,0.10116946931949547,0.14334672386834707,0.2449074932800997,0.07296459156388799,0.5888297598012512
262.25,0.10534238639920271,0.1486560450927923,0.25340693945283,0.08031449495061133,0.5791338708979537
262.3,0.10890851264108353,0.15956169689811162,0.26455620135224306,0.06311074962919712,0.5437758850261442
262.35,0.1144938603681092,0.16017492629591634,0.26476177925710215,0.06478560567270115,0.5407215532281977
262.40000000000003,0.12127714351780816,0.1737376891779444,0.27750428634632474,0.0518705587345502,0.5519176880196487
262.45,0.12769726931681677,0.1656841207332538,0.2845912407312719,0.04787099510034596,0.5516403284177741
262.5,0.13102824146795583,0.1736527855622387,0.2900750096564282,0.039828267274931974,0.5472895049338509
262.55,0.13403229106066386,0.17488568203264823,0.30223003590198916,0.04714126951784928,0.567131917091439
262.6,0.1427711257591421,0.17140740484957542,0.3070366944200172,0.04732960164214173,0.5690253490740863
262.65000000000003,0.15167751429038703,0.1646561438356383,0.3052415953002135,0.047544447754434574,0.5886244503352629
262.7,0.15605914381633307,0.17205287854874513,0.3038898017386308,0.049084198980857856,0.6180265173545414
262.75,0.16707052058001684,0.1744087760650384,0.30397013161100267,0.05433201616446867,0.6308226443444122
262.8,0.17002056787114167,0.1862901066619225,0.3079271352415062,0.05267949463330744,0.6447903792827707
262.85,0.17270651737734496,0.1885829183622051,0.3102640044202498,0.0484160014045012,0.6478583730477755
262.90000000000003,0.17373154824250067,0.1822388210081516,0.31232544097903997,0.054642540476093994,0.6610496697225899
262.95,0.17863957583471402,0.17643020373182633,0.3083398024742431,0.048706545606546504,0.6639255603929132
263.0,0.18358116104362482,0.16617515844737735,0.31287662086808776,0.06589865512162296,0.6709402321330151
263.05,0.18541157332276334,0.1528464142922024,0.3146674111203968,0.06898354716384188,0.6719553477449102
263.1,0.1791504440238637,0.1347511719644491,0.3257596617820656,0.07112380396991494,0.6597233209488806
263.15000000000003,0.1740786393740861,0.13252921922854483,0.3345970428923633,0.09045478497959142,0.6470300135905336
263.2,0.17176757227581385,0.12864273190245298,0.34239571393602397,0.11242425898334883,0.6423289794539767
263.25,0.17021480074259973,0.12422894775195328,0.3435460398043649,0.13206535899935345,0.6425768030717575
263.3,0.16398123131813364,0.12574367510545317,0.3554067638297195,0.14516777440632217,0.6436350930422153
263.35,0.15161233734998844,0.12167035760025512,0.35285378002023093,0.16697147257877792,0.6459995607541678
263.40000000000003,0.1452820687848803,0.11117217818276873,0.34676115198557544,0.18763586392976356,0.6458637174415944
263.45,0.14551387153314546,0.10700008077643097,0.35029158238408,0.20376801651193557,0.6492396650662691
263.5,0.14586886233897983,0.10559497507690092,0.35530333178137785,0.2176998941875646,0.6580529679187318
263.55,0.14504434318305037,0.09950547612588845,0.3494204372261588,0.21847749436959552,0.6565318578356083
263.6,0.1508034718357136,0.10681224122870946,0.3447469870363517,0.2215221516619537,0.654152097210523
263.65000000000003,0.15728072860424683,0.10799271817273313,0.3386109382524215,0.2364173494284206,0.6509530896792822
263.7,0.15927752349370905,0.10244468942434043,0.3277139997819992,0.23000506583816288,0.654017008068117
263.75,0.1614867932770434,0.10051801150949548,0.3263988855277505,0.23028408624377736,0.6559371786288886
263.8,0.15923322358477673,0.09215472101147544,0.31763400720043833,0.2345999715003397,0.6661524462017643
263.85,0.15651397813362297,0.07989734656218063,0.3001549963367804,0.2299767596419742,0.6577819888563949
263.90000000000003,0.15856634563221975,0.07258185944173486,0.29640047283169735,0.23245435807288709,0.6554890913886767
263.95,0.15917183193391404,0.06534175980074013,0.29567092395023226,0.23105390292122488,0.6439321910834294
264.0,0.15865315559109372,0.0483895211088466,0.29478741860213864,0.226596030530487,0.6354222022136737
264.05,0.15954136225883095,0.042371501868401065,0.2926879569418399,0.23151621726304517,0.6392895477899119
264.1,0.15812473481805153,0.044516999579256956,0.2928182652415831,0.259251148292983,0.6317224049808451
264.15000000000003,0.15777895093816816,0.03794447943762786,0.3004833939677611,0.2765953396512677,0.6305475901388133
264.2,0.15402393285749505,0.04989796120394738,0.2949606994399951,0.2998990975573792,0.6348739862978435
264.25,0.15115209004663174,0.06332206882056077,0.2854621057134357,0.3059834749182684,0.637795641528624
264.3,0.15201210951317076,0.07018662024527995,0.2779379347713421,0.32229340164722564,0.6476855952242249
264.35,0.15726092150046594,0.07616854333959167,0.2817036621850565,0.32915364390424345,0.6383592340926705
264.40000000000003,0.16249292469150767,0.08249042380236499,0.2666258378567072,0.3433359955760113,0.6466726584446583
264.45,0.16586926309679917,0.07244166765552804,0.25379025222831775,0.3496906810933364,0.6414978538721108
264.5,0.17519711546883052,0.07422580271909246,0.2245274827991782,0.34205800043175055,0.6382013925023537
264.55,0.178328460486251,0.07862260301795931,0.21480863031819658,0.3460945879847676,0.6219231785376639
264.6,0.17924547388963524,0.08408189864794414,0.21198462072047441,0.3380398619864319,0.6092754331074643
264.65000000000003,0.17927528191193612,0.08688155394430215,0.2035348922706535,0.3326637687866998,0.5895466595556776
264.7,0.18107457943627153,0.09714470714996658,0.2049763525922987,0.33521866354008795,0.5760630190783758
264.75,0.1817271231394288,0.09500328932031547,0.20564908324901998,0.3414641171777211,0.5654922074887121
264.8,0.18455328473983204,0.09339812018294603,0.20052104722682593,0.33436921837767936,0.5665778606311893
264.85,0.1767851073593723,0.09697904320697746,0.18305660711993837,0.3322060748323322,0.5673848533391201
264.90000000000003,0.16638425528818324,0.09890514741684134,0.16722380098073572,0.333499930318854,0.5629673237278481
264.95,0.16319313182555586,0.10276141049232695,0.16907731677282317,0.33734243415130466,0.5519871238861684
265.0,0.1651823859945656,0.10454667081181893,0.15957938216230422,0.34384801779620283,0.5504175758454554
265.05,0.1777119049664163,0.11329953134882584,0.14537776150762544,0.35321185393327176,0.5424023533017275
265.1,0.1907840278894706,0.12444050469675938,0.12049588350421447,0.35846001674452177,0.5423733943491488
265.15000000000003,0.1930266540558693,0.1473815826862964,0.11615975585820985,0.3690316373147494,0.5321258314948006
265.2,0.2054330990463706,0.1487158839703946,0.1070878843066765,0.3754431300684335,0.5173158898593114
265.25,0.22174704878446455,0.14963473386176995,0.10373071089706794,0.37274008397449004,0.5158048766776321
265.3,0.2309104430448786,0.16336362075555055,0.09971715565334778,0.37717697086820495,0.5031962181707904
265.35,0.23029426537146594,0.16900108700463698,0.09582694257254586,0.3948795932014531,0.497945251916426
265.40000000000003,0.24045127168112312,0.1894861694331083,0.09000991936507212,0.4091646063293074,0.4909793984450676
265.45,0.2527857893814487,0.20224095101181583,0.08743170525527558,0.430247766717169,0.4689528128059485
265.5,0.24966008065623238,0.21511210817177673,0.08113493568102988,0.45426748035411363,0.4565847517413098
265.55,0.23895471120547812,0.2133407088331645,0.07953563216305311,0.4579460018036509,0.46044002459350597
265.6,0.2353281084572768,0.21702273549653744,0.08403547455891112,0.4432841832153507,0.4588638737655333
265.65000000000003,0.2345246934589281,0.21483934250443243,0.08368630419134249,0.44106911425725187,0.4535877804182501
265.7,0.23016454391503696,0.21158615342361403,0.09118754436642955,0.44244270031778343,0.44479775908677566
265.75,0.22726364480064495,0.21041215509309857,0.07198492837418557,0.45375623332361303,0.44774470151200485
265.8,0.22264861066648262,0.21169209263405,0.06931254457354781,0.4327141435328071,0.45946132984537824
265.85,0.2254712911158788,0.2027416017702642,0.06203560049389694,0.421620151125957,0.4657711570931646
265.90000000000003,0.22497728430311967,0.19755684848557353,0.06488111892212359,0.4306984218032191,0.4701879038319948
265.95,0.21440090503748097,0.1883666586282687,0.0581783691823926,0.4355262724159393,0.4631513644515347
266.0,0.20374440723560955,0.184537215123989,0.06498191167803775,0.44311459574321593,0.4711510242578037
266.05,0.182108676426586,0.1866507681690135,0.06001075506993145,0.43141623105590765,0.4841691397517275
266.1,0.16957556654081202,0.18442770622413157,0.06296853851980354,0.3965900083448849,0.4861479971486394
266.15000000000003,0.1646397643352706,0.1688558092559128,0.085928183566765,0.40357085774254536,0.47727742828414377
266.2,0.16795226527293936,0.1729522828086042,0.0964775733033283,0.4034415402116126,0.4790014024434907
266.25,0.16296822040595998,0.1689323419422323,0.09800022938720085,0.40498287080647377,0.45270316023820234
266.3,0.16165525765607877,0.1619880790974512,0.10231351142081052,0.39495127892218884,0.4547695228757962
266.35,0.15938073868778002,0.16412459558735235,0.0967121494980713,0.37306019743094226,0.4576978479820804
266.40000000000003,0.1486839243443348,0.16053618869131245,0.11548438105579496,0.35244589887922734,0.47616203998675627
266.45,0.15241881565126397,0.1535822422876788,0.10804109759951458,0.34924356026551545,0.47532008833807593
266.5,0.14505135755464763,0.15160797401432205,0.11798746195410319,0.33554476411455914,0.4948743096614004
266.55,0.13964736231182898,0.14507946539341965,0.12345910293466297,0.3567585205550485,0.4743370482527249
266.6,0.12918229075412915,0.14564336056127358,0.14024229832324106,0.3677404424272597,0.4619016642122441
266.65000000000003,0.1237118726790253,0.15149503018881566,0.14418807539949507,0.3616826850331361,0.41471237096720176
266.7,0.11096802660216261,0.14550303560944536,0.15258740933727977,0.36156163682362763,0.38846268460852096
266.75,0.10182852006556253,0.1464903983039638,0.16406771269372578,0.3708195844226614,0.3557669471649597
266.8,0.091566395494297,0.15051516118718772,0.17016737492682787,0.37473200632102444,0.33435740406553305
266.85,0.0877898826753047,0.14861247874200673,0.17579896108349308,0.37537429986224785,0.3250962936356566
266.90000000000003,0.08617541235209167,0.151623959970954,0.18864161752421438,0.36807505094569287,0.319385621521026
266.95,0.08833815409585155,0.1520332473794501,0.19285992005527727,0.35292532034888824,0.3312405202384758
267.0,0.08937462930042962,0.15392015462706052,0.19690002337150875,0.3510084830858336,0.3254003994949208
267.05,0.0860675264442271,0.1505008527183893,0.19976678591521663,0.344577136449131,0.34821035147594814
267.1,0.08525486663282027,0.1433539523801429,0.21086022282602626,0.3442581112315749,0.367505875791342
267.15000000000003,0.08320987806813412,0.13990157348408772,0.2154088250113224,0.34617847481925473,0.3598316447248239
267.2,0.08016001945144832,0.14218313274302316,0.21779781814069776,0.3505280688170755,0.3549118390882435
267.25,0.08879859426348385,0.14659864154719088,0.2283899957023512,0.3609577432712236,0.35481776266793147
267.3,0.0865500740462555,0.14456706608347616,0.2377108466581812,0.3554482189451677,0.3594533391677453
267.35,0.08568768576891816,0.14829948449205746,0.25185253143948855,0.35952066528605403,0.35553837176543435
267.40000000000003,0.08505862936124221,0.14088192844252548,0.26035225823004093,0.37048724837085173,0.3228107668907225
267.45,0.08474881519877932,0.14038857998717344,0.2672831103320233,0.3701199401990162,0.3205568106693071
267.5,0.0756634667442137,0.13975371984869067,0.2760757210754427,0.37173198456674206,0.30357368946808966
267.55,0.0748573329454993,0.1448707697650957,0.29012076446335194,0.38475890184568223,0.28490201117462566
267.6,0.07499398170355788,0.14510454699628716,0.29908217550732136,0.39433528506225224,0.25662031401549784
267.65000000000003,0.0861632060128927,0.15706725971353186,0.3093516333587871,0.3840182695123241,0.261768483006741
267.7,0.09337816878043491,0.16329649726871195,0.3190240384567915,0.3914340386464436,0.2349485661967773
267.75,0.09388297621331457,0.19589114919294287,0.32920495128974636,0.3946415469100324,0.2068454989635028
267.8,0.0942752562918574,0.21105987253508374,0.34419403911392227,0.3986313506959832,0.18466726173899256
267.85,0.10405092010264658,0.2165380846358915,0.3503428565350544,0.39781300538962877,0.17626149534852578
267.90000000000003,0.11432207935804324,0.23277006992257637,0.3614288436224127,0.41704486457357354,0.16555408655586237
267.95,0.1233768427843756,0.2545512253283895,0.3654846562974331,0.42440217620249876,0.17368246690512
268.0,0.1340649224272525,0.2585958660673819,0.3579346132317834,0.42988849675668195,0.19229694154892793
268.05,0.13510070271185212,0.2629890843681578,0.34543296786044647,0.4192670097327383,0.21663027068808519
268.1,0.13112175075761107,0.2721967774205798,0.3296352339804264,0.4049179515724763,0.2519073615401396
268.15000000000003,0.1333542450352014,0.26815744006686915,0.3170685432103741,0.4149160088693808,0.25374533226980694
268.2,0.13867802491930523,0.2767994125792017,0.31449789584497606,0.3981616128371381,0.263664591736484
268.25,0.13937169791174833,0.2756944529495076,0.3079927915708009,0.38090042692584397,0.254119802501334
268.3,0.13618232046737505,0.2597488296648527,0.3120190315089265,0.3573865920699863,0.2565053006724033
268.35,0.13380659649671567,0.25525385040225124,0.31514572661797535,0.34516977719920017,0.25285151684519047
268.40000000000003,0.1317686037515188,0.2556440681661289,0.31416409064708045,0.34006623090914584,0.23898057908055859
268.45,0.12803643260331413,0.24586440066814344,0.30541917636641197,0.3428168853722095,0.24532700946863464
268.5,0.12262001391819125,0.22807180160093318,0.2851491847833583,0.3483043562404066,0.27726848014634226
268.55,0.11931701648860871,0.22306493561155705,0.271078089920944,0.3257265953776343,0.31952749767553323
268.6,0.11928657328303174,0.21979409816150872,0.2551844529878503,0.2996468373141305,0.3214555734267009
268.65000000000003,0.12777058460638652,0.21166867829229377,0.24223502870343439,0.2836870887136335,0.3168587007479184
268.7,0.1279607802301765,0.1931490859132747,0.23286433743718965,0.2602946720722001,0.31940311629086626
268.75,0.12356470238960965,0.1923919757947397,0.22491039819492084,0.23955691068421642,0.3110919941123684
268.8,0.11715352031991814,0.19643333429650298,0.22132483993241256,0.2201846691665979,0.3171212979139047
268.85,0.11062578929713741,0.19867428989243754,0.210083004632187,0.2062457807655655,0.31657536017427174
268.90000000000003,0.10703788110058454,0.2024072116648525,0.19934559779349845,0.18752645654915992,0.3424807797123377
268.95,0.10442024077000826,0.20763310037645782,0.19622471196821123,0.16076573744003791,0.35496472708840693
269.0,0.10053723072883712,0.21191737258788984,0.20042824566461828,0.15564483014088787,0.3699485977203317
269.05,0.1015335683789519,0.21514501630452224,0.18770695745018381,0.1340696679927674,0.3844826383752667
269.1,0.1033805588893753,0.21658857048870692,0.19360571801226276,0.13319813283530485,0.3936572797343339
269.15000000000003,0.10540217637356951,0.22559057932594848,0.2046656402392154,0.12374942214527535,0.3999556594553102
269.2,0.1184002767356413,0.23151534030874285,0.2153210693131395,0.12544788819076752,0.39679751251907946
269.25,0.12231440441196754,0.2404804263881963,0.20286143399667048,0.1224572067138551,0.39493389552063074
269.3,0.12509471054693927,0.24005921962451796,0.19414976136861567,0.11320538565142199,0.4032771666166995
269.35,0.12076678626554886,0.23873447744126294,0.20221163888719063,0.11545976453300183,0.40916810377206386
269.40000000000003,0.1099343141653435,0.24578036460735017,0.1976500043087591,0.13580569221879368,0.41089924894250085
269.45,0.10262414698450366,0.24809243800510983,0.18602963485143817,0.1184167423425651,0.4146929270089302
269.5,0.09452906278744334,0.2494663572864089,0.1812152158206306,0.09306120660412145,0.42342331735641103
269.55,0.08735367438553995,0.24728876718252615,0.1884679845649338,0.07769454258833576,0.44905006502640354
269.6,0.09270821052798894,0.2539736986544844,0.18996990208748749,0.09079648830196473,0.4550443285764276
269.65000000000003,0.10317678418232576,0.2661069620875917,0.18721358564564952,0.10000502622933768,0.45991100153697934
269.7,0.1074688014996229,0.2676351747840074,0.19532574550735712,0.07640164835528587,0.47027283158197175
269.75,0.11280044587120615,0.26924018020095863,0.20242905458617771,0.07421309641323683,0.4856339738570485
269.8,0.11698919926202267,0.26510542160893946,0.20822719568196457,0.08118330391689399,0.4958406325877178
269.85,0.11998175838766471,0.26747648929382706,0.2140732820992445,0.06844323963554559,0.510112572285689
269.90000000000003,0.12915388857491683,0.27511036369876307,0.2134710017163927,0.06408917446212094,0.5178224381827627
269.95,0.13199793505968638,0.2767645315430368,0.22462577518428978,0.057234408175904604,0.5256025683280691
270.0,0.13196775667376417,0.28385425880748444,0.22554511579915837,0.06043165556267662,0.5162487333819195
270.05,0.13908978133686611,0.2973485337820304,0.23711205322376397,0.05089101219254818,0.5259900921720326
270.1,0.1423648661002425,0.3012277410689902,0.24383408289843686,0.05122041277080475,0.5143764709209904
270.15000000000003,0.14944678454102034,0.2994133348642553,0.2400457980913484,0.05938765771235089,0.5267949188145363
270.2,0.14670196471226207,0.29972941372985795,0.24800854762051056,0.06367323243376878,0.5267343813840741
270.25,0.14929822584064306,0.30882929276061216,0.2566806753931586,0.06172049976882827,0.5344732592113977
270.3,0.15507019990440787,0.30968935828617444,0.25701478800188526,0.07472508265872865,0.5418357506248407
270.35,0.1517054262759177,0.30694106712908037,0.2692501490575637,0.07892237774008333,0.5396416492241043
270.40000000000003,0.16145361919029233,0.30261494056224747,0.27651924418392637,0.0673496461468956,0.5384472685357227
270.45,0.16539392279165396,0.29218258877034153,0.28395091837074904,0.05865125527960091,0.5543528610773343
270.5,0.17399123295929642,0.2782843825113873,0.2939175593813745,0.05393019308183536,0.5632153495685113
270.55,0.17873899921843894,0.2574965004608353,0.2984312285913918,0.06092956236873923,0.5722876516484935
270.6,0.18300148724552293,0.24794872959067457,0.2892200501387737,0.06102815141216912,0.5622710507527057
270.65000000000003,0.1833290529513805,0.25592926183116904,0.29137027766595364,0.0538606862601281,0.5653727271447775
270.7,0.18924400884458698,0.24925719425540066,0.3024774206080412,0.05483666226614183,0.5746442176714708
270.75,0.19783267227643844,0.24270998071541414,0.3177716251306047,0.05624485822219339,0.564382523016801
270.8,0.2129100427195748,0.22937212413872857,0.32463443175763634,0.062122362119006215,0.5437169419950576
270.85,0.2128986517231697,0.21127604505458958,0.3200710391842138,0.07269084546790795,0.5384582714895795
270.90000000000003,0.22495762163231844,0.21009490411939022,0.318598551907955,0.06662006244995042,0.5356317830179954
270.95,0.2309746670547957,0.20317288982709247,0.33419532258904555,0.059828691112998024,0.5646564730260536
271.0,0.22865583797759742,0.20238512826059823,0.3396388918643696,0.056990168417712636,0.5725804527586454
271.05,0.23082254600101332,0.21211556475500637,0.3484381432483337,0.05165075823464283,0.5903557832822084
271.1,0.23995706204504724,0.2143251768128277,0.35761900201482255,0.04504286302639732,0.5976473815356892
271.15000000000003,0.23576145344315064,0.20364271554103394,0.35478749659526915,0.0386631067443282,0.6000714099580784
271.2,0.23895758012188392,0.20763972249294355,0.3657421962870825,0.033408755078562856,0.6068897819762266
271.25,0.24364383781494894,0.20073977106387997,0.3712768737043601,0.0279488784308697,0.62461195714808
271.3,0.24888811012811007,0.20016357683951122,0.38429536112726254,0.03639587863438189,0.6142705790230188
271.35,0.25307377466299374,0.19632946372220342,0.39139260518429114,0.029708786156262115,0.611219078208889
271.40000000000003,0.25330309790019495,0.18602040380145043,0.3977289001022006,0.025454229563356606,0.5903874174428978
271.45,0.2591035893931171,0.16667269572932847,0.40391097851356256,0.050682728237456606,0.5930196206029112
271.5,0.2496574129493757,0.15426978747325,0.40840809021971053,0.06509788331355433,0.5885990088213382
271.55,0.25505499643329993,0.15577236515946008,0.41717305726961285,0.05453286433109323,0.5690494013249869
271.6,0.2542875710457039,0.1454567069520123,0.41961912841745386,0.07349684850980254,0.5661543901044981
271.65000000000003,0.2587874254425554,0.14036411254825296,0.42229720659792747,0.07916968341693023,0.5564080845222448
271.7,0.2526837083258529,0.13924864400547934,0.4280118882769761,0.07715651503496061,0.5575890519814282
271.75,0.25204394000953234,0.1380539550100682,0.4352316193630748,0.07320036734537139,0.5649426463017262
271.8,0.25723207679949767,0.13395021749066857,0.4394450457467746,0.07823030521343746,0.5723330342493153
271.85,0.2567821281520796,0.13589879041599667,0.4409558104807636,0.08842177729570558,0.5724262321814394
271.90000000000003,0.261950967604863,0.13475041041047958,0.4402700115830259,0.09396628164639079,0.5612249166724534
271.95,0.26799985407493093,0.12922710794378087,0.4450610058373824,0.0969361700336475,0.5480672549625193
272.0,0.2684026327059156,0.12740518876650403,0.45924846626451654,0.11006473752626475,0.5556075430411918
272.05,0.26949034834779795,0.1305381155054501,0.46396897844036383,0.14417869929067695,0.5561338754036685
272.1,0.2653026046210849,0.1354094436196772,0.4638331719101514,0.15090064056619903,0.5570199412332235
272.15000000000003,0.2699560839537318,0.1404011549693612,0.4596923103859696,0.14185636891222564,0.5541089681920144
272.2,0.2712886953448016,0.14125355244611257,0.46013476425022776,0.13664482080747914,0.5657075363226024
272.25,0.2775993475862045,0.14838239598357583,0.46299915089669036,0.12302212451194026,0.5661715178499266
272.3,0.2782377992975275,0.1474224942316291,0.4690604892413211,0.1296607097416786,0.5806376495829201
272.35,0.28046542928988905,0.15550779102619014,0.4741059933981955,0.1298156382394684,0.5961617769173361
272.40000000000003,0.2841370178508798,0.15336371805376398,0.4708699012002731,0.12700378201820844,0.6039574408893444
272.45,0.28255980973972716,0.15034432360850272,0.4781330120814025,0.14379053356289428,0.5999496536959178
272.5,0.2819947676056806,0.1618923287712312,0.475846773993672,0.15991669307706038,0.6081867445632242
272.55,0.2819024539017013,0.1708002625394305,0.46226629757080634,0.1724330291655345,0.6015438317787496
272.6,0.2841365565373602,0.1781927625361278,0.4587168151115051,0.16970377097675615,0.5960783338794298
272.65000000000003,0.2905765115661812,0.18904209665271693,0.44704355634299764,0.15904735864717015,0.5951580536224831
272.7,0.28640504423172286,0.1941510623460396,0.43907486601461376,0.1488253554052649,0.5932691966640092
272.75,0.2886218896389454,0.18215563610629446,0.4288607766061166,0.14493082870348123,0.5955923218499047
272.8,0.293696076119929,0.1760431046948366,0.42544252028272084,0.14557202068108566,0.5987969102073363
272.85,0.297800141989998,0.17392737108057302,0.4163857068019967,0.1504459829894813,0.5932496647424792
272.90000000000003,0.2900494534542386,0.17498639896277335,0.4179498590352472,0.13645604539413783,0.598898726946929
272.95,0.2856242076743325,0.1859223479343747,0.4180120611287259,0.12504196737285597,0.6185453293518988
273.0,0.2838361383605055,0.1861033701281364,0.4123002233785698,0.11228245277583422,0.6245626953641983
273.05,0.28457301404192076,0.17897873921894247,0.41674442491556535,0.11425911400048155,0.6348137778557715
273.1,0.28360339800220546,0.19438282916218855,0.4117347410208398,0.11854737104073183,0.6401262148012766
273.15000000000003,0.2841251934304224,0.1935257970916986,0.40776399694684645,0.11240322913161004,0.6453007842929529
273.2,0.27765704619282716,0.19164254427471328,0.3991238524267848,0.11438837433716724,0.6499055400279449
273.25,0.2778227425639809,0.18300893234718368,0.4001412345359132,0.1202166782062239,0.6435063787870281
273.3,0.2738041643382772,0.1755770948990266,0.4065340017523008,0.11845334118678845,0.6577842208343118
273.35,0.2635911262919864,0.16831210076254682,0.4114424352468993,0.10549835735806015,0.6651363565835698
273.40000000000003,0.26719222197273074,0.16337429483418556,0.42018490862213015,0.11008187745040278,0.6875730533584633
273.45,0.261739219864209,0.17058639971482026,0.42210706160688777,0.11017051722023123,0.6970130037646803
273.5,0.2637357137203593,0.1708762985591112,0.4178516399868779,0.1147093213045298,0.7096160197514167
273.55,0.2567481348138507,0.18037623664253472,0.4006971286602371,0.11968722911575429,0.7202698171286289
273.6,0.2546231400058995,0.1774113316884053,0.38793337311550496,0.11918153115097445,0.7252381316797284
273.65000000000003,0.2517978387180264,0.17191977543337467,0.3745011138562823,0.11794061333722328,0.7216194698023735
273.7,0.2524809725125,0.17517589267952086,0.3722966825454365,0.13066936123758857,0.7164205228046179
273.75,0.24613024657604943,0.17409466421252137,0.368877805914436,0.15098625355197057,0.7060159171700545
273.8,0.2488576595502299,0.16425573581596603,0.3707594603889725,0.13811942406376523,0.713265786079157
273.85,0.23645577326735845,0.17075197629681538,0.37373760995199934,0.12483566400912957,0.7253453212202585
273.90000000000003,0.23949167035837302,0.1818399478995496,0.36743947137144145,0.1017645064925781,0.7322454649035923
273.95,0.23335816536519313,0.19037744982019092,0.3616224495559895,0.06606077672453184,0.737632682347449
274.0,0.2290818452958427,0.19601514254610222,0.36642154732802157,0.05036232651288254,0.7430381935825213
274.05,0.22043103411289483,0.21529464993211994,0.3609087576463181,0.049199067453982434,0.7547013444338977
274.1,0.22353655265611083,0.2286927841332073,0.34880862058954937,0.05440322284178222,0.7619052948525081
274.15000000000003,0.22469416519262184,0.2416368722085272,0.3339634735468442,0.06875837243142287,0.7597730179005202
274.2,0.2232857278633433,0.24967385120990473,0.3224597533908264,0.06853386803419993,0.7652208149585225
274.25,0.21854996996137022,0.24024277793591714,0.31796082071190895,0.08673120503694011,0.7812105275316747
274.3,0.2165608126205768,0.24026230890986078,0.31216438180452755,0.08008489634540289,0.7926438829632281
274.35,0.20727844404569185,0.2393912053659018,0.31900208114671463,0.0883991751646512,0.7897952412487643
274.40000000000003,0.20614444259666345,0.24730932996468302,0.32104659920347467,0.09932122225995545,0.798943012154548
274.45,0.19894927706955623,0.2560538185978041,0.32352755522466664,0.10437054976940537,0.8018910105433975
274.5,0.1955018141325927,0.2669460576614252,0.3209639547196907,0.11714272975482387,0.8127251248609434
274.55,0.19682912202880087,0.27924909366453765,0.3225088144535323,0.12225525946995446,0.8228346343520168
274.6,0.1943210237138895,0.28312151968574367,0.32800349305780857,0.13150728272920525,0.8400428417044007
274.65000000000003,0.20070969651141218,0.2871321249195793,0.3304843736751229,0.13926016103289862,0.86546386460504
274.7,0.19240442126816912,0.28664427496906675,0.32961892825718203,0.13941137000059825,0.8792342466776686
274.75,0.18611110580814205,0.2943534662909312,0.32925140211459725,0.1454331080967812,0.8952940529393201
274.8,0.17367965659902046,0.29437231345850806,0.3202046536984529,0.15612042867366774,0.9058938221091616
274.85,0.17027902211572377,0.3047328680167084,0.30969164863351956,0.1447193737311365,0.9033332089038474
274.90000000000003,0.1670558310740171,0.30825526418506,0.29698707807471314,0.15656500860575293,0.9010104487703428
274.95,0.17078295266520535,0.30467080887982184,0.2841101378747552,0.1486940944700305,0.8882762313240041
275.0,0.16479728726341233,0.3094417590081866,0.2647818392343977,0.1521746054293166,0.8727068790794795
275.05,0.1622682726921504,0.315935735618877,0.25584133991691865,0.1466677933610883,0.8552669464610753
275.1,0.15593868329582664,0.3121980892676758,0.24876964980884914,0.13472452535443052,0.8409928985903258
275.15000000000003,0.15122562767079686,0.3034190594957469,0.2477848815058227,0.12087930778364411,0.8312717175128697
275.2,0.15319362891745555,0.29620644336941454,0.2463070451237687,0.12019641457076577,0.8211952949457928
275.25,0.1471660342483669,0.29708981272977036,0.24103957339109797,0.12299840379621996,0.814253195024604
275.3,0.14542210173631845,0.28463678069916115,0.2381656153960358,0.13412472076261886,0.8131958168215799
275.35,0.14597351937308334,0.28786307005494466,0.22758174233771425,0.13001227261701273,0.8078545930037724
275.40000000000003,0.14103846546594462,0.28368563334889557,0.23116830141380723,0.12005478499059352,0.7874703674775015
275.45,0.13516589868110332,0.2887444804970145,0.21742121974564727,0.11153998185374762,0.7755820589708029
275.5,0.1338681301172773,0.28098486572158893,0.22106847318161804,0.10929812023636153,0.7616779622500193
275.55,0.1348093932070054,0.2788466997687156,0.22424771732611212,0.11329921040404951,0.7601436231941543
275.6,0.13542975035708882,0.28458991694475627,0.2122966357716132,0.10090485829749742,0.7586473060016642
275.65000000000003,0.13282379057190336,0.2851384337972561,0.21338304267834368,0.09350862893710887,0.7429535149311204
275.7,0.12843047775159375,0.27717059162983804,0.20425154358035846,0.09725254460127673,0.7304691083579765
275.75,0.13822154261184086,0.2876015106646663,0.20614960983907102,0.09865589846948845,0.7241702125802519
275.8,0.14381419947688898,0.28395776084524194,0.20220500889247434,0.09885652496307859,0.7220288829207318
275.85,0.147459227057529,0.28399174394576787,0.19218576387634717,0.11243520415086397,0.6915832693314692
275.90000000000003,0.15298614885871692,0.2786053794937802,0.19454448056885149,0.12342858801512328,0.681772187257224
275.95,0.15047761243198648,0.27602212138525134,0.1992748017548665,0.11932011404296407,0.6697867137559578
276.0,0.1496295903801709,0.26648384336422365,0.19993799938321669,0.09445250884239119,0.668677776725071
276.05,0.14954922846628615,0.25385413036343707,0.206724350726961,0.098967943855324,0.6653032437693249
276.1,0.14789491657100906,0.25523509327143923,0.2146308671541781,0.09894656004285399,0.6628429479943828
276.15000000000003,0.15100021785829904,0.25322562353751227,0.21285156143201958,0.0839238047374033,0.65470906714158
276.2,0.15196908066308237,0.25837594006657433,0.21351986419079572,0.08891862502943025,0.6468284566647036
276.25,0.15778160667929053,0.24702803513128288,0.2169793960197521,0.10134649387333279,0.6538184807033597
276.3,0.16271579879720607,0.2486331761956356,0.21664065451587358,0.09753809974461052,0.6186461154461391
276.35,0.16845245898694908,0.24773619333325325,0.23686111322261397,0.09033369848950898,0.6151089750099138
276.40000000000003,0.17625713549226002,0.25264174868584194,0.2494232190144815,0.08930440453375513,0.6431586134582765
276.45,0.18151095102998568,0.2502038344196403,0.2555774828892696,0.09181574551917177,0.5969784725407775
276.5,0.18976046190569534,0.24990474384231418,0.2694421908991391,0.08240507344877229,0.5803023833560593
276.55,0.19748242400269872,0.25245386425740246,0.27618328290895783,0.08722261068173845,0.5633626609060287
276.6,0.19763585597644398,0.2547706034225047,0.2810010236203401,0.09161724129950477,0.5480048296034581
276.65000000000003,0.1952064329472207,0.25141741325805284,0.2877882629244673,0.0747918914490702,0.514220270944043
276.7,0.20131161533448239,0.25880029222332473,0.29689760884794414,0.07520398627006698,0.4977301491478922
276.75,0.2059774193589906,0.2541488512763553,0.30594793751623256,0.054313584329699356,0.4191937000600074
276.8,0.20866398952593382,0.2421995933183866,0.3197912801140698,0.05210540409796289,0.4047226588797223
276.85,0.21604043046004853,0.22170239407115863,0.33194055435169934,0.03547193492137271,0.3834385544808798
276.90000000000003,0.21607965672683935,0.22041378781913495,0.3477505890351572,0.03392326546029844,0.34776807632858486
276.95,0.2217488403602113,0.21806524468692892,0.35904062493578476,0.04776514012427293,0.3174136878835221
277.0,0.22867652822052673,0.22097949165539396,0.3689760549424214,0.0477730332687485,0.22595139761626348
277.05,0.23598752466477518,0.20954959928807154,0.3782652906509885,0.052837281823976213,0.20373084138892827
277.1,0.2452691281262254,0.20789859832309246,0.3826472624267527,0.062059544076498566,0.18012352225364664
277.15000000000003,0.2509340988463284,0.2036132993842382,0.39317406807143157,0.060820919081925474,0.13715757835070333
277.2,0.25799851922005335,0.1976022754235279,0.4001761616727548,0.05342583595008292,0.09323416212805613
277.25,0.2614504975960867,0.18264700687511423,0.40843622545731895,0.04894111143395233,0.08808911901078113
277.3,0.2613980576604468,0.1662281749124923,0.42472802521901987,0.036110108086486764,0.08246660288304605
277.35,0.2720526725779297,0.15074645911140386,0.4339413746340516,0.05118754759355892,0.07447333843195961
277.40000000000003,0.2679828360355285,0.13591212540571773,0.4357093195667785,0.04480658127267519,0.0687636369642869
277.45,0.26951088814769397,0.11611271765986442,0.4318492564018222,0.03163048884159144,0.09022742700505754
277.5,0.26887633185181636,0.11262798678276946,0.427165311673607,0.024554258018842805,0.09842489343206642
277.55,0.2769716492731164,0.10217571751525747,0.4376098242068754,0.032580755067052984,0.09170953165930602
277.6,0.28172192887376357,0.10334749714785996,0.44154919819147537,0.04193598349206355,0.08330685939518385
277.65000000000003,0.29259747629361504,0.11108503184030082,0.43602031562484556,0.0552913738504055,0.14260265296220018
277.7,0.3016470921193741,0.11154130469179385,0.43664694396572923,0.0674645914139353,0.1368995543321607
277.75,0.3039473457482718,0.10351312141826806,0.42451079462459074,0.08129943265382218,0.1278175596312021
277.8,0.3015763565238227,0.09066057380161713,0.42549992630600364,0.07770325460190342,0.11423113224102634
277.85,0.306429424914942,0.0928533297330427,0.42505708785374535,0.059292984922921246,0.11400681899366698
277.90000000000003,0.3092961915254447,0.07823243171626586,0.42081673714640083,0.05135482136047475,0.11195940092224345
277.95,0.3156394907451641,0.0793637186820732,0.4222855743682958,0.04766859422723321,0.13384041993765008
278.0,0.3147189207763646,0.0762239477165274,0.4155982404118429,0.0603643737512789,0.17499471868944752
278.05,0.3178045152075101,0.0764389024368041,0.40580386090627574,0.07512977532575778,0.20993495603246407
278.1,0.3139897291021353,0.0823079891921028,0.39441086758869104,0.07773749006436138,0.2565104419902632
278.15000000000003,0.31677003783731983,0.08606860494769003,0.3976650970290669,0.0765138923895012,0.251091424371741
278.2,0.30887974083622455,0.07101665998196062,0.38589066461340754,0.07691871282969306,0.29485232175336135
278.25,0.2892042552966579,0.05754803597425899,0.36678129432008494,0.08587466561562918,0.2386743004733507
278.3,0.28492886928158745,0.05221958356223054,0.36762663512617816,0.0966272735007431,0.22241270238836533
278.35,0.26405494457627804,0.057637351186775085,0.36758127410085434,0.10557245364227281,0.2350383531963648
278.40000000000003,0.258145489988045,0.056881872259647775,0.3683395141533531,0.11137296647336524,0.25760356550638697
278.45,0.27233444708706034,0.04907771172696435,0.3611423280470643,0.10857392063899211,0.26298977214446906
278.5,0.2564855422108104,0.059708592156473825,0.3576927667133293,0.10799380261303779,0.2703508407473801
278.55,0.23668397558722376,0.06186216536110165,0.35510280636629465,0.11233672878860923,0.2554931548283412
278.6,0.22476866867124493,0.0539756601356492,0.33876109452754527,0.11485224724057717,0.25643399558754487
278.65000000000003,0.21872505429674846,0.049164771437294946,0.3246789802253807,0.12078537034172512,0.2670951913832195
278.7,0.20126253127464164,0.03692613707211193,0.2939162330601281,0.12660687709522955,0.29316479471258877
278.75,0.1935826170196636,0.03013426477113208,0.25799780571419406,0.12762974045646638,0.2969274926732514
278.8,0.1813914921405178,0.02149920041645103,0.23056887207671897,0.14060434308496458,0.3122615902505209
278.85,0.17984332580324897,0.01222989971746264,0.20830198362049443,0.14002059856642865,0.33928016814437245
278.90000000000003,0.17058875714146324,0.0064412712440118656,0.1721490054908331,0.15184108375134173,0.3556994623687987
278.95,0.16498973115432491,0.023408897538634146,0.155571086763706,0.16644291673119005,0.383502345719796
279.0,0.17511245858631036,0.042676739360588814,0.15570960559365035,0.1810865047386289,0.3857191931696216
279.05,0.1618466129638381,0.05553142124524574,0.16411964707294355,0.18204442361698847,0.392326716863654
279.1,0.15622117561026205,0.06841974039773725,0.16135675842274477,0.20145776337504015,0.3996780177115224
279.15000000000003,0.16772117080132615,0.07434377271320126,0.17035481475311717,0.21565988715762288,0.40039393798295064
279.2,0.15820535782759182,0.07263744465833197,0.1851767409035318,0.22771949667137228,0.4043357021932357
279.25,0.16099722991887266,0.06945567784442094,0.19947048419018443,0.22590460130936393,0.3884035751924569
279.3,0.17206950648683794,0.07385331496266274,0.1941558915624371,0.20110307608816072,0.39129971605463726
279.35,0.15571503435606657,0.07076028567858289,0.18207007935405714,0.19133595702196213,0.3955504735016005
279.40000000000003,0.14144786757718417,0.07996025683164362,0.17220997439573998,0.19618745805725657,0.41687706137814434
279.45,0.13505453553968977,0.0873481622057737,0.17739741247372914,0.20662655113525674,0.4109645606889189
279.5,0.10864166899454743,0.08658040339517252,0.17605503108043452,0.2224286381220184,0.374421643662992
279.55,0.11593158768663828,0.0973973052690202,0.16593549283696055,0.21925400047977067,0.3764048278493844
279.6,0.11786806433070803,0.09546170314711529,0.15982334298943285,0.22865045761171188,0.3798689320012103
279.65000000000003,0.11841043411768358,0.09752519400645925,0.15578968440201854,0.2179256599979426,0.3814615834522804
279.7,0.10533116911419081,0.10823555282347105,0.15903668515655334,0.22614641023867685,0.35829098576186336
279.75,0.1115209506009539,0.11287321039406165,0.1637967623851027,0.21509627042045282,0.3203421157123744
279.8,0.10420657459665861,0.10478978512042533,0.16217058505490073,0.2073619240825924,0.3049107615539555
279.85,0.09228637987078811,0.10412502746055238,0.16179116751608139,0.2027687503030762,0.3112923124306817
279.90000000000003,0.09408078260931363,0.10147687077743084,0.16445118519614033,0.19826410865777708,0.29093209863502517
279.95,0.09755398244039293,0.1021295637849209,0.1678578014204374,0.20677852691180468,0.2801548539596053
280.0,0.10377625291962851,0.09426856099956912,0.17416997134867337,0.20885288558472587,0.2750664330749026
280.05,0.10748323951023246,0.09675729718258827,0.18101426061843698,0.2142901623400528,0.27115781692418706
280.1,0.10996927005460745,0.09720483089761126,0.18558057872551842,0.1953676318101559,0.2724290597696836
280.15000000000003,0.1055945741235305,0.0900469612460411,0.18741028157788273,0.1892530855753213,0.2764526243998156
280.2,0.10145694022279597,0.09021463944484867,0.18746138797807768,0.18038423045209848,0.27924601201992033
280.25,0.09950496096177597,0.09167941722762636,0.18367224961702014,0.16862461514599322,0.28015069421386446
280.3,0.09465017227351248,0.0898399072336377,0.17917581807985897,0.1565915618558115,0.2806931762153486
280.35,0.09077322494058819,0.09672434838405179,0.17440924138525887,0.14676880874827658,0.2901274875361724
280.40000000000003,0.0955948016822397,0.1020047946066333,0.17419433128843817,0.14488294716532288,0.28387071896014815
280.45,0.0906418966051099,0.11941352005961935,0.16986573543954905,0.15187506752091892,0.2938527070664105
280.5,0.08959305386568694,0.12912700635694432,0.17149270163837024,0.1567212534739509,0.30241623987128746
280.55,0.08907570539003952,0.13383490188034533,0.17765116925388047,0.15806628653169508,0.30362768475268254
280.6,0.10060928416673284,0.14037830190098535,0.17644295287874706,0.15289797246220932,0.28996324054049355
280.65000000000003,0.10170992349885885,0.14282635988789183,0.17056332576576072,0.16207855004911545,0.2931002543479368
280.7,0.10413769304857495,0.15477460511763771,0.17674398174670272,0.17920481820262943,0.3016007666562941
280.75,0.10396925599717835,0.1593326940059256,0.18495004548259114,0.18499393476036985,0.3112227706822358
280.8,0.10849002948575778,0.16544349098262492,0.18901378410220057,0.20521861485297463,0.30716236795227414
280.85,0.11205275402780779,0.1774453101383326,0.18935762594852568,0.20971192205864025,0.3064414305264776
280.90000000000003,0.11849493639988419,0.17872352671664551,0.19661719555287774,0.22460137459047724,0.30997577340918614
280.95,0.12108530430777535,0.18344139821628835,0.19676112257233688,0.23019506270499823,0.3144338219018293
281.0,0.12516432546080844,0.18967488796521811,0.20542609526335417,0.22288697521028886,0.2993766614774811
281.05,0.13075769052386177,0.19161432204435896,0.20317915634517514,0.22734816995993087,0.2869861487312815
281.1,0.1284824996071027,0.20315762719246425,0.19965637878058184,0.22319911554613223,0.2926439671569557
281.15000000000003,0.12177053224756766,0.21445474366830217,0.1987602247712272,0.2173084735415242,0.31015724322910915
281.2,0.11908634548213388,0.22219686275646983,0.19782931934918302,0.21989851452003933,0.33407650029138797
281.25,0.1235776173714172,0.2223785429099068,0.19280442589257338,0.22358231270239637,0.3538442508158788
281.3,0.12855766542703423,0.22078267974903498,0.19076552560651835,0.2346441803573187,0.387930347598479
281.35,0.13035063546094433,0.23831834833564677,0.19135195337922953,0.23978977488835795,0.4209356648422975
281.40000000000003,0.14179636547332075,0.23887446440750446,0.18509859216019056,0.2499683298502,0.4572003263137928
281.45,0.14507754212303928,0.24564587585830702,0.1830733761641607,0.261105843297864,0.4755055324562108
281.5,0.14813695526317383,0.24834296044594645,0.19160167572226403,0.2557545727600871,0.49070340438375254
281.55,0.15372623219106832,0.25935868263746276,0.19740852367624423,0.2687226310726137,0.5029308565879519
281.6,0.15634899805013167,0.26766198881419856,0.19925397408967419,0.2761769701373868,0.5222292765627284
281.65000000000003,0.1575263845865526,0.269438091959824,0.20379970873834402,0.2820479272140803,0.535497634632814
281.7,0.15942704688001338,0.27760190683960656,0.2058265294046529,0.29336504187465656,0.5555257660376763
281.75,0.1696342814606847,0.26402143867645433,0.20000757890320855,0.2806491600123769,0.5632403869343854
281.8,0.17508583406562386,0.26441184374070076,0.20014404162305066,0.2832046458478138,0.5634078428183289
281.85,0.17807725858079526,0.2619507911332154,0.20594430302061079,0.2895715759444763,0.557617942950776
281.90000000000003,0.18323566432496202,0.265212603733118,0.20754516524710878,0.29259928917646105,0.5489373899449154
281.95,0.19020246808697716,0.26975766400187956,0.2169756184958852,0.2989745147493757,0.5469176048072678
282.0,0.19314347961788575,0.26419356100561925,0.23269215914853109,0.3140164682783281,0.5476984177670323
282.05,0.1911449388554997,0.2496924807266153,0.24236863726557717,0.33697710166529504,0.539431309839032
282.1,0.19632013709581655,0.26532972216860495,0.2498737878852986,0.34532421751689407,0.5446345174687701
282.15000000000003,0.2020877189085654,0.2755350645209152,0.24021938915093674,0.3284740913304527,0.5511520922827434
282.2,0.21154688068197658,0.26326789744640533,0.2417668821826124,0.3229303131817854,0.559755152487803
282.25,0.21727028648973518,0.27322985589411375,0.24241154422850134,0.3197247871221369,0.558127955179501
282.3,0.22655356024374498,0.26415882872585383,0.24282273523490674,0.35085031310210635,0.5503111217527069
282.35,0.23500127910313184,0.25882211833522406,0.25183974426352457,0.35410354037744796,0.5591217975722691
282.40000000000003,0.24927471333678555,0.26092414850379414,0.25124535970283207,0.33863555234473264,0.5557960752837404
282.45,0.2601722158621516,0.2513836993247748,0.2427871649313148,0.32197370737246445,0.5585334319047027
282.5,0.27231821584494154,0.23985211663423775,0.24493614830094174,0.33607770460966635,0.5556890260054185
282.55,0.279772068267151,0.23534003583871102,0.2479351696817195,0.32160572684755734,0.5556503611146282
282.6,0.2816893671383334,0.23219688883337128,0.2568437706729707,0.3374121692206756,0.5555142708715519
282.65000000000003,0.28072686993643586,0.2340832218489849,0.25846043363262344,0.3150340834764301,0.563622621539085
282.7,0.2745296389713878,0.23639064850744734,0.24988479985559,0.3106239839219543,0.5636315516068682
282.75,0.2746379426859588,0.22918550223517895,0.2513402605751466,0.2868847443553395,0.5636598267796128
282.8,0.27561135092921035,0.22423023959556984,0.2414582380365648,0.28816347100860745,0.5906161079813557
282.85,0.2781680220532392,0.22463467683294386,0.24135730819776735,0.28091965352124676,0.5795101684791601
282.90000000000003,0.28685357534189565,0.22955918082560098,0.23874151063972512,0.2737221553008171,0.5811894310532133
282.95,0.2903975817447161,0.2282190947614745,0.22952189804160716,0.2943163359259,0.5839510197817023
283.0,0.28369683171191173,0.23625402561014291,0.22406781900640416,0.29695609076375445,0.5762244587114058
283.05,0.2752618258844531,0.24722643279188877,0.2263200144764765,0.2851895611818852,0.5709718975891136
283.1,0.2643824073047441,0.24446125635745372,0.21520082911778637,0.2760575989703663,0.5785292524458806
283.15000000000003,0.2504262800996111,0.24340366677996425,0.21758320060280548,0.2832419175134299,0.570787619413678
283.2,0.2356564288431863,0.24202461087049923,0.2071726072878122,0.2930455194461119,0.5685254629900214
283.25,0.22640196594445677,0.24422696937449548,0.1907917166557121,0.2974246328105214,0.5682692167578792
283.3,0.21769867912053079,0.24356481338449687,0.17700374798411542,0.31153347155499544,0.5571410299333747
283.35,0.20960426571548052,0.23809922235679676,0.17522132950041427,0.30924862116054885,0.5549374007926804
283.40000000000003,0.2031239566654378,0.2378157488852488,0.16490638343728103,0.3053347715054547,0.5521128228051508
283.45,0.1924544431630701,0.23544653772519028,0.1561158902375293,0.30829688270221955,0.5457316731747488
283.5,0.1837676107070711,0.2301535882497755,0.1409414109775278,0.29172440047906945,0.535373256856433
283.55,0.17633189576241753,0.22316592399028434,0.1359660662572728,0.29150685487195926,0.5351411934142078
283.6,0.1682144731713141,0.22868833017774923,0.12125108151884195,0.2818916494240146,0.542791071617711
283.65000000000003,0.1618526229111534,0.22209332521675693,0.12691287160667,0.28205817187289256,0.5294480192149797
283.7,0.1491342548103623,0.22723690103066413,0.11282708578207844,0.28529979323290966,0.5181226806203124
283.75,0.14111286079309632,0.22364680977744128,0.11432618271840583,0.2861415125608534,0.5149771557409305
283.8,0.13845709357597868,0.2163049892266542,0.11835792487166966,0.28429058498020365,0.5063295776382747
283.85,0.14146862308269434,0.20804019538784965,0.13121397569289822,0.2833960024766087,0.5117533021641079
283.90000000000003,0.14240175985383274,0.20409081571039825,0.1438284346526124,0.2735979132532513,0.5063049749362908
283.95,0.13133300883406068,0.19875658188675455,0.1560428472035599,0.27414972431902035,0.507910282497133
284.0,0.11845382920330083,0.1996809486497914,0.1612226402586134,0.2784663589356043,0.5120854304547939
284.05,0.11071945636347215,0.2058314221862497,0.1394039245153623,0.2774464345146665,0.5203021014586361
284.1,0.10505579410318738,0.20151901108297615,0.13403075002326884,0.2769432711144693,0.520229700147858
284.15000000000003,0.10231535762803447,0.1955349219315783,0.11055542029741725,0.27248805684567146,0.5162276871987177
284.2,0.09508853341295884,0.19566556996616932,0.11036619773047007,0.2752466142914071,0.5013175673398916
284.25,0.08790270381257431,0.18197670095094898,0.1249505154343298,0.267495542115327,0.49778278203698867
284.3,0.08427347897635687,0.175202006222894,0.12855306177876363,0.26430276973918787,0.50365155349148
284.35,0.08308250772354651,0.17505727228553622,0.14334576315212158,0.2597813782787648,0.5026971586137582
284.40000000000003,0.0792039916450463,0.17606251903061704,0.15340086502524808,0.26016450979831346,0.5107570307033271
284.45,0.06886271981508274,0.17466671301824221,0.16218622843462682,0.25539430643043043,0.5195595280260965
284.5,0.06583939141111553,0.16857452788567986,0.16273998834316486,0.25495855475586393,0.5239661244104019
284.55,0.0577980066492495,0.1526361302255902,0.1651131872997466,0.2628861111812814,0.5400821824046009
284.6,0.06029769489712681,0.13995539641993548,0.16770321811464464,0.261126211763559,0.5650682384574693
284.65000000000003,0.05622607587221185,0.15013758208725536,0.15321700855512038,0.26043491870441965,0.5666488453735337
284.7,0.05196148565650839,0.1620583944058164,0.15255967933165238,0.27307907583408997,0.5559711268829306
284.75,0.054089988027025214,0.14827639481662241,0.13152794180450883,0.27288923297537987,0.5571582393048
284.8,0.04749740948332597,0.1411804725543576,0.1221672038344269,0.26618801285761395,0.547355502465019
284.85,0.051653840486681646,0.154923613842525,0.11953666087797897,0.26126495572018,0.5233822169754672
284.90000000000003,0.05561669896734389,0.1638160512883997,0.11740528795301439,0.26673590158077876,0.5078765009803454
284.95,0.05875582900087503,0.18556377086561845,0.1206114306071024,0.26611901208046773,0.5032669409944827
285.0,0.06931540398501423,0.17379130098973755,0.124081517238188,0.2658550325263653,0.49414686641958
285.05,0.07360286062136988,0.17238132792494415,0.11509188247415963,0.2708191157161769,0.49731479255649597
285.1,0.07657452030513386,0.17772299435033567,0.1069985702064643,0.27639286710752053,0.48800147882353456
285.15000000000003,0.07755238313170512,0.1688108328474969,0.10659886665339517,0.28403848743033183,0.4796376725129058
285.2,0.08473717172472549,0.1808766035849993,0.10692404501556253,0.2974676932725553,0.4692723459905668
285.25,0.08075841889947245,0.18185234323816427,0.11097110503923119,0.2992767019837399,0.46322390495518684
285.3,0.07190165867476225,0.1933277770032194,0.11310865343255111,0.3049463097902289,0.45994648576360925
285.35,0.07878615821076909,0.17641599698086532,0.11073934993030485,0.29481056024339275,0.4658485114359863
285.40000000000003,0.08357242612551974,0.1831141069488378,0.10975090930995561,0.28684417192612066,0.46829014771715594
285.45,0.08515474630356429,0.18818647165611413,0.11529608065253506,0.29113125922019684,0.4661030906980505
285.5,0.09069874286583503,0.1842931370457864,0.11595853210063929,0.2970595413139766,0.4686137370303329
285.55,0.09351248069453238,0.20611078090843293,0.12291995267439573,0.2914795880543676,0.46257755113393456
285.6,0.09612834134490443,0.21765909770029915,0.1256003473679399,0.2919568681526601,0.47483810425575024
285.65000000000003,0.10093731312973422,0.2157985078827262,0.12839842992947065,0.29668921168429313,0.4839293029316873
285.7,0.11271044398890885,0.2047090819969385,0.13413657962876002,0.3062752462345383,0.4719251226015752
285.75,0.12014497470559214,0.19970084602206847,0.1359773214499074,0.2987878022696979,0.466256230776525
285.8,0.1257944574868021,0.20552154113002247,0.1379476509132252,0.2986494608592236,0.45861263137789743
285.85,0.12935913872241847,0.21740373585704875,0.14942480722427207,0.3086218792660921,0.4525487112833764
285.90000000000003,0.13550540153636964,0.2325575508715146,0.1483510750901825,0.30624350460035105,0.44207634358928255
285.95,0.1428829452959941,0.23194543293209893,0.14984813668334745,0.3291417197943014,0.44828514935629094
286.0,0.15013224970939298,0.2299234579230389,0.16307157548221218,0.32978288213103385,0.4516482472807173
286.05,0.1530686043709387,0.23186015517829922,0.17105531611455135,0.3007509068376728,0.4579130098819104
286.1,0.15824328166145932,0.21407537754746297,0.1771967973809711,0.30009156832904427,0.47200522838597747
286.15000000000003,0.15870955512997398,0.20809512730983684,0.17781331749955182,0.29963096055073163,0.48648487184348865
286.2,0.1673624161366973,0.1994804130367351,0.182153258953785,0.3091938928406509,0.5002310047488636
286.25,0.16609923049622097,0.1996238804183051,0.1809915118095871,0.3012236313952191,0.5257704258513405
286.3,0.16781050768349734,0.19470271143494902,0.18442151515259933,0.29357952860090897,0.5553113565541834
286.35,0.17483761488896357,0.19141353966258495,0.19079172830065166,0.30271252741245,0.5872007595083835
286.40000000000003,0.1838093336386753,0.19098278268199506,0.19419662793766826,0.28103072567250126,0.604398755718714
286.45,0.19715904004160806,0.19587076112433055,0.19768388853190003,0.2742887802958419,0.6038171792185649
286.5,0.2057720563335533,0.17993411909377227,0.20151902048088174,0.26608418962667113,0.6074583393820071
286.55,0.2143205868448705,0.17537568231816159,0.19843856667910448,0.2693355818951671,0.6114683655343172
286.6,0.22312382009818246,0.1763513541351738,0.18836737673219628,0.2581882034934288,0.6177903394969256
286.65000000000003,0.23565159452083628,0.168631445784504,0.17592609077651922,0.26729803287785076,0.6155994952396945
286.7,0.2351288129084374,0.1705720088158553,0.16666940605561373,0.26622099143330225,0.614943667804021
286.75,0.22970708283647495,0.17093155552698286,0.16086401036809647,0.26546895788880975,0.6059164485492446
286.8,0.22766356487714678,0.16761840329675176,0.15713438184032244,0.271973869516398,0.5974048019404262
286.85,0.2188622496080761,0.16661530336218983,0.1613702783461494,0.285283653577587,0.6007148009208079
286.90000000000003,0.2197497123220796,0.15781934188875063,0.17071963431979195,0.29211755605772405,0.5960775423679083
286.95,0.23002584409643817,0.16861352898338844,0.18026645273960204,0.2923477370365551,0.6006507145411298
287.0,0.2312754326504528,0.1636934322643507,0.18499257023569132,0.31072244724947934,0.6031594300344425
287.05,0.2308941613510631,0.16638785263904113,0.17579515611659896,0.3017223796348273,0.5903451164124691
287.1,0.21878751743527627,0.1770220230945887,0.1702912080175905,0.29735287236560193,0.5970644369955544
287.15000000000003,0.2243026360258766,0.1687573338900375,0.17502472857275664,0.28159438323418295,0.6066107637070308
287.2,0.22739480315732624,0.16779735174191843,0.1841425015072335,0.26713580109261814,0.6108059239879154
287.25,0.23268086998505152,0.1714324734992019,0.1939340313931005,0.2610985330240519,0.6069460493882034
287.3,0.2298305856776179,0.17141666082128806,0.19704244932130124,0.2641735398995914,0.6016471250937055
287.35,0.2315466762086711,0.17011780401231594,0.19606242600744297,0.2783503205000129,0.6061982840046081
287.40000000000003,0.22822721925495373,0.17341148277606394,0.2006455170771209,0.2791880260766776,0.6002339729474105
287.45,0.2304294503849559,0.17463832536286547,0.20356819541906943,0.2783586137743672,0.6033694580622677
287.5,0.2388231922036706,0.17192133022607586,0.19546716133962694,0.2835131231412706,0.6062722846527576
287.55,0.24736707975630268,0.18385433292060682,0.1840361855770427,0.2772141398411232,0.6057956385064175
287.6,0.24766008777338208,0.18505115899055946,0.18108129232470582,0.28677245385763933,0.6118040901421435
287.65000000000003,0.23889261217278104,0.19411142751980912,0.17593717785010157,0.2964622318775577,0.609395494757001
287.7,0.22229601411968325,0.19448491129807838,0.17519378488579812,0.29655706571605084,0.6207773893756284
287.75,0.22046674095688013,0.18763725204092513,0.1787259160824833,0.29667325411937007,0.6274222779965105
287.8,0.22525527247778565,0.18966247564380243,0.16437873864723299,0.29515664715013895,0.627037851528192
287.85,0.22706335658050467,0.18581791772425546,0.1526377752898279,0.30778287112228553,0.6257698559926494
287.90000000000003,0.22976965855603754,0.18032228566061592,0.1426014247816914,0.32210245754636513,0.6320784637483429
287.95,0.23544459495589196,0.1735121686290698,0.1374658149779555,0.3067754361695216,0.6405513136610508
288.0,0.24125211293443757,0.16667449861482944,0.14340520382085956,0.29701869393903935,0.6543810544244656
288.05,0.24133575015916062,0.17099667084642378,0.14661697160290785,0.3060545862050192,0.6585067143003348
288.1,0.23752980960575507,0.17488718075625062,0.13249146957400199,0.3174667858671655,0.6669979930228848
288.15000000000003,0.23619379859960374,0.16922025426732776,0.14027176257784765,0.3086359390820573,0.6728356277916065
288.2,0.22916811834025894,0.16867845451524976,0.1479818620570829,0.3067661482651875,0.6865111398116354
288.25,0.2150804835773417,0.1767294310508734,0.14477775105365356,0.304818230437418,0.7018329578032461
288.3,0.20096381653564124,0.17481271930506403,0.13879626990070407,0.30444875415143413,0.7152375308338481
288.35,0.2052581780316098,0.17224232394302486,0.1451144487121345,0.3096952492335489,0.7263894795967253
288.40000000000003,0.19907648988945698,0.1692845871782771,0.14967282872595639,0.29516884532506543,0.732286059895258
288.45,0.18630683625919486,0.1729311423812135,0.13838857463897117,0.2944649998696752,0.7257213126274535
288.5,0.1749506290637548,0.1810734415840471,0.13676246498777084,0.2982414043859405,0.7323828618805276
288.55,0.15956331029373114,0.18015429784933562,0.1374176640119293,0.3084338118260605,0.7379205027064543
288.6,0.14258248547090444,0.18326566979930642,0.14269198033176964,0.3095257616725304,0.7424486989137679
288.65000000000003,0.12813034155297567,0.18538550423219718,0.1470627870473424,0.31402709574392246,0.7402017257388781
288.7,0.12112571152733924,0.1887114105571979,0.1417487707583378,0.31892635155673155,0.744861330728354
288.75,0.11063287063260016,0.19120229606582673,0.14932477297868005,0.33189035905985576,0.7502941488347729
288.8,0.09664075709154067,0.19987355260619258,0.1610149251215393,0.3434105430340718,0.7531208953285108
288.85,0.08886832154961191,0.2080336107696147,0.17465502266024027,0.3315402305555418,0.7500009266938157
288.90000000000003,0.08214062471089385,0.22102582695570586,0.18636593678678606,0.31510203115936863,0.7389961093667382
288.95,0.07438083948497974,0.21509004152041164,0.1951939310144211,0.2976052233202777,0.7418209007890137
289.0,0.07332748283970154,0.1985398081336928,0.19369272689716518,0.3327149501792777,0.7413836765340801
289.05,0.0664164914184608,0.20115633632744434,0.19370976040434598,0.321779656595345,0.7434257424603127
289.1,0.060339264799358264,0.1934311935009841,0.1822223519191633,0.315605332515119,0.7504056264545702
289.15000000000003,0.05655166466840004,0.1908826783194153,0.18595601445521442,0.31014906811838455,0.7632883588121434
289.2,0.05572877750081597,0.1759861081820362,0.18821388215282697,0.3164308656350937,0.7569754152023405
289.25,0.05834164404277995,0.1784282730724306,0.1989733579456178,0.31239701862472735,0.7636193734010727
289.3,0.05752655709685058,0.1798923954483806,0.18930745065326704,0.3222827978388755,0.7743448654455067
289.35,0.06414782290988313,0.1808347748420607,0.19168766653684624,0.3128800850426251,0.7799831806566377
289.40000000000003,0.06665866140663115,0.19148575305552146,0.18227396757693887,0.30640629716478235,0.7816310227822219
289.45,0.06244890677136001,0.17721130611499086,0.17693488335734664,0.3258250023661292,0.7927763071138176
289.5,0.05984112369134001,0.1774258198905792,0.17233261026432406,0.33080879737487273,0.8049770671325372
289.55,0.05622428112431486,0.18824998381725894,0.17463673103910182,0.3467098834260203,0.8090110318424912
289.6,0.054257899522109805,0.19413219931698766,0.17898087441738347,0.3544240845536066,0.8063429583615174
289.65000000000003,0.05287498411475438,0.20007471439385235,0.16596353269079914,0.36673315646574817,0.8070336188763314
289.7,0.05345828538581258,0.20124612937446051,0.1355156242672673,0.3605870550511716,0.8219512683033473
289.75,0.05594270465348195,0.18990825869367362,0.127293786814786,0.36706797177004846,0.8201703756650546
289.8,0.06115304705838192,0.18775974955731561,0.1317094263355956,0.36963882786932045,0.8367640264624578
289.85,0.06637399940299568,0.18692975975827728,0.12809873342737507,0.36818651127731866,0.8502948740525429
289.90000000000003,0.07243983785426067,0.18736882496524482,0.133906002931062,0.3722507477972715,0.8482911360787171
289.95,0.08097917211514769,0.18646059463716882,0.12423259872724983,0.3773581753825965,0.8509731123483608
290.0,0.08245275626941695,0.1772652285796936,0.10018011532636933,0.35856896047955467,0.8538305901383647
290.05,0.08591599759303732,0.1732830032254572,0.09720720353355393,0.34615795287122303,0.8715921410998657
290.1,0.08647299232335129,0.17981798730715787,0.09395487392712071,0.34725848222188815,0.8805165714024712
290.15000000000003,0.08998384016022164,0.16919422322990163,0.08822767713573267,0.34790551006545334,0.8879823755570381
290.2,0.0847721358286632,0.1758862390039196,0.0847081538928269,0.3414724964561079,0.8983340850502811
290.25,0.08632683660060744,0.1768374356526852,0.0788289524361745,0.34153162544715165,0.9050280848070285
290.3,0.08301960678873184,0.17038297116244736,0.08079215339819598,0.3503550622377658,0.9211793264480351
290.35,0.08892965430646402,0.17089384786685805,0.08667529489367877,0.33684348272559705,0.943976348905783
290.40000000000003,0.09285248901628622,0.1872050783205524,0.10260437277104342,0.3278785687480104,0.9617984057558288
290.45,0.09257440238932724,0.1915419979849181,0.10400377250819916,0.328234539946452,0.9693688053107014
290.5,0.0996769475346787,0.20585842429059828,0.11038041427020828,0.3233448482265981,0.9544393002283491
290.55,0.10311596198304222,0.21900788668015436,0.11007945489250043,0.33025253412962285,0.9409221581310144
290.6,0.1083685801333517,0.2218220759623741,0.11302460422908729,0.3424150188565631,0.9419535855328752
290.65000000000003,0.11738554758603467,0.22617912838101836,0.11805139326437174,0.3398291931023431,0.9416120415124252
290.7,0.12237439673912823,0.21674140919705245,0.123636523025285,0.3367511789211616,0.9392724634316265
290.75,0.11924878934450749,0.2201985171728951,0.12795487239759762,0.3494790757591097,0.9447193122990116
290.8,0.12929747547009798,0.21655194278462042,0.13422031182001615,0.3362252223525113,0.9500346683865731
290.85,0.12770195882188332,0.21872583531442513,0.14189255362438385,0.32981067226600985,0.9500118101124911
290.90000000000003,0.1365765336067387,0.1994642202131836,0.14430952316353832,0.31294074835261987,0.9374317506713381
290.95,0.1417315477291254,0.18281313275120475,0.14949949253510528,0.2988432691786074,0.9140751869893232
291.0,0.1423698011833451,0.17193763203411908,0.15733429060036533,0.2886573597975655,0.9037666990800248
291.05,0.1460527679162221,0.16209190897886527,0.164347242914821,0.28453444940846634,0.9035452786098906
291.1,0.15105409246326315,0.16593571892726391,0.1713100925025559,0.27202875741781285,0.9090319724299571
291.15000000000003,0.15370432840650997,0.17759999902187507,0.17450403330920533,0.2605616692103469,0.9149552348612194
291.2,0.16542968166561087,0.1656828323324548,0.17340547291409045,0.25605944826593385,0.9093528501359102
291.25,0.16948911735777608,0.16128199778683186,0.17280888797604357,0.26112593419998287,0.897646719666505
291.3,0.17764529847520485,0.1585680801625432,0.17480809896599486,0.26603948118053117,0.9076462173621068
291.35,0.18378132384105636,0.16768253590188903,0.17682897991823054,0.28310897623932235,0.9070744422683269
291.40000000000003,0.18229312174277126,0.19108893548692832,0.18308840770276283,0.28398999844441797,0.906308262458276
291.45,0.20141251980827415,0.19301418047783359,0.19317089873323037,0.28694443142870263,0.9146436635823818
291.5,0.2057449209687019,0.19646720923113692,0.2033728908027007,0.28462198613821627,0.9193667535897632
291.55,0.20675751945771464,0.20633697943248497,0.21117801119403512,0.29469949327770845,0.9200172188079255
291.6,0.20333843631621681,0.20623505974808123,0.21451471132969283,0.3049228443119306,0.9291288083500516
291.65000000000003,0.19447018159867008,0.2201790634593497,0.21628492079581574,0.29308713384376944,0.9275711734855614
291.7,0.19518850427435075,0.228197327189432,0.2207887769205475,0.2929948766800965,0.9317798113278848
291.75,0.199573703196671,0.23565474026937494,0.223012667621933,0.2884860111230396,0.9358612921684872
291.8,0.2103026360532022,0.2408635199688616,0.2228188287756998,0.2818929167481847,0.934105298158888
291.85,0.20851274307451048,0.21696896566498136,0.22609065570537945,0.2915422638091576,0.9330399476435216
291.90000000000003,0.2063025531578534,0.21200070714624966,0.2273782582867346,0.2779479113159656,0.9346714282464869
291.95,0.20984317832411428,0.21605240742594842,0.22274756915941837,0.25811129759484147,0.9284322848244504
292.0,0.2060444900180032,0.20218245104836355,0.2098304306631026,0.24590370114094498,0.9290611069354362
292.05,0.21378243788687412,0.19933282500986096,0.19394984948002175,0.23130092665312532,0.916959368543935
292.1,0.2086602253279891,0.19816777743794808,0.18584121904698195,0.23687664667141098,0.9114770747885711
292.15000000000003,0.20891719823732452,0.18416220014016516,0.18525532905623984,0.24556002109167724,0.9028235575623161
292.2,0.21086250949617052,0.18360837109426426,0.19258436089979755,0.24513360232004786,0.8898413505629487
292.25,0.21374882993977726,0.19133324293496584,0.20175471035270687,0.23432918580975223,0.8801010032492763
292.3,0.21782148496761397,0.17885127373691911,0.20322251841906486,0.25683020484245467,0.8766965697263721
292.35,0.21757401726315728,0.1832133588823129,0.20182506100647607,0.25550253045013066,0.877331961192025
292.40000000000003,0.21611738333161534,0.18718130756424559,0.19806037949090333,0.2762392082994943,0.8704040291366087
292.45,0.20755547106140104,0.1721845656183598,0.199486034114056,0.3007227265386679,0.8599348743731098
292.5,0.2018010400269983,0.16202103994271716,0.19881118195103914,0.28822386425941465,0.8595357962248976
292.55,0.19676399090598423,0.1585074143977693,0.19939649641774118,0.3176395442995179,0.8545124912435043
292.6,0.2018985148618137,0.14709776430606503,0.2029196967095577,0.31845220288228593,0.8551065515418415
292.65000000000003,0.21046151898708304,0.14031422057896897,0.20377848617820155,0.32433903316887136,0.8508996459225706
292.7,0.23271213640077176,0.1439030715582153,0.20938429498318004,0.3315150693610722,0.8390937671792592
292.75,0.22829570009399766,0.14099118478846998,0.2098479865621126,0.3327317631691673,0.8492343165301062
292.8,0.23081126335479435,0.14072325064377844,0.21591965687643896,0.31655049085704173,0.8404713760719053
292.85,0.22407679035364725,0.1303952777666043,0.21974599152310634,0.3092605426836179,0.8323480215889248
292.90000000000003,0.23129330692083333,0.1257145517740389,0.22843080448368638,0.3077815454239723,0.8134490075585951
292.95,0.22578238110690313,0.12726423437271694,0.2358190197214165,0.2988159675208127,0.807595366667696
293.0,0.21433911808888206,0.12700107501483102,0.23363444623008622,0.2792546720594955,0.8054627675311589
293.05,0.21536638081943066,0.13190438225399054,0.23837731106826093,0.2771998864751304,0.8119569441902245
293.1,0.21307963065628407,0.13050222916930915,0.24317356474109816,0.27127092138619335,0.8144375539509286
293.15000000000003,0.21864020796720954,0.13123014416562356,0.2370136047501602,0.2591286008615186,0.8166191329956756
293.2,0.229644651976393,0.11676510799791222,0.23629872016747563,0.25207056503151,0.8091785190898082
293.25,0.22443788098783127,0.1068094566858913,0.2423227535048559,0.2550819453747171,0.7935271091797382
293.3,0.21234917407719447,0.09531611999095116,0.242964554452718,0.2685313177385367,0.781711127135374
293.35,0.19843153118381243,0.09524697693436987,0.24539896278791892,0.2739772806201631,0.764964078691013
293.40000000000003,0.18317128807548913,0.0821636570135355,0.2509062015028618,0.2849283930049187,0.7576030834363735
293.45,0.17858654085620793,0.07629560248147975,0.2596805765440665,0.2910940303026215,0.7438238066849537
293.5,0.16974238659981297,0.06262993536460736,0.26697892127691836,0.28595287070383274,0.7450948724321967
293.55,0.16708497598197353,0.06850587735477492,0.26900898866576045,0.30164964813607886,0.7363292289682108
293.6,0.16148204042011333,0.0564233687495719,0.2816467790443211,0.3214533677137586,0.7232962134873436
293.65000000000003,0.1629585269241696,0.04776138741972976,0.2886620522743585,0.32635891731211597,0.7216260340325485
293.7,0.14738394614434322,0.044441564438138896,0.2901626817009589,0.338285183990355,0.7058014937538623
293.75,0.1321833514986706,0.03730236715855819,0.3001732522317834,0.35181202510433673,0.692836030187645
293.8,0.13484342185157294,0.034985521176330664,0.30729213826046015,0.3558905761952961,0.6829474123767225
293.85,0.13696706415547752,0.03651307632082378,0.31215558875343824,0.356854352434343,0.6858763901235276
293.90000000000003,0.13879346217614566,0.029317933878219276,0.3137167663028309,0.34830785977291423,0.6928847106404401
293.95,0.14571163682430288,0.021316532097299896,0.32180647500687615,0.3441610266229553,0.7015710151272342
294.0,0.14392189430224672,0.013806104783870038,0.3316329857003467,0.3319218236445796,0.7161516168488741
294.05,0.1267791609501128,0.014193455744454762,0.3347085624206742,0.3301533707564274,0.710910995503285
294.1,0.136386717650346,0.0073705212434625085,0.3365109965058371,0.34062338600394193,0.7162637149052695
294.15000000000003,0.12919416455900784,0.01780804948865391,0.34872459958116814,0.3375213574576178,0.7143456633190564
294.2,0.12438092773286492,0.0322448254004569,0.34894657265052986,0.3416232568642127,0.6995892764035743
294.25,0.11806765099502585,0.042878776255246324,0.349128383673518,0.35656710809911685,0.6889687470841445
294.3,0.11714852532786087,0.06340084463605863,0.3603234719450119,0.3506762319334299,0.6769608191041653
294.35,0.10942973742675202,0.07899391668243884,0.3697565322824701,0.3613254096474684,0.6662556105806723
294.40000000000003,0.09219655660011912,0.10219151117107164,0.37489364215525994,0.3734326656927364,0.6479423455246497
294.45,0.09122494849858014,0.10970976724640476,0.3919308348904481,0.3808411180318554,0.6259088150948154
294.5,0.08203176201517319,0.11812380789772188,0.39048425343192633,0.38718641807248066,0.6269942129958926
294.55,0.0822959838414237,0.11634551657985763,0.39875619346208646,0.39292333690914044,0.6172954386296085
294.6,0.07484019439365754,0.11143391129149395,0.4099367639731438,0.40019561058369096,0.6117603028151384
294.65000000000003,0.07035591231360634,0.11687962580354268,0.4163299340632806,0.4019872596514407,0.6065040582278173
294.7,0.07048244092869801,0.11873579020099924,0.4215478082646596,0.40438545564524075,0.6082345274692872
294.75,0.0638102681053778,0.1300361261582161,0.42582845840293104,0.41036129940223715,0.6118900246157094
294.8,0.05941871875787075,0.13786317227576717,0.4268072678883101,0.41552071666211937,0.6310158743214572
294.85,0.058586692092718475,0.13661488358642127,0.4384847244430154,0.4109770841216975,0.6281269589591008
294.90000000000003,0.05888898331190385,0.12594715524396052,0.4345161689345828,0.42053548185730905,0.6168066182957903
294.95,0.05739178295395254,0.12491027747031103,0.4367654381577886,0.41905319196884494,0.6054190011405403
295.0,0.05331208025299049,0.11321750501329358,0.4435287769315659,0.4202960438509785,0.5936234454333342
295.05,0.05309887945778063,0.10577077090750332,0.4382200184393139,0.4016714007172588,0.5845586009282757
295.1,0.052797848624225034,0.09623307959787902,0.45129688151172775,0.3856078959426305,0.5719020891812782
295.15000000000003,0.05263754397880057,0.10528276405499172,0.4475496432923009,0.3804415445516923,0.5754882099193791
295.2,0.04762303461781882,0.10595809156757138,0.45717965981651076,0.36648868723473604,0.5771953845193402
295.25,0.05373347226719398,0.10324858627047026,0.4653217040631646,0.3622715458163171,0.5638209530053053
295.3,0.04956413911480608,0.11081259551588689,0.46110724927031566,0.3584850242254107,0.5499670770695148
295.35,0.04795512162468435,0.10950937994518646,0.4617270522821152,0.3539575848935833,0.5458081027271597
295.40000000000003,0.05231843428875122,0.11124664932324241,0.467854258838563,0.3495980663526265,0.5600116119711752
295.45,0.06602773429361121,0.11397487835251802,0.47032664351822356,0.3527306183050136,0.5453295124553773
295.5,0.06751164378233453,0.11299627371476953,0.4676173900578715,0.3512162875200001,0.5448949094974035
295.55,0.07087273568799486,0.11051986368204547,0.4670194098878194,0.30809443287731925,0.5389345127353431
295.6,0.07822734456062151,0.09840607315576827,0.46126588027468785,0.2922635037705612,0.5392335345830593
295.65000000000003,0.07687954888634806,0.09645938175735953,0.46250931852884114,0.267415425860752,0.5443141988262189
295.7,0.08587959882580386,0.0987624809422603,0.47181549951400403,0.27814854886635354,0.5302638347680284
295.75,0.08675616754117987,0.10372651261620267,0.4754776526893948,0.271810628348622,0.5164823600083995
295.8,0.09141715243906443,0.10532679433232611,0.4680058301197927,0.271788797565001,0.5236305953590938
295.85,0.09652280483101305,0.11688303091770254,0.4713196186481803,0.26916434387862653,0.5268659418177072
295.90000000000003,0.1043321856872535,0.11745346464099722,0.47579279430747207,0.2884913068029566,0.5402355505663172
295.95,0.11301864576407546,0.11689683901559983,0.4604913492259136,0.2781551520695414,0.5587824729558891
296.0,0.11862122980560015,0.12165568744494885,0.45620133536572116,0.26347743951280994,0.570592026213704
296.05,0.11896683248402742,0.12145236125796151,0.461200549608425,0.23553092039654275,0.5715355074972066
296.1,0.13439098026925306,0.11826859085118276,0.4548109203479623,0.1991907681403705,0.5819952035995463
296.15000000000003,0.13935955761811028,0.12414772523634829,0.4428943400701881,0.19026745876961393,0.5828984971258523
296.2,0.1410777348059893,0.11948117956500623,0.4354718705651091,0.20345397157456682,0.5785265432376394
296.25,0.14842606733731317,0.12096359373634911,0.4362416568052314,0.21818281104457432,0.5836889076157254
296.3,0.14659131424663543,0.11402071565846214,0.4356766077385776,0.2315089421234463,0.6058844279041261
296.35,0.15349908381037825,0.1153155038523695,0.437142465449394,0.25165191392745295,0.5901408563646404
296.40000000000003,0.14712192597692403,0.11347656877892777,0.4279276934438823,0.25210551336838233,0.6018525716573556
296.45,0.15717662006978272,0.10991471622479738,0.4256960784523198,0.2602437147055276,0.6022127916138187
296.5,0.17412878013037786,0.11466985839342032,0.4271554976951301,0.2857922697874757,0.617401039753018
296.55,0.17186080745533383,0.10931778527786766,0.4183080141790091,0.2742570167612374,0.6322020573946553
296.6,0.18264494683740837,0.105410912972541,0.4115803566202197,0.26022214188230314,0.6262731115904726
296.65000000000003,0.20098266825234967,0.10137083895639316,0.403675757500584,0.25426872255778243,0.6281355085788322
296.7,0.21371099227852872,0.09231491104133628,0.3959206526509552,0.25081545103443337,0.6253558129892488
296.75,0.20935930729313987,0.09206448665694775,0.3914814302159115,0.2544274140833061,0.6290568233033814
296.8,0.20110303693833792,0.08967229732216311,0.3806873899620628,0.2664484427077086,0.6308813852911209
296.85,0.2120313567727062,0.08967787683270632,0.3740955414040975,0.24993078195972074,0.638905344212052
296.90000000000003,0.22139413039967523,0.08483303581283536,0.3699816993201118,0.25334586443099266,0.6420384985211207
296.95,0.22858928184523417,0.08690414173062865,0.3574211483670368,0.26303942380020495,0.6440897236679348
297.0,0.23009509586757926,0.0875535962834825,0.3473199021607253,0.2590733840778848,0.6490257053789562
297.05,0.22464795894137138,0.0918965780195992,0.3493483793780316,0.2529925913255045,0.6400237099938556
297.1,0.22226227747694507,0.09945161715571839,0.34871011844212235,0.27117139197980805,0.6349358369468797
297.15000000000003,0.22320771644982532,0.10433976278239658,0.34601024722122503,0.2780886872335421,0.6295097987424355
297.2,0.2124963396697937,0.11094786867622122,0.3445424976412105,0.2787392462723549,0.6450343274322651
297.25,0.2153486944978283,0.11759100856195533,0.33709013079787503,0.2960474193178811,0.6426661357506392
297.3,0.20433187708148917,0.1248349782191829,0.33205784215676054,0.2942740820371553,0.6451457155084482
297.35,0.1977311429521855,0.14433942466781868,0.3277186351880842,0.28719005915766604,0.6524872359158531
297.40000000000003,0.19460773275070015,0.14002494404328691,0.3237806148928048,0.31597416859810984,0.6641232342359283
297.45,0.18863334582764923,0.14843547919667585,0.31667060605117464,0.3170871576071474,0.6883236859292137
297.5,0.18792241819768485,0.15060994327790553,0.29992511745828887,0.31629696418014386,0.7081464761591333
297.55,0.18261383975612508,0.1410408183461777,0.2922669744494951,0.31397660323448906,0.7195420132630664
297.6,0.2023038641400134,0.14070773670649567,0.28495299605946905,0.30826346184962494,0.7115707336886626
297.65000000000003,0.19980525546107147,0.13919478186772577,0.27874377805763756,0.31607666328927453,0.7159359558052067
297.7,0.19739092588206544,0.13646155529834708,0.2690143867078414,0.30630880855466064,0.715592890304195
297.75,0.19553227138406096,0.1353206829825912,0.26323341503365455,0.2966602002101545,0.7085871929130304
297.8,0.1892901841481833,0.1369825779493927,0.2547102853616416,0.30887806797462947,0.7105352459515728
297.85,0.17930590064352825,0.14163631897066992,0.24920701577707627,0.3152298211665813,0.7083925953114856
297.90000000000003,0.17373583018850075,0.13656705123051355,0.2465201239355858,0.3195642925455031,0.7108379270354053
297.95,0.16856765254222017,0.14266519881080336,0.2403877493327138,0.3099368547112857,0.712813572005299
298.0,0.17073362369982403,0.14457132793269759,0.2361067524990772,0.3012653879933888,0.7079600545826965
298.05,0.16130176757251266,0.14819078115259332,0.22912246938115138,0.2943368806197151,0.7100354894273193
298.1,0.15686160855973233,0.14474918878113321,0.21751648365942733,0.3001305732561363,0.7142784090597198
298.15000000000003,0.15617825238466254,0.1510018517218291,0.2078555205900804,0.3007531350656664,0.7124914736449047
298.2,0.15726899872210193,0.15046089788134934,0.20030532490228578,0.306630412840749,0.7156549258287979
298.25,0.1680666867551879,0.14844990475948613,0.1975131180813318,0.3078357294976019,0.7357584958673242
298.3,0.1573643741933667,0.1555114092429595,0.19198128281791746,0.3034649542232008,0.7293843029855263
298.35,0.15457880082574552,0.16501710906517808,0.1893465429902781,0.3007886842444822,0.7263305590586618
298.40000000000003,0.1681113951599132,0.1681345677246572,0.18128069439736216,0.30145845815314404,0.7183236014059355
298.45,0.16861790375238708,0.17189607793984035,0.17602805096583884,0.3067973429229365,0.7063992795991086
298.5,0.16065563115766465,0.17729748211654917,0.16967392594321598,0.31258228105784325,0.7073172997517562
298.55,0.15205175755782244,0.1840910623201831,0.165507197775868,0.3078894807322476,0.7071125092828593
298.6,0.16380068886472895,0.1843496091376432,0.1535072492256054,0.3204424277002055,0.7026255581322548
298.65000000000003,0.16747520472744237,0.18344337528415225,0.14802551985768872,0.30985497847743537,0.705761039932766
298.7,0.16979882102590707,0.17674045567821128,0.1423563942073916,0.29439240379662507,0.6909017097031189
298.75,0.17421845445689454,0.16767693603762043,0.13603510519291834,0.2882237221792213,0.6871672958896415
298.8,0.1761281437480039,0.17286451946169648,0.14234535606882948,0.2649216229511357,0.6792701204785908
298.85,0.17686047917994266,0.16805103833054882,0.14951529490720977,0.2556662074067265,0.6741268107651074
298.90000000000003,0.17865291458637017,0.1759506321925084,0.1392507222749326,0.2515685719386493,0.6710270720098331
298.95,0.17424957574199748,0.18640640205377867,0.13195479200850585,0.262709647163901,0.681370316077266
299.0,0.16735292863412748,0.19401298201850728,0.12049379768931395,0.2520702611538709,0.6743604774673688
299.05,0.16328502747289322,0.19542791899707432,0.10304656927620752,0.24393286540912582,0.6794076568840437
299.1,0.1510998642540165,0.19976141312971962,0.09872482136998367,0.2422451251313291,0.6832856286433714
299.15000000000003,0.15428855231744174,0.19991945288797608,0.08385263324260152,0.25292948886650474,0.6897230787501926
299.2,0.16639360998458447,0.19677120457673775,0.06982767238823473,0.25986108859790485,0.6878163797095211
299.25,0.1704681482816147,0.19916843831473752,0.06250082629517177,0.2609532246921355,0.6874011915835798
299.3,0.16974471180298495,0.1920755462869628,0.05869548086653408,0.2594441783347267,0.674453520781896
299.35,0.14912321100959502,0.19663402361077076,0.05764601128806789,0.26821456237189945,0.6576322360505951
299.40000000000003,0.14510189456076816,0.19303542711216587,0.05063627144767127,0.2628673955324227,0.6707568370617323
299.45,0.13599892521845028,0.19421853594365493,0.04976304659768469,0.273082025220454,0.6855765925417865
299.5,0.13165312246472702,0.19209581508953613,0.03952874633408895,0.2764377860853379,0.6842159008702378
299.55,0.12352012691541553,0.19091104742368095,0.025024878992116587,0.2791435704692883,0.6761364220421905
299.6,0.12643419148728743,0.1963462954328458,0.019480264171083807,0.2747471186294709,0.6672777536544339
299.65000000000003,0.12552034243832633,0.20036504682656864,0.020777470423732375,0.2693258815234558,0.6736497128781275
299.7,0.12130346467029277,0.20088753222799346,0.01935263681023686,0.2638199649436019,0.668907148340896
299.75,0.11527993416561687,0.21379520059818197,0.02214767647191531,0.27587888702798713,0.6724931925811454
299.8,0.11304401871181363,0.20441152453489522,0.03138674103434516,0.2692940505300176,0.6659954845174001
299.85,0.11304600706907038,0.20948143628855279,0.035928541844669065,0.2555946910244741,0.6613603360272184
299.90000000000003,0.10972546625505505,0.21057784456657627,0.047112029035634134,0.24813589805361427,0.6631101238572086
299.95,0.11897321533134146,0.21064129190466485,0.05953873876828293,0.2373567398767836,0.6736618202236143
