time,uav2_fused_error,uav3_fused_error,uav4_fused_error,uav5_fused_error,uav6_fused_error
0.0,10.381611694631372,6.34325175960553,8.478822127208408,17.176207975671545,23.21828897030861
0.05,4.379137689043972,7.106038347439787,8.356800955557805,25.505268391261104,23.755502230161113
0.1,7.7199567866723715,10.355326292958939,10.358846865272158,30.874771658504184,21.25095222826012
0.15000000000000002,11.388406036757232,13.573695607371608,12.21919369025202,35.08360800916192,18.22954448416695
0.2,13.935212612402673,16.23064868941297,13.581333116444132,38.36973776932651,15.648115923824525
0.25,15.620921749918177,18.317681534754612,14.521201309819968,40.87373002197853,13.7187917600999
0.30000000000000004,16.69633905734968,19.89756803799545,15.161903620206154,42.731390332227924,12.390317472195633
0.35000000000000003,17.36837996293815,21.077055431955305,15.591718432424997,44.08229905344904,11.513326096011035
0.4,17.75395535842544,21.929562803594585,15.882268951675027,45.06061396989342,10.959553498623361
0.45,17.946118835773465,22.550650465768737,16.070731525743255,45.76013188980593,10.600550396073803
0.5,18.022058475484194,22.99799862621586,16.193213956355997,46.24251189922024,10.368226068459526
0.55,18.016047988815934,23.31005312118928,16.280464238223065,46.57103293480252,10.225153071642564
0.6000000000000001,17.931748808026082,23.528591912731386,16.328283946407918,46.803251398080974,10.130400935796152
0.65,17.815051521733682,23.676832649336877,16.359412495037862,46.953730684622805,10.085315358956027
0.7000000000000001,17.675111384305204,23.773881483314423,16.378222271916435,47.049817606456195,10.04391317961444
0.75,17.48183878300518,23.83221377040511,16.38923578700036,47.10969685511126,10.023755320558555
0.8,17.291581972263522,23.85804065960078,16.392302589875367,47.1397494929898,10.009707384602114
0.8500000000000001,17.090387595855585,23.8681884242932,16.391250151310384,47.14254672819436,9.992787598701955
0.9,16.88280581058971,23.84978832321555,16.391504789177215,47.12332651193458,9.98635902546154
0.9500000000000001,16.669814714640367,23.812903530838106,16.376943472764673,47.0879377544467,9.963056070630289
1.0,16.444724554497522,23.764843441318632,16.359378252501752,47.03244890420676,9.933840070273561
1.05,16.218795001144745,23.69698461049898,16.34326907585552,46.97848160591571,9.908485855976217
1.1,15.998764454090832,23.601802654440206,16.314516545816762,46.88924857045623,9.87271858017004
1.1500000000000001,15.774126303518047,23.49913349282754,16.28890916270962,46.794322656492085,9.81991164707642
1.2000000000000002,15.5542411126006,23.365610538057794,16.247864984927638,46.665299965208284,9.765298724336837
1.25,15.33878784223801,23.238493545974812,16.210974321376867,46.514777846806645,9.710951531778928
1.3,15.119370540648445,23.0942390561591,16.164289509342968,46.36440990708538,9.64067176244273
1.35,14.905480512326195,22.935182964429174,16.119107290496128,46.196363863695055,9.562432763657162
1.4000000000000001,14.70120605848709,22.764558114153868,16.058734505369205,46.01131536431231,9.479730218526669
1.4500000000000002,14.492627920372406,22.57370918826229,16.007952682918287,45.786492298012334,9.386909056676515
1.5,14.28875816655611,22.359842978971088,15.941043903332895,45.5515597235504,9.283361147148534
1.55,14.080481667249686,22.128165251275906,15.868225081246782,45.318794157232595,9.17153086894358
1.6,13.883461894820663,21.892387039650487,15.793270863713312,45.03738380241089,9.068879069248725
1.6500000000000001,13.698498633746945,21.651283203100817,15.719238561766815,44.7637893347759,8.944156133325725
1.7000000000000002,13.521353354974892,21.397267777401304,15.64957384879655,44.46963344203127,8.8126502140987
1.75,13.349077779471752,21.141574290313848,15.55897165900473,44.15715005142393,8.675151163992348
1.8,13.193486331286376,20.861459369515188,15.471455407252805,43.83465069987584,8.530850331786734
1.85,13.05317547001567,20.58310541986911,15.380544386012048,43.50201037730835,8.38274859013205
1.9000000000000001,12.926027623897689,20.291721909533248,15.280142362231603,43.13819115858472,8.227648550132288
1.9500000000000002,12.790209885042325,19.984316886855787,15.188034683044252,42.764700498710944,8.067422151661995
2.0,12.663892548308722,19.67612742092423,15.072899528863068,42.404899497432,7.90718975239003
2.0500000000000003,12.541886021654308,19.36108009453703,14.964962873815523,42.021943674484234,7.742045701889021
2.1,12.437537117197166,19.02796575474895,14.840731040818122,41.637513639694085,7.587591007647656
2.15,12.330501141499004,18.71743084074025,14.721404403670448,41.23602934388452,7.458701446305913
2.2,12.234813556358873,18.410410041623646,14.6042745559415,40.832162113854494,7.332716592960256
2.25,12.149666532982934,18.06451587218927,14.48267855198682,40.44675421553155,7.20942220819615
2.3000000000000003,12.066744423472832,17.738137017816175,14.368094400731108,40.04144162259978,7.093326166619337
2.35,11.998611665882551,17.425068188831993,14.257672533062458,39.651870822330835,6.998403762070517
2.4000000000000004,11.937283761717087,17.11421073760468,14.139853094038754,39.26907254090125,6.903117089695619
2.45,11.881670364874237,16.80807897190316,14.01606060909298,38.86840930581377,6.843319042236346
2.5,11.834715671482058,16.515969049523957,13.909851072359476,38.46701356607323,6.791324481488954
2.5500000000000003,11.786292175198387,16.218789080461644,13.804551483041243,38.08626651879862,6.755175897952196
2.6,11.74138127128932,15.933481522682333,13.69497015992792,37.72703797540662,6.7392798805156895
2.6500000000000004,11.702838960435535,15.655443023871884,13.600230290343342,37.371737816816754,6.748157673033119
2.7,11.677156185702888,15.377177130076468,13.503333344799401,37.033294379314356,6.76774426487197
2.75,11.64861630014963,15.112506290252236,13.410132095212743,36.69623864115891,6.809684195080656
2.8000000000000003,11.621887151188716,14.84560637684173,13.311823151251652,36.3782295818584,6.861408774521678
2.85,11.606166988823274,14.59275702939718,13.211639306569394,36.058761097019435,6.929535635897497
2.9000000000000004,11.589221821804733,14.345924464640003,13.122790668098858,35.74967178095171,7.0220374174484546
2.95,11.581747548452773,14.12014794593811,13.03857641897309,35.46317662732775,7.108533724786624
3.0,11.577198653170047,13.902773543183525,12.96385257814807,35.19271273898329,7.2130411553188125
3.0500000000000003,11.569237706763163,13.70524995581386,12.882488921592214,34.91895098564999,7.314014802660973
3.1,11.56191711252736,13.509355651040503,12.8294254089926,34.66143065735919,7.4154365773062585
3.1500000000000004,11.563542230569107,13.322556572470395,12.76400922907268,34.443445816101395,7.500289503631291
3.2,11.564244426792726,13.159046736834185,12.70081246787781,34.232639123576064,7.5926486869640994
3.25,11.563664500526553,13.000576383684297,12.661744852316517,34.03724637678995,7.682873372472612
3.3000000000000003,11.5655179301678,12.871903864767349,12.620482396132847,33.8684032453344,7.7556257391400685
3.35,11.567747735853803,12.76346109868721,12.58667927031779,33.72177610543486,7.802093539368741
3.4000000000000004,11.575056146023169,12.671962912864618,12.565436103882423,33.587621260416554,7.856283110744917
3.45,11.582314249382721,12.582550663248778,12.542393983055335,33.48052117190256,7.881889895060957
3.5,11.583717689244107,12.502446543061117,12.520347609335328,33.376274900059464,7.8827926804781825
3.5500000000000003,11.58073583524204,12.423401439136445,12.510965638065032,33.27077464725373,7.880445288142921
3.6,11.576942094936914,12.365198597672554,12.501518666205309,33.181306922256226,7.854815575821525
3.6500000000000004,11.57380646642492,12.306827726124087,12.503207663703229,33.10892843690722,7.816653548744058
3.7,11.569147347126924,12.285577608620477,12.506455830373593,33.05732384017123,7.756070455975904
3.75,11.560804481183235,12.257057820524318,12.50773848007446,33.01925078189638,7.706470461827879
3.8000000000000003,11.55442237139039,12.24425883785305,12.512643883290934,32.97477633315437,7.632573688582641
3.85,11.543266930779327,12.230804245454783,12.523414075965324,32.94608726731349,7.541354321200131
3.9000000000000004,11.531951805458613,12.232717917179892,12.526961841832858,32.92199307349795,7.423780662284403
3.95,11.52754960363262,12.243436879220843,12.529239054624783,32.90053345374039,7.30797303781575
4.0,11.514796052377145,12.236113738166178,12.533931402741391,32.87973742277666,7.190768814485169
4.05,11.507311160391101,12.26086402771611,12.540892310990934,32.854511052472226,7.044670951127753
4.1000000000000005,11.49227402879469,12.264899731272507,12.536260630487318,32.834695232784334,6.901269386997971
4.15,11.480859112315192,12.287061904955447,12.523061620731625,32.80587932102666,6.755963761548443
4.2,11.466566433149822,12.296883454096813,12.509391029547103,32.77746147897789,6.61595661301797
4.25,11.456770598137648,12.30518056985236,12.489760975251272,32.754125416075716,6.477216271675909
4.3,11.442507100623699,12.306063864204644,12.467538772283604,32.709768715289336,6.337822083047317
4.3500000000000005,11.429816102100334,12.30949580000568,12.441825086179236,32.659032094421704,6.195724936557946
4.4,11.417125519790407,12.317254547212157,12.41145841150763,32.61011573233844,6.072986825252254
4.45,11.395589022411455,12.309541397848152,12.364231634933077,32.532064594483536,5.958608518292763
4.5,11.380746453534902,12.303195428873677,12.30990591506229,32.45450268487921,5.854092812459869
4.55,11.364640936174244,12.277422808450643,12.242207718757406,32.37197798655411,5.7603503133806635
4.6000000000000005,11.346429625671414,12.257899354944733,12.163132061907255,32.267355814109024,5.681724991392405
4.65,11.32542785631374,12.220206141378611,12.078637662592515,32.15683931759654,5.625559211329661
4.7,11.306334565405562,12.18180323499189,11.985056106056264,32.02382231303191,5.58149291110816
4.75,11.286212490806166,12.12148815968585,11.879764175967695,31.884618804921438,5.5398081023821035
4.800000000000001,11.26877707528734,12.055160644971718,11.763339352935938,31.741391420487794,5.514576215849464
4.8500000000000005,11.251652021105109,11.98278222976161,11.635005630767466,31.57053316887022,5.501783964440781
4.9,11.234463995009103,11.896480090964586,11.497495751945586,31.38821685834408,5.503217818821349
4.95,11.229252300296714,11.804619115216237,11.346082645107009,31.191234989358904,5.515383761770835
5.0,11.214369379860965,11.706034158876234,11.18220932818809,30.988144968556664,5.547044806390476
5.050000000000001,11.206983737272827,11.586547595957612,11.018586881732835,30.77389976753194,5.5970170276379205
5.1000000000000005,11.197362116101127,11.471009932252992,10.848455787992098,30.533778160422912,5.636948640654629
5.15,11.18870442357097,11.338003630732404,10.660866212631712,30.303200143204243,5.692996295927894
5.2,11.183296636434312,11.21063837942363,10.474324027869661,30.050358306304698,5.756800750224042
5.25,11.181212911310979,11.079338971980807,10.282720394525159,29.801868433870528,5.835829828994822
5.300000000000001,11.183652599027425,10.934212469460112,10.076691454985648,29.533917963605276,5.923344851165836
5.3500000000000005,11.184968691892946,10.790665760579552,9.858828333865699,29.262983825607755,6.016186189541895
5.4,11.175475525215813,10.623183831381798,9.62273561390429,28.980161170428627,6.1137103226899985
5.45,11.174182119621607,10.460684211534161,9.390990527097207,28.69794856565886,6.212803056845757
5.5,11.172684217487049,10.298727752214186,9.15573733789476,28.39489629485443,6.302705767643814
5.550000000000001,11.172469792937036,10.110784177291173,8.9125783160647,28.09642256048606,6.39923882477109
5.6000000000000005,11.16507490352545,9.926763531092332,8.676571448225118,27.801740964807575,6.5095185444274035
5.65,11.160665214244734,9.752017612950858,8.438550610566748,27.499690117080657,6.61659776519596
5.7,11.155822721277682,9.559681559446968,8.189979361443687,27.206231934978874,6.720647198483068
5.75,11.150667504597495,9.361660384980954,7.9414193261322055,26.904953766950623,6.817963542292562
5.800000000000001,11.146012235869714,9.175883232338084,7.691324694253033,26.605234956180215,6.921583511639723
5.8500000000000005,11.137806191894844,8.982634395302748,7.456577230037305,26.318126076073614,7.012929362357514
5.9,11.120773991054584,8.795090294285448,7.2416614024886545,26.03292928508073,7.113325568508966
5.95,11.115451605215341,8.627071200371644,7.0205712747240705,25.77370983882901,7.2157449931742805
6.0,11.09773183078703,8.467982359422061,6.807760560262799,25.51645746163421,7.298958138306215
6.050000000000001,11.086378025376675,8.306921841442822,6.603049438753849,25.282987500301868,7.3794829690708275
6.1000000000000005,11.069204218148759,8.147585625995534,6.3973731734543735,25.056167170983738,7.463683535295118
6.15,11.058307599417942,7.999212491935269,6.20783465310423,24.834028788549357,7.542574427333177
6.2,11.03248984179652,7.857549970800778,6.0186015590322635,24.635375090518927,7.610069134215364
6.25,11.009523474431083,7.733349297383614,5.84328678434762,24.440429711674913,7.679421923043581
6.300000000000001,10.99464656564109,7.622772255777506,5.676027897983441,24.273245748882488,7.7343972050411365
6.3500000000000005,10.975568025492041,7.509235147711233,5.498433499051667,24.105815831500117,7.790179244275444
6.4,10.948075686524707,7.400090004945297,5.330038322713596,23.947932358940324,7.8518746651768385
6.45,10.922438420368328,7.302089173862678,5.15655349637082,23.80408649706579,7.895306299295418
6.5,10.895567963510926,7.212239379394211,5.00009987466274,23.668472876248575,7.941849313026679
6.550000000000001,10.861718021378005,7.127315482847287,4.845616437997541,23.5441998712555,7.9820776667012385
6.6000000000000005,10.83161853100174,7.052317892105956,4.700059961211718,23.43459901888059,8.014733241779046
6.65,10.798368136254695,6.988207015109578,4.587862611630256,23.33259809072898,8.041567960015099
6.7,10.754826307783231,6.933014820802956,4.472695837222256,23.251219384668588,8.069108638217378
6.75,10.720264665244413,6.885333939791302,4.361855296254017,23.185845462674582,8.070146987935516
6.800000000000001,10.688385962281137,6.849535236909116,4.2450964872309305,23.12237214432329,8.074356893211226
6.8500000000000005,10.654558438952108,6.822337004042534,4.149302107261285,23.07008522568866,8.08101542425678
6.9,10.612127731949432,6.796311822518557,4.0666036982952996,23.02838541168544,8.090978320075548
6.95,10.573353682415679,6.792744963613222,3.9856733482749616,22.97622650778478,8.091656574996932
7.0,10.53585894861516,6.773392513088444,3.9238285944027713,22.9435338153702,8.092253999194853
7.050000000000001,10.494936081710962,6.757185928228554,3.862447947457981,22.920528219305943,8.084677411467306
7.1000000000000005,10.449661472540976,6.757385504434182,3.8000193005055762,22.902066411441144,8.07058502683177
7.15,10.407054112710425,6.761176808998921,3.7419080333233423,22.8856090705294,8.05765921815969
7.2,10.368156694851582,6.7605017070981495,3.691357595921546,22.862070197695722,8.049543563356535
7.25,10.318169872864908,6.7708572100516,3.648510415687785,22.836693383224485,8.022657008620214
7.300000000000001,10.275138822064836,6.7803046691449715,3.60269048707045,22.81456752111606,7.987071136090313
7.3500000000000005,10.236048960739,6.780835617128913,3.5718175466383784,22.80336869723386,7.95796697115741
7.4,10.185792536309485,6.785076499175834,3.547663375113291,22.78672281659839,7.914270104289231
7.45,10.14453860941887,6.788310453935711,3.5175275207024543,22.766098174432123,7.870850886317421
7.5,10.103553965874308,6.780470583595646,3.4956512889728937,22.745656418524764,7.831550523561692
7.550000000000001,10.061371157271427,6.774992478563335,3.4749220537882857,22.72843974592215,7.791839774040436
7.6000000000000005,10.015113360609012,6.781912960552324,3.461335974223422,22.69425163768665,7.740586785138812
7.65,9.972247683930842,6.785274789431691,3.447493492568827,22.658319545940437,7.7015396760688395
7.7,9.941147135742645,6.792970389554717,3.432545344846079,22.630265679983086,7.65917989570629
7.75,9.906645233594533,6.780237857067259,3.421805787557515,22.59490766248681,7.605591039751525
7.800000000000001,9.878822579934992,6.764392858174543,3.4128008398321654,22.559416936671848,7.573074852624116
7.8500000000000005,9.8491665669876,6.741577911893279,3.408201001855342,22.515194896591392,7.532472527466158
7.9,9.817751457966386,6.713228318070651,3.395026948266885,22.46173059109448,7.486414699138611
7.95,9.798719349471044,6.673260024916903,3.3867662350272187,22.391225856623667,7.442957449390011
8.0,9.76781388808235,6.650513133723321,3.373742286053479,22.31846391597407,7.414684001855511
8.05,9.752092427872139,6.607245056799832,3.360935456422237,22.24766169576577,7.387320190724686
8.1,9.7455916142589,6.577187071289338,3.3479080275877826,22.157419621289836,7.338374238870803
8.15,9.728452372907652,6.527748310854507,3.3452004792708507,22.081908287134052,7.309219741992857
8.200000000000001,9.718077674030697,6.49021002399932,3.327341283642365,21.994766759781793,7.277661276502363
8.25,9.704665066805573,6.434926860361398,3.3147934665310217,21.904299187800405,7.25380525359329
8.3,9.694542618668516,6.369780589602441,3.3002818907240186,21.801463492528395,7.226015246837659
8.35,9.687264202942966,6.298125739783801,3.283233385446224,21.686277937027683,7.203488014800167
8.4,9.677166432365699,6.234451788730873,3.2772363651209195,21.566295085475367,7.170847183317939
8.450000000000001,9.669098224521802,6.160463028717052,3.2587280937605065,21.461307975082477,7.157308903827436
8.5,9.66866515080828,6.0775133236553325,3.241093455078074,21.331986827985272,7.134519442026757
8.55,9.675511072866822,5.996160022146121,3.223347660471468,21.207445880845757,7.113110402198956
8.6,9.679563480222741,5.915759158825667,3.208147677812815,21.075610190488202,7.112171695112197
8.65,9.689337311039523,5.825600094997627,3.1848663624094193,20.94015604951861,7.104213434667597
8.700000000000001,9.702809983474978,5.734483702560814,3.1579590512116638,20.80752680829251,7.097409028972543
8.75,9.706186801566966,5.644910051961468,3.1353222724487346,20.67279179307087,7.102725218894036
8.8,9.706586284663343,5.549854216621097,3.1072963627943326,20.534704452992987,7.105272244964737
8.85,9.710891594535696,5.467700241381996,3.084762822911696,20.39037825947017,7.11490761022404
8.9,9.716316712810146,5.3839889498432365,3.0648084736664765,20.26963617331079,7.125085150966601
8.950000000000001,9.723964220997061,5.300524383188342,3.0389304247472237,20.132276937672625,7.140940754416581
9.0,9.720800184489516,5.2321385526647015,3.0074088338665987,20.009292960219764,7.151100078274492
9.05,9.727345257358477,5.166710476163223,2.9783916925093967,19.88577884625619,7.168853078836788
9.1,9.72430293482697,5.096455446352813,2.9488450111878137,19.75883725326992,7.177886357472163
9.15,9.724346116150757,5.0134910734143885,2.924756711436465,19.639310423681664,7.194474660835665
9.200000000000001,9.716809295421287,4.952343142265013,2.889662098691752,19.530994828793215,7.217337428956923
9.25,9.708168434214793,4.882770916931498,2.8666839246958364,19.41112316567808,7.227337244154045
9.3,9.700905991066982,4.827370611815307,2.8499627983173865,19.3070290944784,7.243218401345531
9.35,9.68263204775494,4.774652480232131,2.8288559736729715,19.193963542150765,7.242600099669774
9.4,9.667870420647215,4.719995127879122,2.810976614004002,19.102200973155988,7.256572717204537
9.450000000000001,9.644394474353188,4.686411062830992,2.790391045652045,19.020200915121084,7.254454167681105
9.5,9.60764815938014,4.646387822966043,2.768860120070713,18.9382015757546,7.276588972262855
9.55,9.563710935435646,4.62859525643865,2.7510279087946836,18.864256534556663,7.286567459703165
9.600000000000001,9.52081067817577,4.603802574187332,2.7356474699134825,18.805904690141645,7.31073118482622
9.65,9.473695139467349,4.600548476328654,2.7215509373054516,18.752942898379395,7.3293275742589605
9.700000000000001,9.428113771482856,4.593512162832637,2.7176501671782494,18.697620428923564,7.349362529429199
9.75,9.368356162572649,4.60406058393958,2.7130607150044495,18.65177083839349,7.361515845476412
9.8,9.307462297966637,4.621900880598447,2.7080647051286078,18.621956341879187,7.362438418001887
9.850000000000001,9.242545809913494,4.633908807702255,2.700685024655728,18.58723154396451,7.3686239130768705
9.9,9.17888893028018,4.646954412495156,2.687664975851016,18.55775463782532,7.375816803367473
9.950000000000001,9.10936353820556,4.66895691519581,2.6882067518541892,18.522448217877123,7.378926265147024
10.0,9.029733913238926,4.672177801092202,2.6918304790163954,18.49749306674045,7.381786296347029
10.05,8.958862616348254,4.7100130487272684,2.6967932267590697,18.485185557149183,7.3781626597327445
10.100000000000001,8.880338580710001,4.744974698008517,2.703743373220244,18.47143685255548,7.393461485345793
10.15,8.80355036203928,4.7738953368675805,2.70919198165108,18.475943960475522,7.389057355268709
10.200000000000001,8.717318203057227,4.803997586838984,2.7106408250469594,18.468644387145304,7.392269997853856
10.25,8.628033251607466,4.833524742023264,2.7158016445240505,18.47272749949756,7.383514645508672
10.3,8.530606385877501,4.85888589544129,2.7222442214514464,18.459927297695597,7.361223401128225
10.350000000000001,8.430043581597117,4.88492403178027,2.7358044492959896,18.45168566168197,7.351430579609387
10.4,8.334864508518427,4.912166794417983,2.744148454627537,18.451794066746153,7.330546845731971
10.450000000000001,8.227170615020079,4.928288179666143,2.7567185573746777,18.46154301850936,7.316364376523785
10.5,8.122803238554514,4.9419082411427455,2.76633450416755,18.46816052201128,7.304905892622696
10.55,8.019480402748886,4.961332910353133,2.774292506102993,18.45840124616721,7.29732329767708
10.600000000000001,7.913418315105944,4.9761489026852574,2.7814270074430674,18.470458350235297,7.293479274225386
10.65,7.811641881791361,4.9975148685034,2.782145114428609,18.469678704013337,7.2725668371480445
10.700000000000001,7.714778655512076,5.002736954533942,2.7831543478090923,18.46256521142019,7.262404756650064
10.75,7.622512509922047,5.009391246532542,2.796869603918489,18.451017931929005,7.2520243353424165
10.8,7.528721383049908,5.000952212746043,2.7982112517444797,18.43842757396012,7.245868446396055
10.850000000000001,7.430532945524943,5.009323264090903,2.7962720941998414,18.423006296913744,7.238175574929628
10.9,7.333111972612213,5.00413371567321,2.79494271666411,18.409278268026682,7.228761737216951
10.950000000000001,7.235785319711193,4.993777534101475,2.7914825187486865,18.386282756956966,7.225313038858852
11.0,7.1413097853670395,4.977165305723052,2.7829018673226913,18.365092352735722,7.218164101953852
11.05,7.043302822230497,4.963865589820351,2.7759438127682614,18.31875659040237,7.21730031416066
11.100000000000001,6.946473833585511,4.9249743766975715,2.77263859792109,18.282724524102562,7.190274100869871
11.15,6.861781513934263,4.891463716161059,2.7711904594704695,18.23417834108391,7.164875074406736
11.200000000000001,6.77984799541653,4.857066333698927,2.7665861339661584,18.185045944445744,7.1424623433189955
11.25,6.69206734024604,4.836579759386393,2.770222778877935,18.12864118020129,7.125055348798703
11.3,6.599307541402747,4.790993848567092,2.761339129972478,18.073474921554208,7.09510881119741
11.350000000000001,6.511163698547233,4.755005779164604,2.7498603102484367,18.015146202681613,7.067397763437818
11.4,6.418614972521238,4.703730231719911,2.7426666379928735,17.94901021658588,7.0341131007796465
11.450000000000001,6.342717208945345,4.658491178374274,2.7307147494847848,17.87187215778727,6.998424865696216
11.5,6.267095509603069,4.601083564035314,2.7120722489208484,17.79486117629314,6.959337578113776
11.55,6.19613727330905,4.540562589329932,2.6944107622783235,17.71800362531715,6.914719212182541
11.600000000000001,6.125148641255907,4.48035615779287,2.6802643506593475,17.636509240325093,6.862430739767905
11.65,6.05642449273243,4.4049486647739915,2.6690599976790788,17.55007733233259,6.79129666510951
11.700000000000001,6.000289768580818,4.340384534904268,2.6594770076449885,17.452700245921534,6.719938460895192
11.75,5.933764703723166,4.290977353474537,2.6492331173827215,17.345563502558946,6.638637729361417
11.8,5.877984769589017,4.229192815088175,2.6378039700264555,17.25902435688968,6.566971344945672
11.850000000000001,5.8363433471329484,4.160076145185648,2.617683292263292,17.16466718469888,6.489042659392749
11.9,5.796900625926315,4.095927396262136,2.601581876463484,17.072518758241774,6.4077588148178135
11.950000000000001,5.754465589483397,4.033690724698897,2.592320733105405,16.978219655477073,6.316265985195076
12.0,5.720646298354418,3.9757259763117943,2.5843333562931567,16.889451764436892,6.222980963159993
12.05,5.687787248050861,3.9215881334941987,2.5771372377313497,16.79966589308358,6.125092392479798
12.100000000000001,5.655562563401376,3.866749190017078,2.5662506706573076,16.704221885532785,6.0060809063850975
12.15,5.626145557024162,3.812172538849752,2.5510200423115634,16.6043816759098,5.877037189061171
12.200000000000001,5.603501905081213,3.7518964926642435,2.529548848610766,16.514150529779506,5.754805309069861
12.25,5.579008108086175,3.701352647645228,2.514735132702152,16.408545171270543,5.615311450522513
12.3,5.555617628347863,3.652962629748963,2.494779368269423,16.321743102509878,5.473426961051519
12.350000000000001,5.542883631046789,3.604627462874717,2.4795194005565806,16.237126382737298,5.322073604826218
12.4,5.524312501193192,3.546715918960565,2.4668096229249548,16.145851404320783,5.181482876707579
12.450000000000001,5.509425242248808,3.495674417257209,2.450384293004343,16.0614405893977,5.008434033947973
12.5,5.5002917554815,3.4439013382035006,2.428661543693274,15.975167023172812,4.85054217617317
12.55,5.490188928709044,3.4051683647479454,2.409635153207856,15.902396083507874,4.70516292052243
12.600000000000001,5.476004157405016,3.373764303350774,2.3916905086526565,15.814487987823052,4.533857004873334
12.65,5.463460723395082,3.340995570076287,2.3787426028090013,15.729926313468095,4.357246894666464
12.700000000000001,5.454168734573402,3.3117168521087206,2.3634223444851483,15.66528391856424,4.200793989522057
12.75,5.4469080408167345,3.287289835681383,2.3539079786512214,15.603651118406445,4.0497224995734875
12.8,5.444218550915849,3.2590888126893502,2.3411401169073907,15.551005226215526,3.8777319668463375
12.850000000000001,5.445301057925529,3.238856752985928,2.3293872050827114,15.501338547193724,3.7100409577111177
12.9,5.444141713008585,3.2247748517611567,2.3208192683881053,15.45247140234051,3.56860218424037
12.950000000000001,5.43617981238982,3.201331075990151,2.31386497606066,15.416936737950511,3.411593229974405
13.0,5.434405256233896,3.1881599908555347,2.3066019997639953,15.37216505819118,3.243765078807561
13.05,5.434040281837132,3.175139670006614,2.2950519905960753,15.315511585929382,3.0850811703330367
13.100000000000001,5.431185730998548,3.15255684163848,2.284445124100158,15.279263784818975,2.9216382230243734
13.15,5.420159006459835,3.1437300134790203,2.270698585994134,15.241000884157891,2.7732239503846534
13.200000000000001,5.413230739627689,3.1326797030181774,2.262721089979233,15.194061883165908,2.649814753833247
13.25,5.406787233967596,3.1220790663621254,2.2531539424975393,15.15582701036428,2.5349196181383866
13.3,5.397520762564721,3.1182008877489964,2.243173900054687,15.115600963003391,2.4338016004734535
13.350000000000001,5.385160101699772,3.106087024125211,2.236716744846842,15.071894543483976,2.300605648488895
13.4,5.378741928099419,3.0985777231729688,2.22404342115127,15.028011961109646,2.207898640541915
13.450000000000001,5.3682555862975265,3.08025119587236,2.225506464317939,14.994237606564425,2.122687671650337
13.5,5.368102517529956,3.0728432214881174,2.2147565194621124,14.965423628791775,2.014515470038468
13.55,5.355719046677769,3.06356410758009,2.2005777618295164,14.951107254990616,1.924229405260776
13.600000000000001,5.350927645954311,3.0536643464669946,2.1928075841397416,14.921034313963181,1.8443926377322908
13.65,5.339165891942246,3.049406769912393,2.189395791863277,14.893740425871854,1.7254899087422104
13.700000000000001,5.326076076002357,3.044840678797204,2.1752776954556206,14.865468042754053,1.6146888225350944
13.75,5.305583010563396,3.0229174218518917,2.163418708229969,14.8450979134736,1.4945536169301732
13.8,5.295194613142915,3.011556178354369,2.1532973647426945,14.80722005678687,1.407592722451986
13.850000000000001,5.290490403161892,3.0019453491400987,2.14589073090452,14.78185343393053,1.3404137204501647
13.9,5.2886530614529965,2.993730271498444,2.1379952914313782,14.74856471950533,1.2871487824965049
13.950000000000001,5.277574758524002,2.9786583065900882,2.1225270459499823,14.717206222923583,1.2173705806721904
14.0,5.259170231300276,2.963275065327951,2.108009510254056,14.680375338149114,1.1317950053207928
14.05,5.241385680447052,2.9367997588736565,2.0903460442860076,14.634426215623668,1.050012766338426
14.100000000000001,5.223602528346361,2.9262005586439592,2.0716425901312077,14.589806143469037,0.9945245843292599
14.15,5.202990427641304,2.9023725414052945,2.0422917974796144,14.556490015105958,0.9246939869262164
14.200000000000001,5.190162495152468,2.8754104038870234,2.024664369259236,14.506516440058984,0.8424422423437825
14.25,5.169461504047501,2.852234586315301,2.0073112624913616,14.458062802720203,0.7694216060560422
14.3,5.1555994049738425,2.822764224701964,1.9847548625205989,14.397248168161708,0.7197941970129539
14.350000000000001,5.143029342265265,2.7920345635961463,1.9678509115404759,14.351611576571068,0.6771976576555205
14.4,5.1389211019480525,2.7558843597044342,1.9470887885567054,14.295136564995426,0.6370656506575311
14.450000000000001,5.128360262486148,2.7189535216762604,1.9270032721028705,14.242315640000575,0.578736806137348
14.5,5.1218384404093165,2.6880152026025477,1.9055593149530627,14.191781304684241,0.5544496803348961
14.55,5.123217284118615,2.6510961228455963,1.8866825466288528,14.135498958134045,0.5042623923084776
14.600000000000001,5.116961823006352,2.6276608096072085,1.8558955857665813,14.075207521089062,0.46164146353296426
14.65,5.113754056246035,2.5931458984131326,1.8158579033321347,14.012049202160894,0.41597095925386357
14.700000000000001,5.112878390558737,2.5527209990957376,1.7807841822489718,13.941371652527742,0.37415084557395467
14.75,5.110901554111613,2.5084796292230074,1.7496970469439521,13.866787500292578,0.3868195102968969
14.8,5.111515765395024,2.4626954361716162,1.7195756959971553,13.791848660500369,0.37514829564875046
14.850000000000001,5.111171755467934,2.427543073503538,1.6865280370272526,13.710391743863273,0.369752621102986
14.9,5.11046562305431,2.3791069158435434,1.6501856356448652,13.646757284914903,0.38590226738723954
14.950000000000001,5.125523601107661,2.3511579136708534,1.6179740994014804,13.58053232896989,0.40638319790946303
15.0,5.126828431096595,2.311514713701209,1.5853463231195417,13.52048270365554,0.42714112386940833
15.05,5.13582537955132,2.2742652614006422,1.5591350678171083,13.437824773619665,0.44612378937390684
15.100000000000001,5.137750230194847,2.2360205552839854,1.5301958535210443,13.366936244969757,0.4471946678697626
15.15,5.144522950885237,2.2008236791826095,1.4905861403680833,13.30199052773745,0.4635784228560631
15.200000000000001,5.145654615515433,2.174628228662258,1.448256070390676,13.233061014172122,0.48148867143025587
15.25,5.145680769989385,2.1426389527844187,1.4050420314516359,13.166854691574942,0.504726763571052
15.3,5.149427260592191,2.1160074963328612,1.3560602153819816,13.099719670108986,0.5078396198298802
15.350000000000001,5.145881404142033,2.1025792577441664,1.3112605296524633,13.032359091270395,0.5054431429153278
15.4,5.1424645435328005,2.0772645352991583,1.284259607374153,12.968974953734485,0.5019024670448751
15.450000000000001,5.146382054608404,2.0576411387150895,1.2506162307525284,12.91633361234355,0.5091750971389828
15.5,5.147496784948171,2.04075565775446,1.224275752637149,12.863785742068018,0.5113460950283265
15.55,5.14954522417704,2.029620455689665,1.1862831115514192,12.812457598446846,0.5178887378012412
15.600000000000001,5.149286975056083,2.0157882847375133,1.1512776058235268,12.755924496561944,0.5365789099832442
15.65,5.149568462310054,2.0070993662527616,1.1266048722501765,12.706075949629152,0.5489152804785306
15.700000000000001,5.145346709796346,1.9985034686562617,1.102538716918123,12.665472277556704,0.558403006051585
15.75,5.139193735556802,2.007855531560216,1.0841552142781201,12.630279015797433,0.5660495083576865
15.8,5.136419925608204,2.0020848528928834,1.065298310827393,12.597440929194756,0.5735387321902855
15.850000000000001,5.135945476371562,1.9961706734909213,1.0486233593721033,12.556424077125342,0.5790150577840203
15.9,5.133823288132577,2.0042450493336057,1.0171011189234953,12.524413693152999,0.5796398232813197
15.950000000000001,5.128014280383879,2.0083448787200036,0.9973067643640803,12.504221563711752,0.5877331749252308
16.0,5.1193257537032695,2.017362431428657,0.967937298853853,12.484525937012359,0.5968204922911187
16.05,5.11266085951171,2.036215964071183,0.935034803628033,12.468773762155768,0.6046545866642671
16.1,5.103847621447498,2.072181410698274,0.9114147911104392,12.453098842789569,0.6139047929631644
16.150000000000002,5.0945223736012375,2.094123485360177,0.8871029721781476,12.43905183492417,0.6346553278000365
16.2,5.09547224573251,2.1177755734961634,0.8719975258908078,12.422246706038964,0.6511538517550979
16.25,5.092937038335555,2.137807182757572,0.8571590234515664,12.40511894665906,0.6577450436197257
16.3,5.0868386047739715,2.151814633273438,0.8450893949256816,12.400321857358714,0.6497002872105161
16.35,5.0697353387798785,2.1847639240722563,0.8300632488442213,12.393552269110968,0.6527627146515
16.400000000000002,5.056324998013411,2.198833228149121,0.8022919082500903,12.385212758917037,0.6583122433557116
16.45,5.043737056864006,2.2254022415694976,0.7896464575481265,12.376645560792701,0.6749151656171926
16.5,5.025096669334763,2.2568356320564265,0.7773086750970721,12.37779294026287,0.6805935773317148
16.55,5.007253093402213,2.2892750152959587,0.7656382345216981,12.383370486162008,0.682509522665856
16.6,4.999492297909924,2.322031793319912,0.7596204147344914,12.38123389099863,0.6869114752251805
16.650000000000002,4.977185367745447,2.3550797873303164,0.7586547102054565,12.38463327485271,0.6908650678641485
16.7,4.962316580675774,2.3776069812965304,0.7618414135619587,12.371686102206505,0.6999861033420753
16.75,4.94731266945508,2.3964054060553446,0.754394428130196,12.366901300162342,0.6984255016940438
16.8,4.929024893004196,2.3939400509061186,0.760548026185916,12.371065499931646,0.7062658376727472
16.85,4.9085125239206375,2.392332567943512,0.7625248044344847,12.36288365213791,0.7146899757331708
16.900000000000002,4.8927151135726,2.4131995860562956,0.7681647480506424,12.350199489356324,0.7010216447877653
16.95,4.880933855644567,2.423841152179646,0.7765568937284018,12.340849604821138,0.702300195576194
17.0,4.8694429771875,2.434429429900045,0.7746456939268831,12.334461402195384,0.7023331146832698
17.05,4.854108893785167,2.44441172038556,0.7813345586486131,12.327089261012667,0.7120974103282933
17.1,4.83389182373861,2.445255096372914,0.7957852264021706,12.30950517445336,0.7081725271620982
17.150000000000002,4.8165874606364065,2.4468576396794863,0.8031263731374783,12.29655412506794,0.6952615183751292
17.2,4.7909088396057005,2.4468580065899275,0.8015507658733383,12.280369325209591,0.6897530982800031
17.25,4.766839990856297,2.451411411757784,0.8113255058613713,12.26417404492937,0.6950863764427891
17.3,4.743003275365056,2.4621177807976493,0.8278692463383707,12.259708253952537,0.694610790663265
17.35,4.7229138427621855,2.466493683841373,0.8338588026717668,12.261482298176489,0.6928680480800854
17.400000000000002,4.702635610958434,2.472284650261368,0.8382843292162124,12.23519010497338,0.6939846725186404
17.45,4.691178672219584,2.4878133113121224,0.8467921443886764,12.212643088202677,0.6905535422126191
17.5,4.679216821921005,2.494943721473271,0.855179319792687,12.192618427324843,0.6988364922100877
17.55,4.6602439025978635,2.5012847343916835,0.8546671363028806,12.17061973493689,0.6757486756654156
17.6,4.644192351508565,2.50765857557264,0.8604710157574634,12.137965669528588,0.6591150109453383
17.650000000000002,4.628717781854135,2.5099928089014365,0.8640716926846346,12.115526248609017,0.6595181775476864
17.7,4.620331225016894,2.509126535624394,0.8816837431473333,12.083470105984398,0.650638213917193
17.75,4.600801399201881,2.5176470350015574,0.8877944179021493,12.050188799098564,0.6602041167999763
17.8,4.58051274347933,2.5131473594670712,0.8859369889402083,12.031559733044041,0.648752671281456
17.85,4.57183455898277,2.521535668999104,0.8929489162830916,11.982306955849888,0.6403675966604304
17.900000000000002,4.552482919508048,2.526200770933136,0.8947098044798668,11.955824418475942,0.6332841137794352
17.95,4.548928082888663,2.534470719440228,0.9035335833719675,11.90714099517471,0.6265171856997751
18.0,4.546870365681222,2.526230758947251,0.9066357659738556,11.872395865685867,0.6126026640234351
18.05,4.5343399465950185,2.5336537401277295,0.9103892165093199,11.829500840280337,0.6084132014929672
18.1,4.5277624440491415,2.5323295631199763,0.919067539315992,11.786669181838562,0.5991497183469393
18.150000000000002,4.526015561707777,2.54540108374938,0.918828933307673,11.740488787349863,0.598800185427453
18.2,4.519958928656214,2.539028836542559,0.921392200787772,11.703335961704584,0.5970153779492562
18.25,4.519812901315879,2.541357704947616,0.914320557837405,11.662236778968989,0.5830290035979837
18.3,4.516355157339627,2.547676580175615,0.9108810230523097,11.633761562601084,0.5792940960159778
18.35,4.505323229848899,2.5501845377493524,0.9096327858062515,11.60232794531988,0.5735683710907175
18.400000000000002,4.506061891795318,2.545662335916418,0.903244951479262,11.564999408143342,0.5827944442426412
18.45,4.5012976215832,2.545011806026735,0.8949662047566446,11.524110001201036,0.5785535154080435
18.5,4.493193537740667,2.546122814148057,0.8956920825048128,11.483304637564427,0.5803028144571915
18.55,4.484177199436361,2.5479821682229016,0.8849080082964699,11.43607596121259,0.5730138983254386
18.6,4.473439714948431,2.5452891191671303,0.8750594009477632,11.402345133001344,0.5759185385276218
18.650000000000002,4.467845971072305,2.5515611300789227,0.8696005654750214,11.371999969420962,0.5734545750961105
18.7,4.461354216661464,2.5541521151535314,0.8689327053784986,11.348024955975566,0.5649693540215447
18.75,4.450016101163829,2.5694059044513082,0.8602847131509171,11.320216399543842,0.5658146434009362
18.8,4.436885662316909,2.5731145892792178,0.8431186547440114,11.297093053125906,0.5673572373337827
18.85,4.4259964535968335,2.593882510866644,0.8328512814732952,11.270962844308281,0.5655919103199883
18.900000000000002,4.413317650314898,2.602097562530568,0.8298018306154331,11.262987657363011,0.5729423656421759
18.95,4.396694142661571,2.609039420547601,0.8161878260197413,11.245193519416576,0.5740512818073575
19.0,4.38362123287332,2.6183976407908416,0.8051839671534948,11.226027325439738,0.5849422750807687
19.05,4.364621646496074,2.635526463375605,0.7907766211533702,11.203146464617108,0.5857298056244731
19.1,4.343750762157291,2.6451857216663006,0.7733599729297116,11.188882723280134,0.5888392273925432
19.150000000000002,4.318771480470402,2.6550074620014503,0.7572314341851675,11.176750020643599,0.5942788426532128
19.200000000000003,4.2962395390587975,2.673325055776287,0.7443209100868381,11.164296142886299,0.6057071585104659
19.25,4.272620692151009,2.68245226207339,0.7276681113514959,11.151040737150689,0.6067033829210389
19.3,4.241264999294038,2.701631162270328,0.7229041534359208,11.135077318337595,0.6154702841985861
19.35,4.208389706604182,2.7118777785672643,0.709691681845157,11.138994623520853,0.6169188289512626
19.400000000000002,4.180041542287048,2.732560955724369,0.696999359991665,11.13001652262648,0.6237322405497571
19.450000000000003,4.149051235250702,2.7474052652158663,0.6893437381966427,11.118401006760084,0.6297127867170002
19.5,4.112499397715468,2.7620317671387786,0.6739609576337694,11.117059041428622,0.6437306227076223
19.55,4.078316078540233,2.7783891988627283,0.6630540228126488,11.11282039607306,0.6419202785113224
19.6,4.043415247357789,2.7945381239109484,0.6455123772555992,11.10636211999669,0.6525615208616304
19.650000000000002,4.015513427166859,2.8139385092339078,0.6287909300912853,11.09527233993722,0.6642244820914578
19.700000000000003,3.982938157262712,2.826527525411173,0.6293065849706937,11.08778175739381,0.6699455752167248
19.75,3.946163965963404,2.838782741230507,0.6138427002586344,11.08316771931524,0.6676870563874876
19.8,3.909968689860942,2.8548668007447437,0.6123064095565945,11.08778638273839,0.6751656268155347
19.85,3.8683300594796504,2.8721256908111146,0.5983025035263644,11.074659919049802,0.6707106527168689
19.900000000000002,3.8277254942606715,2.8781138118810174,0.5884934148919432,11.069576082604652,0.6697109717925416
19.950000000000003,3.786746131269202,2.8879925174351055,0.5811627614666108,11.060266448525708,0.674298855535365
20.0,3.7429597596431115,2.9043715426917345,0.5661988933176701,11.043039145215623,0.6697795841685668
20.05,3.6933582881812583,2.9183069316061534,0.5565247242671157,11.045960838322307,0.6747584818014548
20.1,3.6402454403873543,2.930733313756334,0.5480137992783579,11.054882233805788,0.6804177135867017
20.150000000000002,3.5846986214774903,2.94502585124217,0.5330490408439086,11.04373526108783,0.6930909941611177
20.200000000000003,3.5401407314595437,2.958929673637467,0.5250405401376943,11.020967287191176,0.6998634899057112
20.25,3.4915576535008768,2.9728836387184328,0.5102955213653387,11.015385820424749,0.7003667974986685
20.3,3.4384466218580423,2.990942279820897,0.4976553757511885,11.006281540838591,0.7068999872832052
20.35,3.386012907775159,3.000105575834529,0.4853988683891614,10.979715051620863,0.7100492587781398
20.400000000000002,3.3464610951174643,3.0177868494381674,0.47651664488497913,10.955919708593662,0.7166148528869103
20.450000000000003,3.3066512345903822,3.02854224981812,0.47167348668770015,10.939558396646381,0.7143197552420915
20.5,3.256209431318761,3.0265409823999634,0.4643011701239875,10.919174162394365,0.7167998271460693
20.55,3.2038059187718795,3.0313763345423714,0.462520365478161,10.907844348983204,0.7143728314612106
20.6,3.1623585529771963,3.037683625624803,0.45951129709839694,10.884049125435789,0.6993513669996699
20.650000000000002,3.1308040699616164,3.0450465860078046,0.44904354011916114,10.849197871971345,0.69943943413753
20.700000000000003,3.1031287848513154,3.044899539997556,0.44422833727138694,10.819315784718924,0.7026255836152352
20.75,3.0672472786436353,3.050504720445366,0.44034943283290046,10.802236496938542,0.6961549213378998
20.8,3.029639284935027,3.0519891105109065,0.4287874326425885,10.782841703954125,0.6885812338734245
20.85,2.9996108286754035,3.058655022983782,0.42108773687274614,10.76159203145055,0.6987006216856323
20.900000000000002,2.9628683744024333,3.0609720623019596,0.41580909070897093,10.726296796789816,0.6872597829970967
20.950000000000003,2.9454556599263637,3.0640705886693076,0.4094099395353403,10.698981857209784,0.6914895277372985
21.0,2.9175982979090116,3.071869455806386,0.4079614574356891,10.660915131568556,0.691683252961823
21.05,2.9011381074670077,3.0777355653858423,0.4019135095797535,10.623396832743888,0.6762237932563637
21.1,2.881649493051649,3.0727277389052325,0.39387708601277754,10.590778437389268,0.6641526482833724
21.150000000000002,2.865408451328349,3.077228654292451,0.3828340721664884,10.545018069108448,0.647790158182703
21.200000000000003,2.8505519840387956,3.073557260429056,0.3777798535008126,10.496776179366831,0.6374389687753751
21.25,2.8351539793802183,3.0707939654429395,0.3830644761176148,10.43927711138082,0.6285515987268642
21.3,2.8223137640330966,3.072459835368419,0.38182729426711065,10.399049797482586,0.6208758519013188
21.35,2.816451959781521,3.079073857367298,0.38353568730887716,10.349594130213974,0.6274291127010431
21.400000000000002,2.816078831354439,3.0877923947250436,0.38165872855041333,10.306152407240763,0.6295097283570038
21.450000000000003,2.8025622557346144,3.0895115663650956,0.37964488376212346,10.263528332738806,0.626919849015261
21.5,2.7908625016856528,3.097080800521065,0.3808899249592539,10.21344755673012,0.6148367663210105
21.55,2.7871961433141297,3.1013167003043263,0.3806155734070997,10.166763494469143,0.5947727526078991
21.6,2.78458342358743,3.11144086840673,0.3814899435184417,10.134717982117293,0.587118985992778
21.650000000000002,2.784176638493156,3.1266367932739003,0.37982639923700684,10.101892908305734,0.5712760738563124
21.700000000000003,2.777229414444766,3.1396558232586584,0.37043956705167375,10.064207280108207,0.575141185931547
21.75,2.7642506435539214,3.157418300135291,0.3690959809293366,10.039157238731049,0.5605947610112014
21.8,2.7629503957929935,3.1801093197232326,0.36040059048397954,10.000070536553896,0.546074966805507
21.85,2.7637736452577912,3.1894132406401727,0.3592312817686893,9.970192112658328,0.5275711606415429
21.900000000000002,2.7650902912489284,3.2116351188634447,0.3503389988673636,9.925867782190478,0.5193794679370843
21.950000000000003,2.7733503091668967,3.2265525188652524,0.3522770066600044,9.874799738570559,0.4984268900335157
22.0,2.777221847209,3.2466358408324685,0.3502667944450268,9.842133462107157,0.4778497389088415
22.05,2.786695722971927,3.265156603687181,0.34657217429423487,9.80007106075337,0.47181464448086013
22.1,2.7940272256245464,3.284392144662007,0.35105578675391913,9.761691327870894,0.4557637955525041
22.150000000000002,2.799316072648083,3.2942237343653598,0.3490837270061215,9.733513885539127,0.4283675402020339
22.200000000000003,2.803283434154984,3.3082706700200357,0.35240954609926123,9.699664997328052,0.405979460980827
22.25,2.8100813494542107,3.3170671921827077,0.3607733436304202,9.663094188426655,0.3916470360691475
22.3,2.812721290801139,3.329753996980703,0.3698771624578697,9.632964913341022,0.3540779169531751
22.35,2.8183784441527266,3.3362564528420586,0.37452306481272285,9.606738573132716,0.3194481057500464
22.400000000000002,2.8200038154228,3.3458957038806085,0.3901093853556161,9.569979000529875,0.29003640245466306
22.450000000000003,2.8262051748265997,3.344612461584325,0.39803407373765176,9.535220097605238,0.25669810793667025
22.5,2.83121105671945,3.346140190453113,0.39750162956250146,9.501548401005397,0.2560407207472982
22.55,2.833889796724255,3.3460523185947775,0.40787150927930077,9.463426829447569,0.2605873176685143
22.6,2.8338623709011843,3.3634523211393703,0.41509963515502635,9.448076616384592,0.27843760967990533
22.650000000000002,2.8357600973341013,3.3789994622035295,0.42249543126080513,9.432053901841144,0.2747783652825585
22.700000000000003,2.8297469091738945,3.387223207675272,0.43249395006810715,9.401967174734155,0.2765557103341512
22.75,2.829464775980275,3.4036993306071435,0.43702292542876103,9.367166034864075,0.29332223906442206
22.8,2.827496846409859,3.4171374330971047,0.4450095546913031,9.346649063135972,0.2894689816885896
22.85,2.825488879158788,3.4286713671926545,0.45281511091542576,9.325446136743576,0.2700555816812614
22.900000000000002,2.821928988708493,3.4406192775752373,0.4554250531432434,9.301895020332864,0.2657755419337966
22.950000000000003,2.8210092518678067,3.4566374053374243,0.4635225971211027,9.290211837719655,0.2616993998654216
23.0,2.8222075416963195,3.4671699845820814,0.4761850507071706,9.284193203141522,0.245301340429438
23.05,2.823234104146124,3.4812470630329684,0.4818838171775144,9.280810273348287,0.24761284213478899
23.1,2.8234402618706884,3.501686425220278,0.4857515734245613,9.26125139428815,0.25242431715260627
23.150000000000002,2.8172050559514665,3.5097907813679448,0.4890860132267151,9.244897130348761,0.24598597175659054
23.200000000000003,2.8156685524614815,3.514516676373945,0.4886009048418655,9.236191258222117,0.2558691020771248
23.25,2.813033666567998,3.526009115149041,0.49276051414401106,9.21142001849184,0.2524932533069285
23.3,2.8106586845619823,3.530771865590156,0.500462156410681,9.190803593055392,0.257308343650557
23.35,2.8051511107227127,3.54041313466971,0.5030776695227889,9.177666132273359,0.2657258498885855
23.400000000000002,2.8000998623117392,3.5453352526602595,0.5075243641873777,9.165943450028124,0.29940900157001876
23.450000000000003,2.789170458789018,3.544723807827915,0.507751393012218,9.149454614228189,0.32022545285214044
23.5,2.7789453317843673,3.5540576595836257,0.5068189487338831,9.134565094346511,0.3469739221800688
23.55,2.775234997588248,3.560064049780907,0.5092340701865279,9.108965925497198,0.35388570415945647
23.6,2.7630933779094207,3.5635752733616717,0.5133479353543684,9.108526464573606,0.3701234476627123
23.650000000000002,2.750889030244633,3.560327628437264,0.5137704008603325,9.105108954336872,0.39423632597385216
23.700000000000003,2.7416021822059427,3.5607709487030665,0.5260951229378154,9.09863475677098,0.4140561476129666
23.75,2.719150776610011,3.5624878351935654,0.537520436848062,9.094854702202635,0.4046463712268285
23.8,2.710483654390163,3.5602882495169537,0.5332644836305378,9.084429385478142,0.3785789549237529
23.85,2.691361983111864,3.561131886582575,0.531895892956671,9.07454690131802,0.36218106024221847
23.900000000000002,2.6835580607508076,3.5542235665259176,0.5370183749185801,9.064312579283198,0.35880377190013274
23.950000000000003,2.6707916113274703,3.552371841251527,0.5315311887987064,9.051226136650548,0.35007331536650593
24.0,2.6606896110490994,3.5451812980598927,0.5315743897897001,9.041095074584076,0.35917469435898486
24.05,2.6412471810858755,3.5386563465956145,0.5315493354603961,9.028074972094538,0.3578126327957429
24.1,2.6293837511434504,3.523357763654248,0.5269992713759767,9.01277466483789,0.3603217112817742
24.150000000000002,2.6141962471526545,3.5256128589865465,0.5161105144523909,8.997013197745162,0.36180499523098814
24.200000000000003,2.6044738859985106,3.5183818803570617,0.5123524393806265,8.986491012820498,0.370123411330124
24.25,2.5931492265273457,3.5196758467666154,0.5221322402813438,8.98413237182429,0.3878333872930756
24.3,2.581960648728124,3.521804050442981,0.5217275207571918,8.986014045935711,0.387907666400877
24.35,2.5697941087790497,3.517687400100729,0.5192335141016228,8.971613122035636,0.4037105541520958
24.400000000000002,2.561947208359237,3.5176120657296712,0.5216246174012412,8.963399137602932,0.4023671196602691
24.450000000000003,2.5581849691044267,3.5085223537814185,0.5153998179118952,8.956753900318073,0.40873683916331166
24.5,2.5499070626111577,3.5023106314808636,0.5122872709295535,8.94365047801702,0.4167963328849091
24.55,2.543092863511801,3.4971741773432434,0.5017443265634659,8.939686455561752,0.42379839503419403
24.6,2.5436852429306978,3.487497736901396,0.4927630036064839,8.92008755428709,0.4311848659546241
24.650000000000002,2.541907412056912,3.479715273612996,0.48481705098034544,8.916979169560125,0.44422591946662054
24.700000000000003,2.542269516667533,3.47649399331637,0.47610521226010794,8.9056399207114,0.45632558021866415
24.75,2.5385742718134763,3.4712006941017775,0.4631266426489314,8.906838125703192,0.46524704100951647
24.8,2.5331453078187893,3.464990222161909,0.4569880809764709,8.905018529610052,0.47004756646092627
24.85,2.5262182515500866,3.4710356620416682,0.45359252213070783,8.897081578222593,0.4754928141970467
24.900000000000002,2.5269418335131593,3.4699081291837937,0.46761303895743245,8.894429474474965,0.4925880442847849
24.950000000000003,2.522973085453377,3.458517139195321,0.467010134454747,8.886697049253844,0.5015448439012555
25.0,2.520724876917186,3.469460551630301,0.47186375787728246,8.884683627786766,0.4967671970703879
25.05,2.512147844139343,3.4670488302573186,0.476687984728288,8.885558997832808,0.5016859978561339
25.1,2.508135524323009,3.4565710697412544,0.47653121967289513,8.891904738314858,0.5106232232165224
25.150000000000002,2.5012616457499584,3.45074709880915,0.46369221534246785,8.890545381758344,0.5155033372089551
25.200000000000003,2.489299573622565,3.452721560128223,0.4538062096929038,8.88795973289675,0.5202138035057958
25.25,2.48012392620341,3.453997498075722,0.4373663284674037,8.869273142084397,0.5189043119286163
25.3,2.4805222127958197,3.4495745817031653,0.43851046870819366,8.863597400798056,0.5310864666213413
25.35,2.471213434564553,3.445790897493371,0.42392733147275086,8.856167378512291,0.5314736580454026
25.400000000000002,2.4694712569180717,3.442932116117812,0.40779234149917853,8.853641823146672,0.5329142382873139
25.450000000000003,2.4623792264994924,3.424796054893114,0.4018027569756437,8.841833824093861,0.5444825026521459
25.5,2.4566365312226988,3.4298036772640086,0.3913055830163498,8.836395291596931,0.545636577627402
25.55,2.4511159208465987,3.421363652524025,0.37557443998786044,8.830312675841927,0.5555610849481899
25.6,2.45545847937216,3.418112381558456,0.3599629230509024,8.823884229499527,0.559727256346961
25.650000000000002,2.4514622305419795,3.4177230236370417,0.3448830460451465,8.808869012946978,0.5713931956242436
25.700000000000003,2.450644816107121,3.418251815347856,0.32694913298801787,8.816225682745364,0.5724848029550579
25.75,2.4425261328093484,3.4134641518481854,0.3064292306745049,8.809807120537002,0.5719924873997662
25.8,2.436923894343808,3.4096702517640916,0.2936925927137595,8.804962457729008,0.5717092108694299
25.85,2.4282678113470197,3.4143499825175074,0.28228976236098097,8.794839989596971,0.5854762874045271
25.900000000000002,2.417648302628824,3.4157356765315834,0.2640940199011474,8.794117672252623,0.5806858747484193
25.950000000000003,2.4152347861010988,3.4261946916334467,0.2443111623993468,8.789107100194666,0.58049572241045
26.0,2.4030867258895885,3.421936156746833,0.23368618367991129,8.793975173011692,0.5836783443853756
26.05,2.392930959659429,3.4222646923567597,0.23229007966716042,8.792654352387636,0.5903107995038347
26.1,2.387615605151358,3.4194961648963202,0.21957758724414297,8.79571619475101,0.5865666384731621
26.150000000000002,2.384423474102763,3.431607749192445,0.2194224303511395,8.79423955050826,0.5864176210811927
26.200000000000003,2.3799827364914394,3.43264592828579,0.21554028345212595,8.791311663031019,0.5831879695758774
26.25,2.371788208469795,3.431700450323866,0.2047544202125382,8.793308000180334,0.5846881567417856
26.3,2.3652036447148546,3.42176364900901,0.20526292530454324,8.801080170865157,0.5787820157767739
26.35,2.3678918642455984,3.41893668935124,0.19841106648088305,8.799530140165265,0.576506829045828
26.400000000000002,2.3550764784076375,3.420951984049046,0.19035886768866128,8.799791350898895,0.5729810898888151
26.450000000000003,2.342867025693032,3.408033940986518,0.18609945075955578,8.795858076297195,0.5696145333366334
26.5,2.329296765389931,3.4197490273259286,0.1810117573402576,8.798948621695162,0.5611072921489559
26.55,2.326086987916818,3.4107378559690877,0.1737443732614119,8.802953062292998,0.55259551705594
26.6,2.3221510566003003,3.4051350156244555,0.16173461730627905,8.791339607441877,0.5492972660722347
26.650000000000002,2.305989160276115,3.4042285134732797,0.15231711223000613,8.793306025927846,0.5534033107649533
26.700000000000003,2.3022012072838978,3.4073235952802516,0.14919972692801065,8.789192561835685,0.5473390432150127
26.75,2.2942506972278776,3.404175751736276,0.14133226370486315,8.79024445480389,0.543802328782084
26.8,2.290084989330524,3.4068798498566655,0.1284230794563268,8.79012057937487,0.5410490480520992
26.85,2.289506360600434,3.413067072333851,0.11493241130818156,8.79814231694875,0.5579180040390593
26.900000000000002,2.2850225376241244,3.4126677401427075,0.10428370962054508,8.799506833655002,0.5669085353273279
26.950000000000003,2.284513500596357,3.4201100016228625,0.09408084038276367,8.7923697160606,0.573487090135616
27.0,2.277935306226852,3.4180966997789515,0.08600292501557957,8.77385728340374,0.5755310159202615
27.05,2.2793094810263432,3.4118459433336255,0.08323200390294117,8.774682186356594,0.5841157831759759
27.1,2.2761450463630273,3.415738457039948,0.07302586715920921,8.778339132779747,0.5819717045957601
27.150000000000002,2.2749048511337957,3.4215239027265714,0.060367727997377836,8.770092427734467,0.5833126691231936
27.200000000000003,2.274233507266473,3.408154324209063,0.05482475315473642,8.756182159392857,0.5842378841146726
27.25,2.280525875483175,3.406246809438959,0.050148507328153055,8.744616458284275,0.5879157567688128
27.3,2.2917260174838257,3.415415768630155,0.049719001445397544,8.72564782895857,0.5846091471352183
27.35,2.2954699705949797,3.4110049629923855,0.05221925723654387,8.730137023581904,0.5919060638796401
27.400000000000002,2.2987579269720504,3.4055096283056447,0.04980333898864604,8.714663839482268,0.596614473069614
27.450000000000003,2.305162499264274,3.4129205313886115,0.04992697951430015,8.709715217937555,0.6013758161089044
27.5,2.3070813497430604,3.4218464694147186,0.052165232160384364,8.694064993945782,0.6157183319591845
27.55,2.3063776356443277,3.4189575420339753,0.05478400234190766,8.693926246646804,0.6195260472002444
27.6,2.312560153573645,3.422294136982995,0.05775398490801358,8.6828778102219,0.6238448514445802
27.650000000000002,2.3118748899795167,3.419954195305205,0.06231602632485192,8.669112535279893,0.6260365707592993
27.700000000000003,2.3116794023970955,3.4264480150900725,0.07204263825624588,8.655828851030243,0.6231964768018345
27.75,2.3133808611789943,3.4249301932218854,0.08224625232209344,8.64385556531726,0.6200175252872239
27.8,2.318079963342949,3.427372802840216,0.0887496070970276,8.635313268470332,0.6343536921909029
27.85,2.3277562602375803,3.44724838607628,0.09188161644203822,8.632680416251594,0.6267438109308872
27.900000000000002,2.3377484478621438,3.449427386843938,0.0984746810677783,8.616756495213782,0.6427247286932796
27.950000000000003,2.3444143907913357,3.4568700741687377,0.1094846646769374,8.609982339248024,0.6539397288964139
28.0,2.3496105802942333,3.455017488850875,0.11916777191129853,8.608757192199077,0.6558426124367533
28.05,2.3606086097715924,3.4653646355059085,0.11893459970520966,8.59996416280133,0.6541780461591202
28.1,2.362473382324487,3.4690021852685744,0.11720697364185534,8.597966514868007,0.6500562784917422
28.150000000000002,2.3643143182446313,3.481633661811031,0.12365322395445948,8.584719484542685,0.655893972280039
28.200000000000003,2.367251986840841,3.48124154583098,0.12471624108034066,8.578807109535157,0.6497051898192543
28.25,2.367770912498411,3.480689730194102,0.13462778156058858,8.577836026639625,0.6466744512300325
28.3,2.3700706920783072,3.4974260761938507,0.13823873385464464,8.5729160225604,0.6474308393506967
28.35,2.3688552124632474,3.498347765550928,0.14432017849346784,8.579128728068005,0.6584357198143254
28.400000000000002,2.3679689733326312,3.503327560597298,0.14967176743099397,8.570552186692186,0.6629623824401616
28.450000000000003,2.3662711845847446,3.5085403244922473,0.16295208240223738,8.58249753777526,0.6580784223631284
28.5,2.360080947486505,3.5144311392935257,0.1740396660189305,8.575698135705881,0.659158833838069
28.55,2.3516491606737038,3.525662341232499,0.17762447552820604,8.565724998366282,0.6643165559446879
28.6,2.3482946949634558,3.5249058340676043,0.1786836068994244,8.567858250721885,0.6662035223601215
28.650000000000002,2.3329172343311653,3.5313759067720047,0.18216104552613266,8.576973898961624,0.6558096159180234
28.700000000000003,2.328887245478953,3.5422605239568994,0.18330594698038596,8.580074656864802,0.6490419977980108
28.75,2.3150740072872233,3.5430367055044925,0.18239465109558392,8.575758951386373,0.6533815849240124
28.8,2.305121698641474,3.5468159816863856,0.1769153630944815,8.571399167840823,0.6368522828544593
28.85,2.2940821815836805,3.5486074624717525,0.18343884479172692,8.567197182949604,0.6234661629439097
28.900000000000002,2.286681162558292,3.551702025697601,0.18722088024055658,8.562611161376209,0.6266474943079369
28.950000000000003,2.2750423874708776,3.555359462180781,0.18195455696840662,8.564449090363274,0.6270330202370372
29.0,2.268296755722516,3.5486638754385726,0.1857833146522916,8.564956777058176,0.6137899691640818
29.05,2.2624681149035895,3.5504978762554282,0.19148136881863798,8.554769912035702,0.6130127348027516
29.1,2.2495456474989144,3.548969733380967,0.19743767795406664,8.556616207978903,0.6012596816811454
29.150000000000002,2.231114347073484,3.55397801863095,0.21263583109636083,8.55363471676383,0.6054759747837604
29.200000000000003,2.207155510848543,3.5693455606689266,0.22641114081528185,8.569614649927972,0.6165434650336109
29.25,2.1902356837930173,3.578670050482998,0.23943514720842274,8.58773719415498,0.6281136985251192
29.3,2.166362285764025,3.5905322937501354,0.2515494227785687,8.589764934174708,0.6324319754248677
29.35,2.1476519205641336,3.6155287694332765,0.2576194338955587,8.584684732430436,0.6357428201164845
29.400000000000002,2.1267489312940477,3.6321379819238464,0.2604270450621934,8.595321125591475,0.6396998750259724
29.450000000000003,2.1029474153379017,3.6419130475086114,0.2674164519759635,8.592929635858619,0.6463936474460911
29.5,2.066758118565329,3.6406633878467645,0.27110554465929915,8.593229970747402,0.6610832893486133
29.55,2.0364935569362133,3.6500315128761036,0.2742620902077346,8.594172612565174,0.6716905693932567
29.6,2.0044252748450804,3.659567255176832,0.282516121149252,8.587297310682901,0.6798302505143597
29.650000000000002,1.973784545336548,3.668104357314242,0.2805539056972876,8.604693027882726,0.6900816774579747
29.700000000000003,1.9459749554293522,3.6762589606165235,0.278492703334306,8.608055357295646,0.6829718805568151
29.75,1.9133595380016108,3.685509318154351,0.2699337417826521,8.59837746916389,0.6777583654145903
29.8,1.8810762372914145,3.690413641736204,0.26483566881785897,8.591724098749436,0.6745831426973155
29.85,1.8607005482148498,3.694028908393084,0.2659759321039573,8.583678125782946,0.672294356797601
29.900000000000002,1.8350035243312375,3.698134893561966,0.2718399738275332,8.570638724137241,0.6739231988635932
29.950000000000003,1.8040807614475936,3.701790807988571,0.2793028186900122,8.564829306748784,0.673546284901129
30.0,1.7767226040175301,3.691991822465149,0.2792323276951703,8.55803525229085,0.6671719410791895
30.05,1.7549032154103574,3.6932628039588975,0.2812795666900398,8.551452280146881,0.6727949200876552
30.1,1.731474249827546,3.699005349243257,0.27742100062103625,8.545738890950027,0.6575951991014354
30.150000000000002,1.7069973857511185,3.7015673569217022,0.27470375275854664,8.529130259142018,0.6544944965587995
30.200000000000003,1.672878294704335,3.6980148426980075,0.27505160548601254,8.524670305549499,0.649040453233079
30.25,1.6511269085033948,3.7044951551038285,0.274552086281003,8.510334492872525,0.6422839416033176
30.3,1.632707681995325,3.7025267992117836,0.2664806773702052,8.494540145554174,0.640046227671452
30.35,1.6079709589299527,3.695233919642927,0.2660117919144268,8.470060567988185,0.628582919561696
30.400000000000002,1.587207989950553,3.6927308198989044,0.26245338730459056,8.450722280495537,0.6207939530563009
30.450000000000003,1.5722764499925015,3.6925367753424365,0.26689615164600666,8.43225273146305,0.6241195837481938
30.5,1.5445270417993047,3.69750498591814,0.26136389905586516,8.41078071106209,0.6145896693723334
30.55,1.5204089423157756,3.699103154597968,0.26130455480855247,8.395622978661036,0.6108344137600047
30.6,1.5011843113414132,3.7072742385719457,0.26276444480318106,8.375386906134322,0.6062927649297893
30.650000000000002,1.4818273098899888,3.7063899632918,0.2605385596759887,8.372489008403477,0.591609538016846
30.700000000000003,1.466619783804567,3.713250675039824,0.2636326939060662,8.347369344508033,0.5773309020596604
30.75,1.4502556645438462,3.7151024996568327,0.26963403173036044,8.33172779934164,0.5787417563436856
30.8,1.4371062709147515,3.7141556108912726,0.27646390992821446,8.316751285756276,0.5742355005117622
30.85,1.4127280153113746,3.7226627943525643,0.2755719824663778,8.315262731988073,0.58550676421141
30.900000000000002,1.4113495839364059,3.732587074575949,0.27520201268994154,8.294642945547139,0.5698835358298994
30.950000000000003,1.3935370613917368,3.7209081540177027,0.26804966265102215,8.281470504794305,0.561372194589479
31.0,1.3830958645912945,3.7275827154941426,0.26341057214172037,8.25761257058598,0.5304111693413917
31.05,1.3683323442918618,3.7313590372359493,0.2543891822841489,8.235619066961643,0.5129679633014104
31.1,1.3602418894480726,3.735714882169214,0.2410255231207298,8.208539596429457,0.47693690262817745
31.150000000000002,1.345219422617811,3.7376489772482513,0.24962716787716543,8.185572069591888,0.46732599470864555
31.200000000000003,1.3364275189605093,3.743793845490743,0.2500747192733035,8.169757056896774,0.4657748256571608
31.25,1.3299076021816492,3.74927089387615,0.25265489631261795,8.14885876176116,0.4417666211575348
31.3,1.3212757456619582,3.745379207262436,0.2519547250726915,8.134847370745577,0.4165011108173851
31.35,1.3147234425549734,3.7542098393210175,0.26127658072089915,8.11735746401544,0.40193116100857385
31.400000000000002,1.305478761057236,3.752525224895548,0.25398967709203996,8.103074392590655,0.39219410180405273
31.450000000000003,1.3008990513566543,3.7584717805732146,0.25341794965366393,8.079864679645897,0.38744735956535925
31.5,1.2949385261590332,3.7606463576852023,0.25765831562828356,8.074766518633119,0.37695184626420924
31.55,1.2884060599164182,3.760049504741654,0.2557517516005761,8.05307742702245,0.3429372501709155
31.6,1.2837143160320617,3.7667147333244277,0.25555442024105657,8.032161138367952,0.3086491865881011
31.650000000000002,1.2847432635290628,3.770999093290988,0.2668387767685806,8.026301674131567,0.29363858397001635
31.700000000000003,1.2781741115566418,3.7660048395841903,0.2649992517304721,8.019860352159604,0.2646813703535848
31.75,1.276791600416136,3.772043484214444,0.2638557757140093,8.00898421579633,0.25442616028173076
31.8,1.269507775676393,3.7777486803621834,0.2623655529902486,7.996748458275839,0.23413902502891754
31.85,1.2637772123797508,3.783719880800571,0.26145641397537545,7.9804007562549835,0.20386537758982737
31.900000000000002,1.252363057161943,3.7813913630433937,0.2542623038437119,7.967236441255789,0.18483725788783142
31.950000000000003,1.2457951442438904,3.779450411553361,0.25136030532689285,7.961153893206449,0.15667151628878204
32.0,1.2401312781164415,3.7858300389211057,0.24573345165044225,7.946773393695263,0.14141953835216256
32.050000000000004,1.2328625078433793,3.7847401612008884,0.2460520967199656,7.935495102310925,0.14226509043054936
32.1,1.2288630235419251,3.7822176040888147,0.24162821910876278,7.905190125963775,0.13326341248216994
32.15,1.2205885019304032,3.7781719551492126,0.2442954717504916,7.894390732801897,0.13303254482895988
32.2,1.2151800878208103,3.7764739816055424,0.2457817156748981,7.880066986983452,0.12878028643603412
32.25,1.2012105850232297,3.777055864413289,0.24314674836865033,7.866431923673882,0.13202610510780402
32.300000000000004,1.189172585735223,3.7756311386121544,0.2399842840120221,7.861182071124577,0.1361029298094411
32.35,1.184758299532539,3.7669418047504157,0.23155147576074428,7.859741533733905,0.14548420261784034
32.4,1.1738375241424825,3.7702478447407857,0.23900512483975514,7.85557959755646,0.15183205537761868
32.45,1.1642695478320428,3.764028947055618,0.23332525046311264,7.84281637957951,0.16083469597881453
32.5,1.1496223647852823,3.765697748342714,0.24115085701924063,7.838269979182636,0.1664099735506005
32.550000000000004,1.1449370525439095,3.761508860841916,0.2369046596776374,7.808130598694227,0.16986977453181037
32.6,1.1414065486473253,3.7661065804396254,0.23423385990023707,7.812248272425949,0.17423423335224897
32.65,1.1266165772224601,3.7655736777102744,0.2296879624252304,7.801960020088772,0.1680785497871572
32.7,1.1185009307738387,3.7680972879288097,0.22939812467484805,7.7892537272238895,0.17549360419885918
32.75,1.121253750969912,3.7622866047414303,0.22747256072951377,7.7719600966063345,0.16848630611032897
32.800000000000004,1.1173646365721104,3.761046409308182,0.21865277681732964,7.766789116351041,0.1837097884516148
32.85,1.1170015857009552,3.7672549270710842,0.21038822449164646,7.755322148796063,0.186232037750463
32.9,1.1188120194128484,3.775433263745627,0.20786234832524997,7.7418426525347614,0.17669111291032646
32.95,1.111292595145345,3.7851155055298786,0.20190355030716972,7.7423315842008416,0.1753926821394399
33.0,1.1069360203952305,3.788892101332959,0.19387196714952776,7.729795255037578,0.18118566120787474
33.050000000000004,1.1095976979497446,3.79258616592625,0.1870440510814168,7.726139375916684,0.17896637228821155
33.1,1.1178363395208095,3.7930129594401167,0.18751736889563395,7.715216875616573,0.1767122438973072
33.15,1.1179931252192936,3.7985752270315674,0.18574192708528983,7.70810703957704,0.16888849821832852
33.2,1.1205811971585438,3.8076778844565804,0.18373929252169685,7.691108852763045,0.17450201214200822
33.25,1.1174205780876956,3.803744513255616,0.17798168008859863,7.689578626512398,0.17954968397675278
33.300000000000004,1.1149102080783697,3.806932840832508,0.17261467064438435,7.6712093325417055,0.17663763797649987
33.35,1.1199888064160586,3.793766545215107,0.170744242424699,7.657847969920083,0.18330566396316164
33.4,1.1161608426806473,3.7946978505207163,0.16717083098709526,7.642307604741415,0.18330268165231622
33.45,1.1139351972198657,3.7898672464344925,0.15954999309915863,7.632983731614545,0.18485969770597935
33.5,1.121832910469045,3.7926828714589886,0.14932279585512642,7.624462090473526,0.19563030219936806
33.550000000000004,1.1157240836273574,3.7933360305841015,0.14100064210731406,7.613584096652851,0.20414547731895066
33.6,1.1206899532544576,3.8006131246830357,0.14833681087961437,7.603571510935354,0.20333428792807398
33.65,1.1225959959579392,3.7925848388753685,0.14860034520595525,7.591505118798186,0.20538292867174865
33.7,1.1265277560180598,3.7981752265678197,0.13521541274063323,7.579069346461946,0.22123445529760602
33.75,1.1290516217035627,3.7990890544388907,0.12440655693782926,7.577092955542788,0.22074326454134585
33.800000000000004,1.1251390041679739,3.798635632280212,0.11392217870669984,7.556631644711615,0.2244058573040267
33.85,1.13128588579851,3.788718632827983,0.1104609024959508,7.553900915124854,0.21463683111008514
33.9,1.1337341829281005,3.7914341795394515,0.10475016805281866,7.547205306283631,0.20990643738336756
33.95,1.1341334752655527,3.783409909834947,0.09960081631219664,7.539792021044616,0.20392848001246527
34.0,1.1421099092429952,3.772574891272149,0.09517321653559306,7.522551217050373,0.2090204082088699
34.050000000000004,1.148801660526261,3.771217088554539,0.09320392180622553,7.508398339556628,0.21832734741534418
34.1,1.1558313674385887,3.7612846610970734,0.07820397238920135,7.48578621522595,0.22638445991716405
34.15,1.158151196071328,3.754917542396537,0.07836653607899968,7.474258528122046,0.24116546912800993
34.2,1.165852733166937,3.7382649893292315,0.06329063177927516,7.462662248331725,0.24143865360475142
34.25,1.1642640462895875,3.73310303572295,0.056786061880421464,7.45193698985455,0.23580722028047926
34.300000000000004,1.1706492835648958,3.7314491327330344,0.050167004840961225,7.4393549646207315,0.23949767202801478
34.35,1.1715669444121484,3.722237858452626,0.04477254456385469,7.428681710094346,0.2412535853819044
34.4,1.1743956018325497,3.71916159942889,0.039214833484124516,7.406398098279867,0.24104089317004365
34.45,1.1759866617190533,3.709253984905153,0.037222307047949675,7.391559260888145,0.24609165246546805
34.5,1.1898234233489937,3.7031355829726627,0.02985633368274028,7.3749690067056415,0.24642179807548079
34.550000000000004,1.1974292788574088,3.695279552271859,0.026211435014379572,7.355927755058153,0.24398028560153176
34.6,1.2051135962887811,3.6881951707789655,0.02394410277215714,7.3453414184431,0.25151654998592243
34.65,1.2104655580431092,3.6764285647380857,0.015311101435978037,7.331688428449287,0.2626675191139723
34.7,1.213772155808832,3.6724711922612596,0.008914498963912557,7.314866456436822,0.28096933024693005
34.75,1.222630534023489,3.6639902831894786,0.021379483305988958,7.296836335813358,0.28031518410027284
34.800000000000004,1.2302188836939398,3.655685589864782,0.021331169469811416,7.2803617969986885,0.27798388887797043
34.85,1.2243379895376636,3.6510746775090577,0.024148519434515823,7.253891706110893,0.2675557547622772
34.9,1.2233177749293849,3.6392325732996764,0.028124579245705772,7.235261466019858,0.2643829394742792
34.95,1.2219257737311715,3.6289270058674243,0.035406764926078214,7.225354027878841,0.25208823248241563
35.0,1.2269493199219053,3.611663990293493,0.03338632483161407,7.205660518535745,0.24906316497217304
35.050000000000004,1.2306587437182672,3.603669695936981,0.04711329259368224,7.17860526606239,0.24603731209227284
35.1,1.234113906757195,3.5982303831908866,0.0497714039159578,7.1611828276656535,0.24618862973236577
35.15,1.2372215080166016,3.583607342504154,0.058947650028054244,7.1499770664722,0.24252807191153367
35.2,1.2400471817387755,3.5744425673732496,0.062015588012002264,7.13826465477263,0.2431689911170608
35.25,1.244111162174891,3.5619579988682926,0.07522153257056596,7.122133287674629,0.24162173020867614
35.300000000000004,1.2411827059436782,3.5552774483123164,0.08563132543931125,7.1083458196743505,0.2527421176872037
35.35,1.240854874331666,3.5500840035952916,0.09536538202526512,7.088823959396032,0.26382535144327635
35.4,1.2340189832797324,3.5422291309060316,0.10295818832739102,7.0868943855461275,0.2738574548259107
35.45,1.2329468335365028,3.528291583011997,0.11215345462161196,7.076886072094761,0.28576737293981264
35.5,1.231865479060898,3.519315405864421,0.11767843355513585,7.0698963820994445,0.3045828118447743
35.550000000000004,1.2284958595463231,3.512809166541177,0.12960177121852967,7.061505289922435,0.31716879797151126
35.6,1.2220955382478529,3.5085676632991403,0.13845578406334372,7.048471725866429,0.32911936104952694
35.65,1.2248759204036308,3.4982936257951467,0.14200435510402631,7.041771903468032,0.3355979228734742
35.7,1.2205396046363859,3.5058925282125304,0.1502926963070114,7.028825068162781,0.3458623372881199
35.75,1.2115930873073495,3.496890518413683,0.15932898241926483,7.026909962562525,0.33525274915098335
35.800000000000004,1.2089834843347904,3.4968115099251267,0.15967724638606204,7.020984519826385,0.33239216522967285
35.85,1.20402008972182,3.4953228357597617,0.1654040353102164,7.006516773345312,0.3284442554346796
35.9,1.2051331580718343,3.486776247921234,0.17101215005960413,6.989723584919621,0.31708133744029376
35.95,1.198042578953011,3.4962202342300994,0.1757414327188877,6.994491852289514,0.30576819166154584
36.0,1.1896783919786724,3.4957347128636944,0.18248882035089492,6.986773798346368,0.31665034364023525
36.050000000000004,1.1798746106053741,3.4909753447092116,0.1905444646174883,6.982451479271278,0.317597372978086
36.1,1.1749538869675797,3.483402864383824,0.19824777360236753,6.969059994403035,0.31254228489202823
36.15,1.1717253651418598,3.475222987137717,0.19458560155025995,6.965129375782975,0.3157760864464342
36.2,1.16752811372782,3.459688149923446,0.20572906061178756,6.969743292781211,0.31886852404924937
36.25,1.165460617766523,3.4587277928737916,0.21394986673903932,6.9724335272669995,0.32073419118257
36.300000000000004,1.1608952189666564,3.4588041373664193,0.2255556659966886,6.971794725053514,0.32605377986315737
36.35,1.1513506747644653,3.4553040876366463,0.23164406444727073,6.9693717039953675,0.32272264661090067
36.4,1.1464634138443488,3.4529091622444135,0.23981645254188808,6.966421630693836,0.3379194670761792
36.45,1.1428390460589188,3.4536069460545487,0.2502477776856882,6.962628630225059,0.3406224385877802
36.5,1.1343224195315151,3.444771015219934,0.2587896935549941,6.954143174774999,0.3579128505344932
36.550000000000004,1.129370322722935,3.432778685973794,0.2643594112888584,6.946703344921972,0.36337518857544293
36.6,1.120271117570633,3.4309763543033793,0.2675550949611749,6.945143097060268,0.38061017085708676
36.65,1.117355373132024,3.428287078208437,0.2714159222026481,6.9436686515546775,0.38874452382134506
36.7,1.11362559154402,3.415205088171357,0.2718322221483414,6.944991523751078,0.4016396918623267
36.75,1.108279020995618,3.4136742021797675,0.28006151577214633,6.9347153102383645,0.41497451746961495
36.800000000000004,1.1047674639158682,3.408829975121152,0.28917241025521734,6.926778767829809,0.42811599654539134
36.85,1.0992720855301166,3.3995769287473783,0.28844504094422574,6.919664269599907,0.42941695388779144
36.9,1.0978501595793646,3.4015143128315604,0.2912031212658166,6.922229203993369,0.4480864310277543
36.95,1.0983874675797347,3.404859413554132,0.30007499590667236,6.91750823869326,0.45373537588410146
37.0,1.0914359716354527,3.4043025328010117,0.29818367627348236,6.921676117464974,0.46261571646732735
37.050000000000004,1.0772623000358081,3.4017206527127057,0.30929326786466416,6.928867496229496,0.4758609240535694
37.1,1.0669905591820794,3.394380983537647,0.30806091416199816,6.9278493467425575,0.47683339042311584
37.15,1.064618224956417,3.3927179850397753,0.3092030306429855,6.929951295394577,0.48767280323645107
37.2,1.0613922661558868,3.3838633002832923,0.3035566772652207,6.924019192818456,0.49756188521795375
37.25,1.0630595663111977,3.3730867528116555,0.3022236888127633,6.913699982310608,0.4837842973116849
37.300000000000004,1.053369078072768,3.3635583084183636,0.3051291985173457,6.909471697901793,0.49242320667609357
37.35,1.056282043520346,3.361457701960007,0.30684400763216696,6.898462692605616,0.4982407511288449
37.4,1.0539614124490964,3.359715042464618,0.31844310202043163,6.900529523528887,0.50192705008954
37.45,1.04597072595707,3.3522702810942375,0.31657037187871584,6.911657802485482,0.5077587195507935
37.5,1.0427646413773108,3.347064938237682,0.32213133973558694,6.906611952933538,0.5094553073554912
37.550000000000004,1.0405134134551481,3.344304865067129,0.32939624700569714,6.911314661965124,0.5100488081587355
37.6,1.0433543020014826,3.3404515924683955,0.33207220864972076,6.905257419076085,0.5128841821062654
37.65,1.0390136169866957,3.3396270076299714,0.3383543947464324,6.9073771787323945,0.5131109096393094
37.7,1.0381284007117082,3.3331193261488923,0.33709484928715777,6.9053424950535405,0.5271795019772978
37.75,1.0283471113879095,3.3266834821797606,0.33747352343349524,6.906713870414628,0.5313348425611897
37.800000000000004,1.023664359140952,3.3204108764937432,0.33322112381722485,6.896777488474512,0.532612068103409
37.85,1.021450081249862,3.309765378969786,0.3264086678310714,6.91102483588241,0.5281156546479907
37.9,1.0106664256093578,3.303896864144833,0.32123582978536475,6.913994014547427,0.5241467756033262
37.95,0.9993536608639736,3.3020058447267346,0.321115206625513,6.91401900055504,0.5166146619344728
38.0,0.9943855198798534,3.30246208033446,0.3219339936326889,6.908319788899272,0.5171922660893756
38.050000000000004,0.9837430760222162,3.300162049872849,0.3233125337202318,6.914652427297232,0.5241179543657881
38.1,0.974601837841537,3.2931887885993194,0.32981918393665954,6.921117986424159,0.5241951333114325
38.15,0.9661262341042861,3.294908781833154,0.32604848625512556,6.914751903409848,0.5345210372233417
38.2,0.959572346977321,3.2961134927269624,0.3207355057171619,6.9199465031912135,0.5398832279418513
38.25,0.9520025127970864,3.2915750528062384,0.3252755388775169,6.910787233142349,0.5322479306957655
38.300000000000004,0.933755931034164,3.29998318884515,0.3188061788729976,6.9190909703023316,0.5362023942870505
38.35,0.9220617229101602,3.2943475643892923,0.313018828157048,6.924367392230055,0.5379618006856789
38.400000000000006,0.9172507189428465,3.29401687604247,0.2953458249249255,6.920862055939778,0.5325355383574588
38.45,0.9074510885596705,3.295143089856195,0.29202291285377097,6.924933189994232,0.518648481704306
38.5,0.8936646352114128,3.2995701149551904,0.2809189703063129,6.93243932261379,0.5229758744475552
38.550000000000004,0.8928341341499518,3.305816032833535,0.27897000832299435,6.936484142754682,0.5244657243876724
38.6,0.8904912138637763,3.3017202511031885,0.2673623098263359,6.939261188563196,0.5244048725427269
38.650000000000006,0.8871581793672996,3.3005278581309807,0.24619417550598918,6.933418011673914,0.5146231737640877
38.7,0.8777144736134755,3.3030226459056773,0.23010944668004865,6.921637669866577,0.5042228960662998
38.75,0.8740884682626892,3.296541099927279,0.2279865485739954,6.932089457268044,0.4972863509028676
38.800000000000004,0.8753418428248054,3.296060432955419,0.2248004941400841,6.932307892992423,0.48052861245637346
38.85,0.8737104268762178,3.3009241839050354,0.22281864281761482,6.925822853868358,0.467094310117198
38.900000000000006,0.8747478204784052,3.297293562377006,0.22424364494093946,6.927056669257947,0.47184176766763297
38.95,0.8759130574378282,3.293614818927794,0.22292768816481262,6.9336017674731725,0.47294397077936035
39.0,0.8800492149962085,3.287178252805149,0.22492863549403327,6.930200651481422,0.4738982803300382
39.050000000000004,0.87918546396665,3.2829220140573843,0.2119800886163046,6.933602485972392,0.4859534342467285
39.1,0.8737072974709417,3.2785866885732156,0.21393391848141755,6.931805792156174,0.4831093094969258
39.150000000000006,0.8653332617307877,3.2746819090437698,0.20762841381615665,6.929177185157912,0.4900199593426884
39.2,0.8533136868381697,3.270078963854153,0.2024886702313301,6.925076926049844,0.4932600796530557
39.25,0.8411488594741805,3.270613818795822,0.19939214126779148,6.928313465908045,0.49320372362059367
39.300000000000004,0.8332102176272718,3.2678287403481163,0.20040549531613383,6.919325699117836,0.49715174146927993
39.35,0.8240129652367963,3.267284899411054,0.185042028570387,6.925357126472028,0.5078049729220214
39.400000000000006,0.8093450340010799,3.272138741252087,0.1755218546980855,6.921451346975742,0.5105452899060519
39.45,0.8051500780108333,3.270296023004487,0.16866561346359304,6.9130151397470865,0.5020684236636344
39.5,0.8019147362616208,3.2693504837097267,0.17793592124330807,6.918795197218215,0.5004354938102243
39.550000000000004,0.7940975816738342,3.2683654988191955,0.18086248524483917,6.911493963857626,0.4978933919845553
39.6,0.7827508852208824,3.270695368755927,0.1746899704577778,6.897567321935181,0.5119592534717148
39.650000000000006,0.779634164942056,3.261954713185927,0.1565211068645405,6.893856131867559,0.5055750948465081
39.7,0.772169625813279,3.2563981591330955,0.1600064501481124,6.886842369774182,0.5071710474675878
39.75,0.7545574364623835,3.2577258206331834,0.1465374033340528,6.867396484407325,0.5110181306994346
39.800000000000004,0.736493400743841,3.2573783264805103,0.1439596046229049,6.866471563213213,0.5076658423510969
39.85,0.7238992951597245,3.2548277170097566,0.13863055876868588,6.856582168506383,0.5097101520854538
39.900000000000006,0.7190190999047705,3.2526176190670473,0.13636723059716996,6.857330251280028,0.5129679295558824
39.95,0.7143689546875692,3.261702161194528,0.12622805613317933,6.841888473114883,0.5081350426643241
40.0,0.7113639442342775,3.2571605377274397,0.10912047877492952,6.840256957511822,0.5073571043665499
40.050000000000004,0.7132832963468334,3.261804551385547,0.09761319514575527,6.836092855635589,0.5104515542164421
40.1,0.7143436544025462,3.271040670213696,0.09117417353099191,6.8339544228958236,0.5103575878447619
40.150000000000006,0.7227998203994203,3.271334983480235,0.08852043944535448,6.83327721089222,0.515020802332786
40.2,0.7240198910594129,3.2700029603960648,0.08594089838772957,6.82911555195746,0.510013739139998
40.25,0.7239988483293461,3.266339374521975,0.06788932461552423,6.821497468637445,0.5033268014638587
40.300000000000004,0.7255992214809236,3.2682108195988,0.06374243524252729,6.822095363824638,0.5100608914919352
40.35,0.7254038677807659,3.2749461127512154,0.05669905279276087,6.815946532824016,0.5082137576430596
40.400000000000006,0.7217453716733236,3.2750720745494037,0.05619419198976484,6.801839012119734,0.5097592484168452
40.45,0.7209893467120413,3.283797804513057,0.05457582675918765,6.789686136224662,0.5127085445032974
40.5,0.7248295687916347,3.28066022459958,0.04994179433607639,6.782647796557162,0.5062217727495104
40.550000000000004,0.7346625497659898,3.2948095677512392,0.04330416580705424,6.77166888050431,0.500542472556513
40.6,0.7351954167801016,3.2924756952873118,0.04150669284404085,6.766510547153469,0.5010696029650998
40.650000000000006,0.7362164448684537,3.296884648720179,0.03728581197802162,6.757100957862,0.4871029970068456
40.7,0.7427978948075674,3.297308783574508,0.03292060448075981,6.734656219162972,0.48175615010167694
40.75,0.7440125185373606,3.2959873821096237,0.029198110378934914,6.72988353387238,0.4749862820576464
40.800000000000004,0.7414433604295332,3.2926675426324743,0.02805899283860216,6.730061110537523,0.4641491471011684
40.85,0.7445772318003326,3.2879580935900656,0.03266872996274705,6.7160300056495,0.45826447375909257
40.900000000000006,0.7408206798013113,3.2817398738299253,0.043277280519367446,6.715229044036982,0.46292789403564144
40.95,0.7480396034904526,3.2830545772153776,0.05948475589614063,6.713248220504005,0.4559010143496659
41.0,0.7501763914415899,3.294757893667377,0.06767521603218997,6.697129301035884,0.4340941679701862
41.050000000000004,0.7601148503097152,3.2967370873639537,0.0710007108611539,6.690586265431579,0.4238422189491193
41.1,0.7682156708421136,3.301085050526962,0.08081439326717621,6.686892181924176,0.4316437677161173
41.150000000000006,0.7746341159034492,3.3014469572826854,0.083893574839412,6.6716393734703,0.42418428052186424
41.2,0.7837947039680031,3.3042990422951037,0.08899801241095387,6.662367750383935,0.42227586692422714
41.25,0.7868141845377613,3.309668323921804,0.08537110172765439,6.640534219775445,0.42344152661573986
41.300000000000004,0.796876217752635,3.304401737415776,0.08624021643960487,6.634934423843169,0.4241248284119319
41.35,0.8031961042109936,3.2956294604879055,0.0840632662420417,6.631509259635349,0.42606014793496233
41.400000000000006,0.8081949438995407,3.283373135353944,0.08246368689449454,6.634676342119893,0.4321812989305368
41.45,0.8177414388354382,3.2771067146713415,0.08458298474505717,6.627946777014942,0.4375701571048927
41.5,0.8236814798863209,3.2761710815792,0.08445346019057474,6.609833663615654,0.43308103526201525
41.550000000000004,0.823365075544139,3.2818415625252078,0.09156889696288388,6.617132886977397,0.4161316917455333
41.6,0.8300634337767113,3.2826457813120733,0.0997979689555683,6.615192657457402,0.4172134371613124
41.650000000000006,0.8328343557184127,3.2778525665236593,0.1005407974525116,6.609162011427589,0.4148525523581326
41.7,0.8372415782240528,3.271836137204368,0.09511524200876138,6.611682414840586,0.42069434429177543
41.75,0.842360546621792,3.2652106145850377,0.09000097851036121,6.60538374983294,0.41491693990213563
41.800000000000004,0.8464920715941602,3.260262546827503,0.09110511991544251,6.603200086876611,0.42483053442007124
41.85,0.8473987903040587,3.256152592176654,0.09624038923103465,6.610379399315945,0.4260066101095594
41.900000000000006,0.8449719770128891,3.263435137964669,0.09861205494984013,6.605661061677589,0.43230820076885595
41.95,0.8440717105326788,3.265761017643003,0.09993058980663695,6.59219718159484,0.4234371556292451
42.0,0.8406884278334015,3.261292031195527,0.10883159584977821,6.59759836743183,0.41611287788127405
42.050000000000004,0.8424454844988365,3.2574146843889995,0.11449920711560024,6.601218182686459,0.41891551163283164
42.1,0.836908309417737,3.254754429453326,0.11178126225434887,6.608579678121235,0.40622011274533293
42.150000000000006,0.8329788963851236,3.2654824963430684,0.103040364276149,6.604826551689869,0.4010289810632732
42.2,0.8283658791790328,3.261036804992467,0.0987806452534027,6.5965984852076405,0.3974981753409665
42.25,0.8203647050720801,3.2604272492764212,0.09837391381482584,6.589346108092376,0.4108728363093701
42.300000000000004,0.8132586261921999,3.2670699749608705,0.10360172258901713,6.576009697492724,0.4302631565118291
42.35,0.8099522806039153,3.265840368428476,0.11048411769251124,6.580330498291037,0.44419383466055146
42.400000000000006,0.8024584671514918,3.260789887623538,0.11332536266968939,6.582008560366028,0.4350259898449254
42.45,0.790296269733311,3.2506676792680946,0.11637516405586514,6.581341563475,0.4172014704905809
42.5,0.7838624898013491,3.247326443211016,0.13180742409815369,6.580759370919783,0.4028117084032692
42.550000000000004,0.7800614923368453,3.2464892306461466,0.13877786010974147,6.588574736126994,0.39023077691026914
42.6,0.779005085294501,3.246117534910951,0.14438993150011448,6.594470039206857,0.38853993438108225
42.650000000000006,0.7776272282556588,3.2558792570425936,0.15317210316646776,6.601296967994334,0.37152933817240086
42.7,0.7758898294087947,3.2399700210009894,0.15393037020629893,6.599156235852875,0.34502282043858995
42.75,0.7772433185463148,3.2428294078820583,0.15905592625197112,6.597219895591311,0.3404350628463036
42.800000000000004,0.7667905627378833,3.2369802494248527,0.16692637319519646,6.584958579677354,0.32883411089418235
42.85,0.7657423529762107,3.230469719420992,0.17769090671621351,6.585009642226295,0.32673916557362076
42.900000000000006,0.7544034263615588,3.2288888512287133,0.19114812817906582,6.589040765170538,0.32361866653710075
42.95,0.7502727595743851,3.2216564291365373,0.2026671995640515,6.5891838661922435,0.32367112207643334
43.0,0.7457902878976087,3.219077585084574,0.20665300842812645,6.598283003645921,0.3036203450831842
43.050000000000004,0.7408325718759617,3.22095395246962,0.21819489330129696,6.595034437589685,0.2890414686582757
43.1,0.7366873653390932,3.2209493200712114,0.22180084086414975,6.583745485251693,0.28754510801537414
43.150000000000006,0.7224843084948477,3.2155941194175734,0.22448735429505373,6.576163507443972,0.278753892400736
43.2,0.7213824886925658,3.2130627697117835,0.23938376692018476,6.558046788792146,0.2701183318391634
43.25,0.717008386281824,3.2125633462653647,0.2446184050823382,6.543368803806744,0.26885001061210195
43.300000000000004,0.7092931340970273,3.207357647093031,0.2456865032558882,6.533921774191993,0.2575869124090279
43.35,0.7138861830492871,3.203220256168862,0.24165686582222712,6.518316584163212,0.25833066058505527
43.400000000000006,0.7088076797385419,3.202879482775577,0.25001477187197774,6.494992614209223,0.2575972253729818
43.45,0.696200481474729,3.1836218615882452,0.25151453663276174,6.480540253674222,0.2571269625554423
43.5,0.6985735651031397,3.177703066471515,0.2514241853368198,6.448366944116873,0.24909318122608745
43.550000000000004,0.6934188637347972,3.1658276889136516,0.2389132564338703,6.423741450241126,0.23528008233475375
43.6,0.6828331085073984,3.1603369680232962,0.23176641047221785,6.398193354034346,0.23648146796532366
43.650000000000006,0.6815841800713057,3.1601123436224294,0.23164348399839138,6.370903852332572,0.24680808132755816
43.7,0.679654011272927,3.1516718545018696,0.23717580495304905,6.344980796547123,0.25123182825896767
43.75,0.6823100151701368,3.1441215368465008,0.24247162817391413,6.310886403869343,0.25610649379223877
43.800000000000004,0.683961127185798,3.1334181467464224,0.24410375723468986,6.297963064295005,0.2609626560360881
43.85,0.678047843201558,3.126022622617691,0.24110756588619164,6.267280071253163,0.26308012712180084
43.900000000000006,0.6733962685061634,3.122064329252746,0.24541415480649437,6.2572437389434,0.27163851881919326
43.95,0.6685689856000084,3.1204411153336227,0.24666582918186356,6.232042652277729,0.2698896675289564
44.0,0.6614833583108394,3.110299867983758,0.25061118163105034,6.219702549620776,0.2581234927115101
44.050000000000004,0.6582053703871031,3.108022230286543,0.2438318384084218,6.195153279896246,0.24892073269725198
44.1,0.6507037599293165,3.104871008426785,0.24493142024396186,6.180392054517509,0.2426482991511384
44.150000000000006,0.6504548992172795,3.1026299397848724,0.23233965571187426,6.161108588882031,0.2522911614767439
44.2,0.6377415529162599,3.0999151553472877,0.22429583905185702,6.132048971485018,0.25676320221474674
44.25,0.6380728114799231,3.1010911566537183,0.22230793038921656,6.104298897465729,0.26128740615066476
44.300000000000004,0.631784262287613,3.0974140240775907,0.21323253275881585,6.06223949143624,0.2817193473748114
44.35,0.6352703901491041,3.0909897220360385,0.20532193193508863,6.03707922258514,0.27535619122267524
44.400000000000006,0.6333828428884013,3.095313362813707,0.20438250221756965,6.02055420311864,0.2893571821307761
44.45,0.6334601080032146,3.0902718455500833,0.20456981569788882,6.001230777961681,0.28693512158093654
44.5,0.6247976897877097,3.092686929065474,0.2006640774391919,5.9816985076713705,0.2848554743935565
44.550000000000004,0.6139782208582001,3.085040927012123,0.19179850514959215,5.958568785069736,0.27562899787684253
44.6,0.6116309460547431,3.0818483422844274,0.19093423985352526,5.93243949119578,0.27101262853730856
44.650000000000006,0.606951810227914,3.0828471267471134,0.19211723845527293,5.915340391642689,0.2714743659756971
44.7,0.6033443752063181,3.0712368465456903,0.19717711692106057,5.89856181996578,0.26043997752927855
44.75,0.6023964241517725,3.063659007427266,0.18907383500565988,5.879236898008465,0.2513894384211061
44.800000000000004,0.6020984670556329,3.0598582784999113,0.17890473935731352,5.871372103322568,0.25928736843550554
44.85,0.5974662259406044,3.057785102324407,0.18183391963017378,5.861133263056109,0.27484451870647497
44.900000000000006,0.6007054476529604,3.0606206853226574,0.18416161332643247,5.833115350873416,0.2717940292826636
44.95,0.5945098272150172,3.0536453682854074,0.19021058859839457,5.816308583813126,0.27753265794671694
45.0,0.5837135201231681,3.042439467470099,0.19409657012020393,5.801171610158903,0.28809217859098074
45.050000000000004,0.5789187415384055,3.040696845690357,0.17537813144521897,5.782424532510855,0.2907335693999572
45.1,0.5748453806533704,3.044423067941389,0.1784314247720819,5.775294769595271,0.28490267074871195
45.150000000000006,0.5704135899219006,3.0420858244035367,0.16226634290215933,5.761279466710534,0.2836285270697289
45.2,0.5694138134595721,3.0371382814613366,0.16208319068236984,5.757050154113184,0.29201323078162505
45.25,0.5644489903952385,3.0413894551518084,0.1616713847327328,5.7513011065164745,0.29296770481000406
45.300000000000004,0.5607999356744979,3.0433299096580466,0.160482554809198,5.734691764284639,0.2974096584656529
45.35,0.5580415435600633,3.0356285584178853,0.16110199337232203,5.715426286140659,0.30070284236558165
45.400000000000006,0.5534448072465087,3.030470837599543,0.1729449953990117,5.706481624058361,0.2950939864210407
45.45,0.5488471693159367,3.0271259036574802,0.16885684037250034,5.687974657683672,0.2950423349189443
45.5,0.5389397801141718,3.014792603036033,0.17774198337120944,5.6735289096803845,0.2942878721954796
45.550000000000004,0.5451678372563987,3.0191011489354733,0.17622863492894478,5.662741576940957,0.29386576813485854
45.6,0.5423081765643918,3.0193125866362944,0.1831517551663535,5.647641118150975,0.2799385546631274
45.650000000000006,0.5468499283923609,3.008003102253237,0.18021047829165254,5.636205636726281,0.28932341786966387
45.7,0.5425826501542889,3.0052840824203604,0.18011714389017827,5.630869806336071,0.29794429498566694
45.75,0.5490410544882234,2.999388548554298,0.18972897854056547,5.630717703732237,0.2895938673442094
45.800000000000004,0.5524977854423453,2.9944157886673093,0.19780107452285842,5.611877806439509,0.2858617723884604
45.85,0.5542926922608903,2.9870305359786506,0.2031804142297131,5.605322552538362,0.2935230639153344
45.900000000000006,0.5568470609816705,2.98510451807837,0.19806065563703093,5.6010963316748335,0.29160501809478756
45.95,0.5564023295292344,2.972439750632158,0.20230449615237178,5.599784936854014,0.30115542403190254
46.0,0.5571961539837836,2.974279424853717,0.20853527089726334,5.60194875010371,0.30042252219511495
46.050000000000004,0.5570557951843488,2.9726858130298086,0.20312280493196985,5.600037390874262,0.30287037792670457
46.1,0.5571287187724078,2.9627355969279328,0.2035462953021823,5.5846486578363015,0.2982140058799211
46.150000000000006,0.5586338907026669,2.959036942184217,0.20461332546236055,5.584489446338066,0.3000435589716571
46.2,0.570535798095649,2.951441786046994,0.2109753613393964,5.578806853580979,0.30558149744471963
46.25,0.5707400526843035,2.9428210961026697,0.2072738363777206,5.577970447473551,0.30732844509140905
46.300000000000004,0.5774873046392182,2.9392950873804615,0.21570917790581473,5.577340611238174,0.3096803760457307
46.35,0.5776827953530893,2.9198362956785973,0.2229515378534344,5.574507596537851,0.3079807550820512
46.400000000000006,0.584251633412304,2.9114336071702613,0.22840954162507912,5.564198980928152,0.3195214865370724
46.45,0.5926182805180288,2.907503989931733,0.23653360714742344,5.5618138030058075,0.334115052431576
46.5,0.5979740403554658,2.8977696650376363,0.2425351448061483,5.5427726377534245,0.3411399303153691
46.550000000000004,0.6034674736325812,2.890287753561095,0.24901763680685535,5.533168755063828,0.3432103799248818
46.6,0.6112418778613772,2.885025635286076,0.25566453640442044,5.531278606201509,0.3463170649641508
46.650000000000006,0.6143499091053644,2.8740894774697843,0.2560437107210011,5.513354614283127,0.3614614148603021
46.7,0.6162976936465215,2.8627094890578446,0.25544274591704114,5.514835949145069,0.3562360748990459
46.75,0.623839712349082,2.856928500497022,0.2552551527973465,5.516435134277323,0.3486812331122476
46.800000000000004,0.6268930006658723,2.85588843594784,0.2565739246986213,5.509074813117044,0.35613994658320386
46.85,0.6306666852843811,2.8489457935573497,0.2606655184787722,5.502377807646956,0.34479842208916944
46.900000000000006,0.627629927998991,2.854203915672577,0.272164588719132,5.49922490101478,0.3500609325529573
46.95,0.6323059028102581,2.848251837742403,0.28749625888699,5.49691972042503,0.3677668916345344
47.0,0.6329182179355605,2.827527182205513,0.2978722084927635,5.48356164567398,0.38968102041071073
47.050000000000004,0.6317191961376046,2.819792629574697,0.30894911433897876,5.4729686017638155,0.3941900652206847
47.1,0.6307247132663929,2.817017942357239,0.3084861336012482,5.458550760768846,0.4118616556154129
47.150000000000006,0.6338924643737703,2.8126509316756274,0.31016796391485196,5.453224287671626,0.4202195268088861
47.2,0.6398196091269446,2.8036453391606746,0.30682732221610043,5.452153031633468,0.43361163156672533
47.25,0.6464684774037134,2.7943119427733345,0.3009851248106691,5.449759623203619,0.4362096117922257
47.300000000000004,0.6538143168561819,2.7875132248094827,0.29491723608695747,5.439926335858224,0.4420407612178488
47.35,0.6552750523160932,2.778235583569196,0.29091653294454983,5.423221575889214,0.4324678264708697
47.400000000000006,0.6589397967698448,2.7681682929842597,0.2838693337969459,5.4217784422374065,0.44027936341579627
47.45,0.6563729342272481,2.77086834695253,0.2670946615317472,5.4138646504830605,0.45868719583215484
47.5,0.6555713958002733,2.7659668829383315,0.2447311049015305,5.4005133020566936,0.46944541657098265
47.550000000000004,0.6557605977713029,2.751075357030231,0.21982297979303062,5.38895809407424,0.45376554531536223
47.6,0.6445013043289475,2.722984346863219,0.21026993233316787,5.377775421894094,0.43195485679110524
47.650000000000006,0.6399329026316767,2.706961800854073,0.20487414519975444,5.3736448753604265,0.4121578710573508
47.7,0.6380886748170724,2.68452051289983,0.2045346583574246,5.360667335005374,0.40180370492479256
47.75,0.6277392791410693,2.675856662079144,0.19985742444132865,5.346095529868214,0.40316421319058365
47.800000000000004,0.6221180204288025,2.662486979307857,0.19454163094209637,5.334349294917835,0.4057500653877379
47.85,0.6173090164944214,2.655056467549364,0.1871404567716009,5.315714796751759,0.4048124823343077
47.900000000000006,0.6001914252558858,2.6422476000967876,0.17471518099603373,5.311677059516768,0.41579227176051586
47.95,0.5874931498684027,2.6384522343946046,0.16698525000086703,5.303371569205122,0.4158121161278654
48.0,0.5826131319841056,2.630541156503095,0.1631255576536188,5.293328971484044,0.4099285464231926
48.050000000000004,0.5788215387445926,2.624717769673948,0.16644012542423148,5.282894900035478,0.40732742023066787
48.1,0.5741518478905598,2.628444093825497,0.16614567263536031,5.2704900245873105,0.4052895525786848
48.150000000000006,0.5632809515190991,2.6220449241435735,0.16269154902854066,5.264180860353798,0.39495845898446746
48.2,0.5650488007874618,2.6155396754346882,0.15739797599592872,5.258223113352203,0.3938629105801142
48.25,0.569010404688516,2.601227588038249,0.1524103589736324,5.245188506364636,0.40556022773564504
48.300000000000004,0.5660490300458857,2.6143262100720306,0.14933910841215525,5.23825789573974,0.4129475470232424
48.35,0.5622299904098591,2.6054866364476035,0.14554911978989732,5.215752385973596,0.4135711718507539
48.400000000000006,0.5626536927408821,2.6012600217570863,0.14417949446620287,5.189470925258757,0.4163325227919447
48.45,0.5576665153724144,2.6030018326230304,0.14081253946637573,5.190881437490934,0.4124669249753995
48.5,0.5473881761320009,2.599873885393243,0.13117656983476453,5.1772269691731365,0.4138045538285357
48.550000000000004,0.5342400758038529,2.6019695019893017,0.10850104144666735,5.154761149341451,0.4190100203095441
48.6,0.5358564960563342,2.6071610594500707,0.08084106265944942,5.125336416716038,0.4119503476103356
48.650000000000006,0.5337185763705042,2.60649437429031,0.06323096562728744,5.102935631380961,0.39967398310780333
48.7,0.5276026495561759,2.5879429804842053,0.047518901420514785,5.068053613121939,0.3928921368635866
48.75,0.5194318261655066,2.5820157196564577,0.033117669275413646,5.052264856126453,0.38634808646214874
48.800000000000004,0.5204449226696678,2.5804620281343373,0.020757727451291945,5.033844329716797,0.3718166336433578
48.85,0.5133873397865975,2.5782384589147402,0.012860177211897108,5.011557419182423,0.3668369808115684
48.900000000000006,0.5014315298093402,2.5775838912956206,0.029196165485661795,4.99458341863001,0.36017330985891716
48.95,0.4918280922089799,2.5749285129175785,0.04290517620731615,4.977409164092253,0.3449782515446739
49.0,0.4800096797155281,2.5673935668693795,0.06283979416679421,4.974083348530932,0.3414449610355135
49.050000000000004,0.4727113334543247,2.571136047581305,0.07743742982441834,4.956308719292409,0.3268303428383308
49.1,0.46139199593490265,2.564188538712417,0.08117023607269801,4.941054353277025,0.30729128244724585
49.150000000000006,0.4451897772559323,2.5694970132732533,0.08153202312845872,4.931367159239492,0.3031210771633093
49.2,0.4349645918596373,2.5712630920935586,0.08477889134609863,4.9137962893508185,0.3067872833381791
49.25,0.42585458529259085,2.5772581605557043,0.09229474518297962,4.907406170996698,0.3064816395953755
49.300000000000004,0.4161570835820309,2.5784754730031976,0.10169207673493379,4.887003837335118,0.2971093539095247
49.35,0.40375374590946705,2.585232383957557,0.11020423002399947,4.86770943556921,0.2968439414540554
49.400000000000006,0.39334101072712097,2.5750426832253046,0.11737239704319362,4.869981021590329,0.29603671801996656
49.45,0.3795092344961643,2.5749263042413006,0.12363297566511629,4.847608318029829,0.29961243155991535
49.5,0.3682291111696295,2.590330920154249,0.1283134381128164,4.841922151882761,0.29127083370973567
49.550000000000004,0.360573768197273,2.5920468102614365,0.1338472779824773,4.823807162984678,0.2897265899406636
49.6,0.35486185758468297,2.5930792248362518,0.13930132646720714,4.828759846904144,0.30368101945012893
49.650000000000006,0.3516906107744569,2.5964080343056257,0.15059481953175805,4.825759245548271,0.308289520345477
49.7,0.34261574820128454,2.600010789813317,0.16579750323889222,4.814152482941087,0.311294059733936
49.75,0.326863015023765,2.597745639396945,0.17964553861847685,4.805186417562332,0.2811122947097559
49.800000000000004,0.3150750882515896,2.5924296406237137,0.18669616668151526,4.8048648786466215,0.26021400074752515
49.85,0.3073376954521345,2.5851949431665227,0.19265580017666115,4.790523607026906,0.23047543485033373
49.900000000000006,0.30142524462925363,2.5890534173975834,0.201780217071039,4.7822246910680875,0.20958577761013378
49.95,0.29642896024698845,2.5844595216215924,0.20809876360478366,4.779669278050431,0.20293918140215836
50.0,0.2851860812705197,2.5825561172585982,0.2129092320181979,4.7787227600035145,0.19139942241009766
50.050000000000004,0.2774877303510378,2.5889644861666876,0.22318941182142013,4.770529347253028,0.16300679770989943
50.1,0.27211462747074494,2.5867815097465146,0.23227795285119918,4.784403256127821,0.13726871321738818
50.150000000000006,0.2649139078378895,2.579071429479706,0.23506508016219554,4.784930586349499,0.13345412287692623
50.2,0.2593603139104936,2.5713288520981843,0.24441351664664035,4.772772932186526,0.12478624969793842
50.25,0.25297418567930285,2.571610580170541,0.2494030624460106,4.759677771581762,0.09469246751519943
50.300000000000004,0.25233070725955337,2.5674341188240075,0.2519045113186438,4.765375775793821,0.08338088515548665
50.35,0.23581675567927457,2.5567865120548436,0.2563730045364635,4.76391760877431,0.07180429854319027
50.400000000000006,0.23475472857386276,2.562919374198861,0.2631718738769784,4.7585386995938315,0.05410550267484721
50.45,0.2328960566778908,2.5611685549418275,0.27140484864637415,4.747245332575016,0.024280300745088954
50.5,0.22502753954716828,2.565151809094048,0.285866578622647,4.7403894431750535,0.009087135437097198
50.550000000000004,0.21389157462962488,2.5554430863643467,0.29592892826197364,4.729523255515355,0.01959211589365816
50.6,0.20623943841025977,2.5505595947660953,0.30418842971936505,4.727130237746931,0.03213083611570783
50.650000000000006,0.20681140229606823,2.5422550631954466,0.3076677543407829,4.727780936872321,0.06680805103793161
50.7,0.19909772364839953,2.5378371801520068,0.3099434292329633,4.725354669860847,0.08239382405071485
50.75,0.1968875401067496,2.5404193781677704,0.32230899370223903,4.716818378759606,0.09473546140762971
50.800000000000004,0.19546432954686674,2.5264816662849126,0.32208203699113147,4.712881736032055,0.12423801605475164
50.85,0.18829700562677257,2.5248325654539525,0.33676634798732746,4.712405076331944,0.1304159022942265
50.900000000000006,0.18919492733477414,2.5204229141783774,0.33241564052817474,4.708065236777395,0.13940643951809092
50.95,0.1864366257175258,2.5069837075679464,0.33374520102517785,4.7161070367863624,0.14469645895566804
51.0,0.17807762669892066,2.5001944713021635,0.3362873501408988,4.706090271388597,0.15930314473466714
51.050000000000004,0.17839707603516283,2.483289797906263,0.34675876122764543,4.708848420699876,0.1349031893969353
51.1,0.1677986798763755,2.4812589812448196,0.35099111961072255,4.709594296321541,0.12710912108967976
51.150000000000006,0.16186299726403053,2.475158882282853,0.3573810722232209,4.706484343902153,0.11291969529649924
51.2,0.1596110896103528,2.4625056738106457,0.3637090064574068,4.69364867585335,0.12622883392686943
51.25,0.15929358556855525,2.4570520892870737,0.35289445025438454,4.6830336736396205,0.1597810697144191
51.300000000000004,0.1674256721007984,2.449524330055928,0.3454301899230917,4.686506765359981,0.1833395818823793
51.35,0.16077578366696185,2.438915490130756,0.34986746534335567,4.681081262714082,0.19379749757622272
51.400000000000006,0.16052580479709885,2.430231935616134,0.35113123122278345,4.682892894600566,0.19631530914685835
51.45,0.16459063120196074,2.42444699328042,0.3496194579817679,4.674318012906678,0.2018188189111167
51.5,0.1572787799787378,2.427361764809136,0.34998806244775604,4.664461553961587,0.22009787054439575
51.550000000000004,0.1480943621664654,2.4259551309695775,0.35734297315300023,4.651372812407126,0.21999390820536224
51.6,0.14076700752551383,2.4257173592845933,0.36461554984077227,4.64010149956445,0.21287445025799853
51.650000000000006,0.13813925862836954,2.4203334586965957,0.3689732680436505,4.633897358487579,0.22798151899300803
51.7,0.13663825622567288,2.4097782585212597,0.3627425841330952,4.6198068606975005,0.24773005822900004
51.75,0.1310558316406064,2.4098448176805856,0.354923450432674,4.605156395805497,0.25372044476828726
51.800000000000004,0.13078833062497827,2.408900150718757,0.35585451559635856,4.606822981664354,0.2713683893556711
51.85,0.1312850949854638,2.399647383174915,0.36058374919277797,4.606974530328017,0.29763398582304695
51.900000000000006,0.1273965127805567,2.3959399636416396,0.3603561603771472,4.600322143842469,0.3179696551436014
51.95,0.12719192424727022,2.391814114787904,0.35505207767263236,4.588541630695637,0.33005716883748293
52.0,0.1307291932759141,2.389617004254207,0.36306255711191543,4.583981988767999,0.36059696572964717
52.050000000000004,0.1340964887937966,2.3887906390215146,0.36830399485145326,4.575716125091659,0.3727126617736126
52.1,0.13667177565286823,2.3868906719982763,0.36210415700933696,4.568106288725242,0.3911876638116579
52.150000000000006,0.1344758252527222,2.384820480834246,0.3553277945916091,4.564645249182864,0.3968401223541344
52.2,0.12906089531906687,2.3827731090928648,0.35030765180673124,4.560396214608155,0.3865779100710142
52.25,0.13955544823069205,2.370258221707833,0.3418887055427356,4.550964824677765,0.39406264436133426
52.300000000000004,0.14671930712586376,2.365716171738777,0.3370672456271818,4.540540396682641,0.38731067516115447
52.35,0.15169662489739463,2.369934487782369,0.3316324518765793,4.528436707278877,0.4240128464159722
52.400000000000006,0.15837106227345138,2.364199728364856,0.31584206043102503,4.52074234547496,0.4407415763286068
52.45,0.1655327594641268,2.3538949754086214,0.30968543704072066,4.507753851814242,0.46234957280911226
52.5,0.1683517263028282,2.353962695964327,0.30670568997044145,4.505252903726429,0.4496234749949339
52.550000000000004,0.17199632847023325,2.349428557962971,0.2957895580476673,4.497849952945366,0.449004917221824
52.6,0.17319772289075386,2.345319253218954,0.2838333296020958,4.4856788184608165,0.44594290066529096
52.650000000000006,0.1806307585826725,2.3380598116931415,0.2767341057457248,4.475739646667139,0.4595549159895676
52.7,0.18782674478928965,2.338557908820551,0.2708979255383659,4.468721152243258,0.4518359900888769
52.75,0.19745693640221929,2.336810698329291,0.2668125591627236,4.455163501710671,0.45700490649120873
52.800000000000004,0.19808226674856838,2.3291739083990337,0.24938946863038955,4.446295422152403,0.4511160810044317
52.85,0.19263385074845674,2.31791200941167,0.23265406250658185,4.425128899086982,0.4272077035306154
52.900000000000006,0.19341983558777823,2.3085977236909594,0.23281655726175113,4.406043590900107,0.4146841002707349
52.95,0.2051983424101076,2.309130337817149,0.2238508684425498,4.394057234529105,0.4134493994907301
53.0,0.2054578046612701,2.3016791489206043,0.20561017609089444,4.3761430038738585,0.4268526427282048
53.050000000000004,0.2040072500439024,2.2911399989693937,0.19304872836153003,4.364284282885007,0.43747436973235226
53.1,0.20604402295470192,2.2909917652461713,0.17773970772300576,4.361364246855133,0.44980214853024864
53.150000000000006,0.21050383752377713,2.2858636010673608,0.16661035774341854,4.362743645994353,0.46229783078644515
53.2,0.2144151838652345,2.2751889141329324,0.1521391050381488,4.349164188123405,0.4699134731947958
53.25,0.22093933262181348,2.258294740102256,0.1497361936061208,4.346912013253253,0.4748155225630299
53.300000000000004,0.2197116944410897,2.2546195456913902,0.14205960979868823,4.335829588987469,0.4894685700723581
53.35,0.2239176992935416,2.2430371189630747,0.13505109742896695,4.324380015577661,0.5019077299161687
53.400000000000006,0.22248301228069767,2.2439298657244926,0.12149392172038746,4.308018439524718,0.5220507137421261
53.45,0.23033695737419366,2.2389269058564842,0.11124736512961633,4.2895275921523,0.5348052090733103
53.5,0.2412586771173137,2.234234058732327,0.10140983934476737,4.27384412902111,0.5317617254338455
53.550000000000004,0.2428281868400236,2.2292349798479547,0.10513549401256915,4.255270178773506,0.5151508127866934
53.6,0.24387222123758442,2.2154208094362318,0.1009736345596482,4.239736583287116,0.49692534406385475
53.650000000000006,0.24712349826179203,2.2125393323757194,0.0912386093934157,4.211577753288573,0.5005644766454524
53.7,0.25043385608278157,2.204982701599968,0.08235255864071017,4.194977544688449,0.5023415395132511
53.75,0.2437521227982833,2.2126573485483867,0.07373804596045827,4.185668369803603,0.5097147448344863
53.800000000000004,0.24714219758722303,2.2112159965678626,0.06883151824744525,4.177104722440928,0.5189742670017813
53.85,0.2450829398162117,2.2058277922736758,0.060383701665672196,4.1640184051111495,0.5155401488978456
53.900000000000006,0.247734613947325,2.205574381532613,0.047986359005137466,4.155264666375378,0.5130906549732365
53.95,0.2454453679156148,2.204158329683518,0.039988820136487385,4.144051343979614,0.5028149708153873
54.0,0.24213826080417278,2.2087355773020567,0.031495427798993406,4.135594257204283,0.5042221233048862
54.050000000000004,0.2480597940266619,2.2321650855701725,0.025454306151342667,4.137641678835305,0.5072162960888041
54.1,0.2575037815309105,2.246630196735334,0.02316685857260585,4.130028806900414,0.5206072358322077
54.150000000000006,0.25536532069408346,2.242912937967422,0.0192740726157539,4.11866083602212,0.541280897964331
54.2,0.24861734168137517,2.2432369972731148,0.022042965709794148,4.10422465890816,0.5327720283056371
54.25,0.24688192556167593,2.2495167598950707,0.023725691657491943,4.096248984823171,0.5364989150141198
54.300000000000004,0.23906856222648598,2.2495045150183492,0.031093824922160385,4.087597146843108,0.5348635497584098
54.35,0.23901278044304647,2.248710779035102,0.03531830002449961,4.0720442826664245,0.5354883353497462
54.400000000000006,0.2409275343907166,2.2453802161629537,0.04099970597328895,4.065235665083826,0.5386578025285432
54.45,0.23019684373804533,2.2485696880303103,0.04743556898830155,4.060103820840156,0.5446228090197415
54.5,0.2329543797013108,2.2442871881180064,0.053602404264859294,4.061367887085713,0.5396211317954483
54.550000000000004,0.22657119608088322,2.2461494770404693,0.06256913852720282,4.072683578246619,0.5384917095153441
54.6,0.23268961586800274,2.2466723112871905,0.06919747948454374,4.07033403636404,0.5251980409697925
54.650000000000006,0.2450947615034043,2.243108071753219,0.08138543042554135,4.058611718642188,0.5220083069720598
54.7,0.24648927850985602,2.2547464262107386,0.09162844336484902,4.042321219702619,0.5264963170228247
54.75,0.24924329704046672,2.25910400479417,0.09806933838357763,4.049368087563499,0.5244927321629228
54.800000000000004,0.250272168489384,2.2624425895012252,0.10855310849230648,4.056482449356814,0.515208643732319
54.85,0.25993683893399283,2.2652769417334624,0.11883399878589408,4.049395072865996,0.5147877112559621
54.900000000000006,0.25580152984038323,2.2705504643371968,0.12843961789147731,4.053146321190731,0.5168328846541403
54.95,0.24730772002766818,2.2839547197463412,0.13970813705283283,4.062695160176844,0.5118354698803509
55.0,0.2441652726178561,2.2883796332131627,0.14626461129822382,4.059011860245988,0.507734760475953
55.050000000000004,0.2507709710773773,2.286207053655283,0.15595725164070495,4.055596395507268,0.5171315143317666
55.1,0.25460791283837547,2.2838231070766337,0.16959777196606765,4.057719961432886,0.5399503120133976
55.150000000000006,0.2519655531185715,2.277657218389178,0.1862753180506566,4.049560968052019,0.5512430069586137
55.2,0.2537751254092627,2.2739411159147465,0.19307696641428973,4.052579580945868,0.5744434146622796
55.25,0.24966008855696378,2.2782071998300433,0.211064041956491,4.048586122915857,0.5857198197370285
55.300000000000004,0.24057695364043485,2.274359290811957,0.21867706357437225,4.060124399588899,0.6067143026983912
55.35,0.24211117592969778,2.2680907407876845,0.22510234120660505,4.045028588729802,0.6240073093660408
55.400000000000006,0.23922960922642605,2.265285696382095,0.23252906441942414,4.053517176928182,0.628321233070998
55.45,0.2378008008287931,2.25445103597292,0.23766737689997178,4.049531622914074,0.6282221750460365
55.5,0.23056841707394593,2.261590489106229,0.2488067015711822,4.046085669462948,0.6227285707030938
55.550000000000004,0.2271433338089326,2.242918036510751,0.25998897707530383,4.041754808751767,0.6288740050268836
55.6,0.22856571829351788,2.245484970714202,0.2667518224757507,4.041486239339602,0.6129119156598388
55.650000000000006,0.22841585042772047,2.2427184290999107,0.28246936211837415,4.038720940725251,0.6111512330644499
55.7,0.23059811071827735,2.239680798964874,0.2930687538941719,4.035672922885714,0.6206932719739864
55.75,0.22859810350387194,2.22870089105851,0.2987415669186093,4.0492727647996904,0.6233272962024653
55.800000000000004,0.2377228027982088,2.2250474406391274,0.3044350150122977,4.048920084280223,0.6116338462743749
55.85,0.234708826048848,2.219238168945732,0.3116150379251834,4.041117464821925,0.613450594709895
55.900000000000006,0.22962922366493646,2.2236889022395494,0.32165948367354674,4.0419654454590015,0.6134529857630754
55.95,0.22671539732188556,2.2195768577793187,0.33134451752387606,4.03894395390216,0.6202411740350682
56.0,0.2231808061123809,2.218657807196379,0.3354578157232721,4.057582661795629,0.6231345399660139
56.050000000000004,0.22118494937453426,2.207898808346293,0.3427432682111622,4.060936676579609,0.6130544831882251
56.1,0.22376792829375955,2.203710965659916,0.34887596686134464,4.063475707024804,0.6203876158269368
56.150000000000006,0.2233545142058349,2.203614296362789,0.3613405794866701,4.06202601647614,0.6193198551954405
56.2,0.2228010017109477,2.1995509196687797,0.36729176436645955,4.065520827625474,0.6302971865929494
56.25,0.22088903465488086,2.192957267290679,0.36986038174855984,4.067352675785119,0.6359155815633943
56.300000000000004,0.2157758965470702,2.1889339880485994,0.3699051247235973,4.068279337180622,0.6402033619263351
56.35,0.21279675235432874,2.1824859590145214,0.367729506676635,4.068494750841071,0.645107701888678
56.400000000000006,0.19965186662121273,2.169738765092013,0.37196297988001376,4.06170086432438,0.6405830816225869
56.45,0.19361063829400918,2.1590870928796777,0.37529819975230655,4.070706094980615,0.6346775921880108
56.5,0.1889628421448519,2.145342587156213,0.3702739275746108,4.058622744588883,0.6455658843326754
56.550000000000004,0.18339705108425713,2.136561381755709,0.3670756422118906,4.061144077444002,0.6468420824224081
56.6,0.1825869855251329,2.137610473719079,0.37145144537865893,4.054064677946099,0.6378027108059442
56.650000000000006,0.17824099806225124,2.1392238683192146,0.36214324901400613,4.044204692780875,0.6397537111647532
56.7,0.18022330656927313,2.1363669758956956,0.36035127934359545,4.0332958322865435,0.6344422036243321
56.75,0.17814690852929763,2.1292053669729953,0.36261565180892974,4.034138555387735,0.6336130688466843
56.800000000000004,0.17502968131051086,2.122632084497029,0.3667106431825563,4.019849188474622,0.6400772339673272
56.85,0.17201036235484773,2.113821577942717,0.3685816474975783,4.021874492216071,0.6405921821129483
56.900000000000006,0.17764658371817207,2.104394041189747,0.35904139489406955,4.009026346138322,0.6465004000752548
56.95,0.1756960708577659,2.102371049887351,0.35154168787476425,3.9941106675257636,0.6470187985951212
57.0,0.17957856523361693,2.099275329453508,0.3486566477400778,3.9900280799629106,0.6403428323713343
57.050000000000004,0.1840883884007969,2.0923029775095316,0.3470072230846882,3.986828609151455,0.6337650628846581
57.1,0.18417198732250378,2.0953263651723755,0.3427212904465876,3.975728310504094,0.6415401190095869
57.150000000000006,0.19459802918620892,2.0859398021678675,0.3248328898078829,3.9780698861266774,0.6445680233177286
57.2,0.19427480243424428,2.0844491338949434,0.30733341359685307,3.9766416520994414,0.6390994633870889
57.25,0.19026663709364625,2.0869677218852747,0.3088149359271613,3.964848230791934,0.6336072876091589
57.300000000000004,0.18870307145036974,2.0704821078185227,0.3065260711904362,3.9656192435579274,0.6327139000614515
57.35,0.18295973864282286,2.0632294764951333,0.3094683866581401,3.9605739870617467,0.6284825009078193
57.400000000000006,0.18198409917077393,2.053990272897876,0.29054261979302465,3.9587119059593454,0.6229505054510446
57.45,0.1848682078343406,2.043514392934187,0.2905067528685748,3.956581340343258,0.6233325882393395
57.5,0.1788314127995031,2.044470710202421,0.29771190712015444,3.945303186723741,0.6072725197372671
57.550000000000004,0.18333689442127862,2.0351702645250827,0.28864655070553497,3.939687841717103,0.6001736541570928
57.6,0.1942115388663585,2.029920185309032,0.27885750463759923,3.932216086144705,0.607021233085108
57.650000000000006,0.19679421768847397,2.0274569075051145,0.28133092537422716,3.9326336666910975,0.5972957531960619
57.7,0.1967955655483791,2.0228173718880966,0.270726762619111,3.9344848408996906,0.5917051039289029
57.75,0.20090236530533542,2.014048404322966,0.2623067522294788,3.9296449115170957,0.5892775662750618
57.800000000000004,0.2010193249585644,2.007567588342672,0.2553812266425231,3.9338399908552977,0.5844082481195111
57.85,0.19504141463346655,1.9971863969911456,0.2417381510796922,3.9418565063648834,0.5719922349315124
57.900000000000006,0.1899871751172658,1.9996651253198383,0.23195710782890136,3.9426551740012354,0.5615465798812677
57.95,0.187000572018404,1.998459298232598,0.21845560820072027,3.9386837601231135,0.5551428880844017
58.0,0.18690873959001458,1.9937168678065609,0.2068151763420538,3.9545724199163095,0.5414953413813044
58.050000000000004,0.18948554075698473,1.9899036889496169,0.1979103589876109,3.947129689313192,0.527399306239117
58.1,0.18779351859856913,1.9869809284093551,0.17590640141904157,3.948002929633918,0.5229069941462474
58.150000000000006,0.1862586952513396,1.9886480481881557,0.15738653176016554,3.953987751345661,0.5083008993804652
58.2,0.1892525215332402,1.9942839653215285,0.1586274281268216,3.947352695176327,0.4872470116697042
58.25,0.1832997783042236,1.9929560507031179,0.16302273713443438,3.956819419359615,0.47885342691223964
58.300000000000004,0.17595276333022808,1.993355231586354,0.1517064336793872,3.947595879936763,0.4854462005015952
58.35,0.17498016806624342,1.9927121880359073,0.15073971364998812,3.947642826004271,0.4830284277535969
58.400000000000006,0.17314853580549308,1.986447194624204,0.1361288039820544,3.943500874147197,0.4884171466683218
58.45,0.16572032297280836,1.9915209122418058,0.124020915476862,3.9485523596204137,0.47845799320186383
58.5,0.15416451369842238,1.9806548435631945,0.11762641115372041,3.9545654194834046,0.47593221382711964
58.550000000000004,0.14435559451492416,1.985982438937146,0.12392716981555617,3.950186557214576,0.4600266164745159
58.6,0.14708661573411672,1.9795941998826627,0.1328250214016867,3.950981510670769,0.4473454651709431
58.650000000000006,0.1505943956233012,1.9757430248805012,0.1370951704438944,3.9401528837741333,0.45764918266666776
58.7,0.1495843266884738,1.9714913683295268,0.13133379447304608,3.946201510244129,0.46040292769807767
58.75,0.13525046727310067,1.960560489469217,0.12261973825284665,3.943820222963094,0.4613554263312696
58.800000000000004,0.12522558978013965,1.9569116592645575,0.11255207939859252,3.9433047553854914,0.45855508533047185
58.85,0.11926127012661002,1.9629939129099687,0.10692073790451749,3.9365348425414197,0.4461559469931804
58.900000000000006,0.11908434278152642,1.9556248293681124,0.11121593543398048,3.9474232877574655,0.4471923421663617
58.95,0.12202564674773489,1.9581777829498541,0.10797024690737025,3.9459884009084845,0.4642682636393361
59.0,0.12040312805856637,1.9594596983108268,0.1048524988013798,3.952563608083998,0.4772100103553713
59.050000000000004,0.12299045108026359,1.9614406807277067,0.1077241591142902,3.94880913109191,0.47799600996845615
59.1,0.12165259569867604,1.95738650262611,0.1134284909678466,3.9512476701948676,0.46989638799419853
59.150000000000006,0.12516715924610475,1.9534670575153048,0.11197606090938823,3.949272389381681,0.4723706869773664
59.2,0.12159257325006392,1.9604413499493878,0.12030710251475915,3.9555998615355388,0.46398820711143324
59.25,0.10830022345657564,1.9590998781016398,0.12088456039541953,3.9534946995440867,0.44806539326978734
59.300000000000004,0.10864186685624377,1.956526168472108,0.12442621069844649,3.9638610824044798,0.4247392006696946
59.35,0.113522216581563,1.9595134897121773,0.13112452386519316,3.9535326332146195,0.4215976586639937
59.400000000000006,0.11734139529246508,1.9546369557071495,0.1373576797416594,3.9538555592091034,0.40577237587256304
59.45,0.12419864020344305,1.9540791167932687,0.1394278172085258,3.9477941200508213,0.3826424851214366
59.5,0.12797275626101562,1.9517351321246843,0.14722351810800519,3.942916194402971,0.36231920930504363
59.550000000000004,0.1186574087949558,1.9546802440560467,0.14918140168736324,3.936810800707867,0.3566737324019183
59.6,0.12416221365187449,1.9629932835473893,0.15576130366005922,3.9327878706310875,0.34938967142452665
59.650000000000006,0.12606594951954653,1.9658382205182119,0.16208977502693947,3.9297495505466933,0.32207691611975287
59.7,0.13044492576284192,1.968240580455814,0.17275049714186702,3.9313794426186948,0.31953360036223466
59.75,0.1347522006713244,1.961787195202922,0.18012665044900483,3.938929255680586,0.3158457693977749
59.800000000000004,0.13562102815316326,1.96321195184603,0.18622429277340613,3.937149911273389,0.32388003166045143
59.85,0.13956534163214585,1.959450691687289,0.18474834230826542,3.936378593651452,0.32156545419689625
59.900000000000006,0.1470328600184059,1.964548981704087,0.18485900755651627,3.9316990848684052,0.3084026635734085
59.95,0.1554832926828357,1.960436138951468,0.18096249370165243,3.9356690807215458,0.30264502585329006
60.0,0.16430522065374412,1.9642100469790253,0.17761441118204357,3.9393740291145027,0.2849746742835325
60.050000000000004,0.168558610495523,1.9520566328163107,0.18787745279743084,3.9386132661170348,0.2744831203523099
60.1,0.17050033617694715,1.958026725585143,0.19106485978841517,3.9334267310725344,0.266804942543537
60.150000000000006,0.17582581845377174,1.9534847453525006,0.19476176286533844,3.935375972308504,0.2446009315502878
60.2,0.1846509110964061,1.9472770892073163,0.19607378292492803,3.9421084430155426,0.2513852990890595
60.25,0.19437914821737742,1.9524881335859712,0.19930650115900714,3.9429614470208127,0.23628108466398945
60.300000000000004,0.20040496557155513,1.9483597441415204,0.20008930705882066,3.9464237543679497,0.235274667688279
60.35,0.20395165144840863,1.955546839716349,0.19900993196043157,3.948590160638636,0.2318676470879388
60.400000000000006,0.21077708236604828,1.950003799317486,0.20040944265422475,3.96244307217769,0.2405804199814185
60.45,0.22338927983234205,1.9605855021948249,0.19940854104017094,3.9682956245315957,0.24284633730180324
60.5,0.23642576447409885,1.9697612988625262,0.1975645901548527,3.966133451608872,0.23247999195817565
60.550000000000004,0.24908871120069673,1.9748256326687217,0.20565479726082606,3.97465679454811,0.22741007080720496
60.6,0.25259746889598306,1.984806680090433,0.20723419761416048,3.983869219231542,0.2143482684243315
60.650000000000006,0.26158341289912695,1.9930417887955991,0.20456426222552015,3.986538227395192,0.20585159305466247
60.7,0.27487369276656887,1.9884362700460363,0.2045884297806595,3.9817052971655675,0.19637992650503752
60.75,0.29711395888607944,1.982981645968942,0.20374574575507423,3.983511635762215,0.2036819512237533
60.800000000000004,0.3061683633057839,1.97784829697456,0.19426552768253683,3.9823432267245766,0.21135570086214203
60.85,0.30876316449459507,1.9763682892025656,0.1845796590687015,3.979780178988477,0.21259409374796542
60.900000000000006,0.311299488867549,1.974457522244812,0.17348468561034947,3.979996041566911,0.21431745879468525
60.95,0.3093342854713998,1.9769660566996385,0.16350531622117775,3.9766900160280487,0.2101593201346929
61.0,0.3084006051123457,1.9648136994723655,0.1579725621539874,3.9671142490312667,0.1811537280718915
61.050000000000004,0.30402286659081557,1.9536993322037033,0.14912575423990979,3.9543215428833878,0.1616896547011789
61.1,0.3008197894225339,1.9530204368692132,0.15100618764004634,3.950050556302556,0.14155997326291272
61.150000000000006,0.29260783259800055,1.9533636858954655,0.15329715922075604,3.9462340529106643,0.12635658714892922
61.2,0.2793629664067475,1.9396287956648501,0.15425619066886526,3.9423516168914534,0.13048979823065443
61.25,0.2703684365180004,1.9318241862198227,0.14741562710557962,3.9442755308597404,0.13999360938806368
61.300000000000004,0.2640009205928542,1.9247591688904722,0.14094486089213742,3.9410797096292214,0.15195459134680545
61.35,0.25655940430358243,1.914024290267433,0.13897184275247773,3.9389027751139167,0.14828780128307378
61.400000000000006,0.25266975906098826,1.9037567396773827,0.1386315463931472,3.932796580912645,0.16955787101722472
61.45,0.25186221294513234,1.9107242106081843,0.1358356259450443,3.9164090092152213,0.18668504180354878
61.5,0.25548907230617146,1.9028447242898714,0.13063222755625783,3.908198437900462,0.19045147583181798
61.550000000000004,0.2496411186779118,1.898743051251825,0.12583541323409989,3.916874684838418,0.2075315941752217
61.6,0.24363379138581065,1.8997787460252622,0.11524712664769239,3.9112125285941013,0.20832823333753636
61.650000000000006,0.23724750807774125,1.901883840550415,0.11584887124159034,3.9106682970647864,0.2198222359228357
61.7,0.23396274152886049,1.9067500691219812,0.11151207014116644,3.9078981517680873,0.23154802784198533
61.75,0.22783737449107047,1.9006381360488718,0.1107765572470404,3.904674912859367,0.2338562333087518
61.800000000000004,0.2285391351740687,1.90083471008559,0.1197309868851382,3.8972643881671254,0.23649372912637417
61.85,0.22204733727188392,1.8991882397871895,0.1222678255565043,3.897176605105086,0.23373094977152803
61.900000000000006,0.21154722090583336,1.897228285906632,0.10881461989895537,3.8973653906334023,0.23422455345565413
61.95,0.20373707248404951,1.8900373971398114,0.11310629155715275,3.8893003455348136,0.23654774848619817
62.0,0.1997274910564491,1.8951480322325218,0.11668704490674514,3.8784748695087172,0.23166265429161573
62.050000000000004,0.2008086113811654,1.8834721886284433,0.12112147025238623,3.8784062145429687,0.2320809151774849
62.1,0.1945557177991854,1.8863918967147892,0.11377964057152634,3.865353620783474,0.229101993156435
62.150000000000006,0.18305154593430412,1.8862961379623002,0.11946815592476898,3.8558480244296405,0.23837758014346458
62.2,0.1726661360160088,1.8802383574236088,0.12545870854080268,3.841168352521341,0.2382594636151233
62.25,0.16571553515785026,1.883382624402917,0.13637297259658826,3.8440295110728693,0.237927542923826
62.300000000000004,0.15961762882815342,1.8903867939574555,0.13932618160935953,3.8342661390269313,0.23523228640600963
62.35,0.15496749305713647,1.894736592468919,0.14428964986558673,3.826342767589834,0.23768826223608588
62.400000000000006,0.15372355291896597,1.8829667851177292,0.14021551203731758,3.81931335491026,0.23266485281227708
62.45,0.15318658335293706,1.883141154530282,0.1385087420560314,3.7973588884625418,0.2272809123583645
62.5,0.15197393236396747,1.8788756826134199,0.12918210462955668,3.7925557686744154,0.22385401305317715
62.550000000000004,0.15297688647534785,1.8809231762800214,0.12672866949473272,3.7698117317516835,0.2193765568528961
62.6,0.14774187272217795,1.8738306021917253,0.12477386679382389,3.763896870900065,0.23162598884401572
62.650000000000006,0.13857763112222488,1.8726676428052507,0.12039641865166673,3.7642783246989016,0.22786798630286567
62.7,0.13413413121249923,1.8810242211608033,0.11317367906205227,3.764803466988846,0.23044578142711866
62.75,0.12765228213255958,1.8709380663250113,0.12697499160880255,3.759101939995251,0.2347789834198467
62.800000000000004,0.12206053584931646,1.8781452655212505,0.12831132049998578,3.750750494640523,0.23508114738363914
62.85,0.11401779425691612,1.8817561440801969,0.1321879193098768,3.7568697256917325,0.2478647567856174
62.900000000000006,0.1091795887890123,1.881999340942769,0.13404125806183712,3.752640175346207,0.24550616617295967
62.95,0.10309280930003839,1.8878502635477934,0.13520073283734782,3.7448394697504694,0.24276813764737032
63.0,0.09638438160819426,1.881388937486737,0.12550274225274266,3.740534809506763,0.2443105932995323
63.050000000000004,0.09088335431823791,1.8879433999244122,0.11667840514802923,3.734493177385122,0.24694588467881506
63.1,0.07936420858281397,1.8836628545471814,0.12246975381190096,3.73053447741661,0.25258367762539613
63.150000000000006,0.06860040162576868,1.8882050599988005,0.11820611250207769,3.7095258336307086,0.24902762170711837
63.2,0.06362378392657707,1.8942436765987423,0.1258228347472179,3.699339299701376,0.2361238640593077
63.25,0.05899102695874808,1.8867643836705776,0.1256836760570103,3.6906592478277953,0.2456727901628317
63.300000000000004,0.052311253700600906,1.8839733498729576,0.13405421024187922,3.6804093453870417,0.252378800363291
63.35,0.04392030298813474,1.8799432893988826,0.1311764818797414,3.666640451622133,0.2606982557011802
63.400000000000006,0.03805115886125257,1.8805411179435163,0.1417059722623233,3.656648529302616,0.27793165074284965
63.45,0.034142254502786955,1.8829543232044963,0.15305724183543232,3.6462863181248717,0.2828940361598319
63.5,0.030086272941686,1.8870456391602393,0.15590816301928093,3.6366655835388406,0.28671328349927216
63.550000000000004,0.032086042968882324,1.885433438198579,0.15827987367814048,3.6306428047123873,0.28906909320784946
63.6,0.026338144996996393,1.8935605725801141,0.1640098161386217,3.622346110423421,0.28697663281009983
63.650000000000006,0.02398006618481822,1.8896986330735823,0.1668802945412925,3.6146905538937033,0.2809941658925413
63.7,0.01829027582524214,1.8975844424804962,0.1814271576709582,3.598049356458333,0.28274664369840574
63.75,0.02716197649221129,1.8953734023363924,0.18567122994842714,3.5934545031857055,0.2677796120146771
63.800000000000004,0.026811091929603494,1.89804693497701,0.1909253781741073,3.57976012376417,0.26634951670603113
63.85,0.029538084680353665,1.892833563127577,0.19213278125636768,3.578709220518238,0.2860723240583497
63.900000000000006,0.0290676069529561,1.8904565082528892,0.1922866053492486,3.571832853430797,0.2908149321777577
63.95,0.028654598704341033,1.8937354493682683,0.20719969771224597,3.574762555764219,0.29203939832584436
64.0,0.03160783988927037,1.8842384301385344,0.20718050838408394,3.5717109538852285,0.28166099508525316
64.05,0.037579458242660506,1.883130575949084,0.21842375660617475,3.560509807145756,0.2788952745879045
64.10000000000001,0.04314702831197172,1.8876289778174975,0.21415024862554952,3.550736246275019,0.27844157265142194
64.15,0.04937608824381241,1.883740836629534,0.22253656194603508,3.5462138536331875,0.2791872389566189
64.2,0.057224239604764394,1.8878808569433032,0.22233834709635755,3.5453285326775488,0.27591597228291265
64.25,0.06048506750201086,1.8865268034734153,0.233911164900725,3.5405087873792818,0.28485719466095427
64.3,0.06144937393667712,1.8910692196306698,0.23444271256377697,3.5367975399160367,0.2867987719266943
64.35000000000001,0.07333642988442514,1.8915696001831868,0.24358184705079897,3.5302371243409376,0.28665947675489556
64.4,0.08151843820684737,1.88450331085505,0.24080343341975646,3.5259843120851047,0.28803956714733076
64.45,0.0917921412708291,1.883562401501386,0.24843892028263778,3.522920085477417,0.29620116752088893
64.5,0.09088769202441425,1.8871298986295857,0.2585054202766206,3.516050715466722,0.30308139642209025
64.55,0.10183361175897253,1.892161639888942,0.2581353116812163,3.516845832317787,0.31421411152150763
64.60000000000001,0.10273085119351769,1.8921336183540094,0.2576070716859185,3.4987907356402235,0.30930912800746685
64.65,0.11549631730696962,1.8954168473172532,0.2646800922329475,3.4996625058322386,0.30366503218140123
64.7,0.12848367199629082,1.8942284224028882,0.2666349410422925,3.4887885169828055,0.3045386694532653
64.75,0.13205600612376417,1.886009616401045,0.27202583283340903,3.4865657020040732,0.30485413572238346
64.8,0.13699259252252105,1.8913726432196645,0.27879992322404323,3.483730330747475,0.3005854705261695
64.85000000000001,0.14429739437911318,1.887563098408974,0.2821449719479141,3.4742139381239903,0.30540115943047214
64.9,0.1607710337809152,1.892812167630547,0.28586926634140714,3.4694871927134954,0.3100638527277617
64.95,0.16762507285360725,1.8828198614474079,0.29346054517865705,3.465046700605536,0.31600273041575855
65.0,0.1759138087657297,1.8902625188793756,0.306983868393254,3.459607750884568,0.3215352471790774
65.05,0.18877803534562823,1.8757318747772542,0.3136867176233932,3.4448230438121628,0.33542340564036693
65.10000000000001,0.19816499102725893,1.8723095417404316,0.3220156864439804,3.4303492957859247,0.3433916051062671
65.15,0.20267740303947612,1.8795239632349272,0.32954029181118794,3.420955175300932,0.35037733713826547
65.2,0.202017596480933,1.8801655130490258,0.33019289063636104,3.4187057368006726,0.3523015538942308
65.25,0.2029907423919703,1.885561767997562,0.339257227416875,3.4206210613346606,0.3610848734970634
65.3,0.2132845566658913,1.8950449412095152,0.3470634954300831,3.4181244541256928,0.36250690585951895
65.35000000000001,0.21292155084007744,1.8950224153832689,0.35857136971996123,3.4088758916175226,0.3714992832083825
65.4,0.21350167961816338,1.891494037705206,0.37334654528004735,3.403491041143484,0.37683238720754525
65.45,0.22283916931016692,1.8998835565538448,0.39605872279796794,3.40793532354718,0.39254960187658794
65.5,0.23509914531615334,1.901825337673791,0.4159166933594687,3.3969746184403773,0.398805023676203
65.55,0.24716180589283912,1.9016553274927828,0.42155858801912965,3.3832369320668043,0.40381583697743995
65.60000000000001,0.24402168415595843,1.9033487851440702,0.4257085092484745,3.3733424040858897,0.41035200893466395
65.65,0.2569118628698351,1.908286744000926,0.4314392765943675,3.3558561856492446,0.4162895135469342
65.7,0.2502416428408967,1.9079130878941157,0.4342759280089735,3.3465384240437155,0.41265851150676164
65.75,0.25468449377538066,1.900447329011368,0.42762952205980725,3.3466481900031217,0.411905212813388
65.8,0.24915745801444658,1.9028977570251155,0.4231096490360575,3.3397704878099224,0.40484374846456245
65.85000000000001,0.2601638040674244,1.901400745033605,0.4233190890654292,3.332165043170385,0.4069076810462644
65.9,0.2537267445058331,1.9066473995163327,0.42804733201657225,3.3229312044313533,0.40578862511830366
65.95,0.2552073810289773,1.9048247209509006,0.4298109243295058,3.3238655293768193,0.4058488884887558
66.0,0.25735269005718275,1.9082498416223865,0.4270562439333349,3.3166470680697797,0.4060287778112756
66.05,0.25582187450475935,1.9100069387816496,0.4259906562060534,3.311330287172023,0.3944682515428325
66.10000000000001,0.2533792307133093,1.9111200944994104,0.41463999987987266,3.3060260454223447,0.3977413550081421
66.15,0.25480926889054667,1.9077041216085524,0.4052139915820555,3.3027910510542235,0.3877767969529868
66.2,0.261653457203058,1.9029669037643222,0.3997354212455724,3.3047328627827732,0.38450776459382785
66.25,0.2649749704227327,1.8994409681149143,0.39614904325911976,3.2987038932048374,0.382625871877361
66.3,0.26387601590770027,1.8883533417591711,0.38824183520818933,3.29373392015041,0.38378596183574687
66.35000000000001,0.2628043515960427,1.8872852813049745,0.3853069395453969,3.281278259071981,0.37401348383102345
66.4,0.25861255659599663,1.8895755277952289,0.3749063520762501,3.27918013300821,0.37998608239155923
66.45,0.2536350873867775,1.8856888850459848,0.3692278160267725,3.271028970826667,0.38471525724057715
66.5,0.24344369459788748,1.8797660879487308,0.36243992479575343,3.2808309646305496,0.38734066721247956
66.55,0.2531930575054794,1.8762338184072,0.3483243774882201,3.2757067002724356,0.38587408735412276
66.60000000000001,0.24876215955474232,1.8752310127421432,0.3374331692152141,3.2683070128451095,0.39234125685436533
66.65,0.2510756023860542,1.878681381737958,0.332584397519446,3.266927262105933,0.3938819020296682
66.7,0.2511081956624658,1.8733597104408364,0.327133287061927,3.264036461355534,0.4012985025532493
66.75,0.25500289238754165,1.8657989834194804,0.31718447422796486,3.2624503994313065,0.3984270412277254
66.8,0.24670962284569048,1.8828178819214973,0.3104539000515165,3.2370264114639644,0.3957671531764529
66.85000000000001,0.25512716787761813,1.887473230154794,0.30307002359761814,3.234366580970325,0.38508590398060893
66.9,0.24943134213635904,1.8879953067048545,0.2974180655097717,3.2303125550258907,0.3791583394895302
66.95,0.24919101745969166,1.8769506045104163,0.29747268420128514,3.2333528194188133,0.35932539146215753
67.0,0.23945929805890545,1.873418429697519,0.29152209795119083,3.2375521161463894,0.36170184055225457
67.05,0.239132393707648,1.8687704336724873,0.2874015154411455,3.228554791936473,0.3545518533991721
67.10000000000001,0.2282734230608952,1.867823284286939,0.2811255872110218,3.2253912729669203,0.3489498681860897
67.15,0.21756722971498177,1.8704456956410906,0.2776123945597941,3.2321186453383506,0.3463046696077356
67.2,0.21349502841047055,1.8652415383660141,0.27205140609719386,3.2265405102937534,0.3414756770740074
67.25,0.2110292270240329,1.8624118205245028,0.265358262231021,3.217209107614222,0.33294152933007637
67.3,0.20260309136663615,1.8656468659004197,0.2501032642612476,3.2067761108998987,0.33888228224993283
67.35000000000001,0.19759978288626306,1.868833147746398,0.24321227399843992,3.19534924930564,0.341117084101679
67.4,0.18911085373306513,1.8623989191962105,0.23245520281627058,3.205407797195612,0.32773594428674024
67.45,0.17398687438940044,1.8656225925839862,0.2262092195355334,3.2081820110523953,0.33149714852118084
67.5,0.17485332929815747,1.8709047286397917,0.21961060204851582,3.2111365628994535,0.3239239795554271
67.55,0.17466824440604622,1.880988793503385,0.20958110042484832,3.201962515229664,0.3214838338233825
67.60000000000001,0.17371517943969544,1.8721037772708415,0.19667868571575,3.200762500789468,0.324309040410108
67.65,0.16411146642467975,1.860073368375658,0.19036578309363572,3.1979215405047863,0.32075326794330444
67.7,0.15720893168150454,1.8649323529973236,0.18272436202288955,3.2046361997176818,0.32172235353408773
67.75,0.14932457662545326,1.8621845854801644,0.17829160708833108,3.216219675811806,0.3274346877792979
67.8,0.15085078845433655,1.8650459044312873,0.17725976503061458,3.2087569479626548,0.3182423881437703
67.85000000000001,0.14568627646448631,1.8594981208130805,0.17320793183481487,3.210514769710237,0.3060692148773003
67.9,0.13786820720040605,1.8535150600584098,0.17236472079955328,3.20161436082238,0.30150389462592275
67.95,0.13425473157033954,1.841465138794408,0.17086235287309992,3.1876748538312194,0.29552331560984557
68.0,0.12012747674219694,1.8417422946564217,0.17122342840114146,3.177494800293827,0.2911354348617862
68.05,0.11024979828757814,1.8266705397241532,0.16536786488476357,3.178169624353382,0.28616540066372953
68.10000000000001,0.10024782875404158,1.8262910506888717,0.16091475085587473,3.161752357724575,0.2775945614565631
68.15,0.1038653436675126,1.8192075855497365,0.1666135602717489,3.163330015501922,0.28872002210577563
68.2,0.09908307330509852,1.818459469152538,0.16122644318620566,3.1609658865714207,0.2904555718184594
68.25,0.09649239092200901,1.808552213838984,0.16655488237334287,3.1614846214455867,0.3070808763427484
68.3,0.09282388931994831,1.8044088382699943,0.16993122333638075,3.1512484007525394,0.30461313806603807
68.35000000000001,0.08418477523429305,1.7972520630269435,0.17754526637221274,3.148075968749763,0.3057318577597118
68.4,0.08237520506773725,1.7925808465963076,0.1785935706038475,3.144963477676982,0.3061977678741092
68.45,0.08179865512482212,1.7803040111083501,0.18495402237912886,3.1348151876597043,0.2949263594604561
68.5,0.07443941956360593,1.781871177315969,0.1826897673811156,3.138078023255643,0.28358224939437104
68.55,0.07221105803563892,1.7672465311008594,0.19180170877642327,3.135983915880479,0.26851733997893
68.60000000000001,0.06538488786045638,1.7562164083669014,0.1982289939793177,3.1391273804014066,0.2739608866411231
68.65,0.06544602216346049,1.7513347815928706,0.21001341279148414,3.139557475018015,0.2731869859855553
68.7,0.06290215348429161,1.7447872378710603,0.2181607678591427,3.1285453391195395,0.2683065701430335
68.75,0.05641754781057182,1.7389299547964148,0.22773937294609647,3.1286657962070303,0.26227762274618815
68.8,0.05784967920248567,1.7409165761960887,0.23543617203283124,3.1230141920965697,0.2502185740624582
68.85000000000001,0.060579108222473366,1.736349702730662,0.24019716882217892,3.1234558977878675,0.24838010717530148
68.9,0.06464577336397273,1.7256395724569018,0.24275140354325375,3.1297278536082174,0.21617747584242547
68.95,0.06039574623884044,1.7212425426186786,0.24420251020338316,3.133970673957051,0.19163581836325227
69.0,0.05329544640404891,1.722215569083462,0.25134757418678183,3.12394696613202,0.20654884974661966
69.05,0.05172621698778529,1.7153303382639462,0.2532741797541084,3.135885882935714,0.1832251061309118
69.10000000000001,0.05156961013349114,1.7122161791185582,0.2600767810180787,3.1437996214164556,0.18862031627297282
69.15,0.05136419711573967,1.710059333952154,0.2677088768661449,3.1465807741524947,0.2238602424322557
69.2,0.051130031776319224,1.7093507867000426,0.2723879485260189,3.1425561798311255,0.21421326244448022
69.25,0.05040398180634637,1.7029987923903371,0.2817447390461233,3.136133316406588,0.19737116603449473
69.3,0.05239733627032391,1.6925064086871222,0.2879547463992458,3.137181674171393,0.18693160686848354
69.35000000000001,0.05616641988512568,1.682704053089072,0.2937426761702314,3.1400384909055834,0.17474033190477778
69.4,0.0596881979263079,1.6836723546317651,0.30198806602634987,3.1449025131903166,0.16869502092827107
69.45,0.06736194275617843,1.6688121977198063,0.31188540814640264,3.1501501737133815,0.15312651880213834
69.5,0.06957199467660405,1.6701451688171602,0.32137548749656186,3.1380610210637894,0.14249204759951922
69.55,0.06696870862526902,1.6672757815825654,0.33650761116870376,3.139323418765144,0.1166338864350379
69.60000000000001,0.06801060809803372,1.6588090959813937,0.33608223763086764,3.121103816798945,0.0850756744761135
69.65,0.07435397463961911,1.6477255829535935,0.34710337510173417,3.1158978974521574,0.07136892529138363
69.7,0.07799304627594658,1.6408795312005673,0.358637189670408,3.1084953755881988,0.04824898405859727
69.75,0.08772273773145974,1.6328682264812981,0.36323160331390725,3.098875612478099,0.023727882956079117
69.8,0.09881238692529129,1.6281809613446678,0.3669122663375223,3.099264308227671,0.008261218189966444
69.85000000000001,0.10147530724211971,1.6177492577645132,0.3730341041898629,3.106709815241108,0.00775596228241193
69.9,0.10596181440176271,1.623897888512012,0.3918425895648605,3.10074603536717,0.004044675118910249
69.95,0.11748173692075774,1.619983011605361,0.39868832384092784,3.0936648854647375,0.023140739167300518
70.0,0.12346259223518194,1.6282229124824346,0.40331966827020477,3.0883688173187425,0.007345780299773966
70.05,0.12328495235969272,1.6273268824829699,0.4131975258997781,3.093992150129663,0.036215200354853386
70.10000000000001,0.12244628228553395,1.6196945688172575,0.4085338330870862,3.090049023787794,0.05339509437259314
70.15,0.1300895273822191,1.6221448387520065,0.4166154122362641,3.089112331257156,0.05133518229396939
70.2,0.1367131867221635,1.6198742983053662,0.42442412249094635,3.0874393990898583,0.07298117005441032
70.25,0.13435421755388888,1.6240088755667108,0.433430740977252,3.0932136584547254,0.07984140681963939
70.3,0.14052754154035105,1.623899294249273,0.44380586321723625,3.0974483415338927,0.06960831907342091
70.35000000000001,0.14633744265704798,1.619622734151308,0.4487055762989109,3.087998919275525,0.09556634088614456
70.4,0.15005701274408867,1.6138393444977874,0.4458363774613465,3.086533739297934,0.10936982917084868
70.45,0.15909033075257986,1.613734055703852,0.4531216336823145,3.0849094516204443,0.1399712269274303
70.5,0.1579491376535713,1.6179433103639107,0.4589142831616738,3.0846399237917077,0.19687821227919772
70.55,0.15778879993037961,1.6231308809966745,0.4557609795378044,3.087731876569219,0.22281631936250063
70.60000000000001,0.1682401542332,1.6278176654611876,0.4540414229031841,3.0846057660766304,0.24190986290968475
70.65,0.17601490124221572,1.6235739516335308,0.4491864498751641,3.09099595096556,0.2524997030421423
70.7,0.18235851322070248,1.6277539169868378,0.449619422403219,3.093280513735191,0.2615606356568725
70.75,0.19410229052558925,1.6340490042556814,0.44245056215532746,3.096056329562298,0.304009896457655
70.8,0.19166421772711453,1.6313713954352387,0.4310886472440257,3.097313003634361,0.3097898201747288
70.85000000000001,0.19848984420772298,1.6331763857773034,0.4244587177381094,3.10120140532012,0.32088876488762996
70.9,0.1934029048269688,1.6354507368179596,0.4226360715675541,3.094558578380918,0.3127432527335996
70.95,0.19508684792843217,1.6319076607975085,0.42309974309210086,3.103703882797304,0.2847804462235176
71.0,0.19411864697133457,1.6327063683433338,0.4128470301796193,3.1039666098053007,0.2774064661481263
71.05,0.19729379505671318,1.636879429974866,0.4085912441137168,3.112479230690922,0.26552162709222726
71.10000000000001,0.1869918392774516,1.6349546738638305,0.399379967035017,3.1231484168295793,0.2501442847604828
71.15,0.1879889629913063,1.644024611819003,0.3969722432102222,3.122586499635134,0.24275657782059
71.2,0.1853494290119924,1.645211729093901,0.3862909972054267,3.1305913489738697,0.2600666590611404
71.25,0.18786203892220718,1.6396671181434601,0.3825352128258996,3.1290311627022076,0.2668736385381838
71.3,0.1869058431762879,1.6486252480708627,0.3821513298578266,3.1298346364559726,0.29249992740248426
71.35000000000001,0.189973412707977,1.6542733945826469,0.38792875373827246,3.1356214646084806,0.31470047370339627
71.4,0.19842714424885408,1.6506866763099133,0.38971863190465683,3.140871321867024,0.34864523236503303
71.45,0.1949168061233566,1.6551509992744624,0.3788104066934526,3.1321181093751895,0.39789915681772864
71.5,0.19654425814966925,1.6512398178945182,0.3718348990084106,3.1295857893356094,0.43311943634637273
71.55,0.19577408616604963,1.6566701953285135,0.3643244898339609,3.12670954692685,0.42829972377737224
71.60000000000001,0.20597286905476975,1.6586709953440435,0.3493325788361342,3.1208983860455257,0.43408028393971737
71.65,0.19870575540687296,1.6596791794761898,0.3330944699967034,3.1204448652330985,0.436905296311648
71.7,0.20043616343045834,1.6559040160055698,0.3169756354647356,3.1383281304969946,0.43761337348397145
71.75,0.18744652873731538,1.6626529403009855,0.30603015253925847,3.145052405781699,0.42860506150316247
71.8,0.1873214250436138,1.6610947537004768,0.2915438931498397,3.1382809478532847,0.44438491487940207
71.85000000000001,0.19014998184430118,1.6633931743825328,0.28775856573469294,3.1500310948452017,0.439252249432853
71.9,0.18898463263259077,1.6662821452702155,0.28619216403514985,3.1574753650032137,0.4270295058796961
71.95,0.17624079362190248,1.6639112984479596,0.2748193861616047,3.156160822454312,0.41690085905125046
72.0,0.18399706310362987,1.6640152649594502,0.261338128001618,3.1601472905877324,0.41544314916272024
72.05,0.17927572038857445,1.6510563820173512,0.2467489118750829,3.155462101496123,0.425870354492127
72.10000000000001,0.17741960031344617,1.6479518881969772,0.2429774020572699,3.1653684996094555,0.43248046971795967
72.15,0.1754034274172582,1.6507575145333773,0.23173400922814552,3.1589783710300567,0.4453009455544375
72.2,0.17893846467891258,1.6533524745339028,0.23380562682774267,3.1566413824750215,0.44657158427053234
72.25,0.18806636652084835,1.6502373107467556,0.22369021608723,3.1505800155437953,0.4476877710019522
72.3,0.18539397227546142,1.651687884157368,0.22226203612606885,3.1439072283155824,0.4547615029548707
72.35000000000001,0.18084168860130317,1.6535175416871066,0.21710203713179296,3.1442726402632597,0.45843970233210324
72.4,0.18958381854808642,1.6518828676320676,0.21727880723433976,3.1493733116959945,0.46227433018822484
72.45,0.18356982488805967,1.651313700847709,0.2186020733724815,3.1456381243883524,0.4543985053432666
72.5,0.18387708367138939,1.6513410352832434,0.20937216024742536,3.143859012312425,0.4564186664673618
72.55,0.18526962640694902,1.6458457449673385,0.1988081567424512,3.1366913104386347,0.4585964538435853
72.60000000000001,0.1752115353540647,1.6390459004871025,0.18320708194309138,3.1269928592952048,0.4639412454032695
72.65,0.17241176252729254,1.638516123265237,0.1678085689450204,3.133892137756578,0.46167464897726884
72.7,0.17233267751135756,1.637579637448776,0.15037651320237735,3.1327367220486306,0.4725303529455457
72.75,0.17238200576975493,1.640766200808536,0.14326275885496614,3.136205621129046,0.47527705283548516
72.8,0.16763497199049876,1.6381668457170397,0.14059499785424948,3.1360200136803096,0.4910588146319877
72.85000000000001,0.16179923955461842,1.643668651034683,0.13672963272045424,3.129082803192247,0.4971138175997398
72.9,0.1651346965434454,1.6447471311309427,0.13659172452811194,3.1274825309083285,0.496799063363766
72.95,0.16447965541616494,1.6469609553992004,0.1366463504511845,3.1321797844511567,0.5079532654673731
73.0,0.15998306326424022,1.650904401918269,0.13255178767643352,3.1304604877408657,0.5033348117550369
73.05,0.16060607702904825,1.6481995596663346,0.1279763467445004,3.130473141473251,0.5025968456245972
73.10000000000001,0.1669116444056763,1.6466085081767692,0.12077207621201737,3.1317404201803574,0.5057231295225532
73.15,0.17146192991161002,1.6479859289307142,0.11901549278933705,3.1398417754916945,0.5162517066591532
73.2,0.16111059307179912,1.6546561800486341,0.11463003850299192,3.140237726447087,0.5143511717071729
73.25,0.15843869128920998,1.6589478720816457,0.10933546663211408,3.135110816690084,0.5081763316196217
73.3,0.15758668800873393,1.6643625781162572,0.10471711313396544,3.139493308055263,0.5132674702582833
73.35000000000001,0.14963134572867032,1.6690890980245887,0.09750299663644207,3.1517660167435015,0.5086230971790586
73.4,0.1455396552385312,1.66818643667265,0.08451304957263564,3.153526775106491,0.503891993527348
73.45,0.13930526255465753,1.677432613163726,0.07478213586632976,3.161663158991803,0.5009348770266947
73.5,0.14463959131318838,1.6860114751885151,0.07180980271336697,3.170808692150528,0.5141481025071595
73.55,0.14123802551953166,1.6884281948445532,0.05671238487969841,3.173640809968208,0.5317069001952084
73.60000000000001,0.14245120924433313,1.6915310341740728,0.045585314393994034,3.1741971198860663,0.5409014508059036
73.65,0.14300241489580937,1.6839415360392784,0.029215719770057054,3.1881422300805666,0.5511631375622658
73.7,0.14503888610340704,1.676393307327473,0.00846023943198551,3.1862830922274856,0.5675831033579652
73.75,0.14975542305464642,1.6592557247758977,0.007999691785581705,3.1853757463100685,0.5745548260694378
73.8,0.14343144371549943,1.6436715969705846,0.021587826164759388,3.183342903110358,0.5810775316799965
73.85000000000001,0.14445758911320986,1.6379829494718745,0.026175198980182807,3.177432181311713,0.5952223250183836
73.9,0.13471849750245096,1.6343542199501753,0.039707523151674015,3.173598238680994,0.6039498584058289
73.95,0.13503432366365783,1.6331707671732651,0.059368937427276856,3.1685884779361273,0.6005552961776996
74.0,0.12821888577676874,1.6368580319564812,0.07187476205576689,3.1692138455116154,0.6130712126838698
74.05,0.1266576525981855,1.6393924712553902,0.08757967964818714,3.1729460603744664,0.6267436832011142
74.10000000000001,0.1247560991768598,1.6294725473042673,0.10189659850351286,3.1604544691733425,0.6450936184740195
74.15,0.12556673359045262,1.6242332932754797,0.10519235878668819,3.1579680950250593,0.6540958803274964
74.2,0.1275869391923088,1.6164512799911583,0.10774587131934477,3.1449626710664154,0.6562871005531945
74.25,0.12667235794251308,1.613458583644029,0.10873494859009812,3.13257804599866,0.665145181064769
74.3,0.12489161978696142,1.6093418834732234,0.11728230636135661,3.137169287696712,0.6714643069874527
74.35000000000001,0.13239894904732577,1.61435966003423,0.12250747892667177,3.139120818907349,0.6865631794466699
74.4,0.13123137612743196,1.6240724808521414,0.13287146625368038,3.1449365086029824,0.6853281487433951
74.45,0.13246962994967743,1.6294485566431198,0.14150273269529864,3.1541078504419193,0.6929454321943814
74.5,0.13314048374057577,1.6275800868552706,0.14928677448492675,3.1586184694383896,0.7058189731068013
74.55,0.14016538152306135,1.6261927058263805,0.15567652990467898,3.1481200245012784,0.7022709796949594
74.60000000000001,0.14013753052933148,1.6378086352160606,0.16307742524851443,3.147572221966551,0.7026708786890306
74.65,0.14012616652931684,1.635388527219235,0.16393070262809942,3.1473923625858125,0.7020818118836144
74.7,0.1393711600313304,1.6317183103038788,0.17019161271533173,3.1340683537492002,0.7059991001803015
74.75,0.1342613827766889,1.6261511837433944,0.1778365052412309,3.1321542026620293,0.7083030795925646
74.8,0.12355797678660653,1.6146994400403505,0.18786589374700338,3.124716025969021,0.7118662060067958
74.85000000000001,0.12534393087240678,1.6157699420957015,0.2006218467218632,3.1182973604701885,0.7255545725759555
74.9,0.12412132991384779,1.6092012062497631,0.19970938369051006,3.1051926600926594,0.7450862384457697
74.95,0.12096645832718503,1.6068473046170901,0.20622999833910732,3.1019363230170574,0.7488761382789954
75.0,0.1184812397931157,1.5927479635345838,0.21389896473210307,3.081673978855883,0.7544683091395533
75.05,0.11622715836692905,1.5908858958021106,0.22116604553560146,3.0662585065712435,0.7596620093703556
75.10000000000001,0.12094625260868073,1.5771695296716566,0.22907073997007196,3.0495760524265214,0.7629657390931288
75.15,0.1233406034120433,1.5759678153072716,0.22717532262462597,3.0342674813861725,0.766368524832546
75.2,0.1308892227792397,1.5706271345212088,0.23252321028536532,3.026870984994467,0.7638426024181932
75.25,0.13330585284908605,1.566135457156088,0.240899554963823,3.019081459214143,0.7698856625927931
75.3,0.1390736216783268,1.5640603505010529,0.2421710875059776,3.0045140582437786,0.7761014577850723
75.35000000000001,0.13647622436751736,1.5654857655249055,0.2344514159047398,2.994856858211626,0.7800844720783465
75.4,0.13618526385472024,1.5656813184178358,0.2446881414129172,2.9768269335520263,0.7716009946416668
75.45,0.1310392227653555,1.5564902652249404,0.2596674987701693,2.968125665714688,0.7646281701052378
75.5,0.11838253815708343,1.5530916707564526,0.2656292896920382,2.9573230579956156,0.7644566697237054
75.55,0.11165559971375627,1.5423869469967308,0.2683268924748228,2.9450897499444113,0.7690479967934
75.60000000000001,0.11133002741993107,1.5372221384065405,0.27535816215486386,2.9210767882261566,0.7711198675057406
75.65,0.10747008712443497,1.5288080933807815,0.2686947419389134,2.898575840064159,0.7752448848677852
75.7,0.09965614175239554,1.535286772729397,0.2673727937262726,2.884750176363465,0.7724779052616486
75.75,0.09183784837533729,1.5346134937976497,0.2670066533618187,2.8784048838941176,0.773985421243773
75.8,0.08118841258688204,1.5282565700841135,0.26391110009207525,2.8824230199923835,0.7692030108365469
75.85000000000001,0.07428945767184403,1.5284619542374338,0.2664288665790568,2.8865261201960455,0.7659602833134189
75.9,0.06979322448405645,1.5307472747871478,0.2783786188221281,2.8779683590879825,0.7525780958258821
75.95,0.06586012398796368,1.5314059748432787,0.2743518795266585,2.862598992317338,0.7629967864448541
76.0,0.06769990584487844,1.5255098595729477,0.27820649460284275,2.849344141320197,0.7564709018604876
76.05,0.06546932298348362,1.5230120678526566,0.2770983509456112,2.8383848970635186,0.7507399252129358
76.10000000000001,0.06674619208552593,1.5145014234696927,0.26247662260463583,2.8360006418501236,0.7535551988247038
76.15,0.0661690613124509,1.5192369083119406,0.2693963718112304,2.8341153105951937,0.7525523291535126
76.2,0.06933790235973347,1.5205374248166854,0.2681003117048131,2.8378345694751146,0.7504912547478444
76.25,0.07354229824302647,1.526001916661002,0.2749684633642841,2.838546080090547,0.7499925103509042
76.3,0.0736176949779555,1.5256343416678917,0.2828545835577496,2.837442135394267,0.7501684287220071
76.35000000000001,0.0752141222508697,1.5225775802593613,0.28370072636206084,2.85311368080721,0.7555467093744525
76.4,0.07554314756615577,1.5218918667039687,0.2855893613697149,2.846280141593553,0.757080759110751
76.45,0.07387716343544747,1.5150024063815566,0.2809205510362143,2.835863927883098,0.758984432601975
76.5,0.06220889027074482,1.507260849730903,0.2741569858217929,2.833006874288698,0.7580090943030833
76.55,0.05766967572770172,1.51049048681459,0.26526547403166495,2.8300964402307183,0.7550662072883777
76.60000000000001,0.05157406165125424,1.513834360876671,0.2666022627080451,2.8241633390677996,0.7531439814368746
76.65,0.05106484728326645,1.5147468283878185,0.2630997179579506,2.816200031485297,0.7462039344987981
76.7,0.054126516121418486,1.514901971323702,0.26204632077589646,2.811215077986222,0.7427278820120857
76.75,0.05286991133433233,1.5193986055020823,0.2588863938566376,2.801881588410227,0.7378796873351412
76.80000000000001,0.04839245416043624,1.5216094382885386,0.2559393583861081,2.7903591831737415,0.7297325255102375
76.85000000000001,0.039667617928792996,1.5144675666914553,0.2608571805335511,2.7915649559171,0.7322577598538211
76.9,0.037978660869990404,1.505892047387743,0.2668628907917813,2.7927943205459655,0.7439538536394678
76.95,0.03934623000653565,1.4938565415567413,0.2769946074276861,2.7898250608603448,0.7464784036636789
77.0,0.03299338049771956,1.4931962637354275,0.27080510419762344,2.771809996076132,0.7552111479009852
77.05000000000001,0.028917316625163836,1.4838362602462447,0.2553386855087419,2.7724432527701435,0.7521042560431956
77.10000000000001,0.02849102198757481,1.4835924011240171,0.2517926265124578,2.7586002211716436,0.7500298808770415
77.15,0.02786867391852051,1.4869395252947921,0.24867040345673935,2.757836739714938,0.7483617654372596
77.2,0.03220289444120089,1.4854273810814067,0.24517319536354168,2.7490465760652527,0.742315240717502
77.25,0.037454087700512714,1.4800746966901306,0.23524313621144746,2.7403592826703256,0.7414703054538914
77.30000000000001,0.03819117619248013,1.4787901451661571,0.22614496369073858,2.741124876195643,0.73546205082946
77.35000000000001,0.04269796187637255,1.4866773989905617,0.22566281486440287,2.7311873892625975,0.7322273979095081
77.4,0.04243421735118932,1.490062304949503,0.21060324587241783,2.7241414406571813,0.7280520631930869
77.45,0.04859905094529008,1.488442218920165,0.20420761093120654,2.7232593605855926,0.7201656651950126
77.5,0.054970928197784805,1.4960114724027207,0.20848656742124486,2.7181366450913633,0.7171359673802891
77.55000000000001,0.05937201031918714,1.4921368197391873,0.19995928749422082,2.717803931636402,0.7135779044612315
77.60000000000001,0.05998609180789467,1.4889140713000741,0.19669360635018687,2.71758552682943,0.7250515725856437
77.65,0.05777365374426623,1.4928364228705229,0.18626382429867042,2.7229476688149963,0.7236954349798587
77.7,0.06486802704963214,1.4849013576202232,0.1689739009160394,2.721170945176532,0.7171850982171831
77.75,0.07202195996331898,1.4882332996703889,0.14825021231407204,2.7277581172339573,0.7221063345278161
77.80000000000001,0.0807290352298285,1.4987477042804935,0.1388071025600131,2.736407169500468,0.711713285516355
77.85000000000001,0.07837598255891046,1.5053935790095363,0.12881326778449673,2.7512461628904297,0.704047053457881
77.9,0.08141469848817602,1.5135577528903055,0.1251514084944722,2.7536170116467984,0.6896476653561617
77.95,0.08644861049650686,1.5129185383122716,0.12012792628534051,2.7612091912521275,0.6761504357093714
78.0,0.09423958759104847,1.511646669799593,0.12187942621811534,2.7661457216743486,0.6611688526576293
78.05000000000001,0.09648679559864816,1.5135868864683089,0.11941854796996303,2.7620498150249606,0.6631732712301697
78.10000000000001,0.10489941153362549,1.5058639118501482,0.1213910976423746,2.763615846665042,0.6611188499622165
78.15,0.11225509625311321,1.501679734808879,0.11822601673202113,2.778072768902334,0.6694009423587547
78.2,0.11366888453508978,1.496522661733739,0.11022497691233567,2.7618504834630233,0.6643540800438215
78.25,0.10919355057533782,1.4969550459521481,0.11002047179819192,2.7690427293607285,0.6582173407087827
78.30000000000001,0.11181119918692631,1.4930201022773537,0.10505212811076069,2.7747775368204186,0.6356099826491091
78.35000000000001,0.12000769581287606,1.4983184141363755,0.10196167026280067,2.768373515703915,0.6258746015798152
78.4,0.12217691113017669,1.4957302623414763,0.10295824460518901,2.779858226199123,0.627214439883122
78.45,0.12791502912469901,1.4946666354648315,0.09539322350752587,2.776586689622307,0.6324157511614592
78.5,0.13398069010149855,1.5035377948035495,0.09326129116354291,2.7760489421198686,0.60336324665171
78.55000000000001,0.13313427118984036,1.5101250486451014,0.08747220098618834,2.777507189932743,0.584951658123142
78.60000000000001,0.14318461600181406,1.5046302153231412,0.08694780486249432,2.7770621946069594,0.5703481543451069
78.65,0.15060543276142777,1.5049461518957954,0.08577975823471343,2.773350566525999,0.5413484421274958
78.7,0.15353655387711113,1.4974122410376567,0.08811615828101087,2.7782717481591814,0.5089481377656113
78.75,0.152465683741665,1.4967191991944842,0.08819839091914902,2.7736425033254637,0.4916491071978169
78.80000000000001,0.15461463463554315,1.4940456679618923,0.1007586172968325,2.772192089615451,0.48286531337704686
78.85000000000001,0.15685060081008143,1.4979935943322094,0.10775176575213732,2.7837262145499455,0.46575595712442847
78.9,0.16259747821227238,1.4931247167608008,0.11031609715804483,2.784130651809764,0.4236293586999855
78.95,0.163142118460751,1.4907144822116725,0.11143886562128995,2.7883198033423056,0.40161424681271213
79.0,0.17156967960630604,1.4817734950582995,0.11336450506126002,2.7864721527393357,0.3894729370133892
79.05000000000001,0.17809729062053103,1.4765433360731206,0.12015790312946435,2.776061583657679,0.38136510968499887
79.10000000000001,0.18122442923369117,1.4752443570646192,0.12584794230906463,2.774010836854033,0.3757652460494397
79.15,0.17509594016224386,1.4746082186496576,0.1418545944364789,2.788554244521284,0.3614769934013115
79.2,0.17988920111904239,1.47663873634265,0.1504953818753202,2.7825262856390967,0.3512240375957139
79.25,0.18565905660738322,1.4796317658992837,0.15852958756415655,2.7731464489681046,0.34508372096769224
79.30000000000001,0.19036068096417852,1.477066538042367,0.1638934920671164,2.768938053065793,0.34083395898602564
79.35000000000001,0.19722395374487656,1.4791120397319213,0.1631248149612922,2.7691223840731225,0.32553369183030384
79.4,0.19645371856313354,1.4803289204593553,0.16283346757727327,2.7639755438237885,0.32279897843924504
79.45,0.19374643324827634,1.4842053811058393,0.1659799445257203,2.759595758995489,0.31882816607823694
79.5,0.19982892821370854,1.4780184017773705,0.17383539304470466,2.749086644896535,0.30952031533974883
79.55000000000001,0.19940680868785107,1.4742404002614584,0.17579898840871244,2.742173524325029,0.3026624298344538
79.60000000000001,0.1989260822892839,1.474251202084574,0.17872353692631,2.749929870826744,0.30451156987843425
79.65,0.20734170321218526,1.4856804181860312,0.1842390304625285,2.745328069227945,0.2959325821967838
79.7,0.21022769611868838,1.4945326223335347,0.1956481914760323,2.737524289538521,0.30283518186384545
79.75,0.22142775697976574,1.4919660379841895,0.21140779042283483,2.7491734165683086,0.27791115533122557
79.80000000000001,0.22436728845459114,1.4942095519627823,0.22695611339184357,2.759781024031872,0.2628183655301013
79.85000000000001,0.2153340160530157,1.5075155353508687,0.23855114482564807,2.7609898233991674,0.25824807192104465
79.9,0.21597558772078904,1.5174802757490375,0.24838439762959694,2.7723860907541997,0.24726810725845313
79.95,0.21425662872076695,1.5206553460477399,0.24926833156335132,2.7751231271735506,0.24673145170397856
80.0,0.22101627380014185,1.5337327250189998,0.24814199230166323,2.784354871782668,0.24338638008041782
80.05000000000001,0.2243695054379189,1.5351070667148419,0.2455537989350825,2.7929355221990666,0.23661666849102056
80.10000000000001,0.23338226639118836,1.5293212057455425,0.24175041023430627,2.7796059913670277,0.2369190412954464
80.15,0.2377931514228245,1.5274381054329096,0.24278639585620648,2.765784208814846,0.23479844267869976
80.2,0.23293113144300284,1.5204751795200737,0.24383449835174048,2.758686609002617,0.2379972325024255
80.25,0.236076203885161,1.52341101645821,0.24589898327620024,2.7408921663023036,0.24199735697082733
80.30000000000001,0.2393041220019668,1.5143085438900952,0.25183728227247554,2.735909122006924,0.2428418843240928
80.35000000000001,0.23705046007002073,1.515009838135461,0.2599423473964271,2.731241321395346,0.23952468565629886
80.4,0.22756089008096575,1.5255359339610648,0.2686199147319898,2.7345054596706357,0.227329676025835
80.45,0.217789341219313,1.527678950721641,0.26910512460923985,2.7378981813034353,0.2131001668798982
80.5,0.2071141070356523,1.5313443699904317,0.26579411949135795,2.7303625558583717,0.20974252164334897
80.55000000000001,0.19940865252383347,1.5322626688738141,0.25667585424420264,2.7303427935609244,0.2150732617386208
80.60000000000001,0.18558679678064138,1.5298787355125394,0.2508382325431648,2.7199362805387204,0.2225535692742551
80.65,0.17560603499737104,1.5330986447429777,0.24781154158520835,2.695915000054891,0.2325798168752757
80.7,0.16244516646632884,1.5187669608506242,0.24438052386353434,2.683978644278268,0.23271021195308145
80.75,0.1521529248313458,1.5287202512970848,0.2351891665990634,2.6714855800365607,0.23204069564620788
80.80000000000001,0.15493879622512594,1.5325274959395423,0.22723361466752914,2.6745008816543554,0.22391304342080995
80.85000000000001,0.15020746301855603,1.528729585321301,0.23347310148737724,2.664368836962732,0.22169180916954398
80.9,0.1508456386733605,1.534026326181814,0.2287766848358236,2.6546619509409175,0.22306327619772837
80.95,0.14761338364740045,1.53123363287286,0.22393484191313887,2.662140067545729,0.22503811289586997
81.0,0.13624293802527596,1.5224463134093107,0.21314174419863324,2.655086213596558,0.22816382557568074
81.05000000000001,0.12162515708089858,1.523762931096865,0.21392517118191584,2.6503553998491087,0.23769879483122391
81.10000000000001,0.12148694092096358,1.526357661802306,0.21078745451570072,2.6409701309801217,0.24277356142588818
81.15,0.11689833574798986,1.5324951831688478,0.20327528573254047,2.628272878681417,0.24700328591440213
81.2,0.10598923351568802,1.5277246255049928,0.19044338287105092,2.6212281601749883,0.24496359225891165
81.25,0.10013828331677063,1.5341815051210153,0.18559047409002818,2.603766179129911,0.2545819183116043
81.30000000000001,0.09035671699134096,1.5351256606575476,0.17712127789663187,2.6031876875077384,0.25580330593504624
81.35000000000001,0.08158033085116458,1.5322093059659252,0.16442856848958662,2.597127578046231,0.2558152397887285
81.4,0.08081110291720796,1.5310192522866577,0.1566876778290766,2.588669236254166,0.2747226176135475
81.45,0.08460341155609194,1.5361238341996533,0.1561806179747761,2.586909092562575,0.29086996651183117
81.5,0.08106797883674513,1.5393450857781683,0.15590043072260806,2.5788023613805744,0.3006287562441022
81.55000000000001,0.0815090452876969,1.5355048672425373,0.1561971968375664,2.584982531237864,0.30287559577413004
81.60000000000001,0.07161150801617883,1.5377223678568954,0.1463285165110553,2.5907700190934464,0.3010502500962137
81.65,0.06458976296242637,1.5428159477958368,0.1429769656463028,2.5867213982074695,0.3071402312170045
81.7,0.05473924491733949,1.5484497288422405,0.12978326166143708,2.5809027431890947,0.3123515177878888
81.75,0.047845299018235414,1.5512765876158658,0.11750990508338065,2.572747306666177,0.31662757235801625
81.80000000000001,0.04647658117748587,1.54804234819054,0.10775231915671499,2.5758155313188325,0.31541766466939475
81.85000000000001,0.042089202708140906,1.5437065023862127,0.10423644834340323,2.577353560852411,0.3063925416009272
81.9,0.03796085623791018,1.5434648430352136,0.10064783748805024,2.5754907349992866,0.3036414407371517
81.95,0.03416686635272692,1.5462912819411239,0.09685148364733807,2.570437765942757,0.29745885052749704
82.0,0.033845600537712205,1.538158711853716,0.0859596084711512,2.552394010730614,0.29323997791766754
82.05000000000001,0.026394423106201235,1.546858033938525,0.07544866308830032,2.5392255274374613,0.30439690057267266
82.10000000000001,0.029144142986860976,1.5518026935178615,0.07619630260817516,2.543806422086715,0.3145083641619091
82.15,0.028559065511700447,1.553236597300686,0.07714884092631676,2.547389291951241,0.320870013958612
82.2,0.033421732434982594,1.5484387874536902,0.09239690467221827,2.5512765226159724,0.32332234064437326
82.25,0.038806777868559274,1.54637242908402,0.08544936842902477,2.5544932528077373,0.3184726215521569
82.30000000000001,0.0400473502779871,1.5418154822719008,0.09531976781025964,2.5571905748392103,0.3100973734332988
82.35000000000001,0.0442250690398257,1.5357190947001915,0.09835740590790518,2.546196177283772,0.3014321229111496
82.4,0.040760871246075,1.5387183960711763,0.09610549450060774,2.548008076061773,0.29076834483988767
82.45,0.04425762095327017,1.5381946415479897,0.09673409470897801,2.5541935474443096,0.2871343518689913
82.5,0.048305043988538354,1.5455195671424118,0.09979323035101259,2.546191669615858,0.29859261290870687
82.55000000000001,0.05823832286293377,1.5450196703904313,0.10271174441057838,2.553672643711398,0.3107348624084625
82.60000000000001,0.06886455841706894,1.5569789302859984,0.11619924123350908,2.549494471065758,0.3088390945243974
82.65,0.07923641620850255,1.5501205211407856,0.11888714349570427,2.544190668489134,0.3101669027578671
82.7,0.08568246754840898,1.548430778716736,0.12524522263680254,2.5364335267760434,0.3086075725746138
82.75,0.08541626489426968,1.5449737671365407,0.12418640076895071,2.5255936048791225,0.30181250717853464
82.80000000000001,0.087859648096267,1.540522392552296,0.1333226456246362,2.521262861134919,0.3077869491124122
82.85000000000001,0.09262881338328215,1.5336932413628903,0.13019585089465532,2.510224678877537,0.2967420043463669
82.9,0.0927591145172478,1.530841657709546,0.13170927749554404,2.5065599547085484,0.2976642008173328
82.95,0.09930731401268283,1.5396663224646214,0.13881540691756106,2.5040580841832725,0.306396968964528
83.0,0.10545314378792874,1.5389253984687872,0.14633529823750813,2.5077807045928586,0.3031930656625458
83.05000000000001,0.10472385041145002,1.5331472014652778,0.15840769072085412,2.4989712935797077,0.29660668789055655
83.10000000000001,0.10919472660540348,1.5386704716554023,0.1678699568526545,2.496174911087305,0.2876306934652885
83.15,0.11081950044362893,1.5276555216638033,0.1749897058870352,2.492537214314857,0.2926681772793938
83.2,0.11875861571074074,1.5289695491971835,0.18424918828560322,2.4870360620741,0.2959771968393255
83.25,0.12284803722654182,1.519402157643487,0.18816144699630716,2.4755812040979617,0.2958034770932876
83.30000000000001,0.1267743809443864,1.512768540916806,0.19223119238045486,2.4647384975232307,0.29899759906713225
83.35000000000001,0.13739013534238212,1.5079580308880776,0.20274391023497346,2.4579114459416385,0.2949699040819175
83.4,0.1429925260725502,1.4915933065557943,0.20333528348340246,2.445573364843777,0.30124927512231264
83.45,0.15121606929185952,1.4822089904729059,0.20222854697837322,2.42866645678579,0.2966691027878009
83.5,0.1598547060885378,1.4787126419565222,0.19267169252003025,2.4179160930399304,0.29675985488706375
83.55000000000001,0.17262419395539488,1.4724167882689263,0.19470707312692745,2.417665259556751,0.29255052325167596
83.60000000000001,0.18571288815221035,1.4700493806792667,0.19776737251997645,2.40583368517464,0.2871128980757536
83.65,0.1906867975569403,1.4675076985445614,0.18979763558179005,2.405389296552852,0.2834576845905251
83.7,0.19673179820156939,1.4750778953925003,0.19579496963984128,2.4083219411405246,0.3022547404138968
83.75,0.1994838194437343,1.4776176460731192,0.20869509373646267,2.4198921793992048,0.3155205202094902
83.80000000000001,0.21064137538344768,1.4724815648594825,0.21808627676645617,2.4227367424150263,0.3250474272353593
83.85000000000001,0.21679286545121618,1.4755233286489753,0.2236778042624447,2.4193095629698074,0.3331485992290052
83.9,0.2225758076835208,1.474396986699216,0.2303781543254482,2.4136029566727952,0.343564303988088
83.95,0.2277315382137751,1.4740308645742113,0.2365300175054664,2.411356432989966,0.34715269993003633
84.0,0.23747608568805964,1.471842170729642,0.23661712523188821,2.4008313905045067,0.34966208315101677
84.05000000000001,0.23388812055241037,1.4763934168510187,0.24599479142450176,2.3898784824692396,0.3544757984268439
84.10000000000001,0.23961061682865253,1.4694304987353728,0.25253500593054057,2.377067787678713,0.3493894142763533
84.15,0.2482142775123401,1.462966341910327,0.24730856533069337,2.3742330932018714,0.3531806705867902
84.2,0.25176020140351796,1.466528574331538,0.24925892373098338,2.373983497377268,0.35710438695016666
84.25,0.26606381394323547,1.4615328417694715,0.25801305572217376,2.371715094479672,0.36320715383061675
84.30000000000001,0.27023384334286127,1.4597125588735116,0.25535171691866504,2.3606067295411592,0.3629492113952443
84.35000000000001,0.27842243100892716,1.4580896755658432,0.26006189318120726,2.35001562973226,0.3630956176697108
84.4,0.27516298563963215,1.4501974016692079,0.2574514393972853,2.33988434915328,0.350359014770058
84.45,0.2802584306734474,1.455730753833464,0.2569429954478729,2.338962287690853,0.35403455754303376
84.5,0.2740236171054975,1.45533655592615,0.2629331847361272,2.3230189016870835,0.3554642128909668
84.55000000000001,0.2742055756768738,1.4600715693580446,0.2697139470864978,2.3105613640894185,0.3713039963119773
84.60000000000001,0.2798225341230182,1.4675216980868575,0.28293694174576284,2.305544463179437,0.38059537498124896
84.65,0.2804134070456278,1.46556192649905,0.2968540225173857,2.2983246125802252,0.3828370652188688
84.7,0.2908633523492929,1.46480441574478,0.31423492411488163,2.284219368572123,0.4018703539649775
84.75,0.29099385521055343,1.4603878377577229,0.32435277202268026,2.273580162947905,0.4166278515033246
84.80000000000001,0.291121062774594,1.4707250927468578,0.3229551552055076,2.2649201678462845,0.4407517058100185
84.85000000000001,0.29275271773166683,1.4697312188055613,0.32659317104404406,2.2601000168675363,0.45341926501888224
84.9,0.3036879506642323,1.4665034121235399,0.334235007279783,2.2507993600181453,0.46154319645299213
84.95,0.3023286319840674,1.4545195573683984,0.33078320114382587,2.2426273253892273,0.47007811118816556
85.0,0.3036166060811439,1.4509846071705603,0.33013463333221754,2.2216468279782946,0.4794323583879874
85.05000000000001,0.3086997982644387,1.445845285102448,0.3212144904522043,2.2122610549206643,0.48907298567321567
85.10000000000001,0.3078176419394499,1.4445006481158809,0.3179240293590902,2.218800049996912,0.4834604273068442
85.15,0.3056726057762187,1.4469876552623624,0.3179694283687131,2.210168225716499,0.4869634267200435
85.2,0.30982910449665724,1.451722388221369,0.31711713197256536,2.2044836302038213,0.48789228514304384
85.25,0.3053247188617515,1.4516846090856277,0.32051602326257206,2.1977926599126016,0.4906983396387899
85.30000000000001,0.30354397338215205,1.443053033220017,0.3215606724310211,2.1930561086889693,0.4926297428304235
85.35000000000001,0.3074503764210621,1.4451617179279694,0.32407054364813703,2.189912325717974,0.490694072716592
85.4,0.3042906100012283,1.4395014524644185,0.3273220562040506,2.1671965777595386,0.5030266827265817
85.45,0.3072068123777837,1.4343206672326207,0.32578155256500585,2.1614042221652294,0.504076558741456
85.5,0.2996130040999939,1.4402165232950779,0.3257448036719548,2.1621763582593556,0.5089669330260974
85.55000000000001,0.2910579774558056,1.4467929662338292,0.32459978635945735,2.1591836731043967,0.509529869188046
85.60000000000001,0.28900069741821244,1.446993828564499,0.3202161094439545,2.149010858189447,0.5167887896996939
85.65,0.29072282126955906,1.4405875441279938,0.3079969880141669,2.1500325478791664,0.5153328280427343
85.7,0.2913267729063493,1.4439904877390686,0.29431611290763965,2.136268664235817,0.5029101378166463
85.75,0.283987336541167,1.435954447277493,0.2837572301469078,2.1268366326727013,0.4991561303503289
85.80000000000001,0.27855338001443436,1.4377196247390625,0.27802655452033653,2.104416266765675,0.5093077547804915
85.85000000000001,0.28405708899406346,1.4218976961185839,0.27774834927119096,2.102394601563278,0.5039614166444353
85.9,0.27730928245600855,1.4296889358330682,0.27334625271799184,2.0933906388204497,0.5026850554716559
85.95,0.26102702985354603,1.4320495114279503,0.2682365652535627,2.0867298870222615,0.4925910608021934
86.0,0.2481489626293615,1.4245716394620962,0.2648007863788005,2.0862419624278767,0.4888489349065299
86.05000000000001,0.2379483421797325,1.4231171299739014,0.2631734683470277,2.091940878130896,0.48634872773431187
86.10000000000001,0.23683128721185315,1.431491783449299,0.25659142988389255,2.0967608093088987,0.48109269057709775
86.15,0.2318494669515754,1.4349052080563096,0.24671105776195312,2.0971300758984373,0.4720848692625284
86.2,0.22811287859441165,1.441623235380216,0.2378245390607255,2.0996682348371376,0.47682830976051527
86.25,0.22178235218421857,1.4488317393319272,0.2300972660896629,2.0957328589441095,0.4703263014893347
86.30000000000001,0.2174578824031657,1.4519303501710974,0.21985067369674086,2.1003752652388052,0.46411008485270255
86.35000000000001,0.2127856170695054,1.458870433906676,0.2138952178507091,2.0952031778621696,0.4617545313218886
86.4,0.20867189235454417,1.455389928585849,0.20930568233823302,2.0945873724562865,0.458276414101575
86.45,0.20585409059546522,1.454280466372162,0.2070760851804687,2.0947509816461034,0.45642800857575555
86.5,0.20140743733853889,1.4586836145111404,0.20312044925136502,2.0985557754740767,0.4597853793066162
86.55000000000001,0.18556944970406627,1.459562984449883,0.200051496721239,2.099807619347808,0.4635609287131628
86.60000000000001,0.18481287093168572,1.4575685276665231,0.19949739177529435,2.093292805549228,0.4660858641497046
86.65,0.18700600572492557,1.4635704351726537,0.19451666078926377,2.082731927510405,0.48102339296094865
86.7,0.17454238062601138,1.473580426504835,0.1880997071661958,2.0737737168780175,0.4840398863008351
86.75,0.1709522042327739,1.472463195827221,0.17612261169373203,2.0675838425775015,0.49399768392274607
86.80000000000001,0.16001769899207643,1.4783788071079256,0.15939868797287163,2.0797163301154313,0.49150824259729925
86.85000000000001,0.1560215475423632,1.4737772639278588,0.14747780335270338,2.073760128059155,0.4761072959928611
86.9,0.1526853606485052,1.4651978886875152,0.1422210047911565,2.0662012396043474,0.47798553148165873
86.95,0.14749550960028196,1.4622618737342417,0.14272052220135692,2.062218606237584,0.4885081784212943
87.0,0.14509773699799774,1.4574374748995444,0.14367579613314674,2.0590114885866937,0.49419167307464384
87.05000000000001,0.1443430756433474,1.4741481093136197,0.1333063029102295,2.0567730558349058,0.49431641731952836
87.10000000000001,0.13740143902031227,1.4766060281241216,0.1244941952021059,2.0752836841194635,0.4929396077492758
87.15,0.13271297111748112,1.478154457918027,0.11605117825632437,2.067385251285503,0.495130369847754
87.2,0.12691310975849088,1.4700376372940516,0.1159167290781541,2.067736901268358,0.47896307932654725
87.25,0.123289892009641,1.4726995946697699,0.1121928067929541,2.0647999813937745,0.47116543557453217
87.30000000000001,0.11696892845895573,1.476557436713416,0.1072528243696248,2.0689502092692353,0.4696294231011701
87.35000000000001,0.12003099313292938,1.4766477352844463,0.10270203572632777,2.064588628620424,0.45332647295520806
87.4,0.11205679530225904,1.4780327582093624,0.10110730988840078,2.0621895651620417,0.43884985689680894
87.45,0.11409581536267903,1.4762177236341785,0.0945575628687452,2.070528477580724,0.42670565268063554
87.5,0.1155532356535215,1.4750849834552533,0.08759495621346096,2.064053844521969,0.4178548988549369
87.55000000000001,0.1130948169634623,1.4679657159247863,0.08003641646685583,2.0670454731527057,0.40198843483170615
87.60000000000001,0.11536053968193934,1.4696163018806865,0.07800375171542304,2.0692771008223225,0.3935731581490337
87.65,0.11408037174759281,1.4683117863840536,0.08148198631224898,2.0775854554051034,0.3894254475976576
87.7,0.11843189053424155,1.4615304610762254,0.07626769938307501,2.0657522129493175,0.3896977735212983
87.75,0.12034096837510629,1.4667671055322045,0.07861352774675662,2.0746159010590013,0.39486953643115197
87.80000000000001,0.1300211340882606,1.4704675810603476,0.0762803439184875,2.0673603027448855,0.401361879280067
87.85000000000001,0.1325367641230912,1.4619144236912387,0.07155264681643693,2.068319851830706,0.395852775317363
87.9,0.13673195532240096,1.4714528030065526,0.07458082664900999,2.0707870913928614,0.3974004735422856
87.95,0.1421435644787679,1.468248114811827,0.07804010651907096,2.059053142778805,0.39085401048407414
88.0,0.15028554502688174,1.472312680968285,0.08662277603438237,2.0627160256989012,0.38535475194490804
88.05000000000001,0.15155914739934248,1.4701058088044507,0.09781955530733948,2.0482160333567694,0.3702955961449012
88.10000000000001,0.16327512421894097,1.4581445599473695,0.10504134297201526,2.0351461146390886,0.3676896269806345
88.15,0.17262802077815922,1.4612492207774888,0.10547697017805034,2.0336141135877965,0.3612449648737101
88.2,0.1854505521502555,1.4534872101586485,0.11640151381646816,2.0312908933004548,0.3493735989515012
88.25,0.19391815667879364,1.4488764752810461,0.12375583991750665,2.0254604639079465,0.3299967784322513
88.30000000000001,0.20018986125657517,1.4413693071640332,0.1358106475694838,2.0189645018221425,0.3142686248173132
88.35000000000001,0.20912797749935302,1.4334467338330057,0.14730771993776198,2.0107782671622485,0.3018269074376392
88.4,0.20668318781261244,1.4329322209352795,0.14840750322576796,2.018788621865459,0.281722497467764
88.45,0.21525310701310818,1.4393479242605536,0.15397601395853258,2.021323929304897,0.25866018923178863
88.5,0.2246649701381123,1.4343253301968677,0.15305694747474227,2.0159553393227,0.2454328755800407
88.55000000000001,0.2317193331195033,1.4418927224380789,0.1651464376405158,2.015485645407316,0.2112297169638801
88.60000000000001,0.23524094819886177,1.4281392580201042,0.17476277888286676,2.0178869228737186,0.2116928972079604
88.65,0.22831709621423965,1.4288149509998975,0.1882881419193486,2.0119873272444915,0.1881693481922012
88.7,0.23697080915135618,1.4144170423772946,0.19244098739321283,2.017923542329196,0.1601415722158335
88.75,0.24855597599329973,1.4092385414902275,0.20574497344420806,2.011261192806976,0.14356679005421544
88.80000000000001,0.2599327165111851,1.4105336511130258,0.2100968401842416,2.006500920121207,0.12570393921519013
88.85000000000001,0.269135226500421,1.4114522931136304,0.22076562302078703,1.9985198624052374,0.10595812354706863
88.9,0.27339044838168247,1.4085448001342917,0.23025771238035891,1.9908794022858958,0.10559947485383947
88.95,0.28537045432323144,1.405196962989173,0.23535794589357373,1.989214313810199,0.08584344559533498
89.0,0.28213997946928565,1.3944808124130772,0.2461195857622892,1.988041380978618,0.08170397393776659
89.05000000000001,0.28408213780672764,1.3896268845020179,0.2605231205123218,1.994960219562356,0.08181661469907303
89.10000000000001,0.28782481846457203,1.384023294311808,0.2726752104559105,1.9892550753883882,0.07378810495223509
89.15,0.28628268850164873,1.3892988421257364,0.2784403244220379,1.9859210790147495,0.07816518797484207
89.2,0.2910745629149803,1.3936653269528052,0.2838504375080509,1.975547392665473,0.07773847898852347
89.25,0.2968457655733547,1.3856419836466547,0.29320840801243736,1.975508935861731,0.08635635213742042
89.30000000000001,0.305191741901533,1.3780681317775108,0.2937704835929988,1.9639944184290314,0.0790999702484516
89.35000000000001,0.31029986111631275,1.3645440195100298,0.28730101056124496,1.9716698159537203,0.07188734889141618
89.4,0.3109117494541614,1.3524937443057796,0.2877565903374997,1.9688355595820486,0.07947384580368626
89.45,0.3141156060381402,1.3410119379176204,0.280278858140273,1.9698782365446341,0.07054946244951361
89.5,0.3115775829874294,1.3288419393191835,0.2875483570257458,1.9826452044793599,0.05549313939333609
89.55000000000001,0.3186396260106259,1.3352174288436571,0.3019629943133867,1.9783752606388347,0.052933312052720956
89.60000000000001,0.32346815426612646,1.3250261550270341,0.3010743573593901,1.9769087882162681,0.04553849878268194
89.65,0.3291806527825182,1.3171503247680485,0.30879686057034794,1.9758627855032287,0.03549650253535623
89.7,0.3294017145309702,1.3282642636295985,0.3118352286326165,1.9735923297108673,0.03934542499696944
89.75,0.3398392251566835,1.3219635512566787,0.3123377473193466,1.96956752749717,0.035456507332961504
89.80000000000001,0.34001884925155434,1.3221545869537268,0.3078955310077108,1.9696425915228577,0.03016649642386966
89.85000000000001,0.3363790997022411,1.324924655887425,0.30521783130994923,1.9620090507157377,0.04451257699000932
89.9,0.34531721897734474,1.3180185266674609,0.3091968572457004,1.9624227041046187,0.057412607133183725
89.95,0.34071544120982267,1.3167212457719666,0.30498642337041026,1.9661856210111457,0.09114175473675933
90.0,0.3460952063423846,1.3069189568863084,0.31013452013071013,1.9628449936294043,0.08200702648501397
90.05000000000001,0.3432549852907046,1.3076246834163552,0.3054169265123549,1.9716107588739453,0.06986164474785726
90.10000000000001,0.33991722655509743,1.3152621612352557,0.30372976169651356,1.9635535334517795,0.06834969022121407
90.15,0.33656391780769535,1.3116866565934755,0.29883122284781144,1.9672905857186187,0.06405189470036103
90.2,0.3414723571910822,1.317008698473962,0.29275253610877977,1.957686931742596,0.052196676425656646
90.25,0.3361117991628906,1.3078839670729194,0.2854610357107972,1.9566412224042553,0.04581409822441143
90.30000000000001,0.3363064655365876,1.306033970991413,0.2783611940678908,1.9630459636911493,0.04538793414224505
90.35000000000001,0.3363506819400101,1.309571792726606,0.2529241735498185,1.9718428362364329,0.04590256404678967
90.4,0.3308471161621498,1.3055460902687739,0.23927974351546102,1.9836846187093262,0.059082342195361015
90.45,0.3284318549833169,1.3107567337856614,0.22495376893797625,1.9945979796169262,0.06400020364761505
90.5,0.33849640863625907,1.306913590583937,0.22449991719627144,1.9948747894698542,0.07430339875680744
90.55000000000001,0.3412488754946037,1.295614658259058,0.21281080802163865,1.994298881156322,0.08650667852819632
90.60000000000001,0.3202551733937006,1.3018805475508566,0.20544442653413103,1.997162252780362,0.09831934881754913
90.65,0.3123717212296801,1.2902420128601795,0.19533933429664938,2.0115302370077894,0.10323125822103917
90.7,0.30386651417137983,1.2914677177533163,0.18542291369533617,2.0047982841079874,0.10842755439745314
90.75,0.3080428982955342,1.2835579222323272,0.179213091774133,2.010357150781068,0.11959006627149371
90.80000000000001,0.2965065564332294,1.2827882926703054,0.16609931552035945,2.0206900043393428,0.129223776849896
90.85000000000001,0.29327500144432767,1.2856056199613362,0.16580554369098954,2.0329021928732183,0.13640847116705185
90.9,0.2822336841538578,1.2855811934916945,0.16794649299750578,2.0328398784800017,0.1344525424751995
90.95,0.26309298750361254,1.284753959466596,0.15694442675162537,2.0175352192561262,0.13741422913538764
91.0,0.25683023131658894,1.2797147949097911,0.1503399440818955,2.020159488190213,0.15106502450839293
91.05000000000001,0.2568614048289537,1.2727498232872392,0.14672386829217787,2.0249273353131425,0.15625462612775368
91.10000000000001,0.2503646407489944,1.2765891601690604,0.13959728146309233,2.0251881150480573,0.1491218372693914
91.15,0.24992786029589228,1.275710359423586,0.13676901288152007,2.021876290452433,0.16172985285876373
91.2,0.23813690911278518,1.2730829979680318,0.12496433970337306,2.021337926313603,0.17892476779677613
91.25,0.2253763875252358,1.2769969570505093,0.11231201747857737,2.023843137369137,0.19269062711338747
91.30000000000001,0.22834128096194292,1.26887181336668,0.10298937355347097,2.0327766479431673,0.22348400998958623
91.35000000000001,0.2222190059460326,1.2638623867660186,0.09662763945850092,2.0329497483609527,0.2515236329675145
91.4,0.21217275744765926,1.257960990639024,0.09932196706660373,2.0420060529179307,0.27403412402930916
91.45,0.20681898417538847,1.2508882253283033,0.10678960616909042,2.0418869191488764,0.27838922502510116
91.5,0.20049555018816473,1.248831033304521,0.10823848507488669,2.0492556127211077,0.2890635940781034
91.55000000000001,0.18930265244672176,1.2430400422787538,0.12380090834343221,2.0528144381886038,0.28678784028824417
91.60000000000001,0.17830575040114574,1.2407833014090486,0.13374984216384497,2.0633630367815092,0.27015507617353424
91.65,0.1759910588887053,1.2459397862979946,0.14064260426529707,2.068112943135316,0.2583627545921215
91.7,0.1779419810666347,1.2394555116246417,0.1443448108524125,2.073347411289768,0.24709597023601992
91.75,0.16541005772246783,1.244226063097511,0.15318662169546665,2.0638713926248355,0.22773731469670797
91.80000000000001,0.15401180916122711,1.2382313271552865,0.1574331933171857,2.0627830607766144,0.21662239869853858
91.85000000000001,0.14073524462876388,1.240103446404479,0.1600704516744646,2.0659852673257415,0.2198356200459249
91.9,0.1329658261700295,1.2421592460829274,0.16769246235079438,2.06284429360878,0.19316962463184958
91.95,0.1252833370359708,1.2385466357450927,0.17735242945357563,2.080798712850931,0.1993815114432216
92.0,0.12163886841809589,1.2455000796112294,0.18854316784821173,2.0826923325567983,0.2055447866486329
92.05000000000001,0.11183749602298189,1.2473417197997605,0.19972971003250928,2.0828689539347547,0.21460656116379775
92.10000000000001,0.11132873948324111,1.2541375552002034,0.21086928427622265,2.08999343884028,0.20933543229968998
92.15,0.0974502827332391,1.2662477088301638,0.2177349612354775,2.090082474597554,0.1976610020894271
92.2,0.08644844761843162,1.2706761103126643,0.22123527632296586,2.091326654723612,0.1808807112260845
92.25,0.08394716318258236,1.2777313048016683,0.22132499689742746,2.0912436180186353,0.165878962345209
92.30000000000001,0.0809672273441128,1.282834649860267,0.2204884807256545,2.0981806370282925,0.17025465947217958
92.35000000000001,0.07820152816356074,1.2768129118073668,0.2173297121047969,2.086702308897775,0.16484198303398903
92.4,0.08023277184339796,1.2754520114665557,0.21305720046255472,2.092629311890507,0.16905571589922655
92.45,0.06214224150594114,1.2852907188154796,0.2096806540852364,2.0914096216942792,0.16383458999724884
92.5,0.05490682393671443,1.2769839056418164,0.20717863392828842,2.090776144246559,0.18194410949301534
92.55000000000001,0.049248651913060416,1.2780132051020021,0.20538282380146816,2.089816216925864,0.19893819706567942
92.60000000000001,0.04305356874377918,1.2797540791061257,0.20510509723672568,2.0850555163244393,0.21396641169187025
92.65,0.038230172579680755,1.2745383750813923,0.20536138913030408,2.089326457212035,0.22606310634084562
92.7,0.040643873124258,1.2681619571420646,0.2065069361003514,2.0926389997419492,0.23081570979716623
92.75,0.038043571339589945,1.2614245636116415,0.2081909479340734,2.0832342083256283,0.23195682665161904
92.80000000000001,0.044774986403469184,1.2441402814071005,0.21123700282684282,2.073248578943343,0.23321687852079004
92.85000000000001,0.03653254528947999,1.2467077120325645,0.21113152138919164,2.060819410648698,0.22910328001369504
92.9,0.03900540525143701,1.2360412683718844,0.21742918595992253,2.0594489942092715,0.2265511228656039
92.95,0.03558838303004415,1.2315643206744353,0.22204633721689232,2.052045252566615,0.21374873729686314
93.0,0.031735390324346725,1.2331112902171801,0.22918468827986185,2.0487060662172336,0.2120398641835623
93.05000000000001,0.035975350871657145,1.2290455614906701,0.23852613272898573,2.0436626587773272,0.20328428858654105
93.10000000000001,0.039503238144480896,1.2194383320309576,0.24463672469693884,2.0405491978334265,0.20426748506818562
93.15,0.050493936145880956,1.2189664842082053,0.24604019151889403,2.0442164135716023,0.20608819880435225
93.2,0.06288564965250536,1.2181459655502431,0.24378639354313508,2.034321559342345,0.21993962709391027
93.25,0.06946718478323866,1.2076873652932465,0.24294019295412309,2.0246162294980765,0.22579022546354266
93.30000000000001,0.0721404502958201,1.209279002425317,0.23829362787696773,2.025144884366093,0.2401827165237157
93.35000000000001,0.065321529067535,1.1994449853335711,0.23104692529043364,2.02492352736318,0.24829788844276976
93.4,0.061544750740473,1.204615604604239,0.23872731945095066,2.0168200281871735,0.2399662964329589
93.45,0.054833254043831256,1.2113726042960233,0.24277476655442662,2.019210905178824,0.25330822469756
93.5,0.060603985521448744,1.2045057115779143,0.2500310326415255,2.0311164946329496,0.2562108510064084
93.55000000000001,0.06477424107828074,1.2030572060706475,0.25779730187304234,2.0249118704403806,0.2652424811587866
93.60000000000001,0.0741274280637229,1.1986579891078244,0.2554309262026882,2.025983033324896,0.27357809518617415
93.65,0.08299680603203789,1.1999635852326314,0.2654366057686841,2.0121942820931866,0.27967242488904454
93.7,0.09804591497188173,1.1901491514409854,0.2722985783007423,2.018574606179066,0.28469319723262915
93.75,0.10482867935146799,1.194494815056044,0.27459137393587035,2.0128480477126427,0.294374027297809
93.80000000000001,0.11720125815016134,1.1881619512424828,0.2790417672804713,2.009440995737381,0.3081237934527854
93.85000000000001,0.12101709249436492,1.185094596248679,0.28543926764791105,2.0137554546385825,0.2964654741886015
93.9,0.13044274866625083,1.1864995075580291,0.2821415883275863,2.011524364293853,0.2982080827040136
93.95,0.1376653663969546,1.1909622858032651,0.28033501247843184,2.014495522794528,0.3051676650850635
94.0,0.1426896321322217,1.1832787975139765,0.2834022502873253,2.0148004610762493,0.30644647401536246
94.05000000000001,0.14289916753063062,1.184391417572863,0.28178623027356814,2.013760923148499,0.31039782868821386
94.10000000000001,0.1419050023975567,1.183602692374443,0.2885533387814922,2.009990430940015,0.3057905932419981
94.15,0.14130901028633197,1.1907876991713757,0.2882042592412751,2.0176737812849206,0.3019713858766209
94.2,0.12905159439352165,1.1876673811978886,0.2879313182004287,2.0097125635484208,0.3016834901439966
94.25,0.1201148427971521,1.1858933453998046,0.28019566972353893,2.0010573191985164,0.30556565844218847
94.30000000000001,0.11235425150924126,1.180112807446583,0.27920805476758953,1.9927794154534288,0.30950807236803657
94.35000000000001,0.11526765870730159,1.1734367623956707,0.27286094889757995,1.990532287780401,0.2987906251445641
94.4,0.1118656456130523,1.166987713496229,0.2634238943171296,1.9848307975237287,0.30441654612810515
94.45,0.111019046445438,1.1767037652538406,0.27149766760951227,1.9861336725283156,0.29557461857527384
94.5,0.11601883291866255,1.1764781902698773,0.271991104271326,1.9845625792498653,0.30383062841631187
94.55000000000001,0.11580212251169417,1.1691296012977155,0.26792202939532783,1.9838372605923367,0.30945518524094756
94.60000000000001,0.11706452866466954,1.1727416734399387,0.2770834772784325,1.9775773674001043,0.305308440916197
94.65,0.12288060098448336,1.1697229246747511,0.2760831842244382,1.979834533711876,0.3044864941340863
94.7,0.13102447127041258,1.1769379460523441,0.2667504476754286,1.9677191312189166,0.3032967481352036
94.75,0.1322736530604465,1.1722419828961814,0.2611561277644558,1.9609609730678565,0.3002580814267462
94.80000000000001,0.1341436206591624,1.1720362900413865,0.25044273955575064,1.9664100877384312,0.29930691220970856
94.85000000000001,0.13637107959877856,1.1784880368323392,0.24630103421187918,1.9518028841441162,0.2984041222152572
94.9,0.1414733802924419,1.1786626077740074,0.2439725376038928,1.9553928290132117,0.29104018880068944
94.95,0.14364161694316827,1.1865325078926388,0.2389329660819226,1.949670406231889,0.283995281057901
95.0,0.1409005136556824,1.1947980513530359,0.22385821802283004,1.9592028519979328,0.2891639391083712
95.05000000000001,0.13793289016209748,1.1950970131017167,0.2080428266359403,1.9627077439808958,0.28459854711253435
95.10000000000001,0.13040968137017628,1.19191373425194,0.20507012954257314,1.9650740330087328,0.2792153562623997
95.15,0.12251781701705083,1.20043927322845,0.19780826386326036,1.9609012045909506,0.2780724459278378
95.2,0.12202328864887996,1.1955214395732896,0.19199488731342418,1.9539111051208986,0.276515333460295
95.25,0.11209753028143174,1.1958950567627369,0.18806287381222142,1.9574604226583414,0.28233897684626147
95.30000000000001,0.10586923292132078,1.2025609491713183,0.18980285393595667,1.963078408472535,0.28016286425598114
95.35000000000001,0.10225874745436832,1.2006197241214183,0.16980830314431417,1.9616163621979672,0.2821731154280691
95.4,0.09390528654501223,1.1930867333101909,0.151895231733643,1.9603451044373237,0.2879485610537528
95.45,0.08560919669804795,1.2075422888525011,0.13705126646537175,1.9504515000829656,0.2787431220178218
95.5,0.0825460885332417,1.205644241553427,0.12802965907621272,1.9528501580150384,0.271629445048035
95.55000000000001,0.07790953332738663,1.2081081386591364,0.12351480322125816,1.9501025722833107,0.2675556545747823
95.60000000000001,0.07918179732711274,1.2073196539654256,0.1211054156783304,1.9531456263725857,0.2613923660274216
95.65,0.07974923987373375,1.205713357588944,0.10018085796204186,1.9452644657186582,0.25958226668970114
95.7,0.09573314105735353,1.2078746812179626,0.08342904853773164,1.9531832603926045,0.2503427679279858
95.75,0.09376546753499915,1.2192144142280228,0.07214488000155161,1.945668159519314,0.2436020608175911
95.80000000000001,0.09760527112267173,1.2182924023196717,0.0721621778234575,1.9467985877681135,0.2410205393067388
95.85000000000001,0.09954263880963987,1.2077173391981197,0.06750219586753503,1.9430198046413625,0.2390023775757415
95.9,0.0944318873458318,1.1987417098247444,0.06539029507966039,1.941055829901519,0.2454202213264803
95.95,0.10268272228743143,1.1929805018922424,0.06756235932519844,1.9334582217125391,0.24541792164746723
96.0,0.10564464178211605,1.1859267536733813,0.06821445194389239,1.9168310632229357,0.2547393465159144
96.05000000000001,0.11285592170840988,1.169692697698775,0.0755375883423923,1.908245036011051,0.276389937351561
96.10000000000001,0.11849620638046206,1.1743847166386063,0.0782916065720901,1.9042447928350075,0.2973893870169239
96.15,0.11238524644483794,1.1698793011814312,0.07522981002634611,1.8908314791721006,0.3058133974967851
96.2,0.12046802976455642,1.156037826596211,0.06900761017317115,1.8864226455397264,0.315593497451186
96.25,0.12419556671610743,1.1540014183218321,0.05117433077895308,1.8822395267701517,0.3214874258950702
96.30000000000001,0.12255456624406799,1.1487740770204844,0.039764819018683166,1.8827874652690073,0.31533817450032486
96.35000000000001,0.1306254366775877,1.1495638446795966,0.02613734324999959,1.8851460816994792,0.3096252299024508
96.4,0.1363083260196585,1.1468603353596973,0.020395876462376027,1.882776005686321,0.31529881335328974
96.45,0.1469267468216997,1.1448645840471017,0.008442235802468036,1.8874984009406135,0.32173374861286075
96.5,0.1493014162009733,1.1587234808854365,0.0017751483019859033,1.9015647940800708,0.31824540613392394
96.55000000000001,0.14742334534245027,1.1540088574851062,0.00842973530612001,1.8981631841133653,0.32097802704768186
96.60000000000001,0.1450162263525713,1.1571362679714174,0.01609068320927088,1.9000463082051158,0.3324781388488269
96.65,0.1513009335345952,1.1642307934293779,0.01544336790426787,1.8983888578248271,0.34214888440609753
96.7,0.15510302494701833,1.1553680091267478,0.016089874468151015,1.902467219615681,0.3486405632352163
96.75,0.15869900635196946,1.14913945982413,0.02191085728175293,1.8849538832142414,0.34774356474031903
96.80000000000001,0.15993881220077333,1.1437952626159427,0.031710912071080205,1.8797620481658524,0.33949391476039614
96.85000000000001,0.1580958494389765,1.1423494505923892,0.04634882971994623,1.8819474030254548,0.3371529065641197
96.9,0.16064026511899765,1.1443020892764602,0.04728599214511053,1.8806553689894192,0.34118440371883096
96.95,0.16710498515962346,1.14055335121724,0.05367219920172536,1.8780089344288173,0.3480863610831569
97.0,0.17592821126373281,1.1327042540151457,0.061726041435521316,1.8713355888429652,0.34083290428100893
97.05000000000001,0.18702294593624924,1.1300261276830783,0.06531663167061665,1.8733874191025846,0.3379538140106694
97.10000000000001,0.18759811623173964,1.1272630525306162,0.06952565740422323,1.8690707184243265,0.3464631216014112
97.15,0.18652897832824486,1.1296002121238689,0.0827958237107998,1.8496658516656501,0.34493809500482997
97.2,0.19598923646161048,1.1207180816907738,0.08479326978591593,1.8574445795961194,0.3467597912000859
97.25,0.2011981082871938,1.1216069307087584,0.0909140425523248,1.8519962345535677,0.3695083842985655
97.30000000000001,0.20903153287667142,1.118015960943647,0.09136165336800729,1.8426929076527319,0.3847972097285409
97.35000000000001,0.20910612650673333,1.1107554723975221,0.09167475729436683,1.8303641303263203,0.3851369697500041
97.4,0.2111254317397472,1.1096008719380968,0.09746047886421288,1.8341209447345324,0.37419577276268995
97.45,0.20326283766802639,1.1074463881613021,0.11092058739240514,1.8397349191439916,0.36210780058021247
97.5,0.20582112758955,1.1095311273650734,0.11610599189651502,1.8304829385035126,0.3506117322762069
97.55000000000001,0.20506771825085207,1.1020419415279712,0.12553603564538862,1.834984211817535,0.3482414571934736
97.60000000000001,0.20557359460922325,1.0956874504307086,0.1382683744886135,1.836153836023081,0.35360452231334255
97.65,0.21107871062212968,1.0970377751197122,0.15381908893210203,1.832973360079438,0.350329581588304
97.7,0.21634552758892717,1.101372520979271,0.16222744787234886,1.8350567921460772,0.34063906687325873
97.75,0.21503451682756414,1.0954857832317306,0.17330119104836494,1.83310343982846,0.35188048645279885
97.80000000000001,0.22094459155018387,1.0874863660748555,0.18177432707351648,1.8396219685219366,0.3288528424621064
97.85000000000001,0.2296516869236584,1.0909868737901514,0.19041368142705228,1.846418620301039,0.2967219345591311
97.9,0.2276268004924073,1.086152056276709,0.19475497182198187,1.8526345938153448,0.2824227490874343
97.95,0.23401113093343162,1.0816261556649784,0.20374532281817564,1.856826596588456,0.2613822757128438
98.0,0.23521342684921864,1.0838339458596145,0.21270437988847907,1.8490285646259457,0.23457763615897853
98.05000000000001,0.2473984066480485,1.0781639202984172,0.2290627931782102,1.8587791979112125,0.22844259843911244
98.10000000000001,0.25123373792354364,1.0776519419921557,0.24170453579200402,1.8580165670757476,0.21206693980672903
98.15,0.26320827219386317,1.0787573519081834,0.24380129260237485,1.8579124960244673,0.19917827950854047
98.2,0.2710704662884501,1.0788072968946336,0.25078671419232273,1.8570561629620017,0.15764096125488353
98.25,0.2755048780565188,1.084994182016945,0.2611660795614244,1.859165374172415,0.13527615401643134
98.30000000000001,0.27471106181639066,1.0787397384235005,0.2641601966660148,1.8558475950351203,0.1257828944980756
98.35000000000001,0.28018223351784216,1.085281251512476,0.26140896111524137,1.8468475531714386,0.11505848575527412
98.4,0.28050239630504675,1.085089813380347,0.26728384191848514,1.8473060309246838,0.11246101457337775
98.45,0.284602056606792,1.0802508399044999,0.27917892630260804,1.8513220922048932,0.10626550915857326
98.5,0.2945116573441221,1.0861684427633342,0.2830541123009695,1.843965229834737,0.06360693122664943
98.55000000000001,0.29402079911194345,1.0788283193479509,0.28315062731095836,1.8435231500241582,0.03564362867165295
98.60000000000001,0.304775304244817,1.0831523928713265,0.28709589107463984,1.8464827275853886,0.03824573585304878
98.65,0.3015688900842478,1.0938566026791248,0.29250466220783167,1.841207975793701,0.05941951604330807
98.7,0.3037959689006496,1.092449617985022,0.30273350034018803,1.8339802253548612,0.09476922078433667
98.75,0.3121677695223731,1.0871108477169424,0.30767552729103276,1.8328996466571987,0.10884071835625714
98.80000000000001,0.31408167337896326,1.0782402649231113,0.3079808301498657,1.8292343952203536,0.10293102624729358
98.85000000000001,0.31388602969227525,1.0529631048718846,0.2960743359036117,1.8203061214724559,0.09256429457391542
98.9,0.3139204326426088,1.04427422752293,0.284469550172174,1.8045669780580889,0.07480918331482381
98.95,0.3099340466632868,1.0321550833481759,0.2708714192001032,1.7922847646199966,0.07301522104351582
99.0,0.31081490509178383,1.0239217135851535,0.2632711183152291,1.767695765209693,0.08551036687804844
99.05000000000001,0.306733932579679,1.0188556233960173,0.2530694708493995,1.747134812279863,0.08258895168602617
99.10000000000001,0.2974842614405455,1.006481225993718,0.2595487615296029,1.7406688343000178,0.08883385782230183
99.15,0.2871929855975474,0.9955811253132276,0.26254521334548225,1.7472211115183138,0.11041086066632007
99.2,0.2778710859681687,1.0034159690522324,0.2588046892454718,1.7447237262224569,0.11782844785284904
99.25,0.27169973278842013,1.0053553679213971,0.2609582492349427,1.7508820481676368,0.12216586353513441
99.30000000000001,0.25919816433643655,1.0119260610442207,0.2586192340503044,1.7649028871819852,0.1427023828063719
99.35000000000001,0.2580061524074813,1.017748159219954,0.26792698553945943,1.7706530702208911,0.14428883557641367
99.4,0.25846999074994165,1.0158025373066657,0.2693640089720945,1.7850282324603512,0.16516669848598067
99.45,0.25766256792182424,1.0242476100250555,0.27270415585570273,1.7823120288071284,0.16440179896458618
99.5,0.25102897938167923,1.0211577113576853,0.2833298509112069,1.7861123648009238,0.17192683643789441
99.55000000000001,0.25265392875886683,1.0260504538250363,0.2889648681960616,1.7836321714583008,0.18695907658574237
99.60000000000001,0.2432530161049242,1.0155862923279106,0.2934931671895194,1.7932625485682785,0.19723186778360902
99.65,0.24081659155419807,1.0233166758665648,0.30496981325577033,1.7857261528281037,0.2066810134679516
99.7,0.24389090195036173,1.0215638713547373,0.3206844446019718,1.7863804550619462,0.21801791859016376
99.75,0.24037524511964545,1.029673162197652,0.3256043598213804,1.7884364610332968,0.2208047834202249
99.80000000000001,0.23406951217454938,1.0411495231882737,0.318922926972188,1.7884877690651955,0.22070498145550654
99.85000000000001,0.2202987890560702,1.0353007929202842,0.3226804708615403,1.8007560191843768,0.21367445045071226
99.9,0.21655403451663602,1.0363163516574603,0.320034386990574,1.8117747464334628,0.24863019253207239
99.95,0.2155329122080145,1.0423835409255644,0.31726956546815205,1.8121506766299527,0.25772897900755704
100.0,0.2127876080359957,1.0503719353527954,0.3173715861994208,1.8162733244864033,0.2721130751018319
100.05000000000001,0.20421874877432675,1.0534052228965265,0.3281156797271345,1.8227913556827955,0.2795996336447165
100.10000000000001,0.200745387920257,1.0579081366757856,0.3231700291371344,1.839226783087499,0.29517946881133733
100.15,0.19772996515502833,1.062229590875189,0.3112954993399484,1.8373566256073304,0.2929271246633227
100.2,0.19688105528578995,1.0537598050676793,0.2974184036884184,1.8397573408380747,0.2952746415184131
100.25,0.19032351577444612,1.0454037587857858,0.2946911239268449,1.8378166291292541,0.30426697850691903
100.30000000000001,0.18617463084102226,1.0402345802881583,0.2877895152373053,1.831403442604372,0.31818876036150856
100.35000000000001,0.18228977892680634,1.0343253720058814,0.2735601685754256,1.8265152625362402,0.33241368513653513
100.4,0.18120462981310367,1.0175828252212136,0.26695560854996225,1.8294600560271068,0.3335594946237365
100.45,0.18442971177772713,1.0128660074080167,0.2578666611095866,1.822113769925734,0.34370248682536725
100.5,0.1806988443042045,1.005183593811955,0.23592989045400728,1.818573517136005,0.32428251770294797
100.55000000000001,0.17908386802302526,1.00396334573306,0.2209116858749553,1.813369948978144,0.3306119022246365
100.60000000000001,0.16844605707116272,0.993564453090949,0.20828243961255366,1.8155860070508585,0.34837933644686114
100.65,0.16086411644266901,0.9911914869434912,0.1958077474155718,1.8099477495852032,0.34734593154816207
100.7,0.15669408199127702,0.9783632141983435,0.18613054774431775,1.80643178059623,0.34863835189184333
100.75,0.15394676656624542,0.977670031777041,0.16992433103416188,1.8001380453903906,0.35399042385560436
100.80000000000001,0.1456122638015777,0.972457990822995,0.1376340347797561,1.786178215973347,0.3555727288414542
100.85000000000001,0.14222097089028876,0.9728935035814624,0.12804625609741077,1.7987591440569386,0.3698003216950459
100.9,0.13541639296312738,0.9766732512984638,0.1250356498407545,1.797972990300939,0.37607835163465436
100.95,0.13587611485170478,0.9850934053176009,0.11793196477201506,1.7941087299128082,0.38301120937456146
101.0,0.1258310935498045,0.9831439123148906,0.1200427995501632,1.789182966880196,0.39282068624153343
101.05000000000001,0.12206199966326339,0.9804363795814506,0.10737254898953424,1.7846607739929365,0.39004910727976017
101.10000000000001,0.10841867123056073,0.9821520034034473,0.09818105630283845,1.7857226460336917,0.39355264100636617
101.15,0.10866846766207931,0.9799238003282806,0.08706004390207199,1.7909170742345843,0.4045579412252203
101.2,0.10932194717607381,0.9716516324395588,0.08444666004308099,1.779839961388599,0.3976480126279212
101.25,0.10976691076861872,0.9715812496890639,0.07992145566588564,1.7783739990420107,0.39795858358979613
101.30000000000001,0.10656472665359089,0.9728661982901415,0.07299116284572346,1.7733286705581857,0.40171775512954766
101.35000000000001,0.10443794836224836,0.9764363972095832,0.07136118412608926,1.7672863699656627,0.4159235780983565
101.4,0.10556040993357814,0.9844714525999941,0.06798484100485755,1.7600489266662886,0.4140288471775561
101.45,0.10399111830982023,0.9921983547585632,0.06989201347835304,1.753935531152193,0.4161788370641872
101.5,0.10951235613525045,0.982879414916353,0.07569762721285807,1.750291299905138,0.41806133392635575
101.55000000000001,0.1014890579857407,0.9895492407510067,0.0753144785685919,1.7503518461277583,0.41293835092455183
101.60000000000001,0.09952668612795267,0.9870177196568726,0.07732504721736706,1.74835379179122,0.40418706005264066
101.65,0.09910790372954958,0.9936053014080952,0.08005810498526576,1.7537108233919871,0.3956776643325733
101.7,0.09601337329727354,0.9932482310855955,0.08497310346919387,1.7463514281039545,0.4020040155812856
101.75,0.0928675466974645,0.9871942368241238,0.08913326364736139,1.7439759320781567,0.3967365513544954
101.80000000000001,0.09288147862468472,0.9950314818315732,0.10156477850643343,1.7443641661999143,0.39381308991461783
101.85000000000001,0.09992727333256432,0.9930570571437726,0.11391769759739287,1.7394918452285995,0.37963327303938493
101.9,0.10983691878764631,0.9912770303042037,0.11878129459279678,1.7348955981696064,0.3640273069005503
101.95,0.11496653790489388,1.0074228078051182,0.12728313942585842,1.742129989870007,0.3603493827595569
102.0,0.11563971380858361,1.0052643825680383,0.12526687889991983,1.7349524239932428,0.36469750606212287
102.05000000000001,0.10967681599394713,1.0023731378709246,0.12406044928456504,1.741485653565114,0.3763985717446058
102.10000000000001,0.10896446465894656,1.0062191288270197,0.13814616060041424,1.7395129370925615,0.3871143147211899
102.15,0.11469966714666809,1.0002963623572252,0.14321169644453366,1.742477774734298,0.3809391504989172
102.2,0.11872662842225058,1.0097765353098367,0.15479117300459214,1.7283742646455293,0.38998946098654663
102.25,0.1263858208049893,0.9986764988615537,0.17165997486572268,1.7304229637283914,0.3856006204510118
102.30000000000001,0.13602995677297447,1.0015534442256024,0.17734022789162443,1.7242030510713604,0.4006022371397624
102.35000000000001,0.13994262802625101,0.9976434252629799,0.18104689988842884,1.7187022588897232,0.39535273845136426
102.4,0.150540610110501,0.994696588583362,0.1942514503110712,1.708818315590199,0.3880310648547473
102.45,0.15211800602536305,0.9988687809729803,0.19816317090955352,1.6986371457409921,0.385395245747476
102.5,0.15627890028746697,1.0033149569533932,0.19301220889443496,1.689922380704482,0.3828055778081243
102.55000000000001,0.16741220710990293,1.001696367519367,0.19386257782203592,1.696008074786081,0.3739004374094728
102.60000000000001,0.16455964950892957,1.0094586694351917,0.1949050640302901,1.6995221146592625,0.3667688486148116
102.65,0.16966906884517247,1.0164001702294385,0.1882946458522052,1.696404194407956,0.37333980303951947
102.7,0.17764567667135656,1.0101713773250662,0.1947898777951667,1.693527792271962,0.38432938740730666
102.75,0.18232868914717282,1.008928527076576,0.19963811530544257,1.6873504462038709,0.38470867063607844
102.80000000000001,0.1883594077291213,1.0104358653764838,0.20626948132680464,1.6726355081898006,0.3802723288766876
102.85000000000001,0.19275790045522861,1.004733424897234,0.20430201865800005,1.6666313176455894,0.38391604285817876
102.9,0.19906331565605279,1.0105280724200203,0.20131320289635107,1.6501329290403264,0.3927143775052456
102.95,0.2036513123617019,1.010048958243605,0.20458189866789347,1.657141705601069,0.40283189113189666
103.0,0.20006379542777616,1.0231766185453188,0.20625783547613122,1.64994368011764,0.40127400627956616
103.05000000000001,0.19778792486866287,1.0153377082732076,0.2115896338270281,1.6578102033277664,0.4066084113607853
103.10000000000001,0.210327104363182,1.022147041914116,0.21082251446238431,1.6596822185930722,0.4068824919461763
103.15,0.2149369730419301,1.0245495208620676,0.21077105484840863,1.6604310858480302,0.41138533195970456
103.2,0.21796433254920886,1.030605693871178,0.2182535882855458,1.6708957990292372,0.41323646853597196
103.25,0.22968957881825228,1.0306391453389434,0.2292743978451452,1.6712351254522257,0.42131609053959007
103.30000000000001,0.2226572015411598,1.0242373040090915,0.2383738358811519,1.6750542082447732,0.42184945433537807
103.35000000000001,0.23384266728125963,1.035462324351198,0.2442169325824832,1.6697494601325622,0.43376048871137673
103.4,0.23327598651308387,1.0337912301177024,0.25188547945267625,1.6606551375284866,0.442099725874775
103.45,0.23411369637937424,1.0364715467645924,0.2581294318543245,1.6617107624248242,0.453812106177958
103.5,0.24238766923588845,1.0375134976885114,0.26109365638236604,1.6611147336858825,0.4538990665007268
103.55000000000001,0.24230015505173583,1.0432345321625214,0.25558991775783335,1.6512665707325889,0.45624780835677853
103.60000000000001,0.24582377153165505,1.035462560160834,0.24903968694433107,1.646066079579237,0.4521321694418611
103.65,0.2463182858226085,1.0361213358267054,0.2473261034173935,1.6474200143904398,0.4532978063323029
103.7,0.24925435730550552,1.039684103583597,0.2515787539554144,1.6400670758367626,0.4480001528602771
103.75,0.24792150732693327,1.035101519242073,0.25439537717005317,1.6342617276160947,0.4582445241125859
103.80000000000001,0.2500720693868931,1.0334688771309228,0.254817957752706,1.6309159454988376,0.47464949042708027
103.85000000000001,0.24620865859518684,1.0352563036441818,0.25385595567090224,1.633718555126125,0.47842843480420877
103.9,0.24832041105540795,1.0314910948705902,0.2520579490598615,1.6309349784718465,0.46497198874987994
103.95,0.254497320448062,1.0242065131895193,0.24973347248408562,1.6257162515002017,0.4613203586951784
104.0,0.24892291791637172,1.025734653891685,0.25325020494540434,1.6234348062800097,0.4648515966120661
104.05000000000001,0.24938002708072995,1.028467054340918,0.2567370579516098,1.6246357594187042,0.4573287936955683
104.10000000000001,0.2505287154325075,1.0329546392545048,0.2567329687394588,1.6184797758847531,0.46270826355836703
104.15,0.2419399237775621,1.0401371431286826,0.2617060940349605,1.6188260543880537,0.464987537810322
104.2,0.23959086164855486,1.0361660576287488,0.2601376516632348,1.6169079657486187,0.47148081605076997
104.25,0.23914749285421744,1.0437498750500072,0.2579863419925766,1.6134728362804531,0.48144949179824026
104.30000000000001,0.24110039509630804,1.0237887504635088,0.25346415045201376,1.6205206892179869,0.49787941077872944
104.35000000000001,0.22720887590929711,1.0301439548900229,0.2510063562948293,1.6196872214317244,0.4792953679072035
104.4,0.21413825284629365,1.0262050464448553,0.25234444963945635,1.6201841067107856,0.47771383091600095
104.45,0.22160510648740317,1.0202710898848855,0.2605310445591209,1.6055609168719738,0.4816660394322909
104.5,0.21232119450710585,1.0189001498932972,0.26210023519559134,1.6075802742758947,0.4914930873357219
104.55000000000001,0.21046576949335588,1.0256534530246728,0.26016384318021485,1.608858976630851,0.5023681646678401
104.60000000000001,0.20875106490678214,1.0311104305081384,0.2567193394322658,1.6092473811228536,0.5008522564175121
104.65,0.19865473198513517,1.0478010770089374,0.24784406894605462,1.6179394637740234,0.5013042228076481
104.7,0.18943422964507142,1.047326124798256,0.23817239821191152,1.6125998340628938,0.4936911075815894
104.75,0.18329805940141253,1.0412305923337049,0.23326688890340921,1.6028690824354799,0.49157738554660446
104.80000000000001,0.1786651496304378,1.0405839890349509,0.2349379486281449,1.6047566105194098,0.49504677885433307
104.85000000000001,0.16534055129532246,1.0407332332091166,0.22415698967528266,1.6102306679113083,0.5022807858544643
104.9,0.1669764569762414,1.0386718856219024,0.2182518375059457,1.6151637810643364,0.4996091269299741
104.95,0.16164688328622623,1.0361551097137436,0.2145028674777388,1.622336819232058,0.5065656555181368
105.0,0.16028568719539096,1.0306133368187187,0.2090018109090798,1.632882872301511,0.5147124842935827
105.05000000000001,0.1497012081078327,1.0326245720322471,0.20020984749679277,1.6163186085480705,0.5234285173507778
105.10000000000001,0.1462717792580223,1.0296243963845848,0.19578088595771975,1.6164457451094436,0.5262344320877856
105.15,0.14619259120760103,1.017631862765082,0.1989681831876372,1.6139158235065143,0.5211174910902222
105.2,0.13893267847766658,1.0161195642992331,0.19807216905455152,1.6353966542738372,0.5292390253589118
105.25,0.13336241444630734,1.0312388345892327,0.19231940308513087,1.6304533685319105,0.5369452835353206
105.30000000000001,0.13353422358131325,1.0356968596005613,0.18684060028696195,1.6289744348397377,0.544246317805124
105.35000000000001,0.1300481958224447,1.035227350834148,0.1818400645278796,1.6314800078466893,0.5483678509895508
105.4,0.12368597891938339,1.0353447343443827,0.16851022125516074,1.6334116148521065,0.5534914092885402
105.45,0.12945411513182822,1.0424910210625407,0.15427246863952956,1.63372611734218,0.5408475615571886
105.5,0.12274157364725612,1.0357123796274645,0.13837321196809013,1.6397795352565536,0.5249771954759286
105.55000000000001,0.11326440492824554,1.02318265898102,0.12032304172583035,1.6375275279811454,0.5184479922916281
105.60000000000001,0.10687430640437748,1.015638476579825,0.10279693858443313,1.6272170923185272,0.5100161990383263
105.65,0.10145422623800604,1.0087429040313824,0.0902146442981401,1.6270641133952366,0.509091047620212
105.7,0.09134995938181464,1.0120749015200654,0.07976411095612278,1.6144300846601554,0.5052204761937189
105.75,0.09256588434465941,1.0015344906449513,0.07928175472460082,1.6067960185685963,0.5108772075759992
105.80000000000001,0.08961630940584178,0.9902738123154607,0.07132718423383323,1.5975502906331034,0.5041188749988442
105.85000000000001,0.07868913296555176,0.9903952645284562,0.06548052320210251,1.590201151120622,0.505486518906962
105.9,0.07406525217426747,0.9806432068108232,0.05557320379911511,1.5883242754982783,0.5025577260400448
105.95,0.07369070801424281,0.9843010404526414,0.04952676985252992,1.5878284760657688,0.4945567795328421
106.0,0.06693793992691699,0.9866901749649704,0.04218553148977276,1.5830700262413357,0.4927815735845715
106.05000000000001,0.060724876486054645,0.9792978110112128,0.03279427026891866,1.5864509874592714,0.5018745341661406
106.10000000000001,0.05357255059097134,0.985418897752772,0.021733913388433956,1.5855147874399291,0.5075799963237623
106.15,0.051212347295445236,0.9799884963571306,0.022620561360663267,1.579957414865463,0.5114085846149397
106.2,0.03979460203973489,0.9824190839981167,0.019923318070558655,1.5800735860875261,0.5142414960872416
106.25,0.040935071616422423,0.9898017099843804,0.018852984738694345,1.575983238240635,0.5152357626645473
106.30000000000001,0.03389258344340257,0.9896222827846892,0.01156627152146611,1.5811768230797887,0.5098272944851057
106.35000000000001,0.030556946063580788,0.9907933547994285,0.007559247809355553,1.5730080418614651,0.5013773649210702
106.4,0.031673067060631076,0.9917881924994658,0.010029773941964998,1.5691831303927304,0.4953182830832243
106.45,0.028605272819654352,0.9811585307673982,0.015589413708874894,1.5643778733956002,0.4899138927912868
106.5,0.02589083794229964,0.9759401957423338,0.025358846030541535,1.5526271026107465,0.49529071112732465
106.55000000000001,0.028245501059946967,0.9750858340626957,0.026993273343429252,1.5367721026259085,0.49372616869089053
106.60000000000001,0.02403687329053614,0.9671183131252972,0.038590894333861175,1.5262742754805758,0.49491996826353163
106.65,0.02341116848295729,0.9647254741244667,0.04560792911343506,1.5197897285215023,0.5059543073827186
106.7,0.02842902183537337,0.9653956744512086,0.054825120970231074,1.525981146600556,0.5291899371218083
106.75,0.03237703649858557,0.9717178771294128,0.06468240539293622,1.5170757576897866,0.5297555989907019
106.80000000000001,0.03495481042966864,0.9628155299712904,0.06705884153140056,1.5174248772645533,0.5137140319814857
106.85000000000001,0.03836651157125342,0.9652260395726323,0.07777182725895074,1.5139879448008202,0.47434817175392335
106.9,0.04530117113978688,0.9593230052251543,0.0826486197068231,1.5028171596817617,0.4691271921808529
106.95,0.06055588401964115,0.9578144124044846,0.0925973945745448,1.5024090832232269,0.44335590277324155
107.0,0.06681121459201217,0.9629701935044773,0.10250419714413032,1.4960488709121613,0.4184799782126887
107.05000000000001,0.07530064759613639,0.962578315881049,0.10885003522561516,1.5001555379287064,0.40423944918154403
107.10000000000001,0.08110892372311267,0.9603855348657672,0.11928199970116965,1.480904762294156,0.38310424363765366
107.15,0.09427272140170638,0.9560804957108248,0.1270159794400171,1.473633999037172,0.3542631748273304
107.2,0.10235714745397902,0.9579897574235299,0.13737459081355177,1.457798045342365,0.3047569898735109
107.25,0.10356349075341313,0.9548925745690197,0.14885538678883167,1.4634629035284838,0.2618722731215588
107.30000000000001,0.10749300766450949,0.9526135598764073,0.15873823768819406,1.4617775227513388,0.23909866504547506
107.35000000000001,0.11105915288633343,0.9517121923673025,0.16666525766139964,1.4607631182896585,0.2342769367285596
107.4,0.12286845412412876,0.9495443600348334,0.17398999587246525,1.451544419686479,0.215093363384179
107.45,0.12539765004016726,0.952923098144237,0.1798279119333863,1.4364446874402446,0.21483481110364155
107.5,0.13368426572294967,0.9478015743822784,0.1877250191357863,1.4339740527438303,0.2259239409187389
107.55000000000001,0.13266139494289944,0.9493798218306707,0.19746511143544507,1.423072456855757,0.22210112838186474
107.60000000000001,0.1455371226955091,0.9538618261684694,0.20851715892292047,1.4113917368714788,0.21620133303041864
107.65,0.15118275115031543,0.9406289694533044,0.2183313143380471,1.4114620304447307,0.22331474331411988
107.7,0.15737096348493967,0.9378236404247302,0.21789886587966104,1.4010436256093681,0.2167927665751833
107.75,0.16682812633732413,0.925010767895253,0.22288810822925784,1.4075280746493242,0.21029924341421433
107.80000000000001,0.16680135641081162,0.9333923687917726,0.2195929621513362,1.4063012363700165,0.2382587690374999
107.85000000000001,0.17174276657737886,0.9290138282508771,0.22672911816882535,1.3957151821330003,0.2613655580872414
107.9,0.1758964431686658,0.9294489209767526,0.23096158140577247,1.39370581621799,0.2639702597720541
107.95,0.1799822831669985,0.9262373680400618,0.23729685546247245,1.3875370367815743,0.26454730466842896
108.0,0.17967933827143617,0.9189387287966605,0.2415303585030261,1.3757840392482834,0.21934112443796003
108.05000000000001,0.18478204105375087,0.9100608168230101,0.24199502414642127,1.3688486222476555,0.19655131433851888
108.10000000000001,0.1846263528316872,0.9035387557487905,0.24068927170494173,1.369491129240766,0.16276685251897274
108.15,0.18874155918155436,0.8973268751309895,0.24806139846441247,1.369425526107797,0.15633862905731605
108.2,0.19380665046510684,0.8972935876786231,0.2504709167933202,1.365085992544633,0.1584072532645815
108.25,0.200112400508385,0.8953536092305996,0.2503391828330032,1.358538327452986,0.12229458537313403
108.30000000000001,0.20500436166312092,0.8849323177773031,0.25294847017143524,1.3520144920999855,0.1286538540239649
108.35000000000001,0.1977568849612718,0.8828942863345275,0.24709584963275175,1.3498603483775542,0.07737675324078688
108.4,0.20130858605189478,0.881532654239744,0.24228100966451763,1.343923780729025,0.06968574512195894
108.45,0.2064910706822296,0.8748892496240553,0.2406526519863535,1.3424930598914202,0.055409879875678095
108.5,0.2050127554254806,0.8753152976693039,0.25731969821486367,1.3309759946386226,0.06419314289889301
108.55000000000001,0.2071604384990407,0.8762869213890797,0.25886198688664647,1.3206014403430302,0.07259241454601655
108.60000000000001,0.20585974910164323,0.8640921756887695,0.2629522256952393,1.3111789370089417,0.0667818121299857
108.65,0.19630794596247428,0.8587787156081208,0.27651404924181394,1.3077963398815056,0.06449140050830002
108.7,0.1961432954414511,0.8591016147389774,0.2775389531705301,1.292096932553865,0.07130507581308919
108.75,0.19458581874165343,0.856405794877619,0.26459705478901674,1.2920447605804848,0.09086344775990364
108.80000000000001,0.1933069756015636,0.846760234215421,0.25333202781642666,1.3019981562249068,0.11505689743818968
108.85000000000001,0.2002601170275664,0.8517915570177047,0.2570079244032825,1.3008389207035527,0.12480363519922466
108.9,0.20482424709015418,0.8439458012805412,0.24979878165499314,1.3058962535891316,0.12773412152801877
108.95,0.19221235754086002,0.8511694523724522,0.23908411399888815,1.313217030313425,0.15380556285998398
109.0,0.1909506640274046,0.8519352676701946,0.23194827761022482,1.3156488414678769,0.1727212738873362
109.05000000000001,0.1844906114019559,0.8471035873052183,0.22463392911984745,1.3232613800506197,0.1586401471622617
109.10000000000001,0.18152364471221416,0.8463147831260808,0.2299641043687766,1.3334194361523743,0.1401560126616993
109.15,0.18991746305683907,0.8491848235127427,0.22846838602243538,1.3459665679846895,0.1369691114349523
109.2,0.17984595981944837,0.8493779639558279,0.23389844874303495,1.330936221825245,0.16512686201918447
109.25,0.18977158249591214,0.8582798902682077,0.24573904293287221,1.3281202230616742,0.16166302748656797
109.30000000000001,0.18196528360768124,0.8570555372348425,0.23899236101782836,1.3236773188137139,0.16633845443874606
109.35000000000001,0.1812411969020794,0.857744247651975,0.24309407824139118,1.3251894655050507,0.18282089676565685
109.4,0.18960891787625941,0.8514517951869491,0.2410921251897676,1.3091328550844659,0.1935783083237393
109.45,0.1954006020024094,0.8540652873271031,0.2416668161182182,1.303610731144279,0.19015433381279948
109.5,0.20113145187815398,0.8441250787747494,0.23996089382080127,1.3067954147348742,0.20203489031219793
109.55000000000001,0.19752111494649682,0.8463867815682302,0.2414260696108789,1.299372649156025,0.21540910692076695
109.60000000000001,0.198433189370621,0.8372575283787201,0.23533823437531817,1.2976854510911013,0.18797784289996752
109.65,0.1942367090995781,0.8357433421553948,0.22410461755419236,1.2856483667880823,0.1860277406785064
109.7,0.1941989532378651,0.8292996935200843,0.21100048642416835,1.2956599521450758,0.17674242288074624
109.75,0.18808846827478845,0.8368157227582714,0.19346413083583852,1.2850316239492663,0.1808060742629104
109.80000000000001,0.18915199534444632,0.8336687351827609,0.17869419596147448,1.2862468758914376,0.19438684882729754
109.85000000000001,0.17993899864911417,0.8247317780294798,0.15890267196280827,1.2883416650347228,0.20438687053057644
109.9,0.1654900166765776,0.8100193491660007,0.15340824089659785,1.2973242628759114,0.2222559741331843
109.95,0.15825250334113275,0.8115391541408203,0.14434305688409702,1.3016120992231874,0.23771244525458737
110.0,0.15741184393415528,0.8003611732821991,0.14410358581836494,1.3020522774801362,0.24348836207114366
110.05000000000001,0.14628959413608342,0.7956546876800885,0.13718724921688133,1.313487004663503,0.2388804540391191
110.10000000000001,0.15822393488734757,0.7848200581427497,0.1244587254775794,1.3062759881179884,0.248059792181067
110.15,0.15117764665548508,0.7742112192368209,0.11749896599798251,1.31094349655228,0.25195725685016046
110.2,0.14645935075833758,0.7712360808110852,0.12147637902065246,1.3077978339570449,0.259262317449924
110.25,0.13468392776021648,0.7650959269156464,0.12282306730738783,1.3044447289168408,0.2617368035613917
110.30000000000001,0.11632178564097476,0.7629324261112196,0.13000013185247136,1.319807167605254,0.2626000351150439
110.35000000000001,0.11086104574180433,0.7790378914036709,0.12822932073438648,1.3043238952027345,0.26531388174223264
110.4,0.10614798777507284,0.7706564876880033,0.12619546542612203,1.3133948963282898,0.2754015699350033
110.45,0.09867788177912155,0.7693850529996978,0.12127760611974946,1.3215348117309722,0.2652578346851392
110.5,0.0934530154831081,0.7717059405190518,0.12445144307962448,1.3243100868964468,0.26183723665000286
110.55000000000001,0.07926333018185193,0.7693033995190537,0.12887254655363714,1.3235583360145378,0.25047842105809914
110.60000000000001,0.08197087200687765,0.7587097463252315,0.12934267343060052,1.3256273711063613,0.24487259216219479
110.65,0.07849278474030522,0.758838215942552,0.12441725534831374,1.3244568065492006,0.24513551439425785
110.7,0.0696054359825449,0.7522458297656557,0.1212293427566462,1.3088886072764636,0.2547339306702841
110.75,0.050865407297219216,0.7541946683756826,0.11865151976354409,1.3202352452752084,0.24902480016820555
110.80000000000001,0.03815713411754449,0.7480338932054612,0.12019701198466001,1.3214711989696997,0.24702996038882427
110.85000000000001,0.034843841833258185,0.7425996853493414,0.12552573177148532,1.3188927817056337,0.24908710554454336
110.9,0.023702215931384055,0.73340152675742,0.12744826646244345,1.3242816449361505,0.25384091143111176
110.95,0.019959625897485574,0.7280053987628917,0.12615063963399328,1.3254184950926327,0.2688109356323325
111.0,0.013321254667594738,0.7301224865622312,0.12650479637436432,1.3263540588694003,0.27238391926520933
111.05000000000001,0.013212135959198337,0.7296810651969223,0.13716598968953647,1.3111897408449358,0.26908843166857266
111.10000000000001,0.021450071223210528,0.731527415217346,0.1390471437761831,1.3176001687616679,0.2790288231940313
111.15,0.024578457075855573,0.7454008846940442,0.1422345072414704,1.3327230561297234,0.2755288378759472
111.2,0.03775718613204439,0.75622005101763,0.14288030750675665,1.3307796665942941,0.27056407304446295
111.25,0.03603572926859438,0.7604876643995387,0.1378798704683733,1.3375063858553153,0.28852976193534796
111.30000000000001,0.0396725295189563,0.7658653552567318,0.14641132531602855,1.3421921572563777,0.306809788749032
111.35000000000001,0.05207194638505364,0.7651834229980151,0.1505245348064634,1.3368547389603542,0.33002095744376564
111.4,0.057758014392912754,0.7705765405683953,0.1597287738511668,1.3309685110081544,0.32516298602557503
111.45,0.06661043006487627,0.7688899063504026,0.16459195537955604,1.3408361270479567,0.31470431360024853
111.5,0.0720777156379991,0.7710011891278475,0.17478257970746522,1.3464839062390626,0.3038982334571595
111.55000000000001,0.07488822448944613,0.7656926848755011,0.17504755646878248,1.3518852474231344,0.3211030041295671
111.60000000000001,0.07882195149266186,0.7700847398224258,0.17768045435934612,1.354098179619917,0.30512584912309604
111.65,0.08767616786284209,0.7775655232922771,0.1809850574762282,1.3429867508376345,0.2993853042244439
111.7,0.10018699393477928,0.7821199315255226,0.1846925572958145,1.3292291370676863,0.3035316482536762
111.75,0.09612576812780146,0.7852128945672316,0.18981477793602625,1.3359027351789035,0.317579517493167
111.80000000000001,0.10986169237503206,0.7872897333996562,0.19113575337390445,1.3398439546669563,0.3350314631359307
111.85000000000001,0.12281703727877469,0.7841953173827431,0.19446716063859337,1.3394815241389069,0.34785118436868634
111.9,0.128765816210421,0.7832907441000204,0.20216082400452529,1.3383832373289044,0.36356779353847574
111.95,0.13945629326567713,0.787826191330127,0.21239669629577254,1.3246523727053163,0.3759684193552531
112.0,0.14586450081580207,0.7791755379180433,0.2207060798206767,1.315724012969177,0.35992503210547716
112.05000000000001,0.15255254380216324,0.7866555379291379,0.2269256718961999,1.3129223603791855,0.3505073021734807
112.10000000000001,0.15685135381280133,0.7980970115723827,0.2329776725361529,1.3103615759661127,0.35462568417076756
112.15,0.16262582020213626,0.798868322109023,0.24688740765229036,1.3161648493786404,0.3607145468882628
112.2,0.17102692432608188,0.7968877375755733,0.24801438394071423,1.3107409339166747,0.36011418862761524
112.25,0.1802696713645598,0.7946000985856951,0.2505700400395096,1.3116853687638916,0.3697388159823885
112.30000000000001,0.1867892897166741,0.8052304513169575,0.25497620117526104,1.3200518265216619,0.37204075552556104
112.35000000000001,0.1966082978012554,0.8023976466409275,0.2601923668691855,1.3276701777014772,0.36638483961841867
112.4,0.1965670839385997,0.8046231848488974,0.26885047076214463,1.3439577407163885,0.3630704760876085
112.45,0.19770818730844278,0.8133086347922337,0.27654029084224446,1.3402478949393046,0.36759239510181274
112.5,0.1982757016858418,0.8167554147614835,0.28039567232649865,1.3475905183076435,0.37360059444239696
112.55000000000001,0.1994596967961848,0.8105256429033442,0.27732938283927583,1.3408915367054266,0.38426278840884714
112.60000000000001,0.19976465939571686,0.8062700277426945,0.27120169192182125,1.3526291822217595,0.38104632919781445
112.65,0.200340557491333,0.810480047396512,0.27957725128443495,1.3350013363043292,0.3749473916112924
112.7,0.20195327861821993,0.8152706752527685,0.2857539339618204,1.3299329878025297,0.37290275378582727
112.75,0.2064600563698306,0.8162821272135109,0.29043329787359395,1.3386448373260953,0.382918575158453
112.80000000000001,0.21018563431781712,0.8087816881270348,0.2896551388919513,1.349532611695655,0.39006845152811914
112.85000000000001,0.2054891801549558,0.8092452390120497,0.28976518299126636,1.357434253735803,0.38858915992659165
112.9,0.2077913704542499,0.8115927355371635,0.28677282597263204,1.3674668994630004,0.38470582035452644
112.95,0.21260887233765818,0.8162288406910367,0.28741460313424216,1.3601494181241818,0.39042664671302585
113.0,0.22113782650366112,0.8137708071918597,0.28202378053823773,1.3586867425259004,0.39689477736977674
113.05000000000001,0.2270253532409752,0.8119946182572976,0.27805171146180885,1.368840961338538,0.40379572493795207
113.10000000000001,0.23346453058576036,0.8190782791393427,0.27485832858537196,1.3629095247693737,0.4003277224463882
113.15,0.23460740688942464,0.8141869152016592,0.2816067121423145,1.3745530169392914,0.3981880244589461
113.2,0.2369422883315246,0.8116117103831822,0.26835486626176736,1.374168422821279,0.39575323198025536
113.25,0.23518500615172805,0.8122256008354304,0.2674115601372025,1.3622566205296216,0.40482464267327917
113.30000000000001,0.22868937127034067,0.8033676202967476,0.2590674482202741,1.3515284714221074,0.40833654510445544
113.35000000000001,0.22769229781535846,0.8018159907630944,0.264159846669075,1.3528736924546978,0.3960617256715821
113.4,0.22748075661168407,0.8007224000879022,0.251809436803458,1.3523243783747563,0.39743418752997584
113.45,0.22598184983240124,0.7986507897730144,0.24874660308471647,1.3695287745237967,0.3918705621753866
113.5,0.22413172179197985,0.8001926698244847,0.24194903677032573,1.370898952425712,0.39907687642779777
113.55000000000001,0.2234951693308511,0.7972357529548324,0.2387406953463964,1.3673052715570995,0.3953589118872373
113.60000000000001,0.2246774176978634,0.8029833211140577,0.2444208265924424,1.3751675292069703,0.39717370641198824
113.65,0.21969770297481128,0.8009794087696215,0.25067064134520634,1.3710968900965776,0.40011937897548283
113.7,0.22183445192644588,0.8038799324698136,0.24891933049952622,1.3753425028046735,0.4103487809451928
113.75,0.2145112909671051,0.7920355538756745,0.24855913924082118,1.3803874347542273,0.4143731873792667
113.80000000000001,0.2133022074070653,0.7998856568512531,0.24882251124212185,1.372595361299321,0.4135000416963541
113.85000000000001,0.2129811526772752,0.7908252519191558,0.24170802807780478,1.3774934730049269,0.4115377355049063
113.9,0.2166867420190801,0.7932213480787024,0.2365588093934338,1.377202634298332,0.4213070978471769
113.95,0.21724919544636215,0.7912496226502714,0.23185242426995664,1.37689691475955,0.42252127065862344
114.0,0.21348066346800126,0.7903076920832334,0.22556865531306047,1.370708655036193,0.4205447491256899
114.05000000000001,0.20471473350465583,0.7892857364924679,0.21542544601319114,1.3790495133085858,0.4259825946535783
114.10000000000001,0.21014455953981273,0.7907810337297964,0.20478622708454747,1.3681852008083994,0.4250477577093256
114.15,0.22114366308536262,0.7877689469393359,0.1860645834170241,1.36772639430004,0.42095457602146846
114.2,0.22517799241694494,0.7790040303922288,0.1758799245898,1.3656039274251353,0.4090905220722329
114.25,0.22908270325984423,0.7830492597087518,0.17128383201502348,1.3591734220366736,0.40330272689700725
114.30000000000001,0.23683630124479685,0.7769970974819007,0.16535264974292735,1.3563808642591186,0.40703979195772605
114.35000000000001,0.23795766047067138,0.7857730538110795,0.14673646144131644,1.343390627989456,0.4033405230110312
114.4,0.2278873904547116,0.7845277640324672,0.13764160987602023,1.3465285339907636,0.38937646198399306
114.45,0.23013657394623913,0.7754841850528723,0.12885555817569003,1.3626353942519394,0.38867506030114524
114.5,0.22964781372243945,0.7797660117100149,0.11054358563739336,1.3545102982662736,0.3834143190206061
114.55000000000001,0.22643301890452316,0.7813506154477271,0.10704486623224087,1.3496429055317598,0.3745265360227084
114.60000000000001,0.2365906557635418,0.7776736955199197,0.10615429218872272,1.3620378260413863,0.36435761439544784
114.65,0.2350386908751174,0.7754063904454953,0.09666803794964099,1.3594541667137228,0.35946053359640173
114.7,0.23141156593179038,0.7762266803031569,0.0958533037544854,1.3571813431066329,0.35393536289436034
114.75,0.2283776430788542,0.7790801246906056,0.08960165493766394,1.3598077365870644,0.3518414051006913
114.80000000000001,0.23051638941973043,0.7758651506128026,0.0857377115253739,1.3522105066087953,0.3542076959261656
114.85000000000001,0.22941775685322383,0.772680215229143,0.07392623891343393,1.3482360648426837,0.35832788124948634
114.9,0.22050690603881973,0.7672961838827516,0.06843289978408376,1.33114265012933,0.35105576929716387
114.95,0.21754026080715658,0.7675570574264394,0.05399705115887163,1.3212939354890565,0.35986130447997045
115.0,0.21095761991080406,0.7656149264362081,0.04729892386285222,1.3065743355965367,0.3605848325424213
115.05000000000001,0.20521500208082497,0.7574368961772128,0.04754466833347721,1.3021670162535326,0.3677598714221825
115.10000000000001,0.1875407986632293,0.7501867635299525,0.04135451102870445,1.2894329565345954,0.3842379868649926
115.15,0.18183534603728996,0.7394094560163542,0.03164420733096657,1.2826567792846695,0.3967753344297333
115.2,0.182743767640047,0.7326653279817642,0.017085060234687744,1.2782673142714638,0.4063601884998311
115.25,0.17786044400554998,0.7276280560356293,0.0165345304775747,1.2663972867731292,0.4185769563972673
115.30000000000001,0.17071169676497325,0.7205909817109436,0.011962998352633317,1.2488961844006765,0.4356754757393603
115.35000000000001,0.16554325926786648,0.7136896087793877,0.0032341801603847156,1.2563099709623893,0.4456314971424047
115.4,0.16138423616890127,0.7091293172128977,0.008678913818103536,1.2470858737273454,0.45069276609575265
115.45,0.15701276930570682,0.7053910449221912,0.01689320718798506,1.2358943246223892,0.46313010281663397
115.5,0.15453514335749424,0.698218916292,0.014802180269754148,1.2336107223464223,0.45295116339108593
115.55000000000001,0.15067767321662975,0.6953893924405472,0.02323900823536785,1.2325750970191964,0.4555721500788187
115.60000000000001,0.15090890662685696,0.6928606693150888,0.02577971818110245,1.2145764597142232,0.46821434461612543
115.65,0.14818240968554497,0.6890713300435094,0.03282278339075906,1.2044418850388192,0.4616538135027507
115.7,0.13999590582330848,0.6781380433570366,0.04416489695212454,1.205236347524376,0.44683586439565287
115.75,0.13831662860944824,0.6781796846708545,0.0494241434611,1.1918705478318665,0.4283215389983444
115.80000000000001,0.14493902741539855,0.6752120991989741,0.054142499969506805,1.1815624436180463,0.4293680429036962
115.85000000000001,0.14206447888534587,0.6700532722711816,0.06263333863206758,1.1826203222473366,0.425802174227235
115.9,0.13562680989677284,0.6693935239107948,0.07557023842576652,1.1770460056828913,0.4072105635642169
115.95,0.13772891125057007,0.6671451969270152,0.08218358545776483,1.1791329849277974,0.394555320296635
116.0,0.13459433140069182,0.6608167288501042,0.08624850862282811,1.167774544839409,0.37680482209139166
116.05000000000001,0.1384312119431798,0.6606890659204504,0.09189610756812301,1.1641917200381724,0.3631596671642959
116.10000000000001,0.13178497126998334,0.6654016480583992,0.09852939044578823,1.1571595466731794,0.3657977416340405
116.15,0.129418379081418,0.6665416273589154,0.10168383304284476,1.1556919688223648,0.36502603602600747
116.2,0.1305159510291269,0.6689378269375147,0.10742602295565268,1.1435743034873471,0.3754787961839333
116.25,0.12248441389083692,0.6674642230926698,0.11000737487705468,1.1459936981391141,0.37241676913787436
116.30000000000001,0.1104973346285818,0.6770910660897851,0.1158059485989875,1.1429077572266026,0.3592951496512692
116.35000000000001,0.11163846310892298,0.6721235635829598,0.1235498961370594,1.1385558367575628,0.36195165173931615
116.4,0.10946129374773095,0.6837414181613237,0.12923524931431882,1.1379272913884992,0.36435157445661503
116.45,0.1028897172594063,0.6853362757806608,0.1361519355573248,1.1364113099545814,0.33444140458514576
116.5,0.09894440406762242,0.6888346748476978,0.13844041708087898,1.1265532914493215,0.3069257117341883
116.55000000000001,0.09281092200191506,0.6941765802975988,0.14902026437348895,1.1172086166736648,0.2807243536074678
116.60000000000001,0.09265466118289695,0.6977399787814496,0.15900809838664406,1.1039717021135689,0.24597679292634778
116.65,0.07899879226677937,0.6986621850569937,0.16253144804505337,1.1201581329557033,0.2719161946473239
116.7,0.07576101180510171,0.7049726119437083,0.16910685098485695,1.1106961607936476,0.27128901265361083
116.75,0.0793799868221807,0.7034005799899233,0.17682316686944144,1.1023860647872592,0.24166742021010593
116.80000000000001,0.07045702125689123,0.7027111403976002,0.1812506846528779,1.1001305774104555,0.18642821601671902
116.85000000000001,0.06716262157846836,0.7078495679146611,0.18882911304875727,1.101070889155319,0.14385400501241694
116.9,0.06720057301091346,0.7180449957037427,0.19647669971535242,1.0991183609955926,0.12701119524687085
116.95,0.06908987627731081,0.7315400944967163,0.20086837426448015,1.097148758951018,0.11398898028006088
117.0,0.07235906325901253,0.7408567141519806,0.20421793350431366,1.0988764792727785,0.09544923890657445
117.05000000000001,0.07697272293455587,0.7586566650095444,0.2033201891379768,1.0959385905781305,0.08535298587837947
117.10000000000001,0.0791657643763405,0.7689012323110141,0.19778820286463109,1.0998640941025524,0.08578001965576135
117.15,0.08035522738774029,0.7670972564243487,0.1938045757646385,1.1011778290411667,0.07653314854754309
117.2,0.0812319170723739,0.7749886513530404,0.19022017530279273,1.0965636809720336,0.07506551769781425
117.25,0.08137098182962459,0.774590463265243,0.19598977262053308,1.0837748896098114,0.08351148893066646
117.30000000000001,0.07853311134603881,0.7817731348892837,0.19779381516224978,1.0837445153572494,0.0798748011259429
117.35000000000001,0.06798395579926546,0.7896382632720869,0.20086301388530378,1.0927713628048912,0.07011719572206458
117.4,0.07038042036362695,0.80181519578329,0.20562555330258514,1.0876267823684536,0.06505360357081988
117.45,0.07525570029292099,0.8116742577747774,0.20762255859969375,1.0917098568714203,0.07382664982105043
117.5,0.08755712932743544,0.822586035365957,0.20875281106579865,1.087275969815686,0.08246092939314835
117.55000000000001,0.08603480933210916,0.8389615798678178,0.22181419579881345,1.0819906411726565,0.08424034102206748
117.60000000000001,0.08177290194007063,0.8482221695040834,0.2286782946203317,1.0904491619969883,0.10110070677650103
117.65,0.07622968754183294,0.856700850076156,0.23203774150465217,1.1007304402216311,0.1334567308002415
117.7,0.07684520907547315,0.8723484511699423,0.2415385733708553,1.1116628212935635,0.1404311338632432
117.75,0.07713038569732204,0.8814904955247347,0.2528613943788396,1.1193593610323043,0.1447975978142659
117.80000000000001,0.07651112012507348,0.8807605602319085,0.2568868764851462,1.132736383297731,0.15868675637575774
117.85000000000001,0.07716459419866309,0.8807868038156599,0.2628728473164857,1.1318931481773304,0.16625571112508364
117.9,0.08186176265924715,0.8738092851948075,0.2547761478045266,1.128786642548553,0.16097171479028177
117.95,0.07593926435023628,0.8694562229893973,0.24925012898485346,1.1275982035527796,0.16192355705024725
118.0,0.07914655156651652,0.8689002724272883,0.24814477427320222,1.1239577648807395,0.16661748624349584
118.05000000000001,0.07336026741997755,0.8666383822398323,0.24081346142354143,1.1184694910980957,0.13880326078652783
118.10000000000001,0.06344949718745457,0.8625581068521134,0.22673430208727377,1.1064896660249515,0.1463502866971537
118.15,0.06323472988508012,0.8601665147218667,0.2236374669071519,1.1002877424737425,0.14761834785172448
118.2,0.05243160762643825,0.8614308782922536,0.21984350448268108,1.0914248602023686,0.17296936307434746
118.25,0.04079062809781502,0.8569900816430924,0.2187416083659133,1.0937569806370668,0.17947433200522642
118.30000000000001,0.03433371763632116,0.8644353677908089,0.22301247502909247,1.0857764351997796,0.181771793444952
118.35000000000001,0.03437724994684899,0.8631676039691412,0.2127746052506236,1.0927081807842363,0.18721435262854336
118.4,0.03661092450042602,0.8643735655030361,0.20276303286291614,1.080522194646908,0.20043612334937444
118.45,0.03895483052770134,0.8557211943338956,0.20474351682281788,1.0686962588602105,0.19845903035829274
118.5,0.033079359946036994,0.858150080483908,0.20147015208954805,1.0741440970104965,0.19035452998897212
118.55000000000001,0.03233462496802222,0.863572788806391,0.19141651143925376,1.0656847571492152,0.1918753552899462
118.60000000000001,0.039167100632560264,0.8645244377441184,0.19122428156713278,1.0692311215742383,0.1902526425563463
118.65,0.036251081878583495,0.8643076641678493,0.19199865998416668,1.0744874898672272,0.17564749826418766
118.7,0.03504118752693604,0.8681293124078133,0.19122851601888355,1.0646488897278326,0.16861657521669143
118.75,0.02989920149228342,0.8671169228708675,0.1826740809310497,1.0662358242420726,0.17099265207599565
118.80000000000001,0.025438880218679995,0.8684159136892075,0.17602732941384147,1.0604843141353364,0.16954592552795406
118.85000000000001,0.02946312683129232,0.8706401648949867,0.17578057428320934,1.0388565819626139,0.17670176003748117
118.9,0.026391560672577107,0.8755521566816555,0.1720696155110356,1.0437883153440037,0.16877154243144415
118.95,0.023672159110755053,0.8736661795582056,0.1684963573828673,1.0402694192170396,0.16384584094614693
119.0,0.018813435211244928,0.8754502177143547,0.1491289800563908,1.0476439573391227,0.16732808413345882
119.05000000000001,0.014658241687263728,0.8781069987170019,0.14333655522333863,1.045248515361814,0.174094047557333
119.10000000000001,0.019058696324170912,0.8764924165292848,0.14203584217248716,1.0397069127261895,0.18314759559213317
119.15,0.025953577191401244,0.8668205187466058,0.13800958267806515,1.0295576532382271,0.19004712897736878
119.2,0.02330983948469894,0.8711426902416936,0.13550828917355506,1.0227931465453861,0.20012114417816404
119.25,0.025501920897402074,0.8719098997103342,0.12251792530020497,1.0163408298096435,0.2015659332542989
119.30000000000001,0.027135902837983908,0.8757514976511829,0.1173933041595511,1.012121615360937,0.21007520932748266
119.35000000000001,0.03115786035194364,0.8714099369274667,0.118784020563562,1.0155017484623896,0.2164211346552908
119.4,0.03145940477636906,0.8721320057150646,0.11314191195172972,1.0145320232049915,0.21415145124038454
119.45,0.032594203863587065,0.8740314725101698,0.12019308271703835,1.0195492053635415,0.23129179273285821
119.5,0.031139953588239608,0.8731713615092924,0.11881295726339065,1.0303932968517737,0.23370195532947402
119.55000000000001,0.029810495718707267,0.8730901426032673,0.11463359695824075,1.0409665358135496,0.2215593240399959
119.60000000000001,0.030278513107197088,0.8734353165418958,0.10531648974521211,1.048499160474702,0.22700259740620599
119.65,0.029377488590868715,0.8686126375030248,0.0979666988389615,1.046909998241266,0.22307303970285997
119.7,0.031254617492530445,0.8575738948535719,0.09336494092943809,1.0487648154933948,0.22404798229993178
119.75,0.0330949107784817,0.8451935757447917,0.09031186507053389,1.0411862246619659,0.23981967147247132
119.80000000000001,0.03846878947791865,0.8524890849033675,0.07357212160038061,1.0420011529801179,0.2450791049140166
119.85000000000001,0.040651121313432736,0.8482887070168366,0.08367907669967704,1.045481304777105,0.25413634203453195
119.9,0.03931642014902595,0.853749872371655,0.08241922979444205,1.0419166604497414,0.25965431595731703
119.95,0.04131856119563845,0.8561649884124766,0.08363666442402057,1.0303604306620395,0.25848892484383607
120.0,0.04262257270119401,0.8462753842981567,0.06719549851919047,1.038725687262718,0.25765293420259544
120.05000000000001,0.043171701804411475,0.8358298779542511,0.07145977579440967,1.040434355768833,0.25774235361572373
120.10000000000001,0.041689923152150817,0.8429228685518568,0.07020214550817956,1.043015928765731,0.26207750439387956
120.15,0.046356047843477376,0.8400808451084133,0.09202723791719447,1.0507324093060748,0.25807411663185414
120.2,0.05569103940823499,0.8182273795550851,0.08840393418180822,1.0494351588226252,0.2584250176799213
120.25,0.06043425840760327,0.7999579959426728,0.09895768052617687,1.0477664772946926,0.2578321931174806
120.30000000000001,0.06214224670174394,0.8029603637748486,0.10181382426699394,1.0469070307900863,0.2494567500741137
120.35000000000001,0.057499843112989245,0.7900213987774907,0.1011486675578289,1.0493832583099942,0.24395917465637226
120.4,0.057381419828140934,0.7929260563884764,0.10246288644881303,1.0456203565700029,0.24155424139141077
120.45,0.05551586712383574,0.7758477936352328,0.1093249537853272,1.0490700187903825,0.23851833784252852
120.5,0.05538862783462063,0.7626421848485166,0.1193332649757572,1.0425766035784911,0.24259478504509172
120.55000000000001,0.05880017229743012,0.7599516372439505,0.12365671623274743,1.0396111841298323,0.2398891116101812
120.60000000000001,0.06168154230638409,0.7483704895703384,0.12105529395010176,1.0426451860293253,0.2337392083102644
120.65,0.06119480797406919,0.7342895310720924,0.10866360939777987,1.0314505064060653,0.23509746730894668
120.7,0.06123065815303238,0.7255283272875798,0.10229544596655278,1.0434469176405594,0.24424397543044316
120.75,0.06103292973566662,0.7201030249668734,0.1064401206148836,1.0334622479823592,0.24414438743359015
120.80000000000001,0.07189143015701288,0.713041409578018,0.1155461580454546,1.0296140544702512,0.2371835525129012
120.85000000000001,0.06996063988313286,0.7111362797579401,0.12481413562165192,1.0286442734641377,0.23008334570976893
120.9,0.07489435483654715,0.7113372811849809,0.120288916212712,1.0276032131188695,0.22016224352069255
120.95,0.07645262253745744,0.7091379112617571,0.12265597872396977,1.0346798752145212,0.2294658215678822
121.0,0.07662605430451748,0.7037882481533922,0.11310704302485253,1.0240483843419734,0.22069321387883803
121.05000000000001,0.09161167158347494,0.704005424290352,0.11693121008119847,1.0371251173532032,0.22535372976366055
121.10000000000001,0.09670037445962597,0.7092490563686606,0.12818202892514252,1.031065240380554,0.21320022682723783
121.15,0.09591060912546144,0.7014092628019024,0.1266869428911394,1.0146015694506096,0.20422817560351358
121.2,0.09905358746168694,0.692763071751441,0.1287981113596721,1.012674227442119,0.19287676697104855
121.25,0.10789488428250137,0.6817948713601997,0.12861516276860657,1.011600770017997,0.1907111222777863
121.30000000000001,0.11984764182404253,0.6801138029923524,0.13440604353304209,1.0086019390109928,0.1856048154529485
121.35000000000001,0.12298593047484634,0.6760965228478139,0.13009534282794324,1.0031418903019134,0.17852647604698255
121.4,0.12820393229055418,0.6727086775730431,0.13695017505262264,1.0003154504710314,0.1860518522995289
121.45,0.12813561884169689,0.6649321166354875,0.13281391998363562,1.003887510679781,0.1809691573292058
121.5,0.13871223826185033,0.6632488789555154,0.12937298797176894,1.0048297756590536,0.1864039770860662
121.55000000000001,0.1407491375815127,0.6643548846527714,0.12572285587310794,1.004251877052521,0.1949293458526874
121.60000000000001,0.15253181579209887,0.6646225497237968,0.12112986463108993,1.0115332358589069,0.19396183187797775
121.65,0.15060861324580158,0.6660788598440329,0.12301175995387449,1.0132019450713705,0.1862480558204455
121.7,0.1465255661989323,0.6687739460729764,0.12281254068278621,1.0092906474654606,0.18760677464450223
121.75,0.14818237976129642,0.6731544622349124,0.12298013116162644,1.014528262725736,0.19085135475692339
121.80000000000001,0.1474770912658997,0.676004767373167,0.12133072447657164,1.013685492848152,0.1925007676747281
121.85000000000001,0.15478144924801482,0.688044185896252,0.12494922896844267,1.0167001913139406,0.19365800789350457
121.9,0.16199745612401475,0.6941694507115053,0.12958550685540543,1.0270398797674587,0.19213501325776958
121.95,0.1657163642767923,0.6962008177708485,0.13146398012911764,1.0259915578175938,0.1895514538156869
122.0,0.17222672715342802,0.6962130765039554,0.13049948752946344,1.0137245202038707,0.19069330947991456
122.05000000000001,0.1792582537790171,0.6973282555218737,0.13129048847128338,1.0254170885485396,0.19814453112710015
122.10000000000001,0.18391868952606824,0.6937188472137307,0.1432926699074378,1.0241917300530996,0.20328726732099967
122.15,0.18843839271466092,0.7013674728556858,0.15561856317807712,1.0234014052078886,0.20954271107841696
122.2,0.186121536497076,0.6982390404189852,0.16652645446756825,1.0216809807586682,0.20832234720838383
122.25,0.19009219124412594,0.7056959979053222,0.17871252872262974,1.0144115799837292,0.2137219454224784
122.30000000000001,0.1948189207415624,0.7064760743187635,0.18535772990870145,1.001590907580091,0.21079542793871767
122.35000000000001,0.19194885365581998,0.7056990659332543,0.198134697384031,0.9957374501647747,0.22280340591972367
122.4,0.1869518503005352,0.7133177326434254,0.20307525332684687,0.9928566823013025,0.22587650368902465
122.45,0.1964785899990032,0.7087821206519686,0.20172488882444298,0.9858442791958917,0.22132057217483123
122.5,0.20049503518273135,0.7140204271615683,0.18909536240034888,0.9756017298284564,0.21362117998264235
122.55000000000001,0.20533307069055087,0.7143135127505262,0.1774502881465754,0.9713123969392533,0.20515444059210863
122.60000000000001,0.20592623899619067,0.707126902186168,0.16385171106136653,0.9735309363609636,0.19488906402227027
122.65,0.21214743425778637,0.6974650834933842,0.16644960232817604,0.9694367810646699,0.18999398972439716
122.7,0.21015311096213998,0.6995058643431785,0.16263549085866721,0.968001025117535,0.19564111350038868
122.75,0.2068811542595675,0.6886629362127796,0.16051586734763887,0.9682414354338553,0.19146175764795417
122.80000000000001,0.20604765012330384,0.6877653374279725,0.16087398857884497,0.9636055550605866,0.18632888421544785
122.85000000000001,0.20511007642804574,0.6916836158369313,0.1689244395089106,0.961899316451381,0.17855877199219006
122.9,0.2012256652775558,0.691192228082655,0.17731231853352322,0.9481951675358126,0.18532342640863705
122.95,0.1990883568778311,0.6853484708239438,0.1852772784081455,0.9619957255541668,0.19154588367791675
123.0,0.19153117956967783,0.6904655491846856,0.19381933668170323,0.9526685954179399,0.2005958037630971
123.05000000000001,0.1911366022293733,0.7024378228588501,0.2054455079854093,0.9450677338596178,0.21340725173135444
123.10000000000001,0.20110555863008997,0.7071011253510437,0.2107059723364985,0.9422672867027913,0.2279429181476071
123.15,0.20226834944852917,0.7042661549868019,0.21058432493465534,0.9445560338072755,0.23667206176540312
123.2,0.20361603367717676,0.7069590815700624,0.21389563991829907,0.9413886544563391,0.24727728081611852
123.25,0.2000675473985834,0.715740558231785,0.21785019397376687,0.9458263967973571,0.25564245869185753
123.30000000000001,0.19605048455554575,0.7135800371138664,0.22348850343382543,0.9354973791404984,0.2711530524493739
123.35000000000001,0.19178417347624643,0.7099788750655117,0.23390231133317832,0.9397492668580749,0.2710344038302981
123.4,0.18989099895156933,0.721826201097025,0.24226771516605333,0.9371287610207917,0.27360175347376176
123.45,0.1790369024006008,0.7267602228311416,0.2488512136289887,0.9432503632453423,0.28833603461039004
123.5,0.17654155364249077,0.72622014539891,0.2528224372775515,0.9424497348138496,0.294230283671877
123.55000000000001,0.1691146166962762,0.7390898318779873,0.26221407276069403,0.9501895238339041,0.30156723145352365
123.60000000000001,0.1668018099417819,0.7372871749037874,0.2724447784324112,0.9565060008623321,0.317155802361564
123.65,0.15817215530917406,0.7577493753791571,0.27497316567954955,0.9693904431885584,0.33673388009743893
123.7,0.15404283484863543,0.7683180154321205,0.28117010146831,0.9740644608690667,0.3570436965818356
123.75,0.14856781955116985,0.776988718864918,0.2879259743778766,0.9774432785111837,0.3781521132510583
123.80000000000001,0.1409169918425076,0.7824488158510118,0.29433373674123064,0.9760326122661434,0.38107936602424364
123.85000000000001,0.14240741005293459,0.8046441435962222,0.3025101672637253,0.9782888104040273,0.393805212975969
123.9,0.1349571271928662,0.8112151406283152,0.3014298167362507,0.9814909406115745,0.39844562026080316
123.95,0.12022255630800818,0.819858732421302,0.2899850742660858,0.987316312886623,0.4110487845100754
124.0,0.11325154609232072,0.8002501419989453,0.2775372477429601,0.972029469028906,0.41056145364142166
124.05000000000001,0.11629791203630013,0.8030824307273104,0.2732580930148505,0.9585030537597076,0.4069283391067114
124.10000000000001,0.1188498756871248,0.7983092680630934,0.2670665035186079,0.9528000028412308,0.4014032068359667
124.15,0.10808265865892511,0.7896690328725062,0.26459998608380125,0.94461144333683,0.40574014979724676
124.2,0.10199406450043783,0.7849920433929066,0.2647926282064392,0.9515216205420179,0.397057179570213
124.25,0.10066941562376047,0.7885771854274688,0.26127331889556826,0.942534072450128,0.40816698843049753
124.30000000000001,0.09249348135003237,0.780842898477838,0.24439657833157274,0.9509588074333191,0.4111116614549666
124.35000000000001,0.09076862656279684,0.7866806244633171,0.21887776835835954,0.9505352798206684,0.40968372027959143
124.4,0.08558661116055465,0.7756228962964437,0.1937801837234459,0.9494329107125353,0.40091002052433283
124.45,0.07949910164797323,0.7667654228056577,0.17142349760998057,0.9372094993466186,0.3845929397590217
124.5,0.06970255810011004,0.7565198316560107,0.15129062049565414,0.933216974908349,0.3556638906298363
124.55000000000001,0.058837105935814746,0.7505642487683363,0.12738147664190944,0.9062399466089514,0.3415795532653627
124.60000000000001,0.061351272730410564,0.736642085516328,0.10826637489465725,0.89094911915324,0.3270565456388632
124.65,0.055542339149112156,0.7353032866456027,0.0913569047549454,0.8868347938662021,0.31458334203648214
124.7,0.059732942410796894,0.7240211890997019,0.08441636151546383,0.8886624310682059,0.30735983900072156
124.75,0.04982932607716489,0.7169027190196225,0.07825869943143181,0.878368942499166,0.3076176668079225
124.80000000000001,0.04492911820028076,0.7167868699926271,0.06851224672281706,0.8725931324279934,0.3119215627112753
124.85000000000001,0.03551429871423336,0.7007869276765017,0.05658611435845885,0.8727578712610514,0.310280952844228
124.9,0.037670213634350705,0.7108110658886034,0.04533343505693334,0.869985270022873,0.30619641686675164
124.95,0.03548945308075415,0.7107522814638749,0.042900758380030636,0.8741315292986716,0.2997585007961828
125.0,0.03472615358061314,0.7149856648070241,0.031899221633477304,0.8844505352939296,0.30650332212933085
125.05000000000001,0.027683966476195768,0.703293632299928,0.030253405151288756,0.8804688905002179,0.29786912913465147
125.10000000000001,0.026283860245586047,0.7093870301574365,0.021464151406505434,0.8729756186119069,0.29906473864426963
125.15,0.019709638198526842,0.7071766111143191,0.011682400370304446,0.8606539034224429,0.2862206752594818
125.2,0.022503265031751978,0.7066907985812814,0.019255957297907002,0.8678720984090018,0.28382597991241193
125.25,0.02123918603657517,0.7000717805281877,0.03192410881642178,0.871933381959378,0.27580581419582545
125.30000000000001,0.027454281833501425,0.696392518687918,0.044817106523966664,0.8634265114616847,0.2659578375881274
125.35000000000001,0.031055545098293186,0.6988861691215085,0.05765620672096019,0.8638596022701988,0.2505591290573801
125.4,0.04281806762824934,0.6859047566707885,0.06619043251574112,0.8637856526067705,0.24147457533944333
125.45,0.04852099080580336,0.6911778941447445,0.07240137639284362,0.8530832974117059,0.2215877576138126
125.5,0.0536557237921716,0.6824387143405947,0.08242019738002368,0.8458776128676461,0.21398084379932428
125.55000000000001,0.0653636563241002,0.6878497303425112,0.09137512503467653,0.8363936275212941,0.20930371783603066
125.60000000000001,0.07804445948682844,0.6821815574387465,0.10314080020979333,0.8317245910292268,0.19335369568353222
125.65,0.08550211028060674,0.6793568336718844,0.106925371111729,0.8119873125776135,0.1702654433683285
125.7,0.08615777993125566,0.6858255239716533,0.11575503347274241,0.8133306036507196,0.15574090533571844
125.75,0.0891601171848914,0.68211080705775,0.12692896095556663,0.8184466989678325,0.14871601838781298
125.80000000000001,0.0940435363432588,0.677834264513522,0.133192621756923,0.8175415759742094,0.14464619627923894
125.85000000000001,0.09802684833001223,0.683331373010518,0.1356307308003681,0.8117053069766089,0.16173694837970995
125.9,0.10393528938443229,0.6714998598716844,0.1461863286268295,0.819852691154972,0.17270371481038094
125.95,0.10688118331072254,0.6585151629301407,0.14976937948200347,0.8197760928574639,0.17684015416149995
126.0,0.11461777539964021,0.6674386108991257,0.16134832820434078,0.813327442652176,0.1813825976052978
126.05000000000001,0.12403854809611754,0.6613509702819925,0.17038388367338114,0.8039921305271542,0.1728918631600501
126.10000000000001,0.1317724032628216,0.6677347062390602,0.17929169858452929,0.8111293020746075,0.15608625811526788
126.15,0.14183979680866243,0.6631999227307318,0.19027165139761765,0.803620517758506,0.14450590336712454
126.2,0.14637090384523643,0.6551626842178646,0.2017711383323773,0.8033479610500234,0.12473134357564714
126.25,0.15240095826640812,0.6519914869008728,0.20622626740194583,0.7968038600777416,0.0964272333211569
126.30000000000001,0.15971384464724006,0.646609727402537,0.2150363200945792,0.7882067887346098,0.05505736131103182
126.35000000000001,0.1649649637781447,0.6413875445380243,0.22171036268991204,0.7799684376955698,0.047655653127914574
126.4,0.16903953729164922,0.6428487112293966,0.23181367826851373,0.777656445400961,0.07772083206406186
126.45,0.18042965970175828,0.645231235292266,0.2377629819318474,0.7852716301379048,0.04938960084677941
126.5,0.17985384937015206,0.6409032158742258,0.24166392511107015,0.7897487155258517,0.04853615336735222
126.55000000000001,0.18553931227019296,0.6424353619611388,0.2479718870714321,0.7982632832913594,0.039812448155741455
126.60000000000001,0.19222700650448618,0.6382654386948303,0.25345931233095575,0.7956854990606803,0.035466932421690245
126.65,0.19357809910964227,0.6255085127451411,0.25682642586041216,0.7913613416533486,0.021305119329640174
126.7,0.20131499792366278,0.62134257309338,0.26282858503691187,0.7748769912780322,0.04490670996769725
126.75,0.2096768875081364,0.6176796022626682,0.27281011766808305,0.7696753455691264,0.05825242579525063
126.80000000000001,0.21585117757014577,0.6110756163292221,0.2882091126915976,0.7646124979108809,0.04802958085373625
126.85000000000001,0.22046202791663533,0.6171738747141036,0.29567370757516204,0.7650646856443671,0.05082443571699197
126.9,0.21998674653451128,0.6040187245979936,0.30085481029447225,0.7641148786474024,0.0636675902017484
126.95,0.22721543274849337,0.6055134120871268,0.30416088902419613,0.7535955225084365,0.08276243755445291
127.0,0.22032198250485405,0.599086187339836,0.30837359127786,0.7407867395600776,0.0901379697994134
127.05000000000001,0.22556547770289492,0.6120485909391804,0.31239785273707965,0.7408629262316659,0.08725309663128353
127.10000000000001,0.23401243352291912,0.6129249867051147,0.3149571650788193,0.7450021676952949,0.09622183525119916
127.15,0.23406376786419392,0.6229665119829897,0.3015047722086561,0.7502089653055523,0.11256326745395731
127.2,0.2410496061321784,0.6337211489355301,0.3026567366737295,0.7516101453395487,0.09679736635312178
127.25,0.24122831956924215,0.6264659936232178,0.30353136819311916,0.7665469419010245,0.12380103293762673
127.30000000000001,0.2441774864050026,0.6296818812409338,0.3117289620892698,0.7609662006052923,0.12286306351229205
127.35000000000001,0.25045310248038644,0.6371028930963044,0.30138273332203225,0.7595222072298236,0.11694965299466206
127.4,0.24651825524278517,0.6406590468927917,0.28997226820497357,0.7528899862240548,0.1255317209108362
127.45,0.24880895329934882,0.633786830562445,0.2795381565431047,0.762090615279834,0.13186241642118537
127.5,0.24666523371120092,0.6327156462154255,0.283165344341365,0.7598225422092765,0.13612563070165326
127.55000000000001,0.24416612169477311,0.6333472516688174,0.28128845107786415,0.7632246091147131,0.15225376953180828
127.60000000000001,0.24109248445943232,0.6347055990946548,0.27743401047364485,0.7598654889501406,0.16054521563050897
127.65,0.2378273188375139,0.6431634962944368,0.27647995211602416,0.7558344764430246,0.17380730309890624
127.7,0.22779416456021367,0.6446394560419242,0.2757205292289145,0.7509504376293775,0.19590433986951622
127.75,0.23043696774711434,0.6415540706957844,0.27293668943119265,0.7589339830731292,0.20619838414813052
127.80000000000001,0.22280184293802754,0.6359399182537517,0.27881576096322896,0.7484606658182646,0.19604542065018793
127.85000000000001,0.210785180020834,0.6380361891638316,0.28087113167753225,0.7471460212943205,0.20781147632444802
127.9,0.21453401780845124,0.6399371894290443,0.2808285974350733,0.752060830125174,0.20717351092282338
127.95,0.21329078769419876,0.626992671873855,0.28390891043046007,0.7538115638902794,0.21413062158547844
128.0,0.21782922115837886,0.6307282676359548,0.276242672538283,0.7481087336107,0.21455156576877668
128.05,0.22250892823065,0.631739118131418,0.2631743403164921,0.7525446755783076,0.21259266183689068
128.1,0.2108891762473842,0.6404213523273361,0.24950798382735048,0.7593189192866545,0.21483620851170995
128.15,0.1979949852770487,0.6339543650361318,0.23798122224552737,0.7740039303426879,0.21362824437725134
128.20000000000002,0.20288047611813548,0.6314910649395388,0.22864016774188856,0.7832557512357327,0.21825298508304777
128.25,0.19646855240624936,0.6325813112055548,0.23609948630546534,0.7888225642195047,0.22330619993239897
128.3,0.18864742666580492,0.6383943949955032,0.24137096023997046,0.7961425267176546,0.22024590528225474
128.35,0.18699751581525376,0.6398503574145349,0.2355031125446302,0.7933000968654641,0.23104398650032276
128.4,0.17982631350499317,0.6299433919205593,0.23104045885402252,0.8029785625772544,0.23588391915788814
128.45000000000002,0.1872947049894282,0.6287847502855894,0.2243983159191372,0.8010445359530326,0.23478922927049337
128.5,0.1913575409363577,0.6239913946541299,0.21841635001081525,0.7960003301941835,0.24245203515339855
128.55,0.19063139717361657,0.6247347168244658,0.2092785632945285,0.7987208256375924,0.2504687285372057
128.6,0.18230851579980564,0.6295768045393588,0.19042449681933604,0.7959624943575071,0.2540470517184001
128.65,0.17881453283969292,0.6125796052256952,0.18428884678514618,0.7990223034877514,0.26239315089968135
128.70000000000002,0.18197239333230633,0.623979948037715,0.1794285008047894,0.7946423406095755,0.27357216451556293
128.75,0.18576687655882812,0.6141909092066472,0.1662329595944769,0.7922622921644027,0.28310415313829523
128.8,0.18707798620306257,0.6151145341192606,0.15623515466577678,0.7957820507560537,0.2831691394206951
128.85,0.18678085476384818,0.6140838645000785,0.14941341339063394,0.8052750744169338,0.29713925871413854
128.9,0.189303713200676,0.6094872961822951,0.14881342304525522,0.8030540443067813,0.2986503521209592
128.95000000000002,0.18800913946809342,0.6096920634798794,0.13185460316449282,0.811070696397469,0.2976425748853094
129.0,0.1865025800239056,0.5994776775051918,0.12111141568881906,0.8111871858167229,0.3134298246171252
129.05,0.19012393491643206,0.5951277999951682,0.11386238584788419,0.8120820904168006,0.3253812438048631
129.1,0.18524933256241685,0.5941587863446061,0.10545230652179753,0.8097032398308859,0.32014122993892197
129.15,0.17990994041290365,0.6005711118999104,0.10594471085642296,0.8136436547290071,0.33383006591236736
129.20000000000002,0.17257257101305207,0.5964456952250967,0.10211050077821547,0.8176950676872368,0.33395439874868527
129.25,0.1763116855635456,0.5996443662333456,0.09284632587401268,0.8287988868251506,0.34097883027313725
129.3,0.1789127899466969,0.5990687709638967,0.08124543396818498,0.8219037358325622,0.3575190939136276
129.35,0.17654870614008253,0.5933526338453101,0.07825939006836163,0.8168251420429374,0.36635374822980205
129.4,0.1640186776812808,0.5837295025321727,0.07700637736013836,0.8143766602549823,0.38887044342152366
129.45000000000002,0.16347657047712674,0.5810208593550246,0.07309720923191163,0.8111132649577792,0.3941921658287323
129.5,0.15296229320961008,0.5653387022322524,0.06826721265411258,0.810037348507939,0.40762484868192983
129.55,0.14358558299185098,0.5560079463523667,0.07338312233225991,0.798414399714883,0.41756921582482065
129.6,0.13858323162278924,0.5508341470567198,0.09130929634487521,0.7993569040780346,0.43768851026867267
129.65,0.13825938593221032,0.5380373176698519,0.10669750280836754,0.7972183487333492,0.4383448655679622
129.70000000000002,0.13170070535989442,0.5257967195213099,0.12273788924474441,0.7909453091142044,0.4552053577527261
129.75,0.13368788091113248,0.523873275739232,0.13061158557287864,0.7910986591203957,0.4637552869601035
129.8,0.13065812042750727,0.5158035251531293,0.13623262424902888,0.790692533678814,0.47830132419407595
129.85,0.11815655595483938,0.5019877612330222,0.1403713382692525,0.7881870162634179,0.47612964373766536
129.9,0.11345277793780076,0.4957920765418876,0.141889059677436,0.7849577378136081,0.4602298157402803
129.95000000000002,0.11489996726126295,0.4981008757539554,0.14915617225771252,0.7809659025475285,0.4593599842935097
130.0,0.11029528511173228,0.5027053814956602,0.15694894229011927,0.7836911645642127,0.4753587183818063
130.05,0.09859818631477706,0.5050059329311662,0.1665594988953028,0.7811579145083146,0.48353287127242695
130.1,0.10735431527196836,0.5007731662451921,0.18048542674315818,0.7799251551417731,0.4908481514331942
130.15,0.10729766669417277,0.496190067118545,0.19207444889697656,0.7739749790961404,0.49614792766682914
130.20000000000002,0.1062280965537826,0.48755926436003355,0.2008452442499071,0.7811251850414775,0.4991379400958097
130.25,0.09434697928708792,0.4826517527373217,0.2084155191132129,0.785211488922427,0.4951098577764818
130.3,0.08703530262541677,0.48045264665074777,0.21368742303624022,0.7873195711613372,0.4938843416068232
130.35,0.07581526772307869,0.47442279561600476,0.21767399950636346,0.7862343347131584,0.5002815696096984
130.4,0.06736149851955368,0.4756686059151441,0.2267396154416515,0.7858522984119245,0.4933882847319463
130.45000000000002,0.057278299884515764,0.4766123896116221,0.2377512299224858,0.7926607263974282,0.4771467953191587
130.5,0.04858998779814765,0.4809488365801919,0.23782296833256425,0.7928624324360322,0.4698768039470414
130.55,0.0427910032698038,0.48059499252222787,0.238305347670825,0.7947143070026791,0.46664437725167485
130.6,0.030848733385344506,0.4820692767674094,0.24797664560853133,0.8047678412919096,0.46262199702314155
130.65,0.0249536564558364,0.4695740794237699,0.25291556871494686,0.7932158406828542,0.4645165328275001
130.70000000000002,0.013585022132881555,0.4622958628835763,0.25693793995084974,0.7980785267455736,0.4690547500496855
130.75,0.010021439803974052,0.4640489995475219,0.2613733370695767,0.7917412016104108,0.48122078582893707
130.8,0.008071901559667445,0.4605242899562919,0.27425112899233517,0.7978122093374694,0.46108405939604497
130.85,0.007626308743443932,0.4541922570102596,0.27892605810150534,0.7998471552935162,0.46092673874571705
130.9,0.01973548176571195,0.45602899514435125,0.2773681093744679,0.8085494391843547,0.4667459039271805
130.95000000000002,0.02421469477690411,0.4693946110136788,0.2852164120566125,0.7991781659173048,0.4553629947801897
131.0,0.03260798583673432,0.47468854696284185,0.2924868677119492,0.799811024917808,0.46926739031274917
131.05,0.033675566737501515,0.4805416426884738,0.30263596431403933,0.8019002266528118,0.46833138386943257
131.1,0.040391704786108,0.47346378656390536,0.3088355219810404,0.8059953726166943,0.47735941725652115
131.15,0.048894725808180856,0.4690994845821685,0.3147975089228228,0.815069689499487,0.47980819583949
131.20000000000002,0.056433179415812794,0.4668081698802744,0.31487261580820886,0.811803332492297,0.4816902022044829
131.25,0.06059539798635029,0.46336436703245365,0.3224805525595388,0.80862622252162,0.4791307766282628
131.3,0.07069086934629228,0.4572874782673568,0.32620667209676163,0.8079266196415904,0.4827698976282431
131.35,0.08011580379096565,0.45536814305439305,0.3241319380466397,0.8139576376593822,0.48669873615611
131.4,0.0851765128498174,0.4610588241119248,0.32573263305586214,0.8158575589740448,0.4875919601215191
131.45000000000002,0.0861282984061016,0.4682656863126097,0.3230094489517357,0.8114850541595318,0.4997666783584181
131.5,0.08611746334962961,0.47715475451669964,0.33240390414783766,0.8078768094655104,0.5030932435807746
131.55,0.09153276303156384,0.4705336972517539,0.3371786210930763,0.7998945056955612,0.5055156206747698
131.6,0.09459770195475399,0.4690287312802086,0.34810383224017305,0.7957001052290563,0.511231491308527
131.65,0.08955867585450189,0.4688427157683488,0.3557799770509096,0.7986371554262356,0.5213756448426927
131.70000000000002,0.09105451142723336,0.46308364295711285,0.35966095368362827,0.803321182352758,0.5256401873040282
131.75,0.09311513936437887,0.4706970998561552,0.3496424658704124,0.7936537083610582,0.5243455921195223
131.8,0.10150291931007248,0.45828882401099663,0.3465393823827438,0.8014809959963561,0.5204836273949992
131.85,0.10572255062223081,0.46031568973616277,0.3431153594617714,0.8059841690194053,0.5203626399567159
131.9,0.10178803912108504,0.46319840740718,0.34595942800822865,0.7982656401089535,0.5240065610793485
131.95000000000002,0.10720992778900902,0.46310775724558545,0.3483543276791916,0.7914326983270252,0.5249051184032456
132.0,0.11109809845176699,0.46700605030265835,0.34445568351458783,0.7931588552745527,0.5284330563984854
132.05,0.1234611567771009,0.46769266155691125,0.3479197903918656,0.7935075399955321,0.5223015971407117
132.1,0.13401889479621176,0.4701688104733902,0.3450189801714517,0.798482748449022,0.5182367852491758
132.15,0.1388071356834281,0.4754377376276083,0.34523293682868805,0.7930269556867955,0.5221690123676376
132.20000000000002,0.15383727164097225,0.4714513586015585,0.34670982407583406,0.8012426786281643,0.5227251153672097
132.25,0.16046004059787647,0.4683762711104014,0.34379021863884224,0.7994988426288389,0.5289190944508638
132.3,0.17079716224654148,0.4660881353855544,0.3286866418059128,0.7968470497956542,0.5311112973049283
132.35,0.18339817424398924,0.4685928566500944,0.3199355455388003,0.7972478419258644,0.5205714957256065
132.4,0.18507095809362786,0.4767665925455464,0.31667624827860896,0.8014185363119204,0.5174763241217346
132.45000000000002,0.19204152474962055,0.47917151733654734,0.3085778766978326,0.8065125808755006,0.5186660650554459
132.5,0.18834993833189462,0.48278956699527176,0.2996255009705362,0.8078031762255313,0.5119742452442969
132.55,0.18674959238547428,0.4736172038416054,0.2867929420741998,0.800723248604369,0.5107393943757382
132.6,0.18721816391584925,0.4799745090861188,0.28101885649009933,0.8035412175910399,0.5004446465428845
132.65,0.1898058151884722,0.4865160148247807,0.2751955931333379,0.8053447953210804,0.4909800693263436
132.70000000000002,0.1900640293827592,0.4931874754740904,0.2634883830555717,0.8035637278258096,0.49205727496079393
132.75,0.18440844272980494,0.4989257252054299,0.253950624341028,0.8087164949571893,0.481427863450076
132.8,0.17592734225190848,0.49991333666455695,0.24442351206079982,0.8274500539125454,0.47321875332094543
132.85,0.18061201979952293,0.5125253299000475,0.2278496934429495,0.8343478211325436,0.4765183824795101
132.9,0.17559096148196524,0.5192567915816022,0.21742852317678002,0.8384406677738477,0.4639202962402666
132.95000000000002,0.1817799306051738,0.5319705709869733,0.20397807883569946,0.8361949433164527,0.4621571547853186
133.0,0.1911951576924514,0.5399632529967258,0.20002465606015513,0.8411895430000023,0.4586457010082942
133.05,0.19148442910459681,0.5451153360190275,0.1932227512648985,0.8551735521529003,0.44296351672089407
133.1,0.18549825598122502,0.5552940131617443,0.18891787169678406,0.852639643740113,0.43495677465419696
133.15,0.1848487335946697,0.5643451742599056,0.18291851402783987,0.862819924547523,0.42491188085424725
133.20000000000002,0.18555190055420923,0.5701028287182113,0.16243886801347407,0.8528579543112179,0.4230854637354255
133.25,0.19048378641586686,0.5714989616435895,0.13473144738734463,0.8601326185953139,0.42680454958326414
133.3,0.18855762949263902,0.5836236161285395,0.12427797685396996,0.8689600645705798,0.4184675585621754
133.35,0.1907046600172428,0.6006777220047007,0.11734331570706773,0.8750697559803006,0.40852078006248776
133.4,0.182139735259423,0.6036740027494641,0.10317312411153567,0.87568381528848,0.4024202678064766
133.45000000000002,0.18598913402389625,0.6080062496126774,0.09597038228304973,0.8812551718043503,0.3844115633957799
133.5,0.1937175878091851,0.6082004414945834,0.08288249528967455,0.8767883121829757,0.38210593703401174
133.55,0.19724540176238003,0.6088945333589866,0.06824785141330278,0.8730071279645729,0.3690336651522712
133.6,0.2047906278201623,0.6158823649944838,0.0560633599271724,0.872683539695096,0.36566441232450025
133.65,0.20319609787213666,0.6181502278534327,0.05040527560562404,0.8792112923307999,0.3547321778392617
133.70000000000002,0.19913456066882076,0.6253991480690775,0.03944221866558186,0.8791529478098075,0.35046862379046506
133.75,0.193955306645675,0.6254219788534634,0.03801328332410787,0.8809959076579672,0.35258745751748294
133.8,0.18707762011456838,0.6235887504136892,0.026401888845429447,0.8808079572999156,0.3555911378781338
133.85,0.1917336692749765,0.6245443600975052,0.021845308047104658,0.8839067868367124,0.3510903551419181
133.9,0.18565930412407244,0.6298243416902739,0.028918438156608797,0.8778705421777026,0.34716217424538737
133.95000000000002,0.17815223568888697,0.6294025472048652,0.04013390395526936,0.879518307644608,0.35242417042305724
134.0,0.16445270642983728,0.6300175746607093,0.047034946095117845,0.8814086079935988,0.3697112975462222
134.05,0.15406922819257643,0.6212963674453307,0.05278916509603546,0.877083968657472,0.38497755875859657
134.1,0.15126467410385866,0.6221991184061547,0.05208468971944518,0.8642360987966171,0.4048103847885892
134.15,0.15186041736052552,0.6219907769454713,0.04637328612681959,0.8582564648797738,0.4121559639734388
134.20000000000002,0.14262684805276163,0.6243248014426735,0.05466564696512977,0.8503579994038339,0.41652685568734843
134.25,0.130732590907954,0.6241094422540352,0.0525440105344752,0.8405399146439185,0.42149738898079586
134.3,0.1314432834078405,0.6259601061402817,0.05803414273010659,0.8412375280849047,0.43504909099554046
134.35,0.12910517675566377,0.6297590529231597,0.05793203921986881,0.8436230419529246,0.43776440667922245
134.4,0.12427750110977481,0.6350302687344624,0.05567132923711379,0.8286250267924005,0.446505598814467
134.45000000000002,0.12233607628750667,0.6369116321286787,0.059532640263090436,0.8316080733029013,0.45358134319577526
134.5,0.11547981182586685,0.6282525003658493,0.07086314914283043,0.8392076702713928,0.4503833910013937
134.55,0.11838426828621833,0.6426181258285307,0.07925881962130803,0.8416237652614891,0.4438451638795446
134.6,0.12860295795814425,0.6362614820646285,0.08564641316755398,0.848550251777866,0.4437306845744856
134.65,0.12959374981135785,0.6456170077369277,0.08317501058596252,0.8485820212079939,0.44616012477786066
134.70000000000002,0.1312611965942931,0.6438654114421746,0.07488691276167662,0.8464522453585239,0.44465508583585284
134.75,0.12665806467124424,0.6430090421009932,0.08297155209619166,0.8400311325522996,0.44665944105908006
134.8,0.12060947212096224,0.6473921476976014,0.08403267184914866,0.8506530097212104,0.44789145696398286
134.85,0.11821401747395785,0.6459625008755961,0.09508558467879538,0.8558055234239453,0.4380034673758073
134.9,0.10814641560921338,0.6500367489416475,0.10020232497305129,0.8676880521431349,0.43323187941151164
134.95000000000002,0.10304722778795976,0.6518744587916224,0.10748982401730228,0.8654008021696946,0.4084720647932193
135.0,0.0979253134822779,0.6491110844387099,0.11918364538798508,0.864707548872567,0.39902303534384953
135.05,0.09476329235373569,0.6440903330069504,0.1282270816593769,0.8639090855284258,0.3771252151354674
135.1,0.09317839871976331,0.642846226853967,0.1274817599197703,0.8687628406065693,0.3747006640587749
135.15,0.08832312489310948,0.6497600647224921,0.14877865994087328,0.8642328748406776,0.3954030924187407
135.20000000000002,0.08706890083225552,0.6616227918747207,0.16399518586819592,0.8749844754608878,0.3943724113788106
135.25,0.0870120490627112,0.6575119703088874,0.17428714764654613,0.8721874011851379,0.3905336483285534
135.3,0.07971382576631127,0.6602625574399922,0.1815976362721188,0.8741812614335736,0.39572700924449106
135.35,0.0717295851670401,0.6662757732732415,0.18879781943099766,0.8763839785637975,0.3998890124385308
135.4,0.07741252394185949,0.6683731523866628,0.1888913042715075,0.8660837132296647,0.37883821724693295
135.45000000000002,0.07259356355000904,0.6737500631889726,0.1923235444560131,0.870729441429089,0.3596874641175429
135.5,0.07160606363482262,0.675689986299252,0.20770486869509983,0.8691123392934911,0.36301716067713447
135.55,0.06494922646329103,0.6789114304605656,0.21824736344826265,0.8776206577838487,0.35040665403678456
135.6,0.05448634412934531,0.6861902756178401,0.21677183702570307,0.8868285554719143,0.32366396015697435
135.65,0.05442074218337374,0.6873782124059715,0.21261332819978118,0.8723389228899623,0.3243794869078116
135.70000000000002,0.051409502673848535,0.6771814121117175,0.20988676223980715,0.8789192522182726,0.33517387329001863
135.75,0.04856286843183377,0.6706939572155522,0.2061156051036162,0.8765445711849712,0.34475026613290255
135.8,0.05006464092288513,0.6702723825885886,0.20579134016783743,0.8656484108871249,0.33759091691973037
135.85,0.06034986613712597,0.6660681033974846,0.20888333115120483,0.8569316780505697,0.3418080710652237
135.9,0.058793998179758965,0.6667570434833945,0.21698852423697743,0.8612980952958061,0.3160788604869896
135.95000000000002,0.060820619075366046,0.6685591805211487,0.21380525027750066,0.8613680702495345,0.27857032615758504
136.0,0.059793473760245616,0.6594331029328555,0.21674594139781117,0.8657715946628998,0.26747485784729436
136.05,0.06194342087940988,0.6606278508416692,0.22902520469815815,0.8561524181108218,0.2586266944062253
136.1,0.05867351810868523,0.6527047342198865,0.2358061296821212,0.868071875592735,0.2408010421505902
136.15,0.0528288384934639,0.6594231425124721,0.24398850128707855,0.8760075905597751,0.21493490182256803
136.20000000000002,0.04643015752518486,0.6753021744746867,0.2523046644960502,0.8815768697550599,0.1969301376352957
136.25,0.04627445196339268,0.6702962271887577,0.2590028637845243,0.883939549281176,0.17950115927407054
136.3,0.04581060412972071,0.6672852664690557,0.262131582304152,0.8915659930184467,0.16191833821790183
136.35,0.057097576625909946,0.6604024681942129,0.2719060920929033,0.9003320148911957,0.14793299887004635
136.4,0.06375714871049298,0.6767272975489813,0.28281600580469013,0.9076502466649146,0.14442164829871307
136.45000000000002,0.06750136654184515,0.6866986487675111,0.2898399753982504,0.9220046066190745,0.14570670725811938
136.5,0.07259809252774631,0.6938178084692,0.2984292880902966,0.9282746130840476,0.1511093026298419
136.55,0.07001924953756845,0.709442020374345,0.3048070466106761,0.9284343070748757,0.16182302355043943
136.6,0.06169936960361097,0.7248175871766351,0.30933126885743395,0.922265542053249,0.1649483377337658
136.65,0.04800861140326127,0.7297193772648547,0.3094956325703857,0.9266064215367438,0.16457988859443082
136.70000000000002,0.055552128050173503,0.7198967118583262,0.31389698338531596,0.9450058814720748,0.1761180832245811
136.75,0.055909238223062374,0.7299607212098984,0.3128818479459715,0.939398602575844,0.19946469983710657
136.8,0.06286889165348132,0.7401314223183855,0.3047747547949255,0.9470992912479862,0.2142742722437742
136.85,0.0661816937170763,0.7397321061265065,0.29309511890069984,0.967774488887134,0.21790877208863252
136.9,0.0706989036038997,0.740594302262448,0.2817578255314261,0.9824274112156486,0.23284956644452912
136.95000000000002,0.07325952141490057,0.7421952743144272,0.2797624640014193,0.977054353879561,0.23047012825121355
137.0,0.07397167990690959,0.7313658151478362,0.27786163385478635,0.9740014689155011,0.2312895729374795
137.05,0.07655309328889444,0.7335197606226714,0.2795323317116255,0.9696711442329482,0.2507632921020237
137.1,0.08319075001625158,0.7360892044905203,0.28011052336537223,0.9590611698508867,0.25134217253378566
137.15,0.09250212470264878,0.7467563264161131,0.28416106872711366,0.9585923175269263,0.2635214461466558
137.20000000000002,0.10138802473747723,0.7510389055632029,0.2708291317642259,0.9674935597451665,0.24909180359777894
137.25,0.10792493242881566,0.7529097488521073,0.2624971707471775,0.9801511376912752,0.2401436851851797
137.3,0.11001452727485315,0.7574568488376451,0.2647625448804695,0.9722180267624935,0.24219432971598243
137.35,0.1088587584381569,0.7498476142386219,0.2615275801683607,0.978295110139891,0.25310423665759524
137.4,0.1202580697713495,0.7454940925906717,0.2503100510156556,0.9518796270519025,0.26156921208004463
137.45000000000002,0.1267171077924307,0.734005584977061,0.2427108618569365,0.932342427812665,0.2801644892355923
137.5,0.13486626127961232,0.7193320599929899,0.2310546105144969,0.9332417245125767,0.29384802857593917
137.55,0.13553585568573234,0.709047526832001,0.22373150631531394,0.9149339983513605,0.31754762499005335
137.6,0.1352604032273216,0.7081715319079906,0.21615436289804088,0.9133642051910368,0.3320200851066843
137.65,0.13160501406425162,0.7139402563249065,0.20969563013739512,0.9111435885246166,0.3473403370291156
137.70000000000002,0.13225137013945956,0.7214971573934973,0.20132469993041543,0.9077107806464794,0.35664651312348933
137.75,0.13393653536969075,0.7305673022384513,0.1976145524537949,0.912323142853102,0.3649010358577655
137.8,0.1342796497249951,0.7316283756022499,0.19614835073505477,0.9132279372273622,0.37577207124831347
137.85,0.1381486824903376,0.7395136139399786,0.18704966184005187,0.9006011439700715,0.3880694232179106
137.9,0.1407717350478355,0.7387912732212453,0.17794395109068292,0.9099469767396405,0.39228497721039773
137.95000000000002,0.1421675063299688,0.7392181339797921,0.1643450844573827,0.9043450557283095,0.3960012198216458
138.0,0.14671414007960112,0.7468873568328118,0.16440371200792384,0.9014166062781456,0.3993145331148032
138.05,0.14769040225623523,0.755838132660833,0.1662576379933393,0.9078855384995469,0.407197717591882
138.1,0.15817379197395673,0.7578685737244872,0.15784140152352774,0.908166089180593,0.4134924142689024
138.15,0.16500904136169292,0.7503302921690258,0.14414523915044944,0.9099270333609023,0.4147944537027263
138.20000000000002,0.17410413064962285,0.7612746960358321,0.1423715031104853,0.9048381149952104,0.4274538829581619
138.25,0.1744228910253909,0.7676046683338923,0.139020341319864,0.9033329748158968,0.42632696670603426
138.3,0.17017901833900798,0.7643133197742871,0.12017459985301107,0.9011394042647601,0.4178446385120169
138.35,0.16485671746305053,0.762947253396791,0.10050227206830527,0.8919977879681291,0.4215066727237478
138.4,0.16281772236796369,0.7607425330270835,0.06751489633503313,0.8864845030598414,0.435532243594763
138.45000000000002,0.1590469354105053,0.7662868072727581,0.04859255556444192,0.8806487039256933,0.4331239361837651
138.5,0.15608306996411328,0.7753073274087335,0.03746018790098412,0.8744314028364735,0.45019506024175315
138.55,0.15064099958153884,0.7725122673630731,0.03449125470995188,0.8626450327000534,0.4611105528144671
138.6,0.14214766022220665,0.7808896416795816,0.03327488019304625,0.8638114249991783,0.471138505881475
138.65,0.12714011360099486,0.7876984221553619,0.03575396931125018,0.8611008004876612,0.4807009132003322
138.70000000000002,0.11748432773934814,0.7942065329547275,0.045663927551876315,0.8552231895391958,0.4837171415712607
138.75,0.1135318171682165,0.792028797927013,0.054779456331186534,0.8580200162467478,0.48778417983004124
138.8,0.10251419577042617,0.7940516525843572,0.059886734861050575,0.854857983448529,0.4879038228716322
138.85,0.09396436386116094,0.8028347076077628,0.0673205362353444,0.849963193744509,0.5086693601843303
138.9,0.08654678632083825,0.8152719870995383,0.07643731582660764,0.8490985201531601,0.5062837891947319
138.95000000000002,0.08271366280930598,0.8135774530915556,0.07907619089016381,0.8462613174576189,0.512192303326896
139.0,0.08506616012345335,0.8120995074978044,0.09229734539992543,0.8471251451001887,0.5078586244946792
139.05,0.08772820534716312,0.8116356163002036,0.10094741607004198,0.8399691212147765,0.5090979917544743
139.1,0.08817177886935355,0.8027772586878763,0.11290344904676482,0.834737004930838,0.49591183539689976
139.15,0.10033409407132442,0.8005172556147078,0.12343418449440718,0.8280600845144142,0.4924425552464865
139.20000000000002,0.11133353321863314,0.7919239500627399,0.1294527464997058,0.8195262260777914,0.4902273505669105
139.25,0.12290332082425186,0.7937337488267606,0.13909516750739756,0.8115435925374908,0.4898838454511639
139.3,0.13318107249510328,0.8013777370272523,0.1465874740116321,0.7961203157614525,0.4817434438775761
139.35,0.13362007736120088,0.7928078043811859,0.15185401893972292,0.7936896153989429,0.47722112903363867
139.4,0.1387123176853985,0.7983712096299845,0.16777739175309295,0.7937496110223651,0.4857128216359659
139.45000000000002,0.1381226307521313,0.7984854547666647,0.17650328359489223,0.7969944941609497,0.479262446980862
139.5,0.1409445385972333,0.8102505899183331,0.18483694462255362,0.7920932887122699,0.48067507097224865
139.55,0.15011231898907273,0.809230825351895,0.19043436041075765,0.7994908140383559,0.47546312086104847
139.6,0.151371785392397,0.8026614674173173,0.19570488721294843,0.7925285046741171,0.4805112649463075
139.65,0.15230701935183424,0.8025778433246522,0.19880993366164204,0.7839609357089298,0.47731370494373637
139.70000000000002,0.1629848394555978,0.79586432660604,0.20700370209008034,0.7849720715292086,0.48177279818499175
139.75,0.16130131842766346,0.7954719514838975,0.21331826657393024,0.7785374283597631,0.4824679501483536
139.8,0.163811020887019,0.797466669549216,0.22261641818075428,0.7805037455433101,0.48309701099674335
139.85,0.16470914164855427,0.7915371216065259,0.22245947963015408,0.7734697657985964,0.476092929687513
139.9,0.16689864316864797,0.7904805367452618,0.22854510740154335,0.7677225496356678,0.47863085722753174
139.95000000000002,0.17050597895348577,0.7837075168000005,0.2359135105143512,0.7555640364328822,0.49177869444834527
140.0,0.17860429623361287,0.7852669277304679,0.23748001508602506,0.7475901161143524,0.4903528889056538
140.05,0.18370085513572762,0.7789651451774527,0.24176095778657364,0.7485588557451985,0.4976130474458434
140.1,0.18859821805309657,0.7871143334558052,0.251614820089656,0.7526657074449395,0.49957405690561363
140.15,0.19140930851897908,0.7875967048715514,0.2634339159703449,0.7465599475788045,0.5069937675159406
140.20000000000002,0.19818666064619064,0.7732591282261267,0.2767436533618719,0.7411411998722415,0.5156651593501372
140.25,0.19710946591623224,0.7666072100501841,0.2872029082612546,0.7272389871753215,0.5035158551602271
140.3,0.2063317582051337,0.7634986342930857,0.29212317405309896,0.7215012028403697,0.48857976832187416
140.35,0.2151138521387648,0.7707085186277415,0.30312931347683675,0.7230913976139043,0.48472000971966217
140.4,0.2260199642028298,0.7776948705136412,0.30348758507646956,0.7117644507777018,0.47754157689032567
140.45000000000002,0.22829688030935494,0.7672374565978415,0.3013245706339574,0.7165383440876669,0.4678307777016261
140.5,0.2339713359091245,0.7650862245687421,0.30433616287819815,0.7127109147509001,0.47336630776081595
140.55,0.24070969986823318,0.7563079897591618,0.30619367138589715,0.7062407469500808,0.4743857986885163
140.6,0.24371788502754882,0.753944875101588,0.308058431938841,0.7086622022618472,0.4742658392507949
140.65,0.24673654802419656,0.7562903602311447,0.3025667293196235,0.702523603422134,0.4769654273929849
140.70000000000002,0.24508373842617037,0.7512137224877119,0.29592476050465616,0.7020119028589725,0.46861829642790875
140.75,0.24195485279650628,0.752859484694825,0.29414999737617115,0.7008437043671959,0.4758355987294405
140.8,0.24611241051690202,0.7464755248833276,0.2842160076660212,0.7043105293727009,0.472732403940298
140.85,0.24722412083408696,0.7420163118822528,0.28471434065551326,0.7087544956373921,0.4744976471911949
140.9,0.24773598507285458,0.7336938994915371,0.2751455232741634,0.707674540566193,0.4706224549178598
140.95000000000002,0.24599489248127973,0.7366859910087583,0.27260451787507906,0.7113417337050449,0.4669951639431333
141.0,0.24226574342254018,0.725353649930617,0.269321773475116,0.7205285018014598,0.47101429762135344
141.05,0.2430853072251503,0.7273285905650649,0.27436451821345104,0.71964558063379,0.48602318991677934
141.1,0.24265281455273244,0.7350776154249754,0.28431113021356247,0.7204384029934148,0.49056873422466735
141.15,0.24252313384645274,0.7457680539523814,0.28129324453758164,0.7313514219473872,0.48666322782461635
141.20000000000002,0.24434376535121266,0.7576311866687513,0.27367807288377155,0.729158532264174,0.4968962758860088
141.25,0.24336175593338796,0.755537908083847,0.26398688217722505,0.7303531660740153,0.49198098295778325
141.3,0.2436570988814825,0.751963121544571,0.26467063964836346,0.7214918973934655,0.49520601347205734
141.35,0.2524584169296708,0.7574941455938036,0.26849429968340244,0.728554794139387,0.4928820103685055
141.4,0.25748880182341327,0.7494480625609697,0.2812290172744627,0.7412762278301823,0.4885041649907932
141.45000000000002,0.25718890286602963,0.7554058780301212,0.2916173124096881,0.7381670188680326,0.5027349224898853
141.5,0.2557119405078403,0.7588992312505873,0.30355363338454805,0.7397458962716889,0.5031767737834548
141.55,0.257007189151537,0.7725390799141049,0.3109354160726755,0.7426250935330605,0.5166693790827928
141.6,0.25335443065335056,0.7755862514939298,0.3176163472843287,0.7488479140741225,0.5316109834671755
141.65,0.2535184459604038,0.7805433618848255,0.32115904964325187,0.7602382243225401,0.5364025199705725
141.70000000000002,0.2530830722028671,0.8002732178915835,0.3103951855820305,0.7601993186414877,0.5364296180905069
141.75,0.2461669872919621,0.7998437483553665,0.30547823235799015,0.7594416136361984,0.5407097905432953
141.8,0.2342902193354303,0.7930044067129677,0.29602486537336437,0.762619708477663,0.5318336864456378
141.85,0.229863735549723,0.7980098357563992,0.28864448857296754,0.75531629507655,0.5247201989582588
141.9,0.2323864404280412,0.7846861608325345,0.2858358321966283,0.7496110031500635,0.5145283603812181
141.95000000000002,0.23176459092460674,0.786859577360433,0.2913363583462774,0.7398419513194378,0.5085247859746296
142.0,0.22511854488030955,0.7773101032257528,0.3069388336576012,0.7404911332698251,0.5091663230943885
142.05,0.22536039212767106,0.7906580158910977,0.31869965425972124,0.7347251702650421,0.5176237884239278
142.1,0.22325765600477754,0.8156907045497745,0.3272660293233038,0.7531055379278737,0.5216065422511393
142.15,0.22073173848496405,0.8297926544635191,0.3289907622495038,0.7738936994649732,0.5295759905793752
142.20000000000002,0.2131258144040983,0.8432911304967521,0.334575825592867,0.7827040051523165,0.5421961838815038
142.25,0.20238858895240056,0.8454478478571835,0.3395287906172047,0.7822376848522625,0.557007633975796
142.3,0.2027280761364121,0.8303783284387326,0.34271864049743195,0.7896181351967565,0.5579377800923853
142.35,0.1980481668399221,0.8325422629801222,0.33833537154157917,0.7866718528123484,0.5613689018254931
142.4,0.20020679576794082,0.8198126527767042,0.32031544622641767,0.7820458943145782,0.5560897317108573
142.45000000000002,0.19108672879683877,0.8104236815192101,0.29842364536625315,0.7656846644813048,0.5583839444359778
142.5,0.1884095693493425,0.8068518529384788,0.2820441874896242,0.7399497039124887,0.54891094972402
142.55,0.17817909284777803,0.8005590579971721,0.25843383216068694,0.7251029096331935,0.5209959314983417
142.6,0.17732527428101677,0.7967802619399578,0.23314353288276995,0.7052080786200612,0.508991532311848
142.65,0.17914287045933822,0.7932222021108853,0.2084337065593474,0.6944850617052194,0.48466625810393105
142.70000000000002,0.177557935960035,0.7880397307041909,0.18903907676327253,0.6912957105838521,0.4571566639335558
142.75,0.17181395606847844,0.7810835395035881,0.1695495962338367,0.6750021946887891,0.436218519947446
142.8,0.16217282195582358,0.7630971394037586,0.14509191324830062,0.6640566400684215,0.41947645226145575
142.85,0.15155530579777066,0.753068370825769,0.12924434310561014,0.6577678830009761,0.40870944236189977
142.9,0.15117805458476802,0.7449597508946136,0.11771967744235762,0.6539927240551122,0.3858697651929847
142.95000000000002,0.1477976667766723,0.7411324184640528,0.11203800286932768,0.6514593617089853,0.37457720615321294
143.0,0.14223516503147293,0.7477871031813091,0.10443049461026464,0.6445761020498598,0.3742601099543301
143.05,0.1348707160748756,0.7444824958580054,0.09995591603629748,0.6506575151890882,0.37050653324323224
143.1,0.13853016617957375,0.7475553004205231,0.08783548372245828,0.6411610534093405,0.36815757863242643
143.15,0.13285107397016144,0.7584499768691262,0.0797600797092417,0.6363888424475469,0.3695272208415334
143.20000000000002,0.1311115595770822,0.7544772781103766,0.06851580626337586,0.6299884330391452,0.3582436024430134
143.25,0.1283202570823096,0.7585202283520696,0.059382307797747405,0.6218953738241527,0.3583615244673941
143.3,0.12332116800570109,0.7528018139377626,0.0596855885064777,0.6295102480467135,0.3544629883765236
143.35,0.12269046386601618,0.7525489369551303,0.052792726494665994,0.6194649435481511,0.3561320186904884
143.4,0.12049207828998755,0.7488509857721541,0.04793641351584444,0.6076444758700116,0.3591856366168968
143.45000000000002,0.11627494460951503,0.7393578313805216,0.04616467477973221,0.6139087446474918,0.36631132531355387
143.5,0.11442316090259362,0.7506138541283921,0.04393275407761706,0.6064598029695835,0.3610366450406772
143.55,0.1114241841324036,0.7546162178409462,0.044020887376586396,0.6093873378699624,0.3620362086089553
143.6,0.11305430709318245,0.7563937936677952,0.040580224852110304,0.6158743817300517,0.3757774752945408
143.65,0.11613433712561903,0.7509284786413242,0.037588955524988324,0.6280424499618509,0.3706173729679022
143.70000000000002,0.1158752783494704,0.7646398965087495,0.03432919395958223,0.6191575245456865,0.36645513471240715
143.75,0.11207615701889455,0.7674335789273558,0.03235104942457271,0.6252516431856785,0.3677295796626057
143.8,0.11515537285188364,0.7644339333032051,0.03694688229207639,0.6186399554561299,0.36403045881809165
143.85,0.11751449215388067,0.7602141919090266,0.0358728207177178,0.6083837906455389,0.35904428132941635
143.9,0.1201586621168942,0.7723641144588298,0.03859401624281284,0.6137546762681259,0.3556301209248841
143.95000000000002,0.11524027449861392,0.7731676511429284,0.04416576885240104,0.6173579145142664,0.3527634772042995
144.0,0.11899321319628446,0.7790398866611761,0.05156093489307507,0.6155579045761346,0.3618928491120798
144.05,0.11474831068033711,0.772772234521943,0.04924969310307638,0.6166662587239291,0.3586355240559504
144.1,0.11501022933387077,0.7701005431237476,0.0595582380252322,0.6069046346699392,0.38411481210289505
144.15,0.1148351387698366,0.7754540725385272,0.06420214621564325,0.6091664171802664,0.3786679598017387
144.20000000000002,0.11666888007981703,0.7781205804153366,0.06884782405685995,0.6129035437415788,0.3756312664697438
144.25,0.11841346591506194,0.7824565899079755,0.0814643867051313,0.606152330071887,0.3699957293689448
144.3,0.12360443597712989,0.7784974313415609,0.09020911157937996,0.6085215128035792,0.36280276994442917
144.35,0.1311364743292392,0.7676146579176013,0.09350225651658087,0.6129081648150783,0.3551465099405339
144.4,0.13936476733233172,0.7655502498910394,0.10343037996529493,0.6057836026900612,0.3515727667683802
144.45000000000002,0.1431510430874555,0.7510232894154817,0.11070070139383528,0.6134535609814782,0.35281330739892164
144.5,0.1514004260429473,0.7429613956552708,0.11320745538813415,0.6089328887717229,0.3334202716064633
144.55,0.1595615840781995,0.740870447104708,0.12020675272321721,0.5997903444906341,0.31458268627465913
144.6,0.16201665654833367,0.7312865687698613,0.13348914673162027,0.599220163457011,0.30891582461627226
144.65,0.16570046710505293,0.7272199998051463,0.13735738959001556,0.6018853810630858,0.2867680060863581
144.70000000000002,0.17290140346405206,0.7280279325583622,0.14982822931512327,0.5977362546977601,0.2625322942964654
144.75,0.17783694422873153,0.7299748297854236,0.14730851825560082,0.5964608853995721,0.24521573769639116
144.8,0.18454550845261286,0.7251269754821268,0.15343492426088798,0.5999498475897141,0.23647889620066398
144.85,0.18271398241836614,0.726964076025098,0.155281074956738,0.5928458929172993,0.23330806971305892
144.9,0.19182751288890892,0.724690963836348,0.16504061410339832,0.5957465940544546,0.23111834762619526
144.95000000000002,0.1938032331664731,0.7242376530202556,0.17076106548296927,0.5977823116103862,0.23336646345612438
145.0,0.19105967910563337,0.7108051705319276,0.18954046697665727,0.604787121702759,0.24090797720015608
145.05,0.19506207419765173,0.7040080446270269,0.2000361293824808,0.5902647447055047,0.23161486497674835
145.1,0.20162922066597258,0.7020505047679859,0.2081773991761824,0.58092409463468,0.22343828946916686
145.15,0.20799776049981147,0.6862407580862036,0.21303870506167144,0.5789014717486874,0.20337235480883376
145.20000000000002,0.21571385436574095,0.6801479064230859,0.22171126081812575,0.5825314115506005,0.1771778282870102
145.25,0.21815569911174454,0.6758214271335676,0.21732700815192754,0.5805426577898121,0.16540607718575268
145.3,0.22983225086983627,0.6651686517992201,0.22032659279450045,0.5838394444130517,0.1616951576335692
145.35,0.234845936778737,0.6537885828134058,0.21640941789991874,0.5836149073644306,0.18019491955615116
145.4,0.23828202039953894,0.6370042578297355,0.2208931170008261,0.5764185167716447,0.17047971759761105
145.45000000000002,0.24032723847944207,0.6421674835608281,0.23207946026820145,0.5771797418981927,0.1630768412205273
145.5,0.2448435952402628,0.6372094608370512,0.23887022542373956,0.5751261913351791,0.15932168966463361
145.55,0.25641889527991957,0.635254379969458,0.2490675318579152,0.5727669487581485,0.16317159861979227
145.6,0.2604381347670512,0.6290618634103613,0.26374549147034493,0.5614585280417416,0.15612252214569633
145.65,0.2720598863735521,0.6115109650409356,0.2749408353644353,0.5568681592626287,0.14961192069410573
145.70000000000002,0.272072923340108,0.6095929267106484,0.27256040635112705,0.5476992965424997,0.15938609229556155
145.75,0.26911868324791266,0.6163698332244973,0.27105491650945895,0.5449478706806581,0.15658996244277323
145.8,0.2706776827597811,0.6055772640272428,0.27312899620060155,0.5423735804275568,0.16327037545059725
145.85,0.28121314669059205,0.6080309912633084,0.2813075067320887,0.5424832785269806,0.16578468401998273
145.9,0.28166778937563236,0.6083230670306824,0.2863888650416958,0.5424229310322534,0.17588028749927945
145.95000000000002,0.28665428902984985,0.6090138504791941,0.29468079808429043,0.5376453054578872,0.18054189127732512
146.0,0.2797157695118188,0.6070659410151997,0.2973289587439121,0.5304645564043466,0.18331080747636985
146.05,0.27716971835056686,0.6024121896151797,0.29288084730287683,0.5292574622411265,0.1857342125809978
146.1,0.2764462558030274,0.5932688366738664,0.2937837387765769,0.5256459797774669,0.1832178846028365
146.15,0.28378603070292857,0.5908106844579569,0.3001612457426696,0.522335317201816,0.20597834551811944
146.20000000000002,0.2822993338821567,0.58148991381224,0.30661332408345676,0.5249686923430722,0.24059846437056281
146.25,0.28321120361686297,0.5838032194832862,0.2941829522544275,0.5282493044824524,0.2688490366212306
146.3,0.27703741209174165,0.5760125191719327,0.2782522623195687,0.5220403675875271,0.2880354351072758
146.35,0.2864270299954002,0.5654913184350724,0.27309734152432363,0.5191313056818834,0.2907583516585928
146.4,0.28550730114619605,0.5685171823406153,0.27477813680535973,0.5153279811780256,0.2902388951851888
146.45000000000002,0.2832259663057263,0.5621250995930968,0.27241123674608836,0.5185482228787277,0.30089583593105346
146.5,0.2892608782846977,0.5727858608648908,0.26945251208240717,0.5196059176403451,0.2906421399643826
146.55,0.28863266181346275,0.5646994407705161,0.28220814018568957,0.5228765512646022,0.2845317937913551
146.6,0.289013927624058,0.568894631422084,0.29350153330224116,0.513744947139359,0.2753929210858125
146.65,0.29244148969710393,0.5644354036579995,0.3111000495332747,0.5113908239434123,0.2640372446971125
146.70000000000002,0.28811110842266974,0.5660215365924801,0.3107793972141257,0.5137082453819172,0.26000229425697075
146.75,0.29014034605021144,0.566227749210775,0.3211107393505102,0.5148658739961464,0.2637903528279296
146.8,0.2973693926553166,0.5674798940892589,0.30891049255574715,0.5004976432968343,0.28000935505159735
146.85,0.2896385443607486,0.5596022134433432,0.2907432067381751,0.5008849942472934,0.2955382273016878
146.9,0.27847298599535675,0.5593640715035558,0.283577369714785,0.5028744101624599,0.29694153916660027
146.95000000000002,0.27156438359958,0.5532106793037793,0.2788097677975667,0.5045264083760792,0.31308637780681176
147.0,0.2656611708145288,0.5445060820809243,0.2772359624042164,0.5065250485582026,0.3213863904518938
147.05,0.2660681096578999,0.5497755367696961,0.27622317865171864,0.503651180655506,0.31967222004553153
147.1,0.26890553307948273,0.543695477444853,0.28325640434977917,0.49788136461355315,0.3233078811474114
147.15,0.25741549466673513,0.5350139242393906,0.2814118369998564,0.4932119660694246,0.33525147553399337
147.20000000000002,0.25788611528259764,0.5394222112053858,0.2802905570060143,0.49162882101802313,0.3312267540414324
147.25,0.24902825538612408,0.5392425148110129,0.27522271145804245,0.49460567427722907,0.3271798449652212
147.3,0.254197650633732,0.5390399313229144,0.2723435645250126,0.4984761645693265,0.33516427056089093
147.35,0.24459369447898477,0.5461162822044242,0.2740058390443069,0.49286647490897295,0.3390519741821828
147.4,0.23827407031315087,0.5446487973778628,0.2794759580197146,0.49551923331234077,0.3530732216296686
147.45000000000002,0.23300287645470616,0.5508892941597036,0.2869854694580366,0.48938492382929616,0.3643972123562592
147.5,0.22736653904188056,0.5471138230553703,0.29022314275572997,0.4936569353708866,0.3643757590667462
147.55,0.22450844037344658,0.5502897448286955,0.2947156157851888,0.4839627940404382,0.3656270251708979
147.6,0.2055536242545729,0.5510932861133125,0.2934821768783378,0.4819269356174367,0.35921661657189874
147.65,0.19896923973318337,0.5511496211138704,0.29418155439393273,0.4744239680197089,0.35754326491069677
147.70000000000002,0.18969566215928113,0.5496642567639909,0.28565042159819765,0.4646034533152309,0.3608037841451449
147.75,0.18859109201912466,0.5416474256875038,0.2730593669737148,0.4609072247903654,0.36139992398489656
147.8,0.18822864240020018,0.538601071793678,0.25123751321035825,0.4617526159342748,0.37552525085030397
147.85,0.19652847722689176,0.5457568710187903,0.2429807046052711,0.45373108782679616,0.3776518052133075
147.9,0.20586667917249754,0.5476627458514151,0.22519766588470116,0.45133931623066254,0.3839348538504746
147.95000000000002,0.18984601872922072,0.53618171301438,0.2112775906218248,0.449007572045891,0.3877285831255749
148.0,0.181357131287517,0.5362714512533768,0.19766894538250013,0.4479587035042924,0.3973252356633084
148.05,0.1834706438698659,0.5289312759626681,0.20073018472629545,0.44433128919724346,0.39936624825317796
148.1,0.1853876426365256,0.5240522168623715,0.20429373428358366,0.4454618429852068,0.398062647715013
148.15,0.19107714458166275,0.5054497980594691,0.20250473694945487,0.4493949152938299,0.4116635491569372
148.20000000000002,0.1894339866627157,0.5139227843180707,0.18368847618939513,0.4391627137525777,0.40984700529566725
148.25,0.18521670989229033,0.5048768297708508,0.16487000072933874,0.4413200559433415,0.4192296102509546
148.3,0.17695812346929224,0.5131168152945748,0.15394262410457493,0.4359323328211629,0.43227937877735395
148.35,0.17298952597356484,0.5073531371963669,0.14439618326881318,0.43036699561948294,0.4362930449367574
148.4,0.1602060284190583,0.5015947708762011,0.13182785563402205,0.4247688923582393,0.44383019625047937
148.45000000000002,0.15107724790790233,0.4812538163464564,0.11408792115895094,0.4223532255188082,0.4536758894937267
148.5,0.14374162637876678,0.47339363034193493,0.10429885976078557,0.40984612449643787,0.4560157898472412
148.55,0.1326684747723561,0.45983206268743815,0.10433211595142704,0.41022606997037375,0.458143346469064
148.6,0.12189479860193374,0.4657955713387767,0.10508986528268163,0.400988627293202,0.469285107748922
148.65,0.10820846280639265,0.45523345354785916,0.10470330211008878,0.3895009831585172,0.474061151057296
148.70000000000002,0.09933498471890657,0.45629662955877015,0.09843350201501916,0.39860515879537234,0.480566674540817
148.75,0.10136679430029115,0.4610688574923035,0.10311854399933484,0.4150314807351275,0.47875608142322107
148.8,0.08418464790347274,0.4695497873522688,0.10330602043013225,0.40460995580769954,0.4802266795088802
148.85,0.07007189983623525,0.47774551739498156,0.09498493972088268,0.4026356820888113,0.4817410143655033
148.9,0.06042720573035844,0.49387618620955254,0.09131186607942321,0.4010167241825583,0.49418297780568465
148.95000000000002,0.05852278947350406,0.5031255385963271,0.08230440562852204,0.4013823484439627,0.49046168874704693
149.0,0.0518619142251458,0.507982665539613,0.08087085379414133,0.41135052648366743,0.5120784431011959
149.05,0.0457189925870592,0.5109570573998251,0.08078960966775119,0.4117870976661418,0.5197417062979015
149.1,0.0482349501034682,0.524216342539188,0.08681489532299527,0.4213408450377717,0.5250571113096486
149.15,0.03564594893150573,0.5314053091277088,0.08622801746788085,0.4222717667078478,0.5138576149796797
149.20000000000002,0.030347614932566675,0.5375722002990054,0.08034089101996823,0.44046951146428065,0.5038711868325438
149.25,0.030983533164787906,0.547597208249897,0.07638877645243813,0.43986152252043564,0.5119492675456315
149.3,0.024776728544975216,0.5560958909527628,0.07240945491973173,0.4448297091583469,0.5100696570240538
149.35,0.022826877488975397,0.563020119376047,0.07358378505220929,0.44511499357617806,0.5138501013924871
149.4,0.023468181857320778,0.5624558704137365,0.07601580091223642,0.4491642581423143,0.5160610696780651
149.45000000000002,0.020282149997868714,0.5695350267785402,0.07454306805995596,0.4534484074889451,0.5216186361439885
149.5,0.010542215304413417,0.5716031012550921,0.07532977137044428,0.45403950369102924,0.5162107679538099
149.55,0.01128657905018466,0.5697542285515036,0.08324593611156886,0.4573119173538935,0.5117945187293765
149.6,0.018578194355821954,0.5734577034816833,0.08286367754046543,0.4579933009496568,0.49400465090665185
149.65,0.023009215577289032,0.5675662504778057,0.09337070491206347,0.44964452945897165,0.4916526286419922
149.70000000000002,0.022714307619749692,0.5708617228567197,0.10210214222195237,0.4503981787439244,0.5048237310634407
149.75,0.02671112118558611,0.5686501153018739,0.10275551812144054,0.4467039052531192,0.49817737702118897
149.8,0.03257196801034133,0.5631774365511325,0.10514429966003418,0.44628426200890464,0.5002244318252674
149.85,0.04769914396212685,0.5655278143314597,0.10844333342422822,0.4419120256684139,0.4952072374506672
149.9,0.046060300757402264,0.5595559550500225,0.11052738536798053,0.43467922164169104,0.5008902122829214
149.95000000000002,0.05053480062982479,0.5573125526150403,0.11932196485730825,0.43689801454610555,0.5066310735345338
150.0,0.055690900540667616,0.548982357536164,0.12346262394086199,0.4243220568455638,0.510160071138142
150.05,0.05989882739689128,0.5480391417376014,0.12203095643978673,0.4226619076002328,0.5144075490066384
150.1,0.06637468395585334,0.5482071813547226,0.13019968660516626,0.4260919105325377,0.5154520961329973
150.15,0.07827352861407366,0.5471388415557589,0.145158867782164,0.4174734575591219,0.5130839243425145
150.20000000000002,0.08320123845971379,0.5586726513560308,0.15573424246908227,0.414773456288492,0.528186620519402
150.25,0.09279979798951522,0.5495392447893632,0.16479544868849558,0.4144114087354658,0.5291623461452072
150.3,0.10465078779814539,0.5441636820074331,0.16757462774924806,0.42236254819188107,0.5396921096391498
150.35,0.11390745230949537,0.5395539064288354,0.16995549387125353,0.42674401939997975,0.5497351497544707
150.4,0.11983126685422205,0.545936597230663,0.1752024203772028,0.42007898588802234,0.5557477598182371
150.45000000000002,0.12280417751634366,0.5352658897798069,0.1749334321339411,0.4128561682486756,0.5576829737530952
150.5,0.12596317314975783,0.5372276369992817,0.17571763828186288,0.40963387093911485,0.5537585450642082
150.55,0.13083995924511385,0.5421540183801041,0.1842800928194523,0.4040032500191205,0.5607432087369858
150.6,0.13050525702150553,0.5383489811959186,0.18721123997539688,0.40663293662825134,0.562001347569078
150.65,0.1287698548202683,0.5351294796601359,0.19348924626465866,0.4035053183686062,0.5639339098486114
150.70000000000002,0.12281557372856688,0.5386949735083764,0.19824368020294972,0.39387469071705933,0.5675875636764581
150.75,0.12121841059901539,0.5363271271752422,0.19459421308323768,0.388323434450171,0.5794389187564617
150.8,0.13348855883098956,0.5365183307330681,0.1953978838152803,0.38868365217089557,0.5829463606285246
150.85,0.13477184065166964,0.5365143619066337,0.20323841748496294,0.40004876474844236,0.587063477547401
150.9,0.1446177612128053,0.5293519742665778,0.21401350497484456,0.3994263037361625,0.5813345551450549
150.95000000000002,0.14971192647395415,0.521464038147455,0.22303055631527247,0.40094810518180385,0.5956614795902759
151.0,0.1503590378760634,0.530203538735596,0.22238456899865994,0.3986772065411509,0.6046786737481465
151.05,0.15094477525478675,0.5265517126618676,0.22420092153410273,0.4058092421941504,0.5991367626158508
151.1,0.14320485954168116,0.5297848012619049,0.22934223075146506,0.4035526026298962,0.5885389128773376
151.15,0.1475395333206043,0.5211671083676676,0.23234156820027768,0.40899158741598163,0.5875340441445843
151.20000000000002,0.1502067761133229,0.5198467133585276,0.2209438174350676,0.4002869010914974,0.5969314193243572
151.25,0.158981924296949,0.5158367270080733,0.22637025659974933,0.40864952198229165,0.593175190978034
151.3,0.1661912254870898,0.5137043609198526,0.22858169826359284,0.4017871453777573,0.5936678110508845
151.35,0.1723966966430797,0.5058114247372816,0.22312795016288867,0.4012911331932445,0.5984666511360452
151.4,0.18306563186509334,0.5102264561722006,0.23001716813657358,0.40743038094864287,0.5918018162286109
151.45000000000002,0.18003974462541278,0.5064476928924766,0.2321446394810349,0.41189419846075104,0.5837443213190245
151.5,0.18317584395754585,0.5016367362938308,0.2187476092372737,0.4209038546865353,0.5875348506328985
151.55,0.18590213423309365,0.5073194316663655,0.2187449519727808,0.41597891638511836,0.5783026458991497
151.6,0.18500296324200097,0.5061050734887661,0.21245678658901457,0.40631841844186345,0.568122577253104
151.65,0.17587134967272122,0.4930685416422526,0.2134474105802122,0.4139573012145916,0.5693439097351225
151.70000000000002,0.1682813577202237,0.48996743221626776,0.21700108248603775,0.40700366952154615,0.5700012152875401
151.75,0.15966476169124655,0.4885020002244596,0.2169949284570806,0.4069901200867274,0.566358456185372
151.8,0.1612406349874945,0.4916572891632333,0.22237330266134306,0.40967602507885775,0.5635909529205488
151.85,0.15541533398137225,0.4770770436277672,0.21680904175415905,0.40423125215843,0.5660556961711303
151.9,0.16916546175617278,0.4850071338472575,0.22381842393752305,0.4000821661660735,0.5746549200459107
151.95000000000002,0.18398925042021028,0.4739436455316235,0.21504583925904597,0.39910930245171683,0.5640799841058253
152.0,0.18972509069759141,0.4716978577256471,0.21932640702375855,0.40289520234747295,0.5569702392346615
152.05,0.19838665116284776,0.4698736479080077,0.21739696177614806,0.39680712481734814,0.555446527907058
152.1,0.20245878364738631,0.46113950079167026,0.2179284382493494,0.4085400095025646,0.5489437639774809
152.15,0.19504754775713865,0.45344399430035187,0.2076966733036123,0.3984832269836209,0.5480372560698852
152.20000000000002,0.18538537858889462,0.4517895377488174,0.21187244133839772,0.4080600213216736,0.5438141611414472
152.25,0.18370013687156833,0.442670933978072,0.2053231986409367,0.4031289110126829,0.5474835832685884
152.3,0.16960548272484954,0.4485846765076732,0.19572328978690043,0.4111409693028282,0.5513040366818691
152.35,0.1604911943769488,0.4544072491415643,0.20292634938809484,0.40671384881114814,0.5415908547327719
152.4,0.16718063815386272,0.45432202421227863,0.20894252575992223,0.4095315986115612,0.5352799814986411
152.45000000000002,0.1684093331233877,0.4604458067911429,0.20413169457896158,0.4022766513979721,0.535156856016658
152.5,0.15851629857287333,0.45098324996485134,0.20641491204227025,0.42598043381636425,0.5308341781242589
152.55,0.162715134793334,0.4592644034283269,0.20412134668979134,0.4154142922154667,0.5301780297968051
152.6,0.15830860375754213,0.4703152598863667,0.20776201115521165,0.4216555810947074,0.5271739273212855
152.65,0.15246196406973897,0.469512006506938,0.21114543305387876,0.4310620172566546,0.5277791285846336
152.70000000000002,0.14966121642224672,0.46632474866003804,0.20877785425157508,0.42827669979340527,0.5280160734015549
152.75,0.14436767193923983,0.470731277915029,0.21483374339296918,0.426706255163061,0.5120119012853214
152.8,0.13151976565856105,0.46639415077653135,0.21647268120830562,0.43652360986618377,0.5131596086527883
152.85,0.12141696014419133,0.4579195946045348,0.21320120824293728,0.4275858245511148,0.5112843618457075
152.9,0.10880440653700806,0.4598679284004177,0.2191614756798746,0.4274770583108597,0.504145157573943
152.95000000000002,0.10695205359205642,0.4630018188989115,0.20959238830069235,0.42371998583939136,0.5007542183334025
153.0,0.10574610433311968,0.46542884324958417,0.2083078238561748,0.43050516063506233,0.4890424402709934
153.05,0.10518737621002866,0.46736861893130344,0.21989078138387483,0.4295475830661606,0.487657884270601
153.1,0.09268574023060255,0.472389331392375,0.2207876513525332,0.44111886746788814,0.4884913874521528
153.15,0.08909288619135869,0.4724281404094865,0.2222085305359316,0.42698791763403854,0.4921873681767468
153.20000000000002,0.08811105183292658,0.47345680611995233,0.2324829694367873,0.4366015110692848,0.4900995022403082
153.25,0.08533568051176792,0.47869567858858186,0.2378606777134394,0.4255295751402545,0.502013421732476
153.3,0.08011860782688675,0.47450448173624893,0.24148692554346873,0.423752959342195,0.5116939611814472
153.35,0.07774177730186314,0.4816593870322073,0.23849425708265423,0.4257942344704503,0.5228589217020232
153.4,0.08089335988738605,0.47414377571727645,0.23310174777791748,0.4214047348157436,0.5216064397210732
153.45000000000002,0.08530574947386628,0.4730623184844117,0.23546457917610353,0.42517987399770063,0.5163913436022408
153.5,0.08504315239372588,0.4780181948531627,0.24065061508798455,0.42842285454311224,0.507108271315894
153.55,0.08985331198503604,0.48087802952580816,0.24348704505555002,0.43897769083350446,0.5109384046017182
153.60000000000002,0.07785537756827385,0.47840518244531866,0.251672175690873,0.43134518128656857,0.5041547712275153
153.65,0.08013651057472561,0.47699158140980563,0.25822703125070384,0.43872527483986967,0.492640270466781
153.70000000000002,0.08035467054299059,0.4817312928898421,0.2662751022835046,0.4215741367193497,0.4940058782965053
153.75,0.0687777959157942,0.48646840697426796,0.26788849528628417,0.4219208320556613,0.506172126696396
153.8,0.06984064151893135,0.4781803253340862,0.26627346620615316,0.41650518798013847,0.5167174266173086
153.85000000000002,0.07132608593039098,0.48329366638238086,0.2680989117105397,0.41747055738843936,0.5272904123856975
153.9,0.07056068621423557,0.4834821458888186,0.2712373166381001,0.42045090612393016,0.5298832419477048
153.95000000000002,0.0722426895668239,0.4863842315401877,0.2714320982888742,0.4239661269243435,0.528795640699279
154.0,0.0688376895682595,0.489871884551325,0.2697399240495263,0.4345264744013473,0.5445666562903387
154.05,0.07507319234246289,0.4905393688779418,0.2700371073614021,0.42891521741923405,0.5366770875696738
154.10000000000002,0.0847687144391649,0.4950632093964446,0.27254622544440316,0.43004858207394225,0.542193435552168
154.15,0.08300089177545526,0.5103073007539894,0.26763460429399216,0.4286910276283256,0.5434109782467786
154.20000000000002,0.073951540809236,0.5130284129655012,0.2676918385351108,0.431266225070559,0.5570310591775369
154.25,0.07884301843573617,0.5159141367737502,0.26991567376046605,0.43710385004858826,0.5503698000885318
154.3,0.08388257142472923,0.5129971166924825,0.27402932848826855,0.4459288070458218,0.5451110153482083
154.35000000000002,0.08345550132020323,0.5208408533237682,0.27912942071456764,0.4416495501269819,0.5474967455498975
154.4,0.08398013461712758,0.5187865254937718,0.2872223225902971,0.44398406768265203,0.5471902401819746
154.45000000000002,0.08522137967712481,0.5319254869464007,0.2858935055628252,0.44473933823294254,0.5325413631938894
154.5,0.08233988426201982,0.5328678882530116,0.28011391940536073,0.4497096752172073,0.5485613543595723
154.55,0.08870734303199401,0.5322577069242284,0.27796926758347523,0.46018641607913463,0.5524663936466062
154.60000000000002,0.09294424426525333,0.535158653065202,0.2719596175315478,0.45229590107522744,0.548370905547785
154.65,0.09708671582626567,0.539409568506693,0.2709871245750315,0.4533890642563799,0.5397248718796449
154.70000000000002,0.10001799856611707,0.548014378977019,0.27562189187874764,0.4699178645794912,0.5296765295544551
154.75,0.10238755040401365,0.5659306892153599,0.28733739233251737,0.479904705082986,0.5266742972421803
154.8,0.10006309063065245,0.5886726345957505,0.29447505011936426,0.5055454887283257,0.5307527860251834
154.85000000000002,0.09770428965937376,0.5984280771051781,0.29529743782536644,0.5188497978361973,0.5277309182678586
154.9,0.09084358414414354,0.6013286381466892,0.28909904955431737,0.5250137155071402,0.5265803119401403
154.95000000000002,0.08512743688994999,0.6054738503275435,0.29515370413169867,0.5259256818405923,0.5282594214181103
155.0,0.09081329488361115,0.6110023818477792,0.289709914600079,0.5246017920316703,0.5448155573034081
155.05,0.09337652894314266,0.6138143693800141,0.2836806457780234,0.5392312634059672,0.5483140191108933
155.10000000000002,0.08953059337351639,0.6150970238608504,0.2810750695144444,0.5599779524342706,0.557018458448714
155.15,0.0934790428939512,0.6152799405622973,0.2780592627536586,0.5804130112402426,0.5621983145208129
155.20000000000002,0.10516757584004828,0.6278929436950141,0.2690685440495461,0.5741182552758108,0.5665956308658128
155.25,0.11036427624664967,0.619795015399327,0.26016981159526126,0.5737665232895752,0.5765151774318393
155.3,0.1182615929952124,0.6248795727210379,0.24796117098979098,0.5748563304620355,0.5807181255102113
155.35000000000002,0.11859912931628849,0.6162020019251762,0.24004122361225722,0.5682178070288505,0.5743332301145367
155.4,0.12545271035668337,0.6176755913425519,0.2362538708216348,0.5793891611531137,0.5817220361222625
155.45000000000002,0.12639755393790872,0.6155365264654201,0.2352971473641045,0.5772905512564136,0.5937000470212868
155.5,0.13354095248741168,0.6135287428847914,0.22911885112861444,0.5749098946137996,0.5931527795022469
155.55,0.13071907809128633,0.6099437078854753,0.22641663923500172,0.5652136482286932,0.5905712934606294
155.60000000000002,0.13328969229182352,0.6004420852971919,0.2120296410327055,0.5542633909096543,0.5874729050560504
155.65,0.134212105655885,0.5980137212843172,0.1978901508978977,0.5548711851710391,0.5907943112979329
155.70000000000002,0.12884944127540596,0.6003760674006057,0.19633180932619534,0.5432577012100663,0.5794592836391131
155.75,0.12295682929735678,0.5964409901451752,0.19089126861732847,0.54115568123953,0.5781586596164316
155.8,0.13079450418336966,0.5931605925068852,0.1843970856137331,0.5377736696882861,0.5819544706954894
155.85000000000002,0.1337281247881393,0.6007667283589672,0.16834055454730795,0.529698753754028,0.5885197273455592
155.9,0.13335014159761893,0.5942326131849532,0.16358623390749905,0.5254116976791415,0.5885915250482049
155.95000000000002,0.1341125249266222,0.5840146515015664,0.1561942092900046,0.5299865415217497,0.6053218730862584
156.0,0.14788926740923838,0.5862021426073187,0.1483953591316239,0.5244864797320777,0.6074569021878995
156.05,0.15369705067899914,0.5881988210137193,0.14335406808633694,0.5108508641234784,0.6127469375158846
156.10000000000002,0.15632321820200126,0.5803266106795745,0.13790622643084363,0.5144373989162131,0.6105741542022404
156.15,0.16101931026301125,0.5814430285786147,0.134297600695459,0.5228386253713767,0.6097756811304655
156.20000000000002,0.16491183658185102,0.5857304964790452,0.13121635329700954,0.5294384502479579,0.6137593118787881
156.25,0.17082255096151816,0.5898162843308388,0.13169840886420556,0.5290098820133905,0.6060241385573755
156.3,0.17500070030171505,0.586242959314896,0.12419501682946482,0.5315200328576037,0.6079594698775356
156.35000000000002,0.18161243982423597,0.5921868389833154,0.1197022390781721,0.534654347846504,0.6051309060169974
156.4,0.18971842716530052,0.5911367734692832,0.1157720731522755,0.5436021426501533,0.6081425136353554
156.45000000000002,0.19562462276741505,0.5906249018270237,0.11364955907533945,0.5511274739386727,0.6030584897127766
156.5,0.19777335578815644,0.5965726147306817,0.10506759127903544,0.5487917717847989,0.6097781738188982
156.55,0.20121308641666275,0.5866226740281406,0.10397754741544396,0.5503160556253137,0.6094655053921083
156.60000000000002,0.19679628098847424,0.5925105166384871,0.10538525021674686,0.5538256607377021,0.6149881420476769
156.65,0.19044829537917157,0.5975618599287761,0.10057045466143028,0.5532337732152133,0.62037130565302
156.70000000000002,0.1850154266091448,0.5918940279769485,0.09555466770179423,0.5592372241917613,0.6099800168516594
156.75,0.17731512460377072,0.5913979508188949,0.0894106722016912,0.5630367720621677,0.6094918721539764
156.8,0.17187454633892446,0.5991379115935771,0.08689570128264819,0.5655056940323832,0.608072429930775
156.85000000000002,0.17745139605367802,0.6068261410367691,0.08571120265411004,0.56794633042165,0.6155771309661286
156.9,0.17799100402229848,0.6011122525022419,0.09040314141899138,0.5759470352779085,0.6072086985715796
156.95000000000002,0.17936886447563355,0.5991272421836451,0.0892333478961066,0.5753043753249383,0.6053238048706102
157.0,0.17936639018556072,0.6032478760941095,0.08397976602173128,0.5719296481419526,0.6011763693259153
157.05,0.16833008077895142,0.600299155259113,0.07570414934130634,0.5723404188154703,0.5959161850050687
157.10000000000002,0.15960763496612684,0.6024386489249779,0.07216205484229288,0.5652911225288826,0.5914462029703864
157.15,0.15662216399471435,0.6015645160079421,0.06167859306618261,0.5754977757984896,0.5843398745070987
157.20000000000002,0.1395366564531897,0.6051653562387771,0.0507395695762701,0.5762079681373067,0.5919507025739639
157.25,0.11907544673021682,0.6056175554503249,0.054408378244746855,0.5839873676100253,0.5946201711371796
157.3,0.10637731098301584,0.6037787524728674,0.05671167636086678,0.5877923646094624,0.5934647051550407
157.35000000000002,0.10475433114804128,0.6055591710582441,0.05196565164299468,0.581687344233717,0.5806726623659954
157.4,0.10394722164713686,0.6095640705287362,0.04283156650308961,0.5849471909080609,0.5779986230002951
157.45000000000002,0.10482145338834634,0.6082711866775461,0.03634189103685541,0.5884860196492769,0.564803575881428
157.5,0.10212252487426743,0.604008973465246,0.017064875901556156,0.5865122333079075,0.5583497221626273
157.55,0.09881915451685923,0.5996099550195689,0.013388770603154519,0.571948051373056,0.562254219574291
157.60000000000002,0.09300830372594915,0.5882750929282127,0.0096916760609851,0.5732423757196666,0.5580974724404608
157.65,0.08505440189100237,0.5927633599121264,0.01554091227131031,0.5666824572233852,0.5504816285596659
157.70000000000002,0.07279370843870059,0.5916132242279394,0.016346348453514393,0.5726314357498852,0.5539610654176117
157.75,0.06648777655014623,0.5799826915690008,0.020780782481680735,0.5759651298329111,0.5577417543650568
157.8,0.06371441026765473,0.5931174330518819,0.023103102430472745,0.5708803273184992,0.5527251853503589
157.85000000000002,0.06994612395188006,0.606293090885788,0.02355518835079883,0.5733759804250623,0.5489883079676834
157.9,0.071489931370613,0.6140165362646569,0.029214970449777004,0.576323383550201,0.5401122049183945
157.95000000000002,0.06521287077880442,0.6146728273403707,0.03205116363533259,0.5810145357746368,0.5350550397951466
158.0,0.057642830374879266,0.6188087585859131,0.043342021894069056,0.5743197009560262,0.5345856242409663
158.05,0.05292690477244607,0.6206688103210244,0.039272355697917226,0.5618666847822648,0.5329673092057677
158.10000000000002,0.04123025114338831,0.6199942896332189,0.04268986950473873,0.5628652603631257,0.5279540292276558
158.15,0.03792833655486037,0.612954374373618,0.04217306762606064,0.5656663056953205,0.533625929906338
158.20000000000002,0.04204019839062623,0.6161875434462711,0.0532261938682533,0.5681310876834795,0.5272723208169118
158.25,0.041122239139457166,0.6096406461435752,0.05628436456228372,0.5617282794007692,0.5218677220836291
158.3,0.03805682841240362,0.6129126827529487,0.06509985897408077,0.5689595065869275,0.4971885847166725
158.35000000000002,0.040125095402856706,0.6111236841614243,0.0742603356797609,0.5668128013158341,0.4960353183768553
158.4,0.04334370427779098,0.6073651897788187,0.08648578757578386,0.5577290489681302,0.48703544615508165
158.45000000000002,0.043626922047214786,0.6074671523583937,0.08978598530706405,0.5452967315733994,0.47502734692945375
158.5,0.04072592175555869,0.6011753351993061,0.09345848557268102,0.5448804171787617,0.46884187645367753
158.55,0.044546606705546075,0.5909786831437497,0.09823769647173626,0.5562971866704232,0.47474649478136605
158.60000000000002,0.054564900543167025,0.5919872442816311,0.10195498081638914,0.5523970585117773,0.4858802971015481
158.65,0.05701604553133544,0.5933047250476636,0.10972567421939733,0.5481598444760621,0.4893966144505619
158.70000000000002,0.06715297060176413,0.5871018321776275,0.11819476849074345,0.5502442696415523,0.49490406148793903
158.75,0.06409180638769833,0.5864175805458371,0.12219960275849068,0.5407982601063313,0.4940341543525213
158.8,0.06117966157612749,0.583431192718094,0.1291341967100628,0.5270273536657069,0.4938784268371292
158.85000000000002,0.059555870382720026,0.5763847737552878,0.13419073947708648,0.526349472713311,0.5076362551305109
158.9,0.06038794249144555,0.5690382574282041,0.13997927884106298,0.5277681998897007,0.5067289506417494
158.95000000000002,0.0661599535849502,0.5572380001721031,0.14789407438186783,0.5134124875587133,0.509909339847246
159.0,0.06651843577973943,0.56444615366493,0.1587007628311824,0.49127283278939066,0.518289718824323
159.05,0.06893253060294746,0.5662838561170589,0.15986146949773908,0.4999280523854412,0.5120133125574354
159.10000000000002,0.07966593946486945,0.5634807809604723,0.16708022712360182,0.4983881536538823,0.5025563295950831
159.15,0.08315765590359124,0.5744095105378966,0.17136878239487716,0.5031892264187824,0.50281449625662
159.20000000000002,0.09028274699902124,0.5718222573394262,0.17557627684951577,0.49391430715366186,0.5021533443492725
159.25,0.09766855890401172,0.5654577181998344,0.18502132249610867,0.4953784056794464,0.5073602273367028
159.3,0.1017774310584921,0.5625753172452247,0.1902444883561866,0.4857887899015197,0.5073162827281179
159.35000000000002,0.10445028981504115,0.5691606732992242,0.19594998954610585,0.4765842812194103,0.5095763925245088
159.4,0.10443749280818602,0.5611657343410198,0.19788394660153738,0.474280570650187,0.498744794788744
159.45000000000002,0.10441949699837912,0.5628333893631046,0.19250552872265903,0.4738188424154691,0.5031698972471188
159.5,0.11021080786691925,0.5601630670897609,0.18820161251804302,0.45760207303547806,0.4989409573877574
159.55,0.11271507414340823,0.5523128050717189,0.18727613394901185,0.4541956131057389,0.49657898200997935
159.60000000000002,0.12238994101359453,0.5522745208911575,0.18827165085943956,0.4626494543450943,0.49695850330636854
159.65,0.12473054910374896,0.55017999628941,0.1908495361092098,0.46481022218976187,0.49723387839448696
159.70000000000002,0.12662659281277205,0.5555588822430995,0.1929224470253459,0.467687374641139,0.5020293018801217
159.75,0.13283047597647218,0.5576493110880121,0.18519215033710387,0.4696857195087622,0.5027817053956866
159.8,0.13639983036594375,0.5425528189473099,0.18830861005511937,0.4686760307912942,0.5028680279994047
159.85000000000002,0.13663202327572102,0.5413994525959852,0.1997122753228656,0.46530158824920026,0.5040878635338388
159.9,0.14091630400082264,0.5421830566628529,0.20842379323121124,0.46539162746092116,0.5041119977550238
159.95000000000002,0.1445556117593604,0.5432245350296555,0.21478862149115688,0.461787723862967,0.5127432305122996
160.0,0.13850580764006115,0.544716261527237,0.22203518831460517,0.46004964329368725,0.5262062733400057
160.05,0.13339595208689278,0.541249690580166,0.23003680784354813,0.4735247471487224,0.532443976444904
160.10000000000002,0.1431646015467557,0.543497353620636,0.23882388696883075,0.46769601112146303,0.5296829261378285
160.15,0.15348834040606243,0.5372093849586473,0.24567013597070195,0.46320598169293553,0.5289583754327223
160.20000000000002,0.15653135205528015,0.5349764132747634,0.25598851025255137,0.4622418807833719,0.541985637083308
160.25,0.15629535695000107,0.5360815313767313,0.2651599041179623,0.4612154620875087,0.5427623196768232
160.3,0.1554338578063277,0.5361821387578135,0.26482686780399334,0.4576986575680563,0.5515157623309419
160.35000000000002,0.15985236444637635,0.526875239479072,0.2654031206182616,0.4614217001302279,0.5515388623644499
160.4,0.1574847186289341,0.5318743708609808,0.2638499117271997,0.45321632076638974,0.5601020445996822
160.45000000000002,0.16399565584308404,0.5290804219436493,0.26417382518694127,0.45264166896452207,0.5709774426381161
160.5,0.1634623373046594,0.530645333700399,0.26793893411353453,0.4392990804799497,0.5763110202560753
160.55,0.16990773606272758,0.518756592202699,0.27550682474849486,0.4522527902317767,0.569105103778628
160.60000000000002,0.16803294847898068,0.5143280654150982,0.28181133092053307,0.44876636302096584,0.5767696784404172
160.65,0.16893129178200783,0.5274354920100768,0.2921211793888838,0.4515302544359911,0.5831664776158696
160.70000000000002,0.1615748760944071,0.5283781933955422,0.29533337553121686,0.4523846428913813,0.5934333022323336
160.75,0.17007102223652767,0.5261614876558492,0.29843527856451907,0.4561582845790832,0.6024922021323558
160.8,0.1673876338828983,0.5363686064358251,0.3030287497787101,0.44813417624917534,0.6083080851552811
160.85000000000002,0.1730322917176186,0.5310458544627383,0.30350521622137766,0.45711373347927886,0.6124164232229261
160.9,0.17100412293812206,0.5342431880015525,0.3018831612721632,0.4479746410460465,0.6016809260005258
160.95000000000002,0.16639991324561804,0.5296256482981649,0.2955795498447468,0.43852771496557247,0.5958076823084313
161.0,0.16557081127564974,0.5229056442138512,0.28822513621699103,0.4451301055718157,0.6024545062886285
161.05,0.17331666321793526,0.5272809852638165,0.28332737746858944,0.4449722377852123,0.5866565646248953
161.10000000000002,0.1670273735375001,0.529514604070199,0.27866645303484383,0.4298755523197623,0.5731826710219455
161.15,0.16184149353140484,0.514175066622477,0.2777400078405663,0.4280715833787717,0.553633361170023
161.20000000000002,0.15827062279631196,0.5074714482747749,0.2764313319047989,0.4272156543440955,0.5598805924900827
161.25,0.15357574931174037,0.5168216983939594,0.27710724006198323,0.4326247385734273,0.5608802303871395
161.3,0.15252393003713424,0.5083466102714121,0.2784190740308426,0.4377848093849413,0.5706343330472777
161.35000000000002,0.15232335744159686,0.5029736118409036,0.2749490705928281,0.42974114515962253,0.5693169762836792
161.4,0.15419084644627915,0.5078415445165219,0.27167861286136447,0.4159812766996559,0.5666029795561891
161.45000000000002,0.14881413793547332,0.4989246107499222,0.2682345368905742,0.42146356780823085,0.555046820268066
161.5,0.1449063718249972,0.4910003358502308,0.26422004766187773,0.4104992400115334,0.5618580570342406
161.55,0.136023255853891,0.49907323323207164,0.2662302943258091,0.4136959314178901,0.5631882859061791
161.60000000000002,0.12278240812941314,0.49818418731052927,0.2614960602031269,0.4201860297635763,0.5800538071781132
161.65,0.10722500150127093,0.4936749934594429,0.24856048464851052,0.41500355752766754,0.5823157783259622
161.70000000000002,0.09829990014630426,0.4718764850333316,0.22868207833103393,0.406840473618587,0.5699978837923749
161.75,0.09653894032864888,0.4673854439418016,0.20786511015566017,0.3935599095633693,0.5618077653471423
161.8,0.09116176276265091,0.45333661437541894,0.18632701373408403,0.38724829069816125,0.5540336076889025
161.85000000000002,0.08221590494774703,0.44338839931262347,0.16390955935165094,0.3762624032046647,0.5407334775869511
161.9,0.07361837557723178,0.44226555255159566,0.13762235485468882,0.3710159341509322,0.5300597164746101
161.95000000000002,0.06433140977673618,0.42697051044184603,0.1196236706370716,0.36325713199176507,0.512905124066843
162.0,0.05290513023966302,0.410468051610889,0.1046697893462427,0.35361567243426256,0.5006172765055295
162.05,0.04180713397722946,0.409501379998729,0.0912022205710827,0.33909989549079733,0.4805293206649659
162.10000000000002,0.031780359702586435,0.39646155203687994,0.07850706743521191,0.3413723967981522,0.47258706528853806
162.15,0.023264310354875615,0.38545068437461416,0.06939777240370669,0.33315065577882813,0.4637904194949805
162.20000000000002,0.027346892624132823,0.3769215948104373,0.0606640500673678,0.3242389890297129,0.4613232995315772
162.25,0.031467084203052435,0.36672030438391723,0.05127165606590051,0.33343226550360716,0.4620396252838934
162.3,0.021451695474135536,0.3611497614010762,0.04578992249033401,0.3286078339168803,0.4420344855803314
162.35000000000002,0.023287282023524432,0.35424384469914727,0.04430249740006127,0.31998204698378796,0.43833727959391544
162.4,0.02734765134934042,0.34323280624655017,0.04173957583447786,0.3152663090303275,0.43516022076457384
162.45000000000002,0.028169017544318293,0.34906866603682524,0.03364958727317698,0.30078038170116334,0.4299881677708728
162.5,0.032945303083009386,0.35084037938110607,0.03816704124783446,0.2950114374700734,0.41882669761146374
162.55,0.039560414271257394,0.363908442915362,0.043623081232166426,0.2894211924949709,0.42908909714597726
162.60000000000002,0.03800010963394572,0.35777636425310455,0.04632002412972609,0.29606099429259036,0.43011349847722463
162.65,0.041787240777156676,0.3487047047009187,0.05743223609463661,0.29496441225983394,0.4284040051558854
162.70000000000002,0.04390429628323311,0.34286659830501465,0.06674417570326571,0.2961298927230586,0.4093659487836142
162.75,0.045791857269257566,0.34276464110187693,0.07866161704523233,0.29749364192358235,0.40979318429179235
162.8,0.049886938385616725,0.33527638229581813,0.08557080686728288,0.30303797655508685,0.41034824173510864
162.85000000000002,0.0554522523716264,0.3426503502119947,0.09844912063493076,0.29755135203422495,0.3970611463948101
162.9,0.058223016603222585,0.34402144654740113,0.11049124456326867,0.28632114662963726,0.3872788295948533
162.95000000000002,0.0667987354201277,0.3304876897018221,0.1260506958102965,0.290052506095674,0.37871677587115066
163.0,0.0714337269632282,0.32532596307991557,0.1332706968049882,0.2763499291625476,0.35704437619628054
163.05,0.0791069573538234,0.3185733901792618,0.13730469610651141,0.2691540919782645,0.34202711776527556
163.10000000000002,0.0800132802925932,0.30964816703496445,0.14075476955834682,0.2655603984826854,0.33502212466292663
163.15,0.08608879852043816,0.31431421278970656,0.14244010472064758,0.26627769044643196,0.31199116098468743
163.20000000000002,0.09731413705729004,0.31573893518637514,0.1509152533664722,0.25896334984116126,0.32217076202933304
163.25,0.10454890306312753,0.3113068852447933,0.15689320872540843,0.268854674214468,0.31804553842575656
163.3,0.10976791554211149,0.3110068647163525,0.16976142087254095,0.2596681951877278,0.31356744883175725
163.35000000000002,0.11601020903204382,0.31012144458241153,0.18199126323202933,0.26024247327952493,0.29385172363685624
163.4,0.12267985271860964,0.3109464589769856,0.19228647919626085,0.26838256551512885,0.2784293810030465
163.45000000000002,0.13262367056175123,0.3161215649339887,0.19430337440493764,0.2743674436588172,0.2454524690244818
163.5,0.1454255574147856,0.31219441657802616,0.19596302544786565,0.2729858057245829,0.22295580063877324
163.55,0.15702909010740257,0.32490855454954254,0.20488511034935417,0.27194564157224593,0.2095015373939759
163.60000000000002,0.159755814519043,0.3222799726942436,0.21202164191109546,0.27047374136088886,0.20832823672608616
163.65,0.16062532727482481,0.3260785246144808,0.2206857728750211,0.26254930022686007,0.19742701341508784
163.70000000000002,0.16474914052438946,0.31994095342443696,0.23181518960740335,0.2555746509194882,0.19225170190482518
163.75,0.1674355777598692,0.32004544820015546,0.2412789552948034,0.25494176422019527,0.1821088427911883
163.8,0.17313149645795065,0.3138197643178133,0.247883315512427,0.25075375251908905,0.1699160850316673
163.85000000000002,0.1792699982892125,0.30718701151408,0.25040343641021545,0.25214243208987747,0.16051921148447182
163.9,0.18678546464571993,0.30519767070694337,0.25674281881615085,0.26130710787505124,0.15282369480207622
163.95000000000002,0.194555450008171,0.30988662761469205,0.25687985606009056,0.2564852423996017,0.1491431252395395
164.0,0.19974122768194452,0.31336952789701034,0.26075872638262415,0.2469410166653947,0.14753872392949535
164.05,0.20615938812465248,0.31768814391898764,0.2663531182324429,0.24722836097429055,0.15191031571018293
164.10000000000002,0.2099514314064166,0.3167161673030288,0.2793739518502503,0.24510846422344965,0.15539856804608224
164.15,0.21117196056551635,0.3128782360255399,0.28617614118909207,0.24449154458323694,0.1448601452140876
164.20000000000002,0.2187190757889701,0.30731816069900636,0.2882483296657954,0.23950488480900595,0.15022869645448983
164.25,0.22037417157227113,0.30538479748303815,0.2908794249734254,0.22950793209948947,0.1668970284376719
164.3,0.22037802003567122,0.30426371026578225,0.3031035672579908,0.22871803864523116,0.17295415707273756
164.35000000000002,0.21613063085881395,0.3017204294025788,0.3106572883661556,0.22333673157744977,0.1966871707453643
164.4,0.22088117984216696,0.2985603470826327,0.32285361018853337,0.2104063076764654,0.18913768529266367
164.45000000000002,0.2245241315670601,0.3082983933540634,0.32292903481873914,0.19760761965549703,0.16677086945413439
164.5,0.22357358420398227,0.3130734016554115,0.3322135945245786,0.19800859575875207,0.16088761429489318
164.55,0.22374816119872362,0.3123500756938991,0.3287466449555461,0.19423140761013313,0.1722335837047606
164.60000000000002,0.2275274427884234,0.3145488819870938,0.3274934106773328,0.18510502645692514,0.1766947572678822
164.65,0.22727866463375412,0.31212909402591904,0.3318606307064905,0.19451102871399795,0.18569770431994234
164.70000000000002,0.232836367048958,0.3158617263553804,0.3233383561178052,0.18365525497633436,0.19206929627048278
164.75,0.2255237310073435,0.3175410217835919,0.32394908912193066,0.17819317438394938,0.21039741815369348
164.8,0.2332646728284525,0.31916236040712914,0.32123165304676254,0.18507586681987934,0.239296081561371
164.85000000000002,0.22835641406672322,0.3227278550987544,0.31709593046022005,0.1873768330012251,0.2487805092914388
164.9,0.23072300270340404,0.3326127344062613,0.31757091577768193,0.1873407542798345,0.2402605559252162
164.95000000000002,0.23417175279672503,0.32869619379811055,0.31373522070819915,0.17629363548374055,0.24086298653118302
165.0,0.24604704035943126,0.3386175340020434,0.31868458013065465,0.18475013684008249,0.25637156398554817
165.05,0.24574952702758449,0.346755455697703,0.32389369874612195,0.18259247917044555,0.2841852982750501
165.10000000000002,0.24903654049616786,0.342149710474625,0.32002620179210944,0.1801156262617907,0.29071780526022195
165.15,0.2558581060178893,0.34132060141869763,0.3133468562210127,0.17554348721870094,0.3133649527179786
165.20000000000002,0.24423714525001847,0.33877455477379703,0.3084991078450409,0.1808631986243464,0.32853241885156453
165.25,0.23338987964359065,0.3403576562264959,0.30516677231673683,0.17987161703326782,0.3487044917353671
165.3,0.22841626148709956,0.33240132697563535,0.30287941353791253,0.18723480994736777,0.34156377857174847
165.35000000000002,0.22078385305913845,0.33744218898885237,0.30646162278352906,0.18439758164078737,0.3612492362826175
165.4,0.21556585451200933,0.3410372193091186,0.30210473683603595,0.1898625615787904,0.3505207636671664
165.45000000000002,0.20873112994629398,0.342489389737797,0.29096277503145895,0.18194982896160164,0.34334732267054374
165.5,0.2093983117102088,0.3451572716112847,0.29036985078964817,0.18928617801637082,0.3460584836871923
165.55,0.21122201573725125,0.34691818962429394,0.28632906395117685,0.1876693092414096,0.34241486331078536
165.60000000000002,0.20069623522467978,0.350314664637115,0.28701412911037155,0.1853785879205176,0.3453139896439995
165.65,0.19196112196060924,0.3607755941067484,0.2783858573996752,0.1945898613639341,0.3244470609570385
165.70000000000002,0.19066178368582515,0.35557035387928015,0.2587234616973282,0.18757251517615717,0.3236373149503825
165.75,0.18443674205333058,0.3677976428701356,0.2524628076623439,0.19035528605224872,0.3373821340482225
165.8,0.1837124499482412,0.3655027409263343,0.2596064493211303,0.19456985215502037,0.3416547848069965
165.85000000000002,0.17446115177166288,0.370378604246736,0.25932044678186106,0.18846940946394236,0.34809893601836245
165.9,0.16361357694436734,0.37345279406772347,0.24714093017438787,0.1886495964358811,0.3471426723777216
165.95000000000002,0.16832664917457008,0.36580651741372067,0.24104643239282014,0.1863888264356058,0.3541955042804652
166.0,0.1646985401049043,0.37087618849913495,0.23589442976330832,0.1939898564080225,0.3570608828447761
166.05,0.17261202253160596,0.3726551286854182,0.22310609423685399,0.19342495581050748,0.3716369194477285
166.10000000000002,0.18419896214264855,0.37759214248001105,0.21845766589002968,0.19342431028255352,0.37775654920608603
166.15,0.17095545721378916,0.37987005729518,0.21968038065118398,0.19880906567966977,0.3796007614870862
166.20000000000002,0.169981634501056,0.37490905695128535,0.2152531603702729,0.19826736341615084,0.3839054667024369
166.25,0.16445588774465303,0.3756402462168003,0.20082083292335376,0.19843759791429638,0.3889427893510686
166.3,0.15979565036248775,0.37425261120850367,0.19456563381533187,0.19442731447380385,0.39240402287038567
166.35000000000002,0.1526078410872021,0.3755045523934045,0.18605854222652907,0.19150033755095416,0.4013948023365195
166.4,0.15597342468965472,0.37535587164315,0.1724975258662826,0.19329308252377653,0.4194099371769728
166.45000000000002,0.14653876226642223,0.38045839916131835,0.15273908767515645,0.1944844160794022,0.42842770301799316
166.5,0.1387715671867168,0.38273061973937356,0.13329344342795665,0.18985948062104965,0.4338812956128183
166.55,0.12824677803253456,0.3817574382595372,0.1243023722197063,0.1988639910708704,0.4397504318220377
166.60000000000002,0.12291593281562402,0.38269320094795295,0.11421398832563406,0.20383026815894914,0.45629004132518897
166.65,0.1125634987452493,0.3842705746655327,0.09975063602410086,0.19876626944300121,0.47648564835197976
166.70000000000002,0.11288273869389329,0.3681540142008682,0.09096629278072713,0.19377984413224184,0.4841680644473065
166.75,0.11593863951738474,0.3621539883433179,0.08152671887426513,0.18815357256093504,0.48980398817327864
166.8,0.09674983939302952,0.36706658250629803,0.07342556537409464,0.18984114712233868,0.49749254744284266
166.85000000000002,0.09619120674313182,0.3775770320703571,0.060095767583984834,0.1943527410789129,0.5069416215789248
166.9,0.08891949047841759,0.393353648873884,0.046781687236284154,0.19493854451354536,0.4993696245146939
166.95000000000002,0.0798877056317545,0.39851485342192466,0.03607684526192822,0.20773811055292096,0.49642365988462056
167.0,0.06272300246858024,0.4016750679599297,0.022909871449944396,0.21446525867926483,0.49121098600981766
167.05,0.054332397084614,0.4131597085555722,0.023262982057875466,0.21443754314178845,0.4839959611153626
167.10000000000002,0.04361897225451647,0.4189872243484562,0.0182828434935797,0.2187532803224324,0.47382572401376777
167.15,0.03530313120690134,0.4269084001341569,0.009548515491600178,0.21939134269598262,0.48455442432388696
167.20000000000002,0.02437534932613246,0.42191608181548856,0.0021027673324641506,0.22570831953108345,0.4834700776947281
167.25,0.015850841463054193,0.4190835256716961,0.007421520911132553,0.21733881040650543,0.4872074609457714
167.3,0.015524816936556178,0.411417959130345,0.010365504589136378,0.20472470457109704,0.49604319879994513
167.35000000000002,0.007769377492841343,0.4030778431810834,0.015365314790354943,0.19600911209934194,0.48626010618443144
167.4,0.017621536361771335,0.38451384704901187,0.03249096603324155,0.19645113040212583,0.4914783478106299
167.45000000000002,0.02018587656368384,0.37980203661125056,0.041697858281986064,0.18759582415798962,0.4927499483972045
167.5,0.02520371266005881,0.38885353464543093,0.05068631119924734,0.1900312181420045,0.4878874757512299
167.55,0.03054174227265826,0.39044327066133555,0.06304676694029966,0.19607786892170526,0.47933396633145775
167.60000000000002,0.03618497654205416,0.4061317905952224,0.06365550374949434,0.18935212395000464,0.47384188335662647
167.65,0.039680361936790795,0.40347151384540386,0.060568091101906765,0.20182405991082797,0.46521651124020813
167.70000000000002,0.045754274669444324,0.40378654864773816,0.06809948287237212,0.19744106266692585,0.4670583539679085
167.75,0.05043251600801845,0.41400635640106637,0.07491057733193629,0.1908086105512319,0.45304072808507573
167.8,0.05469834402389161,0.4181881689737309,0.07658988362203632,0.19342622429126596,0.45240407223424356
167.85000000000002,0.05129806325983383,0.41520382574564585,0.08274732143972119,0.2067986924778456,0.4574899570072612
167.9,0.04784163229631531,0.40808877002834654,0.09626556025497694,0.20105066617370826,0.458755354830895
167.95000000000002,0.0442804131089913,0.4108997375977152,0.10035616795707301,0.19478989516379047,0.4642697202677879
168.0,0.04670359714039158,0.4044690552209232,0.10358247689909036,0.1980379491175989,0.48200612160915224
168.05,0.05141232725708427,0.40143587758177,0.11593738351390366,0.185045169065433,0.4821699866925275
168.10000000000002,0.06392776878008037,0.3893945067537868,0.12058450057250783,0.18349493798478683,0.4681225504629554
168.15,0.07407661499937046,0.40272508675037433,0.13269066069734414,0.18307899204016442,0.4646145683827591
168.20000000000002,0.07737413370373085,0.4073790495371749,0.1384791288679633,0.19985071971364246,0.47779436332108843
168.25,0.08709025278542878,0.4119470092101825,0.14528686745805905,0.20810022324189692,0.46765056944278416
168.3,0.09506300516225406,0.4041388331618287,0.1463053534244646,0.2107544813271552,0.44243013627101735
168.35000000000002,0.10150729072464881,0.40364041466428846,0.1474086276432426,0.20860106160751543,0.4383419189416431
168.4,0.10838577070894878,0.4134791182300396,0.1514910824446873,0.21329470821799643,0.44703317311648955
168.45000000000002,0.1128739917135766,0.4102079537452096,0.1531341200443528,0.21378998832202234,0.45224870843245557
168.5,0.12012434380298478,0.414610723951123,0.1581908332808898,0.2070682107353147,0.45523954684156775
168.55,0.12399038069824546,0.4075842250564576,0.16271523150194742,0.22106377736813881,0.4484726839239592
168.60000000000002,0.12804764886019768,0.40784542719070527,0.17099965845453627,0.20840648514491955,0.4498132571570111
168.65,0.13727111172458614,0.40883044722770934,0.17148437535639777,0.2035493926198778,0.4574556761661049
168.70000000000002,0.1476640591866454,0.4104879443914782,0.17698638447147208,0.2002297205233716,0.4622354218152896
168.75,0.14820883023444653,0.4057523295848913,0.177018954357751,0.1902982491881141,0.4620668895951769
168.8,0.1547593291174803,0.40252641796717925,0.1834186788980482,0.1891391299706092,0.46379291813677215
168.85000000000002,0.16111605870620402,0.40718659721585887,0.19161156610984054,0.19398508116939464,0.47330961080541756
168.9,0.16148107395513842,0.40080067828089116,0.19881286852754917,0.181538726389318,0.46688154148027206
168.95000000000002,0.16463005122867375,0.399026517909546,0.19776766500611748,0.17826381483172613,0.4784499155613259
169.0,0.1664947980335687,0.39688052481167546,0.20003000054769035,0.17394103353753768,0.48216231293370676
169.05,0.16845657213876342,0.39501692260853793,0.20937354030173114,0.16487399054588836,0.47807147061506766
169.10000000000002,0.1663336452661744,0.3963760432832736,0.21362070882720294,0.16562302280367905,0.48673804736065834
169.15,0.17080257362451012,0.3902846536413613,0.21073410596648187,0.16293594329292907,0.5061084078297939
169.20000000000002,0.17527384758801903,0.39279848184285104,0.21079357336011184,0.15634167688139725,0.5213534722585905
169.25,0.1767608049266502,0.39173385575238745,0.21386192430556866,0.1545258354918563,0.5218195475877598
169.3,0.18486853037152268,0.39499583146632106,0.21521069287634162,0.1546097702185559,0.5238781481182653
169.35000000000002,0.18479117721519586,0.3996363718694191,0.2285423750098219,0.16918450574506808,0.5288707414838594
169.4,0.18584075013628648,0.3995555551147861,0.23256101715813896,0.16928846697527222,0.5409992047241337
169.45000000000002,0.18399445745586407,0.39178836035309916,0.23124019688344458,0.1704168658466386,0.5423373935736148
169.5,0.1835357241829197,0.3813736837114488,0.24034844622846563,0.1625764091689066,0.5427269128552675
169.55,0.17631893717550787,0.3832465787276234,0.23327158853213759,0.1640041382853878,0.5409930462241246
169.60000000000002,0.1699484093353777,0.38704082103588966,0.23273424883814217,0.17071151662908643,0.5383504456595775
169.65,0.16814660665893902,0.3849416339857983,0.23570633120736653,0.17530796628701334,0.5294881244519208
169.70000000000002,0.16624904423466394,0.3881038259964023,0.2545197722561794,0.18441691431440202,0.5360101418522271
169.75,0.16419403271897698,0.38920555455402883,0.2570400700214765,0.18622588637554924,0.5403728646643792
169.8,0.16181338254919825,0.3859767885307168,0.2682489426735904,0.17976743726442523,0.5412745309326855
169.85000000000002,0.15771234627337063,0.38185532298248925,0.2664753410682849,0.18070595925505603,0.5400785667195657
169.9,0.15685902264601234,0.3747944489691725,0.2607086384167388,0.1816033359538303,0.5443362431786518
169.95000000000002,0.158568834049312,0.3737207373575344,0.26788464123221994,0.1824843684520221,0.5376288129709869
170.0,0.16343230524455346,0.3696427689303086,0.2762434896505479,0.17871447196846818,0.5448465267742949
170.05,0.17288205721295521,0.364794896442112,0.2771291020447528,0.16777987230916702,0.5497302245747655
170.10000000000002,0.18116495915238592,0.36532695160523815,0.2828790512553498,0.178096870410806,0.5527695100358211
170.15,0.18846671852716093,0.36140563637896334,0.27590665644483,0.17974322573964902,0.5475090126753
170.20000000000002,0.19413325832905887,0.3547216788945091,0.27380399418984186,0.1758359449297453,0.5423479811454294
170.25,0.20000487157080593,0.34300007006531325,0.2698139500366763,0.16664098083376824,0.5479075456113413
170.3,0.20405544735202635,0.3391815183432315,0.25868708723518913,0.16723027340104676,0.5523292298373519
170.35000000000002,0.20515816640747594,0.3392678695455256,0.2615965492608582,0.16491784728070416,0.5418886938342142
170.4,0.20965229006488845,0.34281412993640775,0.2602066753102001,0.16288912143381232,0.5458568000414284
170.45000000000002,0.21591454452291173,0.33520700281732435,0.2616775676673509,0.1744113461523833,0.5327746754396487
170.5,0.22141627668348998,0.32782171492212214,0.25590200881325403,0.17456820324815414,0.5407442693662087
170.55,0.228732748206666,0.32454572409553806,0.2534593368365298,0.17264777142019527,0.5307200559410504
170.60000000000002,0.22952608781562978,0.31291697637461546,0.2524514017370648,0.16588629436531782,0.5344572030966417
170.65,0.2380512141158865,0.303915827386316,0.25073517439567594,0.16519898967480115,0.5345806814313269
170.70000000000002,0.237734661268055,0.3043419244558165,0.24084183967826478,0.14841920197486558,0.524424104400159
170.75,0.2322123187322071,0.3035382301094941,0.2280268728340501,0.14932708506793457,0.5314157526812322
170.8,0.2259730121422301,0.29499240440113844,0.2148245911474691,0.16515624054167158,0.5333788708746131
170.85000000000002,0.21958590996686184,0.3019648757278795,0.20566440973193442,0.16491044749561393,0.5257828655058407
170.9,0.20492866785983868,0.2984879145571363,0.19828469274278193,0.1712938589429959,0.5133683704680563
170.95000000000002,0.1973090131706271,0.30223520643595686,0.17929164329215916,0.1790405948522035,0.5073644904019221
171.0,0.19203987006034975,0.30757063010096447,0.17781760819657677,0.19061406154008217,0.4969414254364169
171.05,0.19236240203282337,0.3024390916802324,0.1672153293550545,0.18567846434035748,0.49599541491473853
171.10000000000002,0.18838799369579,0.30243887002408043,0.1598941970147288,0.18137610411267166,0.4880989582782664
171.15,0.1789549125008561,0.3005951992336357,0.15314349578700318,0.16827007138603753,0.48086823521310074
171.20000000000002,0.1666502467762591,0.29606043765924317,0.14811231434897051,0.1594974706154026,0.47396453233959007
171.25,0.16444190892403374,0.29813970872787876,0.13174128511232694,0.15930226869646363,0.4799284094642893
171.3,0.160222959506637,0.30229862407053104,0.1431989522933035,0.16233093944640437,0.4675732909505205
171.35000000000002,0.15130850626761433,0.2915543314640437,0.1470472249864694,0.16734980066894106,0.47504304599445835
171.4,0.13623517194057747,0.2879111570222441,0.14586535776879375,0.1610740124732088,0.48996825313622205
171.45000000000002,0.12386277840589276,0.290163898646124,0.14011561298519407,0.15220805676809193,0.4876806156206015
171.5,0.12155154457752383,0.28590353988511313,0.14202487132225647,0.15478897711389755,0.5013016821991289
171.55,0.11870539918007995,0.28063038939715707,0.1391310138289308,0.15573045539952884,0.49972966734922075
171.60000000000002,0.11096494255850396,0.272359813263182,0.14348115753249666,0.16426135126027241,0.5099185253042173
171.65,0.11319167268794013,0.2742799850071401,0.13792599948536563,0.17086893408399717,0.5089986727699449
171.70000000000002,0.1094803084593397,0.2709173684510947,0.1423621870366253,0.17756130566033812,0.5134805270452636
171.75,0.10795740593041875,0.2704294381831294,0.14077415066065413,0.18695251730996332,0.5214526740581632
171.8,0.10298139456153227,0.26887809536341084,0.13030276120390807,0.183310801632592,0.5278790948656785
171.85000000000002,0.11076446316398678,0.26205636326528875,0.12430755140084944,0.18951238793931555,0.5117884318042748
171.9,0.10056005923938874,0.2602926025642817,0.12024648340056457,0.18358401939075958,0.5195446721955491
171.95000000000002,0.10154666780375685,0.2581864056594084,0.11263394760418957,0.16979633102887226,0.5247856141184155
172.0,0.10165809263279808,0.2491834934994986,0.11628297203334488,0.16613283857752573,0.5205078190525271
172.05,0.10488596880424474,0.2461570219455371,0.10326668094640032,0.16566968127216022,0.5258199773377461
172.10000000000002,0.09999508628827347,0.24240852064183882,0.10160073941863726,0.16732784428463002,0.5171071123733526
172.15,0.10146446173763295,0.2307235508023501,0.09210899493529018,0.1715967571268704,0.5090396674228653
172.20000000000002,0.09718402205727193,0.23042403652632748,0.07418149814537148,0.17329779536070403,0.5131034932768744
172.25,0.09663260305381209,0.2381483073266584,0.06458103432208272,0.17377139968092592,0.5035198489336673
172.3,0.09234781329159783,0.2331767762023212,0.0690155003844981,0.17990954725664265,0.5056449024723287
172.35000000000002,0.08748915459382291,0.22957724732880436,0.07333236183248956,0.19210278646499127,0.5018046696966098
172.4,0.08937498667162777,0.23109314886834043,0.08385446360843254,0.19838928071059422,0.5091372964211408
172.45000000000002,0.07370635105137846,0.22762372943368644,0.07477293215186598,0.18537514834932378,0.5082030695059743
172.5,0.07441296603734408,0.22296751743305476,0.06852657035842069,0.18187209891578646,0.5009276070562196
172.55,0.07121473877490343,0.2230244333037091,0.07518436965320645,0.18123506927569652,0.5055756158339768
172.60000000000002,0.07451156973612057,0.22449251534718165,0.06562204937796409,0.18088544144706561,0.5115773252995558
172.65,0.07508348160101146,0.22343032450428602,0.07092629587666853,0.19016326424949503,0.5177755414951725
172.70000000000002,0.0691824570039178,0.23186774054897955,0.07211551946428187,0.187388079692871,0.5272132233869882
172.75,0.08006172588053158,0.22621632788477047,0.06630503055882173,0.18726505172535768,0.5330990214721606
172.8,0.06942806049967475,0.21874827863299862,0.06515323163589681,0.18162610506152596,0.5172310819995014
172.85000000000002,0.07563686735387386,0.20970788439630583,0.06433059278709485,0.17190673364415557,0.5108766640561108
172.9,0.0740727695523983,0.20269924518372348,0.06940240883622295,0.17885693967555294,0.49283054483734184
172.95000000000002,0.06829892658712748,0.18892078905690268,0.07159281897365757,0.17634318708244937,0.478700685741424
173.0,0.07170675638043592,0.1995018231516381,0.07532474057269525,0.18005175080772953,0.468091744184108
173.05,0.0724313005419703,0.1963904320771783,0.08043003699075245,0.18256958252313812,0.454369909785446
173.10000000000002,0.07207331760352804,0.19031076213482054,0.08025075920257724,0.17469787445048357,0.45107194379920573
173.15,0.07024958412498644,0.1919472908297859,0.07648731102043448,0.18302592842330614,0.4659925060632954
173.20000000000002,0.06695965480846355,0.18844591562534513,0.07798918031340968,0.1900663899823765,0.4617535217127562
173.25,0.07355303180101802,0.18349401096302764,0.08321934049346075,0.19542267117138856,0.44365678248890167
173.3,0.07962668920412033,0.19051472464845687,0.08530813532370324,0.19050431815787394,0.4364857857494928
173.35000000000002,0.0832615084258138,0.18750937633224532,0.08116986449408149,0.19278427540559878,0.44416716610445567
173.4,0.08476809259280005,0.19145734082128613,0.08300130138994527,0.1870192038070101,0.45046346724522907
173.45000000000002,0.08704071699801123,0.18076318647847603,0.08358535365565735,0.1889695499215798,0.46030080759944464
173.5,0.08624891107543244,0.181312334812221,0.0810144474622987,0.18366607011318406,0.4642088649585668
173.55,0.08260317223101546,0.19611002817196727,0.07744731838080363,0.1847215080228091,0.46296788287073
173.60000000000002,0.0827865927630587,0.1915558409965232,0.08794111562257799,0.1888827693274759,0.4796195022192819
173.65,0.08174144182448226,0.196543723635493,0.09307560763124471,0.18547159349777959,0.4691346187554157
173.70000000000002,0.08007546607228452,0.1944930163794154,0.09404768340103481,0.18547781645234965,0.45152899249664574
173.75,0.07844530288206479,0.20170489067639555,0.09655343983469265,0.18064595701497982,0.4383494895094341
173.8,0.08336878358201509,0.20270516013975032,0.10228931039435553,0.1746860575645979,0.4234844764504124
173.85000000000002,0.08761253806694942,0.21073096032209404,0.10448605037338032,0.1675080751565119,0.41642996827774786
173.9,0.0924993784724886,0.2118648051194186,0.10595317939325999,0.16670969702718375,0.3936111071309456
173.95000000000002,0.093107004860945,0.20261124414321427,0.10736277476834252,0.16599719585389064,0.3852388575706053
174.0,0.08894036539822912,0.1928788108213343,0.10755386797892544,0.17436858055955376,0.3605866151507925
174.05,0.08724305238192412,0.19144178850426352,0.10445455225956266,0.17452957292692486,0.34092992809017636
174.10000000000002,0.09231623812579963,0.19138433350027884,0.11265145288472529,0.17416329505743683,0.3004905606308045
174.15,0.09571828222625546,0.19493318781101296,0.11244261649331685,0.1715444772005892,0.26826866078087847
174.20000000000002,0.09249416909230374,0.20091314590968212,0.11793321717994291,0.18055915825847343,0.24158981339705116
174.25,0.0844529934975232,0.1963037506892329,0.12172082267471106,0.16924832316679284,0.2238077376969113
174.3,0.08618505689319668,0.1979863272581187,0.12765020725538,0.16600557940988098,0.19373281104913553
174.35000000000002,0.08758897137896782,0.2022493146713251,0.13556759210862937,0.151530601392363,0.1875837708719542
174.4,0.08099312833480225,0.19792427750176453,0.13249128110597647,0.1706865271275999,0.18303704359525186
174.45000000000002,0.07536886337302526,0.20613908203385617,0.13732392906558893,0.189032360002435,0.18369253854979964
174.5,0.07382776711714358,0.22034169956893274,0.14520890041770937,0.19820588679744625,0.18334218267491326
174.55,0.06628460466126448,0.22671004520236251,0.147588964044298,0.20109267947987516,0.1776223837842228
174.60000000000002,0.06432518763126319,0.2396032936402167,0.15011200106144212,0.20711117882320076,0.16717597181693958
174.65,0.06529161487451637,0.24907885454486123,0.14580324445110296,0.20710591872249998,0.16762294747807607
174.70000000000002,0.07149317787685998,0.25741721499577147,0.1498277347639875,0.21344321361785482,0.18815528269179974
174.75,0.06693319810938038,0.262684667932197,0.15559943533139164,0.22302298875142512,0.18615689615635944
174.8,0.06030173653796126,0.26319964182141153,0.1623437941679586,0.20588765011514104,0.18390257027020152
174.85000000000002,0.05347387260585859,0.2601353985562953,0.1690220595247253,0.19434955780133117,0.1883752983304135
174.9,0.051047621493123106,0.2658901717901758,0.16388988652680533,0.20699285145756777,0.17634246825970915
174.95000000000002,0.05019898241626103,0.28155683588321784,0.17128255414413873,0.2159274394825546,0.1681093683868195
175.0,0.044169563241098414,0.28418881836742416,0.1747986508437004,0.22316300891648605,0.1620006202754506
175.05,0.03746151302067192,0.2904611633726914,0.17471500480185367,0.22676580502580806,0.17700624328543985
175.10000000000002,0.03771949941621569,0.2954915068747486,0.17620189644948087,0.23051077508715037,0.1845856773992413
175.15,0.03468612565270759,0.2965582393831791,0.18609069688136398,0.2325477013242935,0.18224428798133804
175.20000000000002,0.034669017965806015,0.298850763653309,0.1919717369203922,0.2455530387209441,0.18119057384170914
175.25,0.03390202638224967,0.29888427511474536,0.18399669534983706,0.23387385628679871,0.18969941433911588
175.3,0.03517634831450298,0.306108705010126,0.1792248711997015,0.2294217317560825,0.1986922627095186
175.35000000000002,0.03901415491015176,0.3012402688244526,0.18693367107596037,0.22886567818775452,0.20833890960559903
175.4,0.03988802242435977,0.3057373837279447,0.19664961165188885,0.22138799071902301,0.21714442730383773
175.45000000000002,0.03589724365357517,0.3131642037019568,0.19976931052060978,0.21907792769994916,0.2270791872699897
175.5,0.032940860469936224,0.3134636167770207,0.196239811511503,0.2223854941133039,0.2423615363570579
175.55,0.032266966224077674,0.3147354460903076,0.19661179517359126,0.2211018106397263,0.24906412927856583
175.60000000000002,0.033753276448722745,0.3111828175591195,0.19957824014030076,0.21701355893730442,0.25541985778341575
175.65,0.03984722079066043,0.31454350221877264,0.19193466067387296,0.21597452859191257,0.2556320266485141
175.70000000000002,0.041932789636172106,0.32386820101219244,0.18756778293337145,0.21711214864004033,0.2541354320141905
175.75,0.047307608704901034,0.32977146507888017,0.18138241403270458,0.2193989168409798,0.2665278961540187
175.8,0.05519736323382961,0.3243948605586415,0.17580274685587388,0.22629238379280622,0.27447304198452976
175.85000000000002,0.06254345488546645,0.3253584534513288,0.1781898922526871,0.2264652981157073,0.2732338152145771
175.9,0.06645252368710404,0.3260200519215206,0.18321023766033756,0.23347731125418533,0.27854846532089683
175.95000000000002,0.07148532256067136,0.32423432992824075,0.17918989819799483,0.24268700751746683,0.2862924033571412
176.0,0.07541731679031194,0.3336948466197838,0.18161910475423843,0.24222176100342058,0.2822500037142392
176.05,0.07453008992025069,0.33828886645825657,0.1782590032116644,0.23907897836867398,0.29648513551470823
176.10000000000002,0.07371362997098112,0.33124478410583735,0.18200087822761082,0.23928122027743504,0.3003669185439166
176.15,0.0773900347704448,0.3331432353691963,0.18294728698938278,0.24112067893405406,0.299724311016893
176.20000000000002,0.0745699528640185,0.33969123466020706,0.19294705775915247,0.2601745838927722,0.3006920653317965
176.25,0.07865542630369521,0.34193525527382146,0.19410612625818247,0.26447909200919784,0.3053626895060868
176.3,0.07956469073834894,0.3368321015445353,0.19223902523595443,0.268611157736725,0.3076919145104556
176.35000000000002,0.0853312071621228,0.3370085130008215,0.1901471010999237,0.2675003821967185,0.3086496135231913
176.4,0.09169822701431252,0.33348062847039933,0.18854576545459964,0.27145953720490734,0.3093271307837074
176.45000000000002,0.09493114123595627,0.3351908604792549,0.18205237088490098,0.2769946223650885,0.31004185654432054
176.5,0.10506645256089414,0.33115986696072236,0.1862837619067921,0.2723401316611386,0.31098692233795183
176.55,0.10599222910778021,0.33370728427294105,0.18337457351235303,0.27020995567907097,0.30870632120340696
176.60000000000002,0.10970175547831913,0.3222766329372455,0.18835021187801226,0.27704060589341173,0.3079684300814708
176.65,0.10215999930822457,0.3195201116214918,0.18292447632464248,0.26799121724376446,0.3049371564460404
176.70000000000002,0.10774382443973085,0.3210927627483359,0.16681168203149008,0.27530771976182195,0.30764679182323107
176.75,0.11371332450077172,0.3223399786422528,0.1639882599960294,0.2749980211938249,0.3259820480749444
176.8,0.11907288232162731,0.3128663756815358,0.16648310237860622,0.27062109120739863,0.3274791773331235
176.85000000000002,0.13104581692628964,0.3200797123758425,0.16017840515243073,0.2735868202201485,0.33147424659169283
176.9,0.13406663235737312,0.3248638778739739,0.17328824646886712,0.2706019543658793,0.3384880473925147
176.95000000000002,0.14170820271736312,0.3130759232312564,0.17676959896462285,0.274877444360569,0.33084406041262293
177.0,0.1512607099855305,0.30422632302311037,0.17439177554446697,0.27444322952095945,0.32919166306478964
177.05,0.15284527479261625,0.30108251532768604,0.17234258363924743,0.28113144143144253,0.33219699820563753
177.10000000000002,0.15366346611051246,0.2989228209329498,0.1712091433354959,0.28275410229251063,0.34564878698581236
177.15,0.15762920985318687,0.3001308658719602,0.17551527717626914,0.27790507508869133,0.35263088013047844
177.20000000000002,0.16322312973664357,0.29672342077385366,0.18042019512709145,0.28277433948756897,0.34679550940451076
177.25,0.1770906362473166,0.2901570380405455,0.17988159088424222,0.2774190784612938,0.3421380954983635
177.3,0.18005419949351562,0.2870159820020306,0.1790255826021307,0.27051546087373646,0.3462053619227782
177.35000000000002,0.1831026610063338,0.2830596322271551,0.17514085197110413,0.2695227221746073,0.33741700181327294
177.4,0.1935168081680052,0.2782420048368634,0.17080264097016196,0.2765386984226094,0.3429976983319758
177.45000000000002,0.18878518100266578,0.275185129303677,0.16473075098453258,0.2791975919569864,0.33250320780869835
177.5,0.19014627918612276,0.27364335812852414,0.16031797746820542,0.2791771874454418,0.33551952864585743
177.55,0.19876695498364144,0.2693876837158528,0.1661582145813768,0.27925601340273415,0.3360842354685128
177.60000000000002,0.20099977406926195,0.2690085397240321,0.16538553880353496,0.2777518779215286,0.3374579332679993
177.65,0.2076572579584455,0.25598366235482306,0.16107789523466695,0.264842930315153,0.33588820008706405
177.70000000000002,0.2131159450956287,0.25175984948578906,0.14892643505232983,0.27384901942389767,0.3406182079628582
177.75,0.2105811449402461,0.25411785367265544,0.14828349933490267,0.2874909628724958,0.3590765679234076
177.8,0.21251494234352392,0.2626180529834817,0.15969286954765424,0.27335055117052987,0.3752236668972147
177.85000000000002,0.20913751339926004,0.2650233889632042,0.16062310166647634,0.27419923959168757,0.37408626300099207
177.9,0.2120130739051201,0.2603819195979987,0.1679134603503886,0.2848163360189741,0.3789682657142456
177.95000000000002,0.21651652085543938,0.25539240814098396,0.1694057236035901,0.28497618187656854,0.37371971364303097
178.0,0.22570900898804996,0.2561621018604945,0.16044022013678902,0.26604270104153566,0.3785634922447392
178.05,0.22769066673616756,0.2586932136225192,0.15881042994882788,0.281200372653081,0.3779640820719461
178.10000000000002,0.2269401365533771,0.2557971683887271,0.16935267429866635,0.27601342810242474,0.385918272163872
178.15,0.22668136033246242,0.2573716133072091,0.15676022562965855,0.26514785703421023,0.38166417146844783
178.20000000000002,0.23059707440843571,0.257207406693334,0.15978166864167775,0.26802784909683336,0.38554301378878636
178.25,0.2239302546964133,0.25795564853744646,0.16052310692268307,0.2740542948764941,0.3858102726046021
178.3,0.22871757241494864,0.2488106204872002,0.15578032524167162,0.2749741915314501,0.3900083057992312
178.35000000000002,0.22883254771976416,0.2532173475372801,0.15386534968584276,0.27378100164823876,0.3982304367667036
178.4,0.2303341476531523,0.24816718757665931,0.14791152485283154,0.27530272920102944,0.39566390272312807
178.45000000000002,0.2386393756928514,0.24720371880715888,0.14155375655630212,0.28268566112147325,0.40489250260732346
178.5,0.24056947913462498,0.24929578733306934,0.1391865833145997,0.28675792559769775,0.4046554357093223
178.55,0.24038342848216954,0.23862135776039928,0.1402256338466249,0.2828634769113038,0.40090398352487605
178.60000000000002,0.24161968783642787,0.23975946794175088,0.14001046539574602,0.2659764097146142,0.39987986662100244
178.65,0.24163400676769783,0.24689487510261324,0.14039493873510117,0.27025409998333505,0.40875023445680403
178.70000000000002,0.24251765842046455,0.24678303858257594,0.1374988296140073,0.27056430966593964,0.4043791533806643
178.75,0.2477866832051436,0.25277104117692634,0.13142184804243154,0.2628020974459877,0.4055689582581058
178.8,0.2395206324116428,0.2704457166417257,0.12738688198947526,0.26498612535946925,0.41271152923637494
178.85000000000002,0.23868484214978056,0.2784891749834166,0.12728651842468727,0.2671295449461343,0.4110405873453269
178.9,0.23978927671620864,0.2819607365759303,0.13045631458294854,0.26692064413139094,0.4213128851981745
178.95000000000002,0.2433144205473643,0.2783257279159173,0.13824691451654275,0.26966391939041345,0.4279179538947507
179.0,0.23945163759524293,0.27712396252655935,0.14844110630492321,0.2658829030674439,0.43462362882366307
179.05,0.24463827070338054,0.2881890694727281,0.1434860477809775,0.2688056635816254,0.44773057752802736
179.10000000000002,0.23775819895599543,0.2848607849453694,0.13601463008649423,0.25995838723422143,0.4420936671301906
179.15,0.24103081017240371,0.2974192027058149,0.13455541808166824,0.2628261274748083,0.43942349223750826
179.20000000000002,0.23990626898402465,0.29879612293863983,0.13546677065723997,0.25700911279453353,0.43236421617399357
179.25,0.2353808907628609,0.30323027549042997,0.12929021113573522,0.25690870897980106,0.4372698743864051
179.3,0.235086980743398,0.3068445640916471,0.1262753308002418,0.26235630985543046,0.44215086489809047
179.35000000000002,0.23873805191687733,0.30902403383754057,0.11737557243988664,0.26751846165218207,0.4413667473444531
179.4,0.23573100118911197,0.31077390112873876,0.11631933306509369,0.2753494606415373,0.44988442871760653
179.45000000000002,0.23428039544212356,0.3204915562058248,0.11041233767385338,0.27261431098806577,0.45161307289262004
179.5,0.23268460464646218,0.3214084587451109,0.09795889943640769,0.2602297185509535,0.4536175716329253
179.55,0.22870180421050657,0.3240155394284009,0.08504627252273844,0.24783380157724794,0.44715364189005796
179.60000000000002,0.21964116366682215,0.323416409948298,0.07871370974428009,0.24420937820032504,0.43228202474536065
179.65,0.21884690378761731,0.3235335993797881,0.07809529776710157,0.2460649682295133,0.4186810910968741
179.70000000000002,0.22294776647326914,0.3265138501785431,0.076003567435734,0.25775253992368413,0.4113944205089305
179.75,0.21453259914472841,0.3305031668883673,0.0766369347523871,0.25574546241355767,0.42028589914940817
179.8,0.20959531580771462,0.337843377989388,0.07953112601077479,0.245992303701557,0.42170146909163597
179.85000000000002,0.21005220433403385,0.34025487126661674,0.08720877422754605,0.2411579126303538,0.42105794749824765
179.9,0.20321576516239295,0.35494886912077717,0.09862067353435434,0.23264875846862068,0.42580331596470544
179.95000000000002,0.1975370148864942,0.36953577694297957,0.10312632696588411,0.24007697107654838,0.4204803449062584
180.0,0.19596634442106384,0.36613558439359967,0.10423107835929644,0.2544061214185649,0.43219123165057843
180.05,0.193392850847157,0.36327084250211866,0.10378769851748197,0.25794658766881157,0.42978917394250604
180.10000000000002,0.19100130047508168,0.369259545277962,0.09175333670840499,0.2549003443172595,0.42155015077092634
180.15,0.17895894345120286,0.3707909366785362,0.07939285264840194,0.24505892276552185,0.40526510659065285
180.20000000000002,0.18516045263977357,0.3799062165523973,0.06940979893038637,0.23149945029762534,0.39047925241015047
180.25,0.1862247461997194,0.3745518865466123,0.06617039320154679,0.22193122756576117,0.3733836302046727
180.3,0.16935474542762977,0.3731980998462428,0.06297477820040492,0.2199762783015814,0.36472674030264257
180.35000000000002,0.17064962419736684,0.36615682725491827,0.06417956001988766,0.21924528918052888,0.36253651299508444
180.4,0.16848781060793577,0.3690838459442725,0.07249765984706799,0.21372258684687,0.3452676856551245
180.45000000000002,0.1635383048651695,0.36682592047666573,0.08379290657621384,0.2011793938648523,0.33169280940936574
180.5,0.15433200898618668,0.36348964418870044,0.08812295641380606,0.19826220348093854,0.3346059724707212
180.55,0.1425661939855543,0.36128264615419325,0.08921601356521949,0.19029166007798665,0.32615848221168736
180.60000000000002,0.136544785514162,0.3597686719135136,0.08747237940136464,0.18096794475109887,0.33192249775407423
180.65,0.13631887088326963,0.3656771677264065,0.09426861076092717,0.18338006184942612,0.3476263695771666
180.70000000000002,0.13849193678088118,0.3619159672618084,0.0966385909808887,0.18833778758923364,0.3530334321614055
180.75,0.13765781476850805,0.3713934716636115,0.09842129991967176,0.20449698775137512,0.3686097513288422
180.8,0.13717070180725513,0.3844348232508803,0.11185078566909555,0.2160142243721275,0.38212353839139906
180.85000000000002,0.13111440281941839,0.4045573602512448,0.11940428010817603,0.24864388256271017,0.39256128027696313
180.9,0.1281225815352546,0.4085698167563086,0.12217071045153649,0.24130044156129188,0.41086593813445244
180.95000000000002,0.11900627455012931,0.40941929334785465,0.13353201069294987,0.2632699290440438,0.41320411058559325
181.0,0.11896956175433153,0.4142118222192282,0.1373251118357901,0.2523310630295881,0.422804249310439
181.05,0.11980862223709138,0.4088465615989297,0.14020118567020248,0.2550264639887598,0.4227728570907552
181.10000000000002,0.11024480790825164,0.41580886259809413,0.14045297978736954,0.25295317914571414,0.41619855114744847
181.15,0.11168943890706422,0.40719324514379013,0.13823644781697883,0.2571177789173377,0.41939470692714687
181.20000000000002,0.10744679103737072,0.4116769256577157,0.14459835826357378,0.24259938268895026,0.4136902961189155
181.25,0.10385326977202523,0.4133243314949691,0.15500980272238848,0.24289614164372697,0.41107966038411886
181.3,0.1039788231487623,0.4083116706609765,0.16191282908041182,0.2507070319772723,0.42053392311319554
181.35000000000002,0.10804661190468454,0.4155327334864312,0.16089597548191997,0.269566023708383,0.42371501808869017
181.4,0.10334977416415,0.41545318218397387,0.1691666692044271,0.2632618507933378,0.4189644675969231
181.45000000000002,0.10171294275384658,0.4163116632292628,0.16989132662058243,0.2584312249434481,0.4231070561659831
181.5,0.10056757441569787,0.4083442784087053,0.1712068859718534,0.25234032578615284,0.4204383920768854
181.55,0.09941636104678553,0.4014579371917979,0.16943340024136716,0.2425149741987196,0.4207428574978587
181.60000000000002,0.10542330014999927,0.4100479183249481,0.1725306800674102,0.2522700964638515,0.41890537026124897
181.65,0.1077982343341322,0.40332599782266265,0.1707069340512105,0.2556215981245083,0.4161629865092361
181.70000000000002,0.11503703629324404,0.40520452845966276,0.17766820978798675,0.25130024475275453,0.4113306982089303
181.75,0.12447867445524961,0.4065856242329778,0.17430571051724042,0.2516890913124166,0.4046098655628714
181.8,0.12859838009470737,0.39870330177942115,0.1827667608543991,0.26258708129098857,0.4082319388659083
181.85000000000002,0.1313488598887957,0.3954158025911959,0.18120669205651949,0.259253341173103,0.39596883195967103
181.9,0.13465340951033353,0.3926472321228358,0.18289535158545026,0.2648700803412421,0.4011182713671875
181.95000000000002,0.14433096732783943,0.40530258549300696,0.18438267493649468,0.25505433610692924,0.40557864010038225
182.0,0.15297302779894523,0.40291691489097203,0.19123825869386787,0.265002612547094,0.39772536528396113
182.05,0.16436220935138715,0.40729658029944804,0.18990193988949303,0.2513838129646451,0.393830686819443
182.10000000000002,0.16765797491442436,0.4009494599846707,0.19111995387851818,0.24590474241260074,0.40065490562044065
182.15,0.17676657101130386,0.39552134136643674,0.20528519086929475,0.25119264176586964,0.38132195747437814
182.20000000000002,0.18936856807880206,0.3836083560384925,0.2112339551479759,0.24686771821055642,0.35451349731940335
182.25,0.1947670920438988,0.38585741645719956,0.20553413148713848,0.23971733378638113,0.3299442480935585
182.3,0.19541433886163181,0.3853157668597584,0.21704333108990964,0.23901845316694945,0.3315248024963139
182.35000000000002,0.19992730381414608,0.38886461858908344,0.21876755172551138,0.2356801040615081,0.3255607924539902
182.4,0.21347133993956166,0.3983960854038891,0.22776348011789807,0.22883734819909154,0.32062571267820084
182.45000000000002,0.2221821861011725,0.39215239785704054,0.23386282508481998,0.23637653632966696,0.315166651690273
182.5,0.22194898588427187,0.3883305706944402,0.2381290754230671,0.23276148109585001,0.30423842311272403
182.55,0.22284147683755764,0.38425830386249005,0.2429511559056816,0.2285352345563982,0.29891714282400056
182.60000000000002,0.2348752558040346,0.38171603366976425,0.2446781504758647,0.21803226729223604,0.28303270261771346
182.65,0.24131280982085102,0.36744935303591714,0.24955091131028537,0.21406062341463492,0.2664242552506194
182.70000000000002,0.23622716926372908,0.37097588640082063,0.250901007131854,0.20765891884697033,0.25364430332768834
182.75,0.23503513923097982,0.3618551955735966,0.25060458070701663,0.2064197817608582,0.253507747315603
182.8,0.24010047690739442,0.37056907910897413,0.2515744289899404,0.2066658595197786,0.2592810337218546
182.85000000000002,0.24136153797330964,0.36764247868659033,0.2508710383055887,0.20761565017073214,0.2639424877086435
182.9,0.24445583298610626,0.3660123450841332,0.2517895004964845,0.20374987233734765,0.27096036933725454
182.95000000000002,0.2397561808049009,0.3654456072735632,0.26065501096008586,0.19511697377685241,0.26827555693055133
183.0,0.24379080963685307,0.3578608523456709,0.2624220032623141,0.19359760914945948,0.2742178368554474
183.05,0.2550797558330527,0.3437176934048639,0.2647197771241131,0.18878402488828172,0.27099750365468456
183.10000000000002,0.2521735963378266,0.3392062109897249,0.2680225811210111,0.18454480048574173,0.28191070800753854
183.15,0.26054448460547397,0.3412962722169897,0.2751724946249023,0.1927534220523591,0.2819307092417438
183.20000000000002,0.2683554340390022,0.33201635202244073,0.27011714970770023,0.1830017806826675,0.2949591709082508
183.25,0.2756490685846952,0.3229279990289288,0.2722751073244746,0.18285625348194484,0.3021177336532331
183.3,0.2838335622600047,0.3157823315961045,0.26817427773991387,0.16913987189174326,0.30745210096246983
183.35000000000002,0.2849683370141738,0.3098744472611437,0.2633777213245629,0.17174384936208875,0.31623580213903096
183.4,0.29218627946538034,0.30056572986161534,0.2569294633959378,0.16748710184646934,0.3180296177018347
183.45000000000002,0.2887637057677333,0.2865081954247407,0.25845307069957935,0.16386544639955747,0.3293391149052124
183.5,0.2897632840872044,0.292224468784882,0.26332479149684374,0.15440080744054574,0.3300388967709891
183.55,0.3007182523754713,0.28430807223936033,0.2558926795932139,0.15064906670085854,0.330432245263166
183.60000000000002,0.2960956587315567,0.2821298967761393,0.2501991644126329,0.14996822108543284,0.3377168142860164
183.65,0.3117172065630082,0.2727180460437568,0.24371885784365968,0.1472134537282584,0.35491674464123246
183.70000000000002,0.3211558515256474,0.27087663293872216,0.23416450503132913,0.14341185024076172,0.3647203012090119
183.75,0.3294086921793154,0.2560116373561475,0.2336571878890321,0.1561037304860868,0.37064875274738446
183.8,0.32613385262532957,0.2602668222285706,0.22942699166360075,0.15417234861911586,0.3709401407844058
183.85000000000002,0.327450721145488,0.24743543065809384,0.2273114485915184,0.15761789963418005,0.37686708632523885
183.9,0.31991029977067076,0.2424797170459545,0.22949087153704031,0.15921378343364043,0.38390673610100656
183.95000000000002,0.3271142197267231,0.2379862703557547,0.21894887322860923,0.16774840957292814,0.37764633821100624
184.0,0.327562063995308,0.24242442116420568,0.20575791368918636,0.15339973243193059,0.38211642471722335
184.05,0.3257018963065647,0.2367487355968278,0.20046126412150303,0.15103894150800393,0.3878153169259075
184.10000000000002,0.3228365894857663,0.23560108900732105,0.20180454062453104,0.1520137072365228,0.39375029137507267
184.15,0.3291905582642251,0.24888461158739356,0.20496661620538587,0.1609306022405426,0.3965698273851602
184.20000000000002,0.32264211320745495,0.24538725491272295,0.19791937097609197,0.1581663796863988,0.3994517358858466
184.25,0.31639763697976014,0.24194186900663944,0.18317155937925336,0.1536213300467188,0.3938913911606913
184.3,0.31109106813265347,0.23286322504545462,0.19344365836407293,0.14295197197796947,0.3905547442428448
184.35000000000002,0.3066943742995901,0.2312634804430897,0.20215895873555462,0.12916626515823496,0.387573534204283
184.4,0.30595270869571217,0.23439285583022884,0.19926956934185092,0.12336537094928889,0.38243233583472397
184.45000000000002,0.30718301827152183,0.2320319848949397,0.20391863776758765,0.12748673712948697,0.38298095005655686
184.5,0.3132704382251514,0.23482457846605026,0.19125206806832853,0.12589737093065276,0.3846553639802407
184.55,0.29853468248115467,0.23800344939028603,0.18731010451237398,0.11942725338515602,0.39711573262334554
184.60000000000002,0.296738650361986,0.2388153445221666,0.19901296142240535,0.12098606063578313,0.402256325040497
184.65,0.29868092765837734,0.23034522288952908,0.1895481590217079,0.11692946002271683,0.4008850669989924
184.70000000000002,0.2983907029684455,0.22573438775274834,0.17875117180779623,0.1213127875581466,0.4163680685949837
184.75,0.29293815159953607,0.23235341227742684,0.1667411282494048,0.12238757958233194,0.41997304237437216
184.8,0.29038598450826597,0.23110880780073348,0.15797574276068577,0.12068198687560619,0.4322730202184397
184.85000000000002,0.2831310324985773,0.2198568102397498,0.15665348819207564,0.12121500321833843,0.4376415280908168
184.9,0.2756389726311155,0.20760737858514247,0.14271921858490452,0.10834515884454855,0.44951998557576167
184.95000000000002,0.2633048123692054,0.21205160492285352,0.12467225610919233,0.11612672184782068,0.47073296476242216
185.0,0.2526721235945708,0.2141347117564814,0.11224653930278497,0.1289365167478623,0.48674770874503065
185.05,0.2445832659440068,0.20092605823380016,0.1058775254774312,0.13908287494505617,0.5041866249348774
185.10000000000002,0.23955821982218323,0.19610003880649593,0.0967607214983619,0.1364520771963126,0.5205525830291319
185.15,0.22483353079023452,0.19378539296242142,0.08921939049985418,0.15778159081322032,0.5149004568454373
185.20000000000002,0.22396630260230724,0.19112156010582543,0.08393351604086442,0.16167661147360182,0.5053722585547262
185.25,0.21883462002880136,0.17652611957483222,0.08144136137338034,0.1787642623195074,0.495521454994243
185.3,0.21207844197660536,0.17968771166677147,0.0744903470671418,0.17848793752007305,0.4956682680518405
185.35000000000002,0.2044292194400214,0.17460891823052133,0.0597392858271851,0.18516839844276828,0.5026904905887601
185.4,0.19864995426200285,0.17222024106683312,0.05631384892010173,0.19726377429747982,0.49853291024091145
185.45000000000002,0.1938608975647997,0.17833035505704223,0.04758662576495475,0.19289520781804415,0.4990526270899165
185.5,0.19962231595810512,0.18114673549208207,0.04577268370619181,0.20524363289906164,0.5132681642405174
185.55,0.19558246728616555,0.17386497936412,0.04083645946521638,0.1930138593611998,0.5166603509275915
185.60000000000002,0.19393227124023277,0.17340022720668843,0.029929660612684157,0.20315253705215872,0.5123409923916407
185.65,0.17943578190823015,0.18038785030039725,0.022886684256282267,0.1875907380496588,0.5217553782146604
185.70000000000002,0.15896116117491357,0.18097944296204413,0.014622442639713051,0.1814924909154025,0.5208379246826657
185.75,0.15985374752676992,0.18778443990936194,0.008959106454041759,0.18461139001143748,0.5114304408066735
185.8,0.13887008739456433,0.19031260023624622,0.00978986753968281,0.18762640219059973,0.5168281600803815
185.85000000000002,0.13163955569478658,0.19255048382039006,0.017471326700513143,0.19365999876842677,0.5116129263426095
185.9,0.11942814764575763,0.20620828199007,0.02265850217634133,0.19388283313758303,0.5060668764284164
185.95000000000002,0.11768606802830008,0.2090392876427369,0.023877396908081997,0.1824545499622936,0.5079483443787729
186.0,0.10359962736748905,0.21563680143415576,0.028600200238754373,0.176009434652338,0.5100635990735951
186.05,0.09833519492730346,0.22011468684597627,0.03489195764192099,0.18201444067516606,0.5079888182152132
186.10000000000002,0.09200394075938677,0.22397236601501624,0.04970031832490477,0.17864377306677295,0.502927963837774
186.15,0.08887724029039235,0.2149825837174684,0.05684711862605973,0.17874934722925231,0.4945920118858829
186.20000000000002,0.0763497838658975,0.21356686974532066,0.06330910502372782,0.1874731240634506,0.4758673285101382
186.25,0.07607461558547632,0.21249349131028375,0.06951555296563652,0.1840080922054141,0.4852321823619001
186.3,0.07657476795466336,0.20734570748608527,0.08697287643263311,0.18203768513569019,0.48647757128583313
186.35000000000002,0.07266171961937282,0.19662740050967384,0.09389613847204499,0.1925423442696568,0.5006178800444652
186.4,0.06253241605760262,0.19586225888653153,0.10601730023225397,0.1973849603400737,0.497371777480151
186.45000000000002,0.04805426948329207,0.20316788676280423,0.11719761912233238,0.1887580818832276,0.4914891745518479
186.5,0.044922205070514934,0.20425244539314374,0.12878688620573958,0.1933110693956161,0.49118976453904595
186.55,0.04215617905104931,0.20286059945908683,0.13612165778737767,0.19392111572456255,0.5015268519865639
186.60000000000002,0.03757412844612315,0.21293425099966504,0.14444116676513655,0.19354194238856928,0.510501337770829
186.65,0.036409359799321445,0.21965285705219648,0.1496505133118706,0.20548385099820993,0.5211203330163434
186.70000000000002,0.03490053207178279,0.21389697600352048,0.16227161271709026,0.20695018188526196,0.5258777375059268
186.75,0.04383376742786241,0.21995091228206853,0.1660484570637673,0.22003354429790353,0.5265191337325669
186.8,0.044243223878105774,0.218394111012474,0.17184892011165376,0.23171395534971845,0.5220403452867128
186.85000000000002,0.047190397574977686,0.22087637946169958,0.17387584630716468,0.23548382606373322,0.5285000158332245
186.9,0.05533185368151872,0.21940935888829383,0.17944677613637527,0.22892858186446782,0.5468548208048611
186.95000000000002,0.05553376562785453,0.2158362612305112,0.19359641090999472,0.22809991981278901,0.5524244871117633
187.0,0.0600523098686479,0.20645647516489224,0.20917135221356797,0.2148499135081687,0.5507001209450997
187.05,0.06636535659068665,0.19919863432078064,0.21457348580991423,0.212301726534891,0.5627273993707331
187.10000000000002,0.07287703844598581,0.20145432579856037,0.2237468336526063,0.2119742496508317,0.5566274552847797
187.15,0.07519689460111434,0.19807267117121868,0.2374502846388977,0.21079022191874125,0.549381721165951
187.20000000000002,0.08585284006590131,0.19573435097531475,0.23930132924458358,0.19855612385979748,0.5540771214714773
187.25,0.0860919765449774,0.1946990681899758,0.2491283660161229,0.19753556532975364,0.5411622682541558
187.3,0.09713653397170453,0.19143631690717058,0.25360197433322523,0.19175749119155017,0.5345417330221549
187.35000000000002,0.10206639693775933,0.19904898015523553,0.25806969844072253,0.19445730250011378,0.5175872699312065
187.4,0.09616546030330289,0.19441635996063122,0.2679429275498662,0.18428047260002445,0.5029390093693329
187.45000000000002,0.09201874795915556,0.20120135534393158,0.28062329923322615,0.17919721594701618,0.49979610018053294
187.5,0.09566032257362107,0.20677738595766285,0.2910189803131383,0.1813785426663399,0.5056293578576482
187.55,0.10085428281316243,0.20582466019090487,0.2984561717384158,0.18294426082549012,0.509571696797991
187.60000000000002,0.11087438821165038,0.21467108314162156,0.3020735935985527,0.1930907316839733,0.5114440337026029
187.65,0.11493394712379212,0.20717301174215993,0.3158827859099584,0.1911114413604083,0.5141433533303453
187.70000000000002,0.11844668703436488,0.21142864951763135,0.32681231059846244,0.1905195731567134,0.5156290996662768
187.75,0.11940328029644773,0.2065111360280782,0.3304592391714871,0.20286006681035665,0.5222269435171246
187.8,0.12293979440645053,0.21031321938321101,0.3389477142007799,0.21762770812380844,0.5127466142209892
187.85000000000002,0.12826412005676155,0.21423315714489302,0.34255355244559554,0.22259514730137084,0.5245275188596145
187.9,0.13236555086223922,0.21666210406540248,0.34388254504329496,0.21125224497110645,0.5264426204396216
187.95000000000002,0.1387797789586853,0.21111679110112258,0.3551743775812708,0.19246987500134705,0.5269386316323077
188.0,0.14406387759875136,0.2065491439678995,0.3615100792829537,0.18440337377200633,0.5210979022566982
188.05,0.15771775405480296,0.21034270572914757,0.37498279881898217,0.19568242876493402,0.518998978774251
188.10000000000002,0.1634795967280914,0.203365335232252,0.3862161962640724,0.193312909529797,0.5278273185143741
188.15,0.1586789602463704,0.20236020491625928,0.38506351731752697,0.18976863309811443,0.5280915519717322
188.20000000000002,0.1554636423664927,0.20211856512767784,0.3864320934266971,0.18519943600140634,0.5277177860416358
188.25,0.1488898089024456,0.20621196881545317,0.3898206210438403,0.18838465682675115,0.5320138929123844
188.3,0.14069428587585212,0.21158206369290963,0.3870914899760498,0.18951002180595913,0.5318363172368562
188.35000000000002,0.13130924497030746,0.21442555921931236,0.39641709760107263,0.19586045979773845,0.5344432429179841
188.4,0.12608307423689954,0.22461524506053673,0.39381402229377205,0.19805679215768046,0.5398414904194997
188.45000000000002,0.12505279117644302,0.21314919878468472,0.39730456226812977,0.19823859122196877,0.5411358049520906
188.5,0.12490919634804627,0.22273103074241962,0.3976102819729397,0.21260193934035412,0.5418746699889083
188.55,0.12398304690962327,0.22572361931014823,0.4031177547866509,0.25006580156954095,0.5349065846406845
188.60000000000002,0.11582563169445642,0.23777768342413744,0.41002494401643025,0.25425335400151355,0.535027268014137
188.65,0.11525497358320447,0.24252351608457806,0.4093773818969266,0.25875351597101537,0.5419957768773399
188.70000000000002,0.12454313896291606,0.25367451288211906,0.4060456908912607,0.2593436557605732,0.5463527191662979
188.75,0.1278108662255325,0.25331675947793114,0.39296978558614104,0.2639367142603685,0.5381489348717119
188.8,0.1340421340940515,0.2485796537082011,0.3925818829090534,0.2623755108358736,0.5413647979921118
188.85000000000002,0.13569350898617843,0.2580588740475702,0.4000817015504807,0.250741204899479,0.5252417844693206
188.9,0.13181691585776376,0.25368357139074044,0.38950797668186554,0.2493862334976824,0.5267778215695211
188.95000000000002,0.12980554907926728,0.2530856340477518,0.3796815421143219,0.2421092664091756,0.5235838997344964
189.0,0.13775664563468829,0.2528434616349629,0.38091023155694004,0.23069920645791636,0.5142792824452992
189.05,0.14209100491020651,0.2481397437552293,0.37461553957671484,0.22798221698113158,0.5107287227838788
189.10000000000002,0.1453587901218652,0.2398200783727941,0.37444746153161856,0.2270030240850661,0.4994396353045107
189.15,0.1416013473490928,0.24501685206368778,0.3716143357751879,0.22238269942241784,0.5078044396439849
189.20000000000002,0.1436746183616133,0.24602771769688211,0.3659812514709178,0.21421372977776046,0.5073944797903138
189.25,0.15052635270009299,0.2452615277385016,0.35486896470062546,0.21200517898601526,0.49802819031969386
189.3,0.1619739912520248,0.24257901793678127,0.33632401314178517,0.21190576530089522,0.4944143503334374
189.35000000000002,0.17171121189541358,0.2547343429302861,0.33366094021590165,0.2155890610183935,0.4930737529119428
189.4,0.1718724335232863,0.2498578046451673,0.32246767499905843,0.2131368399980486,0.4843233360646433
189.45000000000002,0.18545390491472838,0.2459122307747336,0.3176852106530853,0.2091711454725373,0.47720496322896017
189.5,0.19748228103935475,0.2617836255244147,0.3019156735432871,0.21603221264347236,0.4696538499996101
189.55,0.20675604868353867,0.270693696057648,0.30146814952846895,0.2196618849783448,0.4577845754775756
189.60000000000002,0.21115643742846862,0.2685749592023647,0.29742021178130806,0.21803323313629913,0.45157628686410717
189.65,0.20714938144911232,0.2741249028564087,0.2924198098771342,0.22330928762457042,0.4492142412246913
189.70000000000002,0.2081901102568556,0.27845240088808004,0.28393248091230183,0.21845817743212503,0.44943203298352125
189.75,0.20370645761509995,0.27687212989004095,0.2823365198668967,0.22690065290946734,0.4484936365003033
189.8,0.20549460924361238,0.27888049922492714,0.26947356156809976,0.22398779974119545,0.4462047893618821
189.85000000000002,0.20523480687388243,0.27773171696045723,0.25208036609578655,0.23295833004498198,0.4496088876449417
189.9,0.1985458688317258,0.293230665097784,0.23937043809387074,0.23255919730308375,0.4404172900690135
189.95000000000002,0.19847860028243045,0.2914186548387936,0.23752697514040047,0.2459129527038748,0.4321483880889721
190.0,0.2068343029815175,0.28992440618187393,0.242605164529617,0.24465129174735517,0.42753018711386825
190.05,0.20955217550472913,0.29258882700123356,0.23326670794901383,0.24746359929612027,0.4352959017903341
190.10000000000002,0.21034626825768832,0.29728950563405904,0.2259719400558898,0.24236202752686312,0.4282204131227359
190.15,0.20403441771246295,0.3082167007270961,0.21643402524612954,0.24573278837543258,0.43175590582318224
190.20000000000002,0.19734291369484905,0.30496397144508114,0.21286122857573217,0.24605628462354132,0.4305550908289799
190.25,0.188470128535844,0.3136050568860915,0.197940585621267,0.23876813685940548,0.42932720319683965
190.3,0.17949166435129005,0.33092093463124944,0.18394566785129254,0.24245235285632824,0.429603593293465
190.35000000000002,0.17176075226745907,0.3299759593893069,0.16747326661782808,0.25114911841431353,0.4295542085786866
190.4,0.1753317737210595,0.3423974171324215,0.15637272606287206,0.25274728215713477,0.4242209359162549
190.45000000000002,0.17068017398659902,0.3486379903278189,0.14888765870435122,0.25459545994682187,0.41945584239147904
190.5,0.16977207870641584,0.3560667126493925,0.14558620736232167,0.2609721470813211,0.4201516305062797
190.55,0.16065256615025594,0.35074240634490345,0.14749378839323932,0.2623384012166894,0.4204725729031777
190.60000000000002,0.15726235590476748,0.35064324384897333,0.13761494564258767,0.2607677862935535,0.4199259545680027
190.65,0.1545222437828404,0.35168863185354543,0.12889314562818752,0.25448986808891827,0.43170040899843726
190.70000000000002,0.14126539080463413,0.34300823181623796,0.11572723936372963,0.24625106436994873,0.43411524462928125
190.75,0.12593459149721067,0.33816282830944117,0.10140042715505337,0.24688892105268528,0.43282919952480625
190.8,0.11876309548314745,0.3462546140813504,0.08773706367308423,0.23898170990621578,0.4164499092500167
190.85000000000002,0.09941648895534451,0.3423335450294363,0.08274876476275245,0.24635645307411194,0.41641412637614394
190.9,0.09410094635111489,0.3489898289146656,0.07099408574564858,0.2449890979913253,0.4218351647334128
190.95000000000002,0.08645271214739439,0.35869908892409974,0.06670062640499533,0.24452042181153893,0.3959802124564766
191.0,0.07736438292505195,0.3503976331481766,0.07142566825717055,0.25204328229692363,0.38178267491456963
191.05,0.07525235645554777,0.3641028190963763,0.06470502327010937,0.242100085928448,0.3831818304435782
191.10000000000002,0.07866364680698539,0.35397201465643263,0.05594498709438428,0.247551466801593,0.38160381425178636
191.15,0.06901132801186335,0.36010383034182714,0.055823289559310194,0.26134580700751353,0.36866478579504747
191.20000000000002,0.058606770758291626,0.3569042140070282,0.052867541510310465,0.25324695657307345,0.3562940049698043
191.25,0.06391490136761137,0.35795678525374697,0.0533902375539522,0.25303073626309974,0.34738912605198413
191.3,0.06524711622438828,0.3480494827454426,0.05194275160125041,0.24463239409740734,0.33854998322263824
191.35000000000002,0.05920738950119432,0.3412692826454474,0.05172454562661658,0.24158814852563087,0.3174549286194286
191.4,0.06157177062912869,0.33149102260470115,0.05725326470030649,0.2364646877421212,0.30569813986069866
191.45000000000002,0.05823035464341576,0.3195000568146949,0.0565776350961871,0.23350140324947713,0.29239701692955017
191.5,0.04995032124066741,0.31364164856566495,0.05791902145139716,0.2352903858143665,0.2961015033971492
191.55,0.044787154934040216,0.3202774843328934,0.07040397737353277,0.22441091451715245,0.30239830849001437
191.60000000000002,0.04516424391972309,0.3193716665726937,0.06836962950644287,0.239440808567474,0.3053310430324857
191.65,0.03917341191330147,0.3228314609182911,0.0791526156387374,0.23407024694261963,0.2972683558098526
191.70000000000002,0.039208139321970675,0.3221175387225634,0.08586894248312756,0.23713494605017457,0.29708117265639294
191.75,0.03606155662188333,0.3241635647240942,0.08648182059812043,0.2438052430682175,0.30758321317105164
191.8,0.0312923901209743,0.32958654426017986,0.09408128455107836,0.23465158019266102,0.31701953181434994
191.85000000000002,0.022657128168749836,0.33082439446555323,0.10429960067792209,0.23019253467900117,0.32606501648569164
191.9,0.01855987736732171,0.33020217567743954,0.10221935249285018,0.23848473717427957,0.3159853614791261
191.95000000000002,0.008112582266333497,0.3258694980296758,0.11102829054342186,0.22850943409328392,0.3050038064232548
192.0,0.015354880486813875,0.3326795979186986,0.12036663940140148,0.22403107841851552,0.27323077606578366
192.05,0.018712737303587017,0.327735783755986,0.13180034219441786,0.21895813540075743,0.2570321706236975
192.10000000000002,0.018052865236934855,0.317737184227218,0.14320050548987168,0.21804097318231064,0.2491126750893932
192.15,0.022651195434416824,0.3243414454607135,0.157960899712051,0.21853617333991135,0.23179794800432335
192.20000000000002,0.033225086152840595,0.3294178510556836,0.16811511267007706,0.2323622280663642,0.21777493347190055
192.25,0.032956354807731805,0.3279919835357206,0.17955999347184187,0.23778411353505002,0.2241668260797871
192.3,0.04361482957968677,0.3351774993827496,0.1879436048192963,0.2364869934963673,0.21896154621166317
192.35000000000002,0.04620307649845254,0.3329890885731995,0.19560928792405421,0.23579209357869302,0.22303076191854468
192.4,0.05277963449219661,0.3363588837815098,0.20135951959553725,0.24033639635679227,0.22235324804100512
192.45000000000002,0.06035090683801803,0.33715303509017236,0.2053049723379316,0.24439648650078333,0.2145440115137612
192.5,0.05802018696966407,0.3281171251694563,0.2147517846344702,0.23766004685818323,0.21818281597973416
192.55,0.06265644121968535,0.32487063874642236,0.22833938301040532,0.2486013291424295,0.210223013357995
192.60000000000002,0.05948989713555712,0.3329551216150174,0.239522544022572,0.25678072710445476,0.18831862929252896
192.65,0.05949891893462468,0.3328503967501467,0.2508341234555975,0.25943568899150193,0.1720088986005188
192.70000000000002,0.06208331554109828,0.33374847370236527,0.2520090264600865,0.25108499658879524,0.15247925103845575
192.75,0.061910995440336576,0.33101785279216983,0.25455340507691393,0.2498122781827583,0.15043425815917846
192.8,0.06972407731914752,0.32743889598443116,0.2578439744498614,0.24462871792507362,0.15712922383126934
192.85000000000002,0.07269560783235272,0.32176369344777545,0.25980243799235386,0.2400011150081517,0.1660560474010955
192.9,0.0818241543431235,0.32373911496300445,0.2665073017203726,0.24002144849203252,0.17803984087613403
192.95000000000002,0.08960811828883684,0.32018768976068823,0.2775600463673283,0.2525609150124446,0.1856064896670841
193.0,0.10139360158433555,0.33734387542173966,0.29006636676753966,0.26346907164285005,0.1940565097809007
193.05,0.10228322448046105,0.32950318236146037,0.3024556164511239,0.2869140405376962,0.1958149113511319
193.10000000000002,0.10923686062284348,0.34000159018545967,0.3106295025038016,0.31025195402993366,0.1997133517242524
193.15,0.12067298846515032,0.3467191708356736,0.3159751574292893,0.31752551152361236,0.207186103778343
193.20000000000002,0.12368986115552252,0.34322680260903865,0.31738984286268895,0.33362087442358773,0.220314198190322
193.25,0.12739904235395233,0.35134978953953705,0.319000726021851,0.33885659815739105,0.2370720645186824
193.3,0.12545480326717146,0.3463813349455244,0.32056735233052674,0.3377107106931449,0.24234631246084762
193.35000000000002,0.1350544394816739,0.342107259331684,0.3266325099854196,0.340101325235439,0.24604761961375102
193.4,0.1453465977525974,0.3351208507902572,0.33607925730396065,0.34441268328911523,0.23920892972030883
193.45000000000002,0.15481498354133874,0.32272682418994086,0.33907507774291784,0.35275374607646814,0.2647644314182446
193.5,0.16415357738732284,0.32882277179823505,0.3408493188374625,0.3556408422447615,0.27992879100728074
193.55,0.1791921868151586,0.3362972114763978,0.33799942935870525,0.36510436930801443,0.2694077742939379
193.60000000000002,0.18722057762142225,0.3355224119060049,0.32976810002077445,0.37140181417432105,0.26532056418353106
193.65,0.1904839005324613,0.33585672942272377,0.3214055869515829,0.3882524658363222,0.27753421363056485
193.70000000000002,0.191933543371402,0.3373051705589372,0.3174222787781446,0.3895234073783701,0.27581837987104585
193.75,0.19161993734758126,0.3358524437635027,0.31512265436646636,0.3778807694163077,0.2814762123239275
193.8,0.18624972688534772,0.32880025324103523,0.32050183450931946,0.38709964811891073,0.29826399152081
193.85000000000002,0.17724884807755373,0.32939801436827876,0.325938090122632,0.3802130741586862,0.302073999682229
193.9,0.17271032606227973,0.3326053390606071,0.3420232297904062,0.3831595282895864,0.29823664984772374
193.95000000000002,0.17278850258372774,0.32240138506915367,0.3495802783711553,0.3705861937798181,0.308497436494193
194.0,0.18381591266940472,0.32901860592027243,0.34758312261556873,0.36257532078642035,0.3165828007709312
194.05,0.19496400393259838,0.32163104485133537,0.344079706271622,0.3641884919281946,0.33019147101841567
194.10000000000002,0.20133642302382496,0.32078372902609803,0.3545153924922425,0.3633145714328927,0.3416568695220223
194.15,0.1994334930959127,0.32345101696069134,0.3590515165747947,0.3735957832722096,0.3486574717700412
194.20000000000002,0.19244010685729596,0.3258053925410402,0.3503992199624654,0.3782038135775221,0.34866898338254815
194.25,0.1880912032598833,0.33285601294975153,0.33676144414847337,0.38591149242486383,0.34369515679171225
194.3,0.1864510799223178,0.3295976940517583,0.3263277680244754,0.38479590551849835,0.3447568520224827
194.35000000000002,0.18520582783191009,0.3383715280092417,0.3288923131873035,0.3892442918943746,0.33740059052641663
194.4,0.1934108824790935,0.3463933952692643,0.32430112556250396,0.3862212733516756,0.34450852991857084
194.45000000000002,0.19828794748454143,0.3429049375831274,0.31795581958077956,0.3738300686397277,0.3428775967477597
194.5,0.20023372770392042,0.35217229767801655,0.308147723708687,0.37466760667740195,0.3385369414880529
194.55,0.20249722023206013,0.3485885837662386,0.3029217205683646,0.37007307080777674,0.3369815049917747
194.60000000000002,0.19959512477290747,0.342016760960357,0.2891311628334985,0.3673091738147341,0.3424461923502946
194.65,0.193336858484711,0.34289972093234516,0.2611115597596225,0.3628417778382655,0.3461094989929543
194.70000000000002,0.18913493791749997,0.3423283662212862,0.2390351592935665,0.360810729684746,0.3565282350462734
194.75,0.17950602018114792,0.3426757651413327,0.22973967153587005,0.3503321192904478,0.3733515670586132
194.8,0.1705268635677605,0.340032771682259,0.21557643491456485,0.3447842097318151,0.3811705620900586
194.85000000000002,0.15879211325491796,0.3381648227246308,0.2033461433802992,0.34518044384731866,0.39170368610601675
194.9,0.15082150826382776,0.3455195606858232,0.1940478704388326,0.3448131352772746,0.4025709907052357
194.95000000000002,0.14885281889603713,0.34365683142551967,0.17652966892521516,0.35228223312605134,0.4095159585372243
195.0,0.14201326628498961,0.3394602307951027,0.17598077227932943,0.34884703283017926,0.42884855183562576
195.05,0.1382941443605222,0.3346729407787895,0.15520153088582445,0.3441621277541821,0.4264163099345366
195.10000000000002,0.13630209544505273,0.3337323273316168,0.14491168215865377,0.34386463224579333,0.4390086276150615
195.15,0.1395427769223522,0.3308010653346584,0.1382424018602666,0.3496335119147128,0.45102316981388163
195.20000000000002,0.14151991466270525,0.33262943424073915,0.1310267854874171,0.3504731273982392,0.45868267888023595
195.25,0.13944234789338725,0.33628507500400323,0.13291222362733482,0.34316984894233965,0.467933331217515
195.3,0.13593250375447238,0.32804081555709746,0.12905577233059248,0.3427627265747931,0.4623587908247644
195.35000000000002,0.12913096192925994,0.3286993662755482,0.12429386714435019,0.3354964583692761,0.4707958245684708
195.4,0.12119896429441976,0.32870746080923524,0.12634718572883766,0.33700704229460804,0.47417989290672874
195.45000000000002,0.1187146856518797,0.3152783032600243,0.12867799000751978,0.33156601333558217,0.4559615950909464
195.5,0.11250824403455773,0.3146821253732145,0.12472055123308155,0.3276249719771834,0.4456142320958083
195.55,0.10517513232205633,0.30463072165411714,0.12830309229842182,0.3280385789893038,0.4432155603140048
195.60000000000002,0.10079174132055857,0.30441186975066115,0.1268310051509143,0.3329778830956416,0.4381843663695004
195.65,0.09113052474149606,0.3107573587282109,0.12261447024529792,0.332059320878398,0.43517446378972674
195.70000000000002,0.08032308509676969,0.31215951679400966,0.1183896413314345,0.34081896207878276,0.43329645676582673
195.75,0.07372840125439255,0.31520526627455697,0.10701859142432653,0.3366136263619626,0.42418313543931707
195.8,0.0659948352283393,0.3168375021143684,0.09802207206271807,0.3376295724218391,0.43669945226328305
195.85000000000002,0.0529423952934404,0.3238257535086564,0.09744898693225536,0.33003771220085204,0.44563830638201263
195.9,0.04561779902179028,0.3209705195284742,0.08880939564857612,0.33890036360616166,0.45145548310271916
195.95000000000002,0.03800556391188327,0.31845260385372903,0.08295549155927058,0.33048265206589494,0.4477619065747573
196.0,0.0380469212446699,0.31014318940400115,0.07445351338942166,0.3194695337391072,0.4380225258119624
196.05,0.0312225646099146,0.3031402193151191,0.06426150432538517,0.31196692838194423,0.4389087492059635
196.10000000000002,0.03492180167720409,0.2976996018152781,0.053342599272575855,0.31471311424775483,0.4369145934543133
196.15,0.04248358158520381,0.2999270981234659,0.04841461726160607,0.3004386793340124,0.4414509845752896
196.20000000000002,0.04164398723960743,0.2949353631417261,0.048662466291424074,0.28498542211228667,0.43230452026025473
196.25,0.047129663174621104,0.2847976604867578,0.04182648354185767,0.27268997861190525,0.42328842391177846
196.3,0.05163054589953053,0.275497339619863,0.0401372879645899,0.26506558553097526,0.4183445250980326
196.35000000000002,0.05887526107440078,0.2760249525677789,0.03650264125214624,0.25479573910975556,0.4142368818423775
196.4,0.06827408087095825,0.2762971853043539,0.02133931803212932,0.24373187981743658,0.4138716207030414
196.45000000000002,0.06953029760592559,0.27886953883262333,0.013042426543227832,0.2581082524613579,0.4172994707571391
196.5,0.0815018333818622,0.289798379429576,0.012290369946779903,0.2554977844299762,0.4262587868625233
196.55,0.09078516374884477,0.2844838058936989,0.023794145097134258,0.2592795695946632,0.4274996471541959
196.60000000000002,0.09881421985302734,0.28782563431672087,0.029377293137673698,0.2553419183110517,0.4326192513862139
196.65,0.10469034961405342,0.2874199436867171,0.039825937814517064,0.23866189320454434,0.43964984331081125
196.70000000000002,0.11459212782258676,0.288600512269136,0.04573444351621668,0.2409831746668011,0.4455446025880792
196.75,0.11888676048077157,0.2860798507010111,0.05485066770738803,0.24624887737996365,0.45404492737468205
196.8,0.1273022726597391,0.2974525305086277,0.07167898858588331,0.23611246491158178,0.4650582172082826
196.85000000000002,0.13786520953945108,0.29158922577756335,0.08082911116510477,0.2369567166908428,0.47175531582607594
196.9,0.14402252927735315,0.29001081732745093,0.08733815435277278,0.24243697799662972,0.47628875525694014
196.95000000000002,0.15226352230459453,0.29667620437667114,0.09548151922898711,0.2425562526150066,0.47725620838618804
197.0,0.1608503544348005,0.3059336819987785,0.10494441881844693,0.2340496747235768,0.4754664041820474
197.05,0.16844389095939633,0.30277879234173916,0.11246784855539453,0.246334694401423,0.4767072095841485
197.10000000000002,0.170598489802387,0.30412966101411065,0.11205878707685538,0.2400245393083012,0.4751568966639982
197.15,0.17159312880031052,0.30151337235697095,0.12373685398914341,0.24009907114320433,0.48600627632783233
197.20000000000002,0.1816639797643799,0.3087095196837879,0.1367801505147389,0.23326491487447684,0.48898954484058654
197.25,0.18303120375305235,0.3041597320960175,0.14545283944428614,0.2474558674988593,0.49307540388290333
197.3,0.18614035522437772,0.30728080197085256,0.1551359336666036,0.2452351031722352,0.49545942024386
197.35000000000002,0.1857393989235819,0.312806143445012,0.16033420275858407,0.24886239263220147,0.5036575429126369
197.4,0.19419206964840113,0.3203758722245955,0.1653105894624421,0.25312971096670056,0.5000040925262901
197.45000000000002,0.20279810544421698,0.32414593675320147,0.1737351055494254,0.2527778886900668,0.5047141125834007
197.5,0.20536378651727272,0.3215237909216621,0.17788772950859047,0.24582430414054277,0.5022066497992232
197.55,0.2177478881010027,0.32250680153265815,0.17999269503587886,0.2562072500056797,0.5048142563365128
197.60000000000002,0.2221082371804132,0.31760186727755685,0.18072745947539842,0.25100587484119286,0.49971964583472567
197.65,0.226318637156968,0.3039283392671864,0.17813098897941188,0.25377965619454174,0.5008959115807935
197.70000000000002,0.22297002012100367,0.30398762355218023,0.17989970781270934,0.24761324663241022,0.49298874794383196
197.75,0.23163161598042956,0.314441957110596,0.18337782216168677,0.24125459176413327,0.48847613698695747
197.8,0.23324714841114308,0.3119385893774776,0.1847223150953682,0.2463353169377964,0.49599279922963146
197.85000000000002,0.24990530218379592,0.31849246268711956,0.18481010789761798,0.24072787890823652,0.4869339632599569
197.9,0.2521898033024337,0.31802489814467577,0.1894680639917154,0.2351264940515356,0.48913765121916114
197.95000000000002,0.25695739118554206,0.31757224538248324,0.19017687383060028,0.23581351856553615,0.48744273308705993
198.0,0.2608963265890762,0.318890122049296,0.18699230780478637,0.23840911919644267,0.4822479934242513
198.05,0.26146734659503656,0.3211443605431437,0.18501785417035738,0.23642868901576572,0.4766430368313427
198.10000000000002,0.2567524996407951,0.31444334289095444,0.18798110915100083,0.2387659948108375,0.4753559131205809
198.15,0.2579469936369873,0.3149311406502165,0.19531998006896756,0.22842175805459794,0.4769989669804306
198.20000000000002,0.27036705789195326,0.30727414043144863,0.20135544207837883,0.23468793539805757,0.47733440124745913
198.25,0.27120016428315025,0.30619550148457825,0.20287793961394834,0.22592548691036712,0.48135528938631467
198.3,0.26611911663194926,0.3046158301337956,0.20472775960353237,0.2250956731400712,0.4857271501288932
198.35000000000002,0.2620243754250077,0.3079466405456194,0.2098222817431884,0.24219679023027466,0.4866234980684138
198.4,0.25731660181175753,0.31508495135217796,0.21233296509976782,0.23805750688695745,0.48872645878096177
198.45000000000002,0.25158417706268826,0.3120882605787324,0.20928437381141393,0.2398750921795742,0.48103703389815455
198.5,0.24764413837496593,0.3072741344658642,0.2007384556697247,0.24049390156277003,0.47483442519733193
198.55,0.23434721286082769,0.3118538801653075,0.19159507171725662,0.24128962562641948,0.4709318041770182
198.60000000000002,0.22830076340732286,0.307079310742692,0.1911619823635138,0.22923264858085185,0.46000586387796866
198.65,0.22779961242372082,0.29920382810229845,0.18977939174836078,0.22455687275570033,0.4655258236092557
198.70000000000002,0.21860114488156573,0.299333553129719,0.1867268547620572,0.2192142253012498,0.45956234225851483
198.75,0.2245926367024101,0.30102707916240223,0.18368268556982625,0.2146420242301169,0.4548395344820041
198.8,0.22375543835257272,0.30243739536201597,0.17893171990267479,0.20131441590254012,0.4429910505279797
198.85000000000002,0.23187528205186483,0.29642043979740584,0.17937544592204138,0.19676743161928237,0.4421504376656665
198.9,0.23677707759690828,0.30673051570088855,0.18127598418328947,0.1863397301979471,0.44572813741429085
198.95000000000002,0.22857608345559197,0.3073301297603198,0.18394783145659066,0.18288962813151582,0.44206375523622327
199.0,0.22540075315086391,0.29249455388950146,0.18780908041438102,0.1784997057056179,0.4431610332109189
199.05,0.22624766738990784,0.2940456042101304,0.18826333584641433,0.17623574300034583,0.43185373131002497
199.10000000000002,0.2207607337504125,0.29904326115026336,0.1896641491719935,0.18036757454684124,0.43739433983601594
199.15,0.22360167087873536,0.30034875731183197,0.19045351396199703,0.17033890171838115,0.43556496043231263
199.20000000000002,0.21037027574378936,0.28973933310664207,0.1990360824524678,0.1664891024256081,0.44871300012118237
199.25,0.20274299952414038,0.29746685390143435,0.19870715483082907,0.1693446690911166,0.46214943282893606
199.3,0.20107196400203883,0.3003199582160339,0.19876555667289572,0.16853925647837564,0.46346901299120485
199.35000000000002,0.19483449061334154,0.31222484910972675,0.20338922684168062,0.16510696430778588,0.4666005085236062
199.4,0.19821290847910614,0.31758648904325043,0.2091694510851295,0.18307198596186477,0.459728285896872
199.45000000000002,0.1846175186903619,0.3286181703220777,0.21502696528769866,0.18441373899849664,0.4656388714068522
199.5,0.18486354587537945,0.3409229824796861,0.22713588666876508,0.20593199629225054,0.4716348525565401
199.55,0.17693600673115717,0.3506940766562487,0.23204646634701692,0.22188779021036067,0.4895594958616623
199.60000000000002,0.17146813782941667,0.36753381552781417,0.23077353962754552,0.24466851165649037,0.5032485941114556
199.65,0.1660146645305107,0.3850774677131058,0.22890892173193686,0.24658176357814196,0.5002725191708863
199.70000000000002,0.15363067466204045,0.3746395514546875,0.2222534730855679,0.24862515201763896,0.4927243595138451
199.75,0.15224962723335306,0.37860496736469706,0.21963093613891582,0.2619680377016322,0.48479520384636543
199.8,0.14140608066630053,0.37710347505094033,0.21323230807230464,0.2522828944768515,0.47411951762285315
199.85000000000002,0.1388107267780706,0.37516933071267594,0.20465890944770154,0.23556166878691934,0.4665919071080776
199.9,0.14094575011769134,0.3672329422863412,0.19872140041797845,0.24680108977426604,0.4669472996397904
199.95000000000002,0.14358555300834755,0.3712593261818759,0.2047784538564076,0.23917639528642645,0.46130324629753544
200.0,0.14296372453266654,0.3680658423062459,0.2048428324417956,0.23430260722356777,0.4621449334964134
200.05,0.14878719733477444,0.3687117365997469,0.2070410898853286,0.22730743715938412,0.453738676743574
200.10000000000002,0.14560691490607938,0.3699875873267938,0.20303005320208792,0.23148284121346513,0.45364782302117557
200.15,0.1404397409547719,0.37654846163217065,0.19706987176779042,0.23442519914598534,0.44280372312046495
200.20000000000002,0.14149506547673163,0.371557776809467,0.19643408847468705,0.22090880854285114,0.4371132230407218
200.25,0.13878728433616505,0.3738505157646472,0.18953971524161775,0.2225112068954917,0.4339430505291441
200.3,0.1333135312517847,0.37368971413971414,0.18771196860657263,0.22520627706276647,0.43665016033864146
200.35000000000002,0.12340883323755103,0.36937835717288914,0.17825167815254217,0.22190778641123585,0.43831259375229725
200.4,0.1224701477273042,0.3696119312198397,0.18048071980115776,0.23214617720074152,0.4294210712334501
200.45000000000002,0.11436439627134473,0.3663066227266419,0.17878640480707014,0.22950605580204742,0.4212318884028161
200.5,0.11463337815103125,0.36544681762132203,0.18228970211661122,0.23194382991589718,0.4286995638621376
200.55,0.09825731253754662,0.35659010200475816,0.18310395455348163,0.22974519208097335,0.4279506685829564
200.60000000000002,0.08932336240657705,0.3621207574650115,0.1811201051090037,0.21939525586852157,0.41668827961996124
200.65,0.08865472803648289,0.35762756486597724,0.18225616051484525,0.21377132278971897,0.40230017211608626
200.70000000000002,0.08457164669757172,0.35452470692413307,0.189906099303147,0.205030756284099,0.3910015389747315
200.75,0.07435310148674239,0.34096303773305797,0.18653114740257107,0.20545514729414124,0.3783868689926152
200.8,0.07871499473410654,0.3390952911232314,0.18983469382421525,0.211604701279862,0.37166589197035654
200.85000000000002,0.07916274808150853,0.34383335089362516,0.19729612999073054,0.211901366108964,0.35802385498667627
200.9,0.06706275203859811,0.35336249451029944,0.19726185048228256,0.1989109288542848,0.3413523859039995
200.95000000000002,0.0631248531173348,0.3544540436971596,0.19699544442718298,0.19746982713838665,0.32385005790975646
201.0,0.061588504237873064,0.3516307546568257,0.1952000263615724,0.19585499938992934,0.3148874709918855
201.05,0.05134667302578904,0.3538896246390981,0.20277237848106647,0.18556159409486542,0.3007689334804386
201.10000000000002,0.0422397912432592,0.3506528705431059,0.20982726770677476,0.18805498749045838,0.2802146487419812
201.15,0.04431645241535967,0.3493825289875871,0.2194668305706622,0.18393781376087096,0.2628627308802689
201.20000000000002,0.0444445350050202,0.3535816894509707,0.214509206680016,0.18432096484571733,0.24733498180441177
201.25,0.04151477825628148,0.3513915408691012,0.21753126727340963,0.17170945702962856,0.23633251519579251
201.3,0.03881895667746515,0.3450974016873968,0.21756259414783743,0.16920335836958872,0.21063510067666352
201.35000000000002,0.039384189729971986,0.3386718706661607,0.22974185522483287,0.17706933884783094,0.18321065558601346
201.4,0.03957207312152043,0.33270317743270056,0.2337897367033289,0.16897764289197695,0.1752303539948361
201.45000000000002,0.033310642079515236,0.31819809957899137,0.24200734936512405,0.16319803787793538,0.16055095201997568
201.5,0.022531455144961788,0.3230584510779204,0.24683956931928783,0.1609777969304229,0.1524133243276843
201.55,0.014551949245631754,0.32010704749069036,0.24075350627374348,0.1677885894827229,0.14421934517978283
201.60000000000002,0.009882619636706585,0.3240480985606554,0.24116729541207524,0.17612072076655705,0.15136686486946802
201.65,0.023693473441691894,0.31306216453264185,0.25239321716952223,0.17844789522009044,0.15684156802744564
201.70000000000002,0.01936649325356337,0.3159947924981816,0.2532220665010283,0.16580401020312263,0.1476297541470875
201.75,0.024726209650219686,0.31398023986494866,0.2610573683490178,0.1667474740026635,0.14913791139740729
201.8,0.035250325783105246,0.3136993655420237,0.26441704126337423,0.17365155199493992,0.159251086653995
201.85000000000002,0.041410446540685465,0.30992764110603155,0.25631757234493946,0.173107059271931,0.17803129955875896
201.9,0.04383381712365159,0.3063685892786013,0.2515930617578654,0.1813377592678361,0.20076950635267427
201.95000000000002,0.049827955262787174,0.3057678254498478,0.2553933353428463,0.182861351049838,0.19409412319980618
202.0,0.05110736691398286,0.29448039548124344,0.2533492643746944,0.17941827413507272,0.2078081238211686
202.05,0.05125764082926506,0.29661665389664366,0.2541240504156659,0.17887408585905148,0.20631141682392934
202.10000000000002,0.05134458627520997,0.30271353946140733,0.2594206284969448,0.1797973806326972,0.22643173569005806
202.15,0.055412164895057764,0.3100472984849592,0.26498530211493565,0.18049723026671755,0.24225431665924516
202.20000000000002,0.06171938117721854,0.30785155365593436,0.2721591806047716,0.17606160329096296,0.24870999402006325
202.25,0.06838457920679003,0.31391346900849626,0.275144717934269,0.1752564269201007,0.23832251877395405
202.3,0.07057709240243161,0.3003857345287083,0.27050731956983176,0.15962442375779887,0.23385211094196695
202.35000000000002,0.08144651612852544,0.2849402665527478,0.2694061917656101,0.15411720979803897,0.22970130711619216
202.4,0.09413735751052303,0.28861617599510686,0.2676799626113122,0.16035217450849912,0.2323568323851205
202.45000000000002,0.09445298662106659,0.2813062470777843,0.2764272807316638,0.14814317522430784,0.2350182942441537
202.5,0.10265894773645921,0.28146070290349007,0.2736143276257834,0.14588286592079935,0.24301585694930491
202.55,0.10637046098723894,0.27072591786308126,0.2578380885366098,0.13392338940592852,0.24323344189936968
202.60000000000002,0.10427135251721482,0.273581676679449,0.24362839733758399,0.13473266435382866,0.26695479634727926
202.65,0.10868453826964293,0.2638446690167329,0.23249851868210264,0.14371770720957358,0.28168339079598925
202.70000000000002,0.11611697332501399,0.27282552854637737,0.24117058427739846,0.14766179558287834,0.2827486644779946
202.75,0.11530880038250207,0.2716940461816342,0.23364589474004022,0.1351553849663275,0.28814914749668563
202.8,0.12285211215701865,0.27217167776149975,0.24294999831100797,0.14405027435101717,0.2815939120418764
202.85000000000002,0.1316213192008044,0.26721138446553183,0.23963326334526308,0.14007190826828783,0.27354316200596923
202.9,0.12884427893781653,0.2698618793361659,0.24492381526073193,0.1251672775831036,0.2716902043046552
202.95000000000002,0.13680171447829267,0.2644255520969168,0.23950112281185684,0.12461874849868562,0.27323492147164957
203.0,0.13042080343016643,0.26283648435135776,0.2400078926674148,0.11770752967045862,0.2682263816453652
203.05,0.1329237176823658,0.2697885642540514,0.23515618218952514,0.11323655431585496,0.2728002430744986
203.10000000000002,0.13775898472253995,0.2713970310256024,0.24139916897991692,0.12202608792860181,0.2672086130609331
203.15,0.13720471104672696,0.2655031285627241,0.24138062622089862,0.12863322762682555,0.26562186749990674
203.20000000000002,0.13895601864459622,0.25781693656179944,0.2517863596099237,0.12729049971212325,0.2645156195389079
203.25,0.1331025567736147,0.2656088277347746,0.2556268287837261,0.12314574158632251,0.2575829379829763
203.3,0.13954672985203556,0.2662516976313265,0.2540033617660319,0.1287631705038744,0.2562330420585326
203.35000000000002,0.14527957128842403,0.2588134147799703,0.2445792501576842,0.1189962650730489,0.2551245397801173
203.4,0.1578053370790877,0.24874948827062643,0.24301043397249678,0.11698668673054195,0.26144924077229215
203.45000000000002,0.15022429596418468,0.24627599689218282,0.24201920902640728,0.12642469852485214,0.2644443651350586
203.5,0.1517167724189225,0.24658438488656031,0.22985385497502764,0.11994006858004515,0.26618543122214056
203.55,0.1445582194347172,0.2538076467583067,0.23020140637865183,0.1255357159580133,0.2744636660044603
203.60000000000002,0.1528100305376841,0.2531529342863876,0.22470144663058383,0.12387611360895086,0.2762879427692567
203.65,0.15623013205191444,0.24252705014793854,0.2121502463779317,0.13566215689771835,0.2801604391717824
203.70000000000002,0.1578711753145475,0.23695331251776225,0.2119763169455869,0.12380088098790504,0.2814643943636204
203.75,0.16655278001346552,0.2396922449240798,0.206959379307098,0.12163843142881578,0.27830700349575604
203.8,0.16094439628081064,0.2375983888260142,0.2102869580180122,0.11285828849790586,0.2841190322855579
203.85000000000002,0.17024640829376794,0.23175677398371877,0.19324196516432376,0.11547879216640707,0.2892036731165854
203.9,0.17327002280130352,0.23626039974238028,0.17632009691538478,0.11988712910200706,0.2973483265880661
203.95000000000002,0.17467738127500307,0.2236043800132809,0.17336612737292947,0.12705769841205958,0.30438742444342776
204.0,0.17610327614088425,0.210837331244748,0.1583016681464544,0.12960301070962976,0.3148390545403809
204.05,0.1706280818741017,0.20611762840262884,0.14623184337056125,0.14003781823558592,0.32421693468510254
204.10000000000002,0.18274916746858788,0.1919077666981249,0.14457297896232907,0.15078721553623192,0.3411394539567862
204.15,0.18609397824957985,0.18132501404563217,0.13501310884483553,0.1545347216945597,0.348731263467994
204.20000000000002,0.1881666805703907,0.170719134003306,0.12798891726629194,0.14732540881729142,0.3509149408314595
204.25,0.18980889350790162,0.16662151630539435,0.10990452059924284,0.14910813702223238,0.3589641440451882
204.3,0.19275104832518772,0.1513202588899257,0.09318504332167665,0.14693594250403516,0.3748437799163708
204.35000000000002,0.1972948823801141,0.1528287859757189,0.08734284100608024,0.14326372230279696,0.38303634137007536
204.4,0.19893648958150834,0.14931097791823975,0.08623338178400827,0.14483235737339648,0.399866940282603
204.45000000000002,0.20187993745552366,0.15740209560246102,0.06966963105762218,0.15090161440406344,0.41802266732933835
204.5,0.20520865447307568,0.15219416564203544,0.06586019670333938,0.14434597744116096,0.44425151338536356
204.55,0.20646379161967518,0.1408375538939318,0.06419637359032088,0.15825280732501495,0.4575089960289269
204.60000000000002,0.21150730318669347,0.1392935724201171,0.05684436001630676,0.14746660435703723,0.45156340820532087
204.65,0.20940884701769708,0.1438080077480332,0.05464846740435782,0.16199565537050176,0.46502359828167716
204.70000000000002,0.20837336988248548,0.1418841017394016,0.06174456018422914,0.16327711358199073,0.4704249902188449
204.75,0.21229660696707975,0.12021093256811245,0.06857891603400255,0.15876707670583012,0.46010737879353886
204.8,0.20869397604558024,0.12344433425316097,0.06515523407135514,0.1728852124706383,0.4497310215051875
204.85000000000002,0.20330653400788054,0.11213360577085045,0.06595401642239147,0.17129604930068218,0.4652038917812739
204.9,0.20848131042788431,0.09985685686653022,0.06641631496296099,0.17510224560665003,0.46776731222522333
204.95000000000002,0.20030449921056984,0.09987948264465057,0.06301839159778937,0.1816587354061919,0.47612604370541584
205.0,0.20488175741652917,0.10496194595046542,0.07319684470809465,0.17235277525414971,0.46269068062629165
205.05,0.1987195520675036,0.10057896842163602,0.07410808890701133,0.17073814311802682,0.45957314576919617
205.10000000000002,0.19581621425939888,0.10223641870016627,0.08891329333220792,0.17413844008913135,0.4621741452961316
205.15,0.20073726117440133,0.10547604601799203,0.10497241449536433,0.17834058623499194,0.46528910137443635
205.20000000000002,0.2048158809375246,0.09548937696668497,0.11788690751405752,0.1820603318497385,0.49424121807078836
205.25,0.19960666945843497,0.08904810316247333,0.12143188273034727,0.18331534160281548,0.521839827664013
205.3,0.21085893594348903,0.09411649894024224,0.13099780308108752,0.18540396878711918,0.5323793639788381
205.35000000000002,0.21446621006904895,0.1001188572426819,0.1429864903281482,0.19148543558160042,0.521464456995624
205.4,0.20656073804768135,0.09756556296174765,0.14673917936806868,0.19415723118740372,0.5126423744419503
205.45000000000002,0.20871874003386426,0.10320076174344413,0.15161974628824507,0.19143168529565338,0.4965988275672788
205.5,0.2029816256734431,0.10268029154119376,0.15785562810768244,0.19607800119432622,0.49834994766413127
205.55,0.2050254993647293,0.10412090517450247,0.1601776840502772,0.19420633288336636,0.5017394880223511
205.60000000000002,0.20181171263081638,0.11019748702048375,0.16186743339131662,0.18966763341123782,0.5059537006291019
205.65,0.19550138159419309,0.10682701356573286,0.16614387761919724,0.18982686565729676,0.5021588816192843
205.70000000000002,0.19256382381594983,0.10811481263169948,0.17608098560477328,0.1915786750939271,0.4846483274275335
205.75,0.196557269896172,0.12430211280272355,0.19136695862237696,0.1809958647033515,0.4778993716624582
205.8,0.19259560932544642,0.1261328842221018,0.20189008533627362,0.18390160549398582,0.4625354954390632
205.85000000000002,0.19292105106861906,0.12060531550424385,0.20804009683198793,0.1873099295730293,0.46401278214824754
205.9,0.18320086624994983,0.1386409424450109,0.22052414504666062,0.1877089990250271,0.45790500912189186
205.95000000000002,0.18016818284484962,0.1389996672738262,0.23653005386206086,0.18878475515150273,0.46858072301199294
206.0,0.18134873545849087,0.13502614817071576,0.23694411802933035,0.18264124433459586,0.48738369237208895
206.05,0.1769791519184947,0.13742134623924523,0.24708383370147263,0.17674091793571228,0.48809739737835056
206.10000000000002,0.17226993198915647,0.13592393051978582,0.2588647680515887,0.1695347543695586,0.5049063164013189
206.15,0.17321252773135984,0.13577009825975933,0.2695903169561171,0.17709702042236178,0.5247837205215927
206.20000000000002,0.1777587851576274,0.13784884023780433,0.27738908686991576,0.16828489698476615,0.5441114377920435
206.25,0.1785146551724565,0.13557201804953525,0.292023133768955,0.1710661618548392,0.5556584601263024
206.3,0.1819162576704517,0.1401493610139486,0.297836177072802,0.17852513715393575,0.5612785769261561
206.35000000000002,0.1832257759031121,0.14267654633348775,0.30643536264170645,0.16392329766702457,0.5616364916183444
206.4,0.19407421180943202,0.14289950323312486,0.3161082397081784,0.16164930898392,0.5622994450397987
206.45000000000002,0.1916996411223415,0.14554447426265865,0.3294217058360939,0.1716157868231536,0.5610111119283123
206.5,0.1911285824468149,0.13929381839930885,0.34066491152712414,0.19034716839655144,0.5659518591980194
206.55,0.19709108563436445,0.13575724463535985,0.34097353260037944,0.19074580336551175,0.564747614605627
206.60000000000002,0.19674111394820376,0.13116643645014922,0.34615956984572377,0.19226341715874048,0.5685933099011631
206.65,0.20012279103388872,0.13767590548457176,0.3510317369293178,0.19234577795146013,0.5766493601041105
206.70000000000002,0.19855806091442682,0.1389946682471472,0.35646214946516463,0.1969394164237825,0.5777920854168743
206.75,0.19645254661623407,0.14350472123943928,0.3674280660821569,0.210053577156289,0.5766308021776373
206.8,0.1996018034237592,0.13577133272447167,0.3832323767808995,0.23067082187657098,0.5792673847239833
206.85000000000002,0.19268765124138992,0.13892644231723125,0.3938685905448181,0.25453370161035066,0.5814736087277205
206.9,0.18685018426426891,0.13560844118514642,0.3982817592762572,0.2484852524013341,0.5892805784685241
206.95000000000002,0.18484340538436606,0.13762659680144693,0.39683244636448894,0.2534429937422811,0.5868215361206597
207.0,0.17888300711584995,0.13138392850927896,0.40515040163022176,0.2584185431801683,0.5871961906954186
207.05,0.17562538422756288,0.13751408290217526,0.4058613586202952,0.25844875199710193,0.5920305525405076
207.10000000000002,0.1701267995614007,0.14791909995871075,0.409579362695878,0.26668605208125545,0.5923509714350726
207.15,0.16863125507120375,0.15390695977105975,0.4074613617919582,0.2817742198210298,0.5994200174300496
207.20000000000002,0.16881732532868066,0.16027674616283707,0.4125023894271383,0.28933958843113144,0.585740398932646
207.25,0.16892890943466368,0.15962407903010736,0.41961094057522375,0.2872310639063601,0.5882502123771917
207.3,0.16729797396421173,0.16455874896424447,0.42374677814182754,0.29458001683010515,0.5894261270134437
207.35000000000002,0.17048243085425496,0.16878014959688387,0.4254804345142963,0.2999497408171532,0.5978568759212964
207.4,0.173256749083721,0.17156731450036897,0.41356670920113425,0.30677877807350146,0.5962390544611222
207.45000000000002,0.17670588958208303,0.16572805753668435,0.41324294809127127,0.3066385330985515,0.5890644415812151
207.5,0.17500985560172275,0.17054383377663934,0.41469425120413855,0.3126395743636224,0.5896824086454375
207.55,0.1693049083743049,0.16845713191055575,0.4156232322996638,0.31088168391547055,0.587297403595811
207.60000000000002,0.1698006041466166,0.17447168841488742,0.41238903172245805,0.3072510500295715,0.5805854491336917
207.65,0.17000912263851053,0.1717694140584475,0.4121630180229225,0.3108665684718036,0.5807854189303506
207.70000000000002,0.16864340837245564,0.18043762269271732,0.427238697804207,0.31251826710184516,0.5722315574171454
207.75,0.17188715097135912,0.18278384193182332,0.42518788406643115,0.3181743740282343,0.5786682247707654
207.8,0.16842303193653144,0.1872683757214405,0.42233099400868884,0.3154331322284507,0.5879905649705341
207.85000000000002,0.16851784835173994,0.18662955016701577,0.4147822260586662,0.308196164482836,0.5832430864438928
207.9,0.1675980948548566,0.1860594310085672,0.40162324333148214,0.3177870671119252,0.578421140534631
207.95000000000002,0.15852800095463962,0.1896181340347335,0.3958265777143126,0.3176721932150667,0.569604670312702
208.0,0.1535782939432061,0.19193557476718132,0.37944641249081684,0.31178111764576305,0.5708198965376333
208.05,0.15131288060179512,0.18792383900058585,0.37324580846378236,0.31219646618907393,0.5610666302820446
208.10000000000002,0.147273694068765,0.1896047891508085,0.3542280084206788,0.31476317897042116,0.5490687448746322
208.15,0.13949286225079705,0.19125806702994477,0.33314106994625586,0.30599993387230967,0.5401560836393913
208.20000000000002,0.13322635728775134,0.19476262647290773,0.3277345555839612,0.30953067016678704,0.5220216445264239
208.25,0.1268290129091343,0.2059616885505205,0.31292976527138694,0.3163453313425743,0.5085652210105038
208.3,0.12349158773918943,0.21256769787744936,0.304610889012301,0.32006246322053916,0.5011364947635814
208.35000000000002,0.1206907976662067,0.21830212702566898,0.3004507934059281,0.3215023986412157,0.491587899110316
208.4,0.11234732309816865,0.21589383381458774,0.2929744721723392,0.3263387411079499,0.4944741097705201
208.45000000000002,0.10845303092048561,0.2069616725229611,0.29002256291911277,0.32677996847129714,0.49224915031245164
208.5,0.0999524618931352,0.2019308458764224,0.27895061279005257,0.3262787268380886,0.498366568489208
208.55,0.09294175453214328,0.19766461914916847,0.2807207408347902,0.3180062132387691,0.48825103259218744
208.60000000000002,0.08165934809877987,0.19844952468415342,0.28267829363334035,0.325637704041426,0.48695645496438306
208.65,0.07554614710803036,0.20056916991295642,0.28869086853118925,0.3296623021239684,0.4909648933044389
208.70000000000002,0.07021060608037734,0.19710040239725213,0.2805982644923826,0.32026576303414434,0.49617142628831445
208.75,0.07503385001416088,0.20003349720600241,0.26887415213443283,0.33149153892682703,0.49987136465471366
208.8,0.0688643760486869,0.20940687009510717,0.2656455336333967,0.33730089862164425,0.5007893446508058
208.85000000000002,0.06738000967854649,0.20898015324821936,0.25869275776335565,0.3420919637937509,0.49443892512748583
208.9,0.07044499466383464,0.21250136404216236,0.25713793612590424,0.34103334935735513,0.49478149067767413
208.95000000000002,0.0660438549737036,0.21522442199805378,0.2655857677695053,0.3524702028800005,0.5060457072664952
209.0,0.06894332388229148,0.2179256064386296,0.2604444074216703,0.34882574480236456,0.5184358799758177
209.05,0.06983970220739234,0.21069446768656766,0.2586843037521793,0.34401940059018277,0.5266561453253646
209.10000000000002,0.07457772022666943,0.20705228838269396,0.2451742839189353,0.33097646762014066,0.527839551368795
209.15,0.0766415626048903,0.2010213198716507,0.246289321469834,0.3349753905627726,0.534151824095306
209.20000000000002,0.08186273740242563,0.19357805328615826,0.24223270322319138,0.3419806940479601,0.5454168034188834
209.25,0.08161982281538349,0.18268645865521954,0.24622863701329273,0.3414864971392371,0.5439332853958847
209.3,0.09437221797342693,0.17624979397543006,0.2403727996764212,0.3423652803584843,0.5522133695166218
209.35000000000002,0.09111987353716951,0.17760221839955884,0.23847332325160617,0.3275480828705421,0.5660851946382357
209.4,0.0859641207638687,0.17542064473972552,0.2235961076466251,0.330733763077582,0.5663800096099941
209.45000000000002,0.08646337071686575,0.17262100158081134,0.21215169157904828,0.32464316854684055,0.5587642873429066
209.5,0.09066705060545358,0.16904919681727806,0.19586737598564066,0.32113513652747316,0.5528354036092868
209.55,0.09488351591218196,0.16553988153250893,0.1878278123655949,0.31720225272489444,0.5414613320271762
209.60000000000002,0.10215679912623794,0.16542932034072455,0.17824411551550154,0.30222210248616477,0.5359106094801306
209.65,0.1087456484969092,0.1617551382468365,0.1676961471153813,0.2895064546171319,0.5331190215528406
209.70000000000002,0.11392067981644709,0.16330008915816674,0.15428441359310013,0.28752764528634056,0.5303435095103117
209.75,0.11223787650626332,0.15468723176953705,0.13626295211324924,0.287797119488095,0.5210342519798671
209.8,0.12085532012217566,0.14814803396645201,0.12510232756765977,0.28756290948493585,0.5244986400787481
209.85000000000002,0.12360232342702424,0.15140414985942283,0.11910953405069423,0.27601210671657644,0.5166933056908719
209.9,0.1291555379572335,0.150968507024661,0.11221533566107585,0.2801272197330175,0.5180139141493045
209.95000000000002,0.12819918251745227,0.15116800191929505,0.11410069698291943,0.2850711034484688,0.510410896181954
210.0,0.13027857590283243,0.1484653519169083,0.10557613237386951,0.2847956082058375,0.5054058610655332
210.05,0.1343744483577834,0.14611223162134304,0.0957799784577708,0.27863111879450986,0.5119173586547581
210.10000000000002,0.13774576235674613,0.1455867896800506,0.0909724808274479,0.2850604159943645,0.5077339014516111
210.15,0.14344741854472917,0.1502247511531136,0.08908458349863191,0.2671699255073298,0.5213124246363464
210.20000000000002,0.14359517460198956,0.14508378123569668,0.08902590957345487,0.28212829917877885,0.511472317186854
210.25,0.14963986344040792,0.14271938783237095,0.0852368528919435,0.274437859126127,0.49600502516628964
210.3,0.1586363441576605,0.14499901668854873,0.07759707826326648,0.2784639914648154,0.4693882480256577
210.35000000000002,0.1657036863971276,0.1474426444292765,0.07376327155104795,0.28364456584822306,0.43782847585516116
210.4,0.17212294935089528,0.1396030105295541,0.0746579807662858,0.281689451333244,0.4134646272963689
210.45000000000002,0.1802647814141113,0.13972363180670724,0.07168004720887558,0.2895502792900398,0.40522840374941316
210.5,0.1864683137003787,0.13773049659392728,0.07048205987839717,0.30379030048323513,0.40180430489967556
210.55,0.19688663969389664,0.1462380388499128,0.07748754108629194,0.2975823391066872,0.4082411607731355
210.60000000000002,0.2112240440417009,0.14938598079129198,0.07472386812630372,0.3013271018414079,0.38743770019680596
210.65,0.21200596821701745,0.15011238571483376,0.07533067354728853,0.2982347590972262,0.3882353646077985
210.70000000000002,0.22057813618984692,0.13809049967723733,0.07955034962747835,0.2971893919931668,0.37913613782067007
210.75,0.2235807380836262,0.14349823936868777,0.08068732200157458,0.2934069777075986,0.3702659139253145
210.8,0.22638677606020116,0.13560832288896574,0.095130448282906,0.2890904187349585,0.3475134567448205
210.85000000000002,0.2376459725945396,0.1353592013572243,0.10531250402535569,0.288162958997534,0.32002972866550106
210.9,0.2489147600258114,0.13123447354277945,0.11614824405764075,0.29223429445443555,0.30795015044591095
210.95000000000002,0.25401922190764814,0.13455852964555828,0.12302356477579889,0.29440677734430143,0.3135582698467721
211.0,0.2582981639721075,0.13842335770413491,0.13430724113550666,0.2933292609573681,0.29679775067635195
211.05,0.2688952512391883,0.13995772378728738,0.13702800257676737,0.2933510422055549,0.2839327808712404
211.10000000000002,0.27820539040042774,0.1442889799473545,0.14130570163811731,0.30306998540870206,0.2746721617771304
211.15,0.28227133512275365,0.1414416332862326,0.1494071440940714,0.3083557245960378,0.2652011421819583
211.20000000000002,0.29196523936543073,0.14180082387766796,0.1542370812037077,0.30102379228442605,0.2733858334161118
211.25,0.2966900517204029,0.1384935911294035,0.15837274964169887,0.2918002410258973,0.2779591819892633
211.3,0.3047749175687903,0.13942295751016387,0.1696894541193077,0.2947131910618996,0.26563376530262006
211.35000000000002,0.3023689481150056,0.142278957707898,0.17706361839668572,0.2907661046332119,0.26680517225409317
211.4,0.3028622894147674,0.1528140704862388,0.1888274250497136,0.28604370017712677,0.2510431881409573
211.45000000000002,0.3090760411610653,0.14555571176885082,0.20070090686328593,0.29695675562893126,0.21824141569030273
211.5,0.31307985755034823,0.14787430485440056,0.20584438341097508,0.296335366068816,0.17472956540902443
211.55,0.3211504829277209,0.14987097009551867,0.21242411514887363,0.29615079858062254,0.12226508698305699
211.60000000000002,0.330187215866149,0.154531686069869,0.22076047558702008,0.2976294012832257,0.13743183879681053
211.65,0.33775156903369963,0.16700510110313976,0.2330706383431606,0.2919150643735879,0.1342590136329336
211.70000000000002,0.3386602888822012,0.1640304804901528,0.24188155489267463,0.2974843210707069,0.12828226188000924
211.75,0.341618924896026,0.17059928763436102,0.2516061560769106,0.29591200929665556,0.14034579540411352
211.8,0.34704549038168825,0.17234240368548032,0.2641912766074063,0.3019298049606143,0.12272543405523635
211.85000000000002,0.3469437998957973,0.1774047584805845,0.2676011650544603,0.3038311674525391,0.099721592956915
211.9,0.34394416652002224,0.17873917298346262,0.2716104146915874,0.3048322432076898,0.08150570233375708
211.95000000000002,0.3325097055169564,0.19021381965453388,0.28462938160465223,0.3029753811696376,0.06687342488706628
212.0,0.339463570210413,0.18907774143205922,0.2867921252692981,0.30583917791233844,0.05536499953562732
212.05,0.34333251645265633,0.19924071452272166,0.3007837972018472,0.2994258545719778,0.009309396562258064
212.10000000000002,0.3464001393849397,0.20443925015486267,0.3072948530665847,0.2977884385981295,0.032281381821465276
212.15,0.35615033758151465,0.19827290850105458,0.3046727205482399,0.302225167901537,0.06586507665767723
212.20000000000002,0.35550105995104353,0.19701073105917383,0.30666997633411014,0.3069465218033567,0.06414013419254047
212.25,0.35110661983599817,0.18964658110419783,0.3044952998482683,0.31520140960345333,0.07160984912656736
212.3,0.34683684786177094,0.19336305421539193,0.2990490483956275,0.29917527513061976,0.10186927426058145
212.35000000000002,0.34408100453841556,0.20021172792225508,0.29552226947496324,0.29597906114203565,0.0864851923175893
212.4,0.3433766249356815,0.19818807917875025,0.2922898204110313,0.2848820578199856,0.07731854298864088
212.45000000000002,0.3406567303166091,0.20859242241250123,0.2866767896627629,0.28443659353193307,0.0847825844300487
212.5,0.3323862903386698,0.20528796490593904,0.2793674141775603,0.2857219382119693,0.09995735692259843
212.55,0.32530556854664455,0.20609662632821196,0.27020934591063084,0.28130001882458977,0.08317061948414389
212.60000000000002,0.32558313104765535,0.2136187164971249,0.27694505670721054,0.26986304401712197,0.09734889625138743
212.65,0.31650215651130204,0.20769548424257048,0.28210348684113495,0.26354050802503604,0.11592106584082476
212.70000000000002,0.3130514646126027,0.2023530312906145,0.28035811905843444,0.25997365606482914,0.11329895034600349
212.75,0.30668169123189226,0.19822379479090935,0.28628821395006654,0.24870456185947976,0.11125490215572369
212.8,0.29696453575429893,0.20762802967705427,0.29062530691846883,0.26989632374231126,0.11731614951057508
212.85000000000002,0.294424448126415,0.21816606814303513,0.29732401898976646,0.26561908867092454,0.12058904725814636
212.9,0.2943914442650097,0.23296859128577857,0.30401123180700795,0.26235142627256025,0.1280864120457153
212.95000000000002,0.2883467824977109,0.23635830606720604,0.2959972894398266,0.26318325079882254,0.12868222200886126
213.0,0.2852401569666934,0.23378626386196386,0.3046898963879451,0.2679701121859229,0.13778854908583624
213.05,0.28179215925607604,0.24518380179046845,0.30352737859859313,0.2691671249418722,0.1401544227952315
213.10000000000002,0.28214927564543923,0.24873717817855434,0.3046724146404595,0.271051639206572,0.13105737227560502
213.15,0.2858939788169782,0.25415777488861613,0.2985928629229748,0.266457370285978,0.1320868384413354
213.20000000000002,0.2818307171815554,0.2562739078630595,0.28787088571489794,0.26136841685081674,0.13183961084590592
213.25,0.2823111772369892,0.2432525727371473,0.2681814141999674,0.2558654241201145,0.1463315164992091
213.3,0.2869909028892017,0.23634615189072855,0.2623979061351311,0.23620232443364936,0.1639244050007058
213.35000000000002,0.2814268501535286,0.23159158776981165,0.24586166178964203,0.22185966494936066,0.16950117005469983
213.4,0.2840786231313691,0.23490967356371145,0.2450962496889453,0.21867185562514113,0.18274708347611773
213.45000000000002,0.2807472891384118,0.22644594652466116,0.23080576660052987,0.20374736727723064,0.18412053336556
213.5,0.27155888081042573,0.2234017300948579,0.2219279296637733,0.19463566929341444,0.18546830305346393
213.55,0.25820219291717134,0.2244995756473738,0.21594449253950948,0.18292531487673794,0.19280572155080503
213.60000000000002,0.2537736175690791,0.2241584597836767,0.20421387075368536,0.17731818412614772,0.2053385414489094
213.65,0.2506117832936945,0.21980476970371435,0.20508057708103608,0.17369783859101867,0.21155766130934367
213.70000000000002,0.24579307626705751,0.21977495336496486,0.19301015876868854,0.16690823075765115,0.2219078281985215
213.75,0.2404282081846287,0.21428767526758222,0.18887535063254363,0.1673396614354685,0.21888099705321956
213.8,0.23752552657660603,0.21520395250052596,0.18314602728740428,0.15942650345903248,0.21800804389026604
213.85000000000002,0.2318017404466358,0.21581236579478855,0.1541131355647364,0.14249851018976456,0.2253509123647367
213.9,0.22925016491687802,0.21567346336436843,0.16214393686815629,0.13639620670700064,0.25445570326710404
213.95000000000002,0.22209618854851146,0.21654479013726227,0.15666891266008454,0.11987384305037956,0.26013130020910297
214.0,0.22158407315663955,0.20989992282360428,0.16284312003501816,0.1195315572125788,0.2623694904486269
214.05,0.21856192778235664,0.20712104910091012,0.15937506788696534,0.11923302828673853,0.2707684725314477
214.10000000000002,0.21611449714754707,0.20240207278696867,0.1594603046042716,0.11559856427421786,0.27049838923808717
214.15,0.20871083058487258,0.20228310058845236,0.17023637127918867,0.11530783977906689,0.2717350242382279
214.20000000000002,0.19768268187492233,0.2000968172953799,0.1748916210208961,0.1215086494986179,0.2708843148164053
214.25,0.19900175754092445,0.1929967695976479,0.16776505409328965,0.12198206548595118,0.2748535526569396
214.3,0.1990246532561597,0.19265460207549698,0.16412969293883564,0.11775524710136351,0.27419664106014124
214.35000000000002,0.1972070413628091,0.2003020500420689,0.16948705722751348,0.12504154856275876,0.2730869724531377
214.4,0.1948521931286645,0.20365524712543184,0.1772626975526499,0.1296354344231715,0.26672792407335694
214.45000000000002,0.19835663587510485,0.21141441852553797,0.180835374684011,0.13408189529817077,0.2639722404547058
214.5,0.19179096063155474,0.20427057736932197,0.17461434878079504,0.14122444561240857,0.2574537271574675
214.55,0.1857449336314697,0.19838439310924885,0.18260722386173456,0.1347041214751995,0.269955825800691
214.60000000000002,0.1827645171312993,0.2082661052624934,0.17433944654246336,0.13806004480539957,0.2766004276881361
214.65,0.1826952823841598,0.20435145945156952,0.16546929500865104,0.13819420245897318,0.2884341383903698
214.70000000000002,0.18062202197799423,0.2160953028878842,0.1700277069708129,0.13884093406739972,0.301305431581773
214.75,0.17739672247680974,0.21385839960986963,0.18381871488558027,0.13600713273611148,0.31008491438192937
214.8,0.16955592042206477,0.21468566990115495,0.18603781624980034,0.13355419539113464,0.3079480699642161
214.85000000000002,0.16573852420509638,0.20802021327380824,0.1806268459031079,0.13536868239171332,0.31376752727597246
214.9,0.16473466895385194,0.2044924091356095,0.17876871532101254,0.11868821251600845,0.315806444677281
214.95000000000002,0.16417829092353695,0.1899934865757441,0.18313942897172783,0.12287711152748512,0.32180810486274614
215.0,0.17072444612651105,0.1940356060491435,0.1877374647746101,0.11592606844115803,0.3204896646582555
215.05,0.16809256208373338,0.19743656373499782,0.19364137821643507,0.10699640483623753,0.3401985269864378
215.10000000000002,0.1684379822713419,0.20063471337121347,0.19947001872573483,0.10069629102708202,0.34428914620816853
215.15,0.17321864446460733,0.18917135667932444,0.20009579087111223,0.09128514068710505,0.35253127430472503
215.20000000000002,0.1821589277203537,0.1906846972772374,0.1994297568557038,0.08525981433246277,0.3500050472352941
215.25,0.18567303175903108,0.19762445830006262,0.20143137293975594,0.09516055134071126,0.3569987935794802
215.3,0.19950567425620958,0.1983596082596136,0.20899018629481045,0.08670620310959042,0.3599446470304055
215.35000000000002,0.20379954561937833,0.18980505319006938,0.20335528044829765,0.0840290095234737,0.36617958787157673
215.4,0.21504738005846089,0.20113410175739174,0.21171313607755468,0.07314328725023589,0.37401115363857684
215.45000000000002,0.22249912916831488,0.1975625809615488,0.2151139872812092,0.08017739578307136,0.3777291803265043
215.5,0.22707265600227108,0.19103198376791192,0.22411700650436592,0.0711506410880875,0.3824427279807578
215.55,0.2300798809334201,0.18764931118726683,0.22593614493070618,0.07004468239918796,0.3805160560596645
215.60000000000002,0.23893588979948127,0.19516696541408143,0.23085720046965674,0.057034583310888655,0.3836407007180641
215.65,0.24109887297803229,0.1874681437716894,0.24196791778777463,0.06086980172664214,0.38140817661829984
215.70000000000002,0.24217625172218502,0.1854340705011161,0.24155879328811172,0.05640501301726922,0.3888412131318335
215.75,0.24487446215038994,0.189309590492344,0.2534366499599384,0.06644593044358033,0.3968386174669937
215.8,0.25356243317770144,0.19589814114369367,0.26707643252164714,0.05227290555833551,0.40749691028436
215.85000000000002,0.26382845506137126,0.19615700973380104,0.27545605778785826,0.05505182952903968,0.40594777383711284
215.9,0.27341082817870666,0.1931742063583973,0.27971942045943887,0.04424334217618475,0.407570643235644
215.95000000000002,0.27893463407213365,0.1944121942924006,0.2805343796638802,0.03900817571414681,0.4125141683892903
216.0,0.29048895498106697,0.19954628889381737,0.2929559031820783,0.028607386471475243,0.4220024112524676
216.05,0.2962171461547613,0.1914359678337021,0.29772519560815947,0.026864013086025193,0.42633427063204743
216.10000000000002,0.30088865134639503,0.1960997769850161,0.3091963048597054,0.026574677483328334,0.4288468429800598
216.15,0.3073249847996071,0.19921629579453376,0.313404810407593,0.025628412393681185,0.430567439429519
216.20000000000002,0.32155232815615276,0.20287248084347875,0.3174021452417465,0.01821498874228246,0.44126322310647553
216.25,0.32214725674471456,0.20704297168898325,0.31958769957090205,0.019936846844198716,0.44644165700760025
216.3,0.3332361552651325,0.21086021876840194,0.31834943454269055,0.02181997154832819,0.45120489370711814
216.35000000000002,0.33193027216272264,0.21192803565088864,0.3220534584158834,0.03308245890970275,0.4556098195276463
216.4,0.34223178056344633,0.21867817200139086,0.3266304411880759,0.030897738527044145,0.4571294369414018
216.45000000000002,0.3463600466692099,0.2256363494030904,0.3345582615301342,0.028510481493440303,0.46537470584516444
216.5,0.34523625126732105,0.23040257643224923,0.3422178835491479,0.036841716210783776,0.485361072818756
216.55,0.35690614909102025,0.23847089435481345,0.34671992912895994,0.04698571128856282,0.4988110338092918
216.60000000000002,0.3603117919152874,0.23431080833026122,0.3439002906024036,0.05452609695702071,0.5174843930010852
216.65,0.36760327041433977,0.23738285620620078,0.33496469022990094,0.06054594186221155,0.5126685565429249
216.70000000000002,0.3697194597849987,0.23328252779938735,0.3334214222468555,0.06437807466253177,0.5055474910601326
216.75,0.3732871819418463,0.23040710409603704,0.3272563815562868,0.0486517673743937,0.506374798125403
216.8,0.37285611392365453,0.22579461156034336,0.31752561483699915,0.057113669911589296,0.49318809737359975
216.85000000000002,0.37374422931926793,0.21963925067042647,0.30215895678970434,0.05579127492114629,0.498652302320068
216.9,0.36446827173208846,0.219594900742416,0.2985552259554415,0.05286259076865203,0.4991943907029198
216.95000000000002,0.3639409937215233,0.20649965382056484,0.29687446975892895,0.05275272017013222,0.49755143620996783
217.0,0.37048233220270066,0.2025702130810836,0.28700023970595745,0.04575562970520634,0.49905966536424623
217.05,0.3759333868166772,0.19917047386806527,0.273049945871368,0.04260882153317205,0.4973265842506255
217.10000000000002,0.36860157285460743,0.19993863995349836,0.26682453931915073,0.04892996878262354,0.49805253163729746
217.15,0.3674481632382862,0.20396057036479276,0.26455925394187024,0.049108704722922246,0.5122734416730279
217.20000000000002,0.35942012574851157,0.20048936910705986,0.2632135413976626,0.052331553126233346,0.5112884224804407
217.25,0.36482726029873935,0.20862339190766757,0.25754578985605137,0.043733698601460064,0.5075912021231056
217.3,0.36102547055949036,0.20586145665593852,0.23836242030474059,0.04570256049232055,0.49718828650779334
217.35000000000002,0.35802032658001776,0.20306625059397643,0.23605825960876956,0.04971014138897209,0.4917010913145246
217.4,0.36118812932282574,0.20851897999780628,0.2357973844391914,0.045566276931654694,0.48784405594262426
217.45000000000002,0.3594238416162689,0.2041995256869304,0.22687133400174012,0.05402901906532386,0.48672405245453976
217.5,0.3623425820236237,0.20673520121247851,0.21879707862744852,0.04772570742437866,0.47634781130380877
217.55,0.3563138862593482,0.20457044171550917,0.20569288225029947,0.05355796337144963,0.4854892853768732
217.60000000000002,0.35005595782452714,0.19840822212188672,0.2033486717884641,0.04648332265402851,0.47776745231916606
217.65,0.3380982618600384,0.19928650287555896,0.19904490441223754,0.04210991186159872,0.4635743167756044
217.70000000000002,0.34429602175275204,0.19567881448355498,0.19281334146600138,0.04445766433846809,0.449729497650647
217.75,0.3331873131999396,0.19623997197732215,0.1915834945839622,0.03821454567268422,0.4523014040481529
217.8,0.3248280946961865,0.19400127040098905,0.18223378966840426,0.034463543184020014,0.44410007638496296
217.85000000000002,0.3183970984644996,0.19060066416682575,0.16689962214401297,0.030545092304419725,0.45089477355658364
217.9,0.32201823036968724,0.1745398136695411,0.1555677759095302,0.03369373291020476,0.4497817900460748
217.95000000000002,0.324497172633627,0.17520120558956193,0.145299218175527,0.03734271875152785,0.44559810470684225
218.0,0.310794463118736,0.17520845537177185,0.13970548429546475,0.03810001825337904,0.43630568287576116
218.05,0.296410935981175,0.17457145159903084,0.12988188438450393,0.04455607389178856,0.43377827062597274
218.10000000000002,0.2987106135408578,0.18462358389364736,0.12375444777493132,0.03902309894701136,0.4358849041427321
218.15,0.29400104667071564,0.18598127341587425,0.11138874891306681,0.04232949191873425,0.4406049884385313
218.20000000000002,0.2943533409901577,0.18170765016770726,0.097949057925517,0.0449162685509902,0.4249067665163478
218.25,0.2867161678401253,0.16636614117375012,0.08378212030180679,0.03969795775997021,0.42262411484731083
218.3,0.26710993844064446,0.15826089186707987,0.07084139475171422,0.03565859113609664,0.42292435698797026
218.35000000000002,0.25851565768602386,0.1543472065336986,0.06571381023340205,0.042830408417047765,0.41488891986360316
218.4,0.25911014757083234,0.16392327140148663,0.05743747724618677,0.043398796142945485,0.41266944585807197
218.45000000000002,0.25890349385427264,0.16015420646346606,0.053505445336702546,0.03307622657184419,0.41616965221168417
218.5,0.24984467176126837,0.1550225167491846,0.04500478534344136,0.023732410100746823,0.4264562746994723
218.55,0.2405857046128388,0.1491702020383533,0.04163004684019779,0.0210306080231469,0.42603349406788654
218.60000000000002,0.23434843351409207,0.15395679149904448,0.04265861756960932,0.019531948620001464,0.42532907221418575
218.65,0.22975101724615088,0.16146183629754185,0.029314038506813887,0.0262388391769481,0.42148848198769095
218.70000000000002,0.22459071455168114,0.15998191388957536,0.019364862000570335,0.03170110940172534,0.4250997428530787
218.75,0.21263845283420704,0.15514809444907043,0.021843404888520268,0.03280379199405949,0.4300541962230042
218.8,0.19756762533478128,0.15407056105665,0.026201490666147787,0.03781657303382882,0.4267962005215264
218.85000000000002,0.19816991429377026,0.1521897226787592,0.034443184417010116,0.036718188790082824,0.4136441754121184
218.9,0.19427793485413802,0.1519376115719687,0.04280483956895945,0.022617524285947023,0.4126951611821397
218.95000000000002,0.1911584540638423,0.15155965656832138,0.05107757043153656,0.02298150875429679,0.40437733222184336
219.0,0.1916345542256857,0.14462230121643932,0.06463177462102222,0.022954126077164665,0.39749538239884885
219.05,0.17845356086987718,0.15170164028537558,0.0789783013082181,0.020667307520299147,0.39153912533390217
219.10000000000002,0.17576974419704483,0.15869046541406426,0.09052347408859009,0.017739213200325007,0.38663497198972346
219.15,0.17510245301891889,0.14568535414601852,0.10371248238186848,0.010030088190293026,0.38000389209959423
219.20000000000002,0.16443451959001743,0.13290297461909617,0.10880723155010598,0.0034469615679039315,0.37296822227534554
219.25,0.15326854892848443,0.12699910812897397,0.11814639656129607,0.010351215663297032,0.3699387825312772
219.3,0.1450207168316728,0.1279142498764904,0.1214813642505732,0.01375157954447805,0.3473922704000641
219.35000000000002,0.14373921695009667,0.1286686189611182,0.1247595194275361,0.00959751324494269,0.3332848450703625
219.4,0.14201033233036728,0.12260908740453709,0.13635316594291863,0.01793743937144489,0.31823171078556145
219.45000000000002,0.13691817661024047,0.11538559016046909,0.14094959530860274,0.02246032711568814,0.2942975201590658
219.5,0.13341509622114292,0.11859083576121614,0.14844172731741195,0.012286966572187178,0.27739599040209134
219.55,0.12771921612157403,0.11144203125058506,0.15748344256712962,0.012620163491455637,0.2674091829527627
219.60000000000002,0.12174113233451422,0.11288017852596886,0.1672088088481083,0.01988969753826681,0.2521518319724916
219.65,0.11858932265206504,0.10752143699744339,0.17628895649824644,0.00842231563693125,0.24918153128013182
219.70000000000002,0.11210439443429002,0.10826083004258885,0.18355364807222108,0.009157555680096467,0.22601142105669716
219.75,0.10930881030216187,0.10689982503074803,0.19756555532158424,0.023361836336325895,0.21534189216614272
219.8,0.10412445222601134,0.10298033967950614,0.20627927380117267,0.02873757372103062,0.20692157026144803
219.85000000000002,0.10006070671791503,0.10085334587656164,0.21071535446117273,0.024877318921394345,0.17755365034808945
219.9,0.09426148631049193,0.10716592269985081,0.22205490040020473,0.024434461899255577,0.16434781519806807
219.95000000000002,0.0879567548092818,0.10242499091393333,0.23081491032309906,0.03556777080973287,0.1585116523366309
220.0,0.08288471520166853,0.11182053876024449,0.2378343823797272,0.03225524763505941,0.15042401657206733
220.05,0.0827740914745408,0.10200528322902928,0.25106399113443556,0.01860817191282976,0.15274596831654913
220.10000000000002,0.08732314765965582,0.10504688111300294,0.2569213085576865,0.025778247421886745,0.15328698879972286
220.15,0.07743211015267754,0.09707756351575104,0.2684943119241547,0.017923370801595753,0.15183157961746818
220.20000000000002,0.07534522953116936,0.09390770131763676,0.2709887993711305,0.023379424842938663,0.1535113718108639
220.25,0.08189987765373398,0.08814672324013247,0.2749868761027814,0.027398766749225544,0.17003135613454032
220.3,0.08486028042179364,0.09088868386127469,0.28164403237785246,0.023612497843182007,0.17158488013780623
220.35000000000002,0.08642757280461263,0.08199643963572673,0.2915521402125517,0.02999058658030335,0.17775447685478973
220.4,0.095432546233458,0.08325003220141833,0.29637711903871516,0.03793777826827154,0.1683813073756959
220.45000000000002,0.10536785673564315,0.08068728485560907,0.30716671365206905,0.03570506915986842,0.1598548780690344
220.5,0.10822975253306366,0.08780291784536148,0.316736965882349,0.0379627876727835,0.18039348400154726
220.55,0.11409832097663389,0.0862545498866254,0.3166891149333075,0.042226229019905324,0.18417629454778753
220.60000000000002,0.10888673480925337,0.0916308237334419,0.32955782197775585,0.04653220415106948,0.19537783211838772
220.65,0.11187122481436906,0.08581990830698137,0.3319091197651434,0.045255645648206416,0.1906091867915814
220.70000000000002,0.11583128853225515,0.0841555142380545,0.32995147937844915,0.0423635385347714,0.18159158586305513
220.75,0.12188667020403562,0.07516219449497244,0.3352445209484894,0.05112047924361566,0.1721936143168633
220.8,0.12668263627415474,0.07399632186768135,0.34227496156677817,0.07077773277300599,0.1681083617313801
220.85000000000002,0.1381598328778876,0.06431724086320263,0.34477943525265303,0.08134636551302399,0.16280676269191524
220.9,0.13615509728938138,0.057555295597203855,0.3479295570724419,0.08900577413245067,0.16317951581441636
220.95000000000002,0.13824413013342765,0.05260923153241232,0.34819453228153224,0.08326245306844339,0.14487114108876537
221.0,0.13731849669507473,0.060011884869556366,0.3445310455255782,0.08996951412513474,0.1395238960109497
221.05,0.1439554316201913,0.06175221215704121,0.3384867046931299,0.08779778462905287,0.1401368516265672
221.10000000000002,0.1535057624340865,0.05349067844868397,0.34418696363768736,0.08828503321483011,0.12322151413734787
221.15,0.15743384937478772,0.04758879388748681,0.3523186679443273,0.10451286253568151,0.09573391967979036
221.20000000000002,0.16228714963157725,0.05218588588173026,0.3546457493086098,0.11031463578896557,0.0580486369330778
221.25,0.1676513603906304,0.04996372377768928,0.3708144059814154,0.10964973446743492,0.06287455029873967
221.3,0.16937946845089846,0.052782315751734775,0.3725363403071611,0.12479304849913563,0.0869361770661506
221.35000000000002,0.17354133253170256,0.05745125641621819,0.37957425912648407,0.13976373343035337,0.12715657842115133
221.4,0.18051462056146578,0.050188912331233695,0.3801921230478829,0.14346051758948206,0.1646903293576477
221.45000000000002,0.17899097768561048,0.05674270417033144,0.3697469955305757,0.15875021067813347,0.19701668182130586
221.5,0.19181347110014996,0.052286819986859544,0.3574592170754047,0.17231068154016846,0.22955483819787686
221.55,0.19609061365647845,0.05522820974947864,0.3494734485377597,0.18090521759869027,0.2660330725549417
221.60000000000002,0.20162394154437596,0.05728840370434815,0.34155546790997154,0.17804442393146433,0.29298057676351263
221.65,0.2108267202507301,0.04477467423855695,0.33685937672042465,0.18146487079518955,0.3116470197757247
221.70000000000002,0.21011928251111106,0.05531765429542422,0.3284440502228399,0.17494173863555718,0.3308643197032495
221.75,0.21920906437564927,0.0482224048549256,0.33235344503203224,0.18258424598173054,0.2979058536206202
221.8,0.221722458411664,0.0531564062435652,0.32494826033799945,0.19001127916125102,0.2887801043825534
221.85000000000002,0.21941955716665473,0.043865738720099405,0.3295501304683102,0.19612668176969422,0.26073878213168294
221.9,0.22001696742942234,0.04750547242937776,0.330107743850434,0.20173759820702425,0.257905148589138
221.95000000000002,0.21762436092748985,0.04135909238546947,0.3194086795123496,0.189837070379416,0.2793172670414165
222.0,0.21221703140306572,0.03882761984203781,0.3109637430859286,0.18384840807551678,0.2922804152089078
222.05,0.21576480524274866,0.044097921959520926,0.303303144396597,0.18132114322008505,0.31680168307786466
222.10000000000002,0.21904340815974263,0.04845895874881775,0.3108129593349623,0.1731404080343511,0.34093110695975304
222.15,0.22116660986738065,0.04696421784622258,0.308052343187532,0.17889402548409378,0.34078820961453227
222.20000000000002,0.22427361665405132,0.044903157304212606,0.30115068260785355,0.1807840658573775,0.3506442809045067
222.25,0.22984373501413793,0.04198897926312984,0.2923111844575125,0.1853045728766243,0.353892771791009
222.3,0.23546740413820894,0.044387760645525576,0.2915828067376039,0.19212271615551912,0.35310388700142864
222.35000000000002,0.23618477751195657,0.05050334532648873,0.28113699187026864,0.19890625451711716,0.3494139455931534
222.4,0.2342838269912519,0.050878484634352066,0.2759247763903753,0.19314706299283313,0.3501693542331532
222.45000000000002,0.23444343292621803,0.05210007994139954,0.2710338244697289,0.1915113433070889,0.3391955275569067
222.5,0.2339212705391775,0.05501670915374052,0.26563682638741115,0.20352222797119346,0.32018177033413686
222.55,0.23313938954986238,0.05559791330125833,0.2504617190906384,0.21014359856796555,0.32593066107619023
222.60000000000002,0.23346097346778508,0.05320648777527153,0.26205826161201634,0.21169449008764918,0.30691212814508206
222.65,0.22146403717141708,0.059783127448869634,0.2743745710617552,0.20277195870852785,0.31017421441822135
222.70000000000002,0.22095344159791885,0.058865920379084884,0.2833140231231792,0.18992300231236284,0.30553150841498755
222.75,0.23416084329146455,0.06979123800482646,0.2731357257913249,0.19460642856537802,0.31196032524820855
222.8,0.22374934160549864,0.05940211336640326,0.2709505003265414,0.18924401418058986,0.3117550099596606
222.85000000000002,0.2192253832197633,0.05738747625053021,0.25983729815858053,0.19635215283383692,0.3263522045176905
222.9,0.22116749841761005,0.04096565876696677,0.2533963067118645,0.19666352120287797,0.33510594886613876
222.95000000000002,0.22882604463189823,0.04285038499339524,0.25181257049930245,0.19885704375392174,0.3475610106255347
223.0,0.22063979805955852,0.046688496989867226,0.2414607794820336,0.21091375872450482,0.3411046383775817
223.05,0.2178476306645862,0.04329835321155504,0.22799618702224284,0.21022313749601068,0.3544648214013536
223.10000000000002,0.21087804818807251,0.0368358343472529,0.2167935970771884,0.21135779688664685,0.3658151010858011
223.15,0.209262692598047,0.0381717825155337,0.20033055690283488,0.20785124349543846,0.36119247299611307
223.20000000000002,0.2027172650859508,0.03336305080159213,0.1881580309938801,0.20927098783134288,0.36817029309003885
223.25,0.19925540974443637,0.03910533016330291,0.16839662175034775,0.21384634352219786,0.3696456449674154
223.3,0.20094634218438387,0.0445661907138805,0.1619094078704413,0.21185566540669787,0.3699142557729105
223.35000000000002,0.20466986877326743,0.05046637963258313,0.15550951316789932,0.21137481870343838,0.36848360643625616
223.4,0.20745529278852787,0.044566825758612795,0.14080681908059844,0.20327226724569655,0.3813060589903009
223.45000000000002,0.20139925172037762,0.04029995211661705,0.1254300722947233,0.20319146002871502,0.39338817418311356
223.5,0.18718914920855598,0.04074433379841083,0.11367433344777432,0.21067098812742668,0.40353043623571594
223.55,0.18883661575288577,0.040399716772818374,0.10456515141824126,0.21153317640947195,0.40135309766758764
223.60000000000002,0.19302927357428032,0.043785810215116794,0.09486571905325163,0.20977211943485904,0.4116045134940622
223.65,0.18839917135967005,0.0460167709554188,0.08508267227545567,0.21465548952271496,0.4269144346481295
223.70000000000002,0.18090295405080012,0.050847188570606446,0.0806465931371757,0.22756557481035378,0.43456349230133656
223.75,0.17796628087110586,0.06418823622886947,0.0739670905328021,0.2199233614904112,0.43220204450843436
223.8,0.17825708533219045,0.06410369876015383,0.06853256367557671,0.23234611431472277,0.4213634659986575
223.85000000000002,0.17212944212078618,0.07482625853051317,0.06147667365618284,0.23415974774993015,0.4182439225711787
223.9,0.17962988597583152,0.07676982924895545,0.053901984353574774,0.24625013026312864,0.42059368531498303
223.95000000000002,0.1759151166765068,0.07713333911763534,0.05284483384601435,0.24633492583894256,0.42637946200096344
224.0,0.17529004973544063,0.08884959530469232,0.046509119088322254,0.21374124450538132,0.43126665146138843
224.05,0.1682146878313846,0.0795328577239368,0.033582359055088454,0.2202298980693111,0.43360033438762796
224.10000000000002,0.16022736407360727,0.07645841216023108,0.030728428114873817,0.21722720872984244,0.43713965639202285
224.15,0.1532063955681414,0.07992963079849162,0.03592836708054506,0.22066053697867255,0.4544133260527189
224.20000000000002,0.14447555021841912,0.08567176744672143,0.03480098042187347,0.23367048646908323,0.46921953206736916
224.25,0.1476208307608092,0.09653666656467577,0.03868428905542924,0.22613442783814705,0.4790336153505764
224.3,0.13844463347615543,0.09934466979563104,0.04028295681832963,0.24834648012090108,0.48531097249125144
224.35000000000002,0.13899919986990303,0.09781813599915883,0.042513691185780036,0.2602376453738759,0.4813146095128751
224.4,0.1348809855451159,0.10651779515433472,0.04963538781149635,0.2634619022541917,0.46083438495590723
224.45000000000002,0.13867089040846092,0.11214634049289816,0.05324927163996333,0.266722642516614,0.4437708456967792
224.5,0.13832789101398077,0.10186311339486248,0.05978455099268637,0.2810329132557481,0.44657875322961876
224.55,0.15287059836375616,0.10055873245166362,0.07239943742939699,0.2896697262208327,0.43564937030595235
224.60000000000002,0.1545798118445831,0.10632389172134728,0.08813679377961323,0.2822851660166005,0.44071714063971307
224.65,0.16705484037218266,0.12296916219127019,0.10325194850586743,0.28447262265879814,0.44364393991091167
224.70000000000002,0.17193837475554227,0.13269951757638043,0.10637908767720458,0.2964852265972482,0.44966901426049466
224.75,0.18044575901603915,0.14247656870704115,0.11229686713844605,0.2821496519557064,0.45520357026446934
224.8,0.18553030577046273,0.13960707827217747,0.11360128268183302,0.282359914116618,0.447686318566547
224.85000000000002,0.18207399575915656,0.15251457436804575,0.1196938940841943,0.2636397695226861,0.43568177907510947
224.9,0.18125059679567318,0.15268562305040967,0.12408411417804684,0.26689790680987696,0.41669784395018394
224.95000000000002,0.17947657430815464,0.14658059524913608,0.13161526397310605,0.264671031622391,0.4084919397767317
225.0,0.17719899252250085,0.14451143921559498,0.13870035942573403,0.2596743624131115,0.4035901815179234
225.05,0.18401304234956875,0.14034513988928984,0.1438304449067387,0.2657107042982777,0.3995010708193318
225.10000000000002,0.18228110512368087,0.15317636534822082,0.1562160667359429,0.2652538847944521,0.39399503870703323
225.15,0.17963508718472188,0.14558147849213685,0.1596186333072061,0.2662157295936261,0.3981519084065868
225.20000000000002,0.17960186180216406,0.13813762662721657,0.17285321373504928,0.27396012235984546,0.3917243403228949
225.25,0.17597631932314747,0.14573783943560958,0.1873483157717587,0.27365844537792877,0.3930576038700074
225.3,0.17441693566002353,0.15210691857156483,0.20308168763443282,0.27354186201692376,0.38405328066380934
225.35000000000002,0.17062927860880994,0.15334292936697466,0.21227753050133474,0.27732169820968183,0.3897311396718339
225.4,0.1732546457542381,0.15672962661048742,0.21644297584282793,0.2829720582754946,0.40758917095186475
225.45000000000002,0.17874599157273596,0.15594501686715204,0.22166984695723313,0.27040500033362,0.4028677911863985
225.5,0.1722053664784854,0.16166027173710387,0.23217045737668854,0.26324139893224124,0.40593964205519073
225.55,0.1676811666111578,0.16356028487873475,0.23523254081887598,0.27029409433690205,0.41119649364788985
225.60000000000002,0.1714622406091534,0.1642745209634515,0.23840012586536735,0.2705852125712926,0.4110165761396516
225.65,0.17507857846076325,0.17185741854792105,0.24405208179237428,0.27464842488135455,0.4161990275291986
225.70000000000002,0.16703923671103862,0.1760326399520271,0.25888566256483553,0.2682506529904099,0.41987264341145736
225.75,0.17130025733634194,0.17524919605665754,0.25764145250361403,0.282385334264926,0.4326518704572721
225.8,0.16859663904684952,0.17675485316083234,0.26456423250903127,0.27195770005488307,0.4282951429395502
225.85000000000002,0.16821982459876794,0.17954292561807142,0.2660586021423499,0.2732257992869248,0.43912398736585273
225.9,0.16939393014604917,0.18387268683683344,0.26525322025656833,0.2748060070898198,0.44198928120279773
225.95000000000002,0.17009365323442568,0.18954049104469617,0.2749939539086189,0.27829363236085786,0.4427640081918905
226.0,0.1689155155569944,0.1894931967692667,0.2881226670768991,0.2741303114122732,0.44186782418480613
226.05,0.17457175329296376,0.1896172049402403,0.2836375665322487,0.28424102410509977,0.4596300723014866
226.10000000000002,0.1824007447667768,0.19693991882988307,0.29120069728262676,0.27961303671604704,0.45661424882976104
226.15,0.1906294965980239,0.1963416213949307,0.29346937147274016,0.27098126769455266,0.46341795222593407
226.20000000000002,0.2004443678513908,0.2001707287694864,0.29297060630345634,0.26824439646366915,0.4714798804359446
226.25,0.21143893682915035,0.20004984892832467,0.29338043320848894,0.26954384812515975,0.4695183543642579
226.3,0.2226884719471251,0.20081113842097528,0.2912099004612988,0.2713134432563966,0.46904147944856983
226.35000000000002,0.22952681945951778,0.20212823807045732,0.29135721606586673,0.25721592836927565,0.4710801684053484
226.4,0.2357995435818601,0.1940297125999111,0.30243234973827754,0.2609790118814511,0.46590496003842763
226.45000000000002,0.24576108998118465,0.20286726620871448,0.3000636319037212,0.27040470463372457,0.4674461333541859
226.5,0.25210254841785695,0.2049041066061291,0.2961807132191904,0.2771984381454223,0.4643676937923646
226.55,0.2506674900468179,0.20600559934132306,0.29813641904200294,0.2729719735453356,0.47303794651914116
226.60000000000002,0.25157485494629206,0.2011743619581851,0.3007629756135614,0.28650016840626064,0.4746189315135203
226.65,0.2522967238013368,0.19605486629075125,0.30296401124040023,0.2719887534605339,0.474320818521968
226.70000000000002,0.24709387223136103,0.19708861461547755,0.29991589123623813,0.2672449871145864,0.4775390087805111
226.75,0.24284350260383078,0.183436449805861,0.29774890455159025,0.253205285203345,0.4752257118103773
226.8,0.23996008188898024,0.1801319192226743,0.289246728114209,0.25549811468608224,0.4679110561860016
226.85000000000002,0.2284018181915794,0.17953859099035785,0.2930077042911283,0.24879584082775746,0.4547049240073339
226.9,0.22296875352272022,0.17314788012352497,0.29964177675243,0.2394276660503572,0.44774726029913575
226.95000000000002,0.22105940974345506,0.1680716887033543,0.2967549156728929,0.2334244920961167,0.4478541763825441
227.0,0.21651620516024783,0.16179612606808705,0.2966575727941438,0.23245931235652356,0.43551569883937696
227.05,0.20547662659835422,0.15835202446233582,0.3017293678362793,0.22652332665544378,0.44345734794290403
227.10000000000002,0.18875102662573862,0.1533964147501245,0.29607303229894016,0.2215099503096392,0.45641782092076083
227.15,0.17176082886335992,0.13752858311587968,0.295616494895192,0.2344299445233081,0.4500900361644355
227.20000000000002,0.16520658760421417,0.14357404422657263,0.29305212943623965,0.22262239517396182,0.44449150250259234
227.25,0.16160361447085764,0.13488623304498223,0.28093688916082654,0.21016962592352006,0.4391578903870377
227.3,0.15252446572374143,0.1266919677554072,0.2676316613406095,0.1994868330585622,0.434628019778515
227.35000000000002,0.14205112936983771,0.11709026955758788,0.27054322938668346,0.1871094763861211,0.43271450954001756
227.4,0.13051254179949923,0.11926609778672226,0.27104670641397083,0.19425331201950907,0.4313671447876722
227.45000000000002,0.12198264248696203,0.12014206851913327,0.26280703939062827,0.19075538166225298,0.4205519890280914
227.5,0.12028500678581887,0.12021907691133231,0.24687763543565644,0.18474203527311867,0.4140829008284868
227.55,0.1192149562234373,0.1185343020793487,0.23584231684592627,0.17172765179009758,0.4002024593143281
227.60000000000002,0.11529901070649447,0.11303223784867795,0.2321758592472832,0.167324014059288,0.3887559636259732
227.65,0.12124474278935932,0.10893379602050572,0.2250561216345699,0.16698008930142436,0.3706653615515983
227.70000000000002,0.12075733936385186,0.11024247370108332,0.22718456665961953,0.15798635296649424,0.3628154507015835
227.75,0.12212920557339917,0.10527293120189411,0.2271203998725987,0.15459719457780804,0.36505638010535146
227.8,0.11833079555910235,0.10646880736676181,0.23004923323481918,0.15053923780928638,0.3634285645540965
227.85000000000002,0.10123288386189218,0.11521225352650795,0.2282136626550782,0.14638775615059677,0.36590099586558344
227.9,0.09657492710745609,0.11304416213317656,0.2149769247928924,0.1452570848142289,0.3615427164593692
227.95000000000002,0.0929733690767134,0.11338045649443233,0.20618205777366036,0.14952502065227244,0.3589069977733831
228.0,0.08244916330786256,0.110322105464666,0.19905817538962264,0.1486722027991215,0.34991658740825077
228.05,0.08231464783465783,0.10512099805540198,0.18750617990379975,0.1445866936831905,0.33758445613384663
228.10000000000002,0.08580247450697229,0.1070038800632859,0.18755472862673891,0.150139343152142,0.32987598327657214
228.15,0.08993117190359583,0.10212245378634488,0.19153912237029527,0.15209074800406633,0.3258832490142861
228.20000000000002,0.08748042765091327,0.10106599505989408,0.18574187906660838,0.15407714896308772,0.325567613274661
228.25,0.08701809322138221,0.09775465877276904,0.17821296313507168,0.14504183751314467,0.31513533796615373
228.3,0.08770008949223751,0.09240788106961613,0.1748391741463757,0.14133451487270396,0.30809035977278193
228.35000000000002,0.08134759849257393,0.09881108771859241,0.17086308275262277,0.14668577500863667,0.3020269571040483
228.4,0.07869679958982766,0.11492161881982318,0.1663992532659957,0.1551565867115394,0.3052304185792736
228.45000000000002,0.07244508145527012,0.11420243606851697,0.15792772557748097,0.16468962630502765,0.30684096352020496
228.5,0.06547192704638614,0.11051177086290541,0.14909075812054742,0.1628218015903552,0.3035795053618286
228.55,0.06727445444435659,0.11255380812457942,0.14482900334162419,0.15714726794934578,0.30493054454339724
228.60000000000002,0.06838026771168133,0.12327726406725546,0.14468137133235448,0.16913622528601396,0.3063446294571991
228.65,0.07318005476554164,0.12297562371143009,0.1445560683935697,0.1857589754121849,0.30307874217741193
228.70000000000002,0.07349062250067168,0.11570612715897598,0.13388770351243173,0.1782902193130476,0.30061900299184907
228.75,0.08385975414299172,0.09888034739221557,0.13179832868212712,0.1879642180515705,0.29767653212867257
228.8,0.09344281474535711,0.10576568877941489,0.12383630909390071,0.1902140753227783,0.29172485166880724
228.85000000000002,0.09398879005997028,0.10007738551644836,0.1192580087063204,0.19708461265683014,0.28208981704129715
228.9,0.09712548432714124,0.10087972393758428,0.1126368374164507,0.20066698159979712,0.2698289665087244
228.95000000000002,0.09679259512634714,0.10250664101021843,0.10119737573082234,0.2044900969679377,0.2657480865872862
229.0,0.1029870159901714,0.11361121560556445,0.08809328200366412,0.20704624536835567,0.2607441103835561
229.05,0.10622386181182226,0.12910650042480085,0.09111461385486858,0.21217625194985887,0.2563415778702962
229.10000000000002,0.11293539957281146,0.13497735845102293,0.0975750523463266,0.22819334254766363,0.25253640774371583
229.15,0.11873306437205132,0.147805247370082,0.09554259844448838,0.23709819835806012,0.2488323800797813
229.20000000000002,0.12730657479572813,0.1526572823794663,0.10465477703121258,0.2376071206503069,0.2510461825276797
229.25,0.13007601746051525,0.15436236883733345,0.11037114983547132,0.23676998170063568,0.25689828061303915
229.3,0.14124364069812076,0.16541311339294318,0.12102690332641386,0.2396904884621434,0.25497077449302896
229.35000000000002,0.14883393136039363,0.15932131292207738,0.1252901637498802,0.24685319886678933,0.2606161151973374
229.4,0.1516961798613416,0.17370440727798014,0.12665126741672728,0.24120797521026657,0.27789128883675884
229.45000000000002,0.1553765500118254,0.1629067906230099,0.12820433453958593,0.24777034237093928,0.28438517184767836
229.5,0.16183039501784804,0.15332154192901015,0.1317274177015505,0.2472740830761392,0.28441846341840044
229.55,0.1674460785676929,0.1472018185445571,0.13257195200874963,0.2488179339174986,0.276600738381579
229.60000000000002,0.17862057226574873,0.14592780268064237,0.13551972584681524,0.2427929531812162,0.2683461943700682
229.65,0.1920792484949459,0.13467306318553096,0.13652210589051506,0.23293097608282953,0.26290946774882823
229.70000000000002,0.1927923105775357,0.13570764298240215,0.14252153777292684,0.24348935068817226,0.2479133764946419
229.75,0.19146048835704926,0.14028878002957673,0.14206383152165558,0.23532347427739614,0.235457006634847
229.8,0.1971185876597933,0.13008068573216597,0.15437939340032145,0.22810610450668872,0.2248322666882244
229.85000000000002,0.20323492617892397,0.12564164817755408,0.15687518790791402,0.2392320058039872,0.1923464434159622
229.9,0.21105796426933504,0.12593621023809606,0.165925413470298,0.23303657738512812,0.17836883449529212
229.95000000000002,0.20980843505275962,0.11652898635045657,0.16996450237603764,0.23259396344456582,0.1620570867253911
230.0,0.2150583393596604,0.1138770684558403,0.16864383801074737,0.23730667446106304,0.15442639883189935
230.05,0.22258295241530682,0.10934274242661554,0.16550467388874512,0.2339884978396425,0.15863451378945034
230.10000000000002,0.22539754537282178,0.10046150643420601,0.17127932562954795,0.2223394760638912,0.17298745533661009
230.15,0.22722914038600878,0.10482861374665443,0.18024179265366588,0.21340412497675484,0.18557913080307695
230.20000000000002,0.2329279784894168,0.09923601152392844,0.18964698272344546,0.21353351733822865,0.1936019624339284
230.25,0.23795617785466214,0.10552837250083559,0.19236700062079695,0.2177575067880633,0.18797664996682967
230.3,0.24235887198282732,0.10855707988529703,0.20244019321942786,0.2144547528093602,0.17740000923505372
230.35000000000002,0.24456138665375388,0.10859784781508507,0.213502588597209,0.21162753046557078,0.18373049199612973
230.4,0.25135208492615846,0.10739994501138504,0.22831946939050124,0.21316792105803706,0.16793694503694848
230.45000000000002,0.25445093877454816,0.11928200670638152,0.2366428170946033,0.20983559754454645,0.13304621915441903
230.5,0.25799383834234063,0.11716378253767934,0.24561243420791026,0.21840878816096043,0.1237938918181974
230.55,0.2619859062787249,0.11999834445808666,0.2447121895488551,0.22029386828294814,0.11389168793771276
230.60000000000002,0.2587097200266831,0.1273835357299705,0.24132078412920058,0.22727548295551514,0.11264965368936822
230.65,0.2609060830164002,0.12948623323403,0.24414744814686523,0.22782864456582838,0.11669973790805875
230.70000000000002,0.2645410258709474,0.12627031063873,0.24063822612530755,0.2370770403604719,0.12743251593506352
230.75,0.2675662740589924,0.12184015099613296,0.23530480093923634,0.23938459316340327,0.13063169750080547
230.8,0.2704669660549369,0.12071960416671122,0.22722004676356083,0.23985466568759006,0.15445438071550602
230.85000000000002,0.2645563162673888,0.12614398919530778,0.22080613906168742,0.24202690424134712,0.1739670576342481
230.9,0.26012150556460484,0.12760816429020977,0.21399973208278436,0.24659025557921607,0.18582299951725595
230.95000000000002,0.25700947877556296,0.13096486166902704,0.2068637765955984,0.23409234606254578,0.20704380804612132
231.0,0.25693077297930716,0.12675171392228238,0.191721829071665,0.2217980973776176,0.21019213859860003
231.05,0.26095421992048595,0.12765683809121256,0.1701529860701485,0.21345313916547892,0.23231517920186753
231.10000000000002,0.26019112244727366,0.12123056014882881,0.1518515343163954,0.19840029435992354,0.2374108091197455
231.15,0.262594032928436,0.10828516992795105,0.14634767972580018,0.18175956206992408,0.2664890340935094
231.20000000000002,0.25495842259986834,0.10305961650346403,0.14221087218161044,0.17105267733153076,0.28722984329802004
231.25,0.2561606655603687,0.10670006463200546,0.1456274670329374,0.15901912847971264,0.3047495649680237
231.3,0.25390309834514174,0.1098960017604173,0.15543373659270107,0.17151167417201427,0.3103262129794445
231.35000000000002,0.25534989736746233,0.11820088163415877,0.1565538821574706,0.17999095912815904,0.3170670578937442
231.4,0.2553187902509078,0.10963358782774309,0.14884736712691732,0.18891085296042673,0.3142203381110073
231.45000000000002,0.26011568113755656,0.10322711691156737,0.1412289058479425,0.18192761368174648,0.31845094061429224
231.5,0.2625826471863438,0.10116122027842127,0.13557439015505057,0.19330012778178804,0.3049150696493243
231.55,0.26991869965592274,0.10394494062440175,0.12590243665656028,0.18726331263642193,0.3173074076928717
231.60000000000002,0.26582310175999524,0.09941860750521231,0.11321843239806052,0.1782849673942757,0.3211758616053631
231.65,0.2690732490744218,0.09766955097681973,0.09760584871415676,0.1685888664471922,0.3142320128130469
231.70000000000002,0.2624678190324144,0.09189054574984068,0.08312196748280261,0.16202940367000024,0.320776190225372
231.75,0.25603967571630076,0.08727630296577603,0.06369246208008668,0.1573170045357436,0.3210163181227331
231.8,0.25229654569870363,0.09586935202102981,0.05024693419152362,0.13937875253357362,0.33457192991402984
231.85000000000002,0.2448970765026782,0.10027636292868335,0.04661074282277898,0.12603658311796995,0.3512852654939418
231.9,0.251209285556174,0.10487614148488208,0.040735022110684416,0.11048843626498714,0.3466779032235936
231.95000000000002,0.24951994879590048,0.11407062723655816,0.03856706986353064,0.10461097987904062,0.35374883010149466
232.0,0.24311694511245044,0.1195945250155867,0.042902467643362634,0.08006761330308194,0.3658227203709028
232.05,0.24392471653992004,0.1356077483965975,0.04770835613129436,0.07211736187440419,0.3705557715878924
232.10000000000002,0.25195230208375735,0.1312354531005894,0.06362170573863853,0.07007683841737292,0.3758315786018338
232.15,0.2576725636393173,0.12936857386362685,0.06870695703981078,0.06096567854897658,0.3801866642580711
232.20000000000002,0.2577889817398764,0.13449738069338749,0.07628278454260312,0.050313098751962264,0.387049432174888
232.25,0.2622317292207375,0.1557021812862074,0.08916585962261565,0.05925933176090164,0.3808502965031857
232.3,0.2671748871099867,0.1588878342873411,0.1006050093939888,0.053978026416978096,0.38612122252204734
232.35000000000002,0.27680002980202784,0.16058359918748963,0.11329382104573948,0.04351747117382626,0.3859733389019664
232.4,0.2791306530010847,0.15869340911112603,0.12660401000228502,0.04089510342907495,0.41227772311930677
232.45000000000002,0.2768247071169428,0.16552278309318694,0.13710626159943248,0.04079232023883699,0.41864601356789133
232.5,0.2802961713433841,0.1694914719825562,0.1462171781579616,0.04410557959409052,0.4219455257198152
232.55,0.2842534669512115,0.1839034954881108,0.15293084833129608,0.03889200751381877,0.41998994070199164
232.60000000000002,0.28295583175346645,0.18496011526574116,0.16353372768580665,0.03908121674126587,0.42970504616085076
232.65,0.27860839436029455,0.1883247551177704,0.17140737740054265,0.05549894786890946,0.43108826227483704
232.70000000000002,0.28092189564556835,0.18729300821533257,0.17550850588223824,0.06141241663158202,0.43039148450060416
232.75,0.28288436007788675,0.19249987109006444,0.17935421030221924,0.05979038062227938,0.43790216389741976
232.8,0.2839111639102157,0.2017470730957862,0.18451090064001932,0.060968893893939786,0.4310430054455902
232.85000000000002,0.2803154375698404,0.20090819041555544,0.19166310958927357,0.0644515959396539,0.4375734110675801
232.9,0.27289200217700005,0.19879218549923816,0.19877251462548456,0.07683528868643019,0.438603212318663
232.95000000000002,0.26642426622579574,0.19602295253740415,0.20513818371285275,0.07587846505382814,0.4496927709940091
233.0,0.26466970418869873,0.18797655677400982,0.2042069841868615,0.07493670342511209,0.4290845259383776
233.05,0.261479104215724,0.1803777474220811,0.2170369004609083,0.06525398578906642,0.412740995584276
233.10000000000002,0.2603026386572339,0.17075168750192712,0.2195599725344148,0.06419645570111784,0.3922843975517578
233.15,0.25623459680852967,0.17343094158782624,0.2274289113688188,0.056583836629785625,0.37923995269726535
233.20000000000002,0.24973005561554587,0.1743958270523531,0.22893960430860674,0.057665082406806976,0.36671378613923505
233.25,0.2454154726901323,0.1722930933327469,0.23424144219038778,0.054636340567214906,0.3599929855588448
233.3,0.2399550683903494,0.16729530116302924,0.2415881216844615,0.04324182153691927,0.37413432000228414
233.35000000000002,0.23318267789881558,0.16755969023883285,0.24870816333098744,0.04756013578408587,0.3622373584688503
233.4,0.22565665975985527,0.16640298376665516,0.2581404249097276,0.05141846162189339,0.37051734153187554
233.45000000000002,0.22302195693631455,0.17150962776239875,0.25329044559315084,0.05177657228352812,0.3592385006281568
233.5,0.2173684970445707,0.1691285481894319,0.25407228625697936,0.04808212771200574,0.35191650987090317
233.55,0.20808063111375977,0.1582082399524271,0.25414614641661126,0.04570434827012307,0.3571771083649732
233.60000000000002,0.20110961122532664,0.15888689431728498,0.25392554997990113,0.04920931352169589,0.34810142619225165
233.65,0.19208055983875072,0.15788285354364426,0.25746405144791895,0.04830290632464582,0.352059754555041
233.70000000000002,0.1880182433081213,0.16027825118148392,0.2661269727475134,0.04315872783003188,0.3424574052985663
233.75,0.18707365258987563,0.1634409323954542,0.2669237333198092,0.051420669872015386,0.34489701088757047
233.8,0.1873866408551371,0.16146009404278955,0.27059113902689136,0.06169007568538763,0.3501448419850118
233.85000000000002,0.1904418190953795,0.15267605884489222,0.275568343795929,0.07051021630492775,0.3676104095421245
233.9,0.17912756911110048,0.15317737651912353,0.28452375326594015,0.05377408801645637,0.37182805337157737
233.95000000000002,0.16632808793794296,0.15245137879982512,0.2910855155721423,0.06695634216907637,0.3739872987357446
234.0,0.15599948280643836,0.1535017900632243,0.29082245945688556,0.061087293111688756,0.37981438102028187
234.05,0.1545617107858941,0.15335806434244384,0.2902135694274204,0.06199348481152874,0.3828573516108827
234.10000000000002,0.15091167041600156,0.14977199205039146,0.2910269839404909,0.04668811692557839,0.398781820785019
234.15,0.15465013443368825,0.15641076095194156,0.2977061914953236,0.04038642362057788,0.4008085413244703
234.20000000000002,0.14661485198432023,0.15213050383761031,0.30331893439766555,0.03603852630942774,0.4090651488469676
234.25,0.1431839679438882,0.15149128147067809,0.31336311286894075,0.03356301623689733,0.4115630740687451
234.3,0.13963567377824193,0.14419577523544463,0.3236737409892825,0.036459887495580434,0.40327108610547013
234.35000000000002,0.14000990740005673,0.1457943762768938,0.32782658040460994,0.039212898300841154,0.4113751720699115
234.4,0.13617714722353969,0.13870030773377925,0.3268566826755632,0.03658556519272457,0.40936264495401586
234.45000000000002,0.1438232078491491,0.13790324714640198,0.3221164433970236,0.03071399532974801,0.4033556973452047
234.5,0.14539623916224614,0.13721672101395122,0.31886893879807765,0.027360568059827388,0.4086147515874228
234.55,0.15173096744722128,0.14408363419575476,0.31894535703705845,0.010551199872171284,0.4063457089857503
234.60000000000002,0.15540857400488253,0.13693526656228272,0.3227066406804666,0.0033005132420191397,0.4166634376165086
234.65,0.16196882754450143,0.13736289534822452,0.3252891951401985,0.004717647413717151,0.4085147970402487
234.70000000000002,0.16779977585943515,0.12861253168050024,0.317236469616587,0.015793612600039215,0.41095342257140033
234.75,0.17120960621661727,0.12539317636169053,0.3113737119173471,0.014969087721876556,0.4115996782127209
234.8,0.17302987268664283,0.11817016172743589,0.3083764155400194,0.020079424882792744,0.41692369005536223
234.85000000000002,0.17426114973314205,0.1170736268039792,0.3108655463646232,0.019757691163412066,0.41054217502670803
234.9,0.17190348910111306,0.12712776538867698,0.30850869883433923,0.012846079005414023,0.4211692509381052
234.95000000000002,0.18096682785467177,0.13851855647552602,0.30843883037582503,0.015300039405460044,0.4179312954370129
235.0,0.18089687703435606,0.13836383863000484,0.31088541356497457,0.01013370678511606,0.41772272990792614
235.05,0.1860363931307612,0.12409967172065084,0.306532932054107,0.004465074952998722,0.4191986404812389
235.10000000000002,0.19359103262254004,0.1415010549805898,0.3030963809349626,0.0069445649919147945,0.4147077617195455
235.15,0.19765490088208515,0.14302948603131335,0.30661335075520313,0.007534732175739078,0.40930505359124736
235.20000000000002,0.20940901168736922,0.13218969833925587,0.29547142556284894,0.0022716974068139823,0.4230664055168923
235.25,0.21430210669275884,0.1295083392433686,0.2881339106595361,0.01744041116689699,0.4236655491849265
235.3,0.21942011439641296,0.11942848292529018,0.27813138166615714,0.024271045725589854,0.42420071519271535
235.35000000000002,0.22214679307410787,0.12502906665299077,0.28115299606063593,0.03182160064209484,0.42135280100350714
235.4,0.22891778704951518,0.11380998802816311,0.2879620033413793,0.03775033212341882,0.42966216800061496
235.45000000000002,0.23086258262204848,0.11338331366957832,0.2929284712765881,0.04571957174606803,0.44430691055400257
235.5,0.23817309698149153,0.11342312073035718,0.2861424575462871,0.036202586225500016,0.4499730301561738
235.55,0.2430239861603588,0.10088984160831516,0.29046950006904265,0.04511134254789951,0.4502828009780678
235.60000000000002,0.24603390679008033,0.08987085903842518,0.2955120029092561,0.045802839914213,0.4472184173701206
235.65,0.25366518521326953,0.09360936829096174,0.29449271164175905,0.030790380407557372,0.45776863952411684
235.70000000000002,0.2521339716494793,0.07887290372977716,0.2933804252646526,0.01820311698021117,0.46075821985481635
235.75,0.26549718614192164,0.08275268704174243,0.2846572674345784,0.030846822223221892,0.4670533536420617
235.8,0.27098329723850784,0.08654090594374919,0.2799241680527916,0.020333618491487314,0.45242523278635793
235.85000000000002,0.27727768724943247,0.08059760355327908,0.2741426417338008,0.02633419841312617,0.4488906603623682
235.9,0.2882275421145871,0.08581786328267983,0.27196535371833447,0.022758989287011182,0.44760098068332826
235.95000000000002,0.295046898695838,0.092766627945271,0.27062483898795997,0.024601786814137872,0.4572569508842845
236.0,0.2974106337003018,0.09291494228650819,0.260591174494259,0.023409875243936614,0.46017475995514323
236.05,0.29842727051418577,0.09220299324573078,0.25276624562341216,0.014575709204704952,0.4503992763755179
236.10000000000002,0.2939667499246945,0.10102461735336307,0.24571182984198572,0.020215837905699485,0.45750196841996177
236.15,0.29542065696622466,0.0998333508435758,0.23337636813939344,0.016695161502440495,0.45381279882614733
236.20000000000002,0.292730393657392,0.09889136363676737,0.22195624025666827,0.017004560161756006,0.44655943994121133
236.25,0.2884359720337137,0.09385632117970019,0.2150805154350694,0.03172245104389858,0.4434051113579376
236.3,0.2802947826783167,0.09007984379212705,0.20483808151950242,0.03702170680260383,0.4325931639178753
236.35000000000002,0.2713008573489435,0.08069271413899999,0.20031564911364816,0.059626757508295894,0.43407479806152394
236.4,0.2766897077092882,0.06516554126359457,0.19724782509093863,0.07001581753439344,0.4270618766798948
236.45000000000002,0.27262084295364736,0.06666290206033802,0.19652082806174814,0.09416276505749933,0.4297503890284018
236.5,0.2750553703385394,0.07275568737037383,0.19752396089681212,0.09536948556600217,0.4306205061261963
236.55,0.27113767248340337,0.07309032500425777,0.1969419922122135,0.10650337296969464,0.4342547804591232
236.60000000000002,0.26480607322641664,0.07822919550869802,0.19238004158292785,0.11558563939223407,0.43883999243843874
236.65,0.26549889280542305,0.08225528246021344,0.19024629540280066,0.11850142784500661,0.4484126256752694
236.70000000000002,0.2673220921212008,0.08785754691302576,0.18919921169708948,0.12440247245745138,0.44647461349519424
236.75,0.2672666537442335,0.09978436246567918,0.17882843230459372,0.12403336762139988,0.4437090040051109
236.8,0.2691574701539177,0.10510341515114091,0.1735807353967921,0.12502456783399665,0.4426920074939393
236.85000000000002,0.26578155024162686,0.10823604829240979,0.16421314690022004,0.13164608512810086,0.4415714394768096
236.9,0.26733136591868745,0.10267952049288392,0.1514966121271489,0.13958487479948248,0.4209283088780239
236.95000000000002,0.26458253444178687,0.1103977507968469,0.14813489329537033,0.14316859883158306,0.40984545721223287
237.0,0.26813747132300453,0.11205857783335242,0.13808926034475144,0.15490955538884899,0.40094035974833125
237.05,0.26067346905917527,0.11629955054391028,0.12892601223051273,0.15112263610745916,0.4069163302584414
237.10000000000002,0.25576782378239854,0.12151948024824406,0.1178029169389286,0.14329167970852566,0.40323965432013265
237.15,0.24732627703640833,0.11716302869410308,0.1047775194506951,0.14110134398701762,0.4004385111573237
237.20000000000002,0.23060360529382967,0.1222726378498038,0.09464157749270313,0.13704715299432527,0.39328319964304614
237.25,0.22769823961138572,0.12122144465261626,0.08629631766515294,0.12538597527042025,0.3962872912449486
237.3,0.21706107759222298,0.12523877706874334,0.08076561563448346,0.13655470395065208,0.38875067834115307
237.35000000000002,0.2218750994424977,0.1326720905589045,0.07819586102630442,0.1348889380153199,0.38637950841636315
237.4,0.23651022866154547,0.1345236808888672,0.07794874471278453,0.11973738671629996,0.38673737977531314
237.45000000000002,0.24035939906068612,0.14065221663626626,0.07512028317555978,0.1235536503336353,0.3938647376234343
237.5,0.24584818378124934,0.13840182082778932,0.06552746255555994,0.11228489915096708,0.40375434153760703
237.55,0.2470291755337338,0.1451191145259402,0.06359511352905795,0.11587444264729659,0.4004357019177495
237.60000000000002,0.24620111315240345,0.1499239571807145,0.05955086994368217,0.10975154035062205,0.40608092160116943
237.65,0.2489352954452537,0.15477071467165507,0.05252412460001514,0.1153639366263815,0.40023777421976475
237.70000000000002,0.24466883774370746,0.16909432911989908,0.05735590734531713,0.12330310986899051,0.40286208246204286
237.75,0.2403037797734933,0.16344366265669805,0.06826696999883011,0.1312725096752083,0.39169062323955106
237.8,0.22991042075593496,0.17034676389646497,0.07327378217432116,0.1398426642442074,0.3870998133775606
237.85000000000002,0.22879300154320564,0.16717626328444993,0.07317340793659367,0.12804970456897088,0.3770386829933555
237.9,0.22023784713376285,0.16938325852091224,0.07393472907485059,0.12337851427863662,0.37717935239552774
237.95000000000002,0.20580109375767433,0.1743078490246234,0.07215190065295098,0.11391159843017312,0.37976952353600946
238.0,0.20007655496660012,0.1744957639779019,0.06384323249923222,0.10781966641278315,0.37003193175589644
238.05,0.19355680789038107,0.1729925608930859,0.0596719339295338,0.10789073085311769,0.37250681314540945
238.10000000000002,0.1846978216717641,0.18560932390854423,0.06176557627726993,0.11183980939809979,0.3862374770190121
238.15,0.1751654953037984,0.17749762728856242,0.06296100147855424,0.10211200969777115,0.37286372367623044
238.20000000000002,0.16773752211478313,0.18166295684397044,0.060163335558290065,0.103824167552171,0.37147015903930414
238.25,0.15912929616219434,0.18578336429612266,0.055124161732919355,0.08846138163566192,0.37437341682031033
238.3,0.14370726020142574,0.18515931265032518,0.05868166739414769,0.08553531621625293,0.3732918771934007
238.35000000000002,0.12588171228644676,0.18957602422095704,0.06355158543253527,0.09844716320830392,0.3705635788217353
238.4,0.11046647174017539,0.18063164197521042,0.06401041205583152,0.09275064467653293,0.3595546404503696
238.45000000000002,0.10681057261805066,0.18914160217555603,0.05925449918283812,0.09267876731188568,0.33698663493582964
238.5,0.1030811877359984,0.18724997788076755,0.06924579135294312,0.09341052026209982,0.3345293537789322
238.55,0.09845967558738053,0.18153036240282283,0.09049129183888754,0.09209944719485566,0.32541001070246295
238.60000000000002,0.09395549862564614,0.1811548342897089,0.10440753199426356,0.09459589932182723,0.2934875414522768
238.65,0.08867249060339295,0.18498171663587254,0.10853244474836322,0.08480416836475417,0.2793323018104188
238.70000000000002,0.08530400268114341,0.18166756348081406,0.11058177561324566,0.09203158595391557,0.2565844033771689
238.75,0.07676018782170742,0.1782014191312964,0.11912665646657225,0.07705186150866593,0.2328292433207141
238.8,0.07174716672447079,0.1823298378231472,0.11990589109793658,0.0745885452710157,0.2295487496536457
238.85000000000002,0.06913308682781087,0.1718916081340862,0.12914993393873148,0.09166566119218474,0.22037610348707484
238.9,0.06765895211874039,0.16173783609780504,0.13524587957903986,0.0897739040376999,0.20504121928653699
238.95000000000002,0.06191510709734061,0.16395971959075994,0.14644591938859863,0.09739017052812643,0.18392093222412617
239.0,0.05684953796448528,0.1475654540990172,0.1557159322147235,0.09714204067947159,0.1718550494183881
239.05,0.04975847027456685,0.15583045471754528,0.17102426249912778,0.10005492976875263,0.1521944574278055
239.10000000000002,0.039281660838151905,0.14804452540616958,0.18297378846131937,0.09677395270519772,0.16766453022787958
239.15,0.029531824264868813,0.1512476478360382,0.19299165324679224,0.10025367041851765,0.15375836361443615
239.20000000000002,0.031576915227727764,0.14489500155113066,0.20936759912772654,0.09865225122490565,0.1584916763588232
239.25,0.03085145695699124,0.13704363421460034,0.21350291719681624,0.09100793085437545,0.16257249948420258
239.3,0.03656422181094761,0.13411753699543155,0.21588910295934788,0.10002445492148816,0.18022893154691252
239.35000000000002,0.03282269917887251,0.13784403689865773,0.22859501897392862,0.08192733307921714,0.19863172306860968
239.4,0.030849913508070537,0.14432886880642098,0.24185066276028358,0.08250401688396389,0.2120234248503304
239.45000000000002,0.034709619533631574,0.14959564472826745,0.24880421740047928,0.08414260213512367,0.1788868634796727
239.5,0.025467036430026912,0.15480287119173283,0.2565203312869182,0.0808954090448045,0.16056886524969807
239.55,0.029439312829382225,0.15674559355623915,0.2699107271376662,0.07761730365356982,0.12996051030837727
239.60000000000002,0.02879140312829736,0.1522745299440618,0.2754181876102872,0.08920890715181092,0.0946936525796358
239.65,0.0256034596354417,0.1476207800084776,0.2815696665971772,0.08749790964178444,0.061748634654476046
239.70000000000002,0.03677731198449718,0.1318860517640987,0.28704307318007405,0.09013728960476373,0.03507320357098155
239.75,0.04063573742455328,0.1304322687296124,0.2939158691924982,0.08793559115161226,0.0173815767656741
239.8,0.040194294243417764,0.12804989800200076,0.29524173847528595,0.09052643974189759,0.024832268048412768
239.85000000000002,0.041564009889269136,0.12755183536304537,0.3089713540736149,0.0993941462922573,0.061057292268822345
239.9,0.045670595007012725,0.12065336835707256,0.31769778410373356,0.11436740659530889,0.092179980804187
239.95000000000002,0.05917735348987577,0.11912479560297183,0.3233932345608151,0.10453017605622708,0.13366113392955095
240.0,0.06354251940707892,0.10619378249431008,0.3180231849709611,0.11791764318861182,0.14519172700377211
240.05,0.0731622260357862,0.09733073812587927,0.32616301717949564,0.1293703340663331,0.12503335884534128
240.10000000000002,0.0845759839194394,0.09424305214272585,0.33873551420933484,0.12627482267641185,0.1387624635752334
240.15,0.09204477524036404,0.09091327607766495,0.3330647612494716,0.13119634335004865,0.14665371690027684
240.20000000000002,0.1074483132280533,0.08748720422092993,0.3345902214253033,0.11647553964060973,0.14657306124642247
240.25,0.11459559999562273,0.08559839069327367,0.32195304951723475,0.11843861836677198,0.16665371138745017
240.3,0.11857979176357684,0.079817373363013,0.32797112596589895,0.1176594772963412,0.17773465901111085
240.35000000000002,0.11896275539040596,0.07769128520113286,0.3190218756544251,0.10981882097158187,0.17444711846565958
240.4,0.1264319145910346,0.08319935869826031,0.31319104584415725,0.11522291096513133,0.17396358365629225
240.45000000000002,0.12177423381990303,0.0843004224486067,0.31021222442848545,0.11737806785696207,0.19722397415689316
240.5,0.11834827009027589,0.07149803854114099,0.3073666644053573,0.11507425211914217,0.2260521401665008
240.55,0.12375197676258731,0.07572323442702122,0.2989938302222337,0.11828618944551618,0.24367880211556633
240.60000000000002,0.12880440948655214,0.07528441627952508,0.293079921841494,0.11497499318666661,0.25633528812364104
240.65,0.13193206447977945,0.069325441211894,0.2904588521891532,0.11935570070736187,0.26015842554226454
240.70000000000002,0.13133564675575318,0.06737400767336671,0.27141941751053394,0.12634362711002528,0.24860552583876547
240.75,0.12413728710845962,0.06744738164291375,0.2680347849750157,0.11849768137947601,0.23725767236545312
240.8,0.12130947672160092,0.06950026054783391,0.260434340088423,0.11261834120015088,0.23355944107020143
240.85000000000002,0.12502171355472735,0.06726334267571463,0.24913423236243643,0.10986260634176732,0.22762725689167745
240.9,0.12979754987275324,0.07340870566121672,0.24017793207282648,0.11218739891111112,0.2174654704060183
240.95000000000002,0.12718639701788087,0.06742260325514042,0.23325206697596124,0.11758238965612988,0.22494661635664434
241.0,0.12238755832257772,0.07039127042558341,0.23252667213855385,0.12363734907507598,0.22858425002275795
241.05,0.12890782623145158,0.06418629395015849,0.2260431396968156,0.11326830918149389,0.2335082006077688
241.10000000000002,0.1268108556758162,0.05845038261787676,0.2085264751450574,0.1118475718807887,0.23763220926334166
241.15,0.12496151772469913,0.06270591565555142,0.18865189718739853,0.12095471523600873,0.2609095950398103
241.20000000000002,0.12523616700293697,0.062119112801650146,0.16655662834431365,0.12442692603109218,0.272731078597165
241.25,0.12026155316378478,0.056637893792905465,0.14778860666609459,0.12951882780983573,0.3066029540371751
241.3,0.12266974700248219,0.06123376778910072,0.13799038869615837,0.1399234179151208,0.3360061642646514
241.35000000000002,0.12103131893581269,0.061019318884694355,0.1359905462458898,0.1624951007231468,0.3649896410209743
241.4,0.11850747804297611,0.07049577065507177,0.12788938933202584,0.16304304019535476,0.3827298507145875
241.45000000000002,0.124620835278843,0.0681917248487564,0.11981118897372103,0.16829557523442182,0.3832564381285186
241.5,0.12320737578102114,0.06818345861328716,0.12139077268069261,0.17431432826514798,0.39251038469198846
241.55,0.12850347678120413,0.0761085255932819,0.12238279518028317,0.17450466337487688,0.3766670962429081
241.60000000000002,0.11952493783031239,0.07513456351716853,0.12652738529095406,0.17253769677731742,0.3691658390209467
241.65,0.1263935738614739,0.07761859062608446,0.11381877996475306,0.1777475072264445,0.3813625721066563
241.70000000000002,0.12489438720203465,0.06531122093487372,0.11059991805340155,0.16805153545590398,0.34943697431509957
241.75,0.12453627604363428,0.06293577621190308,0.10025396751129523,0.16237581682789223,0.3413841876457169
241.8,0.13422541315791964,0.06931316257013848,0.08557965926228436,0.1645005777830867,0.3333629480838422
241.85000000000002,0.14053348878015853,0.0648733408494574,0.0836023544926564,0.17497978721719118,0.3154959906687174
241.9,0.1506514250180736,0.06713154716768048,0.07744389903491425,0.1805693657683454,0.2969316348755177
241.95000000000002,0.1562019622457447,0.07174275856755793,0.06801677622838993,0.16737867131010153,0.3037088932572892
242.0,0.1572740644975837,0.0705853514999097,0.06173288059631026,0.18082082220841206,0.31196943896406093
242.05,0.16915209386916355,0.07972963067731645,0.05564917419269149,0.17591600156808143,0.3031020817866381
242.10000000000002,0.17320321628635266,0.08742440469257966,0.06050639723683687,0.18631502627905516,0.3157078537591242
242.15,0.16217801646420352,0.07982958710465231,0.05822253416531955,0.19470700713953418,0.3157482280017846
242.20000000000002,0.16211791539548526,0.08830422484239378,0.061722617382621484,0.18744591884727366,0.3132565663241558
242.25,0.16640675254989587,0.10160234014014669,0.06446655550858353,0.1756563175206943,0.31737474219368567
242.3,0.16136459224965655,0.10558922973136145,0.06498686248434256,0.16536992346761958,0.3074692893696378
242.35000000000002,0.16073293966050595,0.10987647017563873,0.0685150476947174,0.15563221988598017,0.3124654114580872
242.4,0.16214589861090303,0.12003291656453029,0.06758836661733111,0.16859780512549857,0.30546569693111025
242.45000000000002,0.16827166012182085,0.11110325515334685,0.07039270673662104,0.1633960699248411,0.30594908722073283
242.5,0.16433792386302631,0.10506927869925047,0.07205406347319913,0.1742794571611035,0.3169192126663565
242.55,0.17111687716524493,0.10224809776136783,0.06133603578990755,0.18615014569901622,0.3339731001613263
242.60000000000002,0.16366418631753496,0.09279679757456008,0.05757742626195093,0.186893119130093,0.35917687973504886
242.65,0.16397463462973286,0.08244305457249537,0.06402319366512815,0.20437593488937256,0.3800871287859063
242.70000000000002,0.1609709320176013,0.0856451132515996,0.06979605957770485,0.22468842586368398,0.38102824132338575
242.75,0.15331574520161312,0.08784563179051734,0.06878282029971225,0.23566016334517662,0.3952065999504442
242.8,0.1555595279942735,0.08083923649724395,0.07999574184032857,0.2388177104872193,0.40825778985590466
242.85000000000002,0.15871881195503296,0.09081361025085881,0.0923525522248014,0.24526141358171683,0.4211360974997917
242.9,0.15344647269932213,0.08998189302481696,0.10682807338085382,0.2475831643401323,0.421236448825579
242.95000000000002,0.15379021149708486,0.09564040680047056,0.11879083253705951,0.2596103029230818,0.4255383937216615
243.0,0.1550471710389997,0.0927967342537042,0.12552631170088713,0.2547594919330377,0.4246318332034545
243.05,0.14760710477508035,0.0939034483154825,0.13453966178952778,0.25589307669539607,0.4172860189256743
243.10000000000002,0.1400324139131089,0.09582870915658204,0.1383734592492405,0.27225926285980745,0.41433528122560437
243.15,0.13823037262495694,0.1067277417630931,0.1472195040835295,0.28114460939093444,0.4039567061692983
243.20000000000002,0.14986370863406956,0.10889576688698126,0.14876137548444984,0.29021765863019333,0.3899415558031878
243.25,0.14804003672481508,0.12047510751490532,0.15823050177811507,0.2839417981015899,0.3866560734635851
243.3,0.13890938355469398,0.12361501968904254,0.1683175588300062,0.28123785416399966,0.38937324131861084
243.35000000000002,0.13694141096195273,0.13583156147727932,0.17234007327788148,0.29060689815820695,0.39743284198828444
243.4,0.14324116138467458,0.14257094701346787,0.18035799005656225,0.2816727445567118,0.40821124849806517
243.45000000000002,0.13946173907961668,0.14407541494345405,0.191718061089619,0.27221842159836335,0.40941463407083295
243.5,0.13554107945473995,0.15049260655739674,0.19958168669281143,0.2785559533529798,0.42704642713626584
243.55,0.1367166059034462,0.16074312866112253,0.20530556308734887,0.2802004247031404,0.44439793524127175
243.60000000000002,0.13098939246967528,0.16321178890205715,0.21550625045154972,0.2676627169671254,0.4368716710306288
243.65,0.12066606666861417,0.1642386659846145,0.22959402782645372,0.2752982202545466,0.4357878244799977
243.70000000000002,0.11217999856056947,0.17236408180229376,0.23355372838627406,0.2651871016069563,0.4330081036588897
243.75,0.11069462729781933,0.16591608112343575,0.236292497107927,0.26181311528533013,0.44288630411990904
243.8,0.1027429251229066,0.1835978045114596,0.24178682182410932,0.2594712129731723,0.4445978554096456
243.85000000000002,0.09875414907609038,0.19097921817111746,0.25220674996347997,0.258753067021083,0.4452532998807887
243.9,0.0940734877251342,0.20366335143704506,0.26303436964296106,0.2549907458474926,0.4264776908816605
243.95000000000002,0.08739259060321491,0.2230469419908333,0.27491170112046537,0.26380626160364656,0.4265024530661839
244.0,0.0842463508860191,0.232393178907811,0.2779992436608165,0.2753430898233507,0.42830729002330725
244.05,0.07532628692327069,0.2382252665770549,0.273168507637509,0.278649358287127,0.42715648211405244
244.10000000000002,0.08133615248469664,0.24136557595400057,0.27534480503418723,0.2745610521170142,0.41473901710618083
244.15,0.078011817287913,0.23971963454466824,0.2800385716702119,0.270815267448181,0.40334002802749447
244.20000000000002,0.07385489815508471,0.24224698543836667,0.28406587861697785,0.2723209508480215,0.4048649884132965
244.25,0.07550300984079455,0.23851495882494153,0.2851408276306351,0.27801342860588607,0.40559989124669193
244.3,0.07837509926459127,0.22981298861510818,0.29188022919415163,0.2781454707374149,0.40818313301835946
244.35000000000002,0.08532318162076333,0.2260802156641507,0.2960899115808,0.278215921020626,0.4107193328194964
244.4,0.08841878563613569,0.22879504028480552,0.2997539095884815,0.2834133285081207,0.41639592729119673
244.45000000000002,0.0965044370738568,0.2197516451365183,0.30366794130253544,0.28564801842927384,0.41640618810168684
244.5,0.10001992335929256,0.21446165022450012,0.30771262007355593,0.2933834201566291,0.4162916364614434
244.55,0.11199136703780543,0.22418276112031935,0.3106667242241118,0.28221427791865994,0.41903477825627977
244.60000000000002,0.1191673017994236,0.22382608068682328,0.3175227151092343,0.285295831114531,0.430167785963466
244.65,0.12504231960377055,0.23000156562101165,0.32496031779633744,0.28939709386373513,0.42916777734777406
244.70000000000002,0.12889007407454006,0.2294109656672277,0.32976001133689375,0.2767561924415361,0.43216008318613014
244.75,0.1295159669379892,0.22669347798776268,0.3228133627242005,0.2709096595388661,0.4312854637929683
244.8,0.12807837299946165,0.2274399756491328,0.3245508363444096,0.2678194307285078,0.4298099093468052
244.85000000000002,0.13359218659220784,0.22174052951621864,0.32379348739221836,0.2560463248518888,0.43312512179853757
244.9,0.14173120126154612,0.22166300483578072,0.3248547341610422,0.26465154185950507,0.42736125103866457
244.95000000000002,0.15096814996982835,0.22085714779843182,0.31866268854239094,0.25949172792679615,0.43676160738388103
245.0,0.15729036840680521,0.2162670219359891,0.32417408127317543,0.24230986177857777,0.4294273631787092
245.05,0.16594313546758424,0.2188821646835831,0.3191387237220136,0.24039666982649768,0.43070735021877415
245.10000000000002,0.17713681480538418,0.2179585437600727,0.31776255452443275,0.22658891386664096,0.4352830946114578
245.15,0.18226205993321803,0.21620387687923742,0.3172507991450894,0.2329833445338495,0.4377094975040141
245.20000000000002,0.18345798155306506,0.21304508129323518,0.31835451985762914,0.22924942294418288,0.43762699327026017
245.25,0.1851963016648855,0.20634382495944306,0.3173575975329149,0.2263086446947907,0.42782008816029604
245.3,0.18456488194663453,0.20863826857011453,0.30827530422232396,0.2280969275094121,0.426866476302054
245.35000000000002,0.1820605557387384,0.20654592071358327,0.30332718430085215,0.22150329570209168,0.42631586045944764
245.4,0.17697130425512222,0.20086157260420176,0.2996934445886001,0.22594019531776843,0.42759502701620494
245.45000000000002,0.17960886191954517,0.20995532549702434,0.28205734846837377,0.22395146963383297,0.4175990472484369
245.5,0.19095458171544535,0.20663340844696662,0.2696742158770895,0.21800557741320314,0.4075749111150777
245.55,0.1985785779184791,0.20501330405795143,0.2625639834599917,0.2084411411330575,0.3952878715901576
245.60000000000002,0.20224121133680711,0.2010190105673932,0.2569839005905409,0.21183044997656875,0.3952059452226236
245.65,0.20179998219449655,0.1899152020013938,0.24569951882288524,0.2084383603732159,0.3882600449752753
245.70000000000002,0.20313878568480814,0.17974123880743156,0.23474838963179612,0.22614401096825634,0.38122855657503296
245.75,0.20569099182479172,0.1794681231097825,0.2274713564468657,0.20087542542199976,0.37332530980160455
245.8,0.19476043325948283,0.1754004540575831,0.20817617925112547,0.19012780287700895,0.35945536037762416
245.85000000000002,0.19152673585753058,0.17257918904863453,0.19542666536039993,0.18233839116968914,0.3576815011512969
245.9,0.18340234618908988,0.16953179594772358,0.19367892363663813,0.17783469880225813,0.34385873501855213
245.95000000000002,0.17957164972728668,0.17480129680300882,0.1934318020212109,0.17566072092959661,0.3406318252291746
246.0,0.17477477716902254,0.16797475659137417,0.18051808074340048,0.17182918095645566,0.3440725782389875
246.05,0.16945788262735642,0.17392630677338228,0.16170711670281554,0.1830987654334893,0.3307488334805953
246.10000000000002,0.17200397825894262,0.1737199736428448,0.15040344240493028,0.18279490278623123,0.3245018334276737
246.15,0.17268006915133505,0.15956626691659187,0.13564821063540747,0.18196734564032602,0.3187556479899354
246.20000000000002,0.17057433221981147,0.15658988185509984,0.1419385524427731,0.17307998208087177,0.30941582768266135
246.25,0.1648774396542649,0.15344690410057388,0.13902959002358573,0.17800712864366666,0.30564600904913924
246.3,0.16220010945116567,0.1370711889755271,0.14378229168171483,0.185248250233284,0.3069180824309032
246.35000000000002,0.15836230261152828,0.13786761489548122,0.13735766183390663,0.1841212934173634,0.3139799059180849
246.4,0.14719640756609856,0.14376683802153695,0.12487609104780685,0.18899500615576498,0.31056172478666444
246.45000000000002,0.14339725687826652,0.14066268074876653,0.12863012650904262,0.191966467413652,0.30184106565181756
246.5,0.13927768244672148,0.13490092939660028,0.12540472567533267,0.2052867583603407,0.2993543443815487
246.55,0.12326739769288922,0.13879166509119087,0.13418699012828253,0.20106225897195742,0.30252106634458403
246.60000000000002,0.10987154369625654,0.13890091241222552,0.1205659336963831,0.20180912499152126,0.3072041175426084
246.65,0.1009572803554524,0.13166640243219127,0.12392491681766116,0.20647457509434822,0.3022790565212606
246.70000000000002,0.08768859563935132,0.1207371892323526,0.12085679140860668,0.20631323883785077,0.30558647663529387
246.75,0.07361435866365415,0.11944433730986141,0.11575184385649415,0.21264794267600878,0.30906705939431695
246.8,0.06201308636576856,0.11807605419879769,0.10677879897749977,0.20885879605376495,0.30986759326189356
246.85000000000002,0.057662929445847236,0.11266608418589313,0.10208693647842479,0.20840574455471428,0.2950637099487971
246.9,0.049257993494739465,0.11098201496539298,0.1022541829076668,0.2179293203301023,0.29285605321609093
246.95000000000002,0.047573082108379385,0.11407389348533163,0.102958049160863,0.21085332696048198,0.2950429600138567
247.0,0.039304832811419686,0.11210359176342623,0.10306507259171885,0.2094670059071969,0.2837558708789384
247.05,0.033160715020465324,0.10322985967716805,0.10939129590375629,0.20622915776104578,0.28589901955319513
247.10000000000002,0.030933900457529168,0.10645666655206527,0.11232791661932086,0.19346805923362936,0.28480086182471936
247.15,0.025937769027197136,0.10240662058533097,0.1093969239061448,0.2007998374188753,0.3119837027484053
247.20000000000002,0.03348071809658865,0.10832694136309898,0.10919980989773946,0.196604533594683,0.32777654706296844
247.25,0.03413326636693366,0.10508284053954249,0.10601316201568088,0.19695263353113368,0.3544692542249716
247.3,0.033924003067472085,0.11000827439548959,0.10574872345668711,0.1773429282524161,0.3524116798088115
247.35000000000002,0.038695948785406456,0.10696395190071604,0.11200274768485112,0.18489382084548467,0.36340547189139094
247.4,0.045991604761913336,0.08797826185936526,0.11138850238979164,0.18048913099340047,0.3626015503536409
247.45000000000002,0.04829459511300533,0.09096546566314259,0.10967710255981945,0.1744382476566941,0.33883208845490237
247.5,0.07101997301855911,0.08504612416700283,0.10365550928323282,0.18776436403106075,0.3385804295125123
247.55,0.07437774039081274,0.09264660699318394,0.09024696367843829,0.191744028299477,0.33483737142118825
247.60000000000002,0.07935072178734781,0.08912269106033624,0.08712741890468802,0.18947393107731106,0.3288033087597246
247.65,0.07624804974589032,0.08617431684586967,0.08186281761768623,0.19947137519657474,0.31978427915878016
247.70000000000002,0.0802226987091213,0.09758535287445949,0.08199823244938095,0.1923696504178362,0.3094907283136201
247.75,0.07598880263202884,0.0925869316442877,0.08219488176836186,0.18558267982605928,0.30617825913790764
247.8,0.0769403797457516,0.0971726611839914,0.08387164298197716,0.18040169491825817,0.2829345868528916
247.85000000000002,0.0756102618244291,0.09320953552611295,0.07800268530017475,0.17928220000021428,0.24632946353733287
247.9,0.07588365165090394,0.0985902696951383,0.07974795746686458,0.19239531462746937,0.21831575477289542
247.95000000000002,0.07287336437323935,0.10198423902257672,0.08994576322264795,0.20473455607694338,0.18780008291231895
248.0,0.07424061246751867,0.11517278232184897,0.09664665347524373,0.22163163149273457,0.1886940981320494
248.05,0.074364429599101,0.1216159947687635,0.11018582156431364,0.2175280258284488,0.21411427278452266
248.10000000000002,0.08174103327849912,0.12684711865316856,0.11651913474138255,0.22536630349799247,0.23010574903629005
248.15,0.08913703540063726,0.11972883465003596,0.1262748768422431,0.2198515824553424,0.23215214150183744
248.20000000000002,0.09286884389712037,0.12435002045007942,0.13816576432343036,0.21620589525451434,0.2591590876955494
248.25,0.09508653288201657,0.1255228493501159,0.13883417170879506,0.226813766080864,0.23637641428210052
248.3,0.10172910171520858,0.12158822335370058,0.14698327769569305,0.2144911824126967,0.22854737443840986
248.35000000000002,0.10363246369267853,0.12257100966607094,0.14663804370628736,0.2030329217170728,0.2249793562118549
248.4,0.1101838203562194,0.12090824048377924,0.14762821933508305,0.1865894634172078,0.2005500474383152
248.45000000000002,0.11668375147818433,0.11647683574042082,0.15481692261116065,0.19044780945026105,0.21125146951838758
248.5,0.11756203938592272,0.11765087962578902,0.15085627682328917,0.19030929450063577,0.21597458024267932
248.55,0.12231231339279547,0.12032087833601582,0.14865771299337693,0.19190822119161707,0.19070763162799675
248.60000000000002,0.13335725315640218,0.11647899662449811,0.15532983595755592,0.2069554234157387,0.18427448228333468
248.65,0.13755925444846154,0.12809053339567822,0.1606454059880619,0.20661376795720676,0.17379265641582142
248.70000000000002,0.1424789206832098,0.13812194260589,0.16434785965516974,0.21200975528275834,0.17023212490497544
248.75,0.15170468122324993,0.1429520494820356,0.16930230157818227,0.2083640776234732,0.1478000403208306
248.8,0.1503407742739951,0.14592341771438472,0.17728948484812293,0.20659942009177173,0.12452100562219857
248.85000000000002,0.14962740630428342,0.1439060024631712,0.1816901007075066,0.22560839224481238,0.10963232438485268
248.9,0.1561470662109222,0.15441065708146393,0.18972258807589445,0.23718214390282807,0.0893888569179372
248.95000000000002,0.15608029495507908,0.16365292329480166,0.18938602929619586,0.23139213743441908,0.08882335067466202
249.0,0.16109437932344162,0.16327109167447665,0.18872805532417616,0.2288948241529959,0.06581349377505509
249.05,0.15978654934941705,0.15856677793835008,0.18281851683762043,0.22370222682784327,0.04316190617060328
249.10000000000002,0.16254602507979315,0.16805499540494379,0.18953950152802687,0.23060047327756947,0.03710815845294395
249.15,0.16130552808195808,0.16991973546281336,0.19618559006943725,0.22471530257029512,0.029241985099398873
249.20000000000002,0.16391985929716496,0.17714853440145478,0.20264671117901684,0.22916070391147542,0.035972443337499306
249.25,0.17019771190540242,0.18128589156391206,0.2127085988715229,0.21006081653899059,0.03764236601622998
249.3,0.17383292077647622,0.18271286050896907,0.22081288592023243,0.20963832046169179,0.03966969341202442
249.35000000000002,0.18745941469307692,0.19101678543132333,0.23081109310606074,0.2098495254662242,0.04903508949577372
249.4,0.18793893182110305,0.19226452021614715,0.22860327924661625,0.20041789851476538,0.058305909502404094
249.45000000000002,0.18891020880539075,0.18912692686645224,0.23384288957245683,0.21303280403030142,0.04732836423665029
249.5,0.18248439923188012,0.19784946653879817,0.22739368051229672,0.2085456810651228,0.06717410042668986
249.55,0.18501126504809406,0.20725108289088076,0.22230794387559344,0.2046614691433425,0.11163228174786272
249.60000000000002,0.18763155868721038,0.1986699326550921,0.21928218597225116,0.2028525460632255,0.11572428039692581
249.65,0.18728790288361605,0.19744689676288196,0.2138735768760482,0.1963941020230555,0.08718441615580323
249.70000000000002,0.18808069480678716,0.1953987923392621,0.2165057702092692,0.20198680655223863,0.08846771094809452
249.75,0.19376505036683528,0.19586608621348722,0.2230055227342919,0.18856086818160936,0.09895080743770396
249.8,0.18959479905039686,0.20338901555435396,0.23325735356881108,0.1924321841943785,0.12797664226178176
249.85000000000002,0.18467163541783455,0.2070891523017776,0.2339832730592625,0.1957742877583366,0.13466951530139395
249.9,0.18360915005836131,0.20116193209328867,0.23086442246852676,0.1968278665471768,0.1421757569166921
249.95000000000002,0.1804284421301781,0.20652087037657138,0.228358510168472,0.19306890229598336,0.14140378124953357
250.0,0.18182369121394945,0.20877708319011654,0.2263114897782792,0.1965906540332399,0.15479610608362535
250.05,0.18596097920022805,0.21329868965444193,0.21778237690225827,0.1852826358968859,0.17490321286754204
250.10000000000002,0.17899078032771717,0.21577758982656653,0.20653788435813175,0.17417238527897816,0.18877751502306309
250.15,0.17045738951772155,0.19976180110475955,0.20678404086634267,0.1672481738204417,0.19690987162840445
250.20000000000002,0.15838979389249067,0.19135635627956496,0.20730643346614805,0.15865263704919502,0.2044396991234743
250.25,0.1494128334878011,0.18170282279291808,0.2060512375538628,0.1442042381706621,0.23119471947980041
250.3,0.14555182758133406,0.17605199609043357,0.19657028905764573,0.14254978706953844,0.23960916717122951
250.35000000000002,0.13711816209115615,0.16942547311468387,0.19441905878202337,0.14989371934722898,0.22921092302184756
250.4,0.12712783066686018,0.1699559657599612,0.18163053574278,0.15550640589865544,0.20702474916028196
250.45000000000002,0.11849325735916783,0.16656964106532043,0.1799447101080015,0.15458101856193948,0.20635945205552306
250.5,0.12095732916233795,0.1667409186868418,0.18725131492228736,0.15204397834488076,0.19571125311286044
250.55,0.11984800939338437,0.16368654707648073,0.19365550460159242,0.15216083230204977,0.19820220161896057
250.60000000000002,0.12796355435091053,0.16201536516517814,0.1974425762077968,0.1490235780708497,0.20930564956630743
250.65,0.13097752137286503,0.16237375338286336,0.19786976088393057,0.1555688514590927,0.2342701815155144
250.70000000000002,0.13114649581362506,0.1626379492210604,0.20242379711615588,0.15218490932084877,0.24812959155424283
250.75,0.13106733793772837,0.1608924701401458,0.2036054399603129,0.15304934186974048,0.261984022677725
250.8,0.1282086164946971,0.1691409135223627,0.19423104465693639,0.16999832550748664,0.26051024570144254
250.85000000000002,0.12700269883257248,0.17319673401735583,0.1813864601218861,0.17987546074571512,0.25232560092057416
250.9,0.12625031765010486,0.17470569967212776,0.17285632227816214,0.1818507935950145,0.25485323780057356
250.95000000000002,0.12595982497762068,0.1750212543802053,0.16140617293323214,0.18051467741739333,0.2555616975442602
251.0,0.12774253185355103,0.16137322916643507,0.15689048860906143,0.1732919691397016,0.26960301691435645
251.05,0.1290758882575848,0.1643052891950975,0.1738973940092883,0.17156578070169437,0.2847994825376708
251.10000000000002,0.13527964024915212,0.1796097428254454,0.1789312270828158,0.1815228445102189,0.28332441816030157
251.15,0.13148552653050094,0.18199347362477275,0.19345796565477033,0.17106437871061478,0.2884953857005689
251.20000000000002,0.1246437881534553,0.19336456327093376,0.20519086982877718,0.18471946283705112,0.2987242945250143
251.25,0.12127807554249453,0.19883384514236543,0.209154640618267,0.20036534425689478,0.29959998088675277
251.3,0.1118633147732048,0.19946570202436834,0.20636118433136216,0.22109716697436438,0.29144674352472283
251.35000000000002,0.09757177194913381,0.19519160291612395,0.19708876126843503,0.22395619138986353,0.27824655748955773
251.4,0.09136579701980309,0.19760427677144954,0.18321990248704617,0.22622636492852907,0.2741661663472773
251.45000000000002,0.09429900373054068,0.20336926756876825,0.18263751507968148,0.23362063391310336,0.2916766757261683
251.5,0.09179316582345542,0.20262093125069283,0.18325144550264663,0.22807712878803155,0.29184700156800103
251.55,0.08912067205606487,0.20536519672663409,0.17489495720833995,0.21941079644869257,0.29885794080129363
251.60000000000002,0.08532844431269306,0.19703854822997338,0.15287842046044484,0.21405345348099478,0.29622482461327154
251.65,0.08432266571742628,0.18206771630952898,0.1489081449306883,0.22256565148509538,0.30063124832827864
251.70000000000002,0.08004453256742837,0.17206225373228168,0.13792962491827526,0.22060924296940296,0.2979435082354884
251.75,0.08000781114903079,0.17099780476760323,0.12009110406340386,0.20702630502154346,0.2988609533992758
251.8,0.07432088696495531,0.16588319664045817,0.11277676735987986,0.21434461873935426,0.3201313889352223
251.85000000000002,0.07327525070671129,0.16954479329085131,0.11804217970618044,0.20374146392548753,0.3306543174917817
251.9,0.0657961772615789,0.16474366598253923,0.12496115197033265,0.19987266164651815,0.33385740867042274
251.95000000000002,0.07121134508285243,0.17188786470474485,0.11052719263477853,0.20141401149780405,0.32381554763465864
252.0,0.0727697151659339,0.16847799535876434,0.10943749989502763,0.2062636010903366,0.3210573977209311
252.05,0.08137013635813319,0.16729051008374493,0.10383691242666546,0.20096688304285998,0.32444472944353847
252.10000000000002,0.08840837215412298,0.16736825308226283,0.09935437104677264,0.1997219001837895,0.316996781398671
252.15,0.08551445321615879,0.16184493181550882,0.10497533256467957,0.20207381112845435,0.3351268576801042
252.20000000000002,0.08494110977093683,0.1672614564882739,0.09861258266378949,0.20459595920132176,0.335559130456675
252.25,0.07784770225137688,0.17670348531844388,0.09444592943111255,0.2069259702847683,0.336043948864281
252.3,0.0814963384692673,0.1718370369327771,0.08625248412639064,0.21799301732510953,0.3327499159804988
252.35000000000002,0.08038664233707035,0.174169614609779,0.081325036914206,0.21544396854405912,0.33622283762761734
252.4,0.0753506610259604,0.17750223610312976,0.07131696421544736,0.20343910688419944,0.3363861634274993
252.45000000000002,0.07716909091594808,0.17227838419760694,0.06261027762917121,0.2094335096911659,0.3462728890272623
252.5,0.07471270976024531,0.1709481796055295,0.05055169735531803,0.20624814785682516,0.35240692737184903
252.55,0.0731169094459892,0.1734939935273846,0.047701459306549114,0.219976680801972,0.3579083321478829
252.60000000000002,0.07611840012845564,0.17333145411826947,0.05777882054361154,0.21360407209866372,0.37902167987798285
252.65,0.07434255807049653,0.15638441895377272,0.059679404826874116,0.20596396035122436,0.387641441138061
252.70000000000002,0.08029542508362261,0.15608454916982378,0.06108411557374896,0.20246624477195055,0.3885998960980988
252.75,0.0860856140432429,0.13834797735847373,0.07171962430621862,0.19126205306262717,0.3911107447093766
252.8,0.08508603354140805,0.13207030104105147,0.06930204544632125,0.19428545836485206,0.3934819210217912
252.85000000000002,0.08973409596599967,0.13817897100392887,0.06823038464533182,0.1961290842952337,0.4050556830077232
252.9,0.09285068090703015,0.12360372500603592,0.07463326472292389,0.1896557402283356,0.4116386560875254
252.95000000000002,0.09842040902075062,0.12431138326642671,0.0771542444408754,0.18403408194668955,0.4176067965618717
253.0,0.1030367251108159,0.12244869164516908,0.08227983519769932,0.1776056030709698,0.4245171609960743
253.05,0.11020593110958753,0.12718675583058345,0.08484437363449494,0.17250750134105325,0.42901050552149256
253.10000000000002,0.10921813191909317,0.12758717755278204,0.08903622691117315,0.17332575287865595,0.43772983071628196
253.15,0.11249057636736898,0.12425907397953342,0.10326012292068769,0.17513903650758877,0.44231273918557706
253.20000000000002,0.11947241328504077,0.12706770813788937,0.10580178480313866,0.16539890070928406,0.4459812382941536
253.25,0.12786860999367655,0.1179211858143908,0.11488152217054388,0.164729575996636,0.45122521951402655
253.3,0.13232239962736939,0.10619790319553611,0.11845384113132237,0.15415444717705237,0.4506327782206342
253.35000000000002,0.1303277959942818,0.09209028383587435,0.121934696608046,0.15640783891807658,0.44113403603215134
253.4,0.13159264584931377,0.09756441810318031,0.12222309270118653,0.15439909724611314,0.4390961962929333
253.45000000000002,0.1356504962647703,0.10442726907193112,0.12866226914408305,0.16185811808207082,0.43195465000414107
253.5,0.13405924427851804,0.1085205120376534,0.13862153428682922,0.1633140256794937,0.4424916952653206
253.55,0.13829444851803982,0.11576653241852083,0.14988766688512514,0.15901804152056062,0.4404294165124783
253.60000000000002,0.14246014398074355,0.12651679250442402,0.15761178637031065,0.1583626470926932,0.4568110297648863
253.65,0.1556708272645912,0.11895144707280629,0.15460985799911242,0.14777951173742812,0.4605938115965975
253.70000000000002,0.15422184362413704,0.12809208601798602,0.15456861605367622,0.15733620068236834,0.45221997552377985
253.75,0.16333837829115,0.13053582333887687,0.161431920509355,0.1555576499204954,0.4523652309126875
253.8,0.16853807988874797,0.13336546070465888,0.16235380555481635,0.15902766520830194,0.4531687808656747
253.85000000000002,0.1714256001006808,0.13657518454324707,0.16293600668622923,0.16086508755042625,0.4634066281431749
253.9,0.17019530413199402,0.13664393791067242,0.15593482433697353,0.1628185994606945,0.46981106157430164
253.95000000000002,0.17659109500915787,0.12347312217453844,0.14786041208012835,0.14342222878630176,0.4618036050453917
254.0,0.17598689055165767,0.11724328344627041,0.14882932819477498,0.145611027296605,0.45278299065370253
254.05,0.17971519999512925,0.11420459812194587,0.1542813980604393,0.14375293994340949,0.4579082101090749
254.10000000000002,0.18107034677764158,0.11344039944042386,0.1642447387151462,0.16218064635029747,0.4655551831659895
254.15,0.1877198856014076,0.11084673578657918,0.17150531452120826,0.16705630875963795,0.47143664562437554
254.20000000000002,0.18952702333559465,0.11090746177517581,0.17340210557282196,0.17675027958376932,0.4809889409624172
254.25,0.1887683813176853,0.11519694549970166,0.1758900561525502,0.19018977350559588,0.48034274179048647
254.3,0.1973022035265028,0.10535973345455268,0.17047107807483128,0.177001638490467,0.48879940701507185
254.35000000000002,0.19017968892152295,0.10740870149327855,0.16831457662151048,0.17507794691119657,0.4849575650163975
254.4,0.19932099134063452,0.11375517153707593,0.17174578153563336,0.17983881246462582,0.47579683137072426
254.45000000000002,0.19181392026522462,0.10534090254148878,0.17168721748317559,0.17308965817369776,0.4832048907444041
254.5,0.19467212763166458,0.10869900045003786,0.16993054811099706,0.184917654234271,0.49548213144897146
254.55,0.1975837629904098,0.11021144719326707,0.17332688444187896,0.17779377540607122,0.5025560420732944
254.60000000000002,0.19702616063076533,0.11220446163547583,0.17087713951465222,0.1630767789987102,0.5014086631311595
254.65,0.2049314262557034,0.10674465438642547,0.16531732296983187,0.16943862648817967,0.49675850265353705
254.70000000000002,0.2100513392205457,0.10486255551023871,0.16495793944713505,0.15368888645775564,0.4985665920991269
254.75,0.21289105664518668,0.09508391850008019,0.16076135378977935,0.15764639794565105,0.49527391016707406
254.8,0.21449118557118702,0.09335657640687157,0.15140969570726728,0.16430427470337144,0.4885728829974944
254.85000000000002,0.2104887581770432,0.0893549365392027,0.14428315738489977,0.17709895551536173,0.4841748209791976
254.9,0.20093758291740146,0.07725726430436898,0.14053413466785303,0.19041879745368742,0.47058338334003746
254.95000000000002,0.19935571688343365,0.06864701619839461,0.1383300622066634,0.20614808412217822,0.46183258538094185
255.0,0.19505812494520314,0.05709685045499584,0.13711199629540846,0.20712901106480572,0.45127815720275316
255.05,0.1940161066939496,0.05127312356196589,0.13868634499374818,0.2134328335491984,0.4437205973749219
255.10000000000002,0.1874973512149248,0.052511508130557175,0.14005044705879377,0.21878026542283538,0.44006503311099293
255.15,0.18414903895024617,0.05808428774872504,0.1494887923362487,0.23176253590306375,0.44810586473794756
255.20000000000002,0.1692495371351259,0.05195582717899182,0.163810576860728,0.248635598881071,0.4502653004294029
255.25,0.15994328007315425,0.05478132607274721,0.17813945436515885,0.26061109024350376,0.4464958745516466
255.3,0.1589022540208758,0.0542089335067207,0.19022210942897894,0.2588171167533634,0.45163395979786397
255.35000000000002,0.15068870004830723,0.04784147275253371,0.2106207617546484,0.25117129896111834,0.45829426213597924
255.4,0.1471242296131557,0.04947363940843663,0.24200231415716253,0.2323888847993493,0.48690387965193505
255.45000000000002,0.1419702356306197,0.06503281405139501,0.26272453917739425,0.23344021536015158,0.5183110979043858
255.5,0.14090583943230853,0.05333859188097438,0.2794104824299217,0.22081193740190633,0.5397890571888475
255.55,0.14477673056966145,0.05790820629196513,0.2936580337324732,0.212893572007052,0.5654315178251619
255.60000000000002,0.13867287413869764,0.06653110716694749,0.3062539244805019,0.19937030189699387,0.5822028562402628
255.65,0.1401135897711199,0.07163512330187193,0.31382306407290994,0.18887312640869072,0.5928561497832588
255.70000000000002,0.14520965140936107,0.07654267449034281,0.3162262275341018,0.18454994848965592,0.6154061543892002
255.75,0.13961638828291942,0.0890712761417264,0.312145662928518,0.17815751580738565,0.615990350606534
255.8,0.1227481702503309,0.08425465512355636,0.3117827193302071,0.15750624466043342,0.6251991413727649
255.85000000000002,0.12494937994494647,0.09116309077524895,0.3076095781605781,0.14446830949407474,0.6236665915867375
255.9,0.12539003001964957,0.09906916799074042,0.2990432718263782,0.1395209466748397,0.6118927698540774
255.95000000000002,0.1205404821032417,0.10988869945913676,0.2965231293020029,0.1372552787997859,0.6077418098811247
256.0,0.11190546564269485,0.10790074394271978,0.287274135161638,0.123962636038351,0.5888055289150929
256.05,0.1083123651581979,0.1163263546419461,0.2810841636628674,0.11778717920234784,0.5787009175310677
256.1,0.10690078017714506,0.11756565924064648,0.2775651362725995,0.11974208827473234,0.5711573698359245
256.15000000000003,0.10513648102926089,0.10720911759554115,0.2762503173576287,0.12127060007434765,0.5724188855580183
256.2,0.10444816966293771,0.09620839486266446,0.2740518565085799,0.11574668323629589,0.5716583855635112
256.25,0.10097670009098281,0.08759163007296152,0.26980434377002355,0.12264035865814026,0.5693323090713919
256.3,0.1049681251026991,0.07971021279295405,0.2629312344071128,0.1255907817897068,0.5682725074303926
256.35,0.10438380335098515,0.07620977327741758,0.24897402840738617,0.12448166390453065,0.5724269453429749
256.40000000000003,0.10064419464958553,0.0713864695174447,0.23087663782517845,0.13665428533095925,0.567151819567053
256.45,0.1048362244025651,0.061053313180059215,0.2175627084761182,0.13023765162333856,0.5668639365833077
256.5,0.1092745704904364,0.060872684497795454,0.20568716470463794,0.1349352531893348,0.5488640807340297
256.55,0.11114427139386342,0.058857881380822805,0.1890795908658439,0.13655857511327021,0.5412651491636236
256.6,0.12214862245266456,0.05479033184516968,0.1795501708468212,0.13322981609830217,0.524603907487165
256.65000000000003,0.12474060236948319,0.054903411983733295,0.1719087007888891,0.1344670745001151,0.505593877621975
256.7,0.1226298034855295,0.04435847697837163,0.1703277953701865,0.14286727760569723,0.5046840651047858
256.75,0.1236321399961336,0.04236066721897162,0.16484695702940771,0.14413661450655976,0.49876659697920106
256.8,0.13569136257294132,0.0410125114713702,0.1598921942111594,0.1596196968414359,0.5021518703243133
256.85,0.13628197498519468,0.03243652477155803,0.14662764086713423,0.15886454839047412,0.4933751605439462
256.90000000000003,0.1391286807901015,0.031075921719663068,0.1399272959720457,0.1498051334772343,0.49377412943574595
256.95,0.14042210925282833,0.036312919516509216,0.13830088567405724,0.1582808139416041,0.49300879087261623
257.0,0.13374403925687853,0.03534816149111045,0.13949887349531986,0.16212005854175837,0.501271462214508
257.05,0.13996581482226714,0.03761557341346466,0.13986442814212421,0.16649839257245586,0.48694518397645326
257.1,0.1384702370525575,0.027771923977246676,0.13468269154279044,0.1662596365843682,0.4941895284227411
257.15000000000003,0.14108659106877244,0.02905078348272131,0.13290508105808643,0.17214263158726512,0.4888261162758267
257.2,0.13853446389242993,0.024763759707385317,0.13477391475986658,0.1816760997651831,0.5023131796717061
257.25,0.14110385725945743,0.023087448137189992,0.138133127439779,0.17396775135575052,0.5102957533084655
257.3,0.1419064657067801,0.01492288973336757,0.12835418698486983,0.17081580357109322,0.502617967611698
257.35,0.1418494258705533,0.01618364437582049,0.13124833255416526,0.1609922475530698,0.4880843290331729
257.40000000000003,0.14207950054955737,0.012726259600605099,0.1252792502779289,0.16329207958148506,0.476405279252347
257.45,0.15229709466229438,0.025399002785237147,0.12831335590890486,0.18053192094020057,0.4710213442027594
257.5,0.15474316474126934,0.019725653246464837,0.12587068370823218,0.18374436327128157,0.4615645422107659
257.55,0.15368184141971272,0.01594743383986207,0.12655130950180324,0.19826135902779649,0.45881748592164295
257.6,0.15851495687560319,0.007689046703260067,0.113937656215683,0.2128467336157134,0.4595830965555247
257.65000000000003,0.16564347590034703,0.013759129517731712,0.11460258434788408,0.21039911356494073,0.45146944413627194
257.7,0.17377219418057283,0.02045189117373821,0.11346332861163168,0.2124996688295065,0.45613738483179367
257.75,0.183914656088553,0.019438665988992854,0.11163112737689193,0.20189706135194088,0.4512244961037472
257.8,0.19194080430791918,0.020104723026157525,0.11234909895599206,0.19324138339683594,0.44595566387828905
257.85,0.1992269915777464,0.026879083395736494,0.11427972392451968,0.20115803152932785,0.4374311943543601
257.90000000000003,0.20560638872574646,0.028824233077796385,0.1109655262155531,0.19862699849319096,0.4209289084852104
257.95,0.20779382041709754,0.030682622254021193,0.11115492591159609,0.20466481658199298,0.39374597310510584
258.0,0.20953415441869314,0.032229449954628335,0.1123243964989976,0.19720363926670373,0.37474464499210863
258.05,0.20848343083713675,0.03601324710736493,0.11498286779846154,0.1928475753317006,0.3630650566381865
258.1,0.2144148019184015,0.03299380628488151,0.11346732416852265,0.19801524843866347,0.368030024661493
258.15000000000003,0.2160115353315341,0.03268773129529598,0.11682621923305363,0.1895924960552798,0.33125808808588214
258.2,0.21795473078781805,0.03333720686679781,0.11288637662642026,0.1966321789409718,0.32875262914970543
258.25,0.22320935066685033,0.038011225581716906,0.11739675929232046,0.1913898943060779,0.35350571052646523
258.3,0.2340537449528762,0.03937275204545049,0.12339158288562502,0.1886280836444965,0.3550181009368394
258.35,0.24126722175241694,0.04019577156288435,0.1193652505804141,0.18470533558543806,0.3309376022814236
258.40000000000003,0.23963538966701245,0.04445906729598395,0.12531027733534134,0.1782106308226859,0.3186709613179209
258.45,0.24765405464441162,0.047819833440407175,0.12092668967123357,0.1824063562237848,0.28919331172078655
258.5,0.25370089143903796,0.05158646610557995,0.12499937005358856,0.17602382031113553,0.2863670606162
258.55,0.2586244644889007,0.057516025021993496,0.12932712077360556,0.18080490908368807,0.2706303082437103
258.6,0.2582537780007385,0.06162149031600385,0.13895094623582782,0.16892503137886494,0.25239734023143745
258.65000000000003,0.2517837390656256,0.06129294970874011,0.14625773316728943,0.1698817823576848,0.22809761562960854
258.7,0.24680438430020124,0.0622351961287391,0.1422914551714611,0.16778625460903918,0.2015796414308661
258.75,0.2576114791841755,0.05426861016176821,0.15447846484881447,0.16460778447670601,0.1892831810582394
258.8,0.26373692077793853,0.06194878758875621,0.15578239265613017,0.1613702309196242,0.1728442031916056
258.85,0.2758898237425571,0.06313067660977756,0.15796991230095217,0.16567309487525866,0.1713076399634258
258.90000000000003,0.28008228676101277,0.07030201547901102,0.15552737278528442,0.16379199491611945,0.1697631702232708
258.95,0.2803964719395131,0.07592345661525467,0.15719187334202586,0.16845700100210337,0.16723450292702424
259.0,0.2806273957864865,0.07587497507325124,0.155391556248255,0.16950716442318584,0.17624886311922466
259.05,0.27823403066782587,0.07203652647291355,0.1574064623915423,0.1732415845596996,0.17350173523872003
259.1,0.2789386488666654,0.07044266461245167,0.1528730734573582,0.16791626142723404,0.16918765772973093
259.15000000000003,0.27727943129561927,0.0720767581739477,0.1636545894643693,0.15415977125514235,0.1688718161543812
259.2,0.27522646178725363,0.06826992741859071,0.16584310189578091,0.15029393090745863,0.17286462112232315
259.25,0.27928335252406256,0.07373537811548929,0.17048370590556966,0.15180931613714824,0.19842440148325705
259.3,0.2780752483284441,0.06880853353576777,0.17336607432785,0.14988250485047547,0.22550505537480528
259.35,0.28269639041078415,0.07073086877869587,0.1720122690827888,0.15144989602574924,0.25084250084198767
259.40000000000003,0.2789072512276486,0.07282819407493665,0.16663212641028963,0.15737113301531022,0.2443296923095414
259.45,0.2870209506641358,0.07222373027560822,0.16356834446171511,0.1678366245847439,0.2567087221444338
259.5,0.2789211417164425,0.06529270381718592,0.1679752810429872,0.1703181062414734,0.2616751168239407
259.55,0.28372345527284504,0.06959798301133661,0.17459436015298394,0.16775317997256445,0.2534791269086957
259.6,0.2799881567336638,0.06889951335201212,0.1688676784396565,0.17433677880074985,0.2595967345970848
259.65000000000003,0.2726577802125016,0.07239589699029139,0.1744056716498764,0.17616924658500163,0.24909495492091172
259.7,0.27404432834621517,0.07770303297882784,0.17954714907311906,0.17051863205820253,0.24487436847502456
259.75,0.25323749111315585,0.06479296970445833,0.18911863125668124,0.15274148290135184,0.2330994613373597
259.8,0.2502981547734282,0.07446378341651712,0.1977381060144415,0.1423801347994886,0.2099801551059596
259.85,0.24045020555698216,0.07762221569445152,0.20001664121328958,0.13559156048059015,0.2127827067379954
259.90000000000003,0.23185604378561564,0.07633253939237183,0.1930002258630313,0.13668984631896877,0.21743671122591207
259.95,0.2135291786352454,0.0754960177511469,0.19654366956496985,0.13268251569589706,0.22104979508746275
260.0,0.21294095048673656,0.07788740929085616,0.18831999287417228,0.11080120294415496,0.22415811097268895
260.05,0.2066587804778906,0.08090809553085129,0.18940378083033663,0.10990076043461157,0.23965540360862006
260.1,0.21327496853657157,0.08369694734777389,0.18025853839394831,0.10092914613089687,0.24074507909917922
260.15000000000003,0.21007656053986107,0.0839577681341064,0.17357067391312314,0.10574539054593679,0.2414720660693036
260.2,0.21017834189982984,0.08469549448287064,0.17603336636284211,0.10775446424711131,0.2635756186375243
260.25,0.19923605411627834,0.09016001518244776,0.18983449457976556,0.10413518607825459,0.26654121233115907
260.3,0.19021268885495873,0.10349234449473901,0.1937234174796794,0.09155342464603239,0.26272283963120147
260.35,0.18716345122963804,0.10347431385157407,0.1880824492324516,0.09234249425617026,0.2567863521906931
260.40000000000003,0.1856690849124567,0.1081942439158853,0.18421673014792309,0.09792211499588152,0.2638317822909266
260.45,0.18274988318880936,0.09738628041439158,0.18366594900477706,0.09510660648631822,0.2574446897924513
260.5,0.1787856272456087,0.09638678267266149,0.1756775150470079,0.09936771348854088,0.2493068394824904
260.55,0.1700367294479719,0.09594872334325681,0.1748988384872603,0.09218615285089038,0.2580313750128621
260.6,0.16862640407800197,0.10213777629459014,0.1734030115389406,0.10060014846822554,0.2547783102352558
260.65000000000003,0.16589353155757575,0.10166992746215531,0.16920729957530123,0.09683013932164883,0.2531422122695907
260.7,0.16379172173914883,0.1153518167170063,0.175549581412743,0.09040307738437983,0.23856335814316545
260.75,0.16986594855918713,0.11497627984920614,0.1684719441052668,0.06943059054673367,0.23334619482792035
260.8,0.17036779934525284,0.12484255719706822,0.17670707497765706,0.04979930807270782,0.2231735663088046
260.85,0.16046332889080436,0.13617679835642552,0.18470491597148558,0.04151190329215921,0.2234080171034455
260.90000000000003,0.16831732546149536,0.13217037331413667,0.1903847827522759,0.02482644911721891,0.2233588908853398
260.95,0.1682227969247095,0.13740153039593156,0.1871632366087884,0.03613572591732031,0.23231045323332736
261.0,0.17024317945331036,0.13024796632652336,0.18574833978322683,0.023750651215900268,0.22536339945040482
261.05,0.1568423552644732,0.11875418916882917,0.18267610328128497,0.03182238415242605,0.2223052642156486
261.1,0.1469791033621943,0.11593595518784822,0.18257510904547083,0.04904417679632784,0.23506355074825477
261.15000000000003,0.14371633304544693,0.10787587409408621,0.17614978362906208,0.045080171296156546,0.23734739830072124
261.2,0.13516107134438682,0.09617601189213211,0.17539001946081628,0.050455010376130226,0.24370234589678386
261.25,0.1276240615613994,0.09033426750015898,0.1799864022518234,0.04195573184310334,0.2411586119325251
261.3,0.12128934914370408,0.08190000093547013,0.17143761610012073,0.025515362930143178,0.24107885326601444
261.35,0.11058062302379953,0.10217691466144505,0.1636896282858198,0.05780357660288717,0.25262752629133206
261.40000000000003,0.10655831821105616,0.09994935767458592,0.15124401965424047,0.04836260953919552,0.2587130225192598
261.45,0.11421924124591097,0.08677375970881918,0.14590448837721287,0.06606327319694935,0.264584862827648
261.5,0.11488124781976718,0.08044859962658153,0.13709733378237296,0.06291563635704953,0.2747568932257983
261.55,0.097981194413587,0.09547850510161653,0.1274104405655296,0.06824669501308227,0.28608485541705947
261.6,0.09323145935933369,0.09884555331928349,0.11695558926398789,0.05483371551545216,0.29601699865584546
261.65000000000003,0.08499941558582795,0.10581884538533659,0.10965036010592294,0.053456769905179835,0.2911564370024898
261.7,0.08098453205247054,0.10873682193911544,0.09682058457665245,0.04459067616685855,0.3021495461470399
261.75,0.07387411408073215,0.11051438890077832,0.08037540699176386,0.03766861569315429,0.3002528440900988
261.8,0.06852235837893161,0.11027556570204883,0.07187364488645206,0.054237188865174944,0.3042495894669596
261.85,0.07446345696134943,0.0939521218970787,0.06721919505026956,0.05977345902280324,0.3233440858861531
261.90000000000003,0.07145243027862466,0.09402249734588894,0.07084506903938684,0.07360275040862356,0.34904070527188485
261.95,0.067932351089692,0.09398604951262772,0.06915878693996569,0.08400429056487826,0.3638619447459446
262.0,0.061924815919620804,0.08949200863997683,0.08119639850312647,0.08356282026622726,0.3757835150684202
262.05,0.05393793820390516,0.08584652620912979,0.08927741513265443,0.09107607624361097,0.3872080309748046
262.1,0.056845184506743814,0.08367922075423329,0.09033590081685683,0.09492046760118232,0.379446502509592
262.15000000000003,0.05724571466629862,0.08512392724675914,0.10124772978331012,0.09816799395319414,0.39232771502659086
262.2,0.0500031721660487,0.0861515479260288,0.11260990003820402,0.10073750782235813,0.4050442660020053
262.25,0.043838656092843126,0.08829165280821026,0.12730494499665287,0.09806289830788685,0.41970302263840803
262.3,0.04258690764817197,0.08056408028143813,0.1326685466728768,0.10466168969559983,0.41482704622863187
262.35,0.043666013719125006,0.07945455147123923,0.13966972313470244,0.09939234905438502,0.42027061905345336
262.40000000000003,0.03466428599852159,0.07517022715228955,0.15259124186638184,0.10309406364677559,0.42193266744483043
262.45,0.03591454207192982,0.07799475081893216,0.16475692580573562,0.11338064912325492,0.4236068124836508
262.5,0.035928101267669016,0.07453259932509683,0.17328520792682317,0.11628153007171763,0.43038550544835236
262.55,0.03113461846418743,0.07386539068989077,0.17905385563271792,0.11660858134080743,0.4406651143960683
262.6,0.04117124447840536,0.07309239972548721,0.1905771750633676,0.11307990219945707,0.43088123362920244
262.65000000000003,0.040300534795693406,0.08072063171199058,0.20071800336839477,0.11997118412813434,0.42745301273272446
262.7,0.0366916327891759,0.08379671357922516,0.20313439627475124,0.12142648976300835,0.43545735560350385
262.75,0.036211677430552515,0.09603514139412726,0.20846659603157142,0.11977233660267976,0.43940319464156014
262.8,0.0419291514085731,0.09514167539779766,0.20967893348352057,0.11153434861467676,0.4452406900621353
262.85,0.04943013966974187,0.10642217266711973,0.2180600159546691,0.1140940357966664,0.4442282077089686
262.90000000000003,0.04882351650795463,0.10140049019055258,0.23275491069083387,0.12142691025619838,0.44171337904187497
262.95,0.05672047135279321,0.09321336919229445,0.23887361826980863,0.12168700668984783,0.44571009366149145
263.0,0.06326131367253886,0.09632750807234346,0.24784924625646693,0.12967977527028743,0.4491689313245979
263.05,0.06787683433217802,0.0902703335821481,0.24677380633574456,0.12426151304866338,0.44705664790196525
263.1,0.06897853117289411,0.09149133503122618,0.24822701571003725,0.11910171021731267,0.43325693170747154
263.15000000000003,0.06952315857848809,0.09121828752103499,0.24793027632173031,0.1155489782218959,0.42626408550347433
263.2,0.06784205334311835,0.10909399482670065,0.26200391125056016,0.10886081995914139,0.4209575735399837
263.25,0.06975689172435108,0.1091240678660071,0.2678245135159262,0.10171514123003902,0.4193812378773973
263.3,0.07503895941380732,0.10698070571907058,0.2732900417454698,0.10484905428861137,0.41316371072373814
263.35,0.07532900762113964,0.10944032862340368,0.2780378608989442,0.11855295100247466,0.4169982914018903
263.40000000000003,0.07397041149933122,0.11237312085365515,0.29187708368842347,0.10245369043283917,0.4103799749682926
263.45,0.06873513524878846,0.11047160956718807,0.2977681752901635,0.10156802152900624,0.41898067403744177
263.5,0.06818937021314278,0.11396984102145517,0.31028908783866155,0.1017799756368355,0.42058167526334206
263.55,0.06481402701802128,0.11329160708746785,0.3038895128755065,0.09402006505157695,0.4228978720577093
263.6,0.05555055295984932,0.11348667020456864,0.302443418371465,0.09773755108284324,0.4206302497954866
263.65000000000003,0.05572985838357452,0.11734744210521948,0.3128014380122321,0.0992552215713288,0.42293875182873797
263.7,0.05983693747605001,0.11581822235303708,0.31323744880154225,0.11660906862540728,0.4296259212125661
263.75,0.06068189700723965,0.10935598431036811,0.3205161633750257,0.12272129843709306,0.429159610161166
263.8,0.06512113884475705,0.10806870494599272,0.3164314796091066,0.13413528244629358,0.42458457096619995
263.85,0.07438240589818079,0.11410257719258672,0.32031249774644277,0.14225152670868124,0.41792907226598874
263.90000000000003,0.08415318716569681,0.1050185773456648,0.329787952976393,0.14696822839982984,0.42876695467454634
263.95,0.08657787159378567,0.09488488691018383,0.3252105999100043,0.15598748373385218,0.42732282867655424
264.0,0.0916005090866476,0.08853866278102829,0.3258855683461364,0.1546536452906017,0.4297537752442024
264.05,0.1066388767511459,0.09328209558699131,0.3295423357185348,0.16380214876711724,0.43222882037006094
264.1,0.11554249845921162,0.08838477986976549,0.33423453167605455,0.1680575279903253,0.4390373639960163
264.15000000000003,0.11972995435138294,0.08640125586727214,0.3336497787542222,0.17061928193490195,0.43759838879676044
264.2,0.12255395440002972,0.08857616206049852,0.3379185016301123,0.17853756412739155,0.4374793148235847
264.25,0.13123502334011858,0.08276917590901826,0.33293061799104834,0.18533640845683577,0.4497567752984274
264.3,0.1423968817421386,0.07433660962217377,0.3185262796967824,0.18502549508409433,0.4484167852744142
264.35,0.15596010125514673,0.08296749813905209,0.32006488717884357,0.18341006636265042,0.4481534718065645
264.40000000000003,0.16622424943009956,0.07270663343041775,0.3148580417764929,0.19252990566203407,0.44691693765136836
264.45,0.17041440017896856,0.0749469749975526,0.30666855269046617,0.20199206018518107,0.43616910702740197
264.5,0.18462795381637637,0.08666643883455745,0.3106765447985771,0.1940315874974196,0.43662013359139684
264.55,0.17822432109861114,0.09038424985937074,0.3095874665466403,0.1937850592281176,0.4399107756683919
264.6,0.17789037194312035,0.09402151672964817,0.30500282931749007,0.19094460061249124,0.4446789252936637
264.65000000000003,0.1796055968355071,0.09628832131690357,0.3088469179634553,0.18993818380434235,0.44495868993489956
264.7,0.1866070511871748,0.10595340778599394,0.3030259192327277,0.19261931967087173,0.44921706772349307
264.75,0.184694690058068,0.10870392237226398,0.2895340200773266,0.19960976714700138,0.44310012382236424
264.8,0.19441475768985414,0.10692276428433069,0.29209768569391853,0.20135671357434645,0.4355131722582878
264.85,0.20419077875643943,0.11004059414538872,0.2743661649345833,0.19835867866657328,0.42767034900210166
264.90000000000003,0.20870904118724665,0.10953349779280847,0.27127635769675557,0.20604728822755525,0.42614922572597247
264.95,0.21016146059481325,0.10601515595303809,0.2611658966027324,0.1995650759235311,0.4297331836444994
265.0,0.20385449896351474,0.10703631029712712,0.24958083177005783,0.20420570144081535,0.41264229711783895
265.05,0.20493891630666794,0.103121495244858,0.24094330117467108,0.20847378707894196,0.3966302862585426
265.1,0.21203031435708367,0.09968736836820799,0.23906994880332377,0.2105032665038963,0.3922271167315551
265.15000000000003,0.2054370714335801,0.10394091329178912,0.23369755537799747,0.20795551304197338,0.3940569945482065
265.2,0.18855854629226107,0.09584067118965513,0.21828314896086734,0.2004256880318202,0.39524665938244297
265.25,0.18132668265645346,0.09577345943217365,0.20389640066041428,0.19668804062854045,0.3829949787970461
265.3,0.17712166372288923,0.09381834659015208,0.19733551236199318,0.19549397842463814,0.38044024058531556
265.35,0.17439207543198393,0.08379473476126263,0.19921827841913436,0.19790365530612686,0.37909420392212195
265.40000000000003,0.16603201969948092,0.08133275509069555,0.17772147714658706,0.195198044871627,0.38379257886956875
265.45,0.16652512987362955,0.08582914014573516,0.16924687934066313,0.20044153952032695,0.3723001434663588
265.5,0.17111748381135727,0.08521505828070304,0.17460247061594553,0.20110758928066763,0.3715258308295031
265.55,0.16585031143207268,0.07233989556572415,0.16308025063320694,0.203487295415012,0.3739734059721536
265.6,0.16333947020075001,0.0762574392642881,0.16341162580214838,0.20106997488967385,0.37540870537917526
265.65000000000003,0.16340658488650645,0.08170735717104288,0.15023118497367927,0.1939078213608217,0.36985586010211646
265.7,0.16305754151012783,0.08545773426386918,0.15414361862314904,0.19616435262629062,0.36872650572501764
265.75,0.15921927112349357,0.08635801955844927,0.14518676217242016,0.17762487858795117,0.3730431856917891
265.8,0.15982583322679433,0.08629748516089293,0.14054895070633974,0.17779112528448782,0.3685912739238337
265.85,0.15988961417882178,0.0803289656133328,0.13399165174146316,0.18624436818400006,0.3732889315294304
265.90000000000003,0.15007771441797313,0.08305471599045085,0.12486591994900863,0.1847046202618282,0.37127525916623844
265.95,0.13315350929836212,0.07611999020377204,0.1144643286271033,0.19087187955139817,0.37416779962431485
266.0,0.12335733223567273,0.08558038771300286,0.09862012548556116,0.2003556004411404,0.3650231058195481
266.05,0.1217527680874433,0.08293463304064096,0.10068046627816851,0.21430425264696393,0.35940657445411794
266.1,0.121490135911818,0.07654385686083677,0.09010726007111754,0.21081703724588755,0.3624242658090294
266.15000000000003,0.1186577390976089,0.07933052317476184,0.08116977937063068,0.2124421130432052,0.37341262925878527
266.2,0.12279210250741199,0.0837545898045918,0.06789872151491656,0.21505228942580154,0.37632754283120035
266.25,0.11275827593882778,0.08528464801863249,0.06114762125288849,0.22021397461414083,0.3720525042327721
266.3,0.10566062117013232,0.08700906143019677,0.05479984781333574,0.22395986307332388,0.34730907665185695
266.35,0.10626510066435879,0.08890094107161495,0.048014546499651485,0.23338858379417263,0.33518220342542016
266.40000000000003,0.10411591026423062,0.0932271093644913,0.03757467312314639,0.2502164703708914,0.3196133839664696
266.45,0.10224511763860675,0.09536100054409499,0.028326724463626385,0.2632031397013915,0.3039865453930376
266.5,0.10358421677671252,0.09865020739524236,0.024206267003614404,0.2595316456325449,0.2863071365188446
266.55,0.10504962447596282,0.10214575193626184,0.022349142386201778,0.25652497726642565,0.27699129482672197
266.6,0.10611546921067959,0.10633255595237083,0.024192364919901208,0.2589511753154112,0.27108366712287607
266.65000000000003,0.10441957820952796,0.11012441602742576,0.02402375933262713,0.2520263740655902,0.27006078171961606
266.7,0.1028440279669099,0.10212463994878654,0.030083641960985952,0.25398766961450914,0.28406937992072395
266.75,0.10845642240428723,0.10129263399189861,0.04013486385593242,0.23833890052969575,0.3009887717624554
266.8,0.09997450290756243,0.10558848142615761,0.05244230182274813,0.2452962366568285,0.31155700024329236
266.85,0.09602249366109043,0.10634942789587669,0.06315278110215614,0.24603184871159198,0.31990431725052926
266.90000000000003,0.09070823327469975,0.1123999896937968,0.07642222707881416,0.25461998701609806,0.32561021184720484
266.95,0.09183031579691706,0.11156004343064853,0.08479363275117204,0.2611673035983912,0.34568478608813635
267.0,0.09359792459428476,0.11335147683901788,0.08743902739639223,0.2726982921032591,0.3675649151566332
267.05,0.09233071927163465,0.12523209712212166,0.09721984005669052,0.26988275186387944,0.3840089628312277
267.1,0.090558722765801,0.12084376371657228,0.10146102911357824,0.27774248066231905,0.38022183722704667
267.15000000000003,0.09529304306990227,0.11680053205004766,0.11288044939083633,0.2662228915442802,0.37530694715469204
267.2,0.09452347189853168,0.11226736512064409,0.11496390556498912,0.2762553536660779,0.35489688194667807
267.25,0.10442423818797861,0.11249397695767284,0.12376838600508296,0.2842714485078941,0.3462025663021126
267.3,0.10060856321591181,0.12391432843581812,0.13109549743408166,0.2951104425366951,0.3316473735204851
267.35,0.09615006413377808,0.12698176019168525,0.13436861240132023,0.2944592449113714,0.2977317900223701
267.40000000000003,0.09384120984976237,0.1269178559642917,0.1514356159694601,0.3033307036713808,0.2753551339173709
267.45,0.0856767501213823,0.13042348351651317,0.16080041628731592,0.30875144629112766,0.25134394181037306
267.5,0.08573062218320446,0.13214371467994632,0.1713234223202333,0.31285879601674055,0.22070143622078894
267.55,0.08739237398928762,0.13042644854610946,0.18182219825419224,0.3143794244219844,0.20310297906237681
267.6,0.08801560867828169,0.13325507392412278,0.1892392627847908,0.3065169840323003,0.18838433970926993
267.65000000000003,0.09585989527803646,0.13387418563195622,0.19913041543941495,0.3052133684304501,0.19151431933734195
267.7,0.09797455880674198,0.1432961547164782,0.2083889879913482,0.3029393185585651,0.1803614110656245
267.75,0.09907968585089193,0.14522559118161577,0.22042591402596026,0.3031326732806158,0.16340438452340839
267.8,0.10296555316917652,0.15000543540249153,0.23285398194277354,0.3097406445865813,0.1353759575616165
267.85,0.09833361084759708,0.1442899177827005,0.23361889049723625,0.31459389112475367,0.11928417945966835
267.90000000000003,0.10180699712020651,0.1386824674086429,0.24377737053930953,0.32330329736218233,0.11186896483452642
267.95,0.09590463069330049,0.1417109881267371,0.25465507992673364,0.3203157887267593,0.11063359616576489
268.0,0.09037973979140511,0.14648397035518124,0.2668167276866917,0.3183820079253942,0.1101099554310031
268.05,0.08827738238090554,0.15361945783714837,0.2784151305299331,0.31824625495599596,0.1072412342524704
268.1,0.08177898394276574,0.16996069465079922,0.29049655209939945,0.3314180073092138,0.10198292258091712
268.15000000000003,0.09079591912264758,0.1861539695014523,0.3008091802360443,0.3409741626176969,0.086141004337567
268.2,0.08498078897698852,0.19122974588265026,0.3062812140648359,0.3421892535002388,0.07368753577853979
268.25,0.0882347079014749,0.19779157956298304,0.31477812499522384,0.34178396465051614,0.06104062959293791
268.3,0.09553325400546665,0.1978483298714115,0.32030573269687973,0.3429001155079427,0.05817051648179183
268.35,0.10012166914247532,0.19098592799442876,0.326299817378695,0.35130395632858946,0.06188275166059896
268.40000000000003,0.11227880657658545,0.18658860830775317,0.3274210765059785,0.36020202057064926,0.05179453561882873
268.45,0.11464092365809109,0.18798468454135445,0.33030081321026933,0.3415395144895976,0.0554491351845024
268.5,0.11927405901388989,0.1802513081764385,0.3273940913251965,0.3503362934911405,0.06384665522936314
268.55,0.11707494820663635,0.18874135446853388,0.3284580201405852,0.3480547953013037,0.06472515844986447
268.6,0.11702532224607338,0.1860010810889138,0.33374356695755847,0.35546664543943884,0.0732058586258231
268.65000000000003,0.11524565864683281,0.19066695900582026,0.33563415176543415,0.3721898419717825,0.08518635076426836
268.7,0.1084651766922132,0.20109677795981676,0.34077902820650136,0.36836531912665393,0.09337424243908508
268.75,0.10267680575314561,0.21467561951082131,0.348467538067245,0.3685918131441411,0.11413469870697467
268.8,0.10019620567028928,0.2292502427565807,0.3532640773639548,0.3660212997940965,0.10425718071041358
268.85,0.08462259589932986,0.24590543775585008,0.3471857393442665,0.3762036367170807,0.10537944228479097
268.90000000000003,0.07598330457373546,0.24319450302539428,0.34801877934675407,0.38447511507450244,0.1294748652143022
268.95,0.06438943360791288,0.24082045994770093,0.34077407096178697,0.36799555150069985,0.14274392187156296
269.0,0.055235206649785866,0.24629970361414324,0.3304958664304616,0.3407964251313944,0.15404594022439858
269.05,0.05421826086802674,0.25288329601375464,0.33576412045553616,0.313170829891804,0.16503916933515592
269.1,0.04324125360053386,0.26460422520205634,0.3403839044598959,0.3262563064371492,0.16784328848222807
269.15000000000003,0.04089852327293275,0.26696211388920216,0.3388070496296889,0.3378404302623734,0.1702417069990798
269.2,0.0391096427079334,0.2729453539544122,0.3310355558295578,0.34171329497920777,0.17446815851191994
269.25,0.02943068263718572,0.2694414709568427,0.3199271353934579,0.3323480207495712,0.18206599078070612
269.3,0.0282345482795236,0.27141918236647844,0.32123145152307114,0.3214783138069109,0.1964155158687931
269.35,0.03275585182784432,0.2733264460713389,0.3098477784178474,0.32427348179769167,0.19158411876004558
269.40000000000003,0.043955735712601515,0.2808035297951789,0.30644270783740785,0.31163950775012655,0.2080073136837519
269.45,0.052620618187622974,0.282882520995622,0.293654252020115,0.31208521069861994,0.21863235674232503
269.5,0.06244659509729632,0.2836201454360355,0.2934678585189316,0.28749420453246316,0.226399424930561
269.55,0.06276780527421685,0.2871273121986701,0.29183854953198957,0.27223268694607045,0.24772189944421857
269.6,0.05526091483759014,0.28787731434489766,0.2852403799198,0.2672322143541579,0.26193122077991343
269.65000000000003,0.05035203186888632,0.2822451557683294,0.2740226341404536,0.2685490274584815,0.266863160807974
269.7,0.04893346133774631,0.2888781245777659,0.259259533937561,0.27036353821803844,0.2524171808157075
269.75,0.0453860361976186,0.29499911729099365,0.2517545710368886,0.2720448422544005,0.2657883773464344
269.8,0.044528982842251055,0.2938112891119947,0.23231396993184633,0.2631493647923487,0.2768908156713308
269.85,0.04987561427273289,0.29208263689353786,0.2220590485219218,0.24876993764476865,0.2907970797772009
269.90000000000003,0.04697609639947375,0.2944254974347798,0.20748033124363494,0.2445637418932503,0.30363989247901574
269.95,0.04716662816424063,0.30466027250953326,0.184519825746977,0.2458916325252619,0.30788038302372805
270.0,0.04618601615780696,0.310337102338784,0.17405766252777063,0.2528108150961815,0.3262933394323756
270.05,0.05626500732494976,0.31046199000253377,0.17021382370566743,0.25301885754036024,0.3346440961140419
270.1,0.05290278025202212,0.3073455936800309,0.16945936059602587,0.24643799281852855,0.3447046271615824
270.15000000000003,0.0584043479801073,0.3137770313515883,0.16645344937058837,0.24304033439109807,0.35767299246933626
270.2,0.059905918008674036,0.3083972778015254,0.15143148924765143,0.25491403049405675,0.3570675548902572
270.25,0.05378454122173397,0.308427907659266,0.1351992997314935,0.25598520783521705,0.3559601771271655
270.3,0.05339571618894638,0.3022769500940312,0.11764099717837487,0.26093117344686334,0.3615234455151614
270.35,0.06228097980536222,0.29480801633073495,0.10647105291836315,0.25317265624095786,0.369583073152706
270.40000000000003,0.06175658961880011,0.3008887283252355,0.09353145812179763,0.24910890520315263,0.3795532954801426
270.45,0.06667121028296513,0.29201349917231195,0.06446234803566843,0.2544020994934626,0.38115542424687504
270.5,0.07207958931893091,0.2959020982485662,0.048024591415904774,0.25215888438093126,0.39261352008012673
270.55,0.07926935185958282,0.2917868010319228,0.04231469342505382,0.24008190396658774,0.3985938911446175
270.6,0.08902962697095182,0.29882617064357625,0.03839095998874833,0.23047780989014158,0.4115840834953522
270.65000000000003,0.09569948058924592,0.29592472795806457,0.031031331087168563,0.22778554643578444,0.41426517584247646
270.7,0.10458116393656937,0.29779152210587195,0.03656760827621742,0.2290885078193229,0.42379307947674355
270.75,0.10444279217992618,0.2971075177964926,0.03336353350731341,0.2255847190135862,0.42846513390782054
270.8,0.10810977698578866,0.29474541279698163,0.03920485058974891,0.2375560113626991,0.4280773977729211
270.85,0.11426720433429914,0.2895467030960724,0.03986898808092626,0.22178458962833675,0.42497176068271697
270.90000000000003,0.12453395875659444,0.289180234181847,0.04481803354376987,0.22257171482117413,0.432906461362782
270.95,0.1266838938082972,0.28828186768223835,0.04940237090206882,0.22114936768416155,0.4339402371766816
271.0,0.12812709085519933,0.2920648227427681,0.05778797425110547,0.22003626954891262,0.44054924474879337
271.05,0.13556947125740604,0.29551605738531245,0.07249495522803287,0.23410808583943973,0.4410261965343662
271.1,0.13422182931838147,0.3007466300836086,0.08479671724633861,0.2370541563695966,0.4445889783427797
271.15000000000003,0.13934229715511037,0.30199120125540124,0.0949071974794635,0.2360853748329593,0.44033708117162773
271.2,0.1420728163414859,0.2987290842724579,0.10224407262777276,0.23002810023951203,0.458421724267656
271.25,0.15055473443235012,0.30153737708435224,0.10068042486272233,0.23259791251385226,0.4638904963755369
271.3,0.16231265495124483,0.2954681108911763,0.1124924966103902,0.2212094308087733,0.44990988329738624
271.35,0.17104449331523502,0.29173416005309966,0.12246130948532152,0.21366060850730967,0.4522030078949768
271.40000000000003,0.18143186658343732,0.29852020891656605,0.12932040422320326,0.2067935854046375,0.4490653406528884
271.45,0.19367265077944404,0.29550868537199526,0.13972671458823027,0.19687785192223142,0.45179629443909164
271.5,0.20231149623065048,0.28297619678092795,0.15385076867003636,0.19978816068421154,0.45275379913637875
271.55,0.20720361168944812,0.27471922355775674,0.1597566797701087,0.1807835969379403,0.4593646099084829
271.6,0.2161852905493449,0.2591282332080956,0.1719424549425019,0.16506269710590427,0.46749180197896345
271.65000000000003,0.2228423662045566,0.2581274478961187,0.18023260598154958,0.14764070807019986,0.46998661078571335
271.7,0.22224850308736407,0.25357126066203156,0.19000632364082273,0.1394759622596741,0.4836106654757201
271.75,0.2202284392514845,0.24392642092754196,0.20231145041946266,0.12703896173531223,0.4868974914981572
271.8,0.23165035598151024,0.22659479812022873,0.2051913462539199,0.12364965172166581,0.47978320710697625
271.85,0.2355864878402555,0.22089494035581753,0.2022582564036597,0.11875108214138345,0.4673372056917673
271.90000000000003,0.2422434244876232,0.2200110013782887,0.20822000237935495,0.1089703655550758,0.46587921689482414
271.95,0.24975702701453742,0.2085324515237849,0.22092076992902548,0.09868522272122159,0.46978412761668253
272.0,0.2546058159994623,0.2116608967679575,0.22920118214536725,0.08622150098025536,0.4836418954989064
272.05,0.2546954342910021,0.20524850516650714,0.2364903033026407,0.08703249850871118,0.4906927344402875
272.1,0.2598589283419576,0.19719971618157847,0.2493423962043378,0.09366702102516734,0.4855030329948626
272.15000000000003,0.26697410417965894,0.19799860232580932,0.2514968810074524,0.09089698895835317,0.4902319568925797
272.2,0.2640239781775466,0.19720929365018916,0.25232735536594286,0.09214666800741614,0.497907053027242
272.25,0.27346068839525844,0.19564149314790213,0.2555518978825942,0.09192994660676003,0.48478081556936586
272.3,0.27128697618810904,0.1991376243409538,0.2530706100999211,0.10420241981355031,0.47732455598485957
272.35,0.271032888438179,0.20133658276408137,0.2581409333079915,0.11462460543578301,0.4884333882209946
272.40000000000003,0.2755369426875633,0.19924972377505434,0.25869116776986073,0.1088259994268983,0.4846861768299356
272.45,0.2807332500842058,0.19647071612533343,0.26256614338422696,0.10477322121480136,0.4916166494613344
272.5,0.2827159235450212,0.19681896903541507,0.26644179272219876,0.09217543986326214,0.49565182731530694
272.55,0.29150700254141937,0.19354327253358375,0.2693518144144495,0.0859542638465504,0.5032864939226339
272.6,0.29291320770425244,0.19169050697261417,0.2666005026272299,0.08806708931798515,0.5106397961890273
272.65000000000003,0.2978461998899298,0.1912264691157171,0.2626696868171707,0.07144684063117168,0.5056332455620346
272.7,0.29437730531035444,0.1981489662171945,0.266363269910949,0.06992152590181752,0.5089173851639233
272.75,0.294634707695055,0.19303445265462346,0.2669148823401338,0.07721051075258206,0.5088562935048254
272.8,0.2991795707938725,0.1950274793346959,0.2599221269469902,0.08859142381163092,0.5073371231533943
272.85,0.30592607904452546,0.19414131305892549,0.2594272508723012,0.09116266156348518,0.5107293875335946
272.90000000000003,0.30767204115303975,0.20217990211294734,0.25892385489596165,0.07771964483478709,0.5102844021604002
272.95,0.31360294073415423,0.2072114698399791,0.2556008814024698,0.08231072630674995,0.5093479904525959
273.0,0.3112804386835316,0.2027801264490674,0.2527216271857744,0.07949901612282498,0.5152671883919718
273.05,0.3199945698879573,0.20166366672676095,0.25232662580613113,0.08365083515526896,0.5175551426527405
273.1,0.31733403277176997,0.2060116611964397,0.2535692809138275,0.07724049193091773,0.5214595376224839
273.15000000000003,0.3262683509601703,0.20526585153257867,0.2531274441899552,0.07697076098156509,0.5178170930221329
273.2,0.31702800634502276,0.20378095909860755,0.2515417269186834,0.07280051584248039,0.5260949934210681
273.25,0.31598868655795026,0.20449777175287276,0.25728080066904674,0.06920824110659254,0.5231835652171585
273.3,0.31092918495682564,0.21904435632589847,0.25780560461837876,0.06898427535178762,0.5264189363014093
273.35,0.3106323832125888,0.22542071226972157,0.24976056607692537,0.07184081647127714,0.5297939349842791
273.40000000000003,0.3049791025692771,0.22598094734693183,0.2478707927379667,0.06967536749356347,0.525321914667583
273.45,0.308341735501445,0.22862116281460382,0.24896342341202363,0.08211596037879036,0.5230647540181876
273.5,0.303138491432232,0.24042402431476645,0.2428527852095157,0.07553151565936463,0.5344777846550406
273.55,0.29904648472925066,0.2392644512709721,0.24096136693949102,0.08361542367454387,0.5304005534062436
273.6,0.2983132271154219,0.2447750715584245,0.23908219532779576,0.09029598823803821,0.537188026325204
273.65000000000003,0.298138489446792,0.24062873535513166,0.23166569148108007,0.07791102941152624,0.5335301327998939
273.7,0.2951326198988304,0.2438100576184475,0.224058647586428,0.08834125150457775,0.5376053692319457
273.75,0.29672749337046267,0.24157412130142855,0.22245351784095643,0.08413168533707943,0.5447662979413272
273.8,0.2991483490066805,0.25483955387994756,0.22894616298054907,0.08698464041114864,0.5457740305848809
273.85,0.29744081562979335,0.2648656003612636,0.24536466908487622,0.08344181947515833,0.5433674267055707
273.90000000000003,0.2908679830550505,0.2781045196200409,0.25981201315824376,0.11644867906280232,0.5627700669731417
273.95,0.2906800163809621,0.2921839059101142,0.2749869421015959,0.13405430838964408,0.5718233689134387
274.0,0.27956333672929357,0.3102062502908721,0.2852804927203281,0.14433574824880838,0.5914372807795389
274.05,0.2689414090795353,0.326730668429179,0.285007175047827,0.14302815249538572,0.6100069059034219
274.1,0.2669547180489665,0.33428905730169006,0.27738147378452827,0.16741100956106297,0.6145203372466648
274.15000000000003,0.2643624944512209,0.3405719614110461,0.26477006084236876,0.1755746085553377,0.6177090295560463
274.2,0.26736976228614506,0.34256076276729336,0.25754914836982146,0.1739628198189648,0.6151937935810148
274.25,0.26841326244633373,0.3491059224597048,0.25441649354140655,0.17008385088667244,0.6139056059732577
274.3,0.26020251489744867,0.35190224515698204,0.2483826112523349,0.16955936972523147,0.6106359373459829
274.35,0.2551383983972499,0.3566361425123076,0.235441867716445,0.15762475763946107,0.6065377919843159
274.40000000000003,0.2502100849129924,0.35412260862704614,0.2186742519831687,0.14800208901720424,0.5951913299151391
274.45,0.2477496404335395,0.34907532450041306,0.20392383465038383,0.12990525256604732,0.5935768877879883
274.5,0.23713152468573914,0.3492637363527985,0.1931673713826138,0.13519292313295833,0.581526093630744
274.55,0.23234569223580148,0.35472717859062936,0.18832889099945627,0.13263168482613338,0.5726008320918652
274.6,0.23299965884863247,0.3508796498701842,0.18317061715368368,0.10930095361213552,0.5707584120762836
274.65000000000003,0.23065974699631914,0.34431923649520446,0.18499823807789917,0.10023157924301512,0.577340376308249
274.7,0.22350447941280485,0.3415546242817711,0.18039282485430563,0.08683270826932299,0.5729265777512345
274.75,0.2122895246048486,0.3359466128565634,0.17211714250523721,0.09939009565208211,0.5723795435452049
274.8,0.20950270711161054,0.3410733487845421,0.16044443082484308,0.10368316874429227,0.5731601507638997
274.85,0.20365872124625686,0.34390117246722063,0.15100921150275878,0.09975975573627606,0.5600404825811298
274.90000000000003,0.19952300672205986,0.34639183765822573,0.14955100173097574,0.10328613471326852,0.5557973231115443
274.95,0.18850609315339018,0.3416351951084627,0.1445515119214205,0.11105289700447235,0.5530347880461975
275.0,0.19269001589910673,0.34294252508151674,0.1466584824629895,0.0940501644776784,0.5584043459864582
275.05,0.18928063968400927,0.34801916840903746,0.15357918057390949,0.09561835598735074,0.5576851072299245
275.1,0.18634102023636834,0.34991121756895366,0.15969818712145636,0.09966483930860551,0.5642009180508295
275.15000000000003,0.17916825444022433,0.3480977949849453,0.16120428619106955,0.11910858295227035,0.584708227462857
275.2,0.1711050559993785,0.35241774838100415,0.16113609231926357,0.12574939204161256,0.5987908493813574
275.25,0.16592503575690434,0.3596884929369115,0.15166377533965866,0.12637406619266656,0.6089506099814669
275.3,0.1626812915240336,0.36170374830441854,0.1373205517972682,0.14575529126098918,0.6111315771334223
275.35,0.15937808979650248,0.3616179180962667,0.12327716612383062,0.1393357063418123,0.6057396944528105
275.40000000000003,0.14903309447327232,0.36440817516354024,0.11216826392303153,0.13976724108590902,0.6023158682840869
275.45,0.13456580452946676,0.35832049798952686,0.09773769110937094,0.1463748350424682,0.6059167822584332
275.5,0.1326946114772301,0.3590561743611902,0.08156539932640124,0.15802149275063812,0.6069181380595411
275.55,0.12984862118674648,0.36363179559420394,0.06229926834656326,0.1520680489332962,0.605918897612406
275.6,0.12625363997276626,0.3562050416356845,0.0476852163243406,0.14089735374324783,0.5909100405976687
275.65000000000003,0.12818725743750753,0.352938225508878,0.037621552245587636,0.14498101358917276,0.5827448123092333
275.7,0.12932708277747215,0.34574498621609917,0.02565442973272351,0.14788168473406793,0.5718730219162237
275.75,0.12809566019645252,0.3471832620752928,0.02023516344044726,0.1342492934160323,0.56593622259421
275.8,0.12121787818047203,0.3504186666893618,0.031657194432196466,0.12114870921183757,0.5504232546703948
275.85,0.11692982396530453,0.3399541144395489,0.03421503121514645,0.12034267601748838,0.5356813151687176
275.90000000000003,0.12123895237993233,0.34117066917853833,0.04310399718254322,0.11902909549482635,0.5326350334228
275.95,0.12008891895425956,0.32370858317081996,0.05020043446929772,0.1204232749991106,0.5160178261331693
276.0,0.11789177593017625,0.3294014705096575,0.05968772522305149,0.12256737841057097,0.5014332687312898
276.05,0.11605772239522101,0.3268178961077983,0.07092650565821303,0.12333997389710234,0.47675676579193027
276.1,0.10511509059464288,0.3310882872714855,0.07909205920146443,0.13739386031125234,0.4511781612461671
276.15000000000003,0.1046962999446761,0.32611331752570233,0.08737525346553487,0.14288545046316337,0.44801146289902055
276.2,0.10879241789537618,0.32795610051466856,0.09071283443668517,0.1410970883375219,0.42293928141506415
276.25,0.11454360350196563,0.31691845696494064,0.09666967465836973,0.1529210391488164,0.41254708172406895
276.3,0.11243728619929401,0.3139039532129103,0.10389035507616257,0.1492080234359356,0.3973285722152738
276.35,0.1155128673188314,0.3150524922167964,0.111547989425357,0.14245502042875424,0.38780579938982535
276.40000000000003,0.1239393526745795,0.3158806344540064,0.11691063553098158,0.14091049242848444,0.35933236908774285
276.45,0.12806884785648082,0.31649803337606086,0.12467468987740499,0.14044212138034462,0.3448990462911324
276.5,0.13285855370643893,0.31899691219809057,0.13972431539356142,0.14993132602970274,0.3581869207465664
276.55,0.14229498651958172,0.32664269951030994,0.1532673634044275,0.14519600658473886,0.3495159112216691
276.6,0.1385892727180173,0.3164069748886914,0.16713183482515842,0.13788383638796423,0.3292556743984707
276.65000000000003,0.1409864235326162,0.30315961321833096,0.17403634413115443,0.13126053888253178,0.3333694584861514
276.7,0.1378999127516102,0.30868168970298376,0.17938088332087998,0.12218099062830134,0.3243599656204331
276.75,0.1432141948688785,0.30603288874161333,0.18642465686818738,0.12251957779673484,0.31946037387011594
276.8,0.14507231522490818,0.29615040004555876,0.19984849553168946,0.12731695987765138,0.3005505193459989
276.85,0.151294159957721,0.29571560798883934,0.20806629289143988,0.12654340379259085,0.3019278305950454
276.90000000000003,0.16340326738827818,0.3029761561789795,0.2253822824482736,0.1235231838880439,0.30424984087178725
276.95,0.1671834343942097,0.29609804550519375,0.2255900828249121,0.12048869237375859,0.2979953634587212
277.0,0.17786668569157507,0.2959202820826596,0.23821260322201226,0.11181871069873141,0.2879742710325213
277.05,0.183762756147011,0.28501749777155017,0.24770264709338286,0.09941550889754489,0.26684333873510385
277.1,0.19069214272295773,0.2683684436903374,0.2543357848940857,0.09963705719481195,0.24685406219356892
277.15000000000003,0.20107160997009596,0.254287313917827,0.2543314257367254,0.09164818771940945,0.2177347823255494
277.2,0.2032401838571913,0.2564936119402527,0.26002252449203206,0.08803215768307256,0.18773188400040383
277.25,0.2012028173821275,0.2557324183046426,0.2658376880399129,0.09641393297328509,0.14105603434688652
277.3,0.20795728508416,0.2527919638010365,0.2659211801278961,0.0966167377798894,0.11226882199463784
277.35,0.21431349016412987,0.23987087757677933,0.2743002171040318,0.09714532496969633,0.10338186905149857
277.40000000000003,0.22615234326811504,0.24548586390029803,0.272816709649328,0.10434012399399276,0.09714873940038779
277.45,0.2322131326369678,0.2323688714693588,0.28104155540088654,0.10514793878180682,0.07965363558160514
277.5,0.2429481024843778,0.2322554891366035,0.2867430770791788,0.10562529015122978,0.059229003330350596
277.55,0.24438984112836237,0.2203473595159285,0.28492894052889406,0.10913555683899716,0.051695582087285946
277.6,0.25270226467822676,0.21809377928761275,0.28342870489899497,0.10646922455791998,0.05028718606123447
277.65000000000003,0.2566721963709168,0.20832255181684306,0.28152418454138595,0.09969175542576553,0.0450846544581326
277.7,0.2594386438571172,0.19227268321492175,0.27896912784718925,0.11007878954310346,0.04446024396071537
277.75,0.2671701822979083,0.17869520005606157,0.280972073680074,0.11632547577229979,0.048208403683706894
277.8,0.2675131322168464,0.17838758651184983,0.2877822057930408,0.11329575298232235,0.05892710238030093
277.85,0.2690606518434924,0.16877032299142913,0.28898592025644454,0.10815559208290361,0.05791608944502056
277.90000000000003,0.2718390394783629,0.16391422534552827,0.29735873065874546,0.10329702972001215,0.0582450088837515
277.95,0.2819557156545953,0.1620374099796253,0.29422221911840507,0.09675607410086562,0.06588821151314112
278.0,0.280009856360258,0.15609754694604216,0.28264838521575414,0.08865938253465341,0.06934123562684535
278.05,0.2828599400469968,0.15750136576825588,0.2769007184271314,0.09268116275235364,0.06992510674343488
278.1,0.2838499799104918,0.14750027557614354,0.27776946636549094,0.09629993408670798,0.08421588292657035
278.15000000000003,0.2903593905681919,0.14924757864160546,0.2638128375104589,0.08748100143886989,0.09129186792414654
278.2,0.2882975175604192,0.13462248955568035,0.2538568584918518,0.08105482407356017,0.10036833066276861
278.25,0.2870573456784355,0.12821726960654398,0.24337958276262872,0.09127303329825727,0.11984387030290995
278.3,0.28981243333663004,0.12989027290678348,0.23370748188818335,0.10499900005713471,0.11981945686651095
278.35,0.3041417551972804,0.12384617413632432,0.223157022429291,0.11951466949045302,0.13415286678212734
278.40000000000003,0.30850276650018793,0.13519496894293978,0.22451742299377817,0.11718554280344273,0.15002731618974124
278.45,0.3079020391526037,0.13691545366407257,0.2255040932269615,0.12948011789438044,0.161478722746727
278.5,0.30898319473005637,0.1344248759036272,0.23013603775552977,0.12858551079068337,0.17760148122123218
278.55,0.30195987346787073,0.13431729027895098,0.22818097941011833,0.13028516092229772,0.18791029037315451
278.6,0.3024821078937891,0.13653925454620355,0.2301503985869656,0.13526243276864885,0.17750027434543564
278.65000000000003,0.30441305999799795,0.14726267105350635,0.22774071686831646,0.1402423662138651,0.15574782483329352
278.7,0.30290458259350206,0.14571680111857227,0.22237432732660065,0.14943646936455804,0.15286903034913973
278.75,0.2965061735852539,0.1535381361922615,0.22216432072884748,0.13229647729406102,0.15300488991915048
278.8,0.28689353632489145,0.16047422339817427,0.22350229814731415,0.13371284525101454,0.15413098036899106
278.85,0.2808311398338098,0.15754022294837777,0.23228139101723955,0.13531794234626798,0.1447530317939428
278.90000000000003,0.27556372233734827,0.15593615834245303,0.2256438390192854,0.12089535223818952,0.15121318765557235
278.95,0.2726383873651928,0.16004857429142536,0.21978317702434064,0.12253247658104986,0.13467358498011828
279.0,0.2638644497893243,0.1522646109633854,0.21262343466383662,0.12274803177770566,0.1360354929476001
279.05,0.2637043371418658,0.1501627628104165,0.2132857437625209,0.11459271708205017,0.14077071166260935
279.1,0.2563964024316208,0.15344213456984762,0.20409758847893392,0.11914337113238223,0.1508643803116786
279.15000000000003,0.24915980446222002,0.15534082747926056,0.19658788406077107,0.10965567173610362,0.1589862395395262
279.2,0.24515982529991354,0.15589666550088416,0.19327561404067997,0.11524879521346634,0.17044350551366075
279.25,0.24262184870454562,0.15252242013828893,0.1896010996108321,0.11531517159844099,0.16664817725305645
279.3,0.2440670478793605,0.14821691840835782,0.18211808198930124,0.13389265207143072,0.17066637707309198
279.35,0.256919967776697,0.14463154315878005,0.16530447222315195,0.1381457858782017,0.1869628667303448
279.40000000000003,0.2618813144489428,0.14426577856435302,0.14959838508901155,0.14015715465835732,0.2091962755713997
279.45,0.25939185686871447,0.14642381697828533,0.14772992108808064,0.1434209664304848,0.2248053373779146
279.5,0.25262875307618793,0.14504937737220297,0.1604446624546087,0.15974478860453595,0.21322141588598936
279.55,0.2546882223796711,0.14667022248695732,0.1796130893071939,0.16591079607860562,0.19504634342627955
279.6,0.2532917141634237,0.1532902293045296,0.18276429869137367,0.15117559936387479,0.17631839501166643
279.65000000000003,0.25743840589940964,0.15451171644779826,0.1848014698567746,0.1515262442838971,0.16531090403200024
279.7,0.24817689465502038,0.15189208528680798,0.17319620912728642,0.1467712265929576,0.16063355137705537
279.75,0.24059784461189215,0.15704597326679448,0.15465271791164606,0.13856052027978208,0.16772286348234527
279.8,0.23940192834872942,0.1499063984708677,0.13617328967705616,0.13234232183561093,0.18398512026567218
279.85,0.24326460240901326,0.1432995767181912,0.1325024504548394,0.12857916790299923,0.18815294635788074
279.90000000000003,0.23325415189754467,0.14051121972555494,0.12114302966395948,0.1379966848597774,0.1860683805102043
279.95,0.23529449503374064,0.1403533464359681,0.1176573992816567,0.13478420945433073,0.20115337712875533
280.0,0.2321330253187876,0.14465672343699312,0.09981992260211456,0.14003994146823487,0.21126094161141318
280.05,0.22884785079432152,0.14267720383593205,0.07789452954234824,0.1426299103751391,0.23532599317598932
280.1,0.21360271872131825,0.13974327794002542,0.06614693067193116,0.1377078834944948,0.255132158255622
280.15000000000003,0.2130178700949615,0.13712509207195792,0.05316188665570011,0.13622799818060374,0.2692059626699412
280.2,0.21764442686868113,0.13227643438395179,0.051338144469733386,0.14147737980090663,0.2947860799928799
280.25,0.2083742872991857,0.13017620419721757,0.056231536328422684,0.1467245704038431,0.3151038292704545
280.3,0.20123877650278324,0.12658116368626945,0.05691424640504877,0.15244143192109613,0.3105383215309589
280.35,0.20068783903342732,0.12840570213029534,0.05646666545617985,0.1515885320404116,0.3067300777132166
280.40000000000003,0.19926775656598322,0.12607559811821367,0.05770174619642007,0.14957936947007933,0.3123060412995759
280.45,0.19254717512753586,0.12454893176535864,0.060757391219999214,0.1638501730178758,0.32433700051546493
280.5,0.19542013589865662,0.11801432716374179,0.06870499069753565,0.16511303526501395,0.34423302072507883
280.55,0.19404902415228717,0.12443315618498878,0.07940601095224696,0.15383483110676527,0.3598331433234083
280.6,0.18974335462381614,0.12086828338523367,0.08059450853349177,0.15877205818004927,0.35878603790984454
280.65000000000003,0.17910269358854944,0.11785199832023478,0.08476731508398894,0.17023342183273832,0.3685988502779973
280.7,0.17385152689374536,0.112445695494112,0.08644161441043262,0.15951184071651078,0.3831539533462427
280.75,0.1686712664671075,0.11603197455837537,0.09320193191791606,0.17320342028936156,0.38527493872251434
280.8,0.1609514389816307,0.11512057085015798,0.09996521432079927,0.16913419185453119,0.3815870921740438
280.85,0.14948557284523842,0.1170820867709477,0.11653164817139673,0.15928947254594056,0.3883168080762826
280.90000000000003,0.14576610344483387,0.1169852933977425,0.12895007355869853,0.1625348557975969,0.4010014419775788
280.95,0.13004571774754917,0.1273263066367304,0.1320922878397606,0.15320157374875468,0.411589201834606
281.0,0.13165796838873778,0.12309656531461799,0.1290125201278428,0.15625549568827568,0.39642514346980157
281.05,0.12166236025339762,0.1156006667955328,0.13834618205428634,0.14511785392158008,0.39377315098400983
281.1,0.12061811322945397,0.11602786529993346,0.13982286080625236,0.1320245216544976,0.40165683470531827
281.15000000000003,0.106903617157248,0.11106535171750166,0.14527803072778905,0.13194736088643338,0.400710780383805
281.2,0.09691256291327552,0.11998277884053243,0.15573138528424144,0.13257113723674877,0.4035483208275608
281.25,0.08679842379367743,0.12457256182912735,0.16461256036191585,0.12845494306509095,0.38867932241604963
281.3,0.08519619949921103,0.11426657682536032,0.17600850468053325,0.13755565161901026,0.3755461938218482
281.35,0.07995222099984207,0.1204066382730961,0.18624166039718038,0.1252260325612999,0.37594588595343614
281.40000000000003,0.07878253325082916,0.12610344162763018,0.1872733695850469,0.13974986840015258,0.38061926103677396
281.45,0.07424180106585458,0.12517715464132234,0.1892084121396774,0.1362861614663763,0.3743814689737254
281.5,0.06409554226743426,0.12139019271495644,0.19153431355397627,0.14451388928425615,0.3735326440814159
281.55,0.05959746301070133,0.11986244827241997,0.19978312871993537,0.14763825640223524,0.370715334559808
281.6,0.05051438443172843,0.11818106253340574,0.20359953771436254,0.15032139029799615,0.36192522517008957
281.65000000000003,0.04041055071691581,0.12032875338156314,0.20776870942578773,0.15224431760927068,0.35235262958441776
281.7,0.03629514159473223,0.1202215524385306,0.21773558897976422,0.16822430734134022,0.3299241291016645
281.75,0.03467822986774062,0.1328520192118998,0.23103372630140168,0.16544114729400522,0.32092155696027536
281.8,0.030056757889778473,0.13882089103739342,0.23818033919714704,0.16579452988249696,0.31940380822680964
281.85,0.02941681756068246,0.13575771032470157,0.23840548811223222,0.1831158292816164,0.32910596936792536
281.90000000000003,0.026846818787631305,0.13119419995292722,0.23969524635569606,0.173090599985165,0.3251480913807181
281.95,0.03364130595834759,0.12641625810436896,0.24264693449084943,0.1668656452222841,0.32173247448882103
282.0,0.03996765481666568,0.1337733501688541,0.2473313412150678,0.17734925747115352,0.3161476471242819
282.05,0.04286412044642862,0.13229059897829612,0.246257245621492,0.18603038270017128,0.3042662680827632
282.1,0.05073653907912406,0.13442961594887387,0.25105517143776057,0.18738698517128022,0.311006784302455
282.15000000000003,0.05886664681444816,0.13352260243159808,0.24801283529527232,0.18152360934110157,0.3156465849288179
282.2,0.06268835525565292,0.1321952375967658,0.25188588758133496,0.18142776043387596,0.3116393210684218
282.25,0.0640683535427161,0.13425545935397803,0.2511977495034004,0.16716705882770788,0.3069849587519379
282.3,0.07120432323085306,0.13818514150888386,0.25334147413193414,0.16390308173584947,0.3049500323855164
282.35,0.07439976738824702,0.14480550629927094,0.2542551764030573,0.16435147964432595,0.30414084625079446
282.40000000000003,0.0782335078748612,0.14369215851075823,0.2536602132745145,0.16957059558832563,0.3030343286033447
282.45,0.0787139963214611,0.14537813157964374,0.252430770626063,0.14922479685503415,0.3044425295202343
282.5,0.07778216896818733,0.1425165234650466,0.2530300337974003,0.16528920716050252,0.30843301816410906
282.55,0.06903931903906192,0.1459635410356354,0.2519950551909188,0.1612942122802473,0.30659141009514645
282.6,0.06952073182503728,0.1496895675852549,0.24102239309082973,0.15173415728211956,0.30677216549511566
282.65000000000003,0.07026703107267884,0.1367132721619327,0.24925968531876885,0.1581483241186546,0.30239351756286875
282.7,0.07335681598322977,0.13749923280924886,0.24765788420548396,0.16605618478365078,0.3005068743531922
282.75,0.08262953520736455,0.13333496203048403,0.24497532329040086,0.14928799423812888,0.2977714952642062
282.8,0.08748703962344143,0.12396673443630016,0.25077442551659546,0.16571910316900854,0.2973493550105977
282.85,0.09702833134374524,0.13389248239883322,0.24208848940960984,0.166463114334507,0.2995006528197019
282.90000000000003,0.10322787676247856,0.1260682925460921,0.22952817307797127,0.16969050338051037,0.29668785984530743
282.95,0.10908645365048222,0.12350657369302627,0.22745075214453178,0.1646997068960947,0.2923219298761528
283.0,0.11488995834918532,0.1241012911582707,0.22890717493022839,0.16241407642572406,0.2884108861317054
283.05,0.11785918632669969,0.11908721424358047,0.2221307046169258,0.15733896884991383,0.2865013390605858
283.1,0.11869999484619576,0.11175397772262509,0.21689630339328103,0.14002972049432685,0.2841259060833681
283.15000000000003,0.12999981336564978,0.11219704317818455,0.22132040524434046,0.14763467699378086,0.2807859112022536
283.2,0.1436758219867831,0.11243841526077072,0.21599936987399268,0.1472805218142558,0.28322927451212626
283.25,0.1550966440958202,0.11186165136214331,0.21446341249171935,0.13702559057147928,0.2856817587099708
283.3,0.15237299198778567,0.11363088274095433,0.2066672706342562,0.1365578649232625,0.2783797732670879
283.35,0.155574678696248,0.11333576179507912,0.2044495974033163,0.1346738421633242,0.28609010784505867
283.40000000000003,0.16357523397363635,0.10141770103856446,0.20602254269471898,0.1315864228053367,0.2891136234068334
283.45,0.17504479763913602,0.10038848032307557,0.20620147765055716,0.1363306185094783,0.2876858249252926
283.5,0.17586621825250603,0.09783858241343751,0.19982934866990673,0.13736621392551543,0.28333547566914274
283.55,0.18005536283770407,0.09721280180040621,0.20764309712749987,0.13279355155941638,0.2804880066101977
283.6,0.17712636960083822,0.09527105858167202,0.18778755496973593,0.11913733292023714,0.280260858546706
283.65000000000003,0.17803835206459198,0.08399278704781361,0.17688046147540026,0.12616573201192544,0.26875443778047725
283.7,0.17715356046980427,0.08543889121577569,0.16199105469075442,0.13315653717420292,0.26222407525335034
283.75,0.17191943394639236,0.07917269354164205,0.16354371901335396,0.12021322529782931,0.25125777573077135
283.8,0.17880511532727697,0.08081447233420715,0.16152429133922477,0.11320699172491148,0.24244099400308808
283.85,0.17338349864198027,0.07546747920518265,0.15766879667065714,0.1047645580297659,0.23635983446862757
283.90000000000003,0.1678834492039491,0.059131029801328706,0.15591494435938047,0.1065572844468758,0.23988136881270222
283.95,0.16884460341474475,0.06382994599664221,0.14916632560601065,0.09352763377738658,0.24296100241473062
284.0,0.16744195311659402,0.07328255232065504,0.1434499228071684,0.09533854215639874,0.24373118689603462
284.05,0.17675318432171888,0.07257429512716747,0.13495251819433904,0.10366071392340648,0.23150210295656662
284.1,0.17877281166030667,0.08047658009731942,0.13171915384212485,0.10977031267869337,0.23010101992400764
284.15000000000003,0.17570703444680494,0.0902194954026386,0.1335079205980918,0.12481885888379075,0.2352352223886598
284.2,0.17603887426416973,0.10967697945275481,0.12836805429691864,0.11266256652401545,0.24379231904281723
284.25,0.17522006280510397,0.10277861290154731,0.11282656919216154,0.11520822328488953,0.2508188855614677
284.3,0.17412215436451536,0.1038607465028418,0.11468593006162008,0.11442093190175114,0.25062748713190175
284.35,0.17405258013935548,0.09977315088955156,0.11661691952110155,0.11285888105727693,0.2550194713240347
284.40000000000003,0.18199350630314964,0.10695911232797892,0.11131472861683323,0.10728150407448488,0.24449597942752677
284.45,0.17762125582676896,0.10062612220634548,0.11130576349623865,0.11442884979223333,0.24404827542157573
284.5,0.168932842015422,0.08945683240937387,0.09842696461151478,0.11523622866323098,0.24451562093566515
284.55,0.16123581219279504,0.0918065320141938,0.09458112536742193,0.11126939135380555,0.22724631407834975
284.6,0.15988100013162904,0.09156022892651026,0.08290469108882204,0.09022876433701102,0.21723914495060814
284.65000000000003,0.16590845793498804,0.08651778144410564,0.07528568254553088,0.09639084246914993,0.20786811633556498
284.7,0.1677899967742381,0.08099648118307205,0.06634648004485864,0.10306119164299282,0.2026874082841323
284.75,0.16797476759822158,0.08086253414027543,0.05100090934797158,0.09689296964040503,0.20985274447576385
284.8,0.17133383204316538,0.09627511359173974,0.04447576191672849,0.08821064112572363,0.1985294291836321
284.85,0.17242739291445305,0.09308984908038363,0.05111564002791725,0.08691834617586545,0.19977297895190502
284.90000000000003,0.1656624660658751,0.09334398155378999,0.03907944416551852,0.07538115192171979,0.17996141553875755
284.95,0.16082506081057227,0.08950192496682807,0.03434641493338051,0.06219496046218046,0.18355293715657464
285.0,0.15883509583585795,0.09189945634874537,0.04620802430635387,0.04856508579984257,0.17222764519676328
285.05,0.15810467178161935,0.08955024275253114,0.055421298135603966,0.038413584797231566,0.17302831459971119
285.1,0.15188528972228654,0.08241596648927012,0.06342073267047628,0.03539840976288764,0.16702533320258697
285.15000000000003,0.1501541803994511,0.08612832763757687,0.06828506620522339,0.03981906169039773,0.16169465750903858
285.2,0.14934944862074087,0.07637866450510054,0.06737644052538742,0.015178883232012828,0.15402675114594047
285.25,0.1451326837569172,0.07411947820470731,0.0664678888462206,0.012904509887104216,0.1544297252648111
285.3,0.14404445510499084,0.0748535232975518,0.05196119610793036,0.01585287174781161,0.15120705138191345
285.35,0.13974551747624825,0.07522156515229368,0.04264654982646762,0.012195675946364174,0.17548327957633292
285.40000000000003,0.13189349732769842,0.0747347494058266,0.030947387003899707,0.016205655365807207,0.20214457167469588
285.45,0.1295818763481151,0.07453917691157731,0.03323114544748935,0.042704672629194924,0.1946656699189009
285.5,0.1199935549306177,0.07000942437717689,0.031551753036352145,0.04603401525837154,0.19451182429128253
285.55,0.11265628412082551,0.06961562299670881,0.037012962683561385,0.057340979927569875,0.18875924875320094
285.6,0.09887228625726532,0.0737520465153403,0.053444795904318575,0.04283630379424071,0.17880547157260218
285.65000000000003,0.0966157248273394,0.08545293322865917,0.05641318802730712,0.04324572609077514,0.15517268472843565
285.7,0.09714543126582842,0.0925173755109224,0.05005959889789774,0.032971246646889565,0.15230222825487028
285.75,0.09805696905013137,0.09428496827922582,0.057474210304517506,0.04342053530139516,0.15467251511554037
285.8,0.09352353885500748,0.09354102141521753,0.06533075079551505,0.03575358557634939,0.14419115893026385
285.85,0.08722812196761699,0.10086083315765687,0.07317207132569793,0.03952223002225675,0.12406045536914627
285.90000000000003,0.0793311702696277,0.09974440872074113,0.08832404812663801,0.03727940274259601,0.10523744938681795
285.95,0.073653347377829,0.093867697532754,0.09067443149101789,0.04381780468657937,0.08702903187318049
286.0,0.0675903632130991,0.0985885248364587,0.09925621156786481,0.043772023149859625,0.07364871136431293
286.05,0.06981362823960226,0.09222310591232877,0.11366313494027037,0.0448956142879935,0.070785665473356
286.1,0.059505895536882,0.09240703874156568,0.11947030695037922,0.057451985152853775,0.05828037801275281
286.15000000000003,0.05714174584361995,0.10166060814894187,0.12788131888856066,0.07486262344323719,0.046355913070360785
286.2,0.057941074667832285,0.11009301303034351,0.1393956512712553,0.07004874905364135,0.04331366172964817
286.25,0.06181702624875675,0.1200822470921133,0.13711230190308918,0.09061301074269619,0.05411079804115962
286.3,0.05796881014299413,0.12023522847391634,0.13795710364067196,0.08829367361707637,0.05075434526355367
286.35,0.0606302236876781,0.11665338632018857,0.14138614733666888,0.10259434060848759,0.06359053517933076
286.40000000000003,0.056161163711475205,0.11959357167904626,0.14800022580487182,0.1030301312454269,0.07390103958296905
286.45,0.06108383632514302,0.11407784366426457,0.1526629523272362,0.10418491938032007,0.08834063800460877
286.5,0.060071352210065966,0.10942832113142931,0.16452402379635042,0.07637030296193369,0.12637422993705322
286.55,0.0707652761134586,0.0930208142254591,0.17431618915089944,0.07323442700262853,0.15392636132118317
286.6,0.07709782275391795,0.08719946526583443,0.1783147311790873,0.06357477056902394,0.18319303266568576
286.65000000000003,0.07790951236984556,0.08526289087622073,0.17553329934488224,0.0671546710215136,0.18221723122751504
286.7,0.07187062069586406,0.079453232439008,0.16572650143494702,0.0726787848386334,0.1921092280689907
286.75,0.06875553929848825,0.07474514803478723,0.15952954573620096,0.0672214979083748,0.17687791707352282
286.8,0.06719005389382283,0.06521650451910407,0.1577766885601679,0.05586804489302241,0.17270973309628948
286.85,0.06878829235364654,0.05207230888141514,0.17029930924619366,0.04697372969105914,0.15270304143227356
286.90000000000003,0.07575915012516948,0.046845875983213235,0.17760148883892404,0.03231101038768608,0.12769345968549947
286.95,0.07494715589146538,0.03654662032511131,0.1856900158635174,0.03697998169785303,0.14798061539534949
287.0,0.08064610017197754,0.033962543633905384,0.19558815949970587,0.049217387129410844,0.15476337019843475
287.05,0.08706106457833064,0.05081369665023134,0.2058978243370192,0.04500783669913829,0.1713773714891851
287.1,0.08798519789763998,0.0540323111313539,0.21924678782419982,0.06279523116785767,0.1916851617221406
287.15000000000003,0.08223048932910552,0.05731316691470843,0.22575507386460725,0.07183314042184394,0.20263670909812906
287.2,0.08535418615668584,0.06661463452214675,0.22777819081252496,0.06890731643995962,0.20671676517645163
287.25,0.08317080222952587,0.06741181316416006,0.23036435339376202,0.09475833046205018,0.19365144951646532
287.3,0.08315057866328573,0.06694321191636823,0.24441435368895428,0.10222512716772769,0.17423883303266324
287.35,0.08411381189034986,0.06868283260982863,0.2572867444444275,0.11015292257836556,0.18143273933267895
287.40000000000003,0.07478910922808431,0.08118522592169444,0.2557189010002145,0.12024787152407723,0.18164256069042234
287.45,0.06908143206060151,0.07829098712296303,0.26253543648942407,0.12604114227435773,0.19990689961168867
287.5,0.0698975457047476,0.07777602490536359,0.2705863119902611,0.12162951886510055,0.19519137146789062
287.55,0.06174375140355195,0.07179404671332132,0.2789378138803738,0.12178000155151919,0.1959123232127288
287.6,0.06508306049374106,0.0690401500371116,0.2786711312747908,0.13839436162772917,0.2154128885083789
287.65000000000003,0.06792849487682032,0.064545869980541,0.28457662496083164,0.14375395600877544,0.2322546538840203
287.7,0.06155462078837493,0.07618037368392658,0.2882958231603974,0.13819529139675704,0.24340339276541492
287.75,0.056311189630195546,0.07963063951268473,0.2921982790538666,0.15697130669264173,0.24523481703511227
287.8,0.04720706963314628,0.09040403056845646,0.2982683663229801,0.1695767187489287,0.2618436448059408
287.85,0.053654489585105936,0.09221386779761089,0.2970485352848713,0.18690225719265346,0.2542200574640592
287.90000000000003,0.05343041328658888,0.08578759347873088,0.2924970114446973,0.18672285113539358,0.24723359397117292
287.95,0.05447460241532399,0.08201063034826708,0.2855692902139239,0.178280458991706,0.24730813185198758
288.0,0.053673860683475225,0.074447055771212,0.2837586761699603,0.18418745278075557,0.2583573339651726
288.05,0.05267638870565645,0.058874857182728446,0.27832622851545585,0.17745488484659522,0.2821448424421753
288.1,0.04841603959457571,0.05480436729310813,0.26844818758154476,0.1553239191648221,0.28753949241839855
288.15000000000003,0.05043484356980219,0.047930456109065246,0.26002801743497095,0.16422866404891992,0.29180898820691514
288.2,0.05809880797148957,0.046116005849987624,0.2643203730785117,0.14822557772187658,0.30038790853232383
288.25,0.07119673540012234,0.04759220166860782,0.26476583726086955,0.15950171424163112,0.3015919765324077
288.3,0.09264551352173547,0.051153829660895565,0.2653091484457409,0.15527054517282501,0.2999965134159107
288.35,0.10746293901052521,0.04400431575529109,0.2614761585341051,0.16025248594328123,0.31074524724717956
288.40000000000003,0.11624555795622162,0.04709380492196744,0.24994191274709318,0.1570024037187976,0.31421589522591814
288.45,0.12037329716425159,0.04665202643879327,0.24130113448560156,0.17367847400461695,0.31811542296888656
288.5,0.12787141027630525,0.045411297701427406,0.2243831292398976,0.16462171310692228,0.3289433208622747
288.55,0.126664389358373,0.04435623129162155,0.21249180936602236,0.16373467122579896,0.3331513839920435
288.6,0.12797258353452517,0.03415075657228776,0.21038432554763734,0.16637755725254597,0.3454464512059928
288.65000000000003,0.12345240456784343,0.028838930015013448,0.21230831556085294,0.1699872779268984,0.3566826678808827
288.7,0.12269235832473639,0.03446150352290486,0.20587944836429908,0.166692573317707,0.3529521161861445
288.75,0.11890001703025613,0.041624069899186406,0.2121338121517638,0.1614358897897261,0.3623055423164915
288.8,0.10491473026757277,0.03333747800269152,0.19791637487589211,0.17325549362162426,0.3683792937797431
288.85,0.09450892972024331,0.026936825768332125,0.18412294794719866,0.17322864413525504,0.3714196980655493
288.90000000000003,0.08828325574658652,0.024587784683507342,0.17804267616016747,0.15751916788621662,0.37537699081301
288.95,0.08146462928987605,0.027813457539094998,0.1751310335531159,0.16261336267923832,0.3701556890334201
289.0,0.07549614151802272,0.026219541524469814,0.16966085009119525,0.16007158119474194,0.3752085267446508
289.05,0.06802215469945214,0.033019651666465796,0.17347764962967857,0.16600878890969734,0.37881506568860496
289.1,0.0614185264057637,0.027393015667138,0.18013710213028133,0.17370406162941657,0.3868119149251558
289.15000000000003,0.061543943828269616,0.027513212715314986,0.17617790591676885,0.17700494926063964,0.3915395102142407
289.2,0.057953751032180735,0.02514207050756932,0.1563259895899851,0.1697984115096091,0.38762465790886613
289.25,0.055091898772347964,0.030876513101369504,0.14458926852957632,0.17757896708824147,0.3876303511315272
289.3,0.04949045930997297,0.04236099314442624,0.14709244269487345,0.1752126535323259,0.38886366152651325
289.35,0.045656335125177944,0.046496576443360506,0.1437260666078559,0.17624245400678548,0.40682076426828895
289.40000000000003,0.046738408134704736,0.052596244803547715,0.13846433494913,0.1801644817783615,0.4124776401509783
289.45,0.053270284284430106,0.05459194410904862,0.1428950323634231,0.1887792578558771,0.4146106688019748
289.5,0.06879449209720458,0.060245572757366576,0.12120859566370573,0.18172481760491271,0.41497200462370337
289.55,0.06588395885606536,0.060168576244799564,0.12893206978895777,0.18200797931889043,0.42647134968550343
289.6,0.07311941643840549,0.0608422210145506,0.1294903228346112,0.17792936234340895,0.42406673951156204
289.65000000000003,0.06982500660775563,0.06364034280147668,0.13364826807237154,0.16939902974174811,0.42011433670021525
289.7,0.07665149095009617,0.05621287537061939,0.12227916956388361,0.17120464038383792,0.41723337168452473
289.75,0.07656802996508515,0.05891678495341816,0.1079468869134945,0.1640884465386801,0.41615371443237603
289.8,0.07775110315010675,0.0648500530699251,0.10237893034256856,0.17850856042957244,0.4248065146309409
289.85,0.08470853700436357,0.07543426851754827,0.09610413151942047,0.19791046197784304,0.43303106212620307
289.90000000000003,0.09024038158296657,0.07810857094252456,0.09215797333836759,0.20354648263603456,0.42910553117264527
289.95,0.09523700073403236,0.07971305701365333,0.0850054340150484,0.20714699580352888,0.4250865620491156
290.0,0.10015284696140278,0.08892743568553803,0.07725984062873602,0.19858603586614507,0.4405852561742781
290.05,0.10083012859740934,0.08230000239317137,0.06885278363404912,0.19842413539213283,0.4391195044807145
290.1,0.10392340170445806,0.0868388998979359,0.06979823060629334,0.19701592529427775,0.4563952479228773
290.15000000000003,0.11262878852127525,0.10448071334201725,0.0686783278206657,0.1991701794136873,0.46251720247271033
290.2,0.1220753394735193,0.10861662857943441,0.07189814806929977,0.21383933301331906,0.47542887228185005
290.25,0.11729802850877129,0.12050641473538075,0.07119338742678186,0.22539115601309692,0.4682591344684027
290.3,0.123442590206657,0.12443817236712411,0.0714189120605036,0.21931075812384984,0.4723171407626267
290.35,0.12313298314632423,0.12990460130694806,0.06952622895726429,0.21495673942043375,0.47106818662027217
290.40000000000003,0.12703156948785083,0.13080409322033684,0.07491340431448801,0.22194936062176188,0.48034896645831426
290.45,0.12780981282568052,0.14112273843937792,0.08363168115311942,0.22487922387746248,0.4906189138309088
290.5,0.12887320140381603,0.1557287497060036,0.08845261605928316,0.23860943319715597,0.5072650201245559
290.55,0.12450900385684917,0.1581322225483001,0.09684079977296162,0.2464413991682328,0.5246677189124175
290.6,0.12950203329240187,0.1599999090506804,0.10858260832586163,0.2448719196239793,0.5371550494358582
290.65000000000003,0.12973588176034212,0.16091407730464333,0.11326117995055918,0.24118935901006816,0.5304348630439312
290.7,0.13256305196685078,0.1580945082321686,0.12986647355701775,0.2465133027538689,0.5295630398745887
290.75,0.13252226007502332,0.16064632991949568,0.13975686331281192,0.2368146623438517,0.5237877669529803
290.8,0.13556643903037696,0.16847257906995639,0.13809525036237633,0.24056357028420572,0.536449018187946
290.85,0.13761915300126448,0.17135889336445967,0.1378652956231339,0.24155486260352252,0.5388669804355359
290.90000000000003,0.13999252981709773,0.17194203786343462,0.14122560278310364,0.2390587205423014,0.5495165104252998
290.95,0.1426149397107804,0.17107394762436165,0.15331523177718526,0.23844907414293248,0.5624020543201786
291.0,0.14149764512012628,0.17336428086872194,0.15401651645911638,0.24228002419160083,0.5633204134086562
291.05,0.14360858207416935,0.1699933327639221,0.15587776530339367,0.24054303772081082,0.5666741536089318
291.1,0.14351813618861275,0.17508345623126956,0.15884488100304966,0.23163574231340786,0.5729043526586785
291.15000000000003,0.14317436392941324,0.17484575682837847,0.16149009971691164,0.24576693808934305,0.5722623611092972
291.2,0.14227746785506518,0.1825077380015661,0.17072183174417377,0.2497239324165498,0.5725330587534428
291.25,0.1330094340949102,0.18771316163932955,0.17140394345755752,0.2396763110876513,0.5741811521428103
291.3,0.1399605522085445,0.1909887161398748,0.18203775048172585,0.2496051055637159,0.5787156613209302
291.35,0.13270506481235117,0.2008830477934324,0.1887478588946433,0.25265178992580867,0.5909609230788051
291.40000000000003,0.1365484110175636,0.20739001421037592,0.2019269472035148,0.25024697416529135,0.6004300432508609
291.45,0.144029074723965,0.20897976595342638,0.21553627100491934,0.2652326155570834,0.6100404222733746
291.5,0.14943502971266923,0.20265087019035413,0.2279035821677286,0.27122488129542,0.615578299632898
291.55,0.14990622363477105,0.20652210749850974,0.2362483184037851,0.2666990486079718,0.6170625337983167
291.6,0.15188177975694983,0.2023559407568757,0.2539220631402813,0.26932734466711866,0.6168963888492408
291.65000000000003,0.16216942440155957,0.19447163648720422,0.26532395100065015,0.27204544626975663,0.6208406863466633
291.7,0.16138923433526822,0.20379816147159305,0.2821328563195365,0.2589491300527667,0.6233382943643543
291.75,0.16764277855649826,0.2026086390306664,0.28359061763458965,0.2620784450741124,0.63411584259082
291.8,0.16870672881647522,0.2041557444948964,0.295899286532161,0.2683825292297253,0.6397937986016964
291.85,0.16809526762449672,0.20355639237195464,0.30637844404036463,0.2712596828699452,0.6463857459575489
291.90000000000003,0.1705789328619171,0.20723469719405915,0.3257051540497412,0.27444385937823745,0.6566431757125488
291.95,0.17669554721846123,0.2106411478658936,0.33569577237259046,0.2873048923518573,0.67012638957733
292.0,0.17535465023183414,0.20352461414627898,0.35181004489935663,0.2954607213333181,0.6809738779992556
292.05,0.18003336817183233,0.22084686904799752,0.3585006906977802,0.28568784217345145,0.7018123087789873
292.1,0.18150350395692286,0.22696098556603939,0.36867678893227435,0.29888334986554155,0.7059441327435383
292.15000000000003,0.17862143245471465,0.226872215154463,0.37429625516787823,0.2968086894162155,0.6998773906216832
292.2,0.17439906876076677,0.22770060610137413,0.3773432533770094,0.32044636535232435,0.7157753668624951
292.25,0.17236810269816305,0.2307875096336167,0.3803356027631633,0.33664249262609974,0.7227528468574916
292.3,0.1703987016966862,0.23643117776831793,0.3778680974487067,0.33638284981030164,0.7261715761696204
292.35,0.16554649535162635,0.24617901522640961,0.3726421668520012,0.3366261246875489,0.7346047214144814
292.40000000000003,0.166028593927121,0.2516419769272998,0.3659410434481878,0.34286813714681147,0.7303856089202174
292.45,0.16144207623232756,0.2475078412026922,0.3646430273403315,0.3372296695008413,0.7351855194358701
292.5,0.15111680722494486,0.24373814230163415,0.3543571138731796,0.3151961453901737,0.7299045939712484
292.55,0.14903489890659455,0.23392695706104627,0.3466046671566124,0.3044329441344117,0.720199402261131
292.6,0.15126723303754064,0.227099059614637,0.3445546105514515,0.28704185166039686,0.7116548152227011
292.65000000000003,0.14963065045568383,0.23074620494292483,0.34164473232065146,0.2841406499021668,0.7089205662546986
292.7,0.1473952808198138,0.23088882409324707,0.33477842581588435,0.2704473865403236,0.6960545411106591
292.75,0.14352927685023098,0.22929620052213606,0.3250942409699759,0.2567899093066644,0.6913412539281529
292.8,0.14473076437350818,0.23994974288528256,0.31417461495288423,0.2688775186556699,0.6839949524893654
292.85,0.1350719616414472,0.23291900450009564,0.3036960926820272,0.265854165724686,0.6787410528581763
292.90000000000003,0.1326878569430743,0.22349758760275,0.29046708510971475,0.2740166051300636,0.6731065730783843
292.95,0.13677023799497842,0.22488193433838408,0.28328223054472446,0.27497446810767173,0.6627794927170966
293.0,0.13396602753117906,0.2116723576127994,0.27446997635050896,0.25761889076826633,0.6613879542267063
293.05,0.13833590780296084,0.20607193257807266,0.2632177900984437,0.24435810450148568,0.6538670427195391
293.1,0.13669284401526513,0.1911192296771612,0.254406379303381,0.23939310846905484,0.647786532912638
293.15000000000003,0.12473918735003643,0.1825875047274171,0.24216511353859363,0.23459884934688754,0.6497233613686821
293.2,0.1259715890086666,0.18156577948732625,0.23151464934903895,0.21693656333045838,0.6346988051725633
293.25,0.11901004900960833,0.18729276993030886,0.22738560054059456,0.21770028762713384,0.6305548237954152
293.3,0.1178717741532238,0.1909386016479028,0.21817737478091262,0.19812552937957276,0.638201482149617
293.35,0.1191511839996509,0.19006108507086178,0.2005596956059253,0.20142706438013686,0.6305127785044885
293.40000000000003,0.11551149405941603,0.18284545314013037,0.18421889917787218,0.19686285599342182,0.6134003177460386
293.45,0.11451256939799635,0.1889211865192427,0.17474249730641253,0.18610968591846552,0.5987015872240349
293.5,0.1112774144601463,0.1886416346096752,0.16176715613805417,0.18214009644150606,0.5805415560561025
293.55,0.11074702862072289,0.1927706647952458,0.14891175172665064,0.18333157873738276,0.5642544108800369
293.6,0.11014957150030658,0.19881428978876792,0.13947735749831125,0.17568018953757727,0.5605266216638737
293.65000000000003,0.09954941840115224,0.2034906962922123,0.13260487781712155,0.1856637626505608,0.5630711467188612
293.7,0.09307475105745291,0.21373182665156998,0.12834250721115192,0.18750498659978274,0.5603168093072786
293.75,0.08651351166868429,0.21134012737100002,0.11948203029654417,0.195124299595228,0.5593272942351275
293.8,0.09151465524275766,0.2057260005719722,0.10752486869795519,0.18645296487830848,0.5511681428524631
293.85,0.08860272029758358,0.21403120312611237,0.09092607040391343,0.18464547259389275,0.5532404389386915
293.90000000000003,0.09037176754873315,0.2200517096202011,0.08062200344366018,0.1807735656025181,0.5443870546978192
293.95,0.09033780936082586,0.21492496757361282,0.0777983094832971,0.19148272881272774,0.5430333685427328
294.0,0.09717074804047147,0.2200010657035734,0.071403593667294,0.1959383965084727,0.5474940796423317
294.05,0.09910693464808654,0.21817781472930417,0.0676495337986002,0.20359126272696557,0.5445023083667974
294.1,0.09726507665802926,0.22613031038959558,0.07045465783580437,0.19661565609466738,0.5408651051529825
294.15000000000003,0.09511506806376596,0.22848262016513443,0.07319890632633136,0.20949548702903803,0.5479359913656309
294.2,0.09598933146927635,0.24140029461648965,0.07078714224728454,0.21875269486915255,0.5578977424196391
294.25,0.09387918162167967,0.25337155676063955,0.0660829868185875,0.22648219070711728,0.569826982596974
294.3,0.09460394055818537,0.2569355024435819,0.0579433527451966,0.22583762934221527,0.5743364164137413
294.35,0.09591032044470435,0.2548521254150368,0.048842374649683086,0.22278388712393016,0.5751179148627328
294.40000000000003,0.09485957655592178,0.2644043853043483,0.03619437173969459,0.22118746846507678,0.5694961031621565
294.45,0.10048349088569966,0.269691212129584,0.021645786828782442,0.21843529510116574,0.5685788908669688
294.5,0.10119919214898533,0.27394019939733283,0.007232433885455181,0.21551441354153175,0.5622299711197117
294.55,0.10759143114974971,0.27507411471415033,0.020185776769346343,0.20949827204624163,0.5528671427254556
294.6,0.11148630500845308,0.27284703317128195,0.035789145873258287,0.20851547290031314,0.5468346039754431
294.65000000000003,0.12161601614228972,0.2752358377207736,0.052906043091235075,0.20219522309258403,0.53213523440732
294.7,0.11849067003884647,0.26658910429401483,0.06669042063304857,0.1999149050621217,0.5285416272220248
294.75,0.12542100970756204,0.26419521724768685,0.07310903972895005,0.19469412401745573,0.5282578764045843
294.8,0.13283895378371025,0.26542714215205987,0.07404120779932515,0.18712450260201047,0.5370874696534448
294.85,0.13913855930579402,0.27205406780825037,0.08321273818827593,0.1857740376859186,0.5260718537657868
294.90000000000003,0.142752187745119,0.26875262753631335,0.0889035704666641,0.19361167051750494,0.5397112386661856
294.95,0.1482639153186599,0.2683556487738931,0.09458030859374435,0.18602544701236,0.5439961271348075
295.0,0.1527306267418392,0.2653219719067888,0.1092087749177312,0.18604034281210713,0.5374356369181373
295.05,0.1583631503960581,0.2595671966163875,0.1243488090616078,0.1689743191362898,0.5372339288963893
295.1,0.16195079388713737,0.25560624107568203,0.13413110291950556,0.1609527800124511,0.5108959493582965
295.15000000000003,0.1703201616477179,0.25716469072678033,0.1414810657693058,0.1476438598531938,0.506831721213096
295.2,0.180770356485701,0.25415624813093934,0.15167929523042173,0.14599327596063155,0.48715337503352324
295.25,0.18491076410203655,0.2508041486659043,0.154006111888784,0.15534797965046257,0.4627212859682823
295.3,0.19437532451535489,0.2574518375960206,0.15970225347910164,0.15347284242840936,0.44322431338773666
295.35,0.19802774339713355,0.2619674739974851,0.1655729666207382,0.14939415236119075,0.45410607092549676
295.40000000000003,0.2030618869852135,0.26156588381385,0.17352267916514438,0.1517548941823985,0.44096759186176626
295.45,0.21113131308983804,0.2563405240143554,0.18687725950469997,0.14893561837344801,0.43376302195676975
295.5,0.2162298350309199,0.2525770976876621,0.20150751599982789,0.1269099252894926,0.417246035987075
295.55,0.22431913753962832,0.24978724093012614,0.21005630916142257,0.11778602249363439,0.3949786383016485
295.6,0.23466751902572286,0.2426806557142067,0.21486500181413612,0.119828170701079,0.37477716251693716
295.65000000000003,0.2396632010137249,0.24508773440541745,0.22600906723195793,0.1122939857868341,0.3594805095534995
295.7,0.24451291086710047,0.23825638261388538,0.2324052342084151,0.11954882737472484,0.3434933196465227
295.75,0.24651175624800692,0.2503873282644084,0.2432639256223467,0.1216913468730697,0.35417083823610984
295.8,0.24821024635292344,0.2490921517997242,0.25328891757530936,0.12111529566977734,0.35337081047467794
295.85,0.25681845910379497,0.24585087436424485,0.2695192000783856,0.11121888010487273,0.34168926577363895
295.90000000000003,0.267655356191896,0.23223909051119643,0.275488803768028,0.10231056702186653,0.33432389734013607
295.95,0.27437196218330423,0.2353379142773695,0.27357242252228725,0.08324283612835134,0.3048032922296303
296.0,0.2726467638648898,0.22756010589387538,0.279888046607147,0.08361174421713122,0.2816205714133437
296.05,0.2786527898587697,0.22558866128142274,0.2815092914628581,0.07398072314866966,0.2519445281882942
296.1,0.28506701778221266,0.22391099756885877,0.29562105910609127,0.07385501643509407,0.23679848983983556
296.15000000000003,0.28489589037120544,0.21079794541513852,0.3034186361161502,0.0670410084882172,0.21915688210184475
296.2,0.2853541686305275,0.213227183399144,0.3051650095130113,0.06830127543037773,0.22424240057020617
296.25,0.28169642897172675,0.2083633610320556,0.3064153211567071,0.06537065758030955,0.20378860386550646
296.3,0.2817235360428303,0.20113156228248025,0.3131162579563945,0.06296660757474967,0.2134184179033994
296.35,0.2832961522660295,0.19688510151494962,0.3224699611040423,0.06213015328493054,0.205390266921773
296.40000000000003,0.2841195753645359,0.1859114375254151,0.3222250843424764,0.06466956237412287,0.17685097764562913
296.45,0.29220469292542856,0.1749895095104148,0.31387538011784505,0.07332155219148648,0.16863046863597828
296.5,0.2950822845980121,0.17524616245884975,0.3130822703785362,0.06777217426950968,0.16523519960056215
296.55,0.3023582382712464,0.1694240272790433,0.32369720698395227,0.08261603302550471,0.14654698384275117
296.6,0.3065553342306003,0.17065453439907016,0.3294660853443335,0.0831877439006364,0.12221796911757397
296.65000000000003,0.3051963198548169,0.1722928523930876,0.32926532553873433,0.08806378658102683,0.11500725372547634
296.7,0.3025969777042459,0.16455949851405205,0.3339295645511883,0.09907326554247373,0.08819044572980721
296.75,0.30048582081387915,0.16698853132472302,0.3321662028112786,0.10089623882439099,0.05761163545494056
296.8,0.2997125342600736,0.16742079754730865,0.3421336873496289,0.10469859177050721,0.04584074899922239
296.85,0.30774495559274034,0.17529974118582328,0.3346915865654691,0.11328769550942834,0.038630996583722
296.90000000000003,0.3146146065320685,0.17316380424017672,0.3342525845117725,0.1232462081191393,0.05136384665429565
296.95,0.326708827572787,0.1730505919573971,0.3375611161107994,0.12287528172082118,0.03245832333664128
297.0,0.3414187134043562,0.17142145787998903,0.33711857237027676,0.14077108489130627,0.07996680243363614
297.05,0.34664490270150644,0.16614393019406032,0.33017395705314606,0.14554575526710403,0.08953977834346098
297.1,0.3402417575933264,0.17069268924265552,0.32385426455199806,0.1455176299715258,0.09978984492159941
297.15000000000003,0.3368118301713561,0.16527015677106416,0.31481286363419353,0.14584255565519258,0.10077545986655766
297.2,0.3343147074121651,0.16309270968588427,0.3160121570268997,0.16455973403729576,0.1140879566682552
297.25,0.3422179214607396,0.15968897408346788,0.3203838031172578,0.17478643053630685,0.11498677006621516
297.3,0.3436335131034239,0.15539208208100655,0.32069165587638104,0.19023715244461248,0.15674474497853405
297.35,0.3429020250648583,0.16684823410626773,0.3208966433844667,0.18338979799754906,0.1712519002169027
297.40000000000003,0.3545511973153252,0.16001372186711774,0.3064751892525762,0.1880377541546929,0.18982652455508112
297.45,0.35572168635666035,0.15462432455829958,0.31371341451846974,0.19385609437372123,0.213282076791177
297.5,0.36013555812375836,0.15764497403449568,0.3049090082036621,0.18207820458955185,0.21637542451037045
297.55,0.3546899347743906,0.1525120861644059,0.2980156569549854,0.1876722050925252,0.19252648707251263
297.6,0.3626528374936786,0.15614149942280667,0.290271490672931,0.19672988205069009,0.1790145371257161
297.65000000000003,0.36125720748257745,0.14570019921285407,0.27502303048129323,0.20552763101072621,0.1819805066738675
297.7,0.356238433502315,0.15435823380111663,0.2603369249998813,0.19380309030533724,0.18327157266489136
297.75,0.3492222308029244,0.14436899604794576,0.2406358820567124,0.18584119750220285,0.1758824582783979
297.8,0.3414905926044824,0.1431637714596916,0.23028302666912048,0.1983394061968098,0.1877727764360182
297.85,0.3428151400327473,0.13833255683206064,0.20981602226152507,0.23020918857046893,0.2004057966313108
297.90000000000003,0.3282409816711891,0.14232179369588327,0.2004335296525022,0.23013906991860697,0.20372848437561789
297.95,0.3274554951211604,0.1441282058055117,0.18868549508211718,0.23592657787629354,0.21642451602370671
298.0,0.3141440213413601,0.15076371550680173,0.18050427045461354,0.2443331580201751,0.22759042845068578
298.05,0.30328342160836813,0.15478749328537048,0.17445810474450654,0.2575527584679653,0.2266909585911653
298.1,0.30060261509822556,0.1503515457790315,0.16586805285159484,0.2425250424118712,0.23120778546671478
298.15000000000003,0.29589640441543297,0.15240667620002313,0.16682396666944435,0.24766383701367103,0.2291606561796543
298.2,0.28968496092070006,0.14879022235794728,0.15996069419076497,0.251636294424033,0.22666045177425861
298.25,0.2884894064889329,0.14928622416763093,0.14929200297527276,0.25116919595159837,0.23432301152960955
298.3,0.2882965890665245,0.14462342702635136,0.1314948020698511,0.23564699118062762,0.24865916868808405
298.35,0.2780190750343872,0.14134689048585053,0.12664779894506303,0.24094112015086938,0.250607651375893
298.40000000000003,0.26665626543592996,0.14104662304947715,0.11366989928954123,0.24618690669373905,0.250769603514923
298.45,0.2504147083115228,0.14840810945779606,0.11162521106848594,0.25497658022177927,0.25578685749424074
298.5,0.24987935666934752,0.1460648401720574,0.10581652575595779,0.26406805829515684,0.24717248429734903
298.55,0.24379371525341145,0.1481501669730672,0.10609677770508485,0.2627343778824624,0.24963395393633797
298.6,0.24051333262882268,0.1458991510660939,0.10560505754573656,0.2644102773936182,0.2573930301480892
298.65000000000003,0.23403732938378433,0.14143887050892615,0.09065484576269864,0.26521134128126483,0.2665990294742105
298.7,0.23420355725171504,0.14622038626240744,0.09074816932285518,0.2585649300456209,0.27279659646272747
298.75,0.2300091238772663,0.14894274699614413,0.09079920908700342,0.2523939542356195,0.2779128891795134
298.8,0.228317912972215,0.1474508642095528,0.0891908846149762,0.25759540828136535,0.2835619498351571
298.85,0.22170333831312006,0.16409393826292723,0.09090530390243165,0.25059387279082895,0.27631623822933177
298.90000000000003,0.2158221870638512,0.16969845477944892,0.10389973393793503,0.2591199464839538,0.2778451659254714
298.95,0.20645146400425826,0.17815798888203307,0.1074266445321636,0.25419540153770137,0.28168428408019364
299.0,0.20845829408555863,0.17707218991018864,0.11126533690713589,0.25872009375837035,0.2848285488715273
299.05,0.2000601428106457,0.18142004460112163,0.11153938015001971,0.2516345730572426,0.2790977973780632
299.1,0.19589852051722464,0.18547439045043154,0.11221626798194671,0.25044097046255864,0.26416396730483616
299.15000000000003,0.18708153099433328,0.18283569955883403,0.10433086304793748,0.24365810044797254,0.2654332436585893
299.2,0.18525931764156325,0.18071722344930474,0.09034633319179586,0.25568230698842775,0.273583472965174
299.25,0.1808896190743058,0.17598381050913503,0.0693946420159983,0.25168516057530976,0.2747390990020846
299.3,0.17307239435944122,0.16984953129706135,0.0569110312530132,0.25272461141859526,0.2870191982104917
299.35,0.16809368852603773,0.16376976544214866,0.051091763538679266,0.2613713925293976,0.28703742939926813
299.40000000000003,0.1675445040473441,0.1698783853773543,0.050858855292257775,0.2652430868428163,0.3077304550418518
299.45,0.15477163290556306,0.1816307873751993,0.053489724549361586,0.26795234364818354,0.31313158267919694
299.5,0.15349911784464906,0.18585648263304108,0.06062522537026787,0.26222024681897493,0.30478352967681505
299.55,0.14593218771558727,0.1904167404306046,0.06927950547924405,0.2714436708194243,0.31509938165814155
299.6,0.14714920175760215,0.19077468922407703,0.06923226709341766,0.28636678855793074,0.31196246681003575
299.65000000000003,0.1399273343962395,0.20034059909389967,0.06864411544418096,0.28611332577245696,0.3085264825002979
299.7,0.13505961108935557,0.20254808957661555,0.07026261268277026,0.2896956568679659,0.31562653008776154
299.75,0.1289639168778838,0.19377939982073938,0.0743693898116768,0.29115136630064725,0.3222888584016004
299.8,0.12331019690406006,0.18966865753823717,0.07767218210377665,0.2950830271936176,0.33158831853086923
299.85,0.1244185757206902,0.19437026358735346,0.08398455777254324,0.2888752710684433,0.32467165900754935
299.90000000000003,0.1260718891973115,0.2008683367953775,0.09298976647258955,0.30692118947039265,0.3236603946962225
299.95,0.1287794749235719,0.20661799525128322,0.09999776922701074,0.30322512905637605,0.3357188077744989
